eeg_path,source_recording,source_raw_path,source_access,status,official_recording_bad,channel_index_mapping,channel_names,channel_types,source_physical_units,source_sample_rates_hz,calibration_valid,publisher_npy_units,derivative_rate_hz,filter_provenance,source_stimulation_path,stimulation_story_match,error
/home/fanyu/auditory_simulation_m6a/pub_01/s06/sparrkulee_v3.1/raw/derivatives/preprocessed_eeg/sub-001/ses-shortstories01/sub-001_ses-shortstories01_task-listeningActive_run-01_desc-preproc-audio-audiobook_5_1_eeg.npy,sub-001_ses-shortstories01_task-listeningActive_run-01_eeg.bdf.gz,/home/fanyu/auditory_simulation_m6a/pub_01/s06/sparrkulee_v3.1/raw/sub-001/ses-shortstories01/eeg/sub-001_ses-shortstories01_task-listeningActive_run-01_eeg.bdf.gz,PUBLIC,HOLD,False,0..63 in original order per publisher config,UNKNOWN,EEG per publisher dataset/config,UNKNOWN,UNKNOWN,UNKNOWN,microvolts by MNE volts x 1e6 contract; historical generator revision UNKNOWN,64,publisher highpass/artifact/MWF/CAR/resample; not repeated here,/home/fanyu/auditory_simulation_m6a/pub_01/s06/sparrkulee_v3.1/raw/sub-001/ses-shortstories01/eeg/sub-001_ses-shortstories01_task-listeningActive_run-01_stimulation.tsv,True,RAW_DOWNLOAD_PENDING
/home/fanyu/auditory_simulation_m6a/pub_01/s06/sparrkulee_v3.1/raw/derivatives/preprocessed_eeg/sub-001/ses-shortstories01/sub-001_ses-shortstories01_task-listeningActive_run-02_desc-preproc-audio-audiobook_5_2_eeg.npy,sub-001_ses-shortstories01_task-listeningActive_run-02_eeg.bdf.gz,/home/fanyu/auditory_simulation_m6a/pub_01/s06/sparrkulee_v3.1/raw/sub-001/ses-shortstories01/eeg/sub-001_ses-shortstories01_task-listeningActive_run-02_eeg.bdf.gz,PUBLIC,HOLD,False,0..63 in original order per publisher config,UNKNOWN,EEG per publisher dataset/config,UNKNOWN,UNKNOWN,UNKNOWN,microvolts by MNE volts x 1e6 contract; historical generator revision UNKNOWN,64,publisher highpass/artifact/MWF/CAR/resample; not repeated here,/home/fanyu/auditory_simulation_m6a/pub_01/s06/sparrkulee_v3.1/raw/sub-001/ses-shortstories01/eeg/sub-001_ses-shortstories01_task-listeningActive_run-02_stimulation.tsv,True,RAW_DOWNLOAD_PENDING
/home/fanyu/auditory_simulation_m6a/pub_01/s06/sparrkulee_v3.1/raw/derivatives/preprocessed_eeg/sub-001/ses-shortstories01/sub-001_ses-shortstories01_task-listeningActive_run-03_desc-preproc-audio-audiobook_5_3_eeg.npy,sub-001_ses-shortstories01_task-listeningActive_run-03_eeg.bdf.gz,/home/fanyu/auditory_simulation_m6a/pub_01/s06/sparrkulee_v3.1/raw/sub-001/ses-shortstories01/eeg/sub-001_ses-shortstories01_task-listeningActive_run-03_eeg.bdf.gz,PUBLIC,HOLD,False,0..63 in original order per publisher config,UNKNOWN,EEG per publisher dataset/config,UNKNOWN,UNKNOWN,UNKNOWN,microvolts by MNE volts x 1e6 contract; historical generator revision UNKNOWN,64,publisher highpass/artifact/MWF/CAR/resample; not repeated here,/home/fanyu/auditory_simulation_m6a/pub_01/s06/sparrkulee_v3.1/raw/sub-001/ses-shortstories01/eeg/sub-001_ses-shortstories01_task-listeningActive_run-03_stimulation.tsv,True,RAW_DOWNLOAD_PENDING
/home/fanyu/auditory_simulation_m6a/pub_01/s06/sparrkulee_v3.1/raw/derivatives/preprocessed_eeg/sub-001/ses-shortstories01/sub-001_ses-shortstories01_task-listeningActive_run-04_desc-preproc-audio-audiobook_1_eeg.npy,sub-001_ses-shortstories01_task-listeningActive_run-04_eeg.bdf.gz,/home/fanyu/auditory_simulation_m6a/pub_01/s06/sparrkulee_v3.1/raw/sub-001/ses-shortstories01/eeg/sub-001_ses-shortstories01_task-listeningActive_run-04_eeg.bdf.gz,PUBLIC,HOLD,False,0..63 in original order per publisher config,UNKNOWN,EEG per publisher dataset/config,UNKNOWN,UNKNOWN,UNKNOWN,microvolts by MNE volts x 1e6 contract; historical generator revision UNKNOWN,64,publisher highpass/artifact/MWF/CAR/resample; not repeated here,/home/fanyu/auditory_simulation_m6a/pub_01/s06/sparrkulee_v3.1/raw/sub-001/ses-shortstories01/eeg/sub-001_ses-shortstories01_task-listeningActive_run-04_stimulation.tsv,True,RAW_DOWNLOAD_PENDING
/home/fanyu/auditory_simulation_m6a/pub_01/s06/sparrkulee_v3.1/raw/derivatives/preprocessed_eeg/sub-001/ses-shortstories01/sub-001_ses-shortstories01_task-listeningActive_run-05_desc-preproc-audio-audiobook_2_1_eeg.npy,sub-001_ses-shortstories01_task-listeningActive_run-05_eeg.bdf.gz,/home/fanyu/auditory_simulation_m6a/pub_01/s06/sparrkulee_v3.1/raw/sub-001/ses-shortstories01/eeg/sub-001_ses-shortstories01_task-listeningActive_run-05_eeg.bdf.gz,PUBLIC,HOLD,False,0..63 in original order per publisher config,UNKNOWN,EEG per publisher dataset/config,UNKNOWN,UNKNOWN,UNKNOWN,microvolts by MNE volts x 1e6 contract; historical generator revision UNKNOWN,64,publisher highpass/artifact/MWF/CAR/resample; not repeated here,/home/fanyu/auditory_simulation_m6a/pub_01/s06/sparrkulee_v3.1/raw/sub-001/ses-shortstories01/eeg/sub-001_ses-shortstories01_task-listeningActive_run-05_stimulation.tsv,True,RAW_DOWNLOAD_PENDING
/home/fanyu/auditory_simulation_m6a/pub_01/s06/sparrkulee_v3.1/raw/derivatives/preprocessed_eeg/sub-001/ses-shortstories01/sub-001_ses-shortstories01_task-listeningActive_run-06_desc-preproc-audio-audiobook_2_2_eeg.npy,sub-001_ses-shortstories01_task-listeningActive_run-06_eeg.bdf.gz,/home/fanyu/auditory_simulation_m6a/pub_01/s06/sparrkulee_v3.1/raw/sub-001/ses-shortstories01/eeg/sub-001_ses-shortstories01_task-listeningActive_run-06_eeg.bdf.gz,PUBLIC,HOLD,False,0..63 in original order per publisher config,UNKNOWN,EEG per publisher dataset/config,UNKNOWN,UNKNOWN,UNKNOWN,microvolts by MNE volts x 1e6 contract; historical generator revision UNKNOWN,64,publisher highpass/artifact/MWF/CAR/resample; not repeated here,/home/fanyu/auditory_simulation_m6a/pub_01/s06/sparrkulee_v3.1/raw/sub-001/ses-shortstories01/eeg/sub-001_ses-shortstories01_task-listeningActive_run-06_stimulation.tsv,True,RAW_DOWNLOAD_PENDING
/home/fanyu/auditory_simulation_m6a/pub_01/s06/sparrkulee_v3.1/raw/derivatives/preprocessed_eeg/sub-001/ses-shortstories01/sub-001_ses-shortstories01_task-listeningActive_run-07_desc-preproc-audio-audiobook_4_eeg.npy,sub-001_ses-shortstories01_task-listeningActive_run-07_eeg.bdf.gz,/home/fanyu/auditory_simulation_m6a/pub_01/s06/sparrkulee_v3.1/raw/sub-001/ses-shortstories01/eeg/sub-001_ses-shortstories01_task-listeningActive_run-07_eeg.bdf.gz,PUBLIC,HOLD,False,0..63 in original order per publisher config,UNKNOWN,EEG per publisher dataset/config,UNKNOWN,UNKNOWN,UNKNOWN,microvolts by MNE volts x 1e6 contract; historical generator revision UNKNOWN,64,publisher highpass/artifact/MWF/CAR/resample; not repeated here,/home/fanyu/auditory_simulation_m6a/pub_01/s06/sparrkulee_v3.1/raw/sub-001/ses-shortstories01/eeg/sub-001_ses-shortstories01_task-listeningActive_run-07_stimulation.tsv,True,RAW_DOWNLOAD_PENDING
/home/fanyu/auditory_simulation_m6a/pub_01/s06/sparrkulee_v3.1/raw/derivatives/preprocessed_eeg/sub-001/ses-shortstories01/sub-001_ses-shortstories01_task-listeningActive_run-08_desc-preproc-audio-audiobook_3_eeg.npy,sub-001_ses-shortstories01_task-listeningActive_run-08_eeg.bdf.gz,/home/fanyu/auditory_simulation_m6a/pub_01/s06/sparrkulee_v3.1/raw/sub-001/ses-shortstories01/eeg/sub-001_ses-shortstories01_task-listeningActive_run-08_eeg.bdf.gz,PUBLIC,HOLD,False,0..63 in original order per publisher config,UNKNOWN,EEG per publisher dataset/config,UNKNOWN,UNKNOWN,UNKNOWN,microvolts by MNE volts x 1e6 contract; historical generator revision UNKNOWN,64,publisher highpass/artifact/MWF/CAR/resample; not repeated here,/home/fanyu/auditory_simulation_m6a/pub_01/s06/sparrkulee_v3.1/raw/sub-001/ses-shortstories01/eeg/sub-001_ses-shortstories01_task-listeningActive_run-08_stimulation.tsv,True,RAW_DOWNLOAD_PENDING
/home/fanyu/auditory_simulation_m6a/pub_01/s06/sparrkulee_v3.1/raw/derivatives/preprocessed_eeg/sub-001/ses-shortstories01/sub-001_ses-shortstories01_task-listeningActive_run-09_desc-preproc-audio-audiobook_6_1_eeg.npy,sub-001_ses-shortstories01_task-listeningActive_run-09_eeg.bdf.gz,/home/fanyu/auditory_simulation_m6a/pub_01/s06/sparrkulee_v3.1/raw/sub-001/ses-shortstories01/eeg/sub-001_ses-shortstories01_task-listeningActive_run-09_eeg.bdf.gz,PUBLIC,HOLD,False,0..63 in original order per publisher config,UNKNOWN,EEG per publisher dataset/config,UNKNOWN,UNKNOWN,UNKNOWN,microvolts by MNE volts x 1e6 contract; historical generator revision UNKNOWN,64,publisher highpass/artifact/MWF/CAR/resample; not repeated here,/home/fanyu/auditory_simulation_m6a/pub_01/s06/sparrkulee_v3.1/raw/sub-001/ses-shortstories01/eeg/sub-001_ses-shortstories01_task-listeningActive_run-09_stimulation.tsv,True,RAW_DOWNLOAD_PENDING
/home/fanyu/auditory_simulation_m6a/pub_01/s06/sparrkulee_v3.1/raw/derivatives/preprocessed_eeg/sub-001/ses-shortstories01/sub-001_ses-shortstories01_task-listeningActive_run-10_desc-preproc-audio-audiobook_6_2_eeg.npy,sub-001_ses-shortstories01_task-listeningActive_run-10_eeg.bdf.gz,/home/fanyu/auditory_simulation_m6a/pub_01/s06/sparrkulee_v3.1/raw/sub-001/ses-shortstories01/eeg/sub-001_ses-shortstories01_task-listeningActive_run-10_eeg.bdf.gz,PUBLIC,HOLD,False,0..63 in original order per publisher config,UNKNOWN,EEG per publisher dataset/config,UNKNOWN,UNKNOWN,UNKNOWN,microvolts by MNE volts x 1e6 contract; historical generator revision UNKNOWN,64,publisher highpass/artifact/MWF/CAR/resample; not repeated here,/home/fanyu/auditory_simulation_m6a/pub_01/s06/sparrkulee_v3.1/raw/sub-001/ses-shortstories01/eeg/sub-001_ses-shortstories01_task-listeningActive_run-10_stimulation.tsv,True,RAW_DOWNLOAD_PENDING
/home/fanyu/auditory_simulation_m6a/pub_01/s06/sparrkulee_v3.1/raw/derivatives/preprocessed_eeg/sub-002/ses-shortstories01/sub-002_ses-shortstories01_task-listeningActive_run-01_desc-preproc-audio-audiobook_1_artefact_eeg.npy,sub-002_ses-shortstories01_task-listeningActive_run-01_eeg.bdf.gz,/home/fanyu/auditory_simulation_m6a/pub_01/s06/sparrkulee_v3.1/raw/sub-002/ses-shortstories01/eeg/sub-002_ses-shortstories01_task-listeningActive_run-01_eeg.bdf.gz,PUBLIC,HOLD,False,0..63 in original order per publisher config,UNKNOWN,EEG per publisher dataset/config,UNKNOWN,UNKNOWN,UNKNOWN,microvolts by MNE volts x 1e6 contract; historical generator revision UNKNOWN,64,publisher highpass/artifact/MWF/CAR/resample; not repeated here,/home/fanyu/auditory_simulation_m6a/pub_01/s06/sparrkulee_v3.1/raw/sub-002/ses-shortstories01/eeg/sub-002_ses-shortstories01_task-listeningActive_run-01_stimulation.tsv,True,RAW_DOWNLOAD_PENDING
/home/fanyu/auditory_simulation_m6a/pub_01/s06/sparrkulee_v3.1/raw/derivatives/preprocessed_eeg/sub-002/ses-shortstories01/sub-002_ses-shortstories01_task-listeningActive_run-02_desc-preproc-audio-audiobook_3_eeg.npy,sub-002_ses-shortstories01_task-listeningActive_run-02_eeg.bdf.gz,/home/fanyu/auditory_simulation_m6a/pub_01/s06/sparrkulee_v3.1/raw/sub-002/ses-shortstories01/eeg/sub-002_ses-shortstories01_task-listeningActive_run-02_eeg.bdf.gz,PUBLIC,HOLD,False,0..63 in original order per publisher config,UNKNOWN,EEG per publisher dataset/config,UNKNOWN,UNKNOWN,UNKNOWN,microvolts by MNE volts x 1e6 contract; historical generator revision UNKNOWN,64,publisher highpass/artifact/MWF/CAR/resample; not repeated here,/home/fanyu/auditory_simulation_m6a/pub_01/s06/sparrkulee_v3.1/raw/sub-002/ses-shortstories01/eeg/sub-002_ses-shortstories01_task-listeningActive_run-02_stimulation.tsv,True,RAW_DOWNLOAD_PENDING
/home/fanyu/auditory_simulation_m6a/pub_01/s06/sparrkulee_v3.1/raw/derivatives/preprocessed_eeg/sub-002/ses-shortstories01/sub-002_ses-shortstories01_task-listeningActive_run-03_desc-preproc-audio-audiobook_1_eeg.npy,sub-002_ses-shortstories01_task-listeningActive_run-03_eeg.bdf.gz,/home/fanyu/auditory_simulation_m6a/pub_01/s06/sparrkulee_v3.1/raw/sub-002/ses-shortstories01/eeg/sub-002_ses-shortstories01_task-listeningActive_run-03_eeg.bdf.gz,PUBLIC,HOLD,False,0..63 in original order per publisher config,UNKNOWN,EEG per publisher dataset/config,UNKNOWN,UNKNOWN,UNKNOWN,microvolts by MNE volts x 1e6 contract; historical generator revision UNKNOWN,64,publisher highpass/artifact/MWF/CAR/resample; not repeated here,/home/fanyu/auditory_simulation_m6a/pub_01/s06/sparrkulee_v3.1/raw/sub-002/ses-shortstories01/eeg/sub-002_ses-shortstories01_task-listeningActive_run-03_stimulation.tsv,True,RAW_DOWNLOAD_PENDING
/home/fanyu/auditory_simulation_m6a/pub_01/s06/sparrkulee_v3.1/raw/derivatives/preprocessed_eeg/sub-002/ses-shortstories01/sub-002_ses-shortstories01_task-listeningActive_run-04_desc-preproc-audio-audiobook_2_1_eeg.npy,sub-002_ses-shortstories01_task-listeningActive_run-04_eeg.bdf.gz,/home/fanyu/auditory_simulation_m6a/pub_01/s06/sparrkulee_v3.1/raw/sub-002/ses-shortstories01/eeg/sub-002_ses-shortstories01_task-listeningActive_run-04_eeg.bdf.gz,PUBLIC,HOLD,False,0..63 in original order per publisher config,UNKNOWN,EEG per publisher dataset/config,UNKNOWN,UNKNOWN,UNKNOWN,microvolts by MNE volts x 1e6 contract; historical generator revision UNKNOWN,64,publisher highpass/artifact/MWF/CAR/resample; not repeated here,/home/fanyu/auditory_simulation_m6a/pub_01/s06/sparrkulee_v3.1/raw/sub-002/ses-shortstories01/eeg/sub-002_ses-shortstories01_task-listeningActive_run-04_stimulation.tsv,True,RAW_DOWNLOAD_PENDING
/home/fanyu/auditory_simulation_m6a/pub_01/s06/sparrkulee_v3.1/raw/derivatives/preprocessed_eeg/sub-002/ses-shortstories01/sub-002_ses-shortstories01_task-listeningActive_run-05_desc-preproc-audio-audiobook_2_2_eeg.npy,sub-002_ses-shortstories01_task-listeningActive_run-05_eeg.bdf.gz,/home/fanyu/auditory_simulation_m6a/pub_01/s06/sparrkulee_v3.1/raw/sub-002/ses-shortstories01/eeg/sub-002_ses-shortstories01_task-listeningActive_run-05_eeg.bdf.gz,PUBLIC,HOLD,False,0..63 in original order per publisher config,UNKNOWN,EEG per publisher dataset/config,UNKNOWN,UNKNOWN,UNKNOWN,microvolts by MNE volts x 1e6 contract; historical generator revision UNKNOWN,64,publisher highpass/artifact/MWF/CAR/resample; not repeated here,/home/fanyu/auditory_simulation_m6a/pub_01/s06/sparrkulee_v3.1/raw/sub-002/ses-shortstories01/eeg/sub-002_ses-shortstories01_task-listeningActive_run-05_stimulation.tsv,True,RAW_DOWNLOAD_PENDING
/home/fanyu/auditory_simulation_m6a/pub_01/s06/sparrkulee_v3.1/raw/derivatives/preprocessed_eeg/sub-002/ses-shortstories01/sub-002_ses-shortstories01_task-listeningActive_run-06_desc-preproc-audio-audiobook_6_1_eeg.npy,sub-002_ses-shortstories01_task-listeningActive_run-06_eeg.bdf.gz,/home/fanyu/auditory_simulation_m6a/pub_01/s06/sparrkulee_v3.1/raw/sub-002/ses-shortstories01/eeg/sub-002_ses-shortstories01_task-listeningActive_run-06_eeg.bdf.gz,PUBLIC,HOLD,False,0..63 in original order per publisher config,UNKNOWN,EEG per publisher dataset/config,UNKNOWN,UNKNOWN,UNKNOWN,microvolts by MNE volts x 1e6 contract; historical generator revision UNKNOWN,64,publisher highpass/artifact/MWF/CAR/resample; not repeated here,/home/fanyu/auditory_simulation_m6a/pub_01/s06/sparrkulee_v3.1/raw/sub-002/ses-shortstories01/eeg/sub-002_ses-shortstories01_task-listeningActive_run-06_stimulation.tsv,True,RAW_DOWNLOAD_PENDING
/home/fanyu/auditory_simulation_m6a/pub_01/s06/sparrkulee_v3.1/raw/derivatives/preprocessed_eeg/sub-002/ses-shortstories01/sub-002_ses-shortstories01_task-listeningActive_run-07_desc-preproc-audio-audiobook_6_2_eeg.npy,sub-002_ses-shortstories01_task-listeningActive_run-07_eeg.bdf.gz,/home/fanyu/auditory_simulation_m6a/pub_01/s06/sparrkulee_v3.1/raw/sub-002/ses-shortstories01/eeg/sub-002_ses-shortstories01_task-listeningActive_run-07_eeg.bdf.gz,PUBLIC,HOLD,False,0..63 in original order per publisher config,UNKNOWN,EEG per publisher dataset/config,UNKNOWN,UNKNOWN,UNKNOWN,microvolts by MNE volts x 1e6 contract; historical generator revision UNKNOWN,64,publisher highpass/artifact/MWF/CAR/resample; not repeated here,/home/fanyu/auditory_simulation_m6a/pub_01/s06/sparrkulee_v3.1/raw/sub-002/ses-shortstories01/eeg/sub-002_ses-shortstories01_task-listeningActive_run-07_stimulation.tsv,True,RAW_DOWNLOAD_PENDING
/home/fanyu/auditory_simulation_m6a/pub_01/s06/sparrkulee_v3.1/raw/derivatives/preprocessed_eeg/sub-002/ses-shortstories01/sub-002_ses-shortstories01_task-listeningActive_run-08_desc-preproc-audio-audiobook_5_1_eeg.npy,sub-002_ses-shortstories01_task-listeningActive_run-08_eeg.bdf.gz,/home/fanyu/auditory_simulation_m6a/pub_01/s06/sparrkulee_v3.1/raw/sub-002/ses-shortstories01/eeg/sub-002_ses-shortstories01_task-listeningActive_run-08_eeg.bdf.gz,PUBLIC,HOLD,False,0..63 in original order per publisher config,UNKNOWN,EEG per publisher dataset/config,UNKNOWN,UNKNOWN,UNKNOWN,microvolts by MNE volts x 1e6 contract; historical generator revision UNKNOWN,64,publisher highpass/artifact/MWF/CAR/resample; not repeated here,/home/fanyu/auditory_simulation_m6a/pub_01/s06/sparrkulee_v3.1/raw/sub-002/ses-shortstories01/eeg/sub-002_ses-shortstories01_task-listeningActive_run-08_stimulation.tsv,True,RAW_DOWNLOAD_PENDING
/home/fanyu/auditory_simulation_m6a/pub_01/s06/sparrkulee_v3.1/raw/derivatives/preprocessed_eeg/sub-002/ses-shortstories01/sub-002_ses-shortstories01_task-listeningActive_run-09_desc-preproc-audio-audiobook_5_2_eeg.npy,sub-002_ses-shortstories01_task-listeningActive_run-09_eeg.bdf.gz,/home/fanyu/auditory_simulation_m6a/pub_01/s06/sparrkulee_v3.1/raw/sub-002/ses-shortstories01/eeg/sub-002_ses-shortstories01_task-listeningActive_run-09_eeg.bdf.gz,PUBLIC,HOLD,False,0..63 in original order per publisher config,UNKNOWN,EEG per publisher dataset/config,UNKNOWN,UNKNOWN,UNKNOWN,microvolts by MNE volts x 1e6 contract; historical generator revision UNKNOWN,64,publisher highpass/artifact/MWF/CAR/resample; not repeated here,/home/fanyu/auditory_simulation_m6a/pub_01/s06/sparrkulee_v3.1/raw/sub-002/ses-shortstories01/eeg/sub-002_ses-shortstories01_task-listeningActive_run-09_stimulation.tsv,True,RAW_DOWNLOAD_PENDING
/home/fanyu/auditory_simulation_m6a/pub_01/s06/sparrkulee_v3.1/raw/derivatives/preprocessed_eeg/sub-002/ses-shortstories01/sub-002_ses-shortstories01_task-listeningActive_run-10_desc-preproc-audio-audiobook_5_3_eeg.npy,sub-002_ses-shortstories01_task-listeningActive_run-10_eeg.bdf.gz,/home/fanyu/auditory_simulation_m6a/pub_01/s06/sparrkulee_v3.1/raw/sub-002/ses-shortstories01/eeg/sub-002_ses-shortstories01_task-listeningActive_run-10_eeg.bdf.gz,PUBLIC,HOLD,False,0..63 in original order per publisher config,UNKNOWN,EEG per publisher dataset/config,UNKNOWN,UNKNOWN,UNKNOWN,microvolts by MNE volts x 1e6 contract; historical generator revision UNKNOWN,64,publisher highpass/artifact/MWF/CAR/resample; not repeated here,/home/fanyu/auditory_simulation_m6a/pub_01/s06/sparrkulee_v3.1/raw/sub-002/ses-shortstories01/eeg/sub-002_ses-shortstories01_task-listeningActive_run-10_stimulation.tsv,True,RAW_DOWNLOAD_PENDING
/home/fanyu/auditory_simulation_m6a/pub_01/s06/sparrkulee_v3.1/raw/derivatives/preprocessed_eeg/sub-002/ses-shortstories01/sub-002_ses-shortstories01_task-listeningActive_run-11_desc-preproc-audio-audiobook_4_eeg.npy,sub-002_ses-shortstories01_task-listeningActive_run-11_eeg.bdf.gz,/home/fanyu/auditory_simulation_m6a/pub_01/s06/sparrkulee_v3.1/raw/sub-002/ses-shortstories01/eeg/sub-002_ses-shortstories01_task-listeningActive_run-11_eeg.bdf.gz,PUBLIC,HOLD,False,0..63 in original order per publisher config,UNKNOWN,EEG per publisher dataset/config,UNKNOWN,UNKNOWN,UNKNOWN,microvolts by MNE volts x 1e6 contract; historical generator revision UNKNOWN,64,publisher highpass/artifact/MWF/CAR/resample; not repeated here,/home/fanyu/auditory_simulation_m6a/pub_01/s06/sparrkulee_v3.1/raw/sub-002/ses-shortstories01/eeg/sub-002_ses-shortstories01_task-listeningActive_run-11_stimulation.tsv,True,RAW_DOWNLOAD_PENDING
/home/fanyu/auditory_simulation_m6a/pub_01/s06/sparrkulee_v3.1/raw/derivatives/preprocessed_eeg/sub-003/ses-shortstories01/sub-003_ses-shortstories01_task-listeningActive_run-01_desc-preproc-audio-audiobook_5_1_eeg.npy,sub-003_ses-shortstories01_task-listeningActive_run-01_eeg.bdf.gz,/home/fanyu/auditory_simulation_m6a/pub_01/s06/sparrkulee_v3.1/raw/sub-003/ses-shortstories01/eeg/sub-003_ses-shortstories01_task-listeningActive_run-01_eeg.bdf.gz,PUBLIC,HOLD,False,0..63 in original order per publisher config,UNKNOWN,EEG per publisher dataset/config,UNKNOWN,UNKNOWN,UNKNOWN,microvolts by MNE volts x 1e6 contract; historical generator revision UNKNOWN,64,publisher highpass/artifact/MWF/CAR/resample; not repeated here,/home/fanyu/auditory_simulation_m6a/pub_01/s06/sparrkulee_v3.1/raw/sub-003/ses-shortstories01/eeg/sub-003_ses-shortstories01_task-listeningActive_run-01_stimulation.tsv,True,RAW_DOWNLOAD_PENDING
/home/fanyu/auditory_simulation_m6a/pub_01/s06/sparrkulee_v3.1/raw/derivatives/preprocessed_eeg/sub-003/ses-shortstories01/sub-003_ses-shortstories01_task-listeningActive_run-02_desc-preproc-audio-audiobook_5_2_eeg.npy,sub-003_ses-shortstories01_task-listeningActive_run-02_eeg.bdf.gz,/home/fanyu/auditory_simulation_m6a/pub_01/s06/sparrkulee_v3.1/raw/sub-003/ses-shortstories01/eeg/sub-003_ses-shortstories01_task-listeningActive_run-02_eeg.bdf.gz,PUBLIC,HOLD,False,0..63 in original order per publisher config,UNKNOWN,EEG per publisher dataset/config,UNKNOWN,UNKNOWN,UNKNOWN,microvolts by MNE volts x 1e6 contract; historical generator revision UNKNOWN,64,publisher highpass/artifact/MWF/CAR/resample; not repeated here,/home/fanyu/auditory_simulation_m6a/pub_01/s06/sparrkulee_v3.1/raw/sub-003/ses-shortstories01/eeg/sub-003_ses-shortstories01_task-listeningActive_run-02_stimulation.tsv,True,RAW_DOWNLOAD_PENDING
/home/fanyu/auditory_simulation_m6a/pub_01/s06/sparrkulee_v3.1/raw/derivatives/preprocessed_eeg/sub-003/ses-shortstories01/sub-003_ses-shortstories01_task-listeningActive_run-03_desc-preproc-audio-audiobook_5_3_eeg.npy,sub-003_ses-shortstories01_task-listeningActive_run-03_eeg.bdf.gz,/home/fanyu/auditory_simulation_m6a/pub_01/s06/sparrkulee_v3.1/raw/sub-003/ses-shortstories01/eeg/sub-003_ses-shortstories01_task-listeningActive_run-03_eeg.bdf.gz,PUBLIC,HOLD,False,0..63 in original order per publisher config,UNKNOWN,EEG per publisher dataset/config,UNKNOWN,UNKNOWN,UNKNOWN,microvolts by MNE volts x 1e6 contract; historical generator revision UNKNOWN,64,publisher highpass/artifact/MWF/CAR/resample; not repeated here,/home/fanyu/auditory_simulation_m6a/pub_01/s06/sparrkulee_v3.1/raw/sub-003/ses-shortstories01/eeg/sub-003_ses-shortstories01_task-listeningActive_run-03_stimulation.tsv,True,RAW_DOWNLOAD_PENDING
/home/fanyu/auditory_simulation_m6a/pub_01/s06/sparrkulee_v3.1/raw/derivatives/preprocessed_eeg/sub-003/ses-shortstories01/sub-003_ses-shortstories01_task-listeningActive_run-04_desc-preproc-audio-audiobook_1_eeg.npy,sub-003_ses-shortstories01_task-listeningActive_run-04_eeg.bdf.gz,/home/fanyu/auditory_simulation_m6a/pub_01/s06/sparrkulee_v3.1/raw/sub-003/ses-shortstories01/eeg/sub-003_ses-shortstories01_task-listeningActive_run-04_eeg.bdf.gz,PUBLIC,HOLD,False,0..63 in original order per publisher config,UNKNOWN,EEG per publisher dataset/config,UNKNOWN,UNKNOWN,UNKNOWN,microvolts by MNE volts x 1e6 contract; historical generator revision UNKNOWN,64,publisher highpass/artifact/MWF/CAR/resample; not repeated here,/home/fanyu/auditory_simulation_m6a/pub_01/s06/sparrkulee_v3.1/raw/sub-003/ses-shortstories01/eeg/sub-003_ses-shortstories01_task-listeningActive_run-04_stimulation.tsv,True,RAW_DOWNLOAD_PENDING
/home/fanyu/auditory_simulation_m6a/pub_01/s06/sparrkulee_v3.1/raw/derivatives/preprocessed_eeg/sub-003/ses-shortstories01/sub-003_ses-shortstories01_task-listeningActive_run-05_desc-preproc-audio-audiobook_6_1_eeg.npy,sub-003_ses-shortstories01_task-listeningActive_run-05_eeg.bdf.gz,/home/fanyu/auditory_simulation_m6a/pub_01/s06/sparrkulee_v3.1/raw/sub-003/ses-shortstories01/eeg/sub-003_ses-shortstories01_task-listeningActive_run-05_eeg.bdf.gz,PUBLIC,HOLD,False,0..63 in original order per publisher config,UNKNOWN,EEG per publisher dataset/config,UNKNOWN,UNKNOWN,UNKNOWN,microvolts by MNE volts x 1e6 contract; historical generator revision UNKNOWN,64,publisher highpass/artifact/MWF/CAR/resample; not repeated here,/home/fanyu/auditory_simulation_m6a/pub_01/s06/sparrkulee_v3.1/raw/sub-003/ses-shortstories01/eeg/sub-003_ses-shortstories01_task-listeningActive_run-05_stimulation.tsv,True,RAW_DOWNLOAD_PENDING
/home/fanyu/auditory_simulation_m6a/pub_01/s06/sparrkulee_v3.1/raw/derivatives/preprocessed_eeg/sub-003/ses-shortstories01/sub-003_ses-shortstories01_task-listeningActive_run-06_desc-preproc-audio-audiobook_6_2_eeg.npy,sub-003_ses-shortstories01_task-listeningActive_run-06_eeg.bdf.gz,/home/fanyu/auditory_simulation_m6a/pub_01/s06/sparrkulee_v3.1/raw/sub-003/ses-shortstories01/eeg/sub-003_ses-shortstories01_task-listeningActive_run-06_eeg.bdf.gz,PUBLIC,HOLD,False,0..63 in original order per publisher config,UNKNOWN,EEG per publisher dataset/config,UNKNOWN,UNKNOWN,UNKNOWN,microvolts by MNE volts x 1e6 contract; historical generator revision UNKNOWN,64,publisher highpass/artifact/MWF/CAR/resample; not repeated here,/home/fanyu/auditory_simulation_m6a/pub_01/s06/sparrkulee_v3.1/raw/sub-003/ses-shortstories01/eeg/sub-003_ses-shortstories01_task-listeningActive_run-06_stimulation.tsv,True,RAW_DOWNLOAD_PENDING
/home/fanyu/auditory_simulation_m6a/pub_01/s06/sparrkulee_v3.1/raw/derivatives/preprocessed_eeg/sub-003/ses-shortstories01/sub-003_ses-shortstories01_task-listeningActive_run-07_desc-preproc-audio-audiobook_4_eeg.npy,sub-003_ses-shortstories01_task-listeningActive_run-07_eeg.bdf.gz,/home/fanyu/auditory_simulation_m6a/pub_01/s06/sparrkulee_v3.1/raw/sub-003/ses-shortstories01/eeg/sub-003_ses-shortstories01_task-listeningActive_run-07_eeg.bdf.gz,PUBLIC,HOLD,False,0..63 in original order per publisher config,UNKNOWN,EEG per publisher dataset/config,UNKNOWN,UNKNOWN,UNKNOWN,microvolts by MNE volts x 1e6 contract; historical generator revision UNKNOWN,64,publisher highpass/artifact/MWF/CAR/resample; not repeated here,/home/fanyu/auditory_simulation_m6a/pub_01/s06/sparrkulee_v3.1/raw/sub-003/ses-shortstories01/eeg/sub-003_ses-shortstories01_task-listeningActive_run-07_stimulation.tsv,True,RAW_DOWNLOAD_PENDING
/home/fanyu/auditory_simulation_m6a/pub_01/s06/sparrkulee_v3.1/raw/derivatives/preprocessed_eeg/sub-003/ses-shortstories01/sub-003_ses-shortstories01_task-listeningActive_run-08_desc-preproc-audio-audiobook_3_eeg.npy,sub-003_ses-shortstories01_task-listeningActive_run-08_eeg.bdf.gz,/home/fanyu/auditory_simulation_m6a/pub_01/s06/sparrkulee_v3.1/raw/sub-003/ses-shortstories01/eeg/sub-003_ses-shortstories01_task-listeningActive_run-08_eeg.bdf.gz,PUBLIC,HOLD,False,0..63 in original order per publisher config,UNKNOWN,EEG per publisher dataset/config,UNKNOWN,UNKNOWN,UNKNOWN,microvolts by MNE volts x 1e6 contract; historical generator revision UNKNOWN,64,publisher highpass/artifact/MWF/CAR/resample; not repeated here,/home/fanyu/auditory_simulation_m6a/pub_01/s06/sparrkulee_v3.1/raw/sub-003/ses-shortstories01/eeg/sub-003_ses-shortstories01_task-listeningActive_run-08_stimulation.tsv,True,RAW_DOWNLOAD_PENDING
/home/fanyu/auditory_simulation_m6a/pub_01/s06/sparrkulee_v3.1/raw/derivatives/preprocessed_eeg/sub-003/ses-shortstories01/sub-003_ses-shortstories01_task-listeningActive_run-09_desc-preproc-audio-audiobook_2_1_eeg.npy,sub-003_ses-shortstories01_task-listeningActive_run-09_eeg.bdf.gz,/home/fanyu/auditory_simulation_m6a/pub_01/s06/sparrkulee_v3.1/raw/sub-003/ses-shortstories01/eeg/sub-003_ses-shortstories01_task-listeningActive_run-09_eeg.bdf.gz,PUBLIC,HOLD,False,0..63 in original order per publisher config,UNKNOWN,EEG per publisher dataset/config,UNKNOWN,UNKNOWN,UNKNOWN,microvolts by MNE volts x 1e6 contract; historical generator revision UNKNOWN,64,publisher highpass/artifact/MWF/CAR/resample; not repeated here,/home/fanyu/auditory_simulation_m6a/pub_01/s06/sparrkulee_v3.1/raw/sub-003/ses-shortstories01/eeg/sub-003_ses-shortstories01_task-listeningActive_run-09_stimulation.tsv,True,RAW_DOWNLOAD_PENDING
/home/fanyu/auditory_simulation_m6a/pub_01/s06/sparrkulee_v3.1/raw/derivatives/preprocessed_eeg/sub-003/ses-shortstories01/sub-003_ses-shortstories01_task-listeningActive_run-10_desc-preproc-audio-audiobook_2_2_eeg.npy,sub-003_ses-shortstories01_task-listeningActive_run-10_eeg.bdf.gz,/home/fanyu/auditory_simulation_m6a/pub_01/s06/sparrkulee_v3.1/raw/sub-003/ses-shortstories01/eeg/sub-003_ses-shortstories01_task-listeningActive_run-10_eeg.bdf.gz,PUBLIC,HOLD,False,0..63 in original order per publisher config,UNKNOWN,EEG per publisher dataset/config,UNKNOWN,UNKNOWN,UNKNOWN,microvolts by MNE volts x 1e6 contract; historical generator revision UNKNOWN,64,publisher highpass/artifact/MWF/CAR/resample; not repeated here,/home/fanyu/auditory_simulation_m6a/pub_01/s06/sparrkulee_v3.1/raw/sub-003/ses-shortstories01/eeg/sub-003_ses-shortstories01_task-listeningActive_run-10_stimulation.tsv,True,RAW_DOWNLOAD_PENDING
/home/fanyu/auditory_simulation_m6a/pub_01/s06/sparrkulee_v3.1/raw/derivatives/preprocessed_eeg/sub-004/ses-shortstories01/sub-004_ses-shortstories01_task-listeningActive_run-01_desc-preproc-audio-audiobook_2_1_eeg.npy,sub-004_ses-shortstories01_task-listeningActive_run-01_eeg.bdf.gz,/home/fanyu/auditory_simulation_m6a/pub_01/s06/sparrkulee_v3.1/raw/sub-004/ses-shortstories01/eeg/sub-004_ses-shortstories01_task-listeningActive_run-01_eeg.bdf.gz,PUBLIC,HOLD,False,0..63 in original order per publisher config,UNKNOWN,EEG per publisher dataset/config,UNKNOWN,UNKNOWN,UNKNOWN,microvolts by MNE volts x 1e6 contract; historical generator revision UNKNOWN,64,publisher highpass/artifact/MWF/CAR/resample; not repeated here,/home/fanyu/auditory_simulation_m6a/pub_01/s06/sparrkulee_v3.1/raw/sub-004/ses-shortstories01/eeg/sub-004_ses-shortstories01_task-listeningActive_run-01_stimulation.tsv,True,RAW_DOWNLOAD_PENDING
/home/fanyu/auditory_simulation_m6a/pub_01/s06/sparrkulee_v3.1/raw/derivatives/preprocessed_eeg/sub-004/ses-shortstories01/sub-004_ses-shortstories01_task-listeningActive_run-02_desc-preproc-audio-audiobook_2_2_eeg.npy,sub-004_ses-shortstories01_task-listeningActive_run-02_eeg.bdf.gz,/home/fanyu/auditory_simulation_m6a/pub_01/s06/sparrkulee_v3.1/raw/sub-004/ses-shortstories01/eeg/sub-004_ses-shortstories01_task-listeningActive_run-02_eeg.bdf.gz,PUBLIC,HOLD,False,0..63 in original order per publisher config,UNKNOWN,EEG per publisher dataset/config,UNKNOWN,UNKNOWN,UNKNOWN,microvolts by MNE volts x 1e6 contract; historical generator revision UNKNOWN,64,publisher highpass/artifact/MWF/CAR/resample; not repeated here,/home/fanyu/auditory_simulation_m6a/pub_01/s06/sparrkulee_v3.1/raw/sub-004/ses-shortstories01/eeg/sub-004_ses-shortstories01_task-listeningActive_run-02_stimulation.tsv,True,RAW_DOWNLOAD_PENDING
/home/fanyu/auditory_simulation_m6a/pub_01/s06/sparrkulee_v3.1/raw/derivatives/preprocessed_eeg/sub-004/ses-shortstories01/sub-004_ses-shortstories01_task-listeningActive_run-03_desc-preproc-audio-audiobook_1_eeg.npy,sub-004_ses-shortstories01_task-listeningActive_run-03_eeg.bdf.gz,/home/fanyu/auditory_simulation_m6a/pub_01/s06/sparrkulee_v3.1/raw/sub-004/ses-shortstories01/eeg/sub-004_ses-shortstories01_task-listeningActive_run-03_eeg.bdf.gz,PUBLIC,HOLD,False,0..63 in original order per publisher config,UNKNOWN,EEG per publisher dataset/config,UNKNOWN,UNKNOWN,UNKNOWN,microvolts by MNE volts x 1e6 contract; historical generator revision UNKNOWN,64,publisher highpass/artifact/MWF/CAR/resample; not repeated here,/home/fanyu/auditory_simulation_m6a/pub_01/s06/sparrkulee_v3.1/raw/sub-004/ses-shortstories01/eeg/sub-004_ses-shortstories01_task-listeningActive_run-03_stimulation.tsv,True,RAW_DOWNLOAD_PENDING
/home/fanyu/auditory_simulation_m6a/pub_01/s06/sparrkulee_v3.1/raw/derivatives/preprocessed_eeg/sub-004/ses-shortstories01/sub-004_ses-shortstories01_task-listeningActive_run-04_desc-preproc-audio-audiobook_3_eeg.npy,sub-004_ses-shortstories01_task-listeningActive_run-04_eeg.bdf.gz,/home/fanyu/auditory_simulation_m6a/pub_01/s06/sparrkulee_v3.1/raw/sub-004/ses-shortstories01/eeg/sub-004_ses-shortstories01_task-listeningActive_run-04_eeg.bdf.gz,PUBLIC,HOLD,False,0..63 in original order per publisher config,UNKNOWN,EEG per publisher dataset/config,UNKNOWN,UNKNOWN,UNKNOWN,microvolts by MNE volts x 1e6 contract; historical generator revision UNKNOWN,64,publisher highpass/artifact/MWF/CAR/resample; not repeated here,/home/fanyu/auditory_simulation_m6a/pub_01/s06/sparrkulee_v3.1/raw/sub-004/ses-shortstories01/eeg/sub-004_ses-shortstories01_task-listeningActive_run-04_stimulation.tsv,True,RAW_DOWNLOAD_PENDING
/home/fanyu/auditory_simulation_m6a/pub_01/s06/sparrkulee_v3.1/raw/derivatives/preprocessed_eeg/sub-005/ses-shortstories01/sub-005_ses-shortstories01_task-listeningActive_run-01_desc-preproc-audio-audiobook_6_1_eeg.npy,sub-005_ses-shortstories01_task-listeningActive_run-01_eeg.bdf.gz,/home/fanyu/auditory_simulation_m6a/pub_01/s06/sparrkulee_v3.1/raw/sub-005/ses-shortstories01/eeg/sub-005_ses-shortstories01_task-listeningActive_run-01_eeg.bdf.gz,PUBLIC,HOLD,False,0..63 in original order per publisher config,UNKNOWN,EEG per publisher dataset/config,UNKNOWN,UNKNOWN,UNKNOWN,microvolts by MNE volts x 1e6 contract; historical generator revision UNKNOWN,64,publisher highpass/artifact/MWF/CAR/resample; not repeated here,/home/fanyu/auditory_simulation_m6a/pub_01/s06/sparrkulee_v3.1/raw/sub-005/ses-shortstories01/eeg/sub-005_ses-shortstories01_task-listeningActive_run-01_stimulation.tsv,True,RAW_DOWNLOAD_PENDING
/home/fanyu/auditory_simulation_m6a/pub_01/s06/sparrkulee_v3.1/raw/derivatives/preprocessed_eeg/sub-005/ses-shortstories01/sub-005_ses-shortstories01_task-listeningActive_run-02_desc-preproc-audio-audiobook_6_2_eeg.npy,sub-005_ses-shortstories01_task-listeningActive_run-02_eeg.bdf.gz,/home/fanyu/auditory_simulation_m6a/pub_01/s06/sparrkulee_v3.1/raw/sub-005/ses-shortstories01/eeg/sub-005_ses-shortstories01_task-listeningActive_run-02_eeg.bdf.gz,PUBLIC,HOLD,False,0..63 in original order per publisher config,UNKNOWN,EEG per publisher dataset/config,UNKNOWN,UNKNOWN,UNKNOWN,microvolts by MNE volts x 1e6 contract; historical generator revision UNKNOWN,64,publisher highpass/artifact/MWF/CAR/resample; not repeated here,/home/fanyu/auditory_simulation_m6a/pub_01/s06/sparrkulee_v3.1/raw/sub-005/ses-shortstories01/eeg/sub-005_ses-shortstories01_task-listeningActive_run-02_stimulation.tsv,True,RAW_DOWNLOAD_PENDING
/home/fanyu/auditory_simulation_m6a/pub_01/s06/sparrkulee_v3.1/raw/derivatives/preprocessed_eeg/sub-005/ses-shortstories01/sub-005_ses-shortstories01_task-listeningActive_run-03_desc-preproc-audio-audiobook_5_1_eeg.npy,sub-005_ses-shortstories01_task-listeningActive_run-03_eeg.bdf.gz,/home/fanyu/auditory_simulation_m6a/pub_01/s06/sparrkulee_v3.1/raw/sub-005/ses-shortstories01/eeg/sub-005_ses-shortstories01_task-listeningActive_run-03_eeg.bdf.gz,PUBLIC,HOLD,False,0..63 in original order per publisher config,UNKNOWN,EEG per publisher dataset/config,UNKNOWN,UNKNOWN,UNKNOWN,microvolts by MNE volts x 1e6 contract; historical generator revision UNKNOWN,64,publisher highpass/artifact/MWF/CAR/resample; not repeated here,/home/fanyu/auditory_simulation_m6a/pub_01/s06/sparrkulee_v3.1/raw/sub-005/ses-shortstories01/eeg/sub-005_ses-shortstories01_task-listeningActive_run-03_stimulation.tsv,True,RAW_DOWNLOAD_PENDING
/home/fanyu/auditory_simulation_m6a/pub_01/s06/sparrkulee_v3.1/raw/derivatives/preprocessed_eeg/sub-005/ses-shortstories01/sub-005_ses-shortstories01_task-listeningActive_run-04_desc-preproc-audio-audiobook_5_2_eeg.npy,sub-005_ses-shortstories01_task-listeningActive_run-04_eeg.bdf.gz,/home/fanyu/auditory_simulation_m6a/pub_01/s06/sparrkulee_v3.1/raw/sub-005/ses-shortstories01/eeg/sub-005_ses-shortstories01_task-listeningActive_run-04_eeg.bdf.gz,PUBLIC,HOLD,False,0..63 in original order per publisher config,UNKNOWN,EEG per publisher dataset/config,UNKNOWN,UNKNOWN,UNKNOWN,microvolts by MNE volts x 1e6 contract; historical generator revision UNKNOWN,64,publisher highpass/artifact/MWF/CAR/resample; not repeated here,/home/fanyu/auditory_simulation_m6a/pub_01/s06/sparrkulee_v3.1/raw/sub-005/ses-shortstories01/eeg/sub-005_ses-shortstories01_task-listeningActive_run-04_stimulation.tsv,True,RAW_DOWNLOAD_PENDING
/home/fanyu/auditory_simulation_m6a/pub_01/s06/sparrkulee_v3.1/raw/derivatives/preprocessed_eeg/sub-005/ses-shortstories01/sub-005_ses-shortstories01_task-listeningActive_run-05_desc-preproc-audio-audiobook_5_3_eeg.npy,sub-005_ses-shortstories01_task-listeningActive_run-05_eeg.bdf.gz,/home/fanyu/auditory_simulation_m6a/pub_01/s06/sparrkulee_v3.1/raw/sub-005/ses-shortstories01/eeg/sub-005_ses-shortstories01_task-listeningActive_run-05_eeg.bdf.gz,PUBLIC,HOLD,False,0..63 in original order per publisher config,UNKNOWN,EEG per publisher dataset/config,UNKNOWN,UNKNOWN,UNKNOWN,microvolts by MNE volts x 1e6 contract; historical generator revision UNKNOWN,64,publisher highpass/artifact/MWF/CAR/resample; not repeated here,/home/fanyu/auditory_simulation_m6a/pub_01/s06/sparrkulee_v3.1/raw/sub-005/ses-shortstories01/eeg/sub-005_ses-shortstories01_task-listeningActive_run-05_stimulation.tsv,True,RAW_DOWNLOAD_PENDING
/home/fanyu/auditory_simulation_m6a/pub_01/s06/sparrkulee_v3.1/raw/derivatives/preprocessed_eeg/sub-005/ses-shortstories01/sub-005_ses-shortstories01_task-listeningActive_run-06_desc-preproc-audio-audiobook_1_eeg.npy,sub-005_ses-shortstories01_task-listeningActive_run-06_eeg.bdf.gz,/home/fanyu/auditory_simulation_m6a/pub_01/s06/sparrkulee_v3.1/raw/sub-005/ses-shortstories01/eeg/sub-005_ses-shortstories01_task-listeningActive_run-06_eeg.bdf.gz,PUBLIC,HOLD,False,0..63 in original order per publisher config,UNKNOWN,EEG per publisher dataset/config,UNKNOWN,UNKNOWN,UNKNOWN,microvolts by MNE volts x 1e6 contract; historical generator revision UNKNOWN,64,publisher highpass/artifact/MWF/CAR/resample; not repeated here,/home/fanyu/auditory_simulation_m6a/pub_01/s06/sparrkulee_v3.1/raw/sub-005/ses-shortstories01/eeg/sub-005_ses-shortstories01_task-listeningActive_run-06_stimulation.tsv,True,RAW_DOWNLOAD_PENDING
/home/fanyu/auditory_simulation_m6a/pub_01/s06/sparrkulee_v3.1/raw/derivatives/preprocessed_eeg/sub-005/ses-shortstories01/sub-005_ses-shortstories01_task-listeningActive_run-07_desc-preproc-audio-audiobook_2_1_eeg.npy,sub-005_ses-shortstories01_task-listeningActive_run-07_eeg.bdf.gz,/home/fanyu/auditory_simulation_m6a/pub_01/s06/sparrkulee_v3.1/raw/sub-005/ses-shortstories01/eeg/sub-005_ses-shortstories01_task-listeningActive_run-07_eeg.bdf.gz,PUBLIC,HOLD,False,0..63 in original order per publisher config,UNKNOWN,EEG per publisher dataset/config,UNKNOWN,UNKNOWN,UNKNOWN,microvolts by MNE volts x 1e6 contract; historical generator revision UNKNOWN,64,publisher highpass/artifact/MWF/CAR/resample; not repeated here,/home/fanyu/auditory_simulation_m6a/pub_01/s06/sparrkulee_v3.1/raw/sub-005/ses-shortstories01/eeg/sub-005_ses-shortstories01_task-listeningActive_run-07_stimulation.tsv,True,RAW_DOWNLOAD_PENDING
/home/fanyu/auditory_simulation_m6a/pub_01/s06/sparrkulee_v3.1/raw/derivatives/preprocessed_eeg/sub-005/ses-shortstories01/sub-005_ses-shortstories01_task-listeningActive_run-08_desc-preproc-audio-audiobook_2_2_eeg.npy,sub-005_ses-shortstories01_task-listeningActive_run-08_eeg.bdf.gz,/home/fanyu/auditory_simulation_m6a/pub_01/s06/sparrkulee_v3.1/raw/sub-005/ses-shortstories01/eeg/sub-005_ses-shortstories01_task-listeningActive_run-08_eeg.bdf.gz,PUBLIC,HOLD,False,0..63 in original order per publisher config,UNKNOWN,EEG per publisher dataset/config,UNKNOWN,UNKNOWN,UNKNOWN,microvolts by MNE volts x 1e6 contract; historical generator revision UNKNOWN,64,publisher highpass/artifact/MWF/CAR/resample; not repeated here,/home/fanyu/auditory_simulation_m6a/pub_01/s06/sparrkulee_v3.1/raw/sub-005/ses-shortstories01/eeg/sub-005_ses-shortstories01_task-listeningActive_run-08_stimulation.tsv,True,RAW_DOWNLOAD_PENDING
/home/fanyu/auditory_simulation_m6a/pub_01/s06/sparrkulee_v3.1/raw/derivatives/preprocessed_eeg/sub-005/ses-shortstories01/sub-005_ses-shortstories01_task-listeningActive_run-10_desc-preproc-audio-audiobook_3_eeg.npy,sub-005_ses-shortstories01_task-listeningActive_run-10_eeg.bdf.gz,/home/fanyu/auditory_simulation_m6a/pub_01/s06/sparrkulee_v3.1/raw/sub-005/ses-shortstories01/eeg/sub-005_ses-shortstories01_task-listeningActive_run-10_eeg.bdf.gz,PUBLIC,HOLD,False,0..63 in original order per publisher config,UNKNOWN,EEG per publisher dataset/config,UNKNOWN,UNKNOWN,UNKNOWN,microvolts by MNE volts x 1e6 contract; historical generator revision UNKNOWN,64,publisher highpass/artifact/MWF/CAR/resample; not repeated here,/home/fanyu/auditory_simulation_m6a/pub_01/s06/sparrkulee_v3.1/raw/sub-005/ses-shortstories01/eeg/sub-005_ses-shortstories01_task-listeningActive_run-10_stimulation.tsv,True,RAW_DOWNLOAD_PENDING
/home/fanyu/auditory_simulation_m6a/pub_01/s06/sparrkulee_v3.1/raw/derivatives/preprocessed_eeg/sub-006/ses-shortstories01/sub-006_ses-shortstories01_task-listeningActive_run-01_desc-preproc-audio-audiobook_4_eeg.npy,sub-006_ses-shortstories01_task-listeningActive_run-01_eeg.bdf.gz,/home/fanyu/auditory_simulation_m6a/pub_01/s06/sparrkulee_v3.1/raw/sub-006/ses-shortstories01/eeg/sub-006_ses-shortstories01_task-listeningActive_run-01_eeg.bdf.gz,PUBLIC,HOLD,False,0..63 in original order per publisher config,UNKNOWN,EEG per publisher dataset/config,UNKNOWN,UNKNOWN,UNKNOWN,microvolts by MNE volts x 1e6 contract; historical generator revision UNKNOWN,64,publisher highpass/artifact/MWF/CAR/resample; not repeated here,/home/fanyu/auditory_simulation_m6a/pub_01/s06/sparrkulee_v3.1/raw/sub-006/ses-shortstories01/eeg/sub-006_ses-shortstories01_task-listeningActive_run-01_stimulation.tsv,True,RAW_DOWNLOAD_PENDING
/home/fanyu/auditory_simulation_m6a/pub_01/s06/sparrkulee_v3.1/raw/derivatives/preprocessed_eeg/sub-006/ses-shortstories01/sub-006_ses-shortstories01_task-listeningActive_run-02_desc-preproc-audio-audiobook_1_eeg.npy,sub-006_ses-shortstories01_task-listeningActive_run-02_eeg.bdf.gz,/home/fanyu/auditory_simulation_m6a/pub_01/s06/sparrkulee_v3.1/raw/sub-006/ses-shortstories01/eeg/sub-006_ses-shortstories01_task-listeningActive_run-02_eeg.bdf.gz,PUBLIC,HOLD,False,0..63 in original order per publisher config,UNKNOWN,EEG per publisher dataset/config,UNKNOWN,UNKNOWN,UNKNOWN,microvolts by MNE volts x 1e6 contract; historical generator revision UNKNOWN,64,publisher highpass/artifact/MWF/CAR/resample; not repeated here,/home/fanyu/auditory_simulation_m6a/pub_01/s06/sparrkulee_v3.1/raw/sub-006/ses-shortstories01/eeg/sub-006_ses-shortstories01_task-listeningActive_run-02_stimulation.tsv,True,RAW_DOWNLOAD_PENDING
/home/fanyu/auditory_simulation_m6a/pub_01/s06/sparrkulee_v3.1/raw/derivatives/preprocessed_eeg/sub-006/ses-shortstories01/sub-006_ses-shortstories01_task-listeningActive_run-03_desc-preproc-audio-audiobook_6_1_eeg.npy,sub-006_ses-shortstories01_task-listeningActive_run-03_eeg.bdf.gz,/home/fanyu/auditory_simulation_m6a/pub_01/s06/sparrkulee_v3.1/raw/sub-006/ses-shortstories01/eeg/sub-006_ses-shortstories01_task-listeningActive_run-03_eeg.bdf.gz,PUBLIC,HOLD,False,0..63 in original order per publisher config,UNKNOWN,EEG per publisher dataset/config,UNKNOWN,UNKNOWN,UNKNOWN,microvolts by MNE volts x 1e6 contract; historical generator revision UNKNOWN,64,publisher highpass/artifact/MWF/CAR/resample; not repeated here,/home/fanyu/auditory_simulation_m6a/pub_01/s06/sparrkulee_v3.1/raw/sub-006/ses-shortstories01/eeg/sub-006_ses-shortstories01_task-listeningActive_run-03_stimulation.tsv,True,RAW_DOWNLOAD_PENDING
/home/fanyu/auditory_simulation_m6a/pub_01/s06/sparrkulee_v3.1/raw/derivatives/preprocessed_eeg/sub-006/ses-shortstories01/sub-006_ses-shortstories01_task-listeningActive_run-04_desc-preproc-audio-audiobook_6_2_eeg.npy,sub-006_ses-shortstories01_task-listeningActive_run-04_eeg.bdf.gz,/home/fanyu/auditory_simulation_m6a/pub_01/s06/sparrkulee_v3.1/raw/sub-006/ses-shortstories01/eeg/sub-006_ses-shortstories01_task-listeningActive_run-04_eeg.bdf.gz,PUBLIC,HOLD,False,0..63 in original order per publisher config,UNKNOWN,EEG per publisher dataset/config,UNKNOWN,UNKNOWN,UNKNOWN,microvolts by MNE volts x 1e6 contract; historical generator revision UNKNOWN,64,publisher highpass/artifact/MWF/CAR/resample; not repeated here,/home/fanyu/auditory_simulation_m6a/pub_01/s06/sparrkulee_v3.1/raw/sub-006/ses-shortstories01/eeg/sub-006_ses-shortstories01_task-listeningActive_run-04_stimulation.tsv,True,RAW_DOWNLOAD_PENDING
/home/fanyu/auditory_simulation_m6a/pub_01/s06/sparrkulee_v3.1/raw/derivatives/preprocessed_eeg/sub-006/ses-shortstories01/sub-006_ses-shortstories01_task-listeningActive_run-05_desc-preproc-audio-audiobook_5_1_eeg.npy,sub-006_ses-shortstories01_task-listeningActive_run-05_eeg.bdf.gz,/home/fanyu/auditory_simulation_m6a/pub_01/s06/sparrkulee_v3.1/raw/sub-006/ses-shortstories01/eeg/sub-006_ses-shortstories01_task-listeningActive_run-05_eeg.bdf.gz,PUBLIC,HOLD,False,0..63 in original order per publisher config,UNKNOWN,EEG per publisher dataset/config,UNKNOWN,UNKNOWN,UNKNOWN,microvolts by MNE volts x 1e6 contract; historical generator revision UNKNOWN,64,publisher highpass/artifact/MWF/CAR/resample; not repeated here,/home/fanyu/auditory_simulation_m6a/pub_01/s06/sparrkulee_v3.1/raw/sub-006/ses-shortstories01/eeg/sub-006_ses-shortstories01_task-listeningActive_run-05_stimulation.tsv,True,RAW_DOWNLOAD_PENDING
/home/fanyu/auditory_simulation_m6a/pub_01/s06/sparrkulee_v3.1/raw/derivatives/preprocessed_eeg/sub-006/ses-shortstories01/sub-006_ses-shortstories01_task-listeningActive_run-07_desc-preproc-audio-audiobook_5_3_eeg.npy,sub-006_ses-shortstories01_task-listeningActive_run-07_eeg.bdf.gz,/home/fanyu/auditory_simulation_m6a/pub_01/s06/sparrkulee_v3.1/raw/sub-006/ses-shortstories01/eeg/sub-006_ses-shortstories01_task-listeningActive_run-07_eeg.bdf.gz,PUBLIC,HOLD,False,0..63 in original order per publisher config,UNKNOWN,EEG per publisher dataset/config,UNKNOWN,UNKNOWN,UNKNOWN,microvolts by MNE volts x 1e6 contract; historical generator revision UNKNOWN,64,publisher highpass/artifact/MWF/CAR/resample; not repeated here,/home/fanyu/auditory_simulation_m6a/pub_01/s06/sparrkulee_v3.1/raw/sub-006/ses-shortstories01/eeg/sub-006_ses-shortstories01_task-listeningActive_run-07_stimulation.tsv,True,RAW_DOWNLOAD_PENDING
/home/fanyu/auditory_simulation_m6a/pub_01/s06/sparrkulee_v3.1/raw/derivatives/preprocessed_eeg/sub-006/ses-shortstories01/sub-006_ses-shortstories01_task-listeningActive_run-08_desc-preproc-audio-audiobook_3_eeg.npy,sub-006_ses-shortstories01_task-listeningActive_run-08_eeg.bdf.gz,/home/fanyu/auditory_simulation_m6a/pub_01/s06/sparrkulee_v3.1/raw/sub-006/ses-shortstories01/eeg/sub-006_ses-shortstories01_task-listeningActive_run-08_eeg.bdf.gz,PUBLIC,HOLD,False,0..63 in original order per publisher config,UNKNOWN,EEG per publisher dataset/config,UNKNOWN,UNKNOWN,UNKNOWN,microvolts by MNE volts x 1e6 contract; historical generator revision UNKNOWN,64,publisher highpass/artifact/MWF/CAR/resample; not repeated here,/home/fanyu/auditory_simulation_m6a/pub_01/s06/sparrkulee_v3.1/raw/sub-006/ses-shortstories01/eeg/sub-006_ses-shortstories01_task-listeningActive_run-08_stimulation.tsv,True,RAW_DOWNLOAD_PENDING
/home/fanyu/auditory_simulation_m6a/pub_01/s06/sparrkulee_v3.1/raw/derivatives/preprocessed_eeg/sub-006/ses-shortstories01/sub-006_ses-shortstories01_task-listeningActive_run-09_desc-preproc-audio-audiobook_2_1_eeg.npy,sub-006_ses-shortstories01_task-listeningActive_run-09_eeg.bdf.gz,/home/fanyu/auditory_simulation_m6a/pub_01/s06/sparrkulee_v3.1/raw/sub-006/ses-shortstories01/eeg/sub-006_ses-shortstories01_task-listeningActive_run-09_eeg.bdf.gz,PUBLIC,HOLD,False,0..63 in original order per publisher config,UNKNOWN,EEG per publisher dataset/config,UNKNOWN,UNKNOWN,UNKNOWN,microvolts by MNE volts x 1e6 contract; historical generator revision UNKNOWN,64,publisher highpass/artifact/MWF/CAR/resample; not repeated here,/home/fanyu/auditory_simulation_m6a/pub_01/s06/sparrkulee_v3.1/raw/sub-006/ses-shortstories01/eeg/sub-006_ses-shortstories01_task-listeningActive_run-09_stimulation.tsv,True,RAW_DOWNLOAD_PENDING
/home/fanyu/auditory_simulation_m6a/pub_01/s06/sparrkulee_v3.1/raw/derivatives/preprocessed_eeg/sub-006/ses-shortstories01/sub-006_ses-shortstories01_task-listeningActive_run-10_desc-preproc-audio-audiobook_2_2_eeg.npy,sub-006_ses-shortstories01_task-listeningActive_run-10_eeg.bdf.gz,/home/fanyu/auditory_simulation_m6a/pub_01/s06/sparrkulee_v3.1/raw/sub-006/ses-shortstories01/eeg/sub-006_ses-shortstories01_task-listeningActive_run-10_eeg.bdf.gz,PUBLIC,HOLD,False,0..63 in original order per publisher config,UNKNOWN,EEG per publisher dataset/config,UNKNOWN,UNKNOWN,UNKNOWN,microvolts by MNE volts x 1e6 contract; historical generator revision UNKNOWN,64,publisher highpass/artifact/MWF/CAR/resample; not repeated here,/home/fanyu/auditory_simulation_m6a/pub_01/s06/sparrkulee_v3.1/raw/sub-006/ses-shortstories01/eeg/sub-006_ses-shortstories01_task-listeningActive_run-10_stimulation.tsv,True,RAW_DOWNLOAD_PENDING
/home/fanyu/auditory_simulation_m6a/pub_01/s06/sparrkulee_v3.1/raw/derivatives/preprocessed_eeg/sub-007/ses-shortstories01/sub-007_ses-shortstories01_task-listeningActive_run-01_desc-preproc-audio-audiobook_5_1_eeg.npy,sub-007_ses-shortstories01_task-listeningActive_run-01_eeg.bdf.gz,/home/fanyu/auditory_simulation_m6a/pub_01/s06/sparrkulee_v3.1/raw/sub-007/ses-shortstories01/eeg/sub-007_ses-shortstories01_task-listeningActive_run-01_eeg.bdf.gz,PUBLIC,HOLD,False,0..63 in original order per publisher config,UNKNOWN,EEG per publisher dataset/config,UNKNOWN,UNKNOWN,UNKNOWN,microvolts by MNE volts x 1e6 contract; historical generator revision UNKNOWN,64,publisher highpass/artifact/MWF/CAR/resample; not repeated here,/home/fanyu/auditory_simulation_m6a/pub_01/s06/sparrkulee_v3.1/raw/sub-007/ses-shortstories01/eeg/sub-007_ses-shortstories01_task-listeningActive_run-01_stimulation.tsv,True,RAW_DOWNLOAD_PENDING
/home/fanyu/auditory_simulation_m6a/pub_01/s06/sparrkulee_v3.1/raw/derivatives/preprocessed_eeg/sub-007/ses-shortstories01/sub-007_ses-shortstories01_task-listeningActive_run-02_desc-preproc-audio-audiobook_5_2_eeg.npy,sub-007_ses-shortstories01_task-listeningActive_run-02_eeg.bdf.gz,/home/fanyu/auditory_simulation_m6a/pub_01/s06/sparrkulee_v3.1/raw/sub-007/ses-shortstories01/eeg/sub-007_ses-shortstories01_task-listeningActive_run-02_eeg.bdf.gz,PUBLIC,HOLD,False,0..63 in original order per publisher config,UNKNOWN,EEG per publisher dataset/config,UNKNOWN,UNKNOWN,UNKNOWN,microvolts by MNE volts x 1e6 contract; historical generator revision UNKNOWN,64,publisher highpass/artifact/MWF/CAR/resample; not repeated here,/home/fanyu/auditory_simulation_m6a/pub_01/s06/sparrkulee_v3.1/raw/sub-007/ses-shortstories01/eeg/sub-007_ses-shortstories01_task-listeningActive_run-02_stimulation.tsv,True,RAW_DOWNLOAD_PENDING
/home/fanyu/auditory_simulation_m6a/pub_01/s06/sparrkulee_v3.1/raw/derivatives/preprocessed_eeg/sub-007/ses-shortstories01/sub-007_ses-shortstories01_task-listeningActive_run-03_desc-preproc-audio-audiobook_5_3_eeg.npy,sub-007_ses-shortstories01_task-listeningActive_run-03_eeg.bdf.gz,/home/fanyu/auditory_simulation_m6a/pub_01/s06/sparrkulee_v3.1/raw/sub-007/ses-shortstories01/eeg/sub-007_ses-shortstories01_task-listeningActive_run-03_eeg.bdf.gz,PUBLIC,HOLD,False,0..63 in original order per publisher config,UNKNOWN,EEG per publisher dataset/config,UNKNOWN,UNKNOWN,UNKNOWN,microvolts by MNE volts x 1e6 contract; historical generator revision UNKNOWN,64,publisher highpass/artifact/MWF/CAR/resample; not repeated here,/home/fanyu/auditory_simulation_m6a/pub_01/s06/sparrkulee_v3.1/raw/sub-007/ses-shortstories01/eeg/sub-007_ses-shortstories01_task-listeningActive_run-03_stimulation.tsv,True,RAW_DOWNLOAD_PENDING
/home/fanyu/auditory_simulation_m6a/pub_01/s06/sparrkulee_v3.1/raw/derivatives/preprocessed_eeg/sub-007/ses-shortstories01/sub-007_ses-shortstories01_task-listeningActive_run-04_desc-preproc-audio-audiobook_1_eeg.npy,sub-007_ses-shortstories01_task-listeningActive_run-04_eeg.bdf.gz,/home/fanyu/auditory_simulation_m6a/pub_01/s06/sparrkulee_v3.1/raw/sub-007/ses-shortstories01/eeg/sub-007_ses-shortstories01_task-listeningActive_run-04_eeg.bdf.gz,PUBLIC,HOLD,False,0..63 in original order per publisher config,UNKNOWN,EEG per publisher dataset/config,UNKNOWN,UNKNOWN,UNKNOWN,microvolts by MNE volts x 1e6 contract; historical generator revision UNKNOWN,64,publisher highpass/artifact/MWF/CAR/resample; not repeated here,/home/fanyu/auditory_simulation_m6a/pub_01/s06/sparrkulee_v3.1/raw/sub-007/ses-shortstories01/eeg/sub-007_ses-shortstories01_task-listeningActive_run-04_stimulation.tsv,True,RAW_DOWNLOAD_PENDING
/home/fanyu/auditory_simulation_m6a/pub_01/s06/sparrkulee_v3.1/raw/derivatives/preprocessed_eeg/sub-007/ses-shortstories01/sub-007_ses-shortstories01_task-listeningActive_run-05_desc-preproc-audio-audiobook_6_1_eeg.npy,sub-007_ses-shortstories01_task-listeningActive_run-05_eeg.bdf.gz,/home/fanyu/auditory_simulation_m6a/pub_01/s06/sparrkulee_v3.1/raw/sub-007/ses-shortstories01/eeg/sub-007_ses-shortstories01_task-listeningActive_run-05_eeg.bdf.gz,PUBLIC,HOLD,False,0..63 in original order per publisher config,UNKNOWN,EEG per publisher dataset/config,UNKNOWN,UNKNOWN,UNKNOWN,microvolts by MNE volts x 1e6 contract; historical generator revision UNKNOWN,64,publisher highpass/artifact/MWF/CAR/resample; not repeated here,/home/fanyu/auditory_simulation_m6a/pub_01/s06/sparrkulee_v3.1/raw/sub-007/ses-shortstories01/eeg/sub-007_ses-shortstories01_task-listeningActive_run-05_stimulation.tsv,True,RAW_DOWNLOAD_PENDING
/home/fanyu/auditory_simulation_m6a/pub_01/s06/sparrkulee_v3.1/raw/derivatives/preprocessed_eeg/sub-007/ses-shortstories01/sub-007_ses-shortstories01_task-listeningActive_run-06_desc-preproc-audio-audiobook_6_2_eeg.npy,sub-007_ses-shortstories01_task-listeningActive_run-06_eeg.bdf.gz,/home/fanyu/auditory_simulation_m6a/pub_01/s06/sparrkulee_v3.1/raw/sub-007/ses-shortstories01/eeg/sub-007_ses-shortstories01_task-listeningActive_run-06_eeg.bdf.gz,PUBLIC,HOLD,False,0..63 in original order per publisher config,UNKNOWN,EEG per publisher dataset/config,UNKNOWN,UNKNOWN,UNKNOWN,microvolts by MNE volts x 1e6 contract; historical generator revision UNKNOWN,64,publisher highpass/artifact/MWF/CAR/resample; not repeated here,/home/fanyu/auditory_simulation_m6a/pub_01/s06/sparrkulee_v3.1/raw/sub-007/ses-shortstories01/eeg/sub-007_ses-shortstories01_task-listeningActive_run-06_stimulation.tsv,True,RAW_DOWNLOAD_PENDING
/home/fanyu/auditory_simulation_m6a/pub_01/s06/sparrkulee_v3.1/raw/derivatives/preprocessed_eeg/sub-007/ses-shortstories01/sub-007_ses-shortstories01_task-listeningActive_run-07_desc-preproc-audio-audiobook_3_eeg.npy,sub-007_ses-shortstories01_task-listeningActive_run-07_eeg.bdf.gz,/home/fanyu/auditory_simulation_m6a/pub_01/s06/sparrkulee_v3.1/raw/sub-007/ses-shortstories01/eeg/sub-007_ses-shortstories01_task-listeningActive_run-07_eeg.bdf.gz,PUBLIC,HOLD,False,0..63 in original order per publisher config,UNKNOWN,EEG per publisher dataset/config,UNKNOWN,UNKNOWN,UNKNOWN,microvolts by MNE volts x 1e6 contract; historical generator revision UNKNOWN,64,publisher highpass/artifact/MWF/CAR/resample; not repeated here,/home/fanyu/auditory_simulation_m6a/pub_01/s06/sparrkulee_v3.1/raw/sub-007/ses-shortstories01/eeg/sub-007_ses-shortstories01_task-listeningActive_run-07_stimulation.tsv,True,RAW_DOWNLOAD_PENDING
/home/fanyu/auditory_simulation_m6a/pub_01/s06/sparrkulee_v3.1/raw/derivatives/preprocessed_eeg/sub-007/ses-shortstories01/sub-007_ses-shortstories01_task-listeningActive_run-08_desc-preproc-audio-audiobook_4_eeg.npy,sub-007_ses-shortstories01_task-listeningActive_run-08_eeg.bdf.gz,/home/fanyu/auditory_simulation_m6a/pub_01/s06/sparrkulee_v3.1/raw/sub-007/ses-shortstories01/eeg/sub-007_ses-shortstories01_task-listeningActive_run-08_eeg.bdf.gz,PUBLIC,HOLD,False,0..63 in original order per publisher config,UNKNOWN,EEG per publisher dataset/config,UNKNOWN,UNKNOWN,UNKNOWN,microvolts by MNE volts x 1e6 contract; historical generator revision UNKNOWN,64,publisher highpass/artifact/MWF/CAR/resample; not repeated here,/home/fanyu/auditory_simulation_m6a/pub_01/s06/sparrkulee_v3.1/raw/sub-007/ses-shortstories01/eeg/sub-007_ses-shortstories01_task-listeningActive_run-08_stimulation.tsv,True,RAW_DOWNLOAD_PENDING
/home/fanyu/auditory_simulation_m6a/pub_01/s06/sparrkulee_v3.1/raw/derivatives/preprocessed_eeg/sub-007/ses-shortstories01/sub-007_ses-shortstories01_task-listeningActive_run-09_desc-preproc-audio-audiobook_2_1_eeg.npy,sub-007_ses-shortstories01_task-listeningActive_run-09_eeg.bdf.gz,/home/fanyu/auditory_simulation_m6a/pub_01/s06/sparrkulee_v3.1/raw/sub-007/ses-shortstories01/eeg/sub-007_ses-shortstories01_task-listeningActive_run-09_eeg.bdf.gz,PUBLIC,HOLD,False,0..63 in original order per publisher config,UNKNOWN,EEG per publisher dataset/config,UNKNOWN,UNKNOWN,UNKNOWN,microvolts by MNE volts x 1e6 contract; historical generator revision UNKNOWN,64,publisher highpass/artifact/MWF/CAR/resample; not repeated here,/home/fanyu/auditory_simulation_m6a/pub_01/s06/sparrkulee_v3.1/raw/sub-007/ses-shortstories01/eeg/sub-007_ses-shortstories01_task-listeningActive_run-09_stimulation.tsv,True,RAW_DOWNLOAD_PENDING
/home/fanyu/auditory_simulation_m6a/pub_01/s06/sparrkulee_v3.1/raw/derivatives/preprocessed_eeg/sub-007/ses-shortstories01/sub-007_ses-shortstories01_task-listeningActive_run-10_desc-preproc-audio-audiobook_2_2_eeg.npy,sub-007_ses-shortstories01_task-listeningActive_run-10_eeg.bdf.gz,/home/fanyu/auditory_simulation_m6a/pub_01/s06/sparrkulee_v3.1/raw/sub-007/ses-shortstories01/eeg/sub-007_ses-shortstories01_task-listeningActive_run-10_eeg.bdf.gz,PUBLIC,HOLD,False,0..63 in original order per publisher config,UNKNOWN,EEG per publisher dataset/config,UNKNOWN,UNKNOWN,UNKNOWN,microvolts by MNE volts x 1e6 contract; historical generator revision UNKNOWN,64,publisher highpass/artifact/MWF/CAR/resample; not repeated here,/home/fanyu/auditory_simulation_m6a/pub_01/s06/sparrkulee_v3.1/raw/sub-007/ses-shortstories01/eeg/sub-007_ses-shortstories01_task-listeningActive_run-10_stimulation.tsv,True,RAW_DOWNLOAD_PENDING
/home/fanyu/auditory_simulation_m6a/pub_01/s06/sparrkulee_v3.1/raw/derivatives/preprocessed_eeg/sub-008/ses-shortstories01/sub-008_ses-shortstories01_task-listeningActive_run-01_desc-preproc-audio-audiobook_3_eeg.npy,sub-008_ses-shortstories01_task-listeningActive_run-01_eeg.bdf.gz,/home/fanyu/auditory_simulation_m6a/pub_01/s06/sparrkulee_v3.1/raw/sub-008/ses-shortstories01/eeg/sub-008_ses-shortstories01_task-listeningActive_run-01_eeg.bdf.gz,PUBLIC,HOLD,False,0..63 in original order per publisher config,UNKNOWN,EEG per publisher dataset/config,UNKNOWN,UNKNOWN,UNKNOWN,microvolts by MNE volts x 1e6 contract; historical generator revision UNKNOWN,64,publisher highpass/artifact/MWF/CAR/resample; not repeated here,/home/fanyu/auditory_simulation_m6a/pub_01/s06/sparrkulee_v3.1/raw/sub-008/ses-shortstories01/eeg/sub-008_ses-shortstories01_task-listeningActive_run-01_stimulation.tsv,True,RAW_DOWNLOAD_PENDING
/home/fanyu/auditory_simulation_m6a/pub_01/s06/sparrkulee_v3.1/raw/derivatives/preprocessed_eeg/sub-008/ses-shortstories01/sub-008_ses-shortstories01_task-listeningActive_run-02_desc-preproc-audio-audiobook_6_1_eeg.npy,sub-008_ses-shortstories01_task-listeningActive_run-02_eeg.bdf.gz,/home/fanyu/auditory_simulation_m6a/pub_01/s06/sparrkulee_v3.1/raw/sub-008/ses-shortstories01/eeg/sub-008_ses-shortstories01_task-listeningActive_run-02_eeg.bdf.gz,PUBLIC,HOLD,False,0..63 in original order per publisher config,UNKNOWN,EEG per publisher dataset/config,UNKNOWN,UNKNOWN,UNKNOWN,microvolts by MNE volts x 1e6 contract; historical generator revision UNKNOWN,64,publisher highpass/artifact/MWF/CAR/resample; not repeated here,/home/fanyu/auditory_simulation_m6a/pub_01/s06/sparrkulee_v3.1/raw/sub-008/ses-shortstories01/eeg/sub-008_ses-shortstories01_task-listeningActive_run-02_stimulation.tsv,True,RAW_DOWNLOAD_PENDING
/home/fanyu/auditory_simulation_m6a/pub_01/s06/sparrkulee_v3.1/raw/derivatives/preprocessed_eeg/sub-008/ses-shortstories01/sub-008_ses-shortstories01_task-listeningActive_run-03_desc-preproc-audio-audiobook_6_2_eeg.npy,sub-008_ses-shortstories01_task-listeningActive_run-03_eeg.bdf.gz,/home/fanyu/auditory_simulation_m6a/pub_01/s06/sparrkulee_v3.1/raw/sub-008/ses-shortstories01/eeg/sub-008_ses-shortstories01_task-listeningActive_run-03_eeg.bdf.gz,PUBLIC,HOLD,False,0..63 in original order per publisher config,UNKNOWN,EEG per publisher dataset/config,UNKNOWN,UNKNOWN,UNKNOWN,microvolts by MNE volts x 1e6 contract; historical generator revision UNKNOWN,64,publisher highpass/artifact/MWF/CAR/resample; not repeated here,/home/fanyu/auditory_simulation_m6a/pub_01/s06/sparrkulee_v3.1/raw/sub-008/ses-shortstories01/eeg/sub-008_ses-shortstories01_task-listeningActive_run-03_stimulation.tsv,True,RAW_DOWNLOAD_PENDING
/home/fanyu/auditory_simulation_m6a/pub_01/s06/sparrkulee_v3.1/raw/derivatives/preprocessed_eeg/sub-008/ses-shortstories01/sub-008_ses-shortstories01_task-listeningActive_run-04_desc-preproc-audio-audiobook_1_eeg.npy,sub-008_ses-shortstories01_task-listeningActive_run-04_eeg.bdf.gz,/home/fanyu/auditory_simulation_m6a/pub_01/s06/sparrkulee_v3.1/raw/sub-008/ses-shortstories01/eeg/sub-008_ses-shortstories01_task-listeningActive_run-04_eeg.bdf.gz,PUBLIC,HOLD,False,0..63 in original order per publisher config,UNKNOWN,EEG per publisher dataset/config,UNKNOWN,UNKNOWN,UNKNOWN,microvolts by MNE volts x 1e6 contract; historical generator revision UNKNOWN,64,publisher highpass/artifact/MWF/CAR/resample; not repeated here,/home/fanyu/auditory_simulation_m6a/pub_01/s06/sparrkulee_v3.1/raw/sub-008/ses-shortstories01/eeg/sub-008_ses-shortstories01_task-listeningActive_run-04_stimulation.tsv,True,RAW_DOWNLOAD_PENDING
/home/fanyu/auditory_simulation_m6a/pub_01/s06/sparrkulee_v3.1/raw/derivatives/preprocessed_eeg/sub-008/ses-shortstories01/sub-008_ses-shortstories01_task-listeningActive_run-05_desc-preproc-audio-audiobook_4_eeg.npy,sub-008_ses-shortstories01_task-listeningActive_run-05_eeg.bdf.gz,/home/fanyu/auditory_simulation_m6a/pub_01/s06/sparrkulee_v3.1/raw/sub-008/ses-shortstories01/eeg/sub-008_ses-shortstories01_task-listeningActive_run-05_eeg.bdf.gz,PUBLIC,HOLD,False,0..63 in original order per publisher config,UNKNOWN,EEG per publisher dataset/config,UNKNOWN,UNKNOWN,UNKNOWN,microvolts by MNE volts x 1e6 contract; historical generator revision UNKNOWN,64,publisher highpass/artifact/MWF/CAR/resample; not repeated here,/home/fanyu/auditory_simulation_m6a/pub_01/s06/sparrkulee_v3.1/raw/sub-008/ses-shortstories01/eeg/sub-008_ses-shortstories01_task-listeningActive_run-05_stimulation.tsv,True,RAW_DOWNLOAD_PENDING
/home/fanyu/auditory_simulation_m6a/pub_01/s06/sparrkulee_v3.1/raw/derivatives/preprocessed_eeg/sub-008/ses-shortstories01/sub-008_ses-shortstories01_task-listeningActive_run-06_desc-preproc-audio-audiobook_5_1_eeg.npy,sub-008_ses-shortstories01_task-listeningActive_run-06_eeg.bdf.gz,/home/fanyu/auditory_simulation_m6a/pub_01/s06/sparrkulee_v3.1/raw/sub-008/ses-shortstories01/eeg/sub-008_ses-shortstories01_task-listeningActive_run-06_eeg.bdf.gz,PUBLIC,HOLD,False,0..63 in original order per publisher config,UNKNOWN,EEG per publisher dataset/config,UNKNOWN,UNKNOWN,UNKNOWN,microvolts by MNE volts x 1e6 contract; historical generator revision UNKNOWN,64,publisher highpass/artifact/MWF/CAR/resample; not repeated here,/home/fanyu/auditory_simulation_m6a/pub_01/s06/sparrkulee_v3.1/raw/sub-008/ses-shortstories01/eeg/sub-008_ses-shortstories01_task-listeningActive_run-06_stimulation.tsv,True,RAW_DOWNLOAD_PENDING
/home/fanyu/auditory_simulation_m6a/pub_01/s06/sparrkulee_v3.1/raw/derivatives/preprocessed_eeg/sub-008/ses-shortstories01/sub-008_ses-shortstories01_task-listeningActive_run-07_desc-preproc-audio-audiobook_5_2_eeg.npy,sub-008_ses-shortstories01_task-listeningActive_run-07_eeg.bdf.gz,/home/fanyu/auditory_simulation_m6a/pub_01/s06/sparrkulee_v3.1/raw/sub-008/ses-shortstories01/eeg/sub-008_ses-shortstories01_task-listeningActive_run-07_eeg.bdf.gz,PUBLIC,HOLD,False,0..63 in original order per publisher config,UNKNOWN,EEG per publisher dataset/config,UNKNOWN,UNKNOWN,UNKNOWN,microvolts by MNE volts x 1e6 contract; historical generator revision UNKNOWN,64,publisher highpass/artifact/MWF/CAR/resample; not repeated here,/home/fanyu/auditory_simulation_m6a/pub_01/s06/sparrkulee_v3.1/raw/sub-008/ses-shortstories01/eeg/sub-008_ses-shortstories01_task-listeningActive_run-07_stimulation.tsv,True,RAW_DOWNLOAD_PENDING
/home/fanyu/auditory_simulation_m6a/pub_01/s06/sparrkulee_v3.1/raw/derivatives/preprocessed_eeg/sub-008/ses-shortstories01/sub-008_ses-shortstories01_task-listeningActive_run-08_desc-preproc-audio-audiobook_5_3_eeg.npy,sub-008_ses-shortstories01_task-listeningActive_run-08_eeg.bdf.gz,/home/fanyu/auditory_simulation_m6a/pub_01/s06/sparrkulee_v3.1/raw/sub-008/ses-shortstories01/eeg/sub-008_ses-shortstories01_task-listeningActive_run-08_eeg.bdf.gz,PUBLIC,HOLD,False,0..63 in original order per publisher config,UNKNOWN,EEG per publisher dataset/config,UNKNOWN,UNKNOWN,UNKNOWN,microvolts by MNE volts x 1e6 contract; historical generator revision UNKNOWN,64,publisher highpass/artifact/MWF/CAR/resample; not repeated here,/home/fanyu/auditory_simulation_m6a/pub_01/s06/sparrkulee_v3.1/raw/sub-008/ses-shortstories01/eeg/sub-008_ses-shortstories01_task-listeningActive_run-08_stimulation.tsv,True,RAW_DOWNLOAD_PENDING
/home/fanyu/auditory_simulation_m6a/pub_01/s06/sparrkulee_v3.1/raw/derivatives/preprocessed_eeg/sub-008/ses-shortstories01/sub-008_ses-shortstories01_task-listeningActive_run-09_desc-preproc-audio-audiobook_2_1_eeg.npy,sub-008_ses-shortstories01_task-listeningActive_run-09_eeg.bdf.gz,/home/fanyu/auditory_simulation_m6a/pub_01/s06/sparrkulee_v3.1/raw/sub-008/ses-shortstories01/eeg/sub-008_ses-shortstories01_task-listeningActive_run-09_eeg.bdf.gz,PUBLIC,HOLD,False,0..63 in original order per publisher config,UNKNOWN,EEG per publisher dataset/config,UNKNOWN,UNKNOWN,UNKNOWN,microvolts by MNE volts x 1e6 contract; historical generator revision UNKNOWN,64,publisher highpass/artifact/MWF/CAR/resample; not repeated here,/home/fanyu/auditory_simulation_m6a/pub_01/s06/sparrkulee_v3.1/raw/sub-008/ses-shortstories01/eeg/sub-008_ses-shortstories01_task-listeningActive_run-09_stimulation.tsv,True,RAW_DOWNLOAD_PENDING
/home/fanyu/auditory_simulation_m6a/pub_01/s06/sparrkulee_v3.1/raw/derivatives/preprocessed_eeg/sub-008/ses-shortstories01/sub-008_ses-shortstories01_task-listeningActive_run-10_desc-preproc-audio-audiobook_2_2_eeg.npy,sub-008_ses-shortstories01_task-listeningActive_run-10_eeg.bdf.gz,/home/fanyu/auditory_simulation_m6a/pub_01/s06/sparrkulee_v3.1/raw/sub-008/ses-shortstories01/eeg/sub-008_ses-shortstories01_task-listeningActive_run-10_eeg.bdf.gz,PUBLIC,HOLD,False,0..63 in original order per publisher config,UNKNOWN,EEG per publisher dataset/config,UNKNOWN,UNKNOWN,UNKNOWN,microvolts by MNE volts x 1e6 contract; historical generator revision UNKNOWN,64,publisher highpass/artifact/MWF/CAR/resample; not repeated here,/home/fanyu/auditory_simulation_m6a/pub_01/s06/sparrkulee_v3.1/raw/sub-008/ses-shortstories01/eeg/sub-008_ses-shortstories01_task-listeningActive_run-10_stimulation.tsv,True,RAW_DOWNLOAD_PENDING
/home/fanyu/auditory_simulation_m6a/pub_01/s06/sparrkulee_v3.1/raw/derivatives/preprocessed_eeg/sub-009/ses-shortstories01/sub-009_ses-shortstories01_task-listeningActive_run-01_desc-preproc-audio-audiobook_1_eeg.npy,sub-009_ses-shortstories01_task-listeningActive_run-01_eeg.bdf.gz,/home/fanyu/auditory_simulation_m6a/pub_01/s06/sparrkulee_v3.1/raw/sub-009/ses-shortstories01/eeg/sub-009_ses-shortstories01_task-listeningActive_run-01_eeg.bdf.gz,PUBLIC,HOLD,False,0..63 in original order per publisher config,UNKNOWN,EEG per publisher dataset/config,UNKNOWN,UNKNOWN,UNKNOWN,microvolts by MNE volts x 1e6 contract; historical generator revision UNKNOWN,64,publisher highpass/artifact/MWF/CAR/resample; not repeated here,/home/fanyu/auditory_simulation_m6a/pub_01/s06/sparrkulee_v3.1/raw/sub-009/ses-shortstories01/eeg/sub-009_ses-shortstories01_task-listeningActive_run-01_stimulation.tsv,True,RAW_DOWNLOAD_PENDING
/home/fanyu/auditory_simulation_m6a/pub_01/s06/sparrkulee_v3.1/raw/derivatives/preprocessed_eeg/sub-009/ses-shortstories01/sub-009_ses-shortstories01_task-listeningActive_run-02_desc-preproc-audio-audiobook_3_eeg.npy,sub-009_ses-shortstories01_task-listeningActive_run-02_eeg.bdf.gz,/home/fanyu/auditory_simulation_m6a/pub_01/s06/sparrkulee_v3.1/raw/sub-009/ses-shortstories01/eeg/sub-009_ses-shortstories01_task-listeningActive_run-02_eeg.bdf.gz,PUBLIC,HOLD,False,0..63 in original order per publisher config,UNKNOWN,EEG per publisher dataset/config,UNKNOWN,UNKNOWN,UNKNOWN,microvolts by MNE volts x 1e6 contract; historical generator revision UNKNOWN,64,publisher highpass/artifact/MWF/CAR/resample; not repeated here,/home/fanyu/auditory_simulation_m6a/pub_01/s06/sparrkulee_v3.1/raw/sub-009/ses-shortstories01/eeg/sub-009_ses-shortstories01_task-listeningActive_run-02_stimulation.tsv,True,RAW_DOWNLOAD_PENDING
/home/fanyu/auditory_simulation_m6a/pub_01/s06/sparrkulee_v3.1/raw/derivatives/preprocessed_eeg/sub-009/ses-shortstories01/sub-009_ses-shortstories01_task-listeningActive_run-03_desc-preproc-audio-audiobook_6_1_eeg.npy,sub-009_ses-shortstories01_task-listeningActive_run-03_eeg.bdf.gz,/home/fanyu/auditory_simulation_m6a/pub_01/s06/sparrkulee_v3.1/raw/sub-009/ses-shortstories01/eeg/sub-009_ses-shortstories01_task-listeningActive_run-03_eeg.bdf.gz,PUBLIC,HOLD,False,0..63 in original order per publisher config,UNKNOWN,EEG per publisher dataset/config,UNKNOWN,UNKNOWN,UNKNOWN,microvolts by MNE volts x 1e6 contract; historical generator revision UNKNOWN,64,publisher highpass/artifact/MWF/CAR/resample; not repeated here,/home/fanyu/auditory_simulation_m6a/pub_01/s06/sparrkulee_v3.1/raw/sub-009/ses-shortstories01/eeg/sub-009_ses-shortstories01_task-listeningActive_run-03_stimulation.tsv,True,RAW_DOWNLOAD_PENDING
/home/fanyu/auditory_simulation_m6a/pub_01/s06/sparrkulee_v3.1/raw/derivatives/preprocessed_eeg/sub-009/ses-shortstories01/sub-009_ses-shortstories01_task-listeningActive_run-04_desc-preproc-audio-audiobook_6_2_eeg.npy,sub-009_ses-shortstories01_task-listeningActive_run-04_eeg.bdf.gz,/home/fanyu/auditory_simulation_m6a/pub_01/s06/sparrkulee_v3.1/raw/sub-009/ses-shortstories01/eeg/sub-009_ses-shortstories01_task-listeningActive_run-04_eeg.bdf.gz,PUBLIC,HOLD,False,0..63 in original order per publisher config,UNKNOWN,EEG per publisher dataset/config,UNKNOWN,UNKNOWN,UNKNOWN,microvolts by MNE volts x 1e6 contract; historical generator revision UNKNOWN,64,publisher highpass/artifact/MWF/CAR/resample; not repeated here,/home/fanyu/auditory_simulation_m6a/pub_01/s06/sparrkulee_v3.1/raw/sub-009/ses-shortstories01/eeg/sub-009_ses-shortstories01_task-listeningActive_run-04_stimulation.tsv,True,RAW_DOWNLOAD_PENDING
/home/fanyu/auditory_simulation_m6a/pub_01/s06/sparrkulee_v3.1/raw/derivatives/preprocessed_eeg/sub-009/ses-shortstories01/sub-009_ses-shortstories01_task-listeningActive_run-05_desc-preproc-audio-audiobook_4_eeg.npy,sub-009_ses-shortstories01_task-listeningActive_run-05_eeg.bdf.gz,/home/fanyu/auditory_simulation_m6a/pub_01/s06/sparrkulee_v3.1/raw/sub-009/ses-shortstories01/eeg/sub-009_ses-shortstories01_task-listeningActive_run-05_eeg.bdf.gz,PUBLIC,HOLD,False,0..63 in original order per publisher config,UNKNOWN,EEG per publisher dataset/config,UNKNOWN,UNKNOWN,UNKNOWN,microvolts by MNE volts x 1e6 contract; historical generator revision UNKNOWN,64,publisher highpass/artifact/MWF/CAR/resample; not repeated here,/home/fanyu/auditory_simulation_m6a/pub_01/s06/sparrkulee_v3.1/raw/sub-009/ses-shortstories01/eeg/sub-009_ses-shortstories01_task-listeningActive_run-05_stimulation.tsv,True,RAW_DOWNLOAD_PENDING
/home/fanyu/auditory_simulation_m6a/pub_01/s06/sparrkulee_v3.1/raw/derivatives/preprocessed_eeg/sub-009/ses-shortstories01/sub-009_ses-shortstories01_task-listeningActive_run-06_desc-preproc-audio-audiobook_2_1_eeg.npy,sub-009_ses-shortstories01_task-listeningActive_run-06_eeg.bdf.gz,/home/fanyu/auditory_simulation_m6a/pub_01/s06/sparrkulee_v3.1/raw/sub-009/ses-shortstories01/eeg/sub-009_ses-shortstories01_task-listeningActive_run-06_eeg.bdf.gz,PUBLIC,HOLD,False,0..63 in original order per publisher config,UNKNOWN,EEG per publisher dataset/config,UNKNOWN,UNKNOWN,UNKNOWN,microvolts by MNE volts x 1e6 contract; historical generator revision UNKNOWN,64,publisher highpass/artifact/MWF/CAR/resample; not repeated here,/home/fanyu/auditory_simulation_m6a/pub_01/s06/sparrkulee_v3.1/raw/sub-009/ses-shortstories01/eeg/sub-009_ses-shortstories01_task-listeningActive_run-06_stimulation.tsv,True,RAW_DOWNLOAD_PENDING
/home/fanyu/auditory_simulation_m6a/pub_01/s06/sparrkulee_v3.1/raw/derivatives/preprocessed_eeg/sub-009/ses-shortstories01/sub-009_ses-shortstories01_task-listeningActive_run-07_desc-preproc-audio-audiobook_2_2_eeg.npy,sub-009_ses-shortstories01_task-listeningActive_run-07_eeg.bdf.gz,/home/fanyu/auditory_simulation_m6a/pub_01/s06/sparrkulee_v3.1/raw/sub-009/ses-shortstories01/eeg/sub-009_ses-shortstories01_task-listeningActive_run-07_eeg.bdf.gz,PUBLIC,HOLD,False,0..63 in original order per publisher config,UNKNOWN,EEG per publisher dataset/config,UNKNOWN,UNKNOWN,UNKNOWN,microvolts by MNE volts x 1e6 contract; historical generator revision UNKNOWN,64,publisher highpass/artifact/MWF/CAR/resample; not repeated here,/home/fanyu/auditory_simulation_m6a/pub_01/s06/sparrkulee_v3.1/raw/sub-009/ses-shortstories01/eeg/sub-009_ses-shortstories01_task-listeningActive_run-07_stimulation.tsv,True,RAW_DOWNLOAD_PENDING
/home/fanyu/auditory_simulation_m6a/pub_01/s06/sparrkulee_v3.1/raw/derivatives/preprocessed_eeg/sub-009/ses-shortstories01/sub-009_ses-shortstories01_task-listeningActive_run-08_desc-preproc-audio-audiobook_5_1_eeg.npy,sub-009_ses-shortstories01_task-listeningActive_run-08_eeg.bdf.gz,/home/fanyu/auditory_simulation_m6a/pub_01/s06/sparrkulee_v3.1/raw/sub-009/ses-shortstories01/eeg/sub-009_ses-shortstories01_task-listeningActive_run-08_eeg.bdf.gz,PUBLIC,HOLD,False,0..63 in original order per publisher config,UNKNOWN,EEG per publisher dataset/config,UNKNOWN,UNKNOWN,UNKNOWN,microvolts by MNE volts x 1e6 contract; historical generator revision UNKNOWN,64,publisher highpass/artifact/MWF/CAR/resample; not repeated here,/home/fanyu/auditory_simulation_m6a/pub_01/s06/sparrkulee_v3.1/raw/sub-009/ses-shortstories01/eeg/sub-009_ses-shortstories01_task-listeningActive_run-08_stimulation.tsv,True,RAW_DOWNLOAD_PENDING
/home/fanyu/auditory_simulation_m6a/pub_01/s06/sparrkulee_v3.1/raw/derivatives/preprocessed_eeg/sub-009/ses-shortstories01/sub-009_ses-shortstories01_task-listeningActive_run-09_desc-preproc-audio-audiobook_5_2_eeg.npy,sub-009_ses-shortstories01_task-listeningActive_run-09_eeg.bdf.gz,/home/fanyu/auditory_simulation_m6a/pub_01/s06/sparrkulee_v3.1/raw/sub-009/ses-shortstories01/eeg/sub-009_ses-shortstories01_task-listeningActive_run-09_eeg.bdf.gz,PUBLIC,HOLD,False,0..63 in original order per publisher config,UNKNOWN,EEG per publisher dataset/config,UNKNOWN,UNKNOWN,UNKNOWN,microvolts by MNE volts x 1e6 contract; historical generator revision UNKNOWN,64,publisher highpass/artifact/MWF/CAR/resample; not repeated here,/home/fanyu/auditory_simulation_m6a/pub_01/s06/sparrkulee_v3.1/raw/sub-009/ses-shortstories01/eeg/sub-009_ses-shortstories01_task-listeningActive_run-09_stimulation.tsv,True,RAW_DOWNLOAD_PENDING
/home/fanyu/auditory_simulation_m6a/pub_01/s06/sparrkulee_v3.1/raw/derivatives/preprocessed_eeg/sub-009/ses-shortstories01/sub-009_ses-shortstories01_task-listeningActive_run-10_desc-preproc-audio-audiobook_5_3_eeg.npy,sub-009_ses-shortstories01_task-listeningActive_run-10_eeg.bdf.gz,/home/fanyu/auditory_simulation_m6a/pub_01/s06/sparrkulee_v3.1/raw/sub-009/ses-shortstories01/eeg/sub-009_ses-shortstories01_task-listeningActive_run-10_eeg.bdf.gz,PUBLIC,HOLD,False,0..63 in original order per publisher config,UNKNOWN,EEG per publisher dataset/config,UNKNOWN,UNKNOWN,UNKNOWN,microvolts by MNE volts x 1e6 contract; historical generator revision UNKNOWN,64,publisher highpass/artifact/MWF/CAR/resample; not repeated here,/home/fanyu/auditory_simulation_m6a/pub_01/s06/sparrkulee_v3.1/raw/sub-009/ses-shortstories01/eeg/sub-009_ses-shortstories01_task-listeningActive_run-10_stimulation.tsv,True,RAW_DOWNLOAD_PENDING
/home/fanyu/auditory_simulation_m6a/pub_01/s06/sparrkulee_v3.1/raw/derivatives/preprocessed_eeg/sub-010/ses-shortstories01/sub-010_ses-shortstories01_task-listeningActive_run-01_desc-preproc-audio-audiobook_2_1_eeg.npy,sub-010_ses-shortstories01_task-listeningActive_run-01_eeg.bdf.gz,/home/fanyu/auditory_simulation_m6a/pub_01/s06/sparrkulee_v3.1/raw/sub-010/ses-shortstories01/eeg/sub-010_ses-shortstories01_task-listeningActive_run-01_eeg.bdf.gz,PUBLIC,HOLD,False,0..63 in original order per publisher config,UNKNOWN,EEG per publisher dataset/config,UNKNOWN,UNKNOWN,UNKNOWN,microvolts by MNE volts x 1e6 contract; historical generator revision UNKNOWN,64,publisher highpass/artifact/MWF/CAR/resample; not repeated here,/home/fanyu/auditory_simulation_m6a/pub_01/s06/sparrkulee_v3.1/raw/sub-010/ses-shortstories01/eeg/sub-010_ses-shortstories01_task-listeningActive_run-01_stimulation.tsv,True,RAW_DOWNLOAD_PENDING
/home/fanyu/auditory_simulation_m6a/pub_01/s06/sparrkulee_v3.1/raw/derivatives/preprocessed_eeg/sub-010/ses-shortstories01/sub-010_ses-shortstories01_task-listeningActive_run-02_desc-preproc-audio-audiobook_2_2_eeg.npy,sub-010_ses-shortstories01_task-listeningActive_run-02_eeg.bdf.gz,/home/fanyu/auditory_simulation_m6a/pub_01/s06/sparrkulee_v3.1/raw/sub-010/ses-shortstories01/eeg/sub-010_ses-shortstories01_task-listeningActive_run-02_eeg.bdf.gz,PUBLIC,HOLD,False,0..63 in original order per publisher config,UNKNOWN,EEG per publisher dataset/config,UNKNOWN,UNKNOWN,UNKNOWN,microvolts by MNE volts x 1e6 contract; historical generator revision UNKNOWN,64,publisher highpass/artifact/MWF/CAR/resample; not repeated here,/home/fanyu/auditory_simulation_m6a/pub_01/s06/sparrkulee_v3.1/raw/sub-010/ses-shortstories01/eeg/sub-010_ses-shortstories01_task-listeningActive_run-02_stimulation.tsv,True,RAW_DOWNLOAD_PENDING
/home/fanyu/auditory_simulation_m6a/pub_01/s06/sparrkulee_v3.1/raw/derivatives/preprocessed_eeg/sub-010/ses-shortstories01/sub-010_ses-shortstories01_task-listeningActive_run-03_desc-preproc-audio-audiobook_6_1_eeg.npy,sub-010_ses-shortstories01_task-listeningActive_run-03_eeg.bdf.gz,/home/fanyu/auditory_simulation_m6a/pub_01/s06/sparrkulee_v3.1/raw/sub-010/ses-shortstories01/eeg/sub-010_ses-shortstories01_task-listeningActive_run-03_eeg.bdf.gz,PUBLIC,HOLD,False,0..63 in original order per publisher config,UNKNOWN,EEG per publisher dataset/config,UNKNOWN,UNKNOWN,UNKNOWN,microvolts by MNE volts x 1e6 contract; historical generator revision UNKNOWN,64,publisher highpass/artifact/MWF/CAR/resample; not repeated here,/home/fanyu/auditory_simulation_m6a/pub_01/s06/sparrkulee_v3.1/raw/sub-010/ses-shortstories01/eeg/sub-010_ses-shortstories01_task-listeningActive_run-03_stimulation.tsv,True,RAW_DOWNLOAD_PENDING
/home/fanyu/auditory_simulation_m6a/pub_01/s06/sparrkulee_v3.1/raw/derivatives/preprocessed_eeg/sub-010/ses-shortstories01/sub-010_ses-shortstories01_task-listeningActive_run-04_desc-preproc-audio-audiobook_6_2_eeg.npy,sub-010_ses-shortstories01_task-listeningActive_run-04_eeg.bdf.gz,/home/fanyu/auditory_simulation_m6a/pub_01/s06/sparrkulee_v3.1/raw/sub-010/ses-shortstories01/eeg/sub-010_ses-shortstories01_task-listeningActive_run-04_eeg.bdf.gz,PUBLIC,HOLD,False,0..63 in original order per publisher config,UNKNOWN,EEG per publisher dataset/config,UNKNOWN,UNKNOWN,UNKNOWN,microvolts by MNE volts x 1e6 contract; historical generator revision UNKNOWN,64,publisher highpass/artifact/MWF/CAR/resample; not repeated here,/home/fanyu/auditory_simulation_m6a/pub_01/s06/sparrkulee_v3.1/raw/sub-010/ses-shortstories01/eeg/sub-010_ses-shortstories01_task-listeningActive_run-04_stimulation.tsv,True,RAW_DOWNLOAD_PENDING
/home/fanyu/auditory_simulation_m6a/pub_01/s06/sparrkulee_v3.1/raw/derivatives/preprocessed_eeg/sub-010/ses-shortstories01/sub-010_ses-shortstories01_task-listeningActive_run-05_desc-preproc-audio-audiobook_5_1_eeg.npy,sub-010_ses-shortstories01_task-listeningActive_run-05_eeg.bdf.gz,/home/fanyu/auditory_simulation_m6a/pub_01/s06/sparrkulee_v3.1/raw/sub-010/ses-shortstories01/eeg/sub-010_ses-shortstories01_task-listeningActive_run-05_eeg.bdf.gz,PUBLIC,HOLD,False,0..63 in original order per publisher config,UNKNOWN,EEG per publisher dataset/config,UNKNOWN,UNKNOWN,UNKNOWN,microvolts by MNE volts x 1e6 contract; historical generator revision UNKNOWN,64,publisher highpass/artifact/MWF/CAR/resample; not repeated here,/home/fanyu/auditory_simulation_m6a/pub_01/s06/sparrkulee_v3.1/raw/sub-010/ses-shortstories01/eeg/sub-010_ses-shortstories01_task-listeningActive_run-05_stimulation.tsv,True,RAW_DOWNLOAD_PENDING
/home/fanyu/auditory_simulation_m6a/pub_01/s06/sparrkulee_v3.1/raw/derivatives/preprocessed_eeg/sub-010/ses-shortstories01/sub-010_ses-shortstories01_task-listeningActive_run-06_desc-preproc-audio-audiobook_5_2_eeg.npy,sub-010_ses-shortstories01_task-listeningActive_run-06_eeg.bdf.gz,/home/fanyu/auditory_simulation_m6a/pub_01/s06/sparrkulee_v3.1/raw/sub-010/ses-shortstories01/eeg/sub-010_ses-shortstories01_task-listeningActive_run-06_eeg.bdf.gz,PUBLIC,HOLD,False,0..63 in original order per publisher config,UNKNOWN,EEG per publisher dataset/config,UNKNOWN,UNKNOWN,UNKNOWN,microvolts by MNE volts x 1e6 contract; historical generator revision UNKNOWN,64,publisher highpass/artifact/MWF/CAR/resample; not repeated here,/home/fanyu/auditory_simulation_m6a/pub_01/s06/sparrkulee_v3.1/raw/sub-010/ses-shortstories01/eeg/sub-010_ses-shortstories01_task-listeningActive_run-06_stimulation.tsv,True,RAW_DOWNLOAD_PENDING
/home/fanyu/auditory_simulation_m6a/pub_01/s06/sparrkulee_v3.1/raw/derivatives/preprocessed_eeg/sub-010/ses-shortstories01/sub-010_ses-shortstories01_task-listeningActive_run-07_desc-preproc-audio-audiobook_5_3_eeg.npy,sub-010_ses-shortstories01_task-listeningActive_run-07_eeg.bdf.gz,/home/fanyu/auditory_simulation_m6a/pub_01/s06/sparrkulee_v3.1/raw/sub-010/ses-shortstories01/eeg/sub-010_ses-shortstories01_task-listeningActive_run-07_eeg.bdf.gz,PUBLIC,HOLD,False,0..63 in original order per publisher config,UNKNOWN,EEG per publisher dataset/config,UNKNOWN,UNKNOWN,UNKNOWN,microvolts by MNE volts x 1e6 contract; historical generator revision UNKNOWN,64,publisher highpass/artifact/MWF/CAR/resample; not repeated here,/home/fanyu/auditory_simulation_m6a/pub_01/s06/sparrkulee_v3.1/raw/sub-010/ses-shortstories01/eeg/sub-010_ses-shortstories01_task-listeningActive_run-07_stimulation.tsv,True,RAW_DOWNLOAD_PENDING
/home/fanyu/auditory_simulation_m6a/pub_01/s06/sparrkulee_v3.1/raw/derivatives/preprocessed_eeg/sub-010/ses-shortstories01/sub-010_ses-shortstories01_task-listeningActive_run-08_desc-preproc-audio-audiobook_1_eeg.npy,sub-010_ses-shortstories01_task-listeningActive_run-08_eeg.bdf.gz,/home/fanyu/auditory_simulation_m6a/pub_01/s06/sparrkulee_v3.1/raw/sub-010/ses-shortstories01/eeg/sub-010_ses-shortstories01_task-listeningActive_run-08_eeg.bdf.gz,PUBLIC,HOLD,False,0..63 in original order per publisher config,UNKNOWN,EEG per publisher dataset/config,UNKNOWN,UNKNOWN,UNKNOWN,microvolts by MNE volts x 1e6 contract; historical generator revision UNKNOWN,64,publisher highpass/artifact/MWF/CAR/resample; not repeated here,/home/fanyu/auditory_simulation_m6a/pub_01/s06/sparrkulee_v3.1/raw/sub-010/ses-shortstories01/eeg/sub-010_ses-shortstories01_task-listeningActive_run-08_stimulation.tsv,True,RAW_DOWNLOAD_PENDING
/home/fanyu/auditory_simulation_m6a/pub_01/s06/sparrkulee_v3.1/raw/derivatives/preprocessed_eeg/sub-010/ses-shortstories01/sub-010_ses-shortstories01_task-listeningActive_run-09_desc-preproc-audio-audiobook_4_eeg.npy,sub-010_ses-shortstories01_task-listeningActive_run-09_eeg.bdf.gz,/home/fanyu/auditory_simulation_m6a/pub_01/s06/sparrkulee_v3.1/raw/sub-010/ses-shortstories01/eeg/sub-010_ses-shortstories01_task-listeningActive_run-09_eeg.bdf.gz,PUBLIC,HOLD,False,0..63 in original order per publisher config,UNKNOWN,EEG per publisher dataset/config,UNKNOWN,UNKNOWN,UNKNOWN,microvolts by MNE volts x 1e6 contract; historical generator revision UNKNOWN,64,publisher highpass/artifact/MWF/CAR/resample; not repeated here,/home/fanyu/auditory_simulation_m6a/pub_01/s06/sparrkulee_v3.1/raw/sub-010/ses-shortstories01/eeg/sub-010_ses-shortstories01_task-listeningActive_run-09_stimulation.tsv,True,RAW_DOWNLOAD_PENDING
/home/fanyu/auditory_simulation_m6a/pub_01/s06/sparrkulee_v3.1/raw/derivatives/preprocessed_eeg/sub-010/ses-shortstories01/sub-010_ses-shortstories01_task-listeningActive_run-10_desc-preproc-audio-audiobook_3_eeg.npy,sub-010_ses-shortstories01_task-listeningActive_run-10_eeg.bdf.gz,/home/fanyu/auditory_simulation_m6a/pub_01/s06/sparrkulee_v3.1/raw/sub-010/ses-shortstories01/eeg/sub-010_ses-shortstories01_task-listeningActive_run-10_eeg.bdf.gz,PUBLIC,HOLD,False,0..63 in original order per publisher config,UNKNOWN,EEG per publisher dataset/config,UNKNOWN,UNKNOWN,UNKNOWN,microvolts by MNE volts x 1e6 contract; historical generator revision UNKNOWN,64,publisher highpass/artifact/MWF/CAR/resample; not repeated here,/home/fanyu/auditory_simulation_m6a/pub_01/s06/sparrkulee_v3.1/raw/sub-010/ses-shortstories01/eeg/sub-010_ses-shortstories01_task-listeningActive_run-10_stimulation.tsv,True,RAW_DOWNLOAD_PENDING
/home/fanyu/auditory_simulation_m6a/pub_01/s06/sparrkulee_v3.1/raw/derivatives/preprocessed_eeg/sub-011/ses-shortstories01/sub-011_ses-shortstories01_task-listeningActive_run-01_desc-preproc-audio-audiobook_2_1_eeg.npy,sub-011_ses-shortstories01_task-listeningActive_run-01_eeg.bdf.gz,/home/fanyu/auditory_simulation_m6a/pub_01/s06/sparrkulee_v3.1/raw/sub-011/ses-shortstories01/eeg/sub-011_ses-shortstories01_task-listeningActive_run-01_eeg.bdf.gz,PUBLIC,HOLD,False,0..63 in original order per publisher config,UNKNOWN,EEG per publisher dataset/config,UNKNOWN,UNKNOWN,UNKNOWN,microvolts by MNE volts x 1e6 contract; historical generator revision UNKNOWN,64,publisher highpass/artifact/MWF/CAR/resample; not repeated here,/home/fanyu/auditory_simulation_m6a/pub_01/s06/sparrkulee_v3.1/raw/sub-011/ses-shortstories01/eeg/sub-011_ses-shortstories01_task-listeningActive_run-01_stimulation.tsv,True,RAW_DOWNLOAD_PENDING
/home/fanyu/auditory_simulation_m6a/pub_01/s06/sparrkulee_v3.1/raw/derivatives/preprocessed_eeg/sub-011/ses-shortstories01/sub-011_ses-shortstories01_task-listeningActive_run-02_desc-preproc-audio-audiobook_2_2_eeg.npy,sub-011_ses-shortstories01_task-listeningActive_run-02_eeg.bdf.gz,/home/fanyu/auditory_simulation_m6a/pub_01/s06/sparrkulee_v3.1/raw/sub-011/ses-shortstories01/eeg/sub-011_ses-shortstories01_task-listeningActive_run-02_eeg.bdf.gz,PUBLIC,HOLD,False,0..63 in original order per publisher config,UNKNOWN,EEG per publisher dataset/config,UNKNOWN,UNKNOWN,UNKNOWN,microvolts by MNE volts x 1e6 contract; historical generator revision UNKNOWN,64,publisher highpass/artifact/MWF/CAR/resample; not repeated here,/home/fanyu/auditory_simulation_m6a/pub_01/s06/sparrkulee_v3.1/raw/sub-011/ses-shortstories01/eeg/sub-011_ses-shortstories01_task-listeningActive_run-02_stimulation.tsv,True,RAW_DOWNLOAD_PENDING
/home/fanyu/auditory_simulation_m6a/pub_01/s06/sparrkulee_v3.1/raw/derivatives/preprocessed_eeg/sub-011/ses-shortstories01/sub-011_ses-shortstories01_task-listeningActive_run-03_desc-preproc-audio-audiobook_4_eeg.npy,sub-011_ses-shortstories01_task-listeningActive_run-03_eeg.bdf.gz,/home/fanyu/auditory_simulation_m6a/pub_01/s06/sparrkulee_v3.1/raw/sub-011/ses-shortstories01/eeg/sub-011_ses-shortstories01_task-listeningActive_run-03_eeg.bdf.gz,PUBLIC,HOLD,False,0..63 in original order per publisher config,UNKNOWN,EEG per publisher dataset/config,UNKNOWN,UNKNOWN,UNKNOWN,microvolts by MNE volts x 1e6 contract; historical generator revision UNKNOWN,64,publisher highpass/artifact/MWF/CAR/resample; not repeated here,/home/fanyu/auditory_simulation_m6a/pub_01/s06/sparrkulee_v3.1/raw/sub-011/ses-shortstories01/eeg/sub-011_ses-shortstories01_task-listeningActive_run-03_stimulation.tsv,True,RAW_DOWNLOAD_PENDING
/home/fanyu/auditory_simulation_m6a/pub_01/s06/sparrkulee_v3.1/raw/derivatives/preprocessed_eeg/sub-011/ses-shortstories01/sub-011_ses-shortstories01_task-listeningActive_run-04_desc-preproc-audio-audiobook_3_eeg.npy,sub-011_ses-shortstories01_task-listeningActive_run-04_eeg.bdf.gz,/home/fanyu/auditory_simulation_m6a/pub_01/s06/sparrkulee_v3.1/raw/sub-011/ses-shortstories01/eeg/sub-011_ses-shortstories01_task-listeningActive_run-04_eeg.bdf.gz,PUBLIC,HOLD,False,0..63 in original order per publisher config,UNKNOWN,EEG per publisher dataset/config,UNKNOWN,UNKNOWN,UNKNOWN,microvolts by MNE volts x 1e6 contract; historical generator revision UNKNOWN,64,publisher highpass/artifact/MWF/CAR/resample; not repeated here,/home/fanyu/auditory_simulation_m6a/pub_01/s06/sparrkulee_v3.1/raw/sub-011/ses-shortstories01/eeg/sub-011_ses-shortstories01_task-listeningActive_run-04_stimulation.tsv,True,RAW_DOWNLOAD_PENDING
/home/fanyu/auditory_simulation_m6a/pub_01/s06/sparrkulee_v3.1/raw/derivatives/preprocessed_eeg/sub-011/ses-shortstories01/sub-011_ses-shortstories01_task-listeningActive_run-05_desc-preproc-audio-audiobook_1_eeg.npy,sub-011_ses-shortstories01_task-listeningActive_run-05_eeg.bdf.gz,/home/fanyu/auditory_simulation_m6a/pub_01/s06/sparrkulee_v3.1/raw/sub-011/ses-shortstories01/eeg/sub-011_ses-shortstories01_task-listeningActive_run-05_eeg.bdf.gz,PUBLIC,HOLD,False,0..63 in original order per publisher config,UNKNOWN,EEG per publisher dataset/config,UNKNOWN,UNKNOWN,UNKNOWN,microvolts by MNE volts x 1e6 contract; historical generator revision UNKNOWN,64,publisher highpass/artifact/MWF/CAR/resample; not repeated here,/home/fanyu/auditory_simulation_m6a/pub_01/s06/sparrkulee_v3.1/raw/sub-011/ses-shortstories01/eeg/sub-011_ses-shortstories01_task-listeningActive_run-05_stimulation.tsv,True,RAW_DOWNLOAD_PENDING
/home/fanyu/auditory_simulation_m6a/pub_01/s06/sparrkulee_v3.1/raw/derivatives/preprocessed_eeg/sub-011/ses-shortstories01/sub-011_ses-shortstories01_task-listeningActive_run-06_desc-preproc-audio-audiobook_6_1_eeg.npy,sub-011_ses-shortstories01_task-listeningActive_run-06_eeg.bdf.gz,/home/fanyu/auditory_simulation_m6a/pub_01/s06/sparrkulee_v3.1/raw/sub-011/ses-shortstories01/eeg/sub-011_ses-shortstories01_task-listeningActive_run-06_eeg.bdf.gz,PUBLIC,HOLD,False,0..63 in original order per publisher config,UNKNOWN,EEG per publisher dataset/config,UNKNOWN,UNKNOWN,UNKNOWN,microvolts by MNE volts x 1e6 contract; historical generator revision UNKNOWN,64,publisher highpass/artifact/MWF/CAR/resample; not repeated here,/home/fanyu/auditory_simulation_m6a/pub_01/s06/sparrkulee_v3.1/raw/sub-011/ses-shortstories01/eeg/sub-011_ses-shortstories01_task-listeningActive_run-06_stimulation.tsv,True,RAW_DOWNLOAD_PENDING
/home/fanyu/auditory_simulation_m6a/pub_01/s06/sparrkulee_v3.1/raw/derivatives/preprocessed_eeg/sub-011/ses-shortstories01/sub-011_ses-shortstories01_task-listeningActive_run-07_desc-preproc-audio-audiobook_6_2_eeg.npy,sub-011_ses-shortstories01_task-listeningActive_run-07_eeg.bdf.gz,/home/fanyu/auditory_simulation_m6a/pub_01/s06/sparrkulee_v3.1/raw/sub-011/ses-shortstories01/eeg/sub-011_ses-shortstories01_task-listeningActive_run-07_eeg.bdf.gz,PUBLIC,HOLD,False,0..63 in original order per publisher config,UNKNOWN,EEG per publisher dataset/config,UNKNOWN,UNKNOWN,UNKNOWN,microvolts by MNE volts x 1e6 contract; historical generator revision UNKNOWN,64,publisher highpass/artifact/MWF/CAR/resample; not repeated here,/home/fanyu/auditory_simulation_m6a/pub_01/s06/sparrkulee_v3.1/raw/sub-011/ses-shortstories01/eeg/sub-011_ses-shortstories01_task-listeningActive_run-07_stimulation.tsv,True,RAW_DOWNLOAD_PENDING
/home/fanyu/auditory_simulation_m6a/pub_01/s06/sparrkulee_v3.1/raw/derivatives/preprocessed_eeg/sub-011/ses-shortstories01/sub-011_ses-shortstories01_task-listeningActive_run-08_desc-preproc-audio-audiobook_5_1_eeg.npy,sub-011_ses-shortstories01_task-listeningActive_run-08_eeg.bdf.gz,/home/fanyu/auditory_simulation_m6a/pub_01/s06/sparrkulee_v3.1/raw/sub-011/ses-shortstories01/eeg/sub-011_ses-shortstories01_task-listeningActive_run-08_eeg.bdf.gz,PUBLIC,HOLD,False,0..63 in original order per publisher config,UNKNOWN,EEG per publisher dataset/config,UNKNOWN,UNKNOWN,UNKNOWN,microvolts by MNE volts x 1e6 contract; historical generator revision UNKNOWN,64,publisher highpass/artifact/MWF/CAR/resample; not repeated here,/home/fanyu/auditory_simulation_m6a/pub_01/s06/sparrkulee_v3.1/raw/sub-011/ses-shortstories01/eeg/sub-011_ses-shortstories01_task-listeningActive_run-08_stimulation.tsv,True,RAW_DOWNLOAD_PENDING
/home/fanyu/auditory_simulation_m6a/pub_01/s06/sparrkulee_v3.1/raw/derivatives/preprocessed_eeg/sub-011/ses-shortstories01/sub-011_ses-shortstories01_task-listeningActive_run-09_desc-preproc-audio-audiobook_5_2_eeg.npy,sub-011_ses-shortstories01_task-listeningActive_run-09_eeg.bdf.gz,/home/fanyu/auditory_simulation_m6a/pub_01/s06/sparrkulee_v3.1/raw/sub-011/ses-shortstories01/eeg/sub-011_ses-shortstories01_task-listeningActive_run-09_eeg.bdf.gz,PUBLIC,HOLD,False,0..63 in original order per publisher config,UNKNOWN,EEG per publisher dataset/config,UNKNOWN,UNKNOWN,UNKNOWN,microvolts by MNE volts x 1e6 contract; historical generator revision UNKNOWN,64,publisher highpass/artifact/MWF/CAR/resample; not repeated here,/home/fanyu/auditory_simulation_m6a/pub_01/s06/sparrkulee_v3.1/raw/sub-011/ses-shortstories01/eeg/sub-011_ses-shortstories01_task-listeningActive_run-09_stimulation.tsv,True,RAW_DOWNLOAD_PENDING
/home/fanyu/auditory_simulation_m6a/pub_01/s06/sparrkulee_v3.1/raw/derivatives/preprocessed_eeg/sub-011/ses-shortstories01/sub-011_ses-shortstories01_task-listeningActive_run-10_desc-preproc-audio-audiobook_5_3_eeg.npy,sub-011_ses-shortstories01_task-listeningActive_run-10_eeg.bdf.gz,/home/fanyu/auditory_simulation_m6a/pub_01/s06/sparrkulee_v3.1/raw/sub-011/ses-shortstories01/eeg/sub-011_ses-shortstories01_task-listeningActive_run-10_eeg.bdf.gz,PUBLIC,HOLD,False,0..63 in original order per publisher config,UNKNOWN,EEG per publisher dataset/config,UNKNOWN,UNKNOWN,UNKNOWN,microvolts by MNE volts x 1e6 contract; historical generator revision UNKNOWN,64,publisher highpass/artifact/MWF/CAR/resample; not repeated here,/home/fanyu/auditory_simulation_m6a/pub_01/s06/sparrkulee_v3.1/raw/sub-011/ses-shortstories01/eeg/sub-011_ses-shortstories01_task-listeningActive_run-10_stimulation.tsv,True,RAW_DOWNLOAD_PENDING
/home/fanyu/auditory_simulation_m6a/pub_01/s06/sparrkulee_v3.1/raw/derivatives/preprocessed_eeg/sub-012/ses-shortstories01/sub-012_ses-shortstories01_task-listeningActive_run-01_desc-preproc-audio-audiobook_6_1_eeg.npy,sub-012_ses-shortstories01_task-listeningActive_run-01_eeg.bdf.gz,/home/fanyu/auditory_simulation_m6a/pub_01/s06/sparrkulee_v3.1/raw/sub-012/ses-shortstories01/eeg/sub-012_ses-shortstories01_task-listeningActive_run-01_eeg.bdf.gz,PUBLIC,HOLD,False,0..63 in original order per publisher config,UNKNOWN,EEG per publisher dataset/config,UNKNOWN,UNKNOWN,UNKNOWN,microvolts by MNE volts x 1e6 contract; historical generator revision UNKNOWN,64,publisher highpass/artifact/MWF/CAR/resample; not repeated here,/home/fanyu/auditory_simulation_m6a/pub_01/s06/sparrkulee_v3.1/raw/sub-012/ses-shortstories01/eeg/sub-012_ses-shortstories01_task-listeningActive_run-01_stimulation.tsv,True,RAW_DOWNLOAD_PENDING
/home/fanyu/auditory_simulation_m6a/pub_01/s06/sparrkulee_v3.1/raw/derivatives/preprocessed_eeg/sub-012/ses-shortstories01/sub-012_ses-shortstories01_task-listeningActive_run-02_desc-preproc-audio-audiobook_6_2_eeg.npy,sub-012_ses-shortstories01_task-listeningActive_run-02_eeg.bdf.gz,/home/fanyu/auditory_simulation_m6a/pub_01/s06/sparrkulee_v3.1/raw/sub-012/ses-shortstories01/eeg/sub-012_ses-shortstories01_task-listeningActive_run-02_eeg.bdf.gz,PUBLIC,HOLD,False,0..63 in original order per publisher config,UNKNOWN,EEG per publisher dataset/config,UNKNOWN,UNKNOWN,UNKNOWN,microvolts by MNE volts x 1e6 contract; historical generator revision UNKNOWN,64,publisher highpass/artifact/MWF/CAR/resample; not repeated here,/home/fanyu/auditory_simulation_m6a/pub_01/s06/sparrkulee_v3.1/raw/sub-012/ses-shortstories01/eeg/sub-012_ses-shortstories01_task-listeningActive_run-02_stimulation.tsv,True,RAW_DOWNLOAD_PENDING
/home/fanyu/auditory_simulation_m6a/pub_01/s06/sparrkulee_v3.1/raw/derivatives/preprocessed_eeg/sub-012/ses-shortstories01/sub-012_ses-shortstories01_task-listeningActive_run-03_desc-preproc-audio-audiobook_4_eeg.npy,sub-012_ses-shortstories01_task-listeningActive_run-03_eeg.bdf.gz,/home/fanyu/auditory_simulation_m6a/pub_01/s06/sparrkulee_v3.1/raw/sub-012/ses-shortstories01/eeg/sub-012_ses-shortstories01_task-listeningActive_run-03_eeg.bdf.gz,PUBLIC,HOLD,False,0..63 in original order per publisher config,UNKNOWN,EEG per publisher dataset/config,UNKNOWN,UNKNOWN,UNKNOWN,microvolts by MNE volts x 1e6 contract; historical generator revision UNKNOWN,64,publisher highpass/artifact/MWF/CAR/resample; not repeated here,/home/fanyu/auditory_simulation_m6a/pub_01/s06/sparrkulee_v3.1/raw/sub-012/ses-shortstories01/eeg/sub-012_ses-shortstories01_task-listeningActive_run-03_stimulation.tsv,True,RAW_DOWNLOAD_PENDING
/home/fanyu/auditory_simulation_m6a/pub_01/s06/sparrkulee_v3.1/raw/derivatives/preprocessed_eeg/sub-012/ses-shortstories01/sub-012_ses-shortstories01_task-listeningActive_run-04_desc-preproc-audio-audiobook_1_eeg.npy,sub-012_ses-shortstories01_task-listeningActive_run-04_eeg.bdf.gz,/home/fanyu/auditory_simulation_m6a/pub_01/s06/sparrkulee_v3.1/raw/sub-012/ses-shortstories01/eeg/sub-012_ses-shortstories01_task-listeningActive_run-04_eeg.bdf.gz,PUBLIC,HOLD,False,0..63 in original order per publisher config,UNKNOWN,EEG per publisher dataset/config,UNKNOWN,UNKNOWN,UNKNOWN,microvolts by MNE volts x 1e6 contract; historical generator revision UNKNOWN,64,publisher highpass/artifact/MWF/CAR/resample; not repeated here,/home/fanyu/auditory_simulation_m6a/pub_01/s06/sparrkulee_v3.1/raw/sub-012/ses-shortstories01/eeg/sub-012_ses-shortstories01_task-listeningActive_run-04_stimulation.tsv,True,RAW_DOWNLOAD_PENDING
/home/fanyu/auditory_simulation_m6a/pub_01/s06/sparrkulee_v3.1/raw/derivatives/preprocessed_eeg/sub-012/ses-shortstories01/sub-012_ses-shortstories01_task-listeningActive_run-05_desc-preproc-audio-audiobook_2_1_eeg.npy,sub-012_ses-shortstories01_task-listeningActive_run-05_eeg.bdf.gz,/home/fanyu/auditory_simulation_m6a/pub_01/s06/sparrkulee_v3.1/raw/sub-012/ses-shortstories01/eeg/sub-012_ses-shortstories01_task-listeningActive_run-05_eeg.bdf.gz,PUBLIC,HOLD,False,0..63 in original order per publisher config,UNKNOWN,EEG per publisher dataset/config,UNKNOWN,UNKNOWN,UNKNOWN,microvolts by MNE volts x 1e6 contract; historical generator revision UNKNOWN,64,publisher highpass/artifact/MWF/CAR/resample; not repeated here,/home/fanyu/auditory_simulation_m6a/pub_01/s06/sparrkulee_v3.1/raw/sub-012/ses-shortstories01/eeg/sub-012_ses-shortstories01_task-listeningActive_run-05_stimulation.tsv,True,RAW_DOWNLOAD_PENDING
/home/fanyu/auditory_simulation_m6a/pub_01/s06/sparrkulee_v3.1/raw/derivatives/preprocessed_eeg/sub-012/ses-shortstories01/sub-012_ses-shortstories01_task-listeningActive_run-06_desc-preproc-audio-audiobook_2_2_eeg.npy,sub-012_ses-shortstories01_task-listeningActive_run-06_eeg.bdf.gz,/home/fanyu/auditory_simulation_m6a/pub_01/s06/sparrkulee_v3.1/raw/sub-012/ses-shortstories01/eeg/sub-012_ses-shortstories01_task-listeningActive_run-06_eeg.bdf.gz,PUBLIC,HOLD,False,0..63 in original order per publisher config,UNKNOWN,EEG per publisher dataset/config,UNKNOWN,UNKNOWN,UNKNOWN,microvolts by MNE volts x 1e6 contract; historical generator revision UNKNOWN,64,publisher highpass/artifact/MWF/CAR/resample; not repeated here,/home/fanyu/auditory_simulation_m6a/pub_01/s06/sparrkulee_v3.1/raw/sub-012/ses-shortstories01/eeg/sub-012_ses-shortstories01_task-listeningActive_run-06_stimulation.tsv,True,RAW_DOWNLOAD_PENDING
/home/fanyu/auditory_simulation_m6a/pub_01/s06/sparrkulee_v3.1/raw/derivatives/preprocessed_eeg/sub-012/ses-shortstories01/sub-012_ses-shortstories01_task-listeningActive_run-07_desc-preproc-audio-audiobook_5_1_eeg.npy,sub-012_ses-shortstories01_task-listeningActive_run-07_eeg.bdf.gz,/home/fanyu/auditory_simulation_m6a/pub_01/s06/sparrkulee_v3.1/raw/sub-012/ses-shortstories01/eeg/sub-012_ses-shortstories01_task-listeningActive_run-07_eeg.bdf.gz,PUBLIC,HOLD,False,0..63 in original order per publisher config,UNKNOWN,EEG per publisher dataset/config,UNKNOWN,UNKNOWN,UNKNOWN,microvolts by MNE volts x 1e6 contract; historical generator revision UNKNOWN,64,publisher highpass/artifact/MWF/CAR/resample; not repeated here,/home/fanyu/auditory_simulation_m6a/pub_01/s06/sparrkulee_v3.1/raw/sub-012/ses-shortstories01/eeg/sub-012_ses-shortstories01_task-listeningActive_run-07_stimulation.tsv,True,RAW_DOWNLOAD_PENDING
/home/fanyu/auditory_simulation_m6a/pub_01/s06/sparrkulee_v3.1/raw/derivatives/preprocessed_eeg/sub-012/ses-shortstories01/sub-012_ses-shortstories01_task-listeningActive_run-08_desc-preproc-audio-audiobook_5_2_eeg.npy,sub-012_ses-shortstories01_task-listeningActive_run-08_eeg.bdf.gz,/home/fanyu/auditory_simulation_m6a/pub_01/s06/sparrkulee_v3.1/raw/sub-012/ses-shortstories01/eeg/sub-012_ses-shortstories01_task-listeningActive_run-08_eeg.bdf.gz,PUBLIC,HOLD,False,0..63 in original order per publisher config,UNKNOWN,EEG per publisher dataset/config,UNKNOWN,UNKNOWN,UNKNOWN,microvolts by MNE volts x 1e6 contract; historical generator revision UNKNOWN,64,publisher highpass/artifact/MWF/CAR/resample; not repeated here,/home/fanyu/auditory_simulation_m6a/pub_01/s06/sparrkulee_v3.1/raw/sub-012/ses-shortstories01/eeg/sub-012_ses-shortstories01_task-listeningActive_run-08_stimulation.tsv,True,RAW_DOWNLOAD_PENDING
/home/fanyu/auditory_simulation_m6a/pub_01/s06/sparrkulee_v3.1/raw/derivatives/preprocessed_eeg/sub-012/ses-shortstories01/sub-012_ses-shortstories01_task-listeningActive_run-09_desc-preproc-audio-audiobook_5_3_eeg.npy,sub-012_ses-shortstories01_task-listeningActive_run-09_eeg.bdf.gz,/home/fanyu/auditory_simulation_m6a/pub_01/s06/sparrkulee_v3.1/raw/sub-012/ses-shortstories01/eeg/sub-012_ses-shortstories01_task-listeningActive_run-09_eeg.bdf.gz,PUBLIC,HOLD,False,0..63 in original order per publisher config,UNKNOWN,EEG per publisher dataset/config,UNKNOWN,UNKNOWN,UNKNOWN,microvolts by MNE volts x 1e6 contract; historical generator revision UNKNOWN,64,publisher highpass/artifact/MWF/CAR/resample; not repeated here,/home/fanyu/auditory_simulation_m6a/pub_01/s06/sparrkulee_v3.1/raw/sub-012/ses-shortstories01/eeg/sub-012_ses-shortstories01_task-listeningActive_run-09_stimulation.tsv,True,RAW_DOWNLOAD_PENDING
/home/fanyu/auditory_simulation_m6a/pub_01/s06/sparrkulee_v3.1/raw/derivatives/preprocessed_eeg/sub-012/ses-shortstories01/sub-012_ses-shortstories01_task-listeningActive_run-10_desc-preproc-audio-audiobook_3_eeg.npy,sub-012_ses-shortstories01_task-listeningActive_run-10_eeg.bdf.gz,/home/fanyu/auditory_simulation_m6a/pub_01/s06/sparrkulee_v3.1/raw/sub-012/ses-shortstories01/eeg/sub-012_ses-shortstories01_task-listeningActive_run-10_eeg.bdf.gz,PUBLIC,HOLD,False,0..63 in original order per publisher config,UNKNOWN,EEG per publisher dataset/config,UNKNOWN,UNKNOWN,UNKNOWN,microvolts by MNE volts x 1e6 contract; historical generator revision UNKNOWN,64,publisher highpass/artifact/MWF/CAR/resample; not repeated here,/home/fanyu/auditory_simulation_m6a/pub_01/s06/sparrkulee_v3.1/raw/sub-012/ses-shortstories01/eeg/sub-012_ses-shortstories01_task-listeningActive_run-10_stimulation.tsv,True,RAW_DOWNLOAD_PENDING
/home/fanyu/auditory_simulation_m6a/pub_01/s06/sparrkulee_v3.1/raw/derivatives/preprocessed_eeg/sub-013/ses-shortstories01/sub-013_ses-shortstories01_task-listeningActive_run-01_desc-preproc-audio-audiobook_3_eeg.npy,sub-013_ses-shortstories01_task-listeningActive_run-01_eeg.bdf.gz,/home/fanyu/auditory_simulation_m6a/pub_01/s06/sparrkulee_v3.1/raw/sub-013/ses-shortstories01/eeg/sub-013_ses-shortstories01_task-listeningActive_run-01_eeg.bdf.gz,PUBLIC,HOLD,False,0..63 in original order per publisher config,UNKNOWN,EEG per publisher dataset/config,UNKNOWN,UNKNOWN,UNKNOWN,microvolts by MNE volts x 1e6 contract; historical generator revision UNKNOWN,64,publisher highpass/artifact/MWF/CAR/resample; not repeated here,/home/fanyu/auditory_simulation_m6a/pub_01/s06/sparrkulee_v3.1/raw/sub-013/ses-shortstories01/eeg/sub-013_ses-shortstories01_task-listeningActive_run-01_stimulation.tsv,True,RAW_DOWNLOAD_PENDING
/home/fanyu/auditory_simulation_m6a/pub_01/s06/sparrkulee_v3.1/raw/derivatives/preprocessed_eeg/sub-013/ses-shortstories01/sub-013_ses-shortstories01_task-listeningActive_run-02_desc-preproc-audio-audiobook_4_eeg.npy,sub-013_ses-shortstories01_task-listeningActive_run-02_eeg.bdf.gz,/home/fanyu/auditory_simulation_m6a/pub_01/s06/sparrkulee_v3.1/raw/sub-013/ses-shortstories01/eeg/sub-013_ses-shortstories01_task-listeningActive_run-02_eeg.bdf.gz,PUBLIC,HOLD,False,0..63 in original order per publisher config,UNKNOWN,EEG per publisher dataset/config,UNKNOWN,UNKNOWN,UNKNOWN,microvolts by MNE volts x 1e6 contract; historical generator revision UNKNOWN,64,publisher highpass/artifact/MWF/CAR/resample; not repeated here,/home/fanyu/auditory_simulation_m6a/pub_01/s06/sparrkulee_v3.1/raw/sub-013/ses-shortstories01/eeg/sub-013_ses-shortstories01_task-listeningActive_run-02_stimulation.tsv,True,RAW_DOWNLOAD_PENDING
/home/fanyu/auditory_simulation_m6a/pub_01/s06/sparrkulee_v3.1/raw/derivatives/preprocessed_eeg/sub-013/ses-shortstories01/sub-013_ses-shortstories01_task-listeningActive_run-03_desc-preproc-audio-audiobook_1_eeg.npy,sub-013_ses-shortstories01_task-listeningActive_run-03_eeg.bdf.gz,/home/fanyu/auditory_simulation_m6a/pub_01/s06/sparrkulee_v3.1/raw/sub-013/ses-shortstories01/eeg/sub-013_ses-shortstories01_task-listeningActive_run-03_eeg.bdf.gz,PUBLIC,HOLD,False,0..63 in original order per publisher config,UNKNOWN,EEG per publisher dataset/config,UNKNOWN,UNKNOWN,UNKNOWN,microvolts by MNE volts x 1e6 contract; historical generator revision UNKNOWN,64,publisher highpass/artifact/MWF/CAR/resample; not repeated here,/home/fanyu/auditory_simulation_m6a/pub_01/s06/sparrkulee_v3.1/raw/sub-013/ses-shortstories01/eeg/sub-013_ses-shortstories01_task-listeningActive_run-03_stimulation.tsv,True,RAW_DOWNLOAD_PENDING
/home/fanyu/auditory_simulation_m6a/pub_01/s06/sparrkulee_v3.1/raw/derivatives/preprocessed_eeg/sub-013/ses-shortstories01/sub-013_ses-shortstories01_task-listeningActive_run-04_desc-preproc-audio-audiobook_2_1_eeg.npy,sub-013_ses-shortstories01_task-listeningActive_run-04_eeg.bdf.gz,/home/fanyu/auditory_simulation_m6a/pub_01/s06/sparrkulee_v3.1/raw/sub-013/ses-shortstories01/eeg/sub-013_ses-shortstories01_task-listeningActive_run-04_eeg.bdf.gz,PUBLIC,HOLD,False,0..63 in original order per publisher config,UNKNOWN,EEG per publisher dataset/config,UNKNOWN,UNKNOWN,UNKNOWN,microvolts by MNE volts x 1e6 contract; historical generator revision UNKNOWN,64,publisher highpass/artifact/MWF/CAR/resample; not repeated here,/home/fanyu/auditory_simulation_m6a/pub_01/s06/sparrkulee_v3.1/raw/sub-013/ses-shortstories01/eeg/sub-013_ses-shortstories01_task-listeningActive_run-04_stimulation.tsv,True,RAW_DOWNLOAD_PENDING
/home/fanyu/auditory_simulation_m6a/pub_01/s06/sparrkulee_v3.1/raw/derivatives/preprocessed_eeg/sub-013/ses-shortstories01/sub-013_ses-shortstories01_task-listeningActive_run-05_desc-preproc-audio-audiobook_2_2_eeg.npy,sub-013_ses-shortstories01_task-listeningActive_run-05_eeg.bdf.gz,/home/fanyu/auditory_simulation_m6a/pub_01/s06/sparrkulee_v3.1/raw/sub-013/ses-shortstories01/eeg/sub-013_ses-shortstories01_task-listeningActive_run-05_eeg.bdf.gz,PUBLIC,HOLD,False,0..63 in original order per publisher config,UNKNOWN,EEG per publisher dataset/config,UNKNOWN,UNKNOWN,UNKNOWN,microvolts by MNE volts x 1e6 contract; historical generator revision UNKNOWN,64,publisher highpass/artifact/MWF/CAR/resample; not repeated here,/home/fanyu/auditory_simulation_m6a/pub_01/s06/sparrkulee_v3.1/raw/sub-013/ses-shortstories01/eeg/sub-013_ses-shortstories01_task-listeningActive_run-05_stimulation.tsv,True,RAW_DOWNLOAD_PENDING
/home/fanyu/auditory_simulation_m6a/pub_01/s06/sparrkulee_v3.1/raw/derivatives/preprocessed_eeg/sub-013/ses-shortstories01/sub-013_ses-shortstories01_task-listeningActive_run-06_desc-preproc-audio-audiobook_5_1_eeg.npy,sub-013_ses-shortstories01_task-listeningActive_run-06_eeg.bdf.gz,/home/fanyu/auditory_simulation_m6a/pub_01/s06/sparrkulee_v3.1/raw/sub-013/ses-shortstories01/eeg/sub-013_ses-shortstories01_task-listeningActive_run-06_eeg.bdf.gz,PUBLIC,HOLD,False,0..63 in original order per publisher config,UNKNOWN,EEG per publisher dataset/config,UNKNOWN,UNKNOWN,UNKNOWN,microvolts by MNE volts x 1e6 contract; historical generator revision UNKNOWN,64,publisher highpass/artifact/MWF/CAR/resample; not repeated here,/home/fanyu/auditory_simulation_m6a/pub_01/s06/sparrkulee_v3.1/raw/sub-013/ses-shortstories01/eeg/sub-013_ses-shortstories01_task-listeningActive_run-06_stimulation.tsv,True,RAW_DOWNLOAD_PENDING
/home/fanyu/auditory_simulation_m6a/pub_01/s06/sparrkulee_v3.1/raw/derivatives/preprocessed_eeg/sub-013/ses-shortstories01/sub-013_ses-shortstories01_task-listeningActive_run-07_desc-preproc-audio-audiobook_5_2_eeg.npy,sub-013_ses-shortstories01_task-listeningActive_run-07_eeg.bdf.gz,/home/fanyu/auditory_simulation_m6a/pub_01/s06/sparrkulee_v3.1/raw/sub-013/ses-shortstories01/eeg/sub-013_ses-shortstories01_task-listeningActive_run-07_eeg.bdf.gz,PUBLIC,HOLD,False,0..63 in original order per publisher config,UNKNOWN,EEG per publisher dataset/config,UNKNOWN,UNKNOWN,UNKNOWN,microvolts by MNE volts x 1e6 contract; historical generator revision UNKNOWN,64,publisher highpass/artifact/MWF/CAR/resample; not repeated here,/home/fanyu/auditory_simulation_m6a/pub_01/s06/sparrkulee_v3.1/raw/sub-013/ses-shortstories01/eeg/sub-013_ses-shortstories01_task-listeningActive_run-07_stimulation.tsv,True,RAW_DOWNLOAD_PENDING
/home/fanyu/auditory_simulation_m6a/pub_01/s06/sparrkulee_v3.1/raw/derivatives/preprocessed_eeg/sub-013/ses-shortstories01/sub-013_ses-shortstories01_task-listeningActive_run-08_desc-preproc-audio-audiobook_5_3_eeg.npy,sub-013_ses-shortstories01_task-listeningActive_run-08_eeg.bdf.gz,/home/fanyu/auditory_simulation_m6a/pub_01/s06/sparrkulee_v3.1/raw/sub-013/ses-shortstories01/eeg/sub-013_ses-shortstories01_task-listeningActive_run-08_eeg.bdf.gz,PUBLIC,HOLD,False,0..63 in original order per publisher config,UNKNOWN,EEG per publisher dataset/config,UNKNOWN,UNKNOWN,UNKNOWN,microvolts by MNE volts x 1e6 contract; historical generator revision UNKNOWN,64,publisher highpass/artifact/MWF/CAR/resample; not repeated here,/home/fanyu/auditory_simulation_m6a/pub_01/s06/sparrkulee_v3.1/raw/sub-013/ses-shortstories01/eeg/sub-013_ses-shortstories01_task-listeningActive_run-08_stimulation.tsv,True,RAW_DOWNLOAD_PENDING
/home/fanyu/auditory_simulation_m6a/pub_01/s06/sparrkulee_v3.1/raw/derivatives/preprocessed_eeg/sub-013/ses-shortstories01/sub-013_ses-shortstories01_task-listeningActive_run-09_desc-preproc-audio-audiobook_6_1_eeg.npy,sub-013_ses-shortstories01_task-listeningActive_run-09_eeg.bdf.gz,/home/fanyu/auditory_simulation_m6a/pub_01/s06/sparrkulee_v3.1/raw/sub-013/ses-shortstories01/eeg/sub-013_ses-shortstories01_task-listeningActive_run-09_eeg.bdf.gz,PUBLIC,HOLD,False,0..63 in original order per publisher config,UNKNOWN,EEG per publisher dataset/config,UNKNOWN,UNKNOWN,UNKNOWN,microvolts by MNE volts x 1e6 contract; historical generator revision UNKNOWN,64,publisher highpass/artifact/MWF/CAR/resample; not repeated here,/home/fanyu/auditory_simulation_m6a/pub_01/s06/sparrkulee_v3.1/raw/sub-013/ses-shortstories01/eeg/sub-013_ses-shortstories01_task-listeningActive_run-09_stimulation.tsv,True,RAW_DOWNLOAD_PENDING
/home/fanyu/auditory_simulation_m6a/pub_01/s06/sparrkulee_v3.1/raw/derivatives/preprocessed_eeg/sub-013/ses-shortstories01/sub-013_ses-shortstories01_task-listeningActive_run-10_desc-preproc-audio-audiobook_6_2_eeg.npy,sub-013_ses-shortstories01_task-listeningActive_run-10_eeg.bdf.gz,/home/fanyu/auditory_simulation_m6a/pub_01/s06/sparrkulee_v3.1/raw/sub-013/ses-shortstories01/eeg/sub-013_ses-shortstories01_task-listeningActive_run-10_eeg.bdf.gz,PUBLIC,HOLD,False,0..63 in original order per publisher config,UNKNOWN,EEG per publisher dataset/config,UNKNOWN,UNKNOWN,UNKNOWN,microvolts by MNE volts x 1e6 contract; historical generator revision UNKNOWN,64,publisher highpass/artifact/MWF/CAR/resample; not repeated here,/home/fanyu/auditory_simulation_m6a/pub_01/s06/sparrkulee_v3.1/raw/sub-013/ses-shortstories01/eeg/sub-013_ses-shortstories01_task-listeningActive_run-10_stimulation.tsv,True,RAW_DOWNLOAD_PENDING
/home/fanyu/auditory_simulation_m6a/pub_01/s06/sparrkulee_v3.1/raw/derivatives/preprocessed_eeg/sub-014/ses-shortstories01/sub-014_ses-shortstories01_task-listeningActive_run-01_desc-preproc-audio-audiobook_1_1_eeg.npy,sub-014_ses-shortstories01_task-listeningActive_run-01_eeg.bdf.gz,/home/fanyu/auditory_simulation_m6a/pub_01/s06/sparrkulee_v3.1/raw/sub-014/ses-shortstories01/eeg/sub-014_ses-shortstories01_task-listeningActive_run-01_eeg.bdf.gz,PUBLIC,HOLD,False,0..63 in original order per publisher config,UNKNOWN,EEG per publisher dataset/config,UNKNOWN,UNKNOWN,UNKNOWN,microvolts by MNE volts x 1e6 contract; historical generator revision UNKNOWN,64,publisher highpass/artifact/MWF/CAR/resample; not repeated here,/home/fanyu/auditory_simulation_m6a/pub_01/s06/sparrkulee_v3.1/raw/sub-014/ses-shortstories01/eeg/sub-014_ses-shortstories01_task-listeningActive_run-01_stimulation.tsv,True,RAW_DOWNLOAD_PENDING
/home/fanyu/auditory_simulation_m6a/pub_01/s06/sparrkulee_v3.1/raw/derivatives/preprocessed_eeg/sub-014/ses-shortstories01/sub-014_ses-shortstories01_task-listeningActive_run-02_desc-preproc-audio-audiobook_1_2_shifted_eeg.npy,sub-014_ses-shortstories01_task-listeningActive_run-02_eeg.bdf.gz,/home/fanyu/auditory_simulation_m6a/pub_01/s06/sparrkulee_v3.1/raw/sub-014/ses-shortstories01/eeg/sub-014_ses-shortstories01_task-listeningActive_run-02_eeg.bdf.gz,PUBLIC,HOLD,False,0..63 in original order per publisher config,UNKNOWN,EEG per publisher dataset/config,UNKNOWN,UNKNOWN,UNKNOWN,microvolts by MNE volts x 1e6 contract; historical generator revision UNKNOWN,64,publisher highpass/artifact/MWF/CAR/resample; not repeated here,/home/fanyu/auditory_simulation_m6a/pub_01/s06/sparrkulee_v3.1/raw/sub-014/ses-shortstories01/eeg/sub-014_ses-shortstories01_task-listeningActive_run-02_stimulation.tsv,True,RAW_DOWNLOAD_PENDING
/home/fanyu/auditory_simulation_m6a/pub_01/s06/sparrkulee_v3.1/raw/derivatives/preprocessed_eeg/sub-014/ses-shortstories01/sub-014_ses-shortstories01_task-listeningActive_run-03_desc-preproc-audio-audiobook_4_eeg.npy,sub-014_ses-shortstories01_task-listeningActive_run-03_eeg.bdf.gz,/home/fanyu/auditory_simulation_m6a/pub_01/s06/sparrkulee_v3.1/raw/sub-014/ses-shortstories01/eeg/sub-014_ses-shortstories01_task-listeningActive_run-03_eeg.bdf.gz,PUBLIC,HOLD,False,0..63 in original order per publisher config,UNKNOWN,EEG per publisher dataset/config,UNKNOWN,UNKNOWN,UNKNOWN,microvolts by MNE volts x 1e6 contract; historical generator revision UNKNOWN,64,publisher highpass/artifact/MWF/CAR/resample; not repeated here,/home/fanyu/auditory_simulation_m6a/pub_01/s06/sparrkulee_v3.1/raw/sub-014/ses-shortstories01/eeg/sub-014_ses-shortstories01_task-listeningActive_run-03_stimulation.tsv,True,RAW_DOWNLOAD_PENDING
/home/fanyu/auditory_simulation_m6a/pub_01/s06/sparrkulee_v3.1/raw/derivatives/preprocessed_eeg/sub-014/ses-shortstories01/sub-014_ses-shortstories01_task-listeningActive_run-04_desc-preproc-audio-audiobook_2_1_eeg.npy,sub-014_ses-shortstories01_task-listeningActive_run-04_eeg.bdf.gz,/home/fanyu/auditory_simulation_m6a/pub_01/s06/sparrkulee_v3.1/raw/sub-014/ses-shortstories01/eeg/sub-014_ses-shortstories01_task-listeningActive_run-04_eeg.bdf.gz,PUBLIC,HOLD,False,0..63 in original order per publisher config,UNKNOWN,EEG per publisher dataset/config,UNKNOWN,UNKNOWN,UNKNOWN,microvolts by MNE volts x 1e6 contract; historical generator revision UNKNOWN,64,publisher highpass/artifact/MWF/CAR/resample; not repeated here,/home/fanyu/auditory_simulation_m6a/pub_01/s06/sparrkulee_v3.1/raw/sub-014/ses-shortstories01/eeg/sub-014_ses-shortstories01_task-listeningActive_run-04_stimulation.tsv,True,RAW_DOWNLOAD_PENDING
/home/fanyu/auditory_simulation_m6a/pub_01/s06/sparrkulee_v3.1/raw/derivatives/preprocessed_eeg/sub-014/ses-shortstories01/sub-014_ses-shortstories01_task-listeningActive_run-05_desc-preproc-audio-audiobook_2_2_eeg.npy,sub-014_ses-shortstories01_task-listeningActive_run-05_eeg.bdf.gz,/home/fanyu/auditory_simulation_m6a/pub_01/s06/sparrkulee_v3.1/raw/sub-014/ses-shortstories01/eeg/sub-014_ses-shortstories01_task-listeningActive_run-05_eeg.bdf.gz,PUBLIC,HOLD,False,0..63 in original order per publisher config,UNKNOWN,EEG per publisher dataset/config,UNKNOWN,UNKNOWN,UNKNOWN,microvolts by MNE volts x 1e6 contract; historical generator revision UNKNOWN,64,publisher highpass/artifact/MWF/CAR/resample; not repeated here,/home/fanyu/auditory_simulation_m6a/pub_01/s06/sparrkulee_v3.1/raw/sub-014/ses-shortstories01/eeg/sub-014_ses-shortstories01_task-listeningActive_run-05_stimulation.tsv,True,RAW_DOWNLOAD_PENDING
/home/fanyu/auditory_simulation_m6a/pub_01/s06/sparrkulee_v3.1/raw/derivatives/preprocessed_eeg/sub-014/ses-shortstories01/sub-014_ses-shortstories01_task-listeningActive_run-06_desc-preproc-audio-audiobook_5_1_eeg.npy,sub-014_ses-shortstories01_task-listeningActive_run-06_eeg.bdf.gz,/home/fanyu/auditory_simulation_m6a/pub_01/s06/sparrkulee_v3.1/raw/sub-014/ses-shortstories01/eeg/sub-014_ses-shortstories01_task-listeningActive_run-06_eeg.bdf.gz,PUBLIC,HOLD,False,0..63 in original order per publisher config,UNKNOWN,EEG per publisher dataset/config,UNKNOWN,UNKNOWN,UNKNOWN,microvolts by MNE volts x 1e6 contract; historical generator revision UNKNOWN,64,publisher highpass/artifact/MWF/CAR/resample; not repeated here,/home/fanyu/auditory_simulation_m6a/pub_01/s06/sparrkulee_v3.1/raw/sub-014/ses-shortstories01/eeg/sub-014_ses-shortstories01_task-listeningActive_run-06_stimulation.tsv,True,RAW_DOWNLOAD_PENDING
/home/fanyu/auditory_simulation_m6a/pub_01/s06/sparrkulee_v3.1/raw/derivatives/preprocessed_eeg/sub-014/ses-shortstories01/sub-014_ses-shortstories01_task-listeningActive_run-07_desc-preproc-audio-audiobook_5_2_eeg.npy,sub-014_ses-shortstories01_task-listeningActive_run-07_eeg.bdf.gz,/home/fanyu/auditory_simulation_m6a/pub_01/s06/sparrkulee_v3.1/raw/sub-014/ses-shortstories01/eeg/sub-014_ses-shortstories01_task-listeningActive_run-07_eeg.bdf.gz,PUBLIC,HOLD,False,0..63 in original order per publisher config,UNKNOWN,EEG per publisher dataset/config,UNKNOWN,UNKNOWN,UNKNOWN,microvolts by MNE volts x 1e6 contract; historical generator revision UNKNOWN,64,publisher highpass/artifact/MWF/CAR/resample; not repeated here,/home/fanyu/auditory_simulation_m6a/pub_01/s06/sparrkulee_v3.1/raw/sub-014/ses-shortstories01/eeg/sub-014_ses-shortstories01_task-listeningActive_run-07_stimulation.tsv,True,RAW_DOWNLOAD_PENDING
/home/fanyu/auditory_simulation_m6a/pub_01/s06/sparrkulee_v3.1/raw/derivatives/preprocessed_eeg/sub-014/ses-shortstories01/sub-014_ses-shortstories01_task-listeningActive_run-08_desc-preproc-audio-audiobook_5_3_eeg.npy,sub-014_ses-shortstories01_task-listeningActive_run-08_eeg.bdf.gz,/home/fanyu/auditory_simulation_m6a/pub_01/s06/sparrkulee_v3.1/raw/sub-014/ses-shortstories01/eeg/sub-014_ses-shortstories01_task-listeningActive_run-08_eeg.bdf.gz,PUBLIC,HOLD,False,0..63 in original order per publisher config,UNKNOWN,EEG per publisher dataset/config,UNKNOWN,UNKNOWN,UNKNOWN,microvolts by MNE volts x 1e6 contract; historical generator revision UNKNOWN,64,publisher highpass/artifact/MWF/CAR/resample; not repeated here,/home/fanyu/auditory_simulation_m6a/pub_01/s06/sparrkulee_v3.1/raw/sub-014/ses-shortstories01/eeg/sub-014_ses-shortstories01_task-listeningActive_run-08_stimulation.tsv,True,RAW_DOWNLOAD_PENDING
/home/fanyu/auditory_simulation_m6a/pub_01/s06/sparrkulee_v3.1/raw/derivatives/preprocessed_eeg/sub-014/ses-shortstories01/sub-014_ses-shortstories01_task-listeningActive_run-09_desc-preproc-audio-audiobook_3_eeg.npy,sub-014_ses-shortstories01_task-listeningActive_run-09_eeg.bdf.gz,/home/fanyu/auditory_simulation_m6a/pub_01/s06/sparrkulee_v3.1/raw/sub-014/ses-shortstories01/eeg/sub-014_ses-shortstories01_task-listeningActive_run-09_eeg.bdf.gz,PUBLIC,HOLD,False,0..63 in original order per publisher config,UNKNOWN,EEG per publisher dataset/config,UNKNOWN,UNKNOWN,UNKNOWN,microvolts by MNE volts x 1e6 contract; historical generator revision UNKNOWN,64,publisher highpass/artifact/MWF/CAR/resample; not repeated here,/home/fanyu/auditory_simulation_m6a/pub_01/s06/sparrkulee_v3.1/raw/sub-014/ses-shortstories01/eeg/sub-014_ses-shortstories01_task-listeningActive_run-09_stimulation.tsv,True,RAW_DOWNLOAD_PENDING
/home/fanyu/auditory_simulation_m6a/pub_01/s06/sparrkulee_v3.1/raw/derivatives/preprocessed_eeg/sub-014/ses-shortstories01/sub-014_ses-shortstories01_task-listeningActive_run-10_desc-preproc-audio-audiobook_6_1_eeg.npy,sub-014_ses-shortstories01_task-listeningActive_run-10_eeg.bdf.gz,/home/fanyu/auditory_simulation_m6a/pub_01/s06/sparrkulee_v3.1/raw/sub-014/ses-shortstories01/eeg/sub-014_ses-shortstories01_task-listeningActive_run-10_eeg.bdf.gz,PUBLIC,HOLD,False,0..63 in original order per publisher config,UNKNOWN,EEG per publisher dataset/config,UNKNOWN,UNKNOWN,UNKNOWN,microvolts by MNE volts x 1e6 contract; historical generator revision UNKNOWN,64,publisher highpass/artifact/MWF/CAR/resample; not repeated here,/home/fanyu/auditory_simulation_m6a/pub_01/s06/sparrkulee_v3.1/raw/sub-014/ses-shortstories01/eeg/sub-014_ses-shortstories01_task-listeningActive_run-10_stimulation.tsv,True,RAW_DOWNLOAD_PENDING
/home/fanyu/auditory_simulation_m6a/pub_01/s06/sparrkulee_v3.1/raw/derivatives/preprocessed_eeg/sub-014/ses-shortstories01/sub-014_ses-shortstories01_task-listeningActive_run-11_desc-preproc-audio-audiobook_6_2_eeg.npy,sub-014_ses-shortstories01_task-listeningActive_run-11_eeg.bdf.gz,/home/fanyu/auditory_simulation_m6a/pub_01/s06/sparrkulee_v3.1/raw/sub-014/ses-shortstories01/eeg/sub-014_ses-shortstories01_task-listeningActive_run-11_eeg.bdf.gz,PUBLIC,HOLD,False,0..63 in original order per publisher config,UNKNOWN,EEG per publisher dataset/config,UNKNOWN,UNKNOWN,UNKNOWN,microvolts by MNE volts x 1e6 contract; historical generator revision UNKNOWN,64,publisher highpass/artifact/MWF/CAR/resample; not repeated here,/home/fanyu/auditory_simulation_m6a/pub_01/s06/sparrkulee_v3.1/raw/sub-014/ses-shortstories01/eeg/sub-014_ses-shortstories01_task-listeningActive_run-11_stimulation.tsv,True,RAW_DOWNLOAD_PENDING
/home/fanyu/auditory_simulation_m6a/pub_01/s06/sparrkulee_v3.1/raw/derivatives/preprocessed_eeg/sub-015/ses-shortstories01/sub-015_ses-shortstories01_task-listeningActive_run-01_desc-preproc-audio-audiobook_2_1_eeg.npy,sub-015_ses-shortstories01_task-listeningActive_run-01_eeg.bdf.gz,/home/fanyu/auditory_simulation_m6a/pub_01/s06/sparrkulee_v3.1/raw/sub-015/ses-shortstories01/eeg/sub-015_ses-shortstories01_task-listeningActive_run-01_eeg.bdf.gz,PUBLIC,HOLD,False,0..63 in original order per publisher config,UNKNOWN,EEG per publisher dataset/config,UNKNOWN,UNKNOWN,UNKNOWN,microvolts by MNE volts x 1e6 contract; historical generator revision UNKNOWN,64,publisher highpass/artifact/MWF/CAR/resample; not repeated here,/home/fanyu/auditory_simulation_m6a/pub_01/s06/sparrkulee_v3.1/raw/sub-015/ses-shortstories01/eeg/sub-015_ses-shortstories01_task-listeningActive_run-01_stimulation.tsv,True,RAW_DOWNLOAD_PENDING
/home/fanyu/auditory_simulation_m6a/pub_01/s06/sparrkulee_v3.1/raw/derivatives/preprocessed_eeg/sub-015/ses-shortstories01/sub-015_ses-shortstories01_task-listeningActive_run-02_desc-preproc-audio-audiobook_2_2_eeg.npy,sub-015_ses-shortstories01_task-listeningActive_run-02_eeg.bdf.gz,/home/fanyu/auditory_simulation_m6a/pub_01/s06/sparrkulee_v3.1/raw/sub-015/ses-shortstories01/eeg/sub-015_ses-shortstories01_task-listeningActive_run-02_eeg.bdf.gz,PUBLIC,HOLD,False,0..63 in original order per publisher config,UNKNOWN,EEG per publisher dataset/config,UNKNOWN,UNKNOWN,UNKNOWN,microvolts by MNE volts x 1e6 contract; historical generator revision UNKNOWN,64,publisher highpass/artifact/MWF/CAR/resample; not repeated here,/home/fanyu/auditory_simulation_m6a/pub_01/s06/sparrkulee_v3.1/raw/sub-015/ses-shortstories01/eeg/sub-015_ses-shortstories01_task-listeningActive_run-02_stimulation.tsv,True,RAW_DOWNLOAD_PENDING
/home/fanyu/auditory_simulation_m6a/pub_01/s06/sparrkulee_v3.1/raw/derivatives/preprocessed_eeg/sub-015/ses-shortstories01/sub-015_ses-shortstories01_task-listeningActive_run-03_desc-preproc-audio-audiobook_6_1_eeg.npy,sub-015_ses-shortstories01_task-listeningActive_run-03_eeg.bdf.gz,/home/fanyu/auditory_simulation_m6a/pub_01/s06/sparrkulee_v3.1/raw/sub-015/ses-shortstories01/eeg/sub-015_ses-shortstories01_task-listeningActive_run-03_eeg.bdf.gz,PUBLIC,HOLD,False,0..63 in original order per publisher config,UNKNOWN,EEG per publisher dataset/config,UNKNOWN,UNKNOWN,UNKNOWN,microvolts by MNE volts x 1e6 contract; historical generator revision UNKNOWN,64,publisher highpass/artifact/MWF/CAR/resample; not repeated here,/home/fanyu/auditory_simulation_m6a/pub_01/s06/sparrkulee_v3.1/raw/sub-015/ses-shortstories01/eeg/sub-015_ses-shortstories01_task-listeningActive_run-03_stimulation.tsv,True,RAW_DOWNLOAD_PENDING
/home/fanyu/auditory_simulation_m6a/pub_01/s06/sparrkulee_v3.1/raw/derivatives/preprocessed_eeg/sub-015/ses-shortstories01/sub-015_ses-shortstories01_task-listeningActive_run-04_desc-preproc-audio-audiobook_6_2_eeg.npy,sub-015_ses-shortstories01_task-listeningActive_run-04_eeg.bdf.gz,/home/fanyu/auditory_simulation_m6a/pub_01/s06/sparrkulee_v3.1/raw/sub-015/ses-shortstories01/eeg/sub-015_ses-shortstories01_task-listeningActive_run-04_eeg.bdf.gz,PUBLIC,HOLD,False,0..63 in original order per publisher config,UNKNOWN,EEG per publisher dataset/config,UNKNOWN,UNKNOWN,UNKNOWN,microvolts by MNE volts x 1e6 contract; historical generator revision UNKNOWN,64,publisher highpass/artifact/MWF/CAR/resample; not repeated here,/home/fanyu/auditory_simulation_m6a/pub_01/s06/sparrkulee_v3.1/raw/sub-015/ses-shortstories01/eeg/sub-015_ses-shortstories01_task-listeningActive_run-04_stimulation.tsv,True,RAW_DOWNLOAD_PENDING
/home/fanyu/auditory_simulation_m6a/pub_01/s06/sparrkulee_v3.1/raw/derivatives/preprocessed_eeg/sub-015/ses-shortstories01/sub-015_ses-shortstories01_task-listeningActive_run-05_desc-preproc-audio-audiobook_1_eeg.npy,sub-015_ses-shortstories01_task-listeningActive_run-05_eeg.bdf.gz,/home/fanyu/auditory_simulation_m6a/pub_01/s06/sparrkulee_v3.1/raw/sub-015/ses-shortstories01/eeg/sub-015_ses-shortstories01_task-listeningActive_run-05_eeg.bdf.gz,PUBLIC,HOLD,False,0..63 in original order per publisher config,UNKNOWN,EEG per publisher dataset/config,UNKNOWN,UNKNOWN,UNKNOWN,microvolts by MNE volts x 1e6 contract; historical generator revision UNKNOWN,64,publisher highpass/artifact/MWF/CAR/resample; not repeated here,/home/fanyu/auditory_simulation_m6a/pub_01/s06/sparrkulee_v3.1/raw/sub-015/ses-shortstories01/eeg/sub-015_ses-shortstories01_task-listeningActive_run-05_stimulation.tsv,True,RAW_DOWNLOAD_PENDING
/home/fanyu/auditory_simulation_m6a/pub_01/s06/sparrkulee_v3.1/raw/derivatives/preprocessed_eeg/sub-015/ses-shortstories01/sub-015_ses-shortstories01_task-listeningActive_run-06_desc-preproc-audio-audiobook_4_eeg.npy,sub-015_ses-shortstories01_task-listeningActive_run-06_eeg.bdf.gz,/home/fanyu/auditory_simulation_m6a/pub_01/s06/sparrkulee_v3.1/raw/sub-015/ses-shortstories01/eeg/sub-015_ses-shortstories01_task-listeningActive_run-06_eeg.bdf.gz,PUBLIC,HOLD,False,0..63 in original order per publisher config,UNKNOWN,EEG per publisher dataset/config,UNKNOWN,UNKNOWN,UNKNOWN,microvolts by MNE volts x 1e6 contract; historical generator revision UNKNOWN,64,publisher highpass/artifact/MWF/CAR/resample; not repeated here,/home/fanyu/auditory_simulation_m6a/pub_01/s06/sparrkulee_v3.1/raw/sub-015/ses-shortstories01/eeg/sub-015_ses-shortstories01_task-listeningActive_run-06_stimulation.tsv,True,RAW_DOWNLOAD_PENDING
/home/fanyu/auditory_simulation_m6a/pub_01/s06/sparrkulee_v3.1/raw/derivatives/preprocessed_eeg/sub-015/ses-shortstories01/sub-015_ses-shortstories01_task-listeningActive_run-07_desc-preproc-audio-audiobook_3_eeg.npy,sub-015_ses-shortstories01_task-listeningActive_run-07_eeg.bdf.gz,/home/fanyu/auditory_simulation_m6a/pub_01/s06/sparrkulee_v3.1/raw/sub-015/ses-shortstories01/eeg/sub-015_ses-shortstories01_task-listeningActive_run-07_eeg.bdf.gz,PUBLIC,HOLD,False,0..63 in original order per publisher config,UNKNOWN,EEG per publisher dataset/config,UNKNOWN,UNKNOWN,UNKNOWN,microvolts by MNE volts x 1e6 contract; historical generator revision UNKNOWN,64,publisher highpass/artifact/MWF/CAR/resample; not repeated here,/home/fanyu/auditory_simulation_m6a/pub_01/s06/sparrkulee_v3.1/raw/sub-015/ses-shortstories01/eeg/sub-015_ses-shortstories01_task-listeningActive_run-07_stimulation.tsv,True,RAW_DOWNLOAD_PENDING
/home/fanyu/auditory_simulation_m6a/pub_01/s06/sparrkulee_v3.1/raw/derivatives/preprocessed_eeg/sub-015/ses-shortstories01/sub-015_ses-shortstories01_task-listeningActive_run-08_desc-preproc-audio-audiobook_5_1_eeg.npy,sub-015_ses-shortstories01_task-listeningActive_run-08_eeg.bdf.gz,/home/fanyu/auditory_simulation_m6a/pub_01/s06/sparrkulee_v3.1/raw/sub-015/ses-shortstories01/eeg/sub-015_ses-shortstories01_task-listeningActive_run-08_eeg.bdf.gz,PUBLIC,HOLD,False,0..63 in original order per publisher config,UNKNOWN,EEG per publisher dataset/config,UNKNOWN,UNKNOWN,UNKNOWN,microvolts by MNE volts x 1e6 contract; historical generator revision UNKNOWN,64,publisher highpass/artifact/MWF/CAR/resample; not repeated here,/home/fanyu/auditory_simulation_m6a/pub_01/s06/sparrkulee_v3.1/raw/sub-015/ses-shortstories01/eeg/sub-015_ses-shortstories01_task-listeningActive_run-08_stimulation.tsv,True,RAW_DOWNLOAD_PENDING
/home/fanyu/auditory_simulation_m6a/pub_01/s06/sparrkulee_v3.1/raw/derivatives/preprocessed_eeg/sub-015/ses-shortstories01/sub-015_ses-shortstories01_task-listeningActive_run-09_desc-preproc-audio-audiobook_5_2_eeg.npy,sub-015_ses-shortstories01_task-listeningActive_run-09_eeg.bdf.gz,/home/fanyu/auditory_simulation_m6a/pub_01/s06/sparrkulee_v3.1/raw/sub-015/ses-shortstories01/eeg/sub-015_ses-shortstories01_task-listeningActive_run-09_eeg.bdf.gz,PUBLIC,HOLD,False,0..63 in original order per publisher config,UNKNOWN,EEG per publisher dataset/config,UNKNOWN,UNKNOWN,UNKNOWN,microvolts by MNE volts x 1e6 contract; historical generator revision UNKNOWN,64,publisher highpass/artifact/MWF/CAR/resample; not repeated here,/home/fanyu/auditory_simulation_m6a/pub_01/s06/sparrkulee_v3.1/raw/sub-015/ses-shortstories01/eeg/sub-015_ses-shortstories01_task-listeningActive_run-09_stimulation.tsv,True,RAW_DOWNLOAD_PENDING
/home/fanyu/auditory_simulation_m6a/pub_01/s06/sparrkulee_v3.1/raw/derivatives/preprocessed_eeg/sub-015/ses-shortstories01/sub-015_ses-shortstories01_task-listeningActive_run-10_desc-preproc-audio-audiobook_5_3_eeg.npy,sub-015_ses-shortstories01_task-listeningActive_run-10_eeg.bdf.gz,/home/fanyu/auditory_simulation_m6a/pub_01/s06/sparrkulee_v3.1/raw/sub-015/ses-shortstories01/eeg/sub-015_ses-shortstories01_task-listeningActive_run-10_eeg.bdf.gz,PUBLIC,HOLD,False,0..63 in original order per publisher config,UNKNOWN,EEG per publisher dataset/config,UNKNOWN,UNKNOWN,UNKNOWN,microvolts by MNE volts x 1e6 contract; historical generator revision UNKNOWN,64,publisher highpass/artifact/MWF/CAR/resample; not repeated here,/home/fanyu/auditory_simulation_m6a/pub_01/s06/sparrkulee_v3.1/raw/sub-015/ses-shortstories01/eeg/sub-015_ses-shortstories01_task-listeningActive_run-10_stimulation.tsv,True,RAW_DOWNLOAD_PENDING
/home/fanyu/auditory_simulation_m6a/pub_01/s06/sparrkulee_v3.1/raw/derivatives/preprocessed_eeg/sub-016/ses-shortstories01/sub-016_ses-shortstories01_task-listeningActive_run-01_desc-preproc-audio-audiobook_5_1_eeg.npy,sub-016_ses-shortstories01_task-listeningActive_run-01_eeg.bdf.gz,/home/fanyu/auditory_simulation_m6a/pub_01/s06/sparrkulee_v3.1/raw/sub-016/ses-shortstories01/eeg/sub-016_ses-shortstories01_task-listeningActive_run-01_eeg.bdf.gz,PUBLIC,HOLD,False,0..63 in original order per publisher config,UNKNOWN,EEG per publisher dataset/config,UNKNOWN,UNKNOWN,UNKNOWN,microvolts by MNE volts x 1e6 contract; historical generator revision UNKNOWN,64,publisher highpass/artifact/MWF/CAR/resample; not repeated here,/home/fanyu/auditory_simulation_m6a/pub_01/s06/sparrkulee_v3.1/raw/sub-016/ses-shortstories01/eeg/sub-016_ses-shortstories01_task-listeningActive_run-01_stimulation.tsv,True,RAW_DOWNLOAD_PENDING
/home/fanyu/auditory_simulation_m6a/pub_01/s06/sparrkulee_v3.1/raw/derivatives/preprocessed_eeg/sub-016/ses-shortstories01/sub-016_ses-shortstories01_task-listeningActive_run-02_desc-preproc-audio-audiobook_5_2_eeg.npy,sub-016_ses-shortstories01_task-listeningActive_run-02_eeg.bdf.gz,/home/fanyu/auditory_simulation_m6a/pub_01/s06/sparrkulee_v3.1/raw/sub-016/ses-shortstories01/eeg/sub-016_ses-shortstories01_task-listeningActive_run-02_eeg.bdf.gz,PUBLIC,HOLD,False,0..63 in original order per publisher config,UNKNOWN,EEG per publisher dataset/config,UNKNOWN,UNKNOWN,UNKNOWN,microvolts by MNE volts x 1e6 contract; historical generator revision UNKNOWN,64,publisher highpass/artifact/MWF/CAR/resample; not repeated here,/home/fanyu/auditory_simulation_m6a/pub_01/s06/sparrkulee_v3.1/raw/sub-016/ses-shortstories01/eeg/sub-016_ses-shortstories01_task-listeningActive_run-02_stimulation.tsv,True,RAW_DOWNLOAD_PENDING
/home/fanyu/auditory_simulation_m6a/pub_01/s06/sparrkulee_v3.1/raw/derivatives/preprocessed_eeg/sub-016/ses-shortstories01/sub-016_ses-shortstories01_task-listeningActive_run-03_desc-preproc-audio-audiobook_5_3_eeg.npy,sub-016_ses-shortstories01_task-listeningActive_run-03_eeg.bdf.gz,/home/fanyu/auditory_simulation_m6a/pub_01/s06/sparrkulee_v3.1/raw/sub-016/ses-shortstories01/eeg/sub-016_ses-shortstories01_task-listeningActive_run-03_eeg.bdf.gz,PUBLIC,HOLD,False,0..63 in original order per publisher config,UNKNOWN,EEG per publisher dataset/config,UNKNOWN,UNKNOWN,UNKNOWN,microvolts by MNE volts x 1e6 contract; historical generator revision UNKNOWN,64,publisher highpass/artifact/MWF/CAR/resample; not repeated here,/home/fanyu/auditory_simulation_m6a/pub_01/s06/sparrkulee_v3.1/raw/sub-016/ses-shortstories01/eeg/sub-016_ses-shortstories01_task-listeningActive_run-03_stimulation.tsv,True,RAW_DOWNLOAD_PENDING
/home/fanyu/auditory_simulation_m6a/pub_01/s06/sparrkulee_v3.1/raw/derivatives/preprocessed_eeg/sub-016/ses-shortstories01/sub-016_ses-shortstories01_task-listeningActive_run-04_desc-preproc-audio-audiobook_3_eeg.npy,sub-016_ses-shortstories01_task-listeningActive_run-04_eeg.bdf.gz,/home/fanyu/auditory_simulation_m6a/pub_01/s06/sparrkulee_v3.1/raw/sub-016/ses-shortstories01/eeg/sub-016_ses-shortstories01_task-listeningActive_run-04_eeg.bdf.gz,PUBLIC,HOLD,False,0..63 in original order per publisher config,UNKNOWN,EEG per publisher dataset/config,UNKNOWN,UNKNOWN,UNKNOWN,microvolts by MNE volts x 1e6 contract; historical generator revision UNKNOWN,64,publisher highpass/artifact/MWF/CAR/resample; not repeated here,/home/fanyu/auditory_simulation_m6a/pub_01/s06/sparrkulee_v3.1/raw/sub-016/ses-shortstories01/eeg/sub-016_ses-shortstories01_task-listeningActive_run-04_stimulation.tsv,True,RAW_DOWNLOAD_PENDING
/home/fanyu/auditory_simulation_m6a/pub_01/s06/sparrkulee_v3.1/raw/derivatives/preprocessed_eeg/sub-016/ses-shortstories01/sub-016_ses-shortstories01_task-listeningActive_run-05_desc-preproc-audio-audiobook_1_eeg.npy,sub-016_ses-shortstories01_task-listeningActive_run-05_eeg.bdf.gz,/home/fanyu/auditory_simulation_m6a/pub_01/s06/sparrkulee_v3.1/raw/sub-016/ses-shortstories01/eeg/sub-016_ses-shortstories01_task-listeningActive_run-05_eeg.bdf.gz,PUBLIC,HOLD,False,0..63 in original order per publisher config,UNKNOWN,EEG per publisher dataset/config,UNKNOWN,UNKNOWN,UNKNOWN,microvolts by MNE volts x 1e6 contract; historical generator revision UNKNOWN,64,publisher highpass/artifact/MWF/CAR/resample; not repeated here,/home/fanyu/auditory_simulation_m6a/pub_01/s06/sparrkulee_v3.1/raw/sub-016/ses-shortstories01/eeg/sub-016_ses-shortstories01_task-listeningActive_run-05_stimulation.tsv,True,RAW_DOWNLOAD_PENDING
/home/fanyu/auditory_simulation_m6a/pub_01/s06/sparrkulee_v3.1/raw/derivatives/preprocessed_eeg/sub-016/ses-shortstories01/sub-016_ses-shortstories01_task-listeningActive_run-06_desc-preproc-audio-audiobook_4_eeg.npy,sub-016_ses-shortstories01_task-listeningActive_run-06_eeg.bdf.gz,/home/fanyu/auditory_simulation_m6a/pub_01/s06/sparrkulee_v3.1/raw/sub-016/ses-shortstories01/eeg/sub-016_ses-shortstories01_task-listeningActive_run-06_eeg.bdf.gz,PUBLIC,HOLD,False,0..63 in original order per publisher config,UNKNOWN,EEG per publisher dataset/config,UNKNOWN,UNKNOWN,UNKNOWN,microvolts by MNE volts x 1e6 contract; historical generator revision UNKNOWN,64,publisher highpass/artifact/MWF/CAR/resample; not repeated here,/home/fanyu/auditory_simulation_m6a/pub_01/s06/sparrkulee_v3.1/raw/sub-016/ses-shortstories01/eeg/sub-016_ses-shortstories01_task-listeningActive_run-06_stimulation.tsv,True,RAW_DOWNLOAD_PENDING
/home/fanyu/auditory_simulation_m6a/pub_01/s06/sparrkulee_v3.1/raw/derivatives/preprocessed_eeg/sub-016/ses-shortstories01/sub-016_ses-shortstories01_task-listeningActive_run-07_desc-preproc-audio-audiobook_6_1_eeg.npy,sub-016_ses-shortstories01_task-listeningActive_run-07_eeg.bdf.gz,/home/fanyu/auditory_simulation_m6a/pub_01/s06/sparrkulee_v3.1/raw/sub-016/ses-shortstories01/eeg/sub-016_ses-shortstories01_task-listeningActive_run-07_eeg.bdf.gz,PUBLIC,HOLD,False,0..63 in original order per publisher config,UNKNOWN,EEG per publisher dataset/config,UNKNOWN,UNKNOWN,UNKNOWN,microvolts by MNE volts x 1e6 contract; historical generator revision UNKNOWN,64,publisher highpass/artifact/MWF/CAR/resample; not repeated here,/home/fanyu/auditory_simulation_m6a/pub_01/s06/sparrkulee_v3.1/raw/sub-016/ses-shortstories01/eeg/sub-016_ses-shortstories01_task-listeningActive_run-07_stimulation.tsv,True,RAW_DOWNLOAD_PENDING
/home/fanyu/auditory_simulation_m6a/pub_01/s06/sparrkulee_v3.1/raw/derivatives/preprocessed_eeg/sub-016/ses-shortstories01/sub-016_ses-shortstories01_task-listeningActive_run-08_desc-preproc-audio-audiobook_6_2_eeg.npy,sub-016_ses-shortstories01_task-listeningActive_run-08_eeg.bdf.gz,/home/fanyu/auditory_simulation_m6a/pub_01/s06/sparrkulee_v3.1/raw/sub-016/ses-shortstories01/eeg/sub-016_ses-shortstories01_task-listeningActive_run-08_eeg.bdf.gz,PUBLIC,HOLD,False,0..63 in original order per publisher config,UNKNOWN,EEG per publisher dataset/config,UNKNOWN,UNKNOWN,UNKNOWN,microvolts by MNE volts x 1e6 contract; historical generator revision UNKNOWN,64,publisher highpass/artifact/MWF/CAR/resample; not repeated here,/home/fanyu/auditory_simulation_m6a/pub_01/s06/sparrkulee_v3.1/raw/sub-016/ses-shortstories01/eeg/sub-016_ses-shortstories01_task-listeningActive_run-08_stimulation.tsv,True,RAW_DOWNLOAD_PENDING
/home/fanyu/auditory_simulation_m6a/pub_01/s06/sparrkulee_v3.1/raw/derivatives/preprocessed_eeg/sub-016/ses-shortstories01/sub-016_ses-shortstories01_task-listeningActive_run-09_desc-preproc-audio-audiobook_2_1_eeg.npy,sub-016_ses-shortstories01_task-listeningActive_run-09_eeg.bdf.gz,/home/fanyu/auditory_simulation_m6a/pub_01/s06/sparrkulee_v3.1/raw/sub-016/ses-shortstories01/eeg/sub-016_ses-shortstories01_task-listeningActive_run-09_eeg.bdf.gz,PUBLIC,HOLD,False,0..63 in original order per publisher config,UNKNOWN,EEG per publisher dataset/config,UNKNOWN,UNKNOWN,UNKNOWN,microvolts by MNE volts x 1e6 contract; historical generator revision UNKNOWN,64,publisher highpass/artifact/MWF/CAR/resample; not repeated here,/home/fanyu/auditory_simulation_m6a/pub_01/s06/sparrkulee_v3.1/raw/sub-016/ses-shortstories01/eeg/sub-016_ses-shortstories01_task-listeningActive_run-09_stimulation.tsv,True,RAW_DOWNLOAD_PENDING
/home/fanyu/auditory_simulation_m6a/pub_01/s06/sparrkulee_v3.1/raw/derivatives/preprocessed_eeg/sub-016/ses-shortstories01/sub-016_ses-shortstories01_task-listeningActive_run-10_desc-preproc-audio-audiobook_2_2_eeg.npy,sub-016_ses-shortstories01_task-listeningActive_run-10_eeg.bdf.gz,/home/fanyu/auditory_simulation_m6a/pub_01/s06/sparrkulee_v3.1/raw/sub-016/ses-shortstories01/eeg/sub-016_ses-shortstories01_task-listeningActive_run-10_eeg.bdf.gz,PUBLIC,HOLD,False,0..63 in original order per publisher config,UNKNOWN,EEG per publisher dataset/config,UNKNOWN,UNKNOWN,UNKNOWN,microvolts by MNE volts x 1e6 contract; historical generator revision UNKNOWN,64,publisher highpass/artifact/MWF/CAR/resample; not repeated here,/home/fanyu/auditory_simulation_m6a/pub_01/s06/sparrkulee_v3.1/raw/sub-016/ses-shortstories01/eeg/sub-016_ses-shortstories01_task-listeningActive_run-10_stimulation.tsv,True,RAW_DOWNLOAD_PENDING
/home/fanyu/auditory_simulation_m6a/pub_01/s06/sparrkulee_v3.1/raw/derivatives/preprocessed_eeg/sub-017/ses-shortstories01/sub-017_ses-shortstories01_task-listeningActive_run-01_desc-preproc-audio-audiobook_5_1_eeg.npy,sub-017_ses-shortstories01_task-listeningActive_run-01_eeg.bdf.gz,/home/fanyu/auditory_simulation_m6a/pub_01/s06/sparrkulee_v3.1/raw/sub-017/ses-shortstories01/eeg/sub-017_ses-shortstories01_task-listeningActive_run-01_eeg.bdf.gz,PUBLIC,HOLD,False,0..63 in original order per publisher config,UNKNOWN,EEG per publisher dataset/config,UNKNOWN,UNKNOWN,UNKNOWN,microvolts by MNE volts x 1e6 contract; historical generator revision UNKNOWN,64,publisher highpass/artifact/MWF/CAR/resample; not repeated here,/home/fanyu/auditory_simulation_m6a/pub_01/s06/sparrkulee_v3.1/raw/sub-017/ses-shortstories01/eeg/sub-017_ses-shortstories01_task-listeningActive_run-01_stimulation.tsv,True,RAW_DOWNLOAD_PENDING
/home/fanyu/auditory_simulation_m6a/pub_01/s06/sparrkulee_v3.1/raw/derivatives/preprocessed_eeg/sub-017/ses-shortstories01/sub-017_ses-shortstories01_task-listeningActive_run-02_desc-preproc-audio-audiobook_5_2_eeg.npy,sub-017_ses-shortstories01_task-listeningActive_run-02_eeg.bdf.gz,/home/fanyu/auditory_simulation_m6a/pub_01/s06/sparrkulee_v3.1/raw/sub-017/ses-shortstories01/eeg/sub-017_ses-shortstories01_task-listeningActive_run-02_eeg.bdf.gz,PUBLIC,HOLD,False,0..63 in original order per publisher config,UNKNOWN,EEG per publisher dataset/config,UNKNOWN,UNKNOWN,UNKNOWN,microvolts by MNE volts x 1e6 contract; historical generator revision UNKNOWN,64,publisher highpass/artifact/MWF/CAR/resample; not repeated here,/home/fanyu/auditory_simulation_m6a/pub_01/s06/sparrkulee_v3.1/raw/sub-017/ses-shortstories01/eeg/sub-017_ses-shortstories01_task-listeningActive_run-02_stimulation.tsv,True,RAW_DOWNLOAD_PENDING
/home/fanyu/auditory_simulation_m6a/pub_01/s06/sparrkulee_v3.1/raw/derivatives/preprocessed_eeg/sub-017/ses-shortstories01/sub-017_ses-shortstories01_task-listeningActive_run-04_desc-preproc-audio-audiobook_2_1_eeg.npy,sub-017_ses-shortstories01_task-listeningActive_run-04_eeg.bdf.gz,/home/fanyu/auditory_simulation_m6a/pub_01/s06/sparrkulee_v3.1/raw/sub-017/ses-shortstories01/eeg/sub-017_ses-shortstories01_task-listeningActive_run-04_eeg.bdf.gz,PUBLIC,HOLD,False,0..63 in original order per publisher config,UNKNOWN,EEG per publisher dataset/config,UNKNOWN,UNKNOWN,UNKNOWN,microvolts by MNE volts x 1e6 contract; historical generator revision UNKNOWN,64,publisher highpass/artifact/MWF/CAR/resample; not repeated here,/home/fanyu/auditory_simulation_m6a/pub_01/s06/sparrkulee_v3.1/raw/sub-017/ses-shortstories01/eeg/sub-017_ses-shortstories01_task-listeningActive_run-04_stimulation.tsv,True,RAW_DOWNLOAD_PENDING
/home/fanyu/auditory_simulation_m6a/pub_01/s06/sparrkulee_v3.1/raw/derivatives/preprocessed_eeg/sub-017/ses-shortstories01/sub-017_ses-shortstories01_task-listeningActive_run-05_desc-preproc-audio-audiobook_2_2_eeg.npy,sub-017_ses-shortstories01_task-listeningActive_run-05_eeg.bdf.gz,/home/fanyu/auditory_simulation_m6a/pub_01/s06/sparrkulee_v3.1/raw/sub-017/ses-shortstories01/eeg/sub-017_ses-shortstories01_task-listeningActive_run-05_eeg.bdf.gz,PUBLIC,HOLD,False,0..63 in original order per publisher config,UNKNOWN,EEG per publisher dataset/config,UNKNOWN,UNKNOWN,UNKNOWN,microvolts by MNE volts x 1e6 contract; historical generator revision UNKNOWN,64,publisher highpass/artifact/MWF/CAR/resample; not repeated here,/home/fanyu/auditory_simulation_m6a/pub_01/s06/sparrkulee_v3.1/raw/sub-017/ses-shortstories01/eeg/sub-017_ses-shortstories01_task-listeningActive_run-05_stimulation.tsv,True,RAW_DOWNLOAD_PENDING
/home/fanyu/auditory_simulation_m6a/pub_01/s06/sparrkulee_v3.1/raw/derivatives/preprocessed_eeg/sub-018/ses-shortstories01/sub-018_ses-shortstories01_task-listeningActive_run-01_desc-preproc-audio-audiobook_5_1_eeg.npy,sub-018_ses-shortstories01_task-listeningActive_run-01_eeg.bdf.gz,/home/fanyu/auditory_simulation_m6a/pub_01/s06/sparrkulee_v3.1/raw/sub-018/ses-shortstories01/eeg/sub-018_ses-shortstories01_task-listeningActive_run-01_eeg.bdf.gz,PUBLIC,HOLD,False,0..63 in original order per publisher config,UNKNOWN,EEG per publisher dataset/config,UNKNOWN,UNKNOWN,UNKNOWN,microvolts by MNE volts x 1e6 contract; historical generator revision UNKNOWN,64,publisher highpass/artifact/MWF/CAR/resample; not repeated here,/home/fanyu/auditory_simulation_m6a/pub_01/s06/sparrkulee_v3.1/raw/sub-018/ses-shortstories01/eeg/sub-018_ses-shortstories01_task-listeningActive_run-01_stimulation.tsv,True,RAW_DOWNLOAD_PENDING
/home/fanyu/auditory_simulation_m6a/pub_01/s06/sparrkulee_v3.1/raw/derivatives/preprocessed_eeg/sub-018/ses-shortstories01/sub-018_ses-shortstories01_task-listeningActive_run-02_desc-preproc-audio-audiobook_5_2_eeg.npy,sub-018_ses-shortstories01_task-listeningActive_run-02_eeg.bdf.gz,/home/fanyu/auditory_simulation_m6a/pub_01/s06/sparrkulee_v3.1/raw/sub-018/ses-shortstories01/eeg/sub-018_ses-shortstories01_task-listeningActive_run-02_eeg.bdf.gz,PUBLIC,HOLD,False,0..63 in original order per publisher config,UNKNOWN,EEG per publisher dataset/config,UNKNOWN,UNKNOWN,UNKNOWN,microvolts by MNE volts x 1e6 contract; historical generator revision UNKNOWN,64,publisher highpass/artifact/MWF/CAR/resample; not repeated here,/home/fanyu/auditory_simulation_m6a/pub_01/s06/sparrkulee_v3.1/raw/sub-018/ses-shortstories01/eeg/sub-018_ses-shortstories01_task-listeningActive_run-02_stimulation.tsv,True,RAW_DOWNLOAD_PENDING
/home/fanyu/auditory_simulation_m6a/pub_01/s06/sparrkulee_v3.1/raw/derivatives/preprocessed_eeg/sub-018/ses-shortstories01/sub-018_ses-shortstories01_task-listeningActive_run-03_desc-preproc-audio-audiobook_5_3_eeg.npy,sub-018_ses-shortstories01_task-listeningActive_run-03_eeg.bdf.gz,/home/fanyu/auditory_simulation_m6a/pub_01/s06/sparrkulee_v3.1/raw/sub-018/ses-shortstories01/eeg/sub-018_ses-shortstories01_task-listeningActive_run-03_eeg.bdf.gz,PUBLIC,HOLD,False,0..63 in original order per publisher config,UNKNOWN,EEG per publisher dataset/config,UNKNOWN,UNKNOWN,UNKNOWN,microvolts by MNE volts x 1e6 contract; historical generator revision UNKNOWN,64,publisher highpass/artifact/MWF/CAR/resample; not repeated here,/home/fanyu/auditory_simulation_m6a/pub_01/s06/sparrkulee_v3.1/raw/sub-018/ses-shortstories01/eeg/sub-018_ses-shortstories01_task-listeningActive_run-03_stimulation.tsv,True,RAW_DOWNLOAD_PENDING
/home/fanyu/auditory_simulation_m6a/pub_01/s06/sparrkulee_v3.1/raw/derivatives/preprocessed_eeg/sub-018/ses-shortstories01/sub-018_ses-shortstories01_task-listeningActive_run-04_desc-preproc-audio-audiobook_4_eeg.npy,sub-018_ses-shortstories01_task-listeningActive_run-04_eeg.bdf.gz,/home/fanyu/auditory_simulation_m6a/pub_01/s06/sparrkulee_v3.1/raw/sub-018/ses-shortstories01/eeg/sub-018_ses-shortstories01_task-listeningActive_run-04_eeg.bdf.gz,PUBLIC,HOLD,False,0..63 in original order per publisher config,UNKNOWN,EEG per publisher dataset/config,UNKNOWN,UNKNOWN,UNKNOWN,microvolts by MNE volts x 1e6 contract; historical generator revision UNKNOWN,64,publisher highpass/artifact/MWF/CAR/resample; not repeated here,/home/fanyu/auditory_simulation_m6a/pub_01/s06/sparrkulee_v3.1/raw/sub-018/ses-shortstories01/eeg/sub-018_ses-shortstories01_task-listeningActive_run-04_stimulation.tsv,True,RAW_DOWNLOAD_PENDING
/home/fanyu/auditory_simulation_m6a/pub_01/s06/sparrkulee_v3.1/raw/derivatives/preprocessed_eeg/sub-018/ses-shortstories01/sub-018_ses-shortstories01_task-listeningActive_run-05_desc-preproc-audio-audiobook_3_eeg.npy,sub-018_ses-shortstories01_task-listeningActive_run-05_eeg.bdf.gz,/home/fanyu/auditory_simulation_m6a/pub_01/s06/sparrkulee_v3.1/raw/sub-018/ses-shortstories01/eeg/sub-018_ses-shortstories01_task-listeningActive_run-05_eeg.bdf.gz,PUBLIC,HOLD,False,0..63 in original order per publisher config,UNKNOWN,EEG per publisher dataset/config,UNKNOWN,UNKNOWN,UNKNOWN,microvolts by MNE volts x 1e6 contract; historical generator revision UNKNOWN,64,publisher highpass/artifact/MWF/CAR/resample; not repeated here,/home/fanyu/auditory_simulation_m6a/pub_01/s06/sparrkulee_v3.1/raw/sub-018/ses-shortstories01/eeg/sub-018_ses-shortstories01_task-listeningActive_run-05_stimulation.tsv,True,RAW_DOWNLOAD_PENDING
/home/fanyu/auditory_simulation_m6a/pub_01/s06/sparrkulee_v3.1/raw/derivatives/preprocessed_eeg/sub-018/ses-shortstories01/sub-018_ses-shortstories01_task-listeningActive_run-06_desc-preproc-audio-audiobook_6_1_eeg.npy,sub-018_ses-shortstories01_task-listeningActive_run-06_eeg.bdf.gz,/home/fanyu/auditory_simulation_m6a/pub_01/s06/sparrkulee_v3.1/raw/sub-018/ses-shortstories01/eeg/sub-018_ses-shortstories01_task-listeningActive_run-06_eeg.bdf.gz,PUBLIC,HOLD,False,0..63 in original order per publisher config,UNKNOWN,EEG per publisher dataset/config,UNKNOWN,UNKNOWN,UNKNOWN,microvolts by MNE volts x 1e6 contract; historical generator revision UNKNOWN,64,publisher highpass/artifact/MWF/CAR/resample; not repeated here,/home/fanyu/auditory_simulation_m6a/pub_01/s06/sparrkulee_v3.1/raw/sub-018/ses-shortstories01/eeg/sub-018_ses-shortstories01_task-listeningActive_run-06_stimulation.tsv,True,RAW_DOWNLOAD_PENDING
/home/fanyu/auditory_simulation_m6a/pub_01/s06/sparrkulee_v3.1/raw/derivatives/preprocessed_eeg/sub-018/ses-shortstories01/sub-018_ses-shortstories01_task-listeningActive_run-07_desc-preproc-audio-audiobook_6_2_eeg.npy,sub-018_ses-shortstories01_task-listeningActive_run-07_eeg.bdf.gz,/home/fanyu/auditory_simulation_m6a/pub_01/s06/sparrkulee_v3.1/raw/sub-018/ses-shortstories01/eeg/sub-018_ses-shortstories01_task-listeningActive_run-07_eeg.bdf.gz,PUBLIC,HOLD,False,0..63 in original order per publisher config,UNKNOWN,EEG per publisher dataset/config,UNKNOWN,UNKNOWN,UNKNOWN,microvolts by MNE volts x 1e6 contract; historical generator revision UNKNOWN,64,publisher highpass/artifact/MWF/CAR/resample; not repeated here,/home/fanyu/auditory_simulation_m6a/pub_01/s06/sparrkulee_v3.1/raw/sub-018/ses-shortstories01/eeg/sub-018_ses-shortstories01_task-listeningActive_run-07_stimulation.tsv,True,RAW_DOWNLOAD_PENDING
/home/fanyu/auditory_simulation_m6a/pub_01/s06/sparrkulee_v3.1/raw/derivatives/preprocessed_eeg/sub-018/ses-shortstories01/sub-018_ses-shortstories01_task-listeningActive_run-08_desc-preproc-audio-audiobook_1_eeg.npy,sub-018_ses-shortstories01_task-listeningActive_run-08_eeg.bdf.gz,/home/fanyu/auditory_simulation_m6a/pub_01/s06/sparrkulee_v3.1/raw/sub-018/ses-shortstories01/eeg/sub-018_ses-shortstories01_task-listeningActive_run-08_eeg.bdf.gz,PUBLIC,HOLD,False,0..63 in original order per publisher config,UNKNOWN,EEG per publisher dataset/config,UNKNOWN,UNKNOWN,UNKNOWN,microvolts by MNE volts x 1e6 contract; historical generator revision UNKNOWN,64,publisher highpass/artifact/MWF/CAR/resample; not repeated here,/home/fanyu/auditory_simulation_m6a/pub_01/s06/sparrkulee_v3.1/raw/sub-018/ses-shortstories01/eeg/sub-018_ses-shortstories01_task-listeningActive_run-08_stimulation.tsv,True,RAW_DOWNLOAD_PENDING
/home/fanyu/auditory_simulation_m6a/pub_01/s06/sparrkulee_v3.1/raw/derivatives/preprocessed_eeg/sub-018/ses-shortstories01/sub-018_ses-shortstories01_task-listeningActive_run-09_desc-preproc-audio-audiobook_2_1_eeg.npy,sub-018_ses-shortstories01_task-listeningActive_run-09_eeg.bdf.gz,/home/fanyu/auditory_simulation_m6a/pub_01/s06/sparrkulee_v3.1/raw/sub-018/ses-shortstories01/eeg/sub-018_ses-shortstories01_task-listeningActive_run-09_eeg.bdf.gz,PUBLIC,HOLD,False,0..63 in original order per publisher config,UNKNOWN,EEG per publisher dataset/config,UNKNOWN,UNKNOWN,UNKNOWN,microvolts by MNE volts x 1e6 contract; historical generator revision UNKNOWN,64,publisher highpass/artifact/MWF/CAR/resample; not repeated here,/home/fanyu/auditory_simulation_m6a/pub_01/s06/sparrkulee_v3.1/raw/sub-018/ses-shortstories01/eeg/sub-018_ses-shortstories01_task-listeningActive_run-09_stimulation.tsv,True,RAW_DOWNLOAD_PENDING
/home/fanyu/auditory_simulation_m6a/pub_01/s06/sparrkulee_v3.1/raw/derivatives/preprocessed_eeg/sub-018/ses-shortstories01/sub-018_ses-shortstories01_task-listeningActive_run-10_desc-preproc-audio-audiobook_2_2_eeg.npy,sub-018_ses-shortstories01_task-listeningActive_run-10_eeg.bdf.gz,/home/fanyu/auditory_simulation_m6a/pub_01/s06/sparrkulee_v3.1/raw/sub-018/ses-shortstories01/eeg/sub-018_ses-shortstories01_task-listeningActive_run-10_eeg.bdf.gz,PUBLIC,HOLD,False,0..63 in original order per publisher config,UNKNOWN,EEG per publisher dataset/config,UNKNOWN,UNKNOWN,UNKNOWN,microvolts by MNE volts x 1e6 contract; historical generator revision UNKNOWN,64,publisher highpass/artifact/MWF/CAR/resample; not repeated here,/home/fanyu/auditory_simulation_m6a/pub_01/s06/sparrkulee_v3.1/raw/sub-018/ses-shortstories01/eeg/sub-018_ses-shortstories01_task-listeningActive_run-10_stimulation.tsv,True,RAW_DOWNLOAD_PENDING
/home/fanyu/auditory_simulation_m6a/pub_01/s06/sparrkulee_v3.1/raw/derivatives/preprocessed_eeg/sub-019/ses-shortstories01/sub-019_ses-shortstories01_task-listeningActive_run-01_desc-preproc-audio-audiobook_6_1_eeg.npy,sub-019_ses-shortstories01_task-listeningActive_run-01_eeg.bdf.gz,/home/fanyu/auditory_simulation_m6a/pub_01/s06/sparrkulee_v3.1/raw/sub-019/ses-shortstories01/eeg/sub-019_ses-shortstories01_task-listeningActive_run-01_eeg.bdf.gz,RESTRICTED,HOLD,False,0..63 in original order per publisher config,UNKNOWN,EEG per publisher dataset/config,UNKNOWN,UNKNOWN,UNKNOWN,microvolts by MNE volts x 1e6 contract; historical generator revision UNKNOWN,64,publisher highpass/artifact/MWF/CAR/resample; not repeated here,/home/fanyu/auditory_simulation_m6a/pub_01/s06/sparrkulee_v3.1/raw/sub-019/ses-shortstories01/eeg/sub-019_ses-shortstories01_task-listeningActive_run-01_stimulation.tsv,UNKNOWN,RAW_RESTRICTED_NOT_ACCESSED; public derivative may still be usable with provenance limitation
/home/fanyu/auditory_simulation_m6a/pub_01/s06/sparrkulee_v3.1/raw/derivatives/preprocessed_eeg/sub-019/ses-shortstories01/sub-019_ses-shortstories01_task-listeningActive_run-02_desc-preproc-audio-audiobook_6_2_eeg.npy,sub-019_ses-shortstories01_task-listeningActive_run-02_eeg.bdf.gz,/home/fanyu/auditory_simulation_m6a/pub_01/s06/sparrkulee_v3.1/raw/sub-019/ses-shortstories01/eeg/sub-019_ses-shortstories01_task-listeningActive_run-02_eeg.bdf.gz,RESTRICTED,HOLD,False,0..63 in original order per publisher config,UNKNOWN,EEG per publisher dataset/config,UNKNOWN,UNKNOWN,UNKNOWN,microvolts by MNE volts x 1e6 contract; historical generator revision UNKNOWN,64,publisher highpass/artifact/MWF/CAR/resample; not repeated here,/home/fanyu/auditory_simulation_m6a/pub_01/s06/sparrkulee_v3.1/raw/sub-019/ses-shortstories01/eeg/sub-019_ses-shortstories01_task-listeningActive_run-02_stimulation.tsv,UNKNOWN,RAW_RESTRICTED_NOT_ACCESSED; public derivative may still be usable with provenance limitation
/home/fanyu/auditory_simulation_m6a/pub_01/s06/sparrkulee_v3.1/raw/derivatives/preprocessed_eeg/sub-019/ses-shortstories01/sub-019_ses-shortstories01_task-listeningActive_run-03_desc-preproc-audio-audiobook_3_eeg.npy,sub-019_ses-shortstories01_task-listeningActive_run-03_eeg.bdf.gz,/home/fanyu/auditory_simulation_m6a/pub_01/s06/sparrkulee_v3.1/raw/sub-019/ses-shortstories01/eeg/sub-019_ses-shortstories01_task-listeningActive_run-03_eeg.bdf.gz,RESTRICTED,HOLD,False,0..63 in original order per publisher config,UNKNOWN,EEG per publisher dataset/config,UNKNOWN,UNKNOWN,UNKNOWN,microvolts by MNE volts x 1e6 contract; historical generator revision UNKNOWN,64,publisher highpass/artifact/MWF/CAR/resample; not repeated here,/home/fanyu/auditory_simulation_m6a/pub_01/s06/sparrkulee_v3.1/raw/sub-019/ses-shortstories01/eeg/sub-019_ses-shortstories01_task-listeningActive_run-03_stimulation.tsv,UNKNOWN,RAW_RESTRICTED_NOT_ACCESSED; public derivative may still be usable with provenance limitation
/home/fanyu/auditory_simulation_m6a/pub_01/s06/sparrkulee_v3.1/raw/derivatives/preprocessed_eeg/sub-019/ses-shortstories01/sub-019_ses-shortstories01_task-listeningActive_run-04_desc-preproc-audio-audiobook_5_1_eeg.npy,sub-019_ses-shortstories01_task-listeningActive_run-04_eeg.bdf.gz,/home/fanyu/auditory_simulation_m6a/pub_01/s06/sparrkulee_v3.1/raw/sub-019/ses-shortstories01/eeg/sub-019_ses-shortstories01_task-listeningActive_run-04_eeg.bdf.gz,RESTRICTED,HOLD,False,0..63 in original order per publisher config,UNKNOWN,EEG per publisher dataset/config,UNKNOWN,UNKNOWN,UNKNOWN,microvolts by MNE volts x 1e6 contract; historical generator revision UNKNOWN,64,publisher highpass/artifact/MWF/CAR/resample; not repeated here,/home/fanyu/auditory_simulation_m6a/pub_01/s06/sparrkulee_v3.1/raw/sub-019/ses-shortstories01/eeg/sub-019_ses-shortstories01_task-listeningActive_run-04_stimulation.tsv,UNKNOWN,RAW_RESTRICTED_NOT_ACCESSED; public derivative may still be usable with provenance limitation
/home/fanyu/auditory_simulation_m6a/pub_01/s06/sparrkulee_v3.1/raw/derivatives/preprocessed_eeg/sub-019/ses-shortstories01/sub-019_ses-shortstories01_task-listeningActive_run-05_desc-preproc-audio-audiobook_5_2_eeg.npy,sub-019_ses-shortstories01_task-listeningActive_run-05_eeg.bdf.gz,/home/fanyu/auditory_simulation_m6a/pub_01/s06/sparrkulee_v3.1/raw/sub-019/ses-shortstories01/eeg/sub-019_ses-shortstories01_task-listeningActive_run-05_eeg.bdf.gz,RESTRICTED,HOLD,False,0..63 in original order per publisher config,UNKNOWN,EEG per publisher dataset/config,UNKNOWN,UNKNOWN,UNKNOWN,microvolts by MNE volts x 1e6 contract; historical generator revision UNKNOWN,64,publisher highpass/artifact/MWF/CAR/resample; not repeated here,/home/fanyu/auditory_simulation_m6a/pub_01/s06/sparrkulee_v3.1/raw/sub-019/ses-shortstories01/eeg/sub-019_ses-shortstories01_task-listeningActive_run-05_stimulation.tsv,UNKNOWN,RAW_RESTRICTED_NOT_ACCESSED; public derivative may still be usable with provenance limitation
/home/fanyu/auditory_simulation_m6a/pub_01/s06/sparrkulee_v3.1/raw/derivatives/preprocessed_eeg/sub-019/ses-shortstories01/sub-019_ses-shortstories01_task-listeningActive_run-06_desc-preproc-audio-audiobook_5_3_eeg.npy,sub-019_ses-shortstories01_task-listeningActive_run-06_eeg.bdf.gz,/home/fanyu/auditory_simulation_m6a/pub_01/s06/sparrkulee_v3.1/raw/sub-019/ses-shortstories01/eeg/sub-019_ses-shortstories01_task-listeningActive_run-06_eeg.bdf.gz,RESTRICTED,HOLD,False,0..63 in original order per publisher config,UNKNOWN,EEG per publisher dataset/config,UNKNOWN,UNKNOWN,UNKNOWN,microvolts by MNE volts x 1e6 contract; historical generator revision UNKNOWN,64,publisher highpass/artifact/MWF/CAR/resample; not repeated here,/home/fanyu/auditory_simulation_m6a/pub_01/s06/sparrkulee_v3.1/raw/sub-019/ses-shortstories01/eeg/sub-019_ses-shortstories01_task-listeningActive_run-06_stimulation.tsv,UNKNOWN,RAW_RESTRICTED_NOT_ACCESSED; public derivative may still be usable with provenance limitation
/home/fanyu/auditory_simulation_m6a/pub_01/s06/sparrkulee_v3.1/raw/derivatives/preprocessed_eeg/sub-019/ses-shortstories01/sub-019_ses-shortstories01_task-listeningActive_run-07_desc-preproc-audio-audiobook_4_eeg.npy,sub-019_ses-shortstories01_task-listeningActive_run-07_eeg.bdf.gz,/home/fanyu/auditory_simulation_m6a/pub_01/s06/sparrkulee_v3.1/raw/sub-019/ses-shortstories01/eeg/sub-019_ses-shortstories01_task-listeningActive_run-07_eeg.bdf.gz,RESTRICTED,HOLD,False,0..63 in original order per publisher config,UNKNOWN,EEG per publisher dataset/config,UNKNOWN,UNKNOWN,UNKNOWN,microvolts by MNE volts x 1e6 contract; historical generator revision UNKNOWN,64,publisher highpass/artifact/MWF/CAR/resample; not repeated here,/home/fanyu/auditory_simulation_m6a/pub_01/s06/sparrkulee_v3.1/raw/sub-019/ses-shortstories01/eeg/sub-019_ses-shortstories01_task-listeningActive_run-07_stimulation.tsv,UNKNOWN,RAW_RESTRICTED_NOT_ACCESSED; public derivative may still be usable with provenance limitation
/home/fanyu/auditory_simulation_m6a/pub_01/s06/sparrkulee_v3.1/raw/derivatives/preprocessed_eeg/sub-019/ses-shortstories01/sub-019_ses-shortstories01_task-listeningActive_run-08_desc-preproc-audio-audiobook_2_1_eeg.npy,sub-019_ses-shortstories01_task-listeningActive_run-08_eeg.bdf.gz,/home/fanyu/auditory_simulation_m6a/pub_01/s06/sparrkulee_v3.1/raw/sub-019/ses-shortstories01/eeg/sub-019_ses-shortstories01_task-listeningActive_run-08_eeg.bdf.gz,RESTRICTED,HOLD,False,0..63 in original order per publisher config,UNKNOWN,EEG per publisher dataset/config,UNKNOWN,UNKNOWN,UNKNOWN,microvolts by MNE volts x 1e6 contract; historical generator revision UNKNOWN,64,publisher highpass/artifact/MWF/CAR/resample; not repeated here,/home/fanyu/auditory_simulation_m6a/pub_01/s06/sparrkulee_v3.1/raw/sub-019/ses-shortstories01/eeg/sub-019_ses-shortstories01_task-listeningActive_run-08_stimulation.tsv,UNKNOWN,RAW_RESTRICTED_NOT_ACCESSED; public derivative may still be usable with provenance limitation
/home/fanyu/auditory_simulation_m6a/pub_01/s06/sparrkulee_v3.1/raw/derivatives/preprocessed_eeg/sub-019/ses-shortstories01/sub-019_ses-shortstories01_task-listeningActive_run-09_desc-preproc-audio-audiobook_2_2_eeg.npy,sub-019_ses-shortstories01_task-listeningActive_run-09_eeg.bdf.gz,/home/fanyu/auditory_simulation_m6a/pub_01/s06/sparrkulee_v3.1/raw/sub-019/ses-shortstories01/eeg/sub-019_ses-shortstories01_task-listeningActive_run-09_eeg.bdf.gz,RESTRICTED,HOLD,False,0..63 in original order per publisher config,UNKNOWN,EEG per publisher dataset/config,UNKNOWN,UNKNOWN,UNKNOWN,microvolts by MNE volts x 1e6 contract; historical generator revision UNKNOWN,64,publisher highpass/artifact/MWF/CAR/resample; not repeated here,/home/fanyu/auditory_simulation_m6a/pub_01/s06/sparrkulee_v3.1/raw/sub-019/ses-shortstories01/eeg/sub-019_ses-shortstories01_task-listeningActive_run-09_stimulation.tsv,UNKNOWN,RAW_RESTRICTED_NOT_ACCESSED; public derivative may still be usable with provenance limitation
/home/fanyu/auditory_simulation_m6a/pub_01/s06/sparrkulee_v3.1/raw/derivatives/preprocessed_eeg/sub-019/ses-shortstories01/sub-019_ses-shortstories01_task-listeningActive_run-10_desc-preproc-audio-audiobook_1_eeg.npy,sub-019_ses-shortstories01_task-listeningActive_run-10_eeg.bdf.gz,/home/fanyu/auditory_simulation_m6a/pub_01/s06/sparrkulee_v3.1/raw/sub-019/ses-shortstories01/eeg/sub-019_ses-shortstories01_task-listeningActive_run-10_eeg.bdf.gz,RESTRICTED,HOLD,False,0..63 in original order per publisher config,UNKNOWN,EEG per publisher dataset/config,UNKNOWN,UNKNOWN,UNKNOWN,microvolts by MNE volts x 1e6 contract; historical generator revision UNKNOWN,64,publisher highpass/artifact/MWF/CAR/resample; not repeated here,/home/fanyu/auditory_simulation_m6a/pub_01/s06/sparrkulee_v3.1/raw/sub-019/ses-shortstories01/eeg/sub-019_ses-shortstories01_task-listeningActive_run-10_stimulation.tsv,UNKNOWN,RAW_RESTRICTED_NOT_ACCESSED; public derivative may still be usable with provenance limitation
/home/fanyu/auditory_simulation_m6a/pub_01/s06/sparrkulee_v3.1/raw/derivatives/preprocessed_eeg/sub-020/ses-shortstories01/sub-020_ses-shortstories01_task-listeningActive_run-01_desc-preproc-audio-audiobook_3_eeg.npy,sub-020_ses-shortstories01_task-listeningActive_run-01_eeg.bdf.gz,/home/fanyu/auditory_simulation_m6a/pub_01/s06/sparrkulee_v3.1/raw/sub-020/ses-shortstories01/eeg/sub-020_ses-shortstories01_task-listeningActive_run-01_eeg.bdf.gz,RESTRICTED,HOLD,False,0..63 in original order per publisher config,UNKNOWN,EEG per publisher dataset/config,UNKNOWN,UNKNOWN,UNKNOWN,microvolts by MNE volts x 1e6 contract; historical generator revision UNKNOWN,64,publisher highpass/artifact/MWF/CAR/resample; not repeated here,/home/fanyu/auditory_simulation_m6a/pub_01/s06/sparrkulee_v3.1/raw/sub-020/ses-shortstories01/eeg/sub-020_ses-shortstories01_task-listeningActive_run-01_stimulation.tsv,UNKNOWN,RAW_RESTRICTED_NOT_ACCESSED; public derivative may still be usable with provenance limitation
/home/fanyu/auditory_simulation_m6a/pub_01/s06/sparrkulee_v3.1/raw/derivatives/preprocessed_eeg/sub-020/ses-shortstories01/sub-020_ses-shortstories01_task-listeningActive_run-02_desc-preproc-audio-audiobook_5_1_eeg.npy,sub-020_ses-shortstories01_task-listeningActive_run-02_eeg.bdf.gz,/home/fanyu/auditory_simulation_m6a/pub_01/s06/sparrkulee_v3.1/raw/sub-020/ses-shortstories01/eeg/sub-020_ses-shortstories01_task-listeningActive_run-02_eeg.bdf.gz,RESTRICTED,HOLD,False,0..63 in original order per publisher config,UNKNOWN,EEG per publisher dataset/config,UNKNOWN,UNKNOWN,UNKNOWN,microvolts by MNE volts x 1e6 contract; historical generator revision UNKNOWN,64,publisher highpass/artifact/MWF/CAR/resample; not repeated here,/home/fanyu/auditory_simulation_m6a/pub_01/s06/sparrkulee_v3.1/raw/sub-020/ses-shortstories01/eeg/sub-020_ses-shortstories01_task-listeningActive_run-02_stimulation.tsv,UNKNOWN,RAW_RESTRICTED_NOT_ACCESSED; public derivative may still be usable with provenance limitation
/home/fanyu/auditory_simulation_m6a/pub_01/s06/sparrkulee_v3.1/raw/derivatives/preprocessed_eeg/sub-020/ses-shortstories01/sub-020_ses-shortstories01_task-listeningActive_run-03_desc-preproc-audio-audiobook_5_2_eeg.npy,sub-020_ses-shortstories01_task-listeningActive_run-03_eeg.bdf.gz,/home/fanyu/auditory_simulation_m6a/pub_01/s06/sparrkulee_v3.1/raw/sub-020/ses-shortstories01/eeg/sub-020_ses-shortstories01_task-listeningActive_run-03_eeg.bdf.gz,RESTRICTED,HOLD,False,0..63 in original order per publisher config,UNKNOWN,EEG per publisher dataset/config,UNKNOWN,UNKNOWN,UNKNOWN,microvolts by MNE volts x 1e6 contract; historical generator revision UNKNOWN,64,publisher highpass/artifact/MWF/CAR/resample; not repeated here,/home/fanyu/auditory_simulation_m6a/pub_01/s06/sparrkulee_v3.1/raw/sub-020/ses-shortstories01/eeg/sub-020_ses-shortstories01_task-listeningActive_run-03_stimulation.tsv,UNKNOWN,RAW_RESTRICTED_NOT_ACCESSED; public derivative may still be usable with provenance limitation
/home/fanyu/auditory_simulation_m6a/pub_01/s06/sparrkulee_v3.1/raw/derivatives/preprocessed_eeg/sub-020/ses-shortstories01/sub-020_ses-shortstories01_task-listeningActive_run-04_desc-preproc-audio-audiobook_5_3_eeg.npy,sub-020_ses-shortstories01_task-listeningActive_run-04_eeg.bdf.gz,/home/fanyu/auditory_simulation_m6a/pub_01/s06/sparrkulee_v3.1/raw/sub-020/ses-shortstories01/eeg/sub-020_ses-shortstories01_task-listeningActive_run-04_eeg.bdf.gz,RESTRICTED,HOLD,False,0..63 in original order per publisher config,UNKNOWN,EEG per publisher dataset/config,UNKNOWN,UNKNOWN,UNKNOWN,microvolts by MNE volts x 1e6 contract; historical generator revision UNKNOWN,64,publisher highpass/artifact/MWF/CAR/resample; not repeated here,/home/fanyu/auditory_simulation_m6a/pub_01/s06/sparrkulee_v3.1/raw/sub-020/ses-shortstories01/eeg/sub-020_ses-shortstories01_task-listeningActive_run-04_stimulation.tsv,UNKNOWN,RAW_RESTRICTED_NOT_ACCESSED; public derivative may still be usable with provenance limitation
/home/fanyu/auditory_simulation_m6a/pub_01/s06/sparrkulee_v3.1/raw/derivatives/preprocessed_eeg/sub-020/ses-shortstories01/sub-020_ses-shortstories01_task-listeningActive_run-05_desc-preproc-audio-audiobook_2_1_eeg.npy,sub-020_ses-shortstories01_task-listeningActive_run-05_eeg.bdf.gz,/home/fanyu/auditory_simulation_m6a/pub_01/s06/sparrkulee_v3.1/raw/sub-020/ses-shortstories01/eeg/sub-020_ses-shortstories01_task-listeningActive_run-05_eeg.bdf.gz,RESTRICTED,HOLD,False,0..63 in original order per publisher config,UNKNOWN,EEG per publisher dataset/config,UNKNOWN,UNKNOWN,UNKNOWN,microvolts by MNE volts x 1e6 contract; historical generator revision UNKNOWN,64,publisher highpass/artifact/MWF/CAR/resample; not repeated here,/home/fanyu/auditory_simulation_m6a/pub_01/s06/sparrkulee_v3.1/raw/sub-020/ses-shortstories01/eeg/sub-020_ses-shortstories01_task-listeningActive_run-05_stimulation.tsv,UNKNOWN,RAW_RESTRICTED_NOT_ACCESSED; public derivative may still be usable with provenance limitation
/home/fanyu/auditory_simulation_m6a/pub_01/s06/sparrkulee_v3.1/raw/derivatives/preprocessed_eeg/sub-020/ses-shortstories01/sub-020_ses-shortstories01_task-listeningActive_run-06_desc-preproc-audio-audiobook_2_2_eeg.npy,sub-020_ses-shortstories01_task-listeningActive_run-06_eeg.bdf.gz,/home/fanyu/auditory_simulation_m6a/pub_01/s06/sparrkulee_v3.1/raw/sub-020/ses-shortstories01/eeg/sub-020_ses-shortstories01_task-listeningActive_run-06_eeg.bdf.gz,RESTRICTED,HOLD,False,0..63 in original order per publisher config,UNKNOWN,EEG per publisher dataset/config,UNKNOWN,UNKNOWN,UNKNOWN,microvolts by MNE volts x 1e6 contract; historical generator revision UNKNOWN,64,publisher highpass/artifact/MWF/CAR/resample; not repeated here,/home/fanyu/auditory_simulation_m6a/pub_01/s06/sparrkulee_v3.1/raw/sub-020/ses-shortstories01/eeg/sub-020_ses-shortstories01_task-listeningActive_run-06_stimulation.tsv,UNKNOWN,RAW_RESTRICTED_NOT_ACCESSED; public derivative may still be usable with provenance limitation
/home/fanyu/auditory_simulation_m6a/pub_01/s06/sparrkulee_v3.1/raw/derivatives/preprocessed_eeg/sub-020/ses-shortstories01/sub-020_ses-shortstories01_task-listeningActive_run-07_desc-preproc-audio-audiobook_6_1_eeg.npy,sub-020_ses-shortstories01_task-listeningActive_run-07_eeg.bdf.gz,/home/fanyu/auditory_simulation_m6a/pub_01/s06/sparrkulee_v3.1/raw/sub-020/ses-shortstories01/eeg/sub-020_ses-shortstories01_task-listeningActive_run-07_eeg.bdf.gz,RESTRICTED,HOLD,False,0..63 in original order per publisher config,UNKNOWN,EEG per publisher dataset/config,UNKNOWN,UNKNOWN,UNKNOWN,microvolts by MNE volts x 1e6 contract; historical generator revision UNKNOWN,64,publisher highpass/artifact/MWF/CAR/resample; not repeated here,/home/fanyu/auditory_simulation_m6a/pub_01/s06/sparrkulee_v3.1/raw/sub-020/ses-shortstories01/eeg/sub-020_ses-shortstories01_task-listeningActive_run-07_stimulation.tsv,UNKNOWN,RAW_RESTRICTED_NOT_ACCESSED; public derivative may still be usable with provenance limitation
/home/fanyu/auditory_simulation_m6a/pub_01/s06/sparrkulee_v3.1/raw/derivatives/preprocessed_eeg/sub-020/ses-shortstories01/sub-020_ses-shortstories01_task-listeningActive_run-08_desc-preproc-audio-audiobook_6_2_eeg.npy,sub-020_ses-shortstories01_task-listeningActive_run-08_eeg.bdf.gz,/home/fanyu/auditory_simulation_m6a/pub_01/s06/sparrkulee_v3.1/raw/sub-020/ses-shortstories01/eeg/sub-020_ses-shortstories01_task-listeningActive_run-08_eeg.bdf.gz,RESTRICTED,HOLD,False,0..63 in original order per publisher config,UNKNOWN,EEG per publisher dataset/config,UNKNOWN,UNKNOWN,UNKNOWN,microvolts by MNE volts x 1e6 contract; historical generator revision UNKNOWN,64,publisher highpass/artifact/MWF/CAR/resample; not repeated here,/home/fanyu/auditory_simulation_m6a/pub_01/s06/sparrkulee_v3.1/raw/sub-020/ses-shortstories01/eeg/sub-020_ses-shortstories01_task-listeningActive_run-08_stimulation.tsv,UNKNOWN,RAW_RESTRICTED_NOT_ACCESSED; public derivative may still be usable with provenance limitation
/home/fanyu/auditory_simulation_m6a/pub_01/s06/sparrkulee_v3.1/raw/derivatives/preprocessed_eeg/sub-021/ses-shortstories01/sub-021_ses-shortstories01_task-listeningActive_run-01_desc-preproc-audio-audiobook_1_1_eeg.npy,sub-021_ses-shortstories01_task-listeningActive_run-01_eeg.bdf.gz,/home/fanyu/auditory_simulation_m6a/pub_01/s06/sparrkulee_v3.1/raw/sub-021/ses-shortstories01/eeg/sub-021_ses-shortstories01_task-listeningActive_run-01_eeg.bdf.gz,RESTRICTED,HOLD,False,0..63 in original order per publisher config,UNKNOWN,EEG per publisher dataset/config,UNKNOWN,UNKNOWN,UNKNOWN,microvolts by MNE volts x 1e6 contract; historical generator revision UNKNOWN,64,publisher highpass/artifact/MWF/CAR/resample; not repeated here,/home/fanyu/auditory_simulation_m6a/pub_01/s06/sparrkulee_v3.1/raw/sub-021/ses-shortstories01/eeg/sub-021_ses-shortstories01_task-listeningActive_run-01_stimulation.tsv,UNKNOWN,RAW_RESTRICTED_NOT_ACCESSED; public derivative may still be usable with provenance limitation
/home/fanyu/auditory_simulation_m6a/pub_01/s06/sparrkulee_v3.1/raw/derivatives/preprocessed_eeg/sub-021/ses-shortstories01/sub-021_ses-shortstories01_task-listeningActive_run-02_desc-preproc-audio-audiobook_1_2_shifted_eeg.npy,sub-021_ses-shortstories01_task-listeningActive_run-02_eeg.bdf.gz,/home/fanyu/auditory_simulation_m6a/pub_01/s06/sparrkulee_v3.1/raw/sub-021/ses-shortstories01/eeg/sub-021_ses-shortstories01_task-listeningActive_run-02_eeg.bdf.gz,RESTRICTED,HOLD,False,0..63 in original order per publisher config,UNKNOWN,EEG per publisher dataset/config,UNKNOWN,UNKNOWN,UNKNOWN,microvolts by MNE volts x 1e6 contract; historical generator revision UNKNOWN,64,publisher highpass/artifact/MWF/CAR/resample; not repeated here,/home/fanyu/auditory_simulation_m6a/pub_01/s06/sparrkulee_v3.1/raw/sub-021/ses-shortstories01/eeg/sub-021_ses-shortstories01_task-listeningActive_run-02_stimulation.tsv,UNKNOWN,RAW_RESTRICTED_NOT_ACCESSED; public derivative may still be usable with provenance limitation
/home/fanyu/auditory_simulation_m6a/pub_01/s06/sparrkulee_v3.1/raw/derivatives/preprocessed_eeg/sub-021/ses-shortstories01/sub-021_ses-shortstories01_task-listeningActive_run-03_desc-preproc-audio-audiobook_4_eeg.npy,sub-021_ses-shortstories01_task-listeningActive_run-03_eeg.bdf.gz,/home/fanyu/auditory_simulation_m6a/pub_01/s06/sparrkulee_v3.1/raw/sub-021/ses-shortstories01/eeg/sub-021_ses-shortstories01_task-listeningActive_run-03_eeg.bdf.gz,RESTRICTED,HOLD,False,0..63 in original order per publisher config,UNKNOWN,EEG per publisher dataset/config,UNKNOWN,UNKNOWN,UNKNOWN,microvolts by MNE volts x 1e6 contract; historical generator revision UNKNOWN,64,publisher highpass/artifact/MWF/CAR/resample; not repeated here,/home/fanyu/auditory_simulation_m6a/pub_01/s06/sparrkulee_v3.1/raw/sub-021/ses-shortstories01/eeg/sub-021_ses-shortstories01_task-listeningActive_run-03_stimulation.tsv,UNKNOWN,RAW_RESTRICTED_NOT_ACCESSED; public derivative may still be usable with provenance limitation
/home/fanyu/auditory_simulation_m6a/pub_01/s06/sparrkulee_v3.1/raw/derivatives/preprocessed_eeg/sub-021/ses-shortstories01/sub-021_ses-shortstories01_task-listeningActive_run-04_desc-preproc-audio-audiobook_5_1_eeg.npy,sub-021_ses-shortstories01_task-listeningActive_run-04_eeg.bdf.gz,/home/fanyu/auditory_simulation_m6a/pub_01/s06/sparrkulee_v3.1/raw/sub-021/ses-shortstories01/eeg/sub-021_ses-shortstories01_task-listeningActive_run-04_eeg.bdf.gz,RESTRICTED,HOLD,False,0..63 in original order per publisher config,UNKNOWN,EEG per publisher dataset/config,UNKNOWN,UNKNOWN,UNKNOWN,microvolts by MNE volts x 1e6 contract; historical generator revision UNKNOWN,64,publisher highpass/artifact/MWF/CAR/resample; not repeated here,/home/fanyu/auditory_simulation_m6a/pub_01/s06/sparrkulee_v3.1/raw/sub-021/ses-shortstories01/eeg/sub-021_ses-shortstories01_task-listeningActive_run-04_stimulation.tsv,UNKNOWN,RAW_RESTRICTED_NOT_ACCESSED; public derivative may still be usable with provenance limitation
/home/fanyu/auditory_simulation_m6a/pub_01/s06/sparrkulee_v3.1/raw/derivatives/preprocessed_eeg/sub-021/ses-shortstories01/sub-021_ses-shortstories01_task-listeningActive_run-05_desc-preproc-audio-audiobook_5_2_eeg.npy,sub-021_ses-shortstories01_task-listeningActive_run-05_eeg.bdf.gz,/home/fanyu/auditory_simulation_m6a/pub_01/s06/sparrkulee_v3.1/raw/sub-021/ses-shortstories01/eeg/sub-021_ses-shortstories01_task-listeningActive_run-05_eeg.bdf.gz,RESTRICTED,HOLD,False,0..63 in original order per publisher config,UNKNOWN,EEG per publisher dataset/config,UNKNOWN,UNKNOWN,UNKNOWN,microvolts by MNE volts x 1e6 contract; historical generator revision UNKNOWN,64,publisher highpass/artifact/MWF/CAR/resample; not repeated here,/home/fanyu/auditory_simulation_m6a/pub_01/s06/sparrkulee_v3.1/raw/sub-021/ses-shortstories01/eeg/sub-021_ses-shortstories01_task-listeningActive_run-05_stimulation.tsv,UNKNOWN,RAW_RESTRICTED_NOT_ACCESSED; public derivative may still be usable with provenance limitation
/home/fanyu/auditory_simulation_m6a/pub_01/s06/sparrkulee_v3.1/raw/derivatives/preprocessed_eeg/sub-021/ses-shortstories01/sub-021_ses-shortstories01_task-listeningActive_run-06_desc-preproc-audio-audiobook_5_3_eeg.npy,sub-021_ses-shortstories01_task-listeningActive_run-06_eeg.bdf.gz,/home/fanyu/auditory_simulation_m6a/pub_01/s06/sparrkulee_v3.1/raw/sub-021/ses-shortstories01/eeg/sub-021_ses-shortstories01_task-listeningActive_run-06_eeg.bdf.gz,RESTRICTED,HOLD,False,0..63 in original order per publisher config,UNKNOWN,EEG per publisher dataset/config,UNKNOWN,UNKNOWN,UNKNOWN,microvolts by MNE volts x 1e6 contract; historical generator revision UNKNOWN,64,publisher highpass/artifact/MWF/CAR/resample; not repeated here,/home/fanyu/auditory_simulation_m6a/pub_01/s06/sparrkulee_v3.1/raw/sub-021/ses-shortstories01/eeg/sub-021_ses-shortstories01_task-listeningActive_run-06_stimulation.tsv,UNKNOWN,RAW_RESTRICTED_NOT_ACCESSED; public derivative may still be usable with provenance limitation
/home/fanyu/auditory_simulation_m6a/pub_01/s06/sparrkulee_v3.1/raw/derivatives/preprocessed_eeg/sub-021/ses-shortstories01/sub-021_ses-shortstories01_task-listeningActive_run-07_desc-preproc-audio-audiobook_6_1_eeg.npy,sub-021_ses-shortstories01_task-listeningActive_run-07_eeg.bdf.gz,/home/fanyu/auditory_simulation_m6a/pub_01/s06/sparrkulee_v3.1/raw/sub-021/ses-shortstories01/eeg/sub-021_ses-shortstories01_task-listeningActive_run-07_eeg.bdf.gz,RESTRICTED,HOLD,False,0..63 in original order per publisher config,UNKNOWN,EEG per publisher dataset/config,UNKNOWN,UNKNOWN,UNKNOWN,microvolts by MNE volts x 1e6 contract; historical generator revision UNKNOWN,64,publisher highpass/artifact/MWF/CAR/resample; not repeated here,/home/fanyu/auditory_simulation_m6a/pub_01/s06/sparrkulee_v3.1/raw/sub-021/ses-shortstories01/eeg/sub-021_ses-shortstories01_task-listeningActive_run-07_stimulation.tsv,UNKNOWN,RAW_RESTRICTED_NOT_ACCESSED; public derivative may still be usable with provenance limitation
/home/fanyu/auditory_simulation_m6a/pub_01/s06/sparrkulee_v3.1/raw/derivatives/preprocessed_eeg/sub-021/ses-shortstories01/sub-021_ses-shortstories01_task-listeningActive_run-08_desc-preproc-audio-audiobook_6_2_eeg.npy,sub-021_ses-shortstories01_task-listeningActive_run-08_eeg.bdf.gz,/home/fanyu/auditory_simulation_m6a/pub_01/s06/sparrkulee_v3.1/raw/sub-021/ses-shortstories01/eeg/sub-021_ses-shortstories01_task-listeningActive_run-08_eeg.bdf.gz,RESTRICTED,HOLD,False,0..63 in original order per publisher config,UNKNOWN,EEG per publisher dataset/config,UNKNOWN,UNKNOWN,UNKNOWN,microvolts by MNE volts x 1e6 contract; historical generator revision UNKNOWN,64,publisher highpass/artifact/MWF/CAR/resample; not repeated here,/home/fanyu/auditory_simulation_m6a/pub_01/s06/sparrkulee_v3.1/raw/sub-021/ses-shortstories01/eeg/sub-021_ses-shortstories01_task-listeningActive_run-08_stimulation.tsv,UNKNOWN,RAW_RESTRICTED_NOT_ACCESSED; public derivative may still be usable with provenance limitation
/home/fanyu/auditory_simulation_m6a/pub_01/s06/sparrkulee_v3.1/raw/derivatives/preprocessed_eeg/sub-021/ses-shortstories01/sub-021_ses-shortstories01_task-listeningActive_run-09_desc-preproc-audio-audiobook_2_1_eeg.npy,sub-021_ses-shortstories01_task-listeningActive_run-09_eeg.bdf.gz,/home/fanyu/auditory_simulation_m6a/pub_01/s06/sparrkulee_v3.1/raw/sub-021/ses-shortstories01/eeg/sub-021_ses-shortstories01_task-listeningActive_run-09_eeg.bdf.gz,RESTRICTED,HOLD,False,0..63 in original order per publisher config,UNKNOWN,EEG per publisher dataset/config,UNKNOWN,UNKNOWN,UNKNOWN,microvolts by MNE volts x 1e6 contract; historical generator revision UNKNOWN,64,publisher highpass/artifact/MWF/CAR/resample; not repeated here,/home/fanyu/auditory_simulation_m6a/pub_01/s06/sparrkulee_v3.1/raw/sub-021/ses-shortstories01/eeg/sub-021_ses-shortstories01_task-listeningActive_run-09_stimulation.tsv,UNKNOWN,RAW_RESTRICTED_NOT_ACCESSED; public derivative may still be usable with provenance limitation
/home/fanyu/auditory_simulation_m6a/pub_01/s06/sparrkulee_v3.1/raw/derivatives/preprocessed_eeg/sub-021/ses-shortstories01/sub-021_ses-shortstories01_task-listeningActive_run-10_desc-preproc-audio-audiobook_2_2_eeg.npy,sub-021_ses-shortstories01_task-listeningActive_run-10_eeg.bdf.gz,/home/fanyu/auditory_simulation_m6a/pub_01/s06/sparrkulee_v3.1/raw/sub-021/ses-shortstories01/eeg/sub-021_ses-shortstories01_task-listeningActive_run-10_eeg.bdf.gz,RESTRICTED,HOLD,False,0..63 in original order per publisher config,UNKNOWN,EEG per publisher dataset/config,UNKNOWN,UNKNOWN,UNKNOWN,microvolts by MNE volts x 1e6 contract; historical generator revision UNKNOWN,64,publisher highpass/artifact/MWF/CAR/resample; not repeated here,/home/fanyu/auditory_simulation_m6a/pub_01/s06/sparrkulee_v3.1/raw/sub-021/ses-shortstories01/eeg/sub-021_ses-shortstories01_task-listeningActive_run-10_stimulation.tsv,UNKNOWN,RAW_RESTRICTED_NOT_ACCESSED; public derivative may still be usable with provenance limitation
/home/fanyu/auditory_simulation_m6a/pub_01/s06/sparrkulee_v3.1/raw/derivatives/preprocessed_eeg/sub-021/ses-shortstories01/sub-021_ses-shortstories01_task-listeningActive_run-11_desc-preproc-audio-audiobook_3_eeg.npy,sub-021_ses-shortstories01_task-listeningActive_run-11_eeg.bdf.gz,/home/fanyu/auditory_simulation_m6a/pub_01/s06/sparrkulee_v3.1/raw/sub-021/ses-shortstories01/eeg/sub-021_ses-shortstories01_task-listeningActive_run-11_eeg.bdf.gz,RESTRICTED,HOLD,False,0..63 in original order per publisher config,UNKNOWN,EEG per publisher dataset/config,UNKNOWN,UNKNOWN,UNKNOWN,microvolts by MNE volts x 1e6 contract; historical generator revision UNKNOWN,64,publisher highpass/artifact/MWF/CAR/resample; not repeated here,/home/fanyu/auditory_simulation_m6a/pub_01/s06/sparrkulee_v3.1/raw/sub-021/ses-shortstories01/eeg/sub-021_ses-shortstories01_task-listeningActive_run-11_stimulation.tsv,UNKNOWN,RAW_RESTRICTED_NOT_ACCESSED; public derivative may still be usable with provenance limitation
/home/fanyu/auditory_simulation_m6a/pub_01/s06/sparrkulee_v3.1/raw/derivatives/preprocessed_eeg/sub-022/ses-shortstories01/sub-022_ses-shortstories01_task-listeningActive_run-01_desc-preproc-audio-audiobook_1_1_eeg.npy,sub-022_ses-shortstories01_task-listeningActive_run-01_eeg.bdf.gz,/home/fanyu/auditory_simulation_m6a/pub_01/s06/sparrkulee_v3.1/raw/sub-022/ses-shortstories01/eeg/sub-022_ses-shortstories01_task-listeningActive_run-01_eeg.bdf.gz,RESTRICTED,HOLD,False,0..63 in original order per publisher config,UNKNOWN,EEG per publisher dataset/config,UNKNOWN,UNKNOWN,UNKNOWN,microvolts by MNE volts x 1e6 contract; historical generator revision UNKNOWN,64,publisher highpass/artifact/MWF/CAR/resample; not repeated here,/home/fanyu/auditory_simulation_m6a/pub_01/s06/sparrkulee_v3.1/raw/sub-022/ses-shortstories01/eeg/sub-022_ses-shortstories01_task-listeningActive_run-01_stimulation.tsv,UNKNOWN,RAW_RESTRICTED_NOT_ACCESSED; public derivative may still be usable with provenance limitation
/home/fanyu/auditory_simulation_m6a/pub_01/s06/sparrkulee_v3.1/raw/derivatives/preprocessed_eeg/sub-022/ses-shortstories01/sub-022_ses-shortstories01_task-listeningActive_run-02_desc-preproc-audio-audiobook_1_2_shifted_eeg.npy,sub-022_ses-shortstories01_task-listeningActive_run-02_eeg.bdf.gz,/home/fanyu/auditory_simulation_m6a/pub_01/s06/sparrkulee_v3.1/raw/sub-022/ses-shortstories01/eeg/sub-022_ses-shortstories01_task-listeningActive_run-02_eeg.bdf.gz,RESTRICTED,HOLD,False,0..63 in original order per publisher config,UNKNOWN,EEG per publisher dataset/config,UNKNOWN,UNKNOWN,UNKNOWN,microvolts by MNE volts x 1e6 contract; historical generator revision UNKNOWN,64,publisher highpass/artifact/MWF/CAR/resample; not repeated here,/home/fanyu/auditory_simulation_m6a/pub_01/s06/sparrkulee_v3.1/raw/sub-022/ses-shortstories01/eeg/sub-022_ses-shortstories01_task-listeningActive_run-02_stimulation.tsv,UNKNOWN,RAW_RESTRICTED_NOT_ACCESSED; public derivative may still be usable with provenance limitation
/home/fanyu/auditory_simulation_m6a/pub_01/s06/sparrkulee_v3.1/raw/derivatives/preprocessed_eeg/sub-022/ses-shortstories01/sub-022_ses-shortstories01_task-listeningActive_run-03_desc-preproc-audio-audiobook_2_1_eeg.npy,sub-022_ses-shortstories01_task-listeningActive_run-03_eeg.bdf.gz,/home/fanyu/auditory_simulation_m6a/pub_01/s06/sparrkulee_v3.1/raw/sub-022/ses-shortstories01/eeg/sub-022_ses-shortstories01_task-listeningActive_run-03_eeg.bdf.gz,RESTRICTED,HOLD,False,0..63 in original order per publisher config,UNKNOWN,EEG per publisher dataset/config,UNKNOWN,UNKNOWN,UNKNOWN,microvolts by MNE volts x 1e6 contract; historical generator revision UNKNOWN,64,publisher highpass/artifact/MWF/CAR/resample; not repeated here,/home/fanyu/auditory_simulation_m6a/pub_01/s06/sparrkulee_v3.1/raw/sub-022/ses-shortstories01/eeg/sub-022_ses-shortstories01_task-listeningActive_run-03_stimulation.tsv,UNKNOWN,RAW_RESTRICTED_NOT_ACCESSED; public derivative may still be usable with provenance limitation
/home/fanyu/auditory_simulation_m6a/pub_01/s06/sparrkulee_v3.1/raw/derivatives/preprocessed_eeg/sub-022/ses-shortstories01/sub-022_ses-shortstories01_task-listeningActive_run-04_desc-preproc-audio-audiobook_2_2_eeg.npy,sub-022_ses-shortstories01_task-listeningActive_run-04_eeg.bdf.gz,/home/fanyu/auditory_simulation_m6a/pub_01/s06/sparrkulee_v3.1/raw/sub-022/ses-shortstories01/eeg/sub-022_ses-shortstories01_task-listeningActive_run-04_eeg.bdf.gz,RESTRICTED,HOLD,False,0..63 in original order per publisher config,UNKNOWN,EEG per publisher dataset/config,UNKNOWN,UNKNOWN,UNKNOWN,microvolts by MNE volts x 1e6 contract; historical generator revision UNKNOWN,64,publisher highpass/artifact/MWF/CAR/resample; not repeated here,/home/fanyu/auditory_simulation_m6a/pub_01/s06/sparrkulee_v3.1/raw/sub-022/ses-shortstories01/eeg/sub-022_ses-shortstories01_task-listeningActive_run-04_stimulation.tsv,UNKNOWN,RAW_RESTRICTED_NOT_ACCESSED; public derivative may still be usable with provenance limitation
/home/fanyu/auditory_simulation_m6a/pub_01/s06/sparrkulee_v3.1/raw/derivatives/preprocessed_eeg/sub-022/ses-shortstories01/sub-022_ses-shortstories01_task-listeningActive_run-05_desc-preproc-audio-audiobook_4_eeg.npy,sub-022_ses-shortstories01_task-listeningActive_run-05_eeg.bdf.gz,/home/fanyu/auditory_simulation_m6a/pub_01/s06/sparrkulee_v3.1/raw/sub-022/ses-shortstories01/eeg/sub-022_ses-shortstories01_task-listeningActive_run-05_eeg.bdf.gz,RESTRICTED,HOLD,False,0..63 in original order per publisher config,UNKNOWN,EEG per publisher dataset/config,UNKNOWN,UNKNOWN,UNKNOWN,microvolts by MNE volts x 1e6 contract; historical generator revision UNKNOWN,64,publisher highpass/artifact/MWF/CAR/resample; not repeated here,/home/fanyu/auditory_simulation_m6a/pub_01/s06/sparrkulee_v3.1/raw/sub-022/ses-shortstories01/eeg/sub-022_ses-shortstories01_task-listeningActive_run-05_stimulation.tsv,UNKNOWN,RAW_RESTRICTED_NOT_ACCESSED; public derivative may still be usable with provenance limitation
/home/fanyu/auditory_simulation_m6a/pub_01/s06/sparrkulee_v3.1/raw/derivatives/preprocessed_eeg/sub-022/ses-shortstories01/sub-022_ses-shortstories01_task-listeningActive_run-06_desc-preproc-audio-audiobook_3_eeg.npy,sub-022_ses-shortstories01_task-listeningActive_run-06_eeg.bdf.gz,/home/fanyu/auditory_simulation_m6a/pub_01/s06/sparrkulee_v3.1/raw/sub-022/ses-shortstories01/eeg/sub-022_ses-shortstories01_task-listeningActive_run-06_eeg.bdf.gz,RESTRICTED,HOLD,False,0..63 in original order per publisher config,UNKNOWN,EEG per publisher dataset/config,UNKNOWN,UNKNOWN,UNKNOWN,microvolts by MNE volts x 1e6 contract; historical generator revision UNKNOWN,64,publisher highpass/artifact/MWF/CAR/resample; not repeated here,/home/fanyu/auditory_simulation_m6a/pub_01/s06/sparrkulee_v3.1/raw/sub-022/ses-shortstories01/eeg/sub-022_ses-shortstories01_task-listeningActive_run-06_stimulation.tsv,UNKNOWN,RAW_RESTRICTED_NOT_ACCESSED; public derivative may still be usable with provenance limitation
/home/fanyu/auditory_simulation_m6a/pub_01/s06/sparrkulee_v3.1/raw/derivatives/preprocessed_eeg/sub-022/ses-shortstories01/sub-022_ses-shortstories01_task-listeningActive_run-07_desc-preproc-audio-audiobook_6_1_eeg.npy,sub-022_ses-shortstories01_task-listeningActive_run-07_eeg.bdf.gz,/home/fanyu/auditory_simulation_m6a/pub_01/s06/sparrkulee_v3.1/raw/sub-022/ses-shortstories01/eeg/sub-022_ses-shortstories01_task-listeningActive_run-07_eeg.bdf.gz,RESTRICTED,HOLD,False,0..63 in original order per publisher config,UNKNOWN,EEG per publisher dataset/config,UNKNOWN,UNKNOWN,UNKNOWN,microvolts by MNE volts x 1e6 contract; historical generator revision UNKNOWN,64,publisher highpass/artifact/MWF/CAR/resample; not repeated here,/home/fanyu/auditory_simulation_m6a/pub_01/s06/sparrkulee_v3.1/raw/sub-022/ses-shortstories01/eeg/sub-022_ses-shortstories01_task-listeningActive_run-07_stimulation.tsv,UNKNOWN,RAW_RESTRICTED_NOT_ACCESSED; public derivative may still be usable with provenance limitation
/home/fanyu/auditory_simulation_m6a/pub_01/s06/sparrkulee_v3.1/raw/derivatives/preprocessed_eeg/sub-022/ses-shortstories01/sub-022_ses-shortstories01_task-listeningActive_run-08_desc-preproc-audio-audiobook_6_2_eeg.npy,sub-022_ses-shortstories01_task-listeningActive_run-08_eeg.bdf.gz,/home/fanyu/auditory_simulation_m6a/pub_01/s06/sparrkulee_v3.1/raw/sub-022/ses-shortstories01/eeg/sub-022_ses-shortstories01_task-listeningActive_run-08_eeg.bdf.gz,RESTRICTED,HOLD,False,0..63 in original order per publisher config,UNKNOWN,EEG per publisher dataset/config,UNKNOWN,UNKNOWN,UNKNOWN,microvolts by MNE volts x 1e6 contract; historical generator revision UNKNOWN,64,publisher highpass/artifact/MWF/CAR/resample; not repeated here,/home/fanyu/auditory_simulation_m6a/pub_01/s06/sparrkulee_v3.1/raw/sub-022/ses-shortstories01/eeg/sub-022_ses-shortstories01_task-listeningActive_run-08_stimulation.tsv,UNKNOWN,RAW_RESTRICTED_NOT_ACCESSED; public derivative may still be usable with provenance limitation
/home/fanyu/auditory_simulation_m6a/pub_01/s06/sparrkulee_v3.1/raw/derivatives/preprocessed_eeg/sub-022/ses-shortstories01/sub-022_ses-shortstories01_task-listeningActive_run-09_desc-preproc-audio-audiobook_5_1_eeg.npy,sub-022_ses-shortstories01_task-listeningActive_run-09_eeg.bdf.gz,/home/fanyu/auditory_simulation_m6a/pub_01/s06/sparrkulee_v3.1/raw/sub-022/ses-shortstories01/eeg/sub-022_ses-shortstories01_task-listeningActive_run-09_eeg.bdf.gz,PUBLIC,HOLD,False,0..63 in original order per publisher config,UNKNOWN,EEG per publisher dataset/config,UNKNOWN,UNKNOWN,UNKNOWN,microvolts by MNE volts x 1e6 contract; historical generator revision UNKNOWN,64,publisher highpass/artifact/MWF/CAR/resample; not repeated here,/home/fanyu/auditory_simulation_m6a/pub_01/s06/sparrkulee_v3.1/raw/sub-022/ses-shortstories01/eeg/sub-022_ses-shortstories01_task-listeningActive_run-09_stimulation.tsv,UNKNOWN,RAW_DOWNLOAD_PENDING
/home/fanyu/auditory_simulation_m6a/pub_01/s06/sparrkulee_v3.1/raw/derivatives/preprocessed_eeg/sub-022/ses-shortstories01/sub-022_ses-shortstories01_task-listeningActive_run-10_desc-preproc-audio-audiobook_5_2_eeg.npy,sub-022_ses-shortstories01_task-listeningActive_run-10_eeg.bdf.gz,/home/fanyu/auditory_simulation_m6a/pub_01/s06/sparrkulee_v3.1/raw/sub-022/ses-shortstories01/eeg/sub-022_ses-shortstories01_task-listeningActive_run-10_eeg.bdf.gz,RESTRICTED,HOLD,False,0..63 in original order per publisher config,UNKNOWN,EEG per publisher dataset/config,UNKNOWN,UNKNOWN,UNKNOWN,microvolts by MNE volts x 1e6 contract; historical generator revision UNKNOWN,64,publisher highpass/artifact/MWF/CAR/resample; not repeated here,/home/fanyu/auditory_simulation_m6a/pub_01/s06/sparrkulee_v3.1/raw/sub-022/ses-shortstories01/eeg/sub-022_ses-shortstories01_task-listeningActive_run-10_stimulation.tsv,UNKNOWN,RAW_RESTRICTED_NOT_ACCESSED; public derivative may still be usable with provenance limitation
/home/fanyu/auditory_simulation_m6a/pub_01/s06/sparrkulee_v3.1/raw/derivatives/preprocessed_eeg/sub-022/ses-shortstories01/sub-022_ses-shortstories01_task-listeningActive_run-11_desc-preproc-audio-audiobook_5_3_eeg.npy,sub-022_ses-shortstories01_task-listeningActive_run-11_eeg.bdf.gz,/home/fanyu/auditory_simulation_m6a/pub_01/s06/sparrkulee_v3.1/raw/sub-022/ses-shortstories01/eeg/sub-022_ses-shortstories01_task-listeningActive_run-11_eeg.bdf.gz,RESTRICTED,HOLD,False,0..63 in original order per publisher config,UNKNOWN,EEG per publisher dataset/config,UNKNOWN,UNKNOWN,UNKNOWN,microvolts by MNE volts x 1e6 contract; historical generator revision UNKNOWN,64,publisher highpass/artifact/MWF/CAR/resample; not repeated here,/home/fanyu/auditory_simulation_m6a/pub_01/s06/sparrkulee_v3.1/raw/sub-022/ses-shortstories01/eeg/sub-022_ses-shortstories01_task-listeningActive_run-11_stimulation.tsv,UNKNOWN,RAW_RESTRICTED_NOT_ACCESSED; public derivative may still be usable with provenance limitation
/home/fanyu/auditory_simulation_m6a/pub_01/s06/sparrkulee_v3.1/raw/derivatives/preprocessed_eeg/sub-023/ses-shortstories01/sub-023_ses-shortstories01_task-listeningActive_run-01_desc-preproc-audio-audiobook_6_1_eeg.npy,sub-023_ses-shortstories01_task-listeningActive_run-01_eeg.bdf.gz,/home/fanyu/auditory_simulation_m6a/pub_01/s06/sparrkulee_v3.1/raw/sub-023/ses-shortstories01/eeg/sub-023_ses-shortstories01_task-listeningActive_run-01_eeg.bdf.gz,PUBLIC,HOLD,False,0..63 in original order per publisher config,UNKNOWN,EEG per publisher dataset/config,UNKNOWN,UNKNOWN,UNKNOWN,microvolts by MNE volts x 1e6 contract; historical generator revision UNKNOWN,64,publisher highpass/artifact/MWF/CAR/resample; not repeated here,/home/fanyu/auditory_simulation_m6a/pub_01/s06/sparrkulee_v3.1/raw/sub-023/ses-shortstories01/eeg/sub-023_ses-shortstories01_task-listeningActive_run-01_stimulation.tsv,True,RAW_DOWNLOAD_PENDING
/home/fanyu/auditory_simulation_m6a/pub_01/s06/sparrkulee_v3.1/raw/derivatives/preprocessed_eeg/sub-023/ses-shortstories01/sub-023_ses-shortstories01_task-listeningActive_run-02_desc-preproc-audio-audiobook_6_2_eeg.npy,sub-023_ses-shortstories01_task-listeningActive_run-02_eeg.bdf.gz,/home/fanyu/auditory_simulation_m6a/pub_01/s06/sparrkulee_v3.1/raw/sub-023/ses-shortstories01/eeg/sub-023_ses-shortstories01_task-listeningActive_run-02_eeg.bdf.gz,PUBLIC,HOLD,False,0..63 in original order per publisher config,UNKNOWN,EEG per publisher dataset/config,UNKNOWN,UNKNOWN,UNKNOWN,microvolts by MNE volts x 1e6 contract; historical generator revision UNKNOWN,64,publisher highpass/artifact/MWF/CAR/resample; not repeated here,/home/fanyu/auditory_simulation_m6a/pub_01/s06/sparrkulee_v3.1/raw/sub-023/ses-shortstories01/eeg/sub-023_ses-shortstories01_task-listeningActive_run-02_stimulation.tsv,True,RAW_DOWNLOAD_PENDING
/home/fanyu/auditory_simulation_m6a/pub_01/s06/sparrkulee_v3.1/raw/derivatives/preprocessed_eeg/sub-023/ses-shortstories01/sub-023_ses-shortstories01_task-listeningActive_run-03_desc-preproc-audio-audiobook_4_eeg.npy,sub-023_ses-shortstories01_task-listeningActive_run-03_eeg.bdf.gz,/home/fanyu/auditory_simulation_m6a/pub_01/s06/sparrkulee_v3.1/raw/sub-023/ses-shortstories01/eeg/sub-023_ses-shortstories01_task-listeningActive_run-03_eeg.bdf.gz,PUBLIC,HOLD,False,0..63 in original order per publisher config,UNKNOWN,EEG per publisher dataset/config,UNKNOWN,UNKNOWN,UNKNOWN,microvolts by MNE volts x 1e6 contract; historical generator revision UNKNOWN,64,publisher highpass/artifact/MWF/CAR/resample; not repeated here,/home/fanyu/auditory_simulation_m6a/pub_01/s06/sparrkulee_v3.1/raw/sub-023/ses-shortstories01/eeg/sub-023_ses-shortstories01_task-listeningActive_run-03_stimulation.tsv,True,RAW_DOWNLOAD_PENDING
/home/fanyu/auditory_simulation_m6a/pub_01/s06/sparrkulee_v3.1/raw/derivatives/preprocessed_eeg/sub-023/ses-shortstories01/sub-023_ses-shortstories01_task-listeningActive_run-04_desc-preproc-audio-audiobook_1_1_shifted_eeg.npy,sub-023_ses-shortstories01_task-listeningActive_run-04_eeg.bdf.gz,/home/fanyu/auditory_simulation_m6a/pub_01/s06/sparrkulee_v3.1/raw/sub-023/ses-shortstories01/eeg/sub-023_ses-shortstories01_task-listeningActive_run-04_eeg.bdf.gz,PUBLIC,HOLD,False,0..63 in original order per publisher config,UNKNOWN,EEG per publisher dataset/config,UNKNOWN,UNKNOWN,UNKNOWN,microvolts by MNE volts x 1e6 contract; historical generator revision UNKNOWN,64,publisher highpass/artifact/MWF/CAR/resample; not repeated here,/home/fanyu/auditory_simulation_m6a/pub_01/s06/sparrkulee_v3.1/raw/sub-023/ses-shortstories01/eeg/sub-023_ses-shortstories01_task-listeningActive_run-04_stimulation.tsv,True,RAW_DOWNLOAD_PENDING
/home/fanyu/auditory_simulation_m6a/pub_01/s06/sparrkulee_v3.1/raw/derivatives/preprocessed_eeg/sub-023/ses-shortstories01/sub-023_ses-shortstories01_task-listeningActive_run-05_desc-preproc-audio-audiobook_1_2_eeg.npy,sub-023_ses-shortstories01_task-listeningActive_run-05_eeg.bdf.gz,/home/fanyu/auditory_simulation_m6a/pub_01/s06/sparrkulee_v3.1/raw/sub-023/ses-shortstories01/eeg/sub-023_ses-shortstories01_task-listeningActive_run-05_eeg.bdf.gz,PUBLIC,HOLD,False,0..63 in original order per publisher config,UNKNOWN,EEG per publisher dataset/config,UNKNOWN,UNKNOWN,UNKNOWN,microvolts by MNE volts x 1e6 contract; historical generator revision UNKNOWN,64,publisher highpass/artifact/MWF/CAR/resample; not repeated here,/home/fanyu/auditory_simulation_m6a/pub_01/s06/sparrkulee_v3.1/raw/sub-023/ses-shortstories01/eeg/sub-023_ses-shortstories01_task-listeningActive_run-05_stimulation.tsv,True,RAW_DOWNLOAD_PENDING
/home/fanyu/auditory_simulation_m6a/pub_01/s06/sparrkulee_v3.1/raw/derivatives/preprocessed_eeg/sub-023/ses-shortstories01/sub-023_ses-shortstories01_task-listeningActive_run-06_desc-preproc-audio-audiobook_5_1_eeg.npy,sub-023_ses-shortstories01_task-listeningActive_run-06_eeg.bdf.gz,/home/fanyu/auditory_simulation_m6a/pub_01/s06/sparrkulee_v3.1/raw/sub-023/ses-shortstories01/eeg/sub-023_ses-shortstories01_task-listeningActive_run-06_eeg.bdf.gz,PUBLIC,HOLD,False,0..63 in original order per publisher config,UNKNOWN,EEG per publisher dataset/config,UNKNOWN,UNKNOWN,UNKNOWN,microvolts by MNE volts x 1e6 contract; historical generator revision UNKNOWN,64,publisher highpass/artifact/MWF/CAR/resample; not repeated here,/home/fanyu/auditory_simulation_m6a/pub_01/s06/sparrkulee_v3.1/raw/sub-023/ses-shortstories01/eeg/sub-023_ses-shortstories01_task-listeningActive_run-06_stimulation.tsv,True,RAW_DOWNLOAD_PENDING
/home/fanyu/auditory_simulation_m6a/pub_01/s06/sparrkulee_v3.1/raw/derivatives/preprocessed_eeg/sub-023/ses-shortstories01/sub-023_ses-shortstories01_task-listeningActive_run-07_desc-preproc-audio-audiobook_5_2_eeg.npy,sub-023_ses-shortstories01_task-listeningActive_run-07_eeg.bdf.gz,/home/fanyu/auditory_simulation_m6a/pub_01/s06/sparrkulee_v3.1/raw/sub-023/ses-shortstories01/eeg/sub-023_ses-shortstories01_task-listeningActive_run-07_eeg.bdf.gz,PUBLIC,HOLD,False,0..63 in original order per publisher config,UNKNOWN,EEG per publisher dataset/config,UNKNOWN,UNKNOWN,UNKNOWN,microvolts by MNE volts x 1e6 contract; historical generator revision UNKNOWN,64,publisher highpass/artifact/MWF/CAR/resample; not repeated here,/home/fanyu/auditory_simulation_m6a/pub_01/s06/sparrkulee_v3.1/raw/sub-023/ses-shortstories01/eeg/sub-023_ses-shortstories01_task-listeningActive_run-07_stimulation.tsv,True,RAW_DOWNLOAD_PENDING
/home/fanyu/auditory_simulation_m6a/pub_01/s06/sparrkulee_v3.1/raw/derivatives/preprocessed_eeg/sub-023/ses-shortstories01/sub-023_ses-shortstories01_task-listeningActive_run-08_desc-preproc-audio-audiobook_5_3_eeg.npy,sub-023_ses-shortstories01_task-listeningActive_run-08_eeg.bdf.gz,/home/fanyu/auditory_simulation_m6a/pub_01/s06/sparrkulee_v3.1/raw/sub-023/ses-shortstories01/eeg/sub-023_ses-shortstories01_task-listeningActive_run-08_eeg.bdf.gz,PUBLIC,HOLD,False,0..63 in original order per publisher config,UNKNOWN,EEG per publisher dataset/config,UNKNOWN,UNKNOWN,UNKNOWN,microvolts by MNE volts x 1e6 contract; historical generator revision UNKNOWN,64,publisher highpass/artifact/MWF/CAR/resample; not repeated here,/home/fanyu/auditory_simulation_m6a/pub_01/s06/sparrkulee_v3.1/raw/sub-023/ses-shortstories01/eeg/sub-023_ses-shortstories01_task-listeningActive_run-08_stimulation.tsv,True,RAW_DOWNLOAD_PENDING
/home/fanyu/auditory_simulation_m6a/pub_01/s06/sparrkulee_v3.1/raw/derivatives/preprocessed_eeg/sub-023/ses-shortstories01/sub-023_ses-shortstories01_task-listeningActive_run-09_desc-preproc-audio-audiobook_2_1_eeg.npy,sub-023_ses-shortstories01_task-listeningActive_run-09_eeg.bdf.gz,/home/fanyu/auditory_simulation_m6a/pub_01/s06/sparrkulee_v3.1/raw/sub-023/ses-shortstories01/eeg/sub-023_ses-shortstories01_task-listeningActive_run-09_eeg.bdf.gz,PUBLIC,HOLD,False,0..63 in original order per publisher config,UNKNOWN,EEG per publisher dataset/config,UNKNOWN,UNKNOWN,UNKNOWN,microvolts by MNE volts x 1e6 contract; historical generator revision UNKNOWN,64,publisher highpass/artifact/MWF/CAR/resample; not repeated here,/home/fanyu/auditory_simulation_m6a/pub_01/s06/sparrkulee_v3.1/raw/sub-023/ses-shortstories01/eeg/sub-023_ses-shortstories01_task-listeningActive_run-09_stimulation.tsv,True,RAW_DOWNLOAD_PENDING
/home/fanyu/auditory_simulation_m6a/pub_01/s06/sparrkulee_v3.1/raw/derivatives/preprocessed_eeg/sub-023/ses-shortstories01/sub-023_ses-shortstories01_task-listeningActive_run-10_desc-preproc-audio-audiobook_2_2_eeg.npy,sub-023_ses-shortstories01_task-listeningActive_run-10_eeg.bdf.gz,/home/fanyu/auditory_simulation_m6a/pub_01/s06/sparrkulee_v3.1/raw/sub-023/ses-shortstories01/eeg/sub-023_ses-shortstories01_task-listeningActive_run-10_eeg.bdf.gz,PUBLIC,HOLD,False,0..63 in original order per publisher config,UNKNOWN,EEG per publisher dataset/config,UNKNOWN,UNKNOWN,UNKNOWN,microvolts by MNE volts x 1e6 contract; historical generator revision UNKNOWN,64,publisher highpass/artifact/MWF/CAR/resample; not repeated here,/home/fanyu/auditory_simulation_m6a/pub_01/s06/sparrkulee_v3.1/raw/sub-023/ses-shortstories01/eeg/sub-023_ses-shortstories01_task-listeningActive_run-10_stimulation.tsv,True,RAW_DOWNLOAD_PENDING
/home/fanyu/auditory_simulation_m6a/pub_01/s06/sparrkulee_v3.1/raw/derivatives/preprocessed_eeg/sub-023/ses-shortstories01/sub-023_ses-shortstories01_task-listeningActive_run-11_desc-preproc-audio-audiobook_3_eeg.npy,sub-023_ses-shortstories01_task-listeningActive_run-11_eeg.bdf.gz,/home/fanyu/auditory_simulation_m6a/pub_01/s06/sparrkulee_v3.1/raw/sub-023/ses-shortstories01/eeg/sub-023_ses-shortstories01_task-listeningActive_run-11_eeg.bdf.gz,PUBLIC,HOLD,False,0..63 in original order per publisher config,UNKNOWN,EEG per publisher dataset/config,UNKNOWN,UNKNOWN,UNKNOWN,microvolts by MNE volts x 1e6 contract; historical generator revision UNKNOWN,64,publisher highpass/artifact/MWF/CAR/resample; not repeated here,/home/fanyu/auditory_simulation_m6a/pub_01/s06/sparrkulee_v3.1/raw/sub-023/ses-shortstories01/eeg/sub-023_ses-shortstories01_task-listeningActive_run-11_stimulation.tsv,True,RAW_DOWNLOAD_PENDING
/home/fanyu/auditory_simulation_m6a/pub_01/s06/sparrkulee_v3.1/raw/derivatives/preprocessed_eeg/sub-024/ses-shortstories01/sub-024_ses-shortstories01_task-listeningActive_run-01_desc-preproc-audio-audiobook_3_eeg.npy,sub-024_ses-shortstories01_task-listeningActive_run-01_eeg.bdf.gz,/home/fanyu/auditory_simulation_m6a/pub_01/s06/sparrkulee_v3.1/raw/sub-024/ses-shortstories01/eeg/sub-024_ses-shortstories01_task-listeningActive_run-01_eeg.bdf.gz,PUBLIC,HOLD,False,0..63 in original order per publisher config,UNKNOWN,EEG per publisher dataset/config,UNKNOWN,UNKNOWN,UNKNOWN,microvolts by MNE volts x 1e6 contract; historical generator revision UNKNOWN,64,publisher highpass/artifact/MWF/CAR/resample; not repeated here,/home/fanyu/auditory_simulation_m6a/pub_01/s06/sparrkulee_v3.1/raw/sub-024/ses-shortstories01/eeg/sub-024_ses-shortstories01_task-listeningActive_run-01_stimulation.tsv,True,RAW_DOWNLOAD_PENDING
/home/fanyu/auditory_simulation_m6a/pub_01/s06/sparrkulee_v3.1/raw/derivatives/preprocessed_eeg/sub-024/ses-shortstories01/sub-024_ses-shortstories01_task-listeningActive_run-02_desc-preproc-audio-audiobook_4_eeg.npy,sub-024_ses-shortstories01_task-listeningActive_run-02_eeg.bdf.gz,/home/fanyu/auditory_simulation_m6a/pub_01/s06/sparrkulee_v3.1/raw/sub-024/ses-shortstories01/eeg/sub-024_ses-shortstories01_task-listeningActive_run-02_eeg.bdf.gz,PUBLIC,HOLD,False,0..63 in original order per publisher config,UNKNOWN,EEG per publisher dataset/config,UNKNOWN,UNKNOWN,UNKNOWN,microvolts by MNE volts x 1e6 contract; historical generator revision UNKNOWN,64,publisher highpass/artifact/MWF/CAR/resample; not repeated here,/home/fanyu/auditory_simulation_m6a/pub_01/s06/sparrkulee_v3.1/raw/sub-024/ses-shortstories01/eeg/sub-024_ses-shortstories01_task-listeningActive_run-02_stimulation.tsv,True,RAW_DOWNLOAD_PENDING
/home/fanyu/auditory_simulation_m6a/pub_01/s06/sparrkulee_v3.1/raw/derivatives/preprocessed_eeg/sub-024/ses-shortstories01/sub-024_ses-shortstories01_task-listeningActive_run-03_desc-preproc-audio-audiobook_1_eeg.npy,sub-024_ses-shortstories01_task-listeningActive_run-03_eeg.bdf.gz,/home/fanyu/auditory_simulation_m6a/pub_01/s06/sparrkulee_v3.1/raw/sub-024/ses-shortstories01/eeg/sub-024_ses-shortstories01_task-listeningActive_run-03_eeg.bdf.gz,PUBLIC,HOLD,False,0..63 in original order per publisher config,UNKNOWN,EEG per publisher dataset/config,UNKNOWN,UNKNOWN,UNKNOWN,microvolts by MNE volts x 1e6 contract; historical generator revision UNKNOWN,64,publisher highpass/artifact/MWF/CAR/resample; not repeated here,/home/fanyu/auditory_simulation_m6a/pub_01/s06/sparrkulee_v3.1/raw/sub-024/ses-shortstories01/eeg/sub-024_ses-shortstories01_task-listeningActive_run-03_stimulation.tsv,True,RAW_DOWNLOAD_PENDING
/home/fanyu/auditory_simulation_m6a/pub_01/s06/sparrkulee_v3.1/raw/derivatives/preprocessed_eeg/sub-024/ses-shortstories01/sub-024_ses-shortstories01_task-listeningActive_run-04_desc-preproc-audio-audiobook_6_1_eeg.npy,sub-024_ses-shortstories01_task-listeningActive_run-04_eeg.bdf.gz,/home/fanyu/auditory_simulation_m6a/pub_01/s06/sparrkulee_v3.1/raw/sub-024/ses-shortstories01/eeg/sub-024_ses-shortstories01_task-listeningActive_run-04_eeg.bdf.gz,PUBLIC,HOLD,False,0..63 in original order per publisher config,UNKNOWN,EEG per publisher dataset/config,UNKNOWN,UNKNOWN,UNKNOWN,microvolts by MNE volts x 1e6 contract; historical generator revision UNKNOWN,64,publisher highpass/artifact/MWF/CAR/resample; not repeated here,/home/fanyu/auditory_simulation_m6a/pub_01/s06/sparrkulee_v3.1/raw/sub-024/ses-shortstories01/eeg/sub-024_ses-shortstories01_task-listeningActive_run-04_stimulation.tsv,True,RAW_DOWNLOAD_PENDING
/home/fanyu/auditory_simulation_m6a/pub_01/s06/sparrkulee_v3.1/raw/derivatives/preprocessed_eeg/sub-024/ses-shortstories01/sub-024_ses-shortstories01_task-listeningActive_run-05_desc-preproc-audio-audiobook_6_2_eeg.npy,sub-024_ses-shortstories01_task-listeningActive_run-05_eeg.bdf.gz,/home/fanyu/auditory_simulation_m6a/pub_01/s06/sparrkulee_v3.1/raw/sub-024/ses-shortstories01/eeg/sub-024_ses-shortstories01_task-listeningActive_run-05_eeg.bdf.gz,PUBLIC,HOLD,False,0..63 in original order per publisher config,UNKNOWN,EEG per publisher dataset/config,UNKNOWN,UNKNOWN,UNKNOWN,microvolts by MNE volts x 1e6 contract; historical generator revision UNKNOWN,64,publisher highpass/artifact/MWF/CAR/resample; not repeated here,/home/fanyu/auditory_simulation_m6a/pub_01/s06/sparrkulee_v3.1/raw/sub-024/ses-shortstories01/eeg/sub-024_ses-shortstories01_task-listeningActive_run-05_stimulation.tsv,True,RAW_DOWNLOAD_PENDING
/home/fanyu/auditory_simulation_m6a/pub_01/s06/sparrkulee_v3.1/raw/derivatives/preprocessed_eeg/sub-024/ses-shortstories01/sub-024_ses-shortstories01_task-listeningActive_run-06_desc-preproc-audio-audiobook_2_1_eeg.npy,sub-024_ses-shortstories01_task-listeningActive_run-06_eeg.bdf.gz,/home/fanyu/auditory_simulation_m6a/pub_01/s06/sparrkulee_v3.1/raw/sub-024/ses-shortstories01/eeg/sub-024_ses-shortstories01_task-listeningActive_run-06_eeg.bdf.gz,PUBLIC,HOLD,False,0..63 in original order per publisher config,UNKNOWN,EEG per publisher dataset/config,UNKNOWN,UNKNOWN,UNKNOWN,microvolts by MNE volts x 1e6 contract; historical generator revision UNKNOWN,64,publisher highpass/artifact/MWF/CAR/resample; not repeated here,/home/fanyu/auditory_simulation_m6a/pub_01/s06/sparrkulee_v3.1/raw/sub-024/ses-shortstories01/eeg/sub-024_ses-shortstories01_task-listeningActive_run-06_stimulation.tsv,True,RAW_DOWNLOAD_PENDING
/home/fanyu/auditory_simulation_m6a/pub_01/s06/sparrkulee_v3.1/raw/derivatives/preprocessed_eeg/sub-024/ses-shortstories01/sub-024_ses-shortstories01_task-listeningActive_run-07_desc-preproc-audio-audiobook_2_2_eeg.npy,sub-024_ses-shortstories01_task-listeningActive_run-07_eeg.bdf.gz,/home/fanyu/auditory_simulation_m6a/pub_01/s06/sparrkulee_v3.1/raw/sub-024/ses-shortstories01/eeg/sub-024_ses-shortstories01_task-listeningActive_run-07_eeg.bdf.gz,PUBLIC,HOLD,False,0..63 in original order per publisher config,UNKNOWN,EEG per publisher dataset/config,UNKNOWN,UNKNOWN,UNKNOWN,microvolts by MNE volts x 1e6 contract; historical generator revision UNKNOWN,64,publisher highpass/artifact/MWF/CAR/resample; not repeated here,/home/fanyu/auditory_simulation_m6a/pub_01/s06/sparrkulee_v3.1/raw/sub-024/ses-shortstories01/eeg/sub-024_ses-shortstories01_task-listeningActive_run-07_stimulation.tsv,True,RAW_DOWNLOAD_PENDING
/home/fanyu/auditory_simulation_m6a/pub_01/s06/sparrkulee_v3.1/raw/derivatives/preprocessed_eeg/sub-024/ses-shortstories01/sub-024_ses-shortstories01_task-listeningActive_run-08_desc-preproc-audio-audiobook_5_1_eeg.npy,sub-024_ses-shortstories01_task-listeningActive_run-08_eeg.bdf.gz,/home/fanyu/auditory_simulation_m6a/pub_01/s06/sparrkulee_v3.1/raw/sub-024/ses-shortstories01/eeg/sub-024_ses-shortstories01_task-listeningActive_run-08_eeg.bdf.gz,PUBLIC,HOLD,False,0..63 in original order per publisher config,UNKNOWN,EEG per publisher dataset/config,UNKNOWN,UNKNOWN,UNKNOWN,microvolts by MNE volts x 1e6 contract; historical generator revision UNKNOWN,64,publisher highpass/artifact/MWF/CAR/resample; not repeated here,/home/fanyu/auditory_simulation_m6a/pub_01/s06/sparrkulee_v3.1/raw/sub-024/ses-shortstories01/eeg/sub-024_ses-shortstories01_task-listeningActive_run-08_stimulation.tsv,True,RAW_DOWNLOAD_PENDING
/home/fanyu/auditory_simulation_m6a/pub_01/s06/sparrkulee_v3.1/raw/derivatives/preprocessed_eeg/sub-024/ses-shortstories01/sub-024_ses-shortstories01_task-listeningActive_run-09_desc-preproc-audio-audiobook_5_2_eeg.npy,sub-024_ses-shortstories01_task-listeningActive_run-09_eeg.bdf.gz,/home/fanyu/auditory_simulation_m6a/pub_01/s06/sparrkulee_v3.1/raw/sub-024/ses-shortstories01/eeg/sub-024_ses-shortstories01_task-listeningActive_run-09_eeg.bdf.gz,PUBLIC,HOLD,False,0..63 in original order per publisher config,UNKNOWN,EEG per publisher dataset/config,UNKNOWN,UNKNOWN,UNKNOWN,microvolts by MNE volts x 1e6 contract; historical generator revision UNKNOWN,64,publisher highpass/artifact/MWF/CAR/resample; not repeated here,/home/fanyu/auditory_simulation_m6a/pub_01/s06/sparrkulee_v3.1/raw/sub-024/ses-shortstories01/eeg/sub-024_ses-shortstories01_task-listeningActive_run-09_stimulation.tsv,True,RAW_DOWNLOAD_PENDING
/home/fanyu/auditory_simulation_m6a/pub_01/s06/sparrkulee_v3.1/raw/derivatives/preprocessed_eeg/sub-024/ses-shortstories01/sub-024_ses-shortstories01_task-listeningActive_run-10_desc-preproc-audio-audiobook_5_3_eeg.npy,sub-024_ses-shortstories01_task-listeningActive_run-10_eeg.bdf.gz,/home/fanyu/auditory_simulation_m6a/pub_01/s06/sparrkulee_v3.1/raw/sub-024/ses-shortstories01/eeg/sub-024_ses-shortstories01_task-listeningActive_run-10_eeg.bdf.gz,PUBLIC,HOLD,False,0..63 in original order per publisher config,UNKNOWN,EEG per publisher dataset/config,UNKNOWN,UNKNOWN,UNKNOWN,microvolts by MNE volts x 1e6 contract; historical generator revision UNKNOWN,64,publisher highpass/artifact/MWF/CAR/resample; not repeated here,/home/fanyu/auditory_simulation_m6a/pub_01/s06/sparrkulee_v3.1/raw/sub-024/ses-shortstories01/eeg/sub-024_ses-shortstories01_task-listeningActive_run-10_stimulation.tsv,True,RAW_DOWNLOAD_PENDING
/home/fanyu/auditory_simulation_m6a/pub_01/s06/sparrkulee_v3.1/raw/derivatives/preprocessed_eeg/sub-025/ses-shortstories01/sub-025_ses-shortstories01_task-listeningActive_run-01_desc-preproc-audio-audiobook_1_eeg.npy,sub-025_ses-shortstories01_task-listeningActive_run-01_eeg.bdf.gz,/home/fanyu/auditory_simulation_m6a/pub_01/s06/sparrkulee_v3.1/raw/sub-025/ses-shortstories01/eeg/sub-025_ses-shortstories01_task-listeningActive_run-01_eeg.bdf.gz,PUBLIC,HOLD,False,0..63 in original order per publisher config,UNKNOWN,EEG per publisher dataset/config,UNKNOWN,UNKNOWN,UNKNOWN,microvolts by MNE volts x 1e6 contract; historical generator revision UNKNOWN,64,publisher highpass/artifact/MWF/CAR/resample; not repeated here,/home/fanyu/auditory_simulation_m6a/pub_01/s06/sparrkulee_v3.1/raw/sub-025/ses-shortstories01/eeg/sub-025_ses-shortstories01_task-listeningActive_run-01_stimulation.tsv,True,RAW_DOWNLOAD_PENDING
/home/fanyu/auditory_simulation_m6a/pub_01/s06/sparrkulee_v3.1/raw/derivatives/preprocessed_eeg/sub-025/ses-shortstories01/sub-025_ses-shortstories01_task-listeningActive_run-02_desc-preproc-audio-audiobook_5_1_eeg.npy,sub-025_ses-shortstories01_task-listeningActive_run-02_eeg.bdf.gz,/home/fanyu/auditory_simulation_m6a/pub_01/s06/sparrkulee_v3.1/raw/sub-025/ses-shortstories01/eeg/sub-025_ses-shortstories01_task-listeningActive_run-02_eeg.bdf.gz,PUBLIC,HOLD,False,0..63 in original order per publisher config,UNKNOWN,EEG per publisher dataset/config,UNKNOWN,UNKNOWN,UNKNOWN,microvolts by MNE volts x 1e6 contract; historical generator revision UNKNOWN,64,publisher highpass/artifact/MWF/CAR/resample; not repeated here,/home/fanyu/auditory_simulation_m6a/pub_01/s06/sparrkulee_v3.1/raw/sub-025/ses-shortstories01/eeg/sub-025_ses-shortstories01_task-listeningActive_run-02_stimulation.tsv,True,RAW_DOWNLOAD_PENDING
/home/fanyu/auditory_simulation_m6a/pub_01/s06/sparrkulee_v3.1/raw/derivatives/preprocessed_eeg/sub-025/ses-shortstories01/sub-025_ses-shortstories01_task-listeningActive_run-03_desc-preproc-audio-audiobook_5_2_eeg.npy,sub-025_ses-shortstories01_task-listeningActive_run-03_eeg.bdf.gz,/home/fanyu/auditory_simulation_m6a/pub_01/s06/sparrkulee_v3.1/raw/sub-025/ses-shortstories01/eeg/sub-025_ses-shortstories01_task-listeningActive_run-03_eeg.bdf.gz,PUBLIC,HOLD,False,0..63 in original order per publisher config,UNKNOWN,EEG per publisher dataset/config,UNKNOWN,UNKNOWN,UNKNOWN,microvolts by MNE volts x 1e6 contract; historical generator revision UNKNOWN,64,publisher highpass/artifact/MWF/CAR/resample; not repeated here,/home/fanyu/auditory_simulation_m6a/pub_01/s06/sparrkulee_v3.1/raw/sub-025/ses-shortstories01/eeg/sub-025_ses-shortstories01_task-listeningActive_run-03_stimulation.tsv,True,RAW_DOWNLOAD_PENDING
/home/fanyu/auditory_simulation_m6a/pub_01/s06/sparrkulee_v3.1/raw/derivatives/preprocessed_eeg/sub-025/ses-shortstories01/sub-025_ses-shortstories01_task-listeningActive_run-04_desc-preproc-audio-audiobook_5_3_eeg.npy,sub-025_ses-shortstories01_task-listeningActive_run-04_eeg.bdf.gz,/home/fanyu/auditory_simulation_m6a/pub_01/s06/sparrkulee_v3.1/raw/sub-025/ses-shortstories01/eeg/sub-025_ses-shortstories01_task-listeningActive_run-04_eeg.bdf.gz,PUBLIC,HOLD,False,0..63 in original order per publisher config,UNKNOWN,EEG per publisher dataset/config,UNKNOWN,UNKNOWN,UNKNOWN,microvolts by MNE volts x 1e6 contract; historical generator revision UNKNOWN,64,publisher highpass/artifact/MWF/CAR/resample; not repeated here,/home/fanyu/auditory_simulation_m6a/pub_01/s06/sparrkulee_v3.1/raw/sub-025/ses-shortstories01/eeg/sub-025_ses-shortstories01_task-listeningActive_run-04_stimulation.tsv,True,RAW_DOWNLOAD_PENDING
/home/fanyu/auditory_simulation_m6a/pub_01/s06/sparrkulee_v3.1/raw/derivatives/preprocessed_eeg/sub-025/ses-shortstories01/sub-025_ses-shortstories01_task-listeningActive_run-05_desc-preproc-audio-audiobook_2_1_eeg.npy,sub-025_ses-shortstories01_task-listeningActive_run-05_eeg.bdf.gz,/home/fanyu/auditory_simulation_m6a/pub_01/s06/sparrkulee_v3.1/raw/sub-025/ses-shortstories01/eeg/sub-025_ses-shortstories01_task-listeningActive_run-05_eeg.bdf.gz,PUBLIC,HOLD,False,0..63 in original order per publisher config,UNKNOWN,EEG per publisher dataset/config,UNKNOWN,UNKNOWN,UNKNOWN,microvolts by MNE volts x 1e6 contract; historical generator revision UNKNOWN,64,publisher highpass/artifact/MWF/CAR/resample; not repeated here,/home/fanyu/auditory_simulation_m6a/pub_01/s06/sparrkulee_v3.1/raw/sub-025/ses-shortstories01/eeg/sub-025_ses-shortstories01_task-listeningActive_run-05_stimulation.tsv,True,RAW_DOWNLOAD_PENDING
/home/fanyu/auditory_simulation_m6a/pub_01/s06/sparrkulee_v3.1/raw/derivatives/preprocessed_eeg/sub-025/ses-shortstories01/sub-025_ses-shortstories01_task-listeningActive_run-06_desc-preproc-audio-audiobook_2_2_eeg.npy,sub-025_ses-shortstories01_task-listeningActive_run-06_eeg.bdf.gz,/home/fanyu/auditory_simulation_m6a/pub_01/s06/sparrkulee_v3.1/raw/sub-025/ses-shortstories01/eeg/sub-025_ses-shortstories01_task-listeningActive_run-06_eeg.bdf.gz,PUBLIC,HOLD,False,0..63 in original order per publisher config,UNKNOWN,EEG per publisher dataset/config,UNKNOWN,UNKNOWN,UNKNOWN,microvolts by MNE volts x 1e6 contract; historical generator revision UNKNOWN,64,publisher highpass/artifact/MWF/CAR/resample; not repeated here,/home/fanyu/auditory_simulation_m6a/pub_01/s06/sparrkulee_v3.1/raw/sub-025/ses-shortstories01/eeg/sub-025_ses-shortstories01_task-listeningActive_run-06_stimulation.tsv,True,RAW_DOWNLOAD_PENDING
/home/fanyu/auditory_simulation_m6a/pub_01/s06/sparrkulee_v3.1/raw/derivatives/preprocessed_eeg/sub-025/ses-shortstories01/sub-025_ses-shortstories01_task-listeningActive_run-07_desc-preproc-audio-audiobook_3_eeg.npy,sub-025_ses-shortstories01_task-listeningActive_run-07_eeg.bdf.gz,/home/fanyu/auditory_simulation_m6a/pub_01/s06/sparrkulee_v3.1/raw/sub-025/ses-shortstories01/eeg/sub-025_ses-shortstories01_task-listeningActive_run-07_eeg.bdf.gz,PUBLIC,HOLD,False,0..63 in original order per publisher config,UNKNOWN,EEG per publisher dataset/config,UNKNOWN,UNKNOWN,UNKNOWN,microvolts by MNE volts x 1e6 contract; historical generator revision UNKNOWN,64,publisher highpass/artifact/MWF/CAR/resample; not repeated here,/home/fanyu/auditory_simulation_m6a/pub_01/s06/sparrkulee_v3.1/raw/sub-025/ses-shortstories01/eeg/sub-025_ses-shortstories01_task-listeningActive_run-07_stimulation.tsv,True,RAW_DOWNLOAD_PENDING
/home/fanyu/auditory_simulation_m6a/pub_01/s06/sparrkulee_v3.1/raw/derivatives/preprocessed_eeg/sub-025/ses-shortstories01/sub-025_ses-shortstories01_task-listeningActive_run-08_desc-preproc-audio-audiobook_6_1_eeg.npy,sub-025_ses-shortstories01_task-listeningActive_run-08_eeg.bdf.gz,/home/fanyu/auditory_simulation_m6a/pub_01/s06/sparrkulee_v3.1/raw/sub-025/ses-shortstories01/eeg/sub-025_ses-shortstories01_task-listeningActive_run-08_eeg.bdf.gz,PUBLIC,HOLD,False,0..63 in original order per publisher config,UNKNOWN,EEG per publisher dataset/config,UNKNOWN,UNKNOWN,UNKNOWN,microvolts by MNE volts x 1e6 contract; historical generator revision UNKNOWN,64,publisher highpass/artifact/MWF/CAR/resample; not repeated here,/home/fanyu/auditory_simulation_m6a/pub_01/s06/sparrkulee_v3.1/raw/sub-025/ses-shortstories01/eeg/sub-025_ses-shortstories01_task-listeningActive_run-08_stimulation.tsv,True,RAW_DOWNLOAD_PENDING
/home/fanyu/auditory_simulation_m6a/pub_01/s06/sparrkulee_v3.1/raw/derivatives/preprocessed_eeg/sub-025/ses-shortstories01/sub-025_ses-shortstories01_task-listeningActive_run-09_desc-preproc-audio-audiobook_6_2_eeg.npy,sub-025_ses-shortstories01_task-listeningActive_run-09_eeg.bdf.gz,/home/fanyu/auditory_simulation_m6a/pub_01/s06/sparrkulee_v3.1/raw/sub-025/ses-shortstories01/eeg/sub-025_ses-shortstories01_task-listeningActive_run-09_eeg.bdf.gz,PUBLIC,HOLD,False,0..63 in original order per publisher config,UNKNOWN,EEG per publisher dataset/config,UNKNOWN,UNKNOWN,UNKNOWN,microvolts by MNE volts x 1e6 contract; historical generator revision UNKNOWN,64,publisher highpass/artifact/MWF/CAR/resample; not repeated here,/home/fanyu/auditory_simulation_m6a/pub_01/s06/sparrkulee_v3.1/raw/sub-025/ses-shortstories01/eeg/sub-025_ses-shortstories01_task-listeningActive_run-09_stimulation.tsv,True,RAW_DOWNLOAD_PENDING
/home/fanyu/auditory_simulation_m6a/pub_01/s06/sparrkulee_v3.1/raw/derivatives/preprocessed_eeg/sub-026/ses-shortstories01/sub-026_ses-shortstories01_task-listeningActive_run-01_desc-preproc-audio-audiobook_4_eeg.npy,sub-026_ses-shortstories01_task-listeningActive_run-01_eeg.bdf.gz,/home/fanyu/auditory_simulation_m6a/pub_01/s06/sparrkulee_v3.1/raw/sub-026/ses-shortstories01/eeg/sub-026_ses-shortstories01_task-listeningActive_run-01_eeg.bdf.gz,RESTRICTED,HOLD,False,0..63 in original order per publisher config,UNKNOWN,EEG per publisher dataset/config,UNKNOWN,UNKNOWN,UNKNOWN,microvolts by MNE volts x 1e6 contract; historical generator revision UNKNOWN,64,publisher highpass/artifact/MWF/CAR/resample; not repeated here,/home/fanyu/auditory_simulation_m6a/pub_01/s06/sparrkulee_v3.1/raw/sub-026/ses-shortstories01/eeg/sub-026_ses-shortstories01_task-listeningActive_run-01_stimulation.tsv,UNKNOWN,RAW_RESTRICTED_NOT_ACCESSED; public derivative may still be usable with provenance limitation
/home/fanyu/auditory_simulation_m6a/pub_01/s06/sparrkulee_v3.1/raw/derivatives/preprocessed_eeg/sub-026/ses-shortstories01/sub-026_ses-shortstories01_task-listeningActive_run-02_desc-preproc-audio-audiobook_5_1_eeg.npy,sub-026_ses-shortstories01_task-listeningActive_run-02_eeg.bdf.gz,/home/fanyu/auditory_simulation_m6a/pub_01/s06/sparrkulee_v3.1/raw/sub-026/ses-shortstories01/eeg/sub-026_ses-shortstories01_task-listeningActive_run-02_eeg.bdf.gz,RESTRICTED,HOLD,False,0..63 in original order per publisher config,UNKNOWN,EEG per publisher dataset/config,UNKNOWN,UNKNOWN,UNKNOWN,microvolts by MNE volts x 1e6 contract; historical generator revision UNKNOWN,64,publisher highpass/artifact/MWF/CAR/resample; not repeated here,/home/fanyu/auditory_simulation_m6a/pub_01/s06/sparrkulee_v3.1/raw/sub-026/ses-shortstories01/eeg/sub-026_ses-shortstories01_task-listeningActive_run-02_stimulation.tsv,UNKNOWN,RAW_RESTRICTED_NOT_ACCESSED; public derivative may still be usable with provenance limitation
/home/fanyu/auditory_simulation_m6a/pub_01/s06/sparrkulee_v3.1/raw/derivatives/preprocessed_eeg/sub-026/ses-shortstories01/sub-026_ses-shortstories01_task-listeningActive_run-03_desc-preproc-audio-audiobook_5_2_eeg.npy,sub-026_ses-shortstories01_task-listeningActive_run-03_eeg.bdf.gz,/home/fanyu/auditory_simulation_m6a/pub_01/s06/sparrkulee_v3.1/raw/sub-026/ses-shortstories01/eeg/sub-026_ses-shortstories01_task-listeningActive_run-03_eeg.bdf.gz,RESTRICTED,HOLD,False,0..63 in original order per publisher config,UNKNOWN,EEG per publisher dataset/config,UNKNOWN,UNKNOWN,UNKNOWN,microvolts by MNE volts x 1e6 contract; historical generator revision UNKNOWN,64,publisher highpass/artifact/MWF/CAR/resample; not repeated here,/home/fanyu/auditory_simulation_m6a/pub_01/s06/sparrkulee_v3.1/raw/sub-026/ses-shortstories01/eeg/sub-026_ses-shortstories01_task-listeningActive_run-03_stimulation.tsv,UNKNOWN,RAW_RESTRICTED_NOT_ACCESSED; public derivative may still be usable with provenance limitation
/home/fanyu/auditory_simulation_m6a/pub_01/s06/sparrkulee_v3.1/raw/derivatives/preprocessed_eeg/sub-026/ses-shortstories01/sub-026_ses-shortstories01_task-listeningActive_run-04_desc-preproc-audio-audiobook_5_3_eeg.npy,sub-026_ses-shortstories01_task-listeningActive_run-04_eeg.bdf.gz,/home/fanyu/auditory_simulation_m6a/pub_01/s06/sparrkulee_v3.1/raw/sub-026/ses-shortstories01/eeg/sub-026_ses-shortstories01_task-listeningActive_run-04_eeg.bdf.gz,RESTRICTED,HOLD,False,0..63 in original order per publisher config,UNKNOWN,EEG per publisher dataset/config,UNKNOWN,UNKNOWN,UNKNOWN,microvolts by MNE volts x 1e6 contract; historical generator revision UNKNOWN,64,publisher highpass/artifact/MWF/CAR/resample; not repeated here,/home/fanyu/auditory_simulation_m6a/pub_01/s06/sparrkulee_v3.1/raw/sub-026/ses-shortstories01/eeg/sub-026_ses-shortstories01_task-listeningActive_run-04_stimulation.tsv,UNKNOWN,RAW_RESTRICTED_NOT_ACCESSED; public derivative may still be usable with provenance limitation
/home/fanyu/auditory_simulation_m6a/pub_01/s06/sparrkulee_v3.1/raw/derivatives/preprocessed_eeg/sub-026/ses-shortstories01/sub-026_ses-shortstories01_task-listeningActive_run-05_desc-preproc-audio-audiobook_3_eeg.npy,sub-026_ses-shortstories01_task-listeningActive_run-05_eeg.bdf.gz,/home/fanyu/auditory_simulation_m6a/pub_01/s06/sparrkulee_v3.1/raw/sub-026/ses-shortstories01/eeg/sub-026_ses-shortstories01_task-listeningActive_run-05_eeg.bdf.gz,RESTRICTED,HOLD,False,0..63 in original order per publisher config,UNKNOWN,EEG per publisher dataset/config,UNKNOWN,UNKNOWN,UNKNOWN,microvolts by MNE volts x 1e6 contract; historical generator revision UNKNOWN,64,publisher highpass/artifact/MWF/CAR/resample; not repeated here,/home/fanyu/auditory_simulation_m6a/pub_01/s06/sparrkulee_v3.1/raw/sub-026/ses-shortstories01/eeg/sub-026_ses-shortstories01_task-listeningActive_run-05_stimulation.tsv,UNKNOWN,RAW_RESTRICTED_NOT_ACCESSED; public derivative may still be usable with provenance limitation
/home/fanyu/auditory_simulation_m6a/pub_01/s06/sparrkulee_v3.1/raw/derivatives/preprocessed_eeg/sub-026/ses-shortstories01/sub-026_ses-shortstories01_task-listeningActive_run-06_desc-preproc-audio-audiobook_2_1_eeg.npy,sub-026_ses-shortstories01_task-listeningActive_run-06_eeg.bdf.gz,/home/fanyu/auditory_simulation_m6a/pub_01/s06/sparrkulee_v3.1/raw/sub-026/ses-shortstories01/eeg/sub-026_ses-shortstories01_task-listeningActive_run-06_eeg.bdf.gz,RESTRICTED,HOLD,False,0..63 in original order per publisher config,UNKNOWN,EEG per publisher dataset/config,UNKNOWN,UNKNOWN,UNKNOWN,microvolts by MNE volts x 1e6 contract; historical generator revision UNKNOWN,64,publisher highpass/artifact/MWF/CAR/resample; not repeated here,/home/fanyu/auditory_simulation_m6a/pub_01/s06/sparrkulee_v3.1/raw/sub-026/ses-shortstories01/eeg/sub-026_ses-shortstories01_task-listeningActive_run-06_stimulation.tsv,UNKNOWN,RAW_RESTRICTED_NOT_ACCESSED; public derivative may still be usable with provenance limitation
/home/fanyu/auditory_simulation_m6a/pub_01/s06/sparrkulee_v3.1/raw/derivatives/preprocessed_eeg/sub-026/ses-shortstories01/sub-026_ses-shortstories01_task-listeningActive_run-07_desc-preproc-audio-audiobook_2_2_eeg.npy,sub-026_ses-shortstories01_task-listeningActive_run-07_eeg.bdf.gz,/home/fanyu/auditory_simulation_m6a/pub_01/s06/sparrkulee_v3.1/raw/sub-026/ses-shortstories01/eeg/sub-026_ses-shortstories01_task-listeningActive_run-07_eeg.bdf.gz,RESTRICTED,HOLD,False,0..63 in original order per publisher config,UNKNOWN,EEG per publisher dataset/config,UNKNOWN,UNKNOWN,UNKNOWN,microvolts by MNE volts x 1e6 contract; historical generator revision UNKNOWN,64,publisher highpass/artifact/MWF/CAR/resample; not repeated here,/home/fanyu/auditory_simulation_m6a/pub_01/s06/sparrkulee_v3.1/raw/sub-026/ses-shortstories01/eeg/sub-026_ses-shortstories01_task-listeningActive_run-07_stimulation.tsv,UNKNOWN,RAW_RESTRICTED_NOT_ACCESSED; public derivative may still be usable with provenance limitation
/home/fanyu/auditory_simulation_m6a/pub_01/s06/sparrkulee_v3.1/raw/derivatives/preprocessed_eeg/sub-026/ses-shortstories01/sub-026_ses-shortstories01_task-listeningActive_run-08_desc-preproc-audio-audiobook_6_1_eeg.npy,sub-026_ses-shortstories01_task-listeningActive_run-08_eeg.bdf.gz,/home/fanyu/auditory_simulation_m6a/pub_01/s06/sparrkulee_v3.1/raw/sub-026/ses-shortstories01/eeg/sub-026_ses-shortstories01_task-listeningActive_run-08_eeg.bdf.gz,RESTRICTED,HOLD,False,0..63 in original order per publisher config,UNKNOWN,EEG per publisher dataset/config,UNKNOWN,UNKNOWN,UNKNOWN,microvolts by MNE volts x 1e6 contract; historical generator revision UNKNOWN,64,publisher highpass/artifact/MWF/CAR/resample; not repeated here,/home/fanyu/auditory_simulation_m6a/pub_01/s06/sparrkulee_v3.1/raw/sub-026/ses-shortstories01/eeg/sub-026_ses-shortstories01_task-listeningActive_run-08_stimulation.tsv,UNKNOWN,RAW_RESTRICTED_NOT_ACCESSED; public derivative may still be usable with provenance limitation
/home/fanyu/auditory_simulation_m6a/pub_01/s06/sparrkulee_v3.1/raw/derivatives/preprocessed_eeg/sub-026/ses-shortstories01/sub-026_ses-shortstories01_task-listeningActive_run-09_desc-preproc-audio-audiobook_6_2_eeg.npy,sub-026_ses-shortstories01_task-listeningActive_run-09_eeg.bdf.gz,/home/fanyu/auditory_simulation_m6a/pub_01/s06/sparrkulee_v3.1/raw/sub-026/ses-shortstories01/eeg/sub-026_ses-shortstories01_task-listeningActive_run-09_eeg.bdf.gz,RESTRICTED,HOLD,False,0..63 in original order per publisher config,UNKNOWN,EEG per publisher dataset/config,UNKNOWN,UNKNOWN,UNKNOWN,microvolts by MNE volts x 1e6 contract; historical generator revision UNKNOWN,64,publisher highpass/artifact/MWF/CAR/resample; not repeated here,/home/fanyu/auditory_simulation_m6a/pub_01/s06/sparrkulee_v3.1/raw/sub-026/ses-shortstories01/eeg/sub-026_ses-shortstories01_task-listeningActive_run-09_stimulation.tsv,UNKNOWN,RAW_RESTRICTED_NOT_ACCESSED; public derivative may still be usable with provenance limitation
/home/fanyu/auditory_simulation_m6a/pub_01/s06/sparrkulee_v3.1/raw/derivatives/preprocessed_eeg/sub-026/ses-shortstories01/sub-026_ses-shortstories01_task-listeningActive_run-10_desc-preproc-audio-audiobook_1_eeg.npy,sub-026_ses-shortstories01_task-listeningActive_run-10_eeg.bdf.gz,/home/fanyu/auditory_simulation_m6a/pub_01/s06/sparrkulee_v3.1/raw/sub-026/ses-shortstories01/eeg/sub-026_ses-shortstories01_task-listeningActive_run-10_eeg.bdf.gz,RESTRICTED,HOLD,False,0..63 in original order per publisher config,UNKNOWN,EEG per publisher dataset/config,UNKNOWN,UNKNOWN,UNKNOWN,microvolts by MNE volts x 1e6 contract; historical generator revision UNKNOWN,64,publisher highpass/artifact/MWF/CAR/resample; not repeated here,/home/fanyu/auditory_simulation_m6a/pub_01/s06/sparrkulee_v3.1/raw/sub-026/ses-shortstories01/eeg/sub-026_ses-shortstories01_task-listeningActive_run-10_stimulation.tsv,UNKNOWN,RAW_RESTRICTED_NOT_ACCESSED; public derivative may still be usable with provenance limitation
/home/fanyu/auditory_simulation_m6a/pub_01/s06/sparrkulee_v3.1/raw/derivatives/preprocessed_eeg/sub-027/ses-varyingStories01/sub-027_ses-varyingStories01_task-listeningActive_run-01_desc-preproc-audio-podcast_10_eeg.npy,sub-027_ses-varyingStories01_task-listeningActive_run-01_eeg.bdf.gz,/home/fanyu/auditory_simulation_m6a/pub_01/s06/sparrkulee_v3.1/raw/sub-027/ses-varyingStories01/eeg/sub-027_ses-varyingStories01_task-listeningActive_run-01_eeg.bdf.gz,PUBLIC,HOLD,False,0..63 in original order per publisher config,UNKNOWN,EEG per publisher dataset/config,UNKNOWN,UNKNOWN,UNKNOWN,microvolts by MNE volts x 1e6 contract; historical generator revision UNKNOWN,64,publisher highpass/artifact/MWF/CAR/resample; not repeated here,/home/fanyu/auditory_simulation_m6a/pub_01/s06/sparrkulee_v3.1/raw/sub-027/ses-varyingStories01/eeg/sub-027_ses-varyingStories01_task-listeningActive_run-01_stimulation.tsv,True,RAW_DOWNLOAD_PENDING
/home/fanyu/auditory_simulation_m6a/pub_01/s06/sparrkulee_v3.1/raw/derivatives/preprocessed_eeg/sub-027/ses-varyingStories01/sub-027_ses-varyingStories01_task-listeningActive_run-02_desc-preproc-audio-podcast_1_eeg.npy,sub-027_ses-varyingStories01_task-listeningActive_run-02_eeg.bdf.gz,/home/fanyu/auditory_simulation_m6a/pub_01/s06/sparrkulee_v3.1/raw/sub-027/ses-varyingStories01/eeg/sub-027_ses-varyingStories01_task-listeningActive_run-02_eeg.bdf.gz,PUBLIC,HOLD,False,0..63 in original order per publisher config,UNKNOWN,EEG per publisher dataset/config,UNKNOWN,UNKNOWN,UNKNOWN,microvolts by MNE volts x 1e6 contract; historical generator revision UNKNOWN,64,publisher highpass/artifact/MWF/CAR/resample; not repeated here,/home/fanyu/auditory_simulation_m6a/pub_01/s06/sparrkulee_v3.1/raw/sub-027/ses-varyingStories01/eeg/sub-027_ses-varyingStories01_task-listeningActive_run-02_stimulation.tsv,True,RAW_DOWNLOAD_PENDING
/home/fanyu/auditory_simulation_m6a/pub_01/s06/sparrkulee_v3.1/raw/derivatives/preprocessed_eeg/sub-027/ses-varyingStories01/sub-027_ses-varyingStories01_task-listeningActive_run-04_desc-preproc-audio-audiobook_7_1_eeg.npy,sub-027_ses-varyingStories01_task-listeningActive_run-04_eeg.bdf.gz,/home/fanyu/auditory_simulation_m6a/pub_01/s06/sparrkulee_v3.1/raw/sub-027/ses-varyingStories01/eeg/sub-027_ses-varyingStories01_task-listeningActive_run-04_eeg.bdf.gz,PUBLIC,HOLD,False,0..63 in original order per publisher config,UNKNOWN,EEG per publisher dataset/config,UNKNOWN,UNKNOWN,UNKNOWN,microvolts by MNE volts x 1e6 contract; historical generator revision UNKNOWN,64,publisher highpass/artifact/MWF/CAR/resample; not repeated here,/home/fanyu/auditory_simulation_m6a/pub_01/s06/sparrkulee_v3.1/raw/sub-027/ses-varyingStories01/eeg/sub-027_ses-varyingStories01_task-listeningActive_run-04_stimulation.tsv,True,RAW_DOWNLOAD_PENDING
/home/fanyu/auditory_simulation_m6a/pub_01/s06/sparrkulee_v3.1/raw/derivatives/preprocessed_eeg/sub-027/ses-varyingStories01/sub-027_ses-varyingStories01_task-listeningActive_run-05_desc-preproc-audio-audiobook_7_2_eeg.npy,sub-027_ses-varyingStories01_task-listeningActive_run-05_eeg.bdf.gz,/home/fanyu/auditory_simulation_m6a/pub_01/s06/sparrkulee_v3.1/raw/sub-027/ses-varyingStories01/eeg/sub-027_ses-varyingStories01_task-listeningActive_run-05_eeg.bdf.gz,PUBLIC,HOLD,False,0..63 in original order per publisher config,UNKNOWN,EEG per publisher dataset/config,UNKNOWN,UNKNOWN,UNKNOWN,microvolts by MNE volts x 1e6 contract; historical generator revision UNKNOWN,64,publisher highpass/artifact/MWF/CAR/resample; not repeated here,/home/fanyu/auditory_simulation_m6a/pub_01/s06/sparrkulee_v3.1/raw/sub-027/ses-varyingStories01/eeg/sub-027_ses-varyingStories01_task-listeningActive_run-05_stimulation.tsv,True,RAW_DOWNLOAD_PENDING
/home/fanyu/auditory_simulation_m6a/pub_01/s06/sparrkulee_v3.1/raw/derivatives/preprocessed_eeg/sub-027/ses-varyingStories01/sub-027_ses-varyingStories01_task-listeningActive_run-06_desc-preproc-audio-audiobook_7_3_eeg.npy,sub-027_ses-varyingStories01_task-listeningActive_run-06_eeg.bdf.gz,/home/fanyu/auditory_simulation_m6a/pub_01/s06/sparrkulee_v3.1/raw/sub-027/ses-varyingStories01/eeg/sub-027_ses-varyingStories01_task-listeningActive_run-06_eeg.bdf.gz,PUBLIC,HOLD,False,0..63 in original order per publisher config,UNKNOWN,EEG per publisher dataset/config,UNKNOWN,UNKNOWN,UNKNOWN,microvolts by MNE volts x 1e6 contract; historical generator revision UNKNOWN,64,publisher highpass/artifact/MWF/CAR/resample; not repeated here,/home/fanyu/auditory_simulation_m6a/pub_01/s06/sparrkulee_v3.1/raw/sub-027/ses-varyingStories01/eeg/sub-027_ses-varyingStories01_task-listeningActive_run-06_stimulation.tsv,True,RAW_DOWNLOAD_PENDING
/home/fanyu/auditory_simulation_m6a/pub_01/s06/sparrkulee_v3.1/raw/derivatives/preprocessed_eeg/sub-027/ses-varyingStories01/sub-027_ses-varyingStories01_task-listeningActive_run-07_desc-preproc-audio-audiobook_7_4_eeg.npy,sub-027_ses-varyingStories01_task-listeningActive_run-07_eeg.bdf.gz,/home/fanyu/auditory_simulation_m6a/pub_01/s06/sparrkulee_v3.1/raw/sub-027/ses-varyingStories01/eeg/sub-027_ses-varyingStories01_task-listeningActive_run-07_eeg.bdf.gz,PUBLIC,HOLD,False,0..63 in original order per publisher config,UNKNOWN,EEG per publisher dataset/config,UNKNOWN,UNKNOWN,UNKNOWN,microvolts by MNE volts x 1e6 contract; historical generator revision UNKNOWN,64,publisher highpass/artifact/MWF/CAR/resample; not repeated here,/home/fanyu/auditory_simulation_m6a/pub_01/s06/sparrkulee_v3.1/raw/sub-027/ses-varyingStories01/eeg/sub-027_ses-varyingStories01_task-listeningActive_run-07_stimulation.tsv,True,RAW_DOWNLOAD_PENDING
/home/fanyu/auditory_simulation_m6a/pub_01/s06/sparrkulee_v3.1/raw/derivatives/preprocessed_eeg/sub-027/ses-varyingStories01/sub-027_ses-varyingStories01_task-listeningActive_run-08_desc-preproc-audio-audiobook_7_5_eeg.npy,sub-027_ses-varyingStories01_task-listeningActive_run-08_eeg.bdf.gz,/home/fanyu/auditory_simulation_m6a/pub_01/s06/sparrkulee_v3.1/raw/sub-027/ses-varyingStories01/eeg/sub-027_ses-varyingStories01_task-listeningActive_run-08_eeg.bdf.gz,PUBLIC,HOLD,False,0..63 in original order per publisher config,UNKNOWN,EEG per publisher dataset/config,UNKNOWN,UNKNOWN,UNKNOWN,microvolts by MNE volts x 1e6 contract; historical generator revision UNKNOWN,64,publisher highpass/artifact/MWF/CAR/resample; not repeated here,/home/fanyu/auditory_simulation_m6a/pub_01/s06/sparrkulee_v3.1/raw/sub-027/ses-varyingStories01/eeg/sub-027_ses-varyingStories01_task-listeningActive_run-08_stimulation.tsv,True,RAW_DOWNLOAD_PENDING
/home/fanyu/auditory_simulation_m6a/pub_01/s06/sparrkulee_v3.1/raw/derivatives/preprocessed_eeg/sub-027/ses-varyingStories01/sub-027_ses-varyingStories01_task-listeningActive_run-09_desc-preproc-audio-audiobook_7_6_eeg.npy,sub-027_ses-varyingStories01_task-listeningActive_run-09_eeg.bdf.gz,/home/fanyu/auditory_simulation_m6a/pub_01/s06/sparrkulee_v3.1/raw/sub-027/ses-varyingStories01/eeg/sub-027_ses-varyingStories01_task-listeningActive_run-09_eeg.bdf.gz,PUBLIC,HOLD,False,0..63 in original order per publisher config,UNKNOWN,EEG per publisher dataset/config,UNKNOWN,UNKNOWN,UNKNOWN,microvolts by MNE volts x 1e6 contract; historical generator revision UNKNOWN,64,publisher highpass/artifact/MWF/CAR/resample; not repeated here,/home/fanyu/auditory_simulation_m6a/pub_01/s06/sparrkulee_v3.1/raw/sub-027/ses-varyingStories01/eeg/sub-027_ses-varyingStories01_task-listeningActive_run-09_stimulation.tsv,True,RAW_DOWNLOAD_PENDING
/home/fanyu/auditory_simulation_m6a/pub_01/s06/sparrkulee_v3.1/raw/derivatives/preprocessed_eeg/sub-027/ses-varyingStories01/sub-027_ses-varyingStories01_task-listeningActive_run-10_desc-preproc-audio-podcast_2_eeg.npy,sub-027_ses-varyingStories01_task-listeningActive_run-10_eeg.bdf.gz,/home/fanyu/auditory_simulation_m6a/pub_01/s06/sparrkulee_v3.1/raw/sub-027/ses-varyingStories01/eeg/sub-027_ses-varyingStories01_task-listeningActive_run-10_eeg.bdf.gz,PUBLIC,HOLD,False,0..63 in original order per publisher config,UNKNOWN,EEG per publisher dataset/config,UNKNOWN,UNKNOWN,UNKNOWN,microvolts by MNE volts x 1e6 contract; historical generator revision UNKNOWN,64,publisher highpass/artifact/MWF/CAR/resample; not repeated here,/home/fanyu/auditory_simulation_m6a/pub_01/s06/sparrkulee_v3.1/raw/sub-027/ses-varyingStories01/eeg/sub-027_ses-varyingStories01_task-listeningActive_run-10_stimulation.tsv,True,RAW_DOWNLOAD_PENDING
/home/fanyu/auditory_simulation_m6a/pub_01/s06/sparrkulee_v3.1/raw/derivatives/preprocessed_eeg/sub-027/ses-varyingStories01/sub-027_ses-varyingStories01_task-listeningActive_run-11_desc-preproc-audio-audiobook_1_eeg.npy,sub-027_ses-varyingStories01_task-listeningActive_run-11_eeg.bdf.gz,/home/fanyu/auditory_simulation_m6a/pub_01/s06/sparrkulee_v3.1/raw/sub-027/ses-varyingStories01/eeg/sub-027_ses-varyingStories01_task-listeningActive_run-11_eeg.bdf.gz,PUBLIC,HOLD,False,0..63 in original order per publisher config,UNKNOWN,EEG per publisher dataset/config,UNKNOWN,UNKNOWN,UNKNOWN,microvolts by MNE volts x 1e6 contract; historical generator revision UNKNOWN,64,publisher highpass/artifact/MWF/CAR/resample; not repeated here,/home/fanyu/auditory_simulation_m6a/pub_01/s06/sparrkulee_v3.1/raw/sub-027/ses-varyingStories01/eeg/sub-027_ses-varyingStories01_task-listeningActive_run-11_stimulation.tsv,True,RAW_DOWNLOAD_PENDING
/home/fanyu/auditory_simulation_m6a/pub_01/s06/sparrkulee_v3.1/raw/derivatives/preprocessed_eeg/sub-027/ses-varyingStories01/sub-027_ses-varyingStories01_task-listeningActive_run-12_desc-preproc-audio-podcast_4_eeg.npy,sub-027_ses-varyingStories01_task-listeningActive_run-12_eeg.bdf.gz,/home/fanyu/auditory_simulation_m6a/pub_01/s06/sparrkulee_v3.1/raw/sub-027/ses-varyingStories01/eeg/sub-027_ses-varyingStories01_task-listeningActive_run-12_eeg.bdf.gz,PUBLIC,HOLD,False,0..63 in original order per publisher config,UNKNOWN,EEG per publisher dataset/config,UNKNOWN,UNKNOWN,UNKNOWN,microvolts by MNE volts x 1e6 contract; historical generator revision UNKNOWN,64,publisher highpass/artifact/MWF/CAR/resample; not repeated here,/home/fanyu/auditory_simulation_m6a/pub_01/s06/sparrkulee_v3.1/raw/sub-027/ses-varyingStories01/eeg/sub-027_ses-varyingStories01_task-listeningActive_run-12_stimulation.tsv,True,RAW_DOWNLOAD_PENDING
/home/fanyu/auditory_simulation_m6a/pub_01/s06/sparrkulee_v3.1/raw/derivatives/preprocessed_eeg/sub-027/ses-varyingStories01/sub-027_ses-varyingStories01_task-listeningActive_run-13_desc-preproc-audio-podcast_3_eeg.npy,sub-027_ses-varyingStories01_task-listeningActive_run-13_eeg.bdf.gz,/home/fanyu/auditory_simulation_m6a/pub_01/s06/sparrkulee_v3.1/raw/sub-027/ses-varyingStories01/eeg/sub-027_ses-varyingStories01_task-listeningActive_run-13_eeg.bdf.gz,PUBLIC,HOLD,False,0..63 in original order per publisher config,UNKNOWN,EEG per publisher dataset/config,UNKNOWN,UNKNOWN,UNKNOWN,microvolts by MNE volts x 1e6 contract; historical generator revision UNKNOWN,64,publisher highpass/artifact/MWF/CAR/resample; not repeated here,/home/fanyu/auditory_simulation_m6a/pub_01/s06/sparrkulee_v3.1/raw/sub-027/ses-varyingStories01/eeg/sub-027_ses-varyingStories01_task-listeningActive_run-13_stimulation.tsv,True,RAW_DOWNLOAD_PENDING
/home/fanyu/auditory_simulation_m6a/pub_01/s06/sparrkulee_v3.1/raw/derivatives/preprocessed_eeg/sub-028/ses-varyingStories01/sub-028_ses-varyingStories01_task-listeningActive_run-01_desc-preproc-audio-podcast_1_eeg.npy,sub-028_ses-varyingStories01_task-listeningActive_run-01_eeg.bdf.gz,/home/fanyu/auditory_simulation_m6a/pub_01/s06/sparrkulee_v3.1/raw/sub-028/ses-varyingStories01/eeg/sub-028_ses-varyingStories01_task-listeningActive_run-01_eeg.bdf.gz,PUBLIC,HOLD,False,0..63 in original order per publisher config,UNKNOWN,EEG per publisher dataset/config,UNKNOWN,UNKNOWN,UNKNOWN,microvolts by MNE volts x 1e6 contract; historical generator revision UNKNOWN,64,publisher highpass/artifact/MWF/CAR/resample; not repeated here,/home/fanyu/auditory_simulation_m6a/pub_01/s06/sparrkulee_v3.1/raw/sub-028/ses-varyingStories01/eeg/sub-028_ses-varyingStories01_task-listeningActive_run-01_stimulation.tsv,True,RAW_DOWNLOAD_PENDING
/home/fanyu/auditory_simulation_m6a/pub_01/s06/sparrkulee_v3.1/raw/derivatives/preprocessed_eeg/sub-028/ses-varyingStories01/sub-028_ses-varyingStories01_task-listeningActive_run-02_desc-preproc-audio-podcast_4_eeg.npy,sub-028_ses-varyingStories01_task-listeningActive_run-02_eeg.bdf.gz,/home/fanyu/auditory_simulation_m6a/pub_01/s06/sparrkulee_v3.1/raw/sub-028/ses-varyingStories01/eeg/sub-028_ses-varyingStories01_task-listeningActive_run-02_eeg.bdf.gz,PUBLIC,HOLD,False,0..63 in original order per publisher config,UNKNOWN,EEG per publisher dataset/config,UNKNOWN,UNKNOWN,UNKNOWN,microvolts by MNE volts x 1e6 contract; historical generator revision UNKNOWN,64,publisher highpass/artifact/MWF/CAR/resample; not repeated here,/home/fanyu/auditory_simulation_m6a/pub_01/s06/sparrkulee_v3.1/raw/sub-028/ses-varyingStories01/eeg/sub-028_ses-varyingStories01_task-listeningActive_run-02_stimulation.tsv,True,RAW_DOWNLOAD_PENDING
/home/fanyu/auditory_simulation_m6a/pub_01/s06/sparrkulee_v3.1/raw/derivatives/preprocessed_eeg/sub-028/ses-varyingStories01/sub-028_ses-varyingStories01_task-listeningActive_run-03_desc-preproc-audio-podcast_10_eeg.npy,sub-028_ses-varyingStories01_task-listeningActive_run-03_eeg.bdf.gz,/home/fanyu/auditory_simulation_m6a/pub_01/s06/sparrkulee_v3.1/raw/sub-028/ses-varyingStories01/eeg/sub-028_ses-varyingStories01_task-listeningActive_run-03_eeg.bdf.gz,PUBLIC,HOLD,False,0..63 in original order per publisher config,UNKNOWN,EEG per publisher dataset/config,UNKNOWN,UNKNOWN,UNKNOWN,microvolts by MNE volts x 1e6 contract; historical generator revision UNKNOWN,64,publisher highpass/artifact/MWF/CAR/resample; not repeated here,/home/fanyu/auditory_simulation_m6a/pub_01/s06/sparrkulee_v3.1/raw/sub-028/ses-varyingStories01/eeg/sub-028_ses-varyingStories01_task-listeningActive_run-03_stimulation.tsv,True,RAW_DOWNLOAD_PENDING
/home/fanyu/auditory_simulation_m6a/pub_01/s06/sparrkulee_v3.1/raw/derivatives/preprocessed_eeg/sub-028/ses-varyingStories01/sub-028_ses-varyingStories01_task-listeningActive_run-04_desc-preproc-audio-audiobook_7_1_eeg.npy,sub-028_ses-varyingStories01_task-listeningActive_run-04_eeg.bdf.gz,/home/fanyu/auditory_simulation_m6a/pub_01/s06/sparrkulee_v3.1/raw/sub-028/ses-varyingStories01/eeg/sub-028_ses-varyingStories01_task-listeningActive_run-04_eeg.bdf.gz,PUBLIC,HOLD,False,0..63 in original order per publisher config,UNKNOWN,EEG per publisher dataset/config,UNKNOWN,UNKNOWN,UNKNOWN,microvolts by MNE volts x 1e6 contract; historical generator revision UNKNOWN,64,publisher highpass/artifact/MWF/CAR/resample; not repeated here,/home/fanyu/auditory_simulation_m6a/pub_01/s06/sparrkulee_v3.1/raw/sub-028/ses-varyingStories01/eeg/sub-028_ses-varyingStories01_task-listeningActive_run-04_stimulation.tsv,True,RAW_DOWNLOAD_PENDING
/home/fanyu/auditory_simulation_m6a/pub_01/s06/sparrkulee_v3.1/raw/derivatives/preprocessed_eeg/sub-028/ses-varyingStories01/sub-028_ses-varyingStories01_task-listeningActive_run-05_desc-preproc-audio-audiobook_7_2_eeg.npy,sub-028_ses-varyingStories01_task-listeningActive_run-05_eeg.bdf.gz,/home/fanyu/auditory_simulation_m6a/pub_01/s06/sparrkulee_v3.1/raw/sub-028/ses-varyingStories01/eeg/sub-028_ses-varyingStories01_task-listeningActive_run-05_eeg.bdf.gz,PUBLIC,HOLD,False,0..63 in original order per publisher config,UNKNOWN,EEG per publisher dataset/config,UNKNOWN,UNKNOWN,UNKNOWN,microvolts by MNE volts x 1e6 contract; historical generator revision UNKNOWN,64,publisher highpass/artifact/MWF/CAR/resample; not repeated here,/home/fanyu/auditory_simulation_m6a/pub_01/s06/sparrkulee_v3.1/raw/sub-028/ses-varyingStories01/eeg/sub-028_ses-varyingStories01_task-listeningActive_run-05_stimulation.tsv,True,RAW_DOWNLOAD_PENDING
/home/fanyu/auditory_simulation_m6a/pub_01/s06/sparrkulee_v3.1/raw/derivatives/preprocessed_eeg/sub-028/ses-varyingStories01/sub-028_ses-varyingStories01_task-listeningActive_run-06_desc-preproc-audio-audiobook_7_3_eeg.npy,sub-028_ses-varyingStories01_task-listeningActive_run-06_eeg.bdf.gz,/home/fanyu/auditory_simulation_m6a/pub_01/s06/sparrkulee_v3.1/raw/sub-028/ses-varyingStories01/eeg/sub-028_ses-varyingStories01_task-listeningActive_run-06_eeg.bdf.gz,PUBLIC,HOLD,False,0..63 in original order per publisher config,UNKNOWN,EEG per publisher dataset/config,UNKNOWN,UNKNOWN,UNKNOWN,microvolts by MNE volts x 1e6 contract; historical generator revision UNKNOWN,64,publisher highpass/artifact/MWF/CAR/resample; not repeated here,/home/fanyu/auditory_simulation_m6a/pub_01/s06/sparrkulee_v3.1/raw/sub-028/ses-varyingStories01/eeg/sub-028_ses-varyingStories01_task-listeningActive_run-06_stimulation.tsv,True,RAW_DOWNLOAD_PENDING
/home/fanyu/auditory_simulation_m6a/pub_01/s06/sparrkulee_v3.1/raw/derivatives/preprocessed_eeg/sub-028/ses-varyingStories01/sub-028_ses-varyingStories01_task-listeningActive_run-07_desc-preproc-audio-audiobook_7_4_eeg.npy,sub-028_ses-varyingStories01_task-listeningActive_run-07_eeg.bdf.gz,/home/fanyu/auditory_simulation_m6a/pub_01/s06/sparrkulee_v3.1/raw/sub-028/ses-varyingStories01/eeg/sub-028_ses-varyingStories01_task-listeningActive_run-07_eeg.bdf.gz,PUBLIC,HOLD,False,0..63 in original order per publisher config,UNKNOWN,EEG per publisher dataset/config,UNKNOWN,UNKNOWN,UNKNOWN,microvolts by MNE volts x 1e6 contract; historical generator revision UNKNOWN,64,publisher highpass/artifact/MWF/CAR/resample; not repeated here,/home/fanyu/auditory_simulation_m6a/pub_01/s06/sparrkulee_v3.1/raw/sub-028/ses-varyingStories01/eeg/sub-028_ses-varyingStories01_task-listeningActive_run-07_stimulation.tsv,True,RAW_DOWNLOAD_PENDING
/home/fanyu/auditory_simulation_m6a/pub_01/s06/sparrkulee_v3.1/raw/derivatives/preprocessed_eeg/sub-028/ses-varyingStories01/sub-028_ses-varyingStories01_task-listeningActive_run-08_desc-preproc-audio-audiobook_7_5_eeg.npy,sub-028_ses-varyingStories01_task-listeningActive_run-08_eeg.bdf.gz,/home/fanyu/auditory_simulation_m6a/pub_01/s06/sparrkulee_v3.1/raw/sub-028/ses-varyingStories01/eeg/sub-028_ses-varyingStories01_task-listeningActive_run-08_eeg.bdf.gz,PUBLIC,HOLD,False,0..63 in original order per publisher config,UNKNOWN,EEG per publisher dataset/config,UNKNOWN,UNKNOWN,UNKNOWN,microvolts by MNE volts x 1e6 contract; historical generator revision UNKNOWN,64,publisher highpass/artifact/MWF/CAR/resample; not repeated here,/home/fanyu/auditory_simulation_m6a/pub_01/s06/sparrkulee_v3.1/raw/sub-028/ses-varyingStories01/eeg/sub-028_ses-varyingStories01_task-listeningActive_run-08_stimulation.tsv,True,RAW_DOWNLOAD_PENDING
/home/fanyu/auditory_simulation_m6a/pub_01/s06/sparrkulee_v3.1/raw/derivatives/preprocessed_eeg/sub-028/ses-varyingStories01/sub-028_ses-varyingStories01_task-listeningActive_run-09_desc-preproc-audio-audiobook_7_6_eeg.npy,sub-028_ses-varyingStories01_task-listeningActive_run-09_eeg.bdf.gz,/home/fanyu/auditory_simulation_m6a/pub_01/s06/sparrkulee_v3.1/raw/sub-028/ses-varyingStories01/eeg/sub-028_ses-varyingStories01_task-listeningActive_run-09_eeg.bdf.gz,PUBLIC,HOLD,False,0..63 in original order per publisher config,UNKNOWN,EEG per publisher dataset/config,UNKNOWN,UNKNOWN,UNKNOWN,microvolts by MNE volts x 1e6 contract; historical generator revision UNKNOWN,64,publisher highpass/artifact/MWF/CAR/resample; not repeated here,/home/fanyu/auditory_simulation_m6a/pub_01/s06/sparrkulee_v3.1/raw/sub-028/ses-varyingStories01/eeg/sub-028_ses-varyingStories01_task-listeningActive_run-09_stimulation.tsv,True,RAW_DOWNLOAD_PENDING
/home/fanyu/auditory_simulation_m6a/pub_01/s06/sparrkulee_v3.1/raw/derivatives/preprocessed_eeg/sub-028/ses-varyingStories01/sub-028_ses-varyingStories01_task-listeningActive_run-10_desc-preproc-audio-podcast_2_eeg.npy,sub-028_ses-varyingStories01_task-listeningActive_run-10_eeg.bdf.gz,/home/fanyu/auditory_simulation_m6a/pub_01/s06/sparrkulee_v3.1/raw/sub-028/ses-varyingStories01/eeg/sub-028_ses-varyingStories01_task-listeningActive_run-10_eeg.bdf.gz,PUBLIC,HOLD,False,0..63 in original order per publisher config,UNKNOWN,EEG per publisher dataset/config,UNKNOWN,UNKNOWN,UNKNOWN,microvolts by MNE volts x 1e6 contract; historical generator revision UNKNOWN,64,publisher highpass/artifact/MWF/CAR/resample; not repeated here,/home/fanyu/auditory_simulation_m6a/pub_01/s06/sparrkulee_v3.1/raw/sub-028/ses-varyingStories01/eeg/sub-028_ses-varyingStories01_task-listeningActive_run-10_stimulation.tsv,True,RAW_DOWNLOAD_PENDING
/home/fanyu/auditory_simulation_m6a/pub_01/s06/sparrkulee_v3.1/raw/derivatives/preprocessed_eeg/sub-028/ses-varyingStories01/sub-028_ses-varyingStories01_task-listeningActive_run-11_desc-preproc-audio-podcast_3_eeg.npy,sub-028_ses-varyingStories01_task-listeningActive_run-11_eeg.bdf.gz,/home/fanyu/auditory_simulation_m6a/pub_01/s06/sparrkulee_v3.1/raw/sub-028/ses-varyingStories01/eeg/sub-028_ses-varyingStories01_task-listeningActive_run-11_eeg.bdf.gz,PUBLIC,HOLD,False,0..63 in original order per publisher config,UNKNOWN,EEG per publisher dataset/config,UNKNOWN,UNKNOWN,UNKNOWN,microvolts by MNE volts x 1e6 contract; historical generator revision UNKNOWN,64,publisher highpass/artifact/MWF/CAR/resample; not repeated here,/home/fanyu/auditory_simulation_m6a/pub_01/s06/sparrkulee_v3.1/raw/sub-028/ses-varyingStories01/eeg/sub-028_ses-varyingStories01_task-listeningActive_run-11_stimulation.tsv,True,RAW_DOWNLOAD_PENDING
/home/fanyu/auditory_simulation_m6a/pub_01/s06/sparrkulee_v3.1/raw/derivatives/preprocessed_eeg/sub-028/ses-varyingStories01/sub-028_ses-varyingStories01_task-listeningActive_run-13_desc-preproc-audio-audiobook_1_eeg.npy,sub-028_ses-varyingStories01_task-listeningActive_run-13_eeg.bdf.gz,/home/fanyu/auditory_simulation_m6a/pub_01/s06/sparrkulee_v3.1/raw/sub-028/ses-varyingStories01/eeg/sub-028_ses-varyingStories01_task-listeningActive_run-13_eeg.bdf.gz,PUBLIC,HOLD,False,0..63 in original order per publisher config,UNKNOWN,EEG per publisher dataset/config,UNKNOWN,UNKNOWN,UNKNOWN,microvolts by MNE volts x 1e6 contract; historical generator revision UNKNOWN,64,publisher highpass/artifact/MWF/CAR/resample; not repeated here,/home/fanyu/auditory_simulation_m6a/pub_01/s06/sparrkulee_v3.1/raw/sub-028/ses-varyingStories01/eeg/sub-028_ses-varyingStories01_task-listeningActive_run-13_stimulation.tsv,True,RAW_DOWNLOAD_PENDING
/home/fanyu/auditory_simulation_m6a/pub_01/s06/sparrkulee_v3.1/raw/derivatives/preprocessed_eeg/sub-029/ses-varyingStories01/sub-029_ses-varyingStories01_task-listeningActive_run-01_desc-preproc-audio-podcast_3_eeg.npy,sub-029_ses-varyingStories01_task-listeningActive_run-01_eeg.bdf.gz,/home/fanyu/auditory_simulation_m6a/pub_01/s06/sparrkulee_v3.1/raw/sub-029/ses-varyingStories01/eeg/sub-029_ses-varyingStories01_task-listeningActive_run-01_eeg.bdf.gz,PUBLIC,HOLD,False,0..63 in original order per publisher config,UNKNOWN,EEG per publisher dataset/config,UNKNOWN,UNKNOWN,UNKNOWN,microvolts by MNE volts x 1e6 contract; historical generator revision UNKNOWN,64,publisher highpass/artifact/MWF/CAR/resample; not repeated here,/home/fanyu/auditory_simulation_m6a/pub_01/s06/sparrkulee_v3.1/raw/sub-029/ses-varyingStories01/eeg/sub-029_ses-varyingStories01_task-listeningActive_run-01_stimulation.tsv,True,RAW_DOWNLOAD_PENDING
/home/fanyu/auditory_simulation_m6a/pub_01/s06/sparrkulee_v3.1/raw/derivatives/preprocessed_eeg/sub-029/ses-varyingStories01/sub-029_ses-varyingStories01_task-listeningActive_run-02_desc-preproc-audio-podcast_4_eeg.npy,sub-029_ses-varyingStories01_task-listeningActive_run-02_eeg.bdf.gz,/home/fanyu/auditory_simulation_m6a/pub_01/s06/sparrkulee_v3.1/raw/sub-029/ses-varyingStories01/eeg/sub-029_ses-varyingStories01_task-listeningActive_run-02_eeg.bdf.gz,PUBLIC,HOLD,False,0..63 in original order per publisher config,UNKNOWN,EEG per publisher dataset/config,UNKNOWN,UNKNOWN,UNKNOWN,microvolts by MNE volts x 1e6 contract; historical generator revision UNKNOWN,64,publisher highpass/artifact/MWF/CAR/resample; not repeated here,/home/fanyu/auditory_simulation_m6a/pub_01/s06/sparrkulee_v3.1/raw/sub-029/ses-varyingStories01/eeg/sub-029_ses-varyingStories01_task-listeningActive_run-02_stimulation.tsv,True,RAW_DOWNLOAD_PENDING
/home/fanyu/auditory_simulation_m6a/pub_01/s06/sparrkulee_v3.1/raw/derivatives/preprocessed_eeg/sub-029/ses-varyingStories01/sub-029_ses-varyingStories01_task-listeningActive_run-04_desc-preproc-audio-podcast_10_eeg.npy,sub-029_ses-varyingStories01_task-listeningActive_run-04_eeg.bdf.gz,/home/fanyu/auditory_simulation_m6a/pub_01/s06/sparrkulee_v3.1/raw/sub-029/ses-varyingStories01/eeg/sub-029_ses-varyingStories01_task-listeningActive_run-04_eeg.bdf.gz,PUBLIC,HOLD,False,0..63 in original order per publisher config,UNKNOWN,EEG per publisher dataset/config,UNKNOWN,UNKNOWN,UNKNOWN,microvolts by MNE volts x 1e6 contract; historical generator revision UNKNOWN,64,publisher highpass/artifact/MWF/CAR/resample; not repeated here,/home/fanyu/auditory_simulation_m6a/pub_01/s06/sparrkulee_v3.1/raw/sub-029/ses-varyingStories01/eeg/sub-029_ses-varyingStories01_task-listeningActive_run-04_stimulation.tsv,True,RAW_DOWNLOAD_PENDING
/home/fanyu/auditory_simulation_m6a/pub_01/s06/sparrkulee_v3.1/raw/derivatives/preprocessed_eeg/sub-029/ses-varyingStories01/sub-029_ses-varyingStories01_task-listeningActive_run-05_desc-preproc-audio-podcast_2_eeg.npy,sub-029_ses-varyingStories01_task-listeningActive_run-05_eeg.bdf.gz,/home/fanyu/auditory_simulation_m6a/pub_01/s06/sparrkulee_v3.1/raw/sub-029/ses-varyingStories01/eeg/sub-029_ses-varyingStories01_task-listeningActive_run-05_eeg.bdf.gz,PUBLIC,HOLD,False,0..63 in original order per publisher config,UNKNOWN,EEG per publisher dataset/config,UNKNOWN,UNKNOWN,UNKNOWN,microvolts by MNE volts x 1e6 contract; historical generator revision UNKNOWN,64,publisher highpass/artifact/MWF/CAR/resample; not repeated here,/home/fanyu/auditory_simulation_m6a/pub_01/s06/sparrkulee_v3.1/raw/sub-029/ses-varyingStories01/eeg/sub-029_ses-varyingStories01_task-listeningActive_run-05_stimulation.tsv,True,RAW_DOWNLOAD_PENDING
/home/fanyu/auditory_simulation_m6a/pub_01/s06/sparrkulee_v3.1/raw/derivatives/preprocessed_eeg/sub-029/ses-varyingStories01/sub-029_ses-varyingStories01_task-listeningActive_run-06_desc-preproc-audio-podcast_1_eeg.npy,sub-029_ses-varyingStories01_task-listeningActive_run-06_eeg.bdf.gz,/home/fanyu/auditory_simulation_m6a/pub_01/s06/sparrkulee_v3.1/raw/sub-029/ses-varyingStories01/eeg/sub-029_ses-varyingStories01_task-listeningActive_run-06_eeg.bdf.gz,PUBLIC,HOLD,False,0..63 in original order per publisher config,UNKNOWN,EEG per publisher dataset/config,UNKNOWN,UNKNOWN,UNKNOWN,microvolts by MNE volts x 1e6 contract; historical generator revision UNKNOWN,64,publisher highpass/artifact/MWF/CAR/resample; not repeated here,/home/fanyu/auditory_simulation_m6a/pub_01/s06/sparrkulee_v3.1/raw/sub-029/ses-varyingStories01/eeg/sub-029_ses-varyingStories01_task-listeningActive_run-06_stimulation.tsv,True,RAW_DOWNLOAD_PENDING
/home/fanyu/auditory_simulation_m6a/pub_01/s06/sparrkulee_v3.1/raw/derivatives/preprocessed_eeg/sub-029/ses-varyingStories01/sub-029_ses-varyingStories01_task-listeningActive_run-07_desc-preproc-audio-audiobook_1_eeg.npy,sub-029_ses-varyingStories01_task-listeningActive_run-07_eeg.bdf.gz,/home/fanyu/auditory_simulation_m6a/pub_01/s06/sparrkulee_v3.1/raw/sub-029/ses-varyingStories01/eeg/sub-029_ses-varyingStories01_task-listeningActive_run-07_eeg.bdf.gz,PUBLIC,HOLD,False,0..63 in original order per publisher config,UNKNOWN,EEG per publisher dataset/config,UNKNOWN,UNKNOWN,UNKNOWN,microvolts by MNE volts x 1e6 contract; historical generator revision UNKNOWN,64,publisher highpass/artifact/MWF/CAR/resample; not repeated here,/home/fanyu/auditory_simulation_m6a/pub_01/s06/sparrkulee_v3.1/raw/sub-029/ses-varyingStories01/eeg/sub-029_ses-varyingStories01_task-listeningActive_run-07_stimulation.tsv,True,RAW_DOWNLOAD_PENDING
/home/fanyu/auditory_simulation_m6a/pub_01/s06/sparrkulee_v3.1/raw/derivatives/preprocessed_eeg/sub-029/ses-varyingStories01/sub-029_ses-varyingStories01_task-listeningActive_run-08_desc-preproc-audio-audiobook_7_1_eeg.npy,sub-029_ses-varyingStories01_task-listeningActive_run-08_eeg.bdf.gz,/home/fanyu/auditory_simulation_m6a/pub_01/s06/sparrkulee_v3.1/raw/sub-029/ses-varyingStories01/eeg/sub-029_ses-varyingStories01_task-listeningActive_run-08_eeg.bdf.gz,PUBLIC,HOLD,False,0..63 in original order per publisher config,UNKNOWN,EEG per publisher dataset/config,UNKNOWN,UNKNOWN,UNKNOWN,microvolts by MNE volts x 1e6 contract; historical generator revision UNKNOWN,64,publisher highpass/artifact/MWF/CAR/resample; not repeated here,/home/fanyu/auditory_simulation_m6a/pub_01/s06/sparrkulee_v3.1/raw/sub-029/ses-varyingStories01/eeg/sub-029_ses-varyingStories01_task-listeningActive_run-08_stimulation.tsv,True,RAW_DOWNLOAD_PENDING
/home/fanyu/auditory_simulation_m6a/pub_01/s06/sparrkulee_v3.1/raw/derivatives/preprocessed_eeg/sub-029/ses-varyingStories01/sub-029_ses-varyingStories01_task-listeningActive_run-09_desc-preproc-audio-audiobook_7_2_eeg.npy,sub-029_ses-varyingStories01_task-listeningActive_run-09_eeg.bdf.gz,/home/fanyu/auditory_simulation_m6a/pub_01/s06/sparrkulee_v3.1/raw/sub-029/ses-varyingStories01/eeg/sub-029_ses-varyingStories01_task-listeningActive_run-09_eeg.bdf.gz,PUBLIC,HOLD,False,0..63 in original order per publisher config,UNKNOWN,EEG per publisher dataset/config,UNKNOWN,UNKNOWN,UNKNOWN,microvolts by MNE volts x 1e6 contract; historical generator revision UNKNOWN,64,publisher highpass/artifact/MWF/CAR/resample; not repeated here,/home/fanyu/auditory_simulation_m6a/pub_01/s06/sparrkulee_v3.1/raw/sub-029/ses-varyingStories01/eeg/sub-029_ses-varyingStories01_task-listeningActive_run-09_stimulation.tsv,True,RAW_DOWNLOAD_PENDING
/home/fanyu/auditory_simulation_m6a/pub_01/s06/sparrkulee_v3.1/raw/derivatives/preprocessed_eeg/sub-029/ses-varyingStories01/sub-029_ses-varyingStories01_task-listeningActive_run-10_desc-preproc-audio-audiobook_7_3_eeg.npy,sub-029_ses-varyingStories01_task-listeningActive_run-10_eeg.bdf.gz,/home/fanyu/auditory_simulation_m6a/pub_01/s06/sparrkulee_v3.1/raw/sub-029/ses-varyingStories01/eeg/sub-029_ses-varyingStories01_task-listeningActive_run-10_eeg.bdf.gz,PUBLIC,HOLD,False,0..63 in original order per publisher config,UNKNOWN,EEG per publisher dataset/config,UNKNOWN,UNKNOWN,UNKNOWN,microvolts by MNE volts x 1e6 contract; historical generator revision UNKNOWN,64,publisher highpass/artifact/MWF/CAR/resample; not repeated here,/home/fanyu/auditory_simulation_m6a/pub_01/s06/sparrkulee_v3.1/raw/sub-029/ses-varyingStories01/eeg/sub-029_ses-varyingStories01_task-listeningActive_run-10_stimulation.tsv,True,RAW_DOWNLOAD_PENDING
/home/fanyu/auditory_simulation_m6a/pub_01/s06/sparrkulee_v3.1/raw/derivatives/preprocessed_eeg/sub-029/ses-varyingStories01/sub-029_ses-varyingStories01_task-listeningActive_run-11_desc-preproc-audio-audiobook_7_4_eeg.npy,sub-029_ses-varyingStories01_task-listeningActive_run-11_eeg.bdf.gz,/home/fanyu/auditory_simulation_m6a/pub_01/s06/sparrkulee_v3.1/raw/sub-029/ses-varyingStories01/eeg/sub-029_ses-varyingStories01_task-listeningActive_run-11_eeg.bdf.gz,PUBLIC,HOLD,False,0..63 in original order per publisher config,UNKNOWN,EEG per publisher dataset/config,UNKNOWN,UNKNOWN,UNKNOWN,microvolts by MNE volts x 1e6 contract; historical generator revision UNKNOWN,64,publisher highpass/artifact/MWF/CAR/resample; not repeated here,/home/fanyu/auditory_simulation_m6a/pub_01/s06/sparrkulee_v3.1/raw/sub-029/ses-varyingStories01/eeg/sub-029_ses-varyingStories01_task-listeningActive_run-11_stimulation.tsv,True,RAW_DOWNLOAD_PENDING
/home/fanyu/auditory_simulation_m6a/pub_01/s06/sparrkulee_v3.1/raw/derivatives/preprocessed_eeg/sub-029/ses-varyingStories01/sub-029_ses-varyingStories01_task-listeningActive_run-12_desc-preproc-audio-audiobook_7_5_eeg.npy,sub-029_ses-varyingStories01_task-listeningActive_run-12_eeg.bdf.gz,/home/fanyu/auditory_simulation_m6a/pub_01/s06/sparrkulee_v3.1/raw/sub-029/ses-varyingStories01/eeg/sub-029_ses-varyingStories01_task-listeningActive_run-12_eeg.bdf.gz,PUBLIC,HOLD,False,0..63 in original order per publisher config,UNKNOWN,EEG per publisher dataset/config,UNKNOWN,UNKNOWN,UNKNOWN,microvolts by MNE volts x 1e6 contract; historical generator revision UNKNOWN,64,publisher highpass/artifact/MWF/CAR/resample; not repeated here,/home/fanyu/auditory_simulation_m6a/pub_01/s06/sparrkulee_v3.1/raw/sub-029/ses-varyingStories01/eeg/sub-029_ses-varyingStories01_task-listeningActive_run-12_stimulation.tsv,True,RAW_DOWNLOAD_PENDING
/home/fanyu/auditory_simulation_m6a/pub_01/s06/sparrkulee_v3.1/raw/derivatives/preprocessed_eeg/sub-029/ses-varyingStories01/sub-029_ses-varyingStories01_task-listeningActive_run-13_desc-preproc-audio-audiobook_7_6_eeg.npy,sub-029_ses-varyingStories01_task-listeningActive_run-13_eeg.bdf.gz,/home/fanyu/auditory_simulation_m6a/pub_01/s06/sparrkulee_v3.1/raw/sub-029/ses-varyingStories01/eeg/sub-029_ses-varyingStories01_task-listeningActive_run-13_eeg.bdf.gz,PUBLIC,HOLD,False,0..63 in original order per publisher config,UNKNOWN,EEG per publisher dataset/config,UNKNOWN,UNKNOWN,UNKNOWN,microvolts by MNE volts x 1e6 contract; historical generator revision UNKNOWN,64,publisher highpass/artifact/MWF/CAR/resample; not repeated here,/home/fanyu/auditory_simulation_m6a/pub_01/s06/sparrkulee_v3.1/raw/sub-029/ses-varyingStories01/eeg/sub-029_ses-varyingStories01_task-listeningActive_run-13_stimulation.tsv,True,RAW_DOWNLOAD_PENDING
/home/fanyu/auditory_simulation_m6a/pub_01/s06/sparrkulee_v3.1/raw/derivatives/preprocessed_eeg/sub-030/ses-varyingStories01/sub-030_ses-varyingStories01_task-listeningActive_run-01_desc-preproc-audio-podcast_1_eeg.npy,sub-030_ses-varyingStories01_task-listeningActive_run-01_eeg.bdf.gz,/home/fanyu/auditory_simulation_m6a/pub_01/s06/sparrkulee_v3.1/raw/sub-030/ses-varyingStories01/eeg/sub-030_ses-varyingStories01_task-listeningActive_run-01_eeg.bdf.gz,PUBLIC,HOLD,False,0..63 in original order per publisher config,UNKNOWN,EEG per publisher dataset/config,UNKNOWN,UNKNOWN,UNKNOWN,microvolts by MNE volts x 1e6 contract; historical generator revision UNKNOWN,64,publisher highpass/artifact/MWF/CAR/resample; not repeated here,/home/fanyu/auditory_simulation_m6a/pub_01/s06/sparrkulee_v3.1/raw/sub-030/ses-varyingStories01/eeg/sub-030_ses-varyingStories01_task-listeningActive_run-01_stimulation.tsv,True,RAW_DOWNLOAD_PENDING
/home/fanyu/auditory_simulation_m6a/pub_01/s06/sparrkulee_v3.1/raw/derivatives/preprocessed_eeg/sub-030/ses-varyingStories01/sub-030_ses-varyingStories01_task-listeningActive_run-02_desc-preproc-audio-podcast_2_eeg.npy,sub-030_ses-varyingStories01_task-listeningActive_run-02_eeg.bdf.gz,/home/fanyu/auditory_simulation_m6a/pub_01/s06/sparrkulee_v3.1/raw/sub-030/ses-varyingStories01/eeg/sub-030_ses-varyingStories01_task-listeningActive_run-02_eeg.bdf.gz,PUBLIC,HOLD,False,0..63 in original order per publisher config,UNKNOWN,EEG per publisher dataset/config,UNKNOWN,UNKNOWN,UNKNOWN,microvolts by MNE volts x 1e6 contract; historical generator revision UNKNOWN,64,publisher highpass/artifact/MWF/CAR/resample; not repeated here,/home/fanyu/auditory_simulation_m6a/pub_01/s06/sparrkulee_v3.1/raw/sub-030/ses-varyingStories01/eeg/sub-030_ses-varyingStories01_task-listeningActive_run-02_stimulation.tsv,True,RAW_DOWNLOAD_PENDING
/home/fanyu/auditory_simulation_m6a/pub_01/s06/sparrkulee_v3.1/raw/derivatives/preprocessed_eeg/sub-030/ses-varyingStories01/sub-030_ses-varyingStories01_task-listeningActive_run-03_desc-preproc-audio-audiobook_7_1_eeg.npy,sub-030_ses-varyingStories01_task-listeningActive_run-03_eeg.bdf.gz,/home/fanyu/auditory_simulation_m6a/pub_01/s06/sparrkulee_v3.1/raw/sub-030/ses-varyingStories01/eeg/sub-030_ses-varyingStories01_task-listeningActive_run-03_eeg.bdf.gz,PUBLIC,HOLD,False,0..63 in original order per publisher config,UNKNOWN,EEG per publisher dataset/config,UNKNOWN,UNKNOWN,UNKNOWN,microvolts by MNE volts x 1e6 contract; historical generator revision UNKNOWN,64,publisher highpass/artifact/MWF/CAR/resample; not repeated here,/home/fanyu/auditory_simulation_m6a/pub_01/s06/sparrkulee_v3.1/raw/sub-030/ses-varyingStories01/eeg/sub-030_ses-varyingStories01_task-listeningActive_run-03_stimulation.tsv,True,RAW_DOWNLOAD_PENDING
/home/fanyu/auditory_simulation_m6a/pub_01/s06/sparrkulee_v3.1/raw/derivatives/preprocessed_eeg/sub-030/ses-varyingStories01/sub-030_ses-varyingStories01_task-listeningActive_run-04_desc-preproc-audio-audiobook_7_2_eeg.npy,sub-030_ses-varyingStories01_task-listeningActive_run-04_eeg.bdf.gz,/home/fanyu/auditory_simulation_m6a/pub_01/s06/sparrkulee_v3.1/raw/sub-030/ses-varyingStories01/eeg/sub-030_ses-varyingStories01_task-listeningActive_run-04_eeg.bdf.gz,PUBLIC,HOLD,False,0..63 in original order per publisher config,UNKNOWN,EEG per publisher dataset/config,UNKNOWN,UNKNOWN,UNKNOWN,microvolts by MNE volts x 1e6 contract; historical generator revision UNKNOWN,64,publisher highpass/artifact/MWF/CAR/resample; not repeated here,/home/fanyu/auditory_simulation_m6a/pub_01/s06/sparrkulee_v3.1/raw/sub-030/ses-varyingStories01/eeg/sub-030_ses-varyingStories01_task-listeningActive_run-04_stimulation.tsv,True,RAW_DOWNLOAD_PENDING
/home/fanyu/auditory_simulation_m6a/pub_01/s06/sparrkulee_v3.1/raw/derivatives/preprocessed_eeg/sub-030/ses-varyingStories01/sub-030_ses-varyingStories01_task-listeningActive_run-05_desc-preproc-audio-audiobook_7_3_eeg.npy,sub-030_ses-varyingStories01_task-listeningActive_run-05_eeg.bdf.gz,/home/fanyu/auditory_simulation_m6a/pub_01/s06/sparrkulee_v3.1/raw/sub-030/ses-varyingStories01/eeg/sub-030_ses-varyingStories01_task-listeningActive_run-05_eeg.bdf.gz,PUBLIC,HOLD,False,0..63 in original order per publisher config,UNKNOWN,EEG per publisher dataset/config,UNKNOWN,UNKNOWN,UNKNOWN,microvolts by MNE volts x 1e6 contract; historical generator revision UNKNOWN,64,publisher highpass/artifact/MWF/CAR/resample; not repeated here,/home/fanyu/auditory_simulation_m6a/pub_01/s06/sparrkulee_v3.1/raw/sub-030/ses-varyingStories01/eeg/sub-030_ses-varyingStories01_task-listeningActive_run-05_stimulation.tsv,True,RAW_DOWNLOAD_PENDING
/home/fanyu/auditory_simulation_m6a/pub_01/s06/sparrkulee_v3.1/raw/derivatives/preprocessed_eeg/sub-030/ses-varyingStories01/sub-030_ses-varyingStories01_task-listeningActive_run-06_desc-preproc-audio-audiobook_7_4_eeg.npy,sub-030_ses-varyingStories01_task-listeningActive_run-06_eeg.bdf.gz,/home/fanyu/auditory_simulation_m6a/pub_01/s06/sparrkulee_v3.1/raw/sub-030/ses-varyingStories01/eeg/sub-030_ses-varyingStories01_task-listeningActive_run-06_eeg.bdf.gz,PUBLIC,HOLD,False,0..63 in original order per publisher config,UNKNOWN,EEG per publisher dataset/config,UNKNOWN,UNKNOWN,UNKNOWN,microvolts by MNE volts x 1e6 contract; historical generator revision UNKNOWN,64,publisher highpass/artifact/MWF/CAR/resample; not repeated here,/home/fanyu/auditory_simulation_m6a/pub_01/s06/sparrkulee_v3.1/raw/sub-030/ses-varyingStories01/eeg/sub-030_ses-varyingStories01_task-listeningActive_run-06_stimulation.tsv,True,RAW_DOWNLOAD_PENDING
/home/fanyu/auditory_simulation_m6a/pub_01/s06/sparrkulee_v3.1/raw/derivatives/preprocessed_eeg/sub-030/ses-varyingStories01/sub-030_ses-varyingStories01_task-listeningActive_run-07_desc-preproc-audio-audiobook_7_5_eeg.npy,sub-030_ses-varyingStories01_task-listeningActive_run-07_eeg.bdf.gz,/home/fanyu/auditory_simulation_m6a/pub_01/s06/sparrkulee_v3.1/raw/sub-030/ses-varyingStories01/eeg/sub-030_ses-varyingStories01_task-listeningActive_run-07_eeg.bdf.gz,PUBLIC,HOLD,False,0..63 in original order per publisher config,UNKNOWN,EEG per publisher dataset/config,UNKNOWN,UNKNOWN,UNKNOWN,microvolts by MNE volts x 1e6 contract; historical generator revision UNKNOWN,64,publisher highpass/artifact/MWF/CAR/resample; not repeated here,/home/fanyu/auditory_simulation_m6a/pub_01/s06/sparrkulee_v3.1/raw/sub-030/ses-varyingStories01/eeg/sub-030_ses-varyingStories01_task-listeningActive_run-07_stimulation.tsv,True,RAW_DOWNLOAD_PENDING
/home/fanyu/auditory_simulation_m6a/pub_01/s06/sparrkulee_v3.1/raw/derivatives/preprocessed_eeg/sub-030/ses-varyingStories01/sub-030_ses-varyingStories01_task-listeningActive_run-08_desc-preproc-audio-audiobook_7_6_eeg.npy,sub-030_ses-varyingStories01_task-listeningActive_run-08_eeg.bdf.gz,/home/fanyu/auditory_simulation_m6a/pub_01/s06/sparrkulee_v3.1/raw/sub-030/ses-varyingStories01/eeg/sub-030_ses-varyingStories01_task-listeningActive_run-08_eeg.bdf.gz,PUBLIC,HOLD,False,0..63 in original order per publisher config,UNKNOWN,EEG per publisher dataset/config,UNKNOWN,UNKNOWN,UNKNOWN,microvolts by MNE volts x 1e6 contract; historical generator revision UNKNOWN,64,publisher highpass/artifact/MWF/CAR/resample; not repeated here,/home/fanyu/auditory_simulation_m6a/pub_01/s06/sparrkulee_v3.1/raw/sub-030/ses-varyingStories01/eeg/sub-030_ses-varyingStories01_task-listeningActive_run-08_stimulation.tsv,True,RAW_DOWNLOAD_PENDING
/home/fanyu/auditory_simulation_m6a/pub_01/s06/sparrkulee_v3.1/raw/derivatives/preprocessed_eeg/sub-030/ses-varyingStories01/sub-030_ses-varyingStories01_task-listeningActive_run-10_desc-preproc-audio-podcast_3_eeg.npy,sub-030_ses-varyingStories01_task-listeningActive_run-10_eeg.bdf.gz,/home/fanyu/auditory_simulation_m6a/pub_01/s06/sparrkulee_v3.1/raw/sub-030/ses-varyingStories01/eeg/sub-030_ses-varyingStories01_task-listeningActive_run-10_eeg.bdf.gz,PUBLIC,HOLD,False,0..63 in original order per publisher config,UNKNOWN,EEG per publisher dataset/config,UNKNOWN,UNKNOWN,UNKNOWN,microvolts by MNE volts x 1e6 contract; historical generator revision UNKNOWN,64,publisher highpass/artifact/MWF/CAR/resample; not repeated here,/home/fanyu/auditory_simulation_m6a/pub_01/s06/sparrkulee_v3.1/raw/sub-030/ses-varyingStories01/eeg/sub-030_ses-varyingStories01_task-listeningActive_run-10_stimulation.tsv,True,RAW_DOWNLOAD_PENDING
/home/fanyu/auditory_simulation_m6a/pub_01/s06/sparrkulee_v3.1/raw/derivatives/preprocessed_eeg/sub-030/ses-varyingStories01/sub-030_ses-varyingStories01_task-listeningActive_run-11_desc-preproc-audio-audiobook_1_eeg.npy,sub-030_ses-varyingStories01_task-listeningActive_run-11_eeg.bdf.gz,/home/fanyu/auditory_simulation_m6a/pub_01/s06/sparrkulee_v3.1/raw/sub-030/ses-varyingStories01/eeg/sub-030_ses-varyingStories01_task-listeningActive_run-11_eeg.bdf.gz,PUBLIC,HOLD,False,0..63 in original order per publisher config,UNKNOWN,EEG per publisher dataset/config,UNKNOWN,UNKNOWN,UNKNOWN,microvolts by MNE volts x 1e6 contract; historical generator revision UNKNOWN,64,publisher highpass/artifact/MWF/CAR/resample; not repeated here,/home/fanyu/auditory_simulation_m6a/pub_01/s06/sparrkulee_v3.1/raw/sub-030/ses-varyingStories01/eeg/sub-030_ses-varyingStories01_task-listeningActive_run-11_stimulation.tsv,True,RAW_DOWNLOAD_PENDING
/home/fanyu/auditory_simulation_m6a/pub_01/s06/sparrkulee_v3.1/raw/derivatives/preprocessed_eeg/sub-030/ses-varyingStories01/sub-030_ses-varyingStories01_task-listeningActive_run-12_desc-preproc-audio-podcast_10_eeg.npy,sub-030_ses-varyingStories01_task-listeningActive_run-12_eeg.bdf.gz,/home/fanyu/auditory_simulation_m6a/pub_01/s06/sparrkulee_v3.1/raw/sub-030/ses-varyingStories01/eeg/sub-030_ses-varyingStories01_task-listeningActive_run-12_eeg.bdf.gz,PUBLIC,HOLD,False,0..63 in original order per publisher config,UNKNOWN,EEG per publisher dataset/config,UNKNOWN,UNKNOWN,UNKNOWN,microvolts by MNE volts x 1e6 contract; historical generator revision UNKNOWN,64,publisher highpass/artifact/MWF/CAR/resample; not repeated here,/home/fanyu/auditory_simulation_m6a/pub_01/s06/sparrkulee_v3.1/raw/sub-030/ses-varyingStories01/eeg/sub-030_ses-varyingStories01_task-listeningActive_run-12_stimulation.tsv,True,RAW_DOWNLOAD_PENDING
/home/fanyu/auditory_simulation_m6a/pub_01/s06/sparrkulee_v3.1/raw/derivatives/preprocessed_eeg/sub-030/ses-varyingStories01/sub-030_ses-varyingStories01_task-listeningActive_run-13_desc-preproc-audio-podcast_4_eeg.npy,sub-030_ses-varyingStories01_task-listeningActive_run-13_eeg.bdf.gz,/home/fanyu/auditory_simulation_m6a/pub_01/s06/sparrkulee_v3.1/raw/sub-030/ses-varyingStories01/eeg/sub-030_ses-varyingStories01_task-listeningActive_run-13_eeg.bdf.gz,PUBLIC,HOLD,False,0..63 in original order per publisher config,UNKNOWN,EEG per publisher dataset/config,UNKNOWN,UNKNOWN,UNKNOWN,microvolts by MNE volts x 1e6 contract; historical generator revision UNKNOWN,64,publisher highpass/artifact/MWF/CAR/resample; not repeated here,/home/fanyu/auditory_simulation_m6a/pub_01/s06/sparrkulee_v3.1/raw/sub-030/ses-varyingStories01/eeg/sub-030_ses-varyingStories01_task-listeningActive_run-13_stimulation.tsv,True,RAW_DOWNLOAD_PENDING
/home/fanyu/auditory_simulation_m6a/pub_01/s06/sparrkulee_v3.1/raw/derivatives/preprocessed_eeg/sub-031/ses-varyingStories01/sub-031_ses-varyingStories01_task-listeningActive_run-01_desc-preproc-audio-podcast_4_eeg.npy,sub-031_ses-varyingStories01_task-listeningActive_run-01_eeg.bdf.gz,/home/fanyu/auditory_simulation_m6a/pub_01/s06/sparrkulee_v3.1/raw/sub-031/ses-varyingStories01/eeg/sub-031_ses-varyingStories01_task-listeningActive_run-01_eeg.bdf.gz,PUBLIC,HOLD,False,0..63 in original order per publisher config,UNKNOWN,EEG per publisher dataset/config,UNKNOWN,UNKNOWN,UNKNOWN,microvolts by MNE volts x 1e6 contract; historical generator revision UNKNOWN,64,publisher highpass/artifact/MWF/CAR/resample; not repeated here,/home/fanyu/auditory_simulation_m6a/pub_01/s06/sparrkulee_v3.1/raw/sub-031/ses-varyingStories01/eeg/sub-031_ses-varyingStories01_task-listeningActive_run-01_stimulation.tsv,True,RAW_DOWNLOAD_PENDING
/home/fanyu/auditory_simulation_m6a/pub_01/s06/sparrkulee_v3.1/raw/derivatives/preprocessed_eeg/sub-031/ses-varyingStories01/sub-031_ses-varyingStories01_task-listeningActive_run-02_desc-preproc-audio-podcast_10_eeg.npy,sub-031_ses-varyingStories01_task-listeningActive_run-02_eeg.bdf.gz,/home/fanyu/auditory_simulation_m6a/pub_01/s06/sparrkulee_v3.1/raw/sub-031/ses-varyingStories01/eeg/sub-031_ses-varyingStories01_task-listeningActive_run-02_eeg.bdf.gz,PUBLIC,HOLD,False,0..63 in original order per publisher config,UNKNOWN,EEG per publisher dataset/config,UNKNOWN,UNKNOWN,UNKNOWN,microvolts by MNE volts x 1e6 contract; historical generator revision UNKNOWN,64,publisher highpass/artifact/MWF/CAR/resample; not repeated here,/home/fanyu/auditory_simulation_m6a/pub_01/s06/sparrkulee_v3.1/raw/sub-031/ses-varyingStories01/eeg/sub-031_ses-varyingStories01_task-listeningActive_run-02_stimulation.tsv,True,RAW_DOWNLOAD_PENDING
/home/fanyu/auditory_simulation_m6a/pub_01/s06/sparrkulee_v3.1/raw/derivatives/preprocessed_eeg/sub-031/ses-varyingStories01/sub-031_ses-varyingStories01_task-listeningActive_run-03_desc-preproc-audio-podcast_2_eeg.npy,sub-031_ses-varyingStories01_task-listeningActive_run-03_eeg.bdf.gz,/home/fanyu/auditory_simulation_m6a/pub_01/s06/sparrkulee_v3.1/raw/sub-031/ses-varyingStories01/eeg/sub-031_ses-varyingStories01_task-listeningActive_run-03_eeg.bdf.gz,PUBLIC,HOLD,False,0..63 in original order per publisher config,UNKNOWN,EEG per publisher dataset/config,UNKNOWN,UNKNOWN,UNKNOWN,microvolts by MNE volts x 1e6 contract; historical generator revision UNKNOWN,64,publisher highpass/artifact/MWF/CAR/resample; not repeated here,/home/fanyu/auditory_simulation_m6a/pub_01/s06/sparrkulee_v3.1/raw/sub-031/ses-varyingStories01/eeg/sub-031_ses-varyingStories01_task-listeningActive_run-03_stimulation.tsv,True,RAW_DOWNLOAD_PENDING
/home/fanyu/auditory_simulation_m6a/pub_01/s06/sparrkulee_v3.1/raw/derivatives/preprocessed_eeg/sub-031/ses-varyingStories01/sub-031_ses-varyingStories01_task-listeningActive_run-04_desc-preproc-audio-podcast_3_eeg.npy,sub-031_ses-varyingStories01_task-listeningActive_run-04_eeg.bdf.gz,/home/fanyu/auditory_simulation_m6a/pub_01/s06/sparrkulee_v3.1/raw/sub-031/ses-varyingStories01/eeg/sub-031_ses-varyingStories01_task-listeningActive_run-04_eeg.bdf.gz,PUBLIC,HOLD,False,0..63 in original order per publisher config,UNKNOWN,EEG per publisher dataset/config,UNKNOWN,UNKNOWN,UNKNOWN,microvolts by MNE volts x 1e6 contract; historical generator revision UNKNOWN,64,publisher highpass/artifact/MWF/CAR/resample; not repeated here,/home/fanyu/auditory_simulation_m6a/pub_01/s06/sparrkulee_v3.1/raw/sub-031/ses-varyingStories01/eeg/sub-031_ses-varyingStories01_task-listeningActive_run-04_stimulation.tsv,True,RAW_DOWNLOAD_PENDING
/home/fanyu/auditory_simulation_m6a/pub_01/s06/sparrkulee_v3.1/raw/derivatives/preprocessed_eeg/sub-031/ses-varyingStories01/sub-031_ses-varyingStories01_task-listeningActive_run-06_desc-preproc-audio-audiobook_1_eeg.npy,sub-031_ses-varyingStories01_task-listeningActive_run-06_eeg.bdf.gz,/home/fanyu/auditory_simulation_m6a/pub_01/s06/sparrkulee_v3.1/raw/sub-031/ses-varyingStories01/eeg/sub-031_ses-varyingStories01_task-listeningActive_run-06_eeg.bdf.gz,PUBLIC,HOLD,False,0..63 in original order per publisher config,UNKNOWN,EEG per publisher dataset/config,UNKNOWN,UNKNOWN,UNKNOWN,microvolts by MNE volts x 1e6 contract; historical generator revision UNKNOWN,64,publisher highpass/artifact/MWF/CAR/resample; not repeated here,/home/fanyu/auditory_simulation_m6a/pub_01/s06/sparrkulee_v3.1/raw/sub-031/ses-varyingStories01/eeg/sub-031_ses-varyingStories01_task-listeningActive_run-06_stimulation.tsv,True,RAW_DOWNLOAD_PENDING
/home/fanyu/auditory_simulation_m6a/pub_01/s06/sparrkulee_v3.1/raw/derivatives/preprocessed_eeg/sub-031/ses-varyingStories01/sub-031_ses-varyingStories01_task-listeningActive_run-07_desc-preproc-audio-audiobook_7_1_eeg.npy,sub-031_ses-varyingStories01_task-listeningActive_run-07_eeg.bdf.gz,/home/fanyu/auditory_simulation_m6a/pub_01/s06/sparrkulee_v3.1/raw/sub-031/ses-varyingStories01/eeg/sub-031_ses-varyingStories01_task-listeningActive_run-07_eeg.bdf.gz,PUBLIC,HOLD,False,0..63 in original order per publisher config,UNKNOWN,EEG per publisher dataset/config,UNKNOWN,UNKNOWN,UNKNOWN,microvolts by MNE volts x 1e6 contract; historical generator revision UNKNOWN,64,publisher highpass/artifact/MWF/CAR/resample; not repeated here,/home/fanyu/auditory_simulation_m6a/pub_01/s06/sparrkulee_v3.1/raw/sub-031/ses-varyingStories01/eeg/sub-031_ses-varyingStories01_task-listeningActive_run-07_stimulation.tsv,True,RAW_DOWNLOAD_PENDING
/home/fanyu/auditory_simulation_m6a/pub_01/s06/sparrkulee_v3.1/raw/derivatives/preprocessed_eeg/sub-031/ses-varyingStories01/sub-031_ses-varyingStories01_task-listeningActive_run-08_desc-preproc-audio-audiobook_7_2_eeg.npy,sub-031_ses-varyingStories01_task-listeningActive_run-08_eeg.bdf.gz,/home/fanyu/auditory_simulation_m6a/pub_01/s06/sparrkulee_v3.1/raw/sub-031/ses-varyingStories01/eeg/sub-031_ses-varyingStories01_task-listeningActive_run-08_eeg.bdf.gz,PUBLIC,HOLD,False,0..63 in original order per publisher config,UNKNOWN,EEG per publisher dataset/config,UNKNOWN,UNKNOWN,UNKNOWN,microvolts by MNE volts x 1e6 contract; historical generator revision UNKNOWN,64,publisher highpass/artifact/MWF/CAR/resample; not repeated here,/home/fanyu/auditory_simulation_m6a/pub_01/s06/sparrkulee_v3.1/raw/sub-031/ses-varyingStories01/eeg/sub-031_ses-varyingStories01_task-listeningActive_run-08_stimulation.tsv,True,RAW_DOWNLOAD_PENDING
/home/fanyu/auditory_simulation_m6a/pub_01/s06/sparrkulee_v3.1/raw/derivatives/preprocessed_eeg/sub-031/ses-varyingStories01/sub-031_ses-varyingStories01_task-listeningActive_run-09_desc-preproc-audio-audiobook_7_3_eeg.npy,sub-031_ses-varyingStories01_task-listeningActive_run-09_eeg.bdf.gz,/home/fanyu/auditory_simulation_m6a/pub_01/s06/sparrkulee_v3.1/raw/sub-031/ses-varyingStories01/eeg/sub-031_ses-varyingStories01_task-listeningActive_run-09_eeg.bdf.gz,PUBLIC,HOLD,False,0..63 in original order per publisher config,UNKNOWN,EEG per publisher dataset/config,UNKNOWN,UNKNOWN,UNKNOWN,microvolts by MNE volts x 1e6 contract; historical generator revision UNKNOWN,64,publisher highpass/artifact/MWF/CAR/resample; not repeated here,/home/fanyu/auditory_simulation_m6a/pub_01/s06/sparrkulee_v3.1/raw/sub-031/ses-varyingStories01/eeg/sub-031_ses-varyingStories01_task-listeningActive_run-09_stimulation.tsv,True,RAW_DOWNLOAD_PENDING
/home/fanyu/auditory_simulation_m6a/pub_01/s06/sparrkulee_v3.1/raw/derivatives/preprocessed_eeg/sub-031/ses-varyingStories01/sub-031_ses-varyingStories01_task-listeningActive_run-10_desc-preproc-audio-audiobook_7_4_eeg.npy,sub-031_ses-varyingStories01_task-listeningActive_run-10_eeg.bdf.gz,/home/fanyu/auditory_simulation_m6a/pub_01/s06/sparrkulee_v3.1/raw/sub-031/ses-varyingStories01/eeg/sub-031_ses-varyingStories01_task-listeningActive_run-10_eeg.bdf.gz,PUBLIC,HOLD,False,0..63 in original order per publisher config,UNKNOWN,EEG per publisher dataset/config,UNKNOWN,UNKNOWN,UNKNOWN,microvolts by MNE volts x 1e6 contract; historical generator revision UNKNOWN,64,publisher highpass/artifact/MWF/CAR/resample; not repeated here,/home/fanyu/auditory_simulation_m6a/pub_01/s06/sparrkulee_v3.1/raw/sub-031/ses-varyingStories01/eeg/sub-031_ses-varyingStories01_task-listeningActive_run-10_stimulation.tsv,True,RAW_DOWNLOAD_PENDING
/home/fanyu/auditory_simulation_m6a/pub_01/s06/sparrkulee_v3.1/raw/derivatives/preprocessed_eeg/sub-031/ses-varyingStories01/sub-031_ses-varyingStories01_task-listeningActive_run-11_desc-preproc-audio-audiobook_7_5_eeg.npy,sub-031_ses-varyingStories01_task-listeningActive_run-11_eeg.bdf.gz,/home/fanyu/auditory_simulation_m6a/pub_01/s06/sparrkulee_v3.1/raw/sub-031/ses-varyingStories01/eeg/sub-031_ses-varyingStories01_task-listeningActive_run-11_eeg.bdf.gz,PUBLIC,HOLD,False,0..63 in original order per publisher config,UNKNOWN,EEG per publisher dataset/config,UNKNOWN,UNKNOWN,UNKNOWN,microvolts by MNE volts x 1e6 contract; historical generator revision UNKNOWN,64,publisher highpass/artifact/MWF/CAR/resample; not repeated here,/home/fanyu/auditory_simulation_m6a/pub_01/s06/sparrkulee_v3.1/raw/sub-031/ses-varyingStories01/eeg/sub-031_ses-varyingStories01_task-listeningActive_run-11_stimulation.tsv,True,RAW_DOWNLOAD_PENDING
/home/fanyu/auditory_simulation_m6a/pub_01/s06/sparrkulee_v3.1/raw/derivatives/preprocessed_eeg/sub-031/ses-varyingStories01/sub-031_ses-varyingStories01_task-listeningActive_run-12_desc-preproc-audio-audiobook_7_6_eeg.npy,sub-031_ses-varyingStories01_task-listeningActive_run-12_eeg.bdf.gz,/home/fanyu/auditory_simulation_m6a/pub_01/s06/sparrkulee_v3.1/raw/sub-031/ses-varyingStories01/eeg/sub-031_ses-varyingStories01_task-listeningActive_run-12_eeg.bdf.gz,PUBLIC,HOLD,False,0..63 in original order per publisher config,UNKNOWN,EEG per publisher dataset/config,UNKNOWN,UNKNOWN,UNKNOWN,microvolts by MNE volts x 1e6 contract; historical generator revision UNKNOWN,64,publisher highpass/artifact/MWF/CAR/resample; not repeated here,/home/fanyu/auditory_simulation_m6a/pub_01/s06/sparrkulee_v3.1/raw/sub-031/ses-varyingStories01/eeg/sub-031_ses-varyingStories01_task-listeningActive_run-12_stimulation.tsv,True,RAW_DOWNLOAD_PENDING
/home/fanyu/auditory_simulation_m6a/pub_01/s06/sparrkulee_v3.1/raw/derivatives/preprocessed_eeg/sub-031/ses-varyingStories01/sub-031_ses-varyingStories01_task-listeningActive_run-13_desc-preproc-audio-podcast_1_eeg.npy,sub-031_ses-varyingStories01_task-listeningActive_run-13_eeg.bdf.gz,/home/fanyu/auditory_simulation_m6a/pub_01/s06/sparrkulee_v3.1/raw/sub-031/ses-varyingStories01/eeg/sub-031_ses-varyingStories01_task-listeningActive_run-13_eeg.bdf.gz,PUBLIC,HOLD,False,0..63 in original order per publisher config,UNKNOWN,EEG per publisher dataset/config,UNKNOWN,UNKNOWN,UNKNOWN,microvolts by MNE volts x 1e6 contract; historical generator revision UNKNOWN,64,publisher highpass/artifact/MWF/CAR/resample; not repeated here,/home/fanyu/auditory_simulation_m6a/pub_01/s06/sparrkulee_v3.1/raw/sub-031/ses-varyingStories01/eeg/sub-031_ses-varyingStories01_task-listeningActive_run-13_stimulation.tsv,True,RAW_DOWNLOAD_PENDING
/home/fanyu/auditory_simulation_m6a/pub_01/s06/sparrkulee_v3.1/raw/derivatives/preprocessed_eeg/sub-032/ses-varyingStories02/sub-032_ses-varyingStories02_task-listeningActive_run-01_desc-preproc-audio-podcast_10_eeg.npy,sub-032_ses-varyingStories02_task-listeningActive_run-01_eeg.bdf.gz,/home/fanyu/auditory_simulation_m6a/pub_01/s06/sparrkulee_v3.1/raw/sub-032/ses-varyingStories02/eeg/sub-032_ses-varyingStories02_task-listeningActive_run-01_eeg.bdf.gz,PUBLIC,HOLD,False,0..63 in original order per publisher config,UNKNOWN,EEG per publisher dataset/config,UNKNOWN,UNKNOWN,UNKNOWN,microvolts by MNE volts x 1e6 contract; historical generator revision UNKNOWN,64,publisher highpass/artifact/MWF/CAR/resample; not repeated here,/home/fanyu/auditory_simulation_m6a/pub_01/s06/sparrkulee_v3.1/raw/sub-032/ses-varyingStories02/eeg/sub-032_ses-varyingStories02_task-listeningActive_run-01_stimulation.tsv,True,RAW_DOWNLOAD_PENDING
/home/fanyu/auditory_simulation_m6a/pub_01/s06/sparrkulee_v3.1/raw/derivatives/preprocessed_eeg/sub-032/ses-varyingStories02/sub-032_ses-varyingStories02_task-listeningActive_run-02_desc-preproc-audio-podcast_8_eeg.npy,sub-032_ses-varyingStories02_task-listeningActive_run-02_eeg.bdf.gz,/home/fanyu/auditory_simulation_m6a/pub_01/s06/sparrkulee_v3.1/raw/sub-032/ses-varyingStories02/eeg/sub-032_ses-varyingStories02_task-listeningActive_run-02_eeg.bdf.gz,PUBLIC,HOLD,False,0..63 in original order per publisher config,UNKNOWN,EEG per publisher dataset/config,UNKNOWN,UNKNOWN,UNKNOWN,microvolts by MNE volts x 1e6 contract; historical generator revision UNKNOWN,64,publisher highpass/artifact/MWF/CAR/resample; not repeated here,/home/fanyu/auditory_simulation_m6a/pub_01/s06/sparrkulee_v3.1/raw/sub-032/ses-varyingStories02/eeg/sub-032_ses-varyingStories02_task-listeningActive_run-02_stimulation.tsv,True,RAW_DOWNLOAD_PENDING
/home/fanyu/auditory_simulation_m6a/pub_01/s06/sparrkulee_v3.1/raw/derivatives/preprocessed_eeg/sub-032/ses-varyingStories02/sub-032_ses-varyingStories02_task-listeningActive_run-03_desc-preproc-audio-audiobook_8_1_eeg.npy,sub-032_ses-varyingStories02_task-listeningActive_run-03_eeg.bdf.gz,/home/fanyu/auditory_simulation_m6a/pub_01/s06/sparrkulee_v3.1/raw/sub-032/ses-varyingStories02/eeg/sub-032_ses-varyingStories02_task-listeningActive_run-03_eeg.bdf.gz,PUBLIC,HOLD,False,0..63 in original order per publisher config,UNKNOWN,EEG per publisher dataset/config,UNKNOWN,UNKNOWN,UNKNOWN,microvolts by MNE volts x 1e6 contract; historical generator revision UNKNOWN,64,publisher highpass/artifact/MWF/CAR/resample; not repeated here,/home/fanyu/auditory_simulation_m6a/pub_01/s06/sparrkulee_v3.1/raw/sub-032/ses-varyingStories02/eeg/sub-032_ses-varyingStories02_task-listeningActive_run-03_stimulation.tsv,True,RAW_DOWNLOAD_PENDING
/home/fanyu/auditory_simulation_m6a/pub_01/s06/sparrkulee_v3.1/raw/derivatives/preprocessed_eeg/sub-032/ses-varyingStories02/sub-032_ses-varyingStories02_task-listeningActive_run-04_desc-preproc-audio-audiobook_8_2_eeg.npy,sub-032_ses-varyingStories02_task-listeningActive_run-04_eeg.bdf.gz,/home/fanyu/auditory_simulation_m6a/pub_01/s06/sparrkulee_v3.1/raw/sub-032/ses-varyingStories02/eeg/sub-032_ses-varyingStories02_task-listeningActive_run-04_eeg.bdf.gz,PUBLIC,HOLD,False,0..63 in original order per publisher config,UNKNOWN,EEG per publisher dataset/config,UNKNOWN,UNKNOWN,UNKNOWN,microvolts by MNE volts x 1e6 contract; historical generator revision UNKNOWN,64,publisher highpass/artifact/MWF/CAR/resample; not repeated here,/home/fanyu/auditory_simulation_m6a/pub_01/s06/sparrkulee_v3.1/raw/sub-032/ses-varyingStories02/eeg/sub-032_ses-varyingStories02_task-listeningActive_run-04_stimulation.tsv,True,RAW_DOWNLOAD_PENDING
/home/fanyu/auditory_simulation_m6a/pub_01/s06/sparrkulee_v3.1/raw/derivatives/preprocessed_eeg/sub-032/ses-varyingStories02/sub-032_ses-varyingStories02_task-listeningActive_run-06_desc-preproc-audio-audiobook_1_eeg.npy,sub-032_ses-varyingStories02_task-listeningActive_run-06_eeg.bdf.gz,/home/fanyu/auditory_simulation_m6a/pub_01/s06/sparrkulee_v3.1/raw/sub-032/ses-varyingStories02/eeg/sub-032_ses-varyingStories02_task-listeningActive_run-06_eeg.bdf.gz,PUBLIC,HOLD,False,0..63 in original order per publisher config,UNKNOWN,EEG per publisher dataset/config,UNKNOWN,UNKNOWN,UNKNOWN,microvolts by MNE volts x 1e6 contract; historical generator revision UNKNOWN,64,publisher highpass/artifact/MWF/CAR/resample; not repeated here,/home/fanyu/auditory_simulation_m6a/pub_01/s06/sparrkulee_v3.1/raw/sub-032/ses-varyingStories02/eeg/sub-032_ses-varyingStories02_task-listeningActive_run-06_stimulation.tsv,True,RAW_DOWNLOAD_PENDING
/home/fanyu/auditory_simulation_m6a/pub_01/s06/sparrkulee_v3.1/raw/derivatives/preprocessed_eeg/sub-032/ses-varyingStories02/sub-032_ses-varyingStories02_task-listeningActive_run-07_desc-preproc-audio-podcast_5_eeg.npy,sub-032_ses-varyingStories02_task-listeningActive_run-07_eeg.bdf.gz,/home/fanyu/auditory_simulation_m6a/pub_01/s06/sparrkulee_v3.1/raw/sub-032/ses-varyingStories02/eeg/sub-032_ses-varyingStories02_task-listeningActive_run-07_eeg.bdf.gz,PUBLIC,HOLD,False,0..63 in original order per publisher config,UNKNOWN,EEG per publisher dataset/config,UNKNOWN,UNKNOWN,UNKNOWN,microvolts by MNE volts x 1e6 contract; historical generator revision UNKNOWN,64,publisher highpass/artifact/MWF/CAR/resample; not repeated here,/home/fanyu/auditory_simulation_m6a/pub_01/s06/sparrkulee_v3.1/raw/sub-032/ses-varyingStories02/eeg/sub-032_ses-varyingStories02_task-listeningActive_run-07_stimulation.tsv,True,RAW_DOWNLOAD_PENDING
/home/fanyu/auditory_simulation_m6a/pub_01/s06/sparrkulee_v3.1/raw/derivatives/preprocessed_eeg/sub-032/ses-varyingStories02/sub-032_ses-varyingStories02_task-listeningActive_run-08_desc-preproc-audio-podcast_6_eeg.npy,sub-032_ses-varyingStories02_task-listeningActive_run-08_eeg.bdf.gz,/home/fanyu/auditory_simulation_m6a/pub_01/s06/sparrkulee_v3.1/raw/sub-032/ses-varyingStories02/eeg/sub-032_ses-varyingStories02_task-listeningActive_run-08_eeg.bdf.gz,PUBLIC,HOLD,False,0..63 in original order per publisher config,UNKNOWN,EEG per publisher dataset/config,UNKNOWN,UNKNOWN,UNKNOWN,microvolts by MNE volts x 1e6 contract; historical generator revision UNKNOWN,64,publisher highpass/artifact/MWF/CAR/resample; not repeated here,/home/fanyu/auditory_simulation_m6a/pub_01/s06/sparrkulee_v3.1/raw/sub-032/ses-varyingStories02/eeg/sub-032_ses-varyingStories02_task-listeningActive_run-08_stimulation.tsv,True,RAW_DOWNLOAD_PENDING
/home/fanyu/auditory_simulation_m6a/pub_01/s06/sparrkulee_v3.1/raw/derivatives/preprocessed_eeg/sub-032/ses-varyingStories02/sub-032_ses-varyingStories02_task-listeningActive_run-09_desc-preproc-audio-podcast_7_eeg.npy,sub-032_ses-varyingStories02_task-listeningActive_run-09_eeg.bdf.gz,/home/fanyu/auditory_simulation_m6a/pub_01/s06/sparrkulee_v3.1/raw/sub-032/ses-varyingStories02/eeg/sub-032_ses-varyingStories02_task-listeningActive_run-09_eeg.bdf.gz,PUBLIC,HOLD,False,0..63 in original order per publisher config,UNKNOWN,EEG per publisher dataset/config,UNKNOWN,UNKNOWN,UNKNOWN,microvolts by MNE volts x 1e6 contract; historical generator revision UNKNOWN,64,publisher highpass/artifact/MWF/CAR/resample; not repeated here,/home/fanyu/auditory_simulation_m6a/pub_01/s06/sparrkulee_v3.1/raw/sub-032/ses-varyingStories02/eeg/sub-032_ses-varyingStories02_task-listeningActive_run-09_stimulation.tsv,True,RAW_DOWNLOAD_PENDING
/home/fanyu/auditory_simulation_m6a/pub_01/s06/sparrkulee_v3.1/raw/derivatives/preprocessed_eeg/sub-033/ses-varyingStories02/sub-033_ses-varyingStories02_task-listeningActive_run-01_desc-preproc-audio-podcast_7_eeg.npy,sub-033_ses-varyingStories02_task-listeningActive_run-01_eeg.bdf.gz,/home/fanyu/auditory_simulation_m6a/pub_01/s06/sparrkulee_v3.1/raw/sub-033/ses-varyingStories02/eeg/sub-033_ses-varyingStories02_task-listeningActive_run-01_eeg.bdf.gz,PUBLIC,HOLD,False,0..63 in original order per publisher config,UNKNOWN,EEG per publisher dataset/config,UNKNOWN,UNKNOWN,UNKNOWN,microvolts by MNE volts x 1e6 contract; historical generator revision UNKNOWN,64,publisher highpass/artifact/MWF/CAR/resample; not repeated here,/home/fanyu/auditory_simulation_m6a/pub_01/s06/sparrkulee_v3.1/raw/sub-033/ses-varyingStories02/eeg/sub-033_ses-varyingStories02_task-listeningActive_run-01_stimulation.tsv,True,RAW_DOWNLOAD_PENDING
/home/fanyu/auditory_simulation_m6a/pub_01/s06/sparrkulee_v3.1/raw/derivatives/preprocessed_eeg/sub-033/ses-varyingStories02/sub-033_ses-varyingStories02_task-listeningActive_run-02_desc-preproc-audio-podcast_10_eeg.npy,sub-033_ses-varyingStories02_task-listeningActive_run-02_eeg.bdf.gz,/home/fanyu/auditory_simulation_m6a/pub_01/s06/sparrkulee_v3.1/raw/sub-033/ses-varyingStories02/eeg/sub-033_ses-varyingStories02_task-listeningActive_run-02_eeg.bdf.gz,PUBLIC,HOLD,False,0..63 in original order per publisher config,UNKNOWN,EEG per publisher dataset/config,UNKNOWN,UNKNOWN,UNKNOWN,microvolts by MNE volts x 1e6 contract; historical generator revision UNKNOWN,64,publisher highpass/artifact/MWF/CAR/resample; not repeated here,/home/fanyu/auditory_simulation_m6a/pub_01/s06/sparrkulee_v3.1/raw/sub-033/ses-varyingStories02/eeg/sub-033_ses-varyingStories02_task-listeningActive_run-02_stimulation.tsv,True,RAW_DOWNLOAD_PENDING
/home/fanyu/auditory_simulation_m6a/pub_01/s06/sparrkulee_v3.1/raw/derivatives/preprocessed_eeg/sub-033/ses-varyingStories02/sub-033_ses-varyingStories02_task-listeningActive_run-03_desc-preproc-audio-podcast_5_eeg.npy,sub-033_ses-varyingStories02_task-listeningActive_run-03_eeg.bdf.gz,/home/fanyu/auditory_simulation_m6a/pub_01/s06/sparrkulee_v3.1/raw/sub-033/ses-varyingStories02/eeg/sub-033_ses-varyingStories02_task-listeningActive_run-03_eeg.bdf.gz,PUBLIC,HOLD,False,0..63 in original order per publisher config,UNKNOWN,EEG per publisher dataset/config,UNKNOWN,UNKNOWN,UNKNOWN,microvolts by MNE volts x 1e6 contract; historical generator revision UNKNOWN,64,publisher highpass/artifact/MWF/CAR/resample; not repeated here,/home/fanyu/auditory_simulation_m6a/pub_01/s06/sparrkulee_v3.1/raw/sub-033/ses-varyingStories02/eeg/sub-033_ses-varyingStories02_task-listeningActive_run-03_stimulation.tsv,True,RAW_DOWNLOAD_PENDING
/home/fanyu/auditory_simulation_m6a/pub_01/s06/sparrkulee_v3.1/raw/derivatives/preprocessed_eeg/sub-033/ses-varyingStories02/sub-033_ses-varyingStories02_task-listeningActive_run-04_desc-preproc-audio-audiobook_8_1_eeg.npy,sub-033_ses-varyingStories02_task-listeningActive_run-04_eeg.bdf.gz,/home/fanyu/auditory_simulation_m6a/pub_01/s06/sparrkulee_v3.1/raw/sub-033/ses-varyingStories02/eeg/sub-033_ses-varyingStories02_task-listeningActive_run-04_eeg.bdf.gz,PUBLIC,HOLD,False,0..63 in original order per publisher config,UNKNOWN,EEG per publisher dataset/config,UNKNOWN,UNKNOWN,UNKNOWN,microvolts by MNE volts x 1e6 contract; historical generator revision UNKNOWN,64,publisher highpass/artifact/MWF/CAR/resample; not repeated here,/home/fanyu/auditory_simulation_m6a/pub_01/s06/sparrkulee_v3.1/raw/sub-033/ses-varyingStories02/eeg/sub-033_ses-varyingStories02_task-listeningActive_run-04_stimulation.tsv,True,RAW_DOWNLOAD_PENDING
/home/fanyu/auditory_simulation_m6a/pub_01/s06/sparrkulee_v3.1/raw/derivatives/preprocessed_eeg/sub-033/ses-varyingStories02/sub-033_ses-varyingStories02_task-listeningActive_run-05_desc-preproc-audio-audiobook_8_2_eeg.npy,sub-033_ses-varyingStories02_task-listeningActive_run-05_eeg.bdf.gz,/home/fanyu/auditory_simulation_m6a/pub_01/s06/sparrkulee_v3.1/raw/sub-033/ses-varyingStories02/eeg/sub-033_ses-varyingStories02_task-listeningActive_run-05_eeg.bdf.gz,PUBLIC,HOLD,False,0..63 in original order per publisher config,UNKNOWN,EEG per publisher dataset/config,UNKNOWN,UNKNOWN,UNKNOWN,microvolts by MNE volts x 1e6 contract; historical generator revision UNKNOWN,64,publisher highpass/artifact/MWF/CAR/resample; not repeated here,/home/fanyu/auditory_simulation_m6a/pub_01/s06/sparrkulee_v3.1/raw/sub-033/ses-varyingStories02/eeg/sub-033_ses-varyingStories02_task-listeningActive_run-05_stimulation.tsv,True,RAW_DOWNLOAD_PENDING
/home/fanyu/auditory_simulation_m6a/pub_01/s06/sparrkulee_v3.1/raw/derivatives/preprocessed_eeg/sub-033/ses-varyingStories02/sub-033_ses-varyingStories02_task-listeningActive_run-07_desc-preproc-audio-podcast_8_eeg.npy,sub-033_ses-varyingStories02_task-listeningActive_run-07_eeg.bdf.gz,/home/fanyu/auditory_simulation_m6a/pub_01/s06/sparrkulee_v3.1/raw/sub-033/ses-varyingStories02/eeg/sub-033_ses-varyingStories02_task-listeningActive_run-07_eeg.bdf.gz,PUBLIC,HOLD,False,0..63 in original order per publisher config,UNKNOWN,EEG per publisher dataset/config,UNKNOWN,UNKNOWN,UNKNOWN,microvolts by MNE volts x 1e6 contract; historical generator revision UNKNOWN,64,publisher highpass/artifact/MWF/CAR/resample; not repeated here,/home/fanyu/auditory_simulation_m6a/pub_01/s06/sparrkulee_v3.1/raw/sub-033/ses-varyingStories02/eeg/sub-033_ses-varyingStories02_task-listeningActive_run-07_stimulation.tsv,True,RAW_DOWNLOAD_PENDING
/home/fanyu/auditory_simulation_m6a/pub_01/s06/sparrkulee_v3.1/raw/derivatives/preprocessed_eeg/sub-033/ses-varyingStories02/sub-033_ses-varyingStories02_task-listeningActive_run-08_desc-preproc-audio-audiobook_1_eeg.npy,sub-033_ses-varyingStories02_task-listeningActive_run-08_eeg.bdf.gz,/home/fanyu/auditory_simulation_m6a/pub_01/s06/sparrkulee_v3.1/raw/sub-033/ses-varyingStories02/eeg/sub-033_ses-varyingStories02_task-listeningActive_run-08_eeg.bdf.gz,PUBLIC,HOLD,False,0..63 in original order per publisher config,UNKNOWN,EEG per publisher dataset/config,UNKNOWN,UNKNOWN,UNKNOWN,microvolts by MNE volts x 1e6 contract; historical generator revision UNKNOWN,64,publisher highpass/artifact/MWF/CAR/resample; not repeated here,/home/fanyu/auditory_simulation_m6a/pub_01/s06/sparrkulee_v3.1/raw/sub-033/ses-varyingStories02/eeg/sub-033_ses-varyingStories02_task-listeningActive_run-08_stimulation.tsv,True,RAW_DOWNLOAD_PENDING
/home/fanyu/auditory_simulation_m6a/pub_01/s06/sparrkulee_v3.1/raw/derivatives/preprocessed_eeg/sub-033/ses-varyingStories02/sub-033_ses-varyingStories02_task-listeningActive_run-09_desc-preproc-audio-podcast_6_eeg.npy,sub-033_ses-varyingStories02_task-listeningActive_run-09_eeg.bdf.gz,/home/fanyu/auditory_simulation_m6a/pub_01/s06/sparrkulee_v3.1/raw/sub-033/ses-varyingStories02/eeg/sub-033_ses-varyingStories02_task-listeningActive_run-09_eeg.bdf.gz,PUBLIC,HOLD,False,0..63 in original order per publisher config,UNKNOWN,EEG per publisher dataset/config,UNKNOWN,UNKNOWN,UNKNOWN,microvolts by MNE volts x 1e6 contract; historical generator revision UNKNOWN,64,publisher highpass/artifact/MWF/CAR/resample; not repeated here,/home/fanyu/auditory_simulation_m6a/pub_01/s06/sparrkulee_v3.1/raw/sub-033/ses-varyingStories02/eeg/sub-033_ses-varyingStories02_task-listeningActive_run-09_stimulation.tsv,True,RAW_DOWNLOAD_PENDING
/home/fanyu/auditory_simulation_m6a/pub_01/s06/sparrkulee_v3.1/raw/derivatives/preprocessed_eeg/sub-034/ses-varyingStories02/sub-034_ses-varyingStories02_task-listeningActive_run-01_desc-preproc-audio-podcast_7_eeg.npy,sub-034_ses-varyingStories02_task-listeningActive_run-01_eeg.bdf.gz,/home/fanyu/auditory_simulation_m6a/pub_01/s06/sparrkulee_v3.1/raw/sub-034/ses-varyingStories02/eeg/sub-034_ses-varyingStories02_task-listeningActive_run-01_eeg.bdf.gz,PUBLIC,HOLD,False,0..63 in original order per publisher config,UNKNOWN,EEG per publisher dataset/config,UNKNOWN,UNKNOWN,UNKNOWN,microvolts by MNE volts x 1e6 contract; historical generator revision UNKNOWN,64,publisher highpass/artifact/MWF/CAR/resample; not repeated here,/home/fanyu/auditory_simulation_m6a/pub_01/s06/sparrkulee_v3.1/raw/sub-034/ses-varyingStories02/eeg/sub-034_ses-varyingStories02_task-listeningActive_run-01_stimulation.tsv,True,RAW_DOWNLOAD_PENDING
/home/fanyu/auditory_simulation_m6a/pub_01/s06/sparrkulee_v3.1/raw/derivatives/preprocessed_eeg/sub-034/ses-varyingStories02/sub-034_ses-varyingStories02_task-listeningActive_run-02_desc-preproc-audio-podcast_10_eeg.npy,sub-034_ses-varyingStories02_task-listeningActive_run-02_eeg.bdf.gz,/home/fanyu/auditory_simulation_m6a/pub_01/s06/sparrkulee_v3.1/raw/sub-034/ses-varyingStories02/eeg/sub-034_ses-varyingStories02_task-listeningActive_run-02_eeg.bdf.gz,PUBLIC,HOLD,False,0..63 in original order per publisher config,UNKNOWN,EEG per publisher dataset/config,UNKNOWN,UNKNOWN,UNKNOWN,microvolts by MNE volts x 1e6 contract; historical generator revision UNKNOWN,64,publisher highpass/artifact/MWF/CAR/resample; not repeated here,/home/fanyu/auditory_simulation_m6a/pub_01/s06/sparrkulee_v3.1/raw/sub-034/ses-varyingStories02/eeg/sub-034_ses-varyingStories02_task-listeningActive_run-02_stimulation.tsv,True,RAW_DOWNLOAD_PENDING
/home/fanyu/auditory_simulation_m6a/pub_01/s06/sparrkulee_v3.1/raw/derivatives/preprocessed_eeg/sub-034/ses-varyingStories02/sub-034_ses-varyingStories02_task-listeningActive_run-03_desc-preproc-audio-audiobook_8_1_eeg.npy,sub-034_ses-varyingStories02_task-listeningActive_run-03_eeg.bdf.gz,/home/fanyu/auditory_simulation_m6a/pub_01/s06/sparrkulee_v3.1/raw/sub-034/ses-varyingStories02/eeg/sub-034_ses-varyingStories02_task-listeningActive_run-03_eeg.bdf.gz,PUBLIC,HOLD,False,0..63 in original order per publisher config,UNKNOWN,EEG per publisher dataset/config,UNKNOWN,UNKNOWN,UNKNOWN,microvolts by MNE volts x 1e6 contract; historical generator revision UNKNOWN,64,publisher highpass/artifact/MWF/CAR/resample; not repeated here,/home/fanyu/auditory_simulation_m6a/pub_01/s06/sparrkulee_v3.1/raw/sub-034/ses-varyingStories02/eeg/sub-034_ses-varyingStories02_task-listeningActive_run-03_stimulation.tsv,True,RAW_DOWNLOAD_PENDING
/home/fanyu/auditory_simulation_m6a/pub_01/s06/sparrkulee_v3.1/raw/derivatives/preprocessed_eeg/sub-034/ses-varyingStories02/sub-034_ses-varyingStories02_task-listeningActive_run-04_desc-preproc-audio-audiobook_8_2_eeg.npy,sub-034_ses-varyingStories02_task-listeningActive_run-04_eeg.bdf.gz,/home/fanyu/auditory_simulation_m6a/pub_01/s06/sparrkulee_v3.1/raw/sub-034/ses-varyingStories02/eeg/sub-034_ses-varyingStories02_task-listeningActive_run-04_eeg.bdf.gz,PUBLIC,HOLD,False,0..63 in original order per publisher config,UNKNOWN,EEG per publisher dataset/config,UNKNOWN,UNKNOWN,UNKNOWN,microvolts by MNE volts x 1e6 contract; historical generator revision UNKNOWN,64,publisher highpass/artifact/MWF/CAR/resample; not repeated here,/home/fanyu/auditory_simulation_m6a/pub_01/s06/sparrkulee_v3.1/raw/sub-034/ses-varyingStories02/eeg/sub-034_ses-varyingStories02_task-listeningActive_run-04_stimulation.tsv,True,RAW_DOWNLOAD_PENDING
/home/fanyu/auditory_simulation_m6a/pub_01/s06/sparrkulee_v3.1/raw/derivatives/preprocessed_eeg/sub-034/ses-varyingStories02/sub-034_ses-varyingStories02_task-listeningActive_run-06_desc-preproc-audio-podcast_8_eeg.npy,sub-034_ses-varyingStories02_task-listeningActive_run-06_eeg.bdf.gz,/home/fanyu/auditory_simulation_m6a/pub_01/s06/sparrkulee_v3.1/raw/sub-034/ses-varyingStories02/eeg/sub-034_ses-varyingStories02_task-listeningActive_run-06_eeg.bdf.gz,PUBLIC,HOLD,False,0..63 in original order per publisher config,UNKNOWN,EEG per publisher dataset/config,UNKNOWN,UNKNOWN,UNKNOWN,microvolts by MNE volts x 1e6 contract; historical generator revision UNKNOWN,64,publisher highpass/artifact/MWF/CAR/resample; not repeated here,/home/fanyu/auditory_simulation_m6a/pub_01/s06/sparrkulee_v3.1/raw/sub-034/ses-varyingStories02/eeg/sub-034_ses-varyingStories02_task-listeningActive_run-06_stimulation.tsv,True,RAW_DOWNLOAD_PENDING
/home/fanyu/auditory_simulation_m6a/pub_01/s06/sparrkulee_v3.1/raw/derivatives/preprocessed_eeg/sub-034/ses-varyingStories02/sub-034_ses-varyingStories02_task-listeningActive_run-07_desc-preproc-audio-podcast_5_eeg.npy,sub-034_ses-varyingStories02_task-listeningActive_run-07_eeg.bdf.gz,/home/fanyu/auditory_simulation_m6a/pub_01/s06/sparrkulee_v3.1/raw/sub-034/ses-varyingStories02/eeg/sub-034_ses-varyingStories02_task-listeningActive_run-07_eeg.bdf.gz,PUBLIC,HOLD,False,0..63 in original order per publisher config,UNKNOWN,EEG per publisher dataset/config,UNKNOWN,UNKNOWN,UNKNOWN,microvolts by MNE volts x 1e6 contract; historical generator revision UNKNOWN,64,publisher highpass/artifact/MWF/CAR/resample; not repeated here,/home/fanyu/auditory_simulation_m6a/pub_01/s06/sparrkulee_v3.1/raw/sub-034/ses-varyingStories02/eeg/sub-034_ses-varyingStories02_task-listeningActive_run-07_stimulation.tsv,True,RAW_DOWNLOAD_PENDING
/home/fanyu/auditory_simulation_m6a/pub_01/s06/sparrkulee_v3.1/raw/derivatives/preprocessed_eeg/sub-034/ses-varyingStories02/sub-034_ses-varyingStories02_task-listeningActive_run-08_desc-preproc-audio-podcast_6_eeg.npy,sub-034_ses-varyingStories02_task-listeningActive_run-08_eeg.bdf.gz,/home/fanyu/auditory_simulation_m6a/pub_01/s06/sparrkulee_v3.1/raw/sub-034/ses-varyingStories02/eeg/sub-034_ses-varyingStories02_task-listeningActive_run-08_eeg.bdf.gz,PUBLIC,HOLD,False,0..63 in original order per publisher config,UNKNOWN,EEG per publisher dataset/config,UNKNOWN,UNKNOWN,UNKNOWN,microvolts by MNE volts x 1e6 contract; historical generator revision UNKNOWN,64,publisher highpass/artifact/MWF/CAR/resample; not repeated here,/home/fanyu/auditory_simulation_m6a/pub_01/s06/sparrkulee_v3.1/raw/sub-034/ses-varyingStories02/eeg/sub-034_ses-varyingStories02_task-listeningActive_run-08_stimulation.tsv,True,RAW_DOWNLOAD_PENDING
/home/fanyu/auditory_simulation_m6a/pub_01/s06/sparrkulee_v3.1/raw/derivatives/preprocessed_eeg/sub-034/ses-varyingStories02/sub-034_ses-varyingStories02_task-listeningActive_run-09_desc-preproc-audio-audiobook_1_eeg.npy,sub-034_ses-varyingStories02_task-listeningActive_run-09_eeg.bdf.gz,/home/fanyu/auditory_simulation_m6a/pub_01/s06/sparrkulee_v3.1/raw/sub-034/ses-varyingStories02/eeg/sub-034_ses-varyingStories02_task-listeningActive_run-09_eeg.bdf.gz,PUBLIC,HOLD,False,0..63 in original order per publisher config,UNKNOWN,EEG per publisher dataset/config,UNKNOWN,UNKNOWN,UNKNOWN,microvolts by MNE volts x 1e6 contract; historical generator revision UNKNOWN,64,publisher highpass/artifact/MWF/CAR/resample; not repeated here,/home/fanyu/auditory_simulation_m6a/pub_01/s06/sparrkulee_v3.1/raw/sub-034/ses-varyingStories02/eeg/sub-034_ses-varyingStories02_task-listeningActive_run-09_stimulation.tsv,True,RAW_DOWNLOAD_PENDING
/home/fanyu/auditory_simulation_m6a/pub_01/s06/sparrkulee_v3.1/raw/derivatives/preprocessed_eeg/sub-035/ses-varyingStories02/sub-035_ses-varyingStories02_task-listeningActive_run-01_desc-preproc-audio-podcast_8_eeg.npy,sub-035_ses-varyingStories02_task-listeningActive_run-01_eeg.bdf.gz,/home/fanyu/auditory_simulation_m6a/pub_01/s06/sparrkulee_v3.1/raw/sub-035/ses-varyingStories02/eeg/sub-035_ses-varyingStories02_task-listeningActive_run-01_eeg.bdf.gz,PUBLIC,HOLD,False,0..63 in original order per publisher config,UNKNOWN,EEG per publisher dataset/config,UNKNOWN,UNKNOWN,UNKNOWN,microvolts by MNE volts x 1e6 contract; historical generator revision UNKNOWN,64,publisher highpass/artifact/MWF/CAR/resample; not repeated here,/home/fanyu/auditory_simulation_m6a/pub_01/s06/sparrkulee_v3.1/raw/sub-035/ses-varyingStories02/eeg/sub-035_ses-varyingStories02_task-listeningActive_run-01_stimulation.tsv,True,RAW_DOWNLOAD_PENDING
/home/fanyu/auditory_simulation_m6a/pub_01/s06/sparrkulee_v3.1/raw/derivatives/preprocessed_eeg/sub-035/ses-varyingStories02/sub-035_ses-varyingStories02_task-listeningActive_run-02_desc-preproc-audio-podcast_10_eeg.npy,sub-035_ses-varyingStories02_task-listeningActive_run-02_eeg.bdf.gz,/home/fanyu/auditory_simulation_m6a/pub_01/s06/sparrkulee_v3.1/raw/sub-035/ses-varyingStories02/eeg/sub-035_ses-varyingStories02_task-listeningActive_run-02_eeg.bdf.gz,PUBLIC,HOLD,False,0..63 in original order per publisher config,UNKNOWN,EEG per publisher dataset/config,UNKNOWN,UNKNOWN,UNKNOWN,microvolts by MNE volts x 1e6 contract; historical generator revision UNKNOWN,64,publisher highpass/artifact/MWF/CAR/resample; not repeated here,/home/fanyu/auditory_simulation_m6a/pub_01/s06/sparrkulee_v3.1/raw/sub-035/ses-varyingStories02/eeg/sub-035_ses-varyingStories02_task-listeningActive_run-02_stimulation.tsv,True,RAW_DOWNLOAD_PENDING
/home/fanyu/auditory_simulation_m6a/pub_01/s06/sparrkulee_v3.1/raw/derivatives/preprocessed_eeg/sub-035/ses-varyingStories02/sub-035_ses-varyingStories02_task-listeningActive_run-03_desc-preproc-audio-audiobook_1_eeg.npy,sub-035_ses-varyingStories02_task-listeningActive_run-03_eeg.bdf.gz,/home/fanyu/auditory_simulation_m6a/pub_01/s06/sparrkulee_v3.1/raw/sub-035/ses-varyingStories02/eeg/sub-035_ses-varyingStories02_task-listeningActive_run-03_eeg.bdf.gz,PUBLIC,HOLD,False,0..63 in original order per publisher config,UNKNOWN,EEG per publisher dataset/config,UNKNOWN,UNKNOWN,UNKNOWN,microvolts by MNE volts x 1e6 contract; historical generator revision UNKNOWN,64,publisher highpass/artifact/MWF/CAR/resample; not repeated here,/home/fanyu/auditory_simulation_m6a/pub_01/s06/sparrkulee_v3.1/raw/sub-035/ses-varyingStories02/eeg/sub-035_ses-varyingStories02_task-listeningActive_run-03_stimulation.tsv,True,RAW_DOWNLOAD_PENDING
/home/fanyu/auditory_simulation_m6a/pub_01/s06/sparrkulee_v3.1/raw/derivatives/preprocessed_eeg/sub-035/ses-varyingStories02/sub-035_ses-varyingStories02_task-listeningActive_run-04_desc-preproc-audio-audiobook_8_1_eeg.npy,sub-035_ses-varyingStories02_task-listeningActive_run-04_eeg.bdf.gz,/home/fanyu/auditory_simulation_m6a/pub_01/s06/sparrkulee_v3.1/raw/sub-035/ses-varyingStories02/eeg/sub-035_ses-varyingStories02_task-listeningActive_run-04_eeg.bdf.gz,PUBLIC,HOLD,False,0..63 in original order per publisher config,UNKNOWN,EEG per publisher dataset/config,UNKNOWN,UNKNOWN,UNKNOWN,microvolts by MNE volts x 1e6 contract; historical generator revision UNKNOWN,64,publisher highpass/artifact/MWF/CAR/resample; not repeated here,/home/fanyu/auditory_simulation_m6a/pub_01/s06/sparrkulee_v3.1/raw/sub-035/ses-varyingStories02/eeg/sub-035_ses-varyingStories02_task-listeningActive_run-04_stimulation.tsv,True,RAW_DOWNLOAD_PENDING
/home/fanyu/auditory_simulation_m6a/pub_01/s06/sparrkulee_v3.1/raw/derivatives/preprocessed_eeg/sub-035/ses-varyingStories02/sub-035_ses-varyingStories02_task-listeningActive_run-05_desc-preproc-audio-audiobook_8_2_eeg.npy,sub-035_ses-varyingStories02_task-listeningActive_run-05_eeg.bdf.gz,/home/fanyu/auditory_simulation_m6a/pub_01/s06/sparrkulee_v3.1/raw/sub-035/ses-varyingStories02/eeg/sub-035_ses-varyingStories02_task-listeningActive_run-05_eeg.bdf.gz,PUBLIC,HOLD,False,0..63 in original order per publisher config,UNKNOWN,EEG per publisher dataset/config,UNKNOWN,UNKNOWN,UNKNOWN,microvolts by MNE volts x 1e6 contract; historical generator revision UNKNOWN,64,publisher highpass/artifact/MWF/CAR/resample; not repeated here,/home/fanyu/auditory_simulation_m6a/pub_01/s06/sparrkulee_v3.1/raw/sub-035/ses-varyingStories02/eeg/sub-035_ses-varyingStories02_task-listeningActive_run-05_stimulation.tsv,True,RAW_DOWNLOAD_PENDING
/home/fanyu/auditory_simulation_m6a/pub_01/s06/sparrkulee_v3.1/raw/derivatives/preprocessed_eeg/sub-035/ses-varyingStories02/sub-035_ses-varyingStories02_task-listeningActive_run-06_desc-preproc-audio-podcast_6_eeg.npy,sub-035_ses-varyingStories02_task-listeningActive_run-06_eeg.bdf.gz,/home/fanyu/auditory_simulation_m6a/pub_01/s06/sparrkulee_v3.1/raw/sub-035/ses-varyingStories02/eeg/sub-035_ses-varyingStories02_task-listeningActive_run-06_eeg.bdf.gz,PUBLIC,HOLD,False,0..63 in original order per publisher config,UNKNOWN,EEG per publisher dataset/config,UNKNOWN,UNKNOWN,UNKNOWN,microvolts by MNE volts x 1e6 contract; historical generator revision UNKNOWN,64,publisher highpass/artifact/MWF/CAR/resample; not repeated here,/home/fanyu/auditory_simulation_m6a/pub_01/s06/sparrkulee_v3.1/raw/sub-035/ses-varyingStories02/eeg/sub-035_ses-varyingStories02_task-listeningActive_run-06_stimulation.tsv,True,RAW_DOWNLOAD_PENDING
/home/fanyu/auditory_simulation_m6a/pub_01/s06/sparrkulee_v3.1/raw/derivatives/preprocessed_eeg/sub-035/ses-varyingStories02/sub-035_ses-varyingStories02_task-listeningActive_run-07_desc-preproc-audio-podcast_5_eeg.npy,sub-035_ses-varyingStories02_task-listeningActive_run-07_eeg.bdf.gz,/home/fanyu/auditory_simulation_m6a/pub_01/s06/sparrkulee_v3.1/raw/sub-035/ses-varyingStories02/eeg/sub-035_ses-varyingStories02_task-listeningActive_run-07_eeg.bdf.gz,PUBLIC,HOLD,False,0..63 in original order per publisher config,UNKNOWN,EEG per publisher dataset/config,UNKNOWN,UNKNOWN,UNKNOWN,microvolts by MNE volts x 1e6 contract; historical generator revision UNKNOWN,64,publisher highpass/artifact/MWF/CAR/resample; not repeated here,/home/fanyu/auditory_simulation_m6a/pub_01/s06/sparrkulee_v3.1/raw/sub-035/ses-varyingStories02/eeg/sub-035_ses-varyingStories02_task-listeningActive_run-07_stimulation.tsv,True,RAW_DOWNLOAD_PENDING
/home/fanyu/auditory_simulation_m6a/pub_01/s06/sparrkulee_v3.1/raw/derivatives/preprocessed_eeg/sub-035/ses-varyingStories02/sub-035_ses-varyingStories02_task-listeningActive_run-08_desc-preproc-audio-podcast_7_eeg.npy,sub-035_ses-varyingStories02_task-listeningActive_run-08_eeg.bdf.gz,/home/fanyu/auditory_simulation_m6a/pub_01/s06/sparrkulee_v3.1/raw/sub-035/ses-varyingStories02/eeg/sub-035_ses-varyingStories02_task-listeningActive_run-08_eeg.bdf.gz,PUBLIC,HOLD,False,0..63 in original order per publisher config,UNKNOWN,EEG per publisher dataset/config,UNKNOWN,UNKNOWN,UNKNOWN,microvolts by MNE volts x 1e6 contract; historical generator revision UNKNOWN,64,publisher highpass/artifact/MWF/CAR/resample; not repeated here,/home/fanyu/auditory_simulation_m6a/pub_01/s06/sparrkulee_v3.1/raw/sub-035/ses-varyingStories02/eeg/sub-035_ses-varyingStories02_task-listeningActive_run-08_stimulation.tsv,True,RAW_DOWNLOAD_PENDING
/home/fanyu/auditory_simulation_m6a/pub_01/s06/sparrkulee_v3.1/raw/derivatives/preprocessed_eeg/sub-036/ses-varyingStories02/sub-036_ses-varyingStories02_task-listeningActive_run-01_desc-preproc-audio-podcast_10_eeg.npy,sub-036_ses-varyingStories02_task-listeningActive_run-01_eeg.bdf.gz,/home/fanyu/auditory_simulation_m6a/pub_01/s06/sparrkulee_v3.1/raw/sub-036/ses-varyingStories02/eeg/sub-036_ses-varyingStories02_task-listeningActive_run-01_eeg.bdf.gz,PUBLIC,HOLD,False,0..63 in original order per publisher config,UNKNOWN,EEG per publisher dataset/config,UNKNOWN,UNKNOWN,UNKNOWN,microvolts by MNE volts x 1e6 contract; historical generator revision UNKNOWN,64,publisher highpass/artifact/MWF/CAR/resample; not repeated here,/home/fanyu/auditory_simulation_m6a/pub_01/s06/sparrkulee_v3.1/raw/sub-036/ses-varyingStories02/eeg/sub-036_ses-varyingStories02_task-listeningActive_run-01_stimulation.tsv,True,RAW_DOWNLOAD_PENDING
/home/fanyu/auditory_simulation_m6a/pub_01/s06/sparrkulee_v3.1/raw/derivatives/preprocessed_eeg/sub-036/ses-varyingStories02/sub-036_ses-varyingStories02_task-listeningActive_run-02_desc-preproc-audio-audiobook_8_1_eeg.npy,sub-036_ses-varyingStories02_task-listeningActive_run-02_eeg.bdf.gz,/home/fanyu/auditory_simulation_m6a/pub_01/s06/sparrkulee_v3.1/raw/sub-036/ses-varyingStories02/eeg/sub-036_ses-varyingStories02_task-listeningActive_run-02_eeg.bdf.gz,PUBLIC,HOLD,False,0..63 in original order per publisher config,UNKNOWN,EEG per publisher dataset/config,UNKNOWN,UNKNOWN,UNKNOWN,microvolts by MNE volts x 1e6 contract; historical generator revision UNKNOWN,64,publisher highpass/artifact/MWF/CAR/resample; not repeated here,/home/fanyu/auditory_simulation_m6a/pub_01/s06/sparrkulee_v3.1/raw/sub-036/ses-varyingStories02/eeg/sub-036_ses-varyingStories02_task-listeningActive_run-02_stimulation.tsv,True,RAW_DOWNLOAD_PENDING
/home/fanyu/auditory_simulation_m6a/pub_01/s06/sparrkulee_v3.1/raw/derivatives/preprocessed_eeg/sub-036/ses-varyingStories02/sub-036_ses-varyingStories02_task-listeningActive_run-03_desc-preproc-audio-audiobook_8_2_eeg.npy,sub-036_ses-varyingStories02_task-listeningActive_run-03_eeg.bdf.gz,/home/fanyu/auditory_simulation_m6a/pub_01/s06/sparrkulee_v3.1/raw/sub-036/ses-varyingStories02/eeg/sub-036_ses-varyingStories02_task-listeningActive_run-03_eeg.bdf.gz,PUBLIC,HOLD,False,0..63 in original order per publisher config,UNKNOWN,EEG per publisher dataset/config,UNKNOWN,UNKNOWN,UNKNOWN,microvolts by MNE volts x 1e6 contract; historical generator revision UNKNOWN,64,publisher highpass/artifact/MWF/CAR/resample; not repeated here,/home/fanyu/auditory_simulation_m6a/pub_01/s06/sparrkulee_v3.1/raw/sub-036/ses-varyingStories02/eeg/sub-036_ses-varyingStories02_task-listeningActive_run-03_stimulation.tsv,True,RAW_DOWNLOAD_PENDING
/home/fanyu/auditory_simulation_m6a/pub_01/s06/sparrkulee_v3.1/raw/derivatives/preprocessed_eeg/sub-036/ses-varyingStories02/sub-036_ses-varyingStories02_task-listeningActive_run-04_desc-preproc-audio-audiobook_1_eeg.npy,sub-036_ses-varyingStories02_task-listeningActive_run-04_eeg.bdf.gz,/home/fanyu/auditory_simulation_m6a/pub_01/s06/sparrkulee_v3.1/raw/sub-036/ses-varyingStories02/eeg/sub-036_ses-varyingStories02_task-listeningActive_run-04_eeg.bdf.gz,PUBLIC,HOLD,False,0..63 in original order per publisher config,UNKNOWN,EEG per publisher dataset/config,UNKNOWN,UNKNOWN,UNKNOWN,microvolts by MNE volts x 1e6 contract; historical generator revision UNKNOWN,64,publisher highpass/artifact/MWF/CAR/resample; not repeated here,/home/fanyu/auditory_simulation_m6a/pub_01/s06/sparrkulee_v3.1/raw/sub-036/ses-varyingStories02/eeg/sub-036_ses-varyingStories02_task-listeningActive_run-04_stimulation.tsv,True,RAW_DOWNLOAD_PENDING
/home/fanyu/auditory_simulation_m6a/pub_01/s06/sparrkulee_v3.1/raw/derivatives/preprocessed_eeg/sub-036/ses-varyingStories02/sub-036_ses-varyingStories02_task-listeningActive_run-05_desc-preproc-audio-podcast_6_eeg.npy,sub-036_ses-varyingStories02_task-listeningActive_run-05_eeg.bdf.gz,/home/fanyu/auditory_simulation_m6a/pub_01/s06/sparrkulee_v3.1/raw/sub-036/ses-varyingStories02/eeg/sub-036_ses-varyingStories02_task-listeningActive_run-05_eeg.bdf.gz,PUBLIC,HOLD,False,0..63 in original order per publisher config,UNKNOWN,EEG per publisher dataset/config,UNKNOWN,UNKNOWN,UNKNOWN,microvolts by MNE volts x 1e6 contract; historical generator revision UNKNOWN,64,publisher highpass/artifact/MWF/CAR/resample; not repeated here,/home/fanyu/auditory_simulation_m6a/pub_01/s06/sparrkulee_v3.1/raw/sub-036/ses-varyingStories02/eeg/sub-036_ses-varyingStories02_task-listeningActive_run-05_stimulation.tsv,True,RAW_DOWNLOAD_PENDING
/home/fanyu/auditory_simulation_m6a/pub_01/s06/sparrkulee_v3.1/raw/derivatives/preprocessed_eeg/sub-036/ses-varyingStories02/sub-036_ses-varyingStories02_task-listeningActive_run-06_desc-preproc-audio-podcast_8_eeg.npy,sub-036_ses-varyingStories02_task-listeningActive_run-06_eeg.bdf.gz,/home/fanyu/auditory_simulation_m6a/pub_01/s06/sparrkulee_v3.1/raw/sub-036/ses-varyingStories02/eeg/sub-036_ses-varyingStories02_task-listeningActive_run-06_eeg.bdf.gz,PUBLIC,HOLD,False,0..63 in original order per publisher config,UNKNOWN,EEG per publisher dataset/config,UNKNOWN,UNKNOWN,UNKNOWN,microvolts by MNE volts x 1e6 contract; historical generator revision UNKNOWN,64,publisher highpass/artifact/MWF/CAR/resample; not repeated here,/home/fanyu/auditory_simulation_m6a/pub_01/s06/sparrkulee_v3.1/raw/sub-036/ses-varyingStories02/eeg/sub-036_ses-varyingStories02_task-listeningActive_run-06_stimulation.tsv,True,RAW_DOWNLOAD_PENDING
/home/fanyu/auditory_simulation_m6a/pub_01/s06/sparrkulee_v3.1/raw/derivatives/preprocessed_eeg/sub-036/ses-varyingStories02/sub-036_ses-varyingStories02_task-listeningActive_run-07_desc-preproc-audio-podcast_5_eeg.npy,sub-036_ses-varyingStories02_task-listeningActive_run-07_eeg.bdf.gz,/home/fanyu/auditory_simulation_m6a/pub_01/s06/sparrkulee_v3.1/raw/sub-036/ses-varyingStories02/eeg/sub-036_ses-varyingStories02_task-listeningActive_run-07_eeg.bdf.gz,PUBLIC,HOLD,False,0..63 in original order per publisher config,UNKNOWN,EEG per publisher dataset/config,UNKNOWN,UNKNOWN,UNKNOWN,microvolts by MNE volts x 1e6 contract; historical generator revision UNKNOWN,64,publisher highpass/artifact/MWF/CAR/resample; not repeated here,/home/fanyu/auditory_simulation_m6a/pub_01/s06/sparrkulee_v3.1/raw/sub-036/ses-varyingStories02/eeg/sub-036_ses-varyingStories02_task-listeningActive_run-07_stimulation.tsv,True,RAW_DOWNLOAD_PENDING
/home/fanyu/auditory_simulation_m6a/pub_01/s06/sparrkulee_v3.1/raw/derivatives/preprocessed_eeg/sub-036/ses-varyingStories02/sub-036_ses-varyingStories02_task-listeningActive_run-09_desc-preproc-audio-podcast_7_eeg.npy,sub-036_ses-varyingStories02_task-listeningActive_run-09_eeg.bdf.gz,/home/fanyu/auditory_simulation_m6a/pub_01/s06/sparrkulee_v3.1/raw/sub-036/ses-varyingStories02/eeg/sub-036_ses-varyingStories02_task-listeningActive_run-09_eeg.bdf.gz,PUBLIC,HOLD,False,0..63 in original order per publisher config,UNKNOWN,EEG per publisher dataset/config,UNKNOWN,UNKNOWN,UNKNOWN,microvolts by MNE volts x 1e6 contract; historical generator revision UNKNOWN,64,publisher highpass/artifact/MWF/CAR/resample; not repeated here,/home/fanyu/auditory_simulation_m6a/pub_01/s06/sparrkulee_v3.1/raw/sub-036/ses-varyingStories02/eeg/sub-036_ses-varyingStories02_task-listeningActive_run-09_stimulation.tsv,True,RAW_DOWNLOAD_PENDING
/home/fanyu/auditory_simulation_m6a/pub_01/s06/sparrkulee_v3.1/raw/derivatives/preprocessed_eeg/sub-037/ses-varyingStories03/sub-037_ses-varyingStories03_task-listeningActive_run-01_desc-preproc-audio-audiobook_9_1_eeg.npy,sub-037_ses-varyingStories03_task-listeningActive_run-01_eeg.bdf.gz,/home/fanyu/auditory_simulation_m6a/pub_01/s06/sparrkulee_v3.1/raw/sub-037/ses-varyingStories03/eeg/sub-037_ses-varyingStories03_task-listeningActive_run-01_eeg.bdf.gz,PUBLIC,HOLD,False,0..63 in original order per publisher config,UNKNOWN,EEG per publisher dataset/config,UNKNOWN,UNKNOWN,UNKNOWN,microvolts by MNE volts x 1e6 contract; historical generator revision UNKNOWN,64,publisher highpass/artifact/MWF/CAR/resample; not repeated here,/home/fanyu/auditory_simulation_m6a/pub_01/s06/sparrkulee_v3.1/raw/sub-037/ses-varyingStories03/eeg/sub-037_ses-varyingStories03_task-listeningActive_run-01_stimulation.tsv,True,RAW_DOWNLOAD_PENDING
/home/fanyu/auditory_simulation_m6a/pub_01/s06/sparrkulee_v3.1/raw/derivatives/preprocessed_eeg/sub-037/ses-varyingStories03/sub-037_ses-varyingStories03_task-listeningActive_run-02_desc-preproc-audio-audiobook_9_2_eeg.npy,sub-037_ses-varyingStories03_task-listeningActive_run-02_eeg.bdf.gz,/home/fanyu/auditory_simulation_m6a/pub_01/s06/sparrkulee_v3.1/raw/sub-037/ses-varyingStories03/eeg/sub-037_ses-varyingStories03_task-listeningActive_run-02_eeg.bdf.gz,PUBLIC,HOLD,False,0..63 in original order per publisher config,UNKNOWN,EEG per publisher dataset/config,UNKNOWN,UNKNOWN,UNKNOWN,microvolts by MNE volts x 1e6 contract; historical generator revision UNKNOWN,64,publisher highpass/artifact/MWF/CAR/resample; not repeated here,/home/fanyu/auditory_simulation_m6a/pub_01/s06/sparrkulee_v3.1/raw/sub-037/ses-varyingStories03/eeg/sub-037_ses-varyingStories03_task-listeningActive_run-02_stimulation.tsv,True,RAW_DOWNLOAD_PENDING
/home/fanyu/auditory_simulation_m6a/pub_01/s06/sparrkulee_v3.1/raw/derivatives/preprocessed_eeg/sub-037/ses-varyingStories03/sub-037_ses-varyingStories03_task-listeningActive_run-03_desc-preproc-audio-podcast_10_eeg.npy,sub-037_ses-varyingStories03_task-listeningActive_run-03_eeg.bdf.gz,/home/fanyu/auditory_simulation_m6a/pub_01/s06/sparrkulee_v3.1/raw/sub-037/ses-varyingStories03/eeg/sub-037_ses-varyingStories03_task-listeningActive_run-03_eeg.bdf.gz,PUBLIC,HOLD,False,0..63 in original order per publisher config,UNKNOWN,EEG per publisher dataset/config,UNKNOWN,UNKNOWN,UNKNOWN,microvolts by MNE volts x 1e6 contract; historical generator revision UNKNOWN,64,publisher highpass/artifact/MWF/CAR/resample; not repeated here,/home/fanyu/auditory_simulation_m6a/pub_01/s06/sparrkulee_v3.1/raw/sub-037/ses-varyingStories03/eeg/sub-037_ses-varyingStories03_task-listeningActive_run-03_stimulation.tsv,True,RAW_DOWNLOAD_PENDING
/home/fanyu/auditory_simulation_m6a/pub_01/s06/sparrkulee_v3.1/raw/derivatives/preprocessed_eeg/sub-037/ses-varyingStories03/sub-037_ses-varyingStories03_task-listeningActive_run-04_desc-preproc-audio-podcast_9_eeg.npy,sub-037_ses-varyingStories03_task-listeningActive_run-04_eeg.bdf.gz,/home/fanyu/auditory_simulation_m6a/pub_01/s06/sparrkulee_v3.1/raw/sub-037/ses-varyingStories03/eeg/sub-037_ses-varyingStories03_task-listeningActive_run-04_eeg.bdf.gz,PUBLIC,HOLD,False,0..63 in original order per publisher config,UNKNOWN,EEG per publisher dataset/config,UNKNOWN,UNKNOWN,UNKNOWN,microvolts by MNE volts x 1e6 contract; historical generator revision UNKNOWN,64,publisher highpass/artifact/MWF/CAR/resample; not repeated here,/home/fanyu/auditory_simulation_m6a/pub_01/s06/sparrkulee_v3.1/raw/sub-037/ses-varyingStories03/eeg/sub-037_ses-varyingStories03_task-listeningActive_run-04_stimulation.tsv,True,RAW_DOWNLOAD_PENDING
/home/fanyu/auditory_simulation_m6a/pub_01/s06/sparrkulee_v3.1/raw/derivatives/preprocessed_eeg/sub-037/ses-varyingStories03/sub-037_ses-varyingStories03_task-listeningActive_run-06_desc-preproc-audio-podcast_12_eeg.npy,sub-037_ses-varyingStories03_task-listeningActive_run-06_eeg.bdf.gz,/home/fanyu/auditory_simulation_m6a/pub_01/s06/sparrkulee_v3.1/raw/sub-037/ses-varyingStories03/eeg/sub-037_ses-varyingStories03_task-listeningActive_run-06_eeg.bdf.gz,PUBLIC,HOLD,False,0..63 in original order per publisher config,UNKNOWN,EEG per publisher dataset/config,UNKNOWN,UNKNOWN,UNKNOWN,microvolts by MNE volts x 1e6 contract; historical generator revision UNKNOWN,64,publisher highpass/artifact/MWF/CAR/resample; not repeated here,/home/fanyu/auditory_simulation_m6a/pub_01/s06/sparrkulee_v3.1/raw/sub-037/ses-varyingStories03/eeg/sub-037_ses-varyingStories03_task-listeningActive_run-06_stimulation.tsv,True,RAW_DOWNLOAD_PENDING
/home/fanyu/auditory_simulation_m6a/pub_01/s06/sparrkulee_v3.1/raw/derivatives/preprocessed_eeg/sub-037/ses-varyingStories03/sub-037_ses-varyingStories03_task-listeningActive_run-07_desc-preproc-audio-audiobook_1_eeg.npy,sub-037_ses-varyingStories03_task-listeningActive_run-07_eeg.bdf.gz,/home/fanyu/auditory_simulation_m6a/pub_01/s06/sparrkulee_v3.1/raw/sub-037/ses-varyingStories03/eeg/sub-037_ses-varyingStories03_task-listeningActive_run-07_eeg.bdf.gz,PUBLIC,HOLD,False,0..63 in original order per publisher config,UNKNOWN,EEG per publisher dataset/config,UNKNOWN,UNKNOWN,UNKNOWN,microvolts by MNE volts x 1e6 contract; historical generator revision UNKNOWN,64,publisher highpass/artifact/MWF/CAR/resample; not repeated here,/home/fanyu/auditory_simulation_m6a/pub_01/s06/sparrkulee_v3.1/raw/sub-037/ses-varyingStories03/eeg/sub-037_ses-varyingStories03_task-listeningActive_run-07_stimulation.tsv,True,RAW_DOWNLOAD_PENDING
/home/fanyu/auditory_simulation_m6a/pub_01/s06/sparrkulee_v3.1/raw/derivatives/preprocessed_eeg/sub-037/ses-varyingStories03/sub-037_ses-varyingStories03_task-listeningActive_run-08_desc-preproc-audio-podcast_11_eeg.npy,sub-037_ses-varyingStories03_task-listeningActive_run-08_eeg.bdf.gz,/home/fanyu/auditory_simulation_m6a/pub_01/s06/sparrkulee_v3.1/raw/sub-037/ses-varyingStories03/eeg/sub-037_ses-varyingStories03_task-listeningActive_run-08_eeg.bdf.gz,PUBLIC,HOLD,False,0..63 in original order per publisher config,UNKNOWN,EEG per publisher dataset/config,UNKNOWN,UNKNOWN,UNKNOWN,microvolts by MNE volts x 1e6 contract; historical generator revision UNKNOWN,64,publisher highpass/artifact/MWF/CAR/resample; not repeated here,/home/fanyu/auditory_simulation_m6a/pub_01/s06/sparrkulee_v3.1/raw/sub-037/ses-varyingStories03/eeg/sub-037_ses-varyingStories03_task-listeningActive_run-08_stimulation.tsv,True,RAW_DOWNLOAD_PENDING
/home/fanyu/auditory_simulation_m6a/pub_01/s06/sparrkulee_v3.1/raw/derivatives/preprocessed_eeg/sub-038/ses-varyingStories03/sub-038_ses-varyingStories03_task-listeningActive_run-03_desc-preproc-audio-audiobook_9_1_eeg.npy,sub-038_ses-varyingStories03_task-listeningActive_run-03_eeg.bdf.gz,/home/fanyu/auditory_simulation_m6a/pub_01/s06/sparrkulee_v3.1/raw/sub-038/ses-varyingStories03/eeg/sub-038_ses-varyingStories03_task-listeningActive_run-03_eeg.bdf.gz,PUBLIC,HOLD,False,0..63 in original order per publisher config,UNKNOWN,EEG per publisher dataset/config,UNKNOWN,UNKNOWN,UNKNOWN,microvolts by MNE volts x 1e6 contract; historical generator revision UNKNOWN,64,publisher highpass/artifact/MWF/CAR/resample; not repeated here,/home/fanyu/auditory_simulation_m6a/pub_01/s06/sparrkulee_v3.1/raw/sub-038/ses-varyingStories03/eeg/sub-038_ses-varyingStories03_task-listeningActive_run-03_stimulation.tsv,True,RAW_DOWNLOAD_PENDING
/home/fanyu/auditory_simulation_m6a/pub_01/s06/sparrkulee_v3.1/raw/derivatives/preprocessed_eeg/sub-038/ses-varyingStories03/sub-038_ses-varyingStories03_task-listeningActive_run-04_desc-preproc-audio-audiobook_9_2_eeg.npy,sub-038_ses-varyingStories03_task-listeningActive_run-04_eeg.bdf.gz,/home/fanyu/auditory_simulation_m6a/pub_01/s06/sparrkulee_v3.1/raw/sub-038/ses-varyingStories03/eeg/sub-038_ses-varyingStories03_task-listeningActive_run-04_eeg.bdf.gz,PUBLIC,HOLD,False,0..63 in original order per publisher config,UNKNOWN,EEG per publisher dataset/config,UNKNOWN,UNKNOWN,UNKNOWN,microvolts by MNE volts x 1e6 contract; historical generator revision UNKNOWN,64,publisher highpass/artifact/MWF/CAR/resample; not repeated here,/home/fanyu/auditory_simulation_m6a/pub_01/s06/sparrkulee_v3.1/raw/sub-038/ses-varyingStories03/eeg/sub-038_ses-varyingStories03_task-listeningActive_run-04_stimulation.tsv,True,RAW_DOWNLOAD_PENDING
/home/fanyu/auditory_simulation_m6a/pub_01/s06/sparrkulee_v3.1/raw/derivatives/preprocessed_eeg/sub-038/ses-varyingStories03/sub-038_ses-varyingStories03_task-listeningActive_run-05_desc-preproc-audio-podcast_11_eeg.npy,sub-038_ses-varyingStories03_task-listeningActive_run-05_eeg.bdf.gz,/home/fanyu/auditory_simulation_m6a/pub_01/s06/sparrkulee_v3.1/raw/sub-038/ses-varyingStories03/eeg/sub-038_ses-varyingStories03_task-listeningActive_run-05_eeg.bdf.gz,PUBLIC,HOLD,False,0..63 in original order per publisher config,UNKNOWN,EEG per publisher dataset/config,UNKNOWN,UNKNOWN,UNKNOWN,microvolts by MNE volts x 1e6 contract; historical generator revision UNKNOWN,64,publisher highpass/artifact/MWF/CAR/resample; not repeated here,/home/fanyu/auditory_simulation_m6a/pub_01/s06/sparrkulee_v3.1/raw/sub-038/ses-varyingStories03/eeg/sub-038_ses-varyingStories03_task-listeningActive_run-05_stimulation.tsv,True,RAW_DOWNLOAD_PENDING
/home/fanyu/auditory_simulation_m6a/pub_01/s06/sparrkulee_v3.1/raw/derivatives/preprocessed_eeg/sub-038/ses-varyingStories03/sub-038_ses-varyingStories03_task-listeningActive_run-06_desc-preproc-audio-audiobook_1_eeg.npy,sub-038_ses-varyingStories03_task-listeningActive_run-06_eeg.bdf.gz,/home/fanyu/auditory_simulation_m6a/pub_01/s06/sparrkulee_v3.1/raw/sub-038/ses-varyingStories03/eeg/sub-038_ses-varyingStories03_task-listeningActive_run-06_eeg.bdf.gz,PUBLIC,HOLD,False,0..63 in original order per publisher config,UNKNOWN,EEG per publisher dataset/config,UNKNOWN,UNKNOWN,UNKNOWN,microvolts by MNE volts x 1e6 contract; historical generator revision UNKNOWN,64,publisher highpass/artifact/MWF/CAR/resample; not repeated here,/home/fanyu/auditory_simulation_m6a/pub_01/s06/sparrkulee_v3.1/raw/sub-038/ses-varyingStories03/eeg/sub-038_ses-varyingStories03_task-listeningActive_run-06_stimulation.tsv,True,RAW_DOWNLOAD_PENDING
/home/fanyu/auditory_simulation_m6a/pub_01/s06/sparrkulee_v3.1/raw/derivatives/preprocessed_eeg/sub-038/ses-varyingStories03/sub-038_ses-varyingStories03_task-listeningActive_run-07_desc-preproc-audio-podcast_12_eeg.npy,sub-038_ses-varyingStories03_task-listeningActive_run-07_eeg.bdf.gz,/home/fanyu/auditory_simulation_m6a/pub_01/s06/sparrkulee_v3.1/raw/sub-038/ses-varyingStories03/eeg/sub-038_ses-varyingStories03_task-listeningActive_run-07_eeg.bdf.gz,PUBLIC,HOLD,False,0..63 in original order per publisher config,UNKNOWN,EEG per publisher dataset/config,UNKNOWN,UNKNOWN,UNKNOWN,microvolts by MNE volts x 1e6 contract; historical generator revision UNKNOWN,64,publisher highpass/artifact/MWF/CAR/resample; not repeated here,/home/fanyu/auditory_simulation_m6a/pub_01/s06/sparrkulee_v3.1/raw/sub-038/ses-varyingStories03/eeg/sub-038_ses-varyingStories03_task-listeningActive_run-07_stimulation.tsv,True,RAW_DOWNLOAD_PENDING
/home/fanyu/auditory_simulation_m6a/pub_01/s06/sparrkulee_v3.1/raw/derivatives/preprocessed_eeg/sub-038/ses-varyingStories03/sub-038_ses-varyingStories03_task-listeningActive_run-08_desc-preproc-audio-podcast_10_eeg.npy,sub-038_ses-varyingStories03_task-listeningActive_run-08_eeg.bdf.gz,/home/fanyu/auditory_simulation_m6a/pub_01/s06/sparrkulee_v3.1/raw/sub-038/ses-varyingStories03/eeg/sub-038_ses-varyingStories03_task-listeningActive_run-08_eeg.bdf.gz,PUBLIC,HOLD,False,0..63 in original order per publisher config,UNKNOWN,EEG per publisher dataset/config,UNKNOWN,UNKNOWN,UNKNOWN,microvolts by MNE volts x 1e6 contract; historical generator revision UNKNOWN,64,publisher highpass/artifact/MWF/CAR/resample; not repeated here,/home/fanyu/auditory_simulation_m6a/pub_01/s06/sparrkulee_v3.1/raw/sub-038/ses-varyingStories03/eeg/sub-038_ses-varyingStories03_task-listeningActive_run-08_stimulation.tsv,True,RAW_DOWNLOAD_PENDING
/home/fanyu/auditory_simulation_m6a/pub_01/s06/sparrkulee_v3.1/raw/derivatives/preprocessed_eeg/sub-038/ses-varyingStories03/sub-038_ses-varyingStories03_task-listeningActive_run-09_desc-preproc-audio-podcast_9_eeg.npy,sub-038_ses-varyingStories03_task-listeningActive_run-09_eeg.bdf.gz,/home/fanyu/auditory_simulation_m6a/pub_01/s06/sparrkulee_v3.1/raw/sub-038/ses-varyingStories03/eeg/sub-038_ses-varyingStories03_task-listeningActive_run-09_eeg.bdf.gz,PUBLIC,HOLD,False,0..63 in original order per publisher config,UNKNOWN,EEG per publisher dataset/config,UNKNOWN,UNKNOWN,UNKNOWN,microvolts by MNE volts x 1e6 contract; historical generator revision UNKNOWN,64,publisher highpass/artifact/MWF/CAR/resample; not repeated here,/home/fanyu/auditory_simulation_m6a/pub_01/s06/sparrkulee_v3.1/raw/sub-038/ses-varyingStories03/eeg/sub-038_ses-varyingStories03_task-listeningActive_run-09_stimulation.tsv,True,RAW_DOWNLOAD_PENDING
/home/fanyu/auditory_simulation_m6a/pub_01/s06/sparrkulee_v3.1/raw/derivatives/preprocessed_eeg/sub-039/ses-varyingStories03/sub-039_ses-varyingStories03_task-listeningActive_run-01_desc-preproc-audio-audiobook_9_1_eeg.npy,sub-039_ses-varyingStories03_task-listeningActive_run-01_eeg.bdf.gz,/home/fanyu/auditory_simulation_m6a/pub_01/s06/sparrkulee_v3.1/raw/sub-039/ses-varyingStories03/eeg/sub-039_ses-varyingStories03_task-listeningActive_run-01_eeg.bdf.gz,PUBLIC,HOLD,False,0..63 in original order per publisher config,UNKNOWN,EEG per publisher dataset/config,UNKNOWN,UNKNOWN,UNKNOWN,microvolts by MNE volts x 1e6 contract; historical generator revision UNKNOWN,64,publisher highpass/artifact/MWF/CAR/resample; not repeated here,/home/fanyu/auditory_simulation_m6a/pub_01/s06/sparrkulee_v3.1/raw/sub-039/ses-varyingStories03/eeg/sub-039_ses-varyingStories03_task-listeningActive_run-01_stimulation.tsv,True,RAW_DOWNLOAD_PENDING
/home/fanyu/auditory_simulation_m6a/pub_01/s06/sparrkulee_v3.1/raw/derivatives/preprocessed_eeg/sub-039/ses-varyingStories03/sub-039_ses-varyingStories03_task-listeningActive_run-02_desc-preproc-audio-audiobook_9_2_eeg.npy,sub-039_ses-varyingStories03_task-listeningActive_run-02_eeg.bdf.gz,/home/fanyu/auditory_simulation_m6a/pub_01/s06/sparrkulee_v3.1/raw/sub-039/ses-varyingStories03/eeg/sub-039_ses-varyingStories03_task-listeningActive_run-02_eeg.bdf.gz,PUBLIC,HOLD,False,0..63 in original order per publisher config,UNKNOWN,EEG per publisher dataset/config,UNKNOWN,UNKNOWN,UNKNOWN,microvolts by MNE volts x 1e6 contract; historical generator revision UNKNOWN,64,publisher highpass/artifact/MWF/CAR/resample; not repeated here,/home/fanyu/auditory_simulation_m6a/pub_01/s06/sparrkulee_v3.1/raw/sub-039/ses-varyingStories03/eeg/sub-039_ses-varyingStories03_task-listeningActive_run-02_stimulation.tsv,True,RAW_DOWNLOAD_PENDING
/home/fanyu/auditory_simulation_m6a/pub_01/s06/sparrkulee_v3.1/raw/derivatives/preprocessed_eeg/sub-039/ses-varyingStories03/sub-039_ses-varyingStories03_task-listeningActive_run-03_desc-preproc-audio-audiobook_1_eeg.npy,sub-039_ses-varyingStories03_task-listeningActive_run-03_eeg.bdf.gz,/home/fanyu/auditory_simulation_m6a/pub_01/s06/sparrkulee_v3.1/raw/sub-039/ses-varyingStories03/eeg/sub-039_ses-varyingStories03_task-listeningActive_run-03_eeg.bdf.gz,PUBLIC,HOLD,False,0..63 in original order per publisher config,UNKNOWN,EEG per publisher dataset/config,UNKNOWN,UNKNOWN,UNKNOWN,microvolts by MNE volts x 1e6 contract; historical generator revision UNKNOWN,64,publisher highpass/artifact/MWF/CAR/resample; not repeated here,/home/fanyu/auditory_simulation_m6a/pub_01/s06/sparrkulee_v3.1/raw/sub-039/ses-varyingStories03/eeg/sub-039_ses-varyingStories03_task-listeningActive_run-03_stimulation.tsv,True,RAW_DOWNLOAD_PENDING
/home/fanyu/auditory_simulation_m6a/pub_01/s06/sparrkulee_v3.1/raw/derivatives/preprocessed_eeg/sub-039/ses-varyingStories03/sub-039_ses-varyingStories03_task-listeningActive_run-04_desc-preproc-audio-podcast_9_eeg.npy,sub-039_ses-varyingStories03_task-listeningActive_run-04_eeg.bdf.gz,/home/fanyu/auditory_simulation_m6a/pub_01/s06/sparrkulee_v3.1/raw/sub-039/ses-varyingStories03/eeg/sub-039_ses-varyingStories03_task-listeningActive_run-04_eeg.bdf.gz,PUBLIC,HOLD,False,0..63 in original order per publisher config,UNKNOWN,EEG per publisher dataset/config,UNKNOWN,UNKNOWN,UNKNOWN,microvolts by MNE volts x 1e6 contract; historical generator revision UNKNOWN,64,publisher highpass/artifact/MWF/CAR/resample; not repeated here,/home/fanyu/auditory_simulation_m6a/pub_01/s06/sparrkulee_v3.1/raw/sub-039/ses-varyingStories03/eeg/sub-039_ses-varyingStories03_task-listeningActive_run-04_stimulation.tsv,True,RAW_DOWNLOAD_PENDING
/home/fanyu/auditory_simulation_m6a/pub_01/s06/sparrkulee_v3.1/raw/derivatives/preprocessed_eeg/sub-039/ses-varyingStories03/sub-039_ses-varyingStories03_task-listeningActive_run-05_desc-preproc-audio-podcast_11_eeg.npy,sub-039_ses-varyingStories03_task-listeningActive_run-05_eeg.bdf.gz,/home/fanyu/auditory_simulation_m6a/pub_01/s06/sparrkulee_v3.1/raw/sub-039/ses-varyingStories03/eeg/sub-039_ses-varyingStories03_task-listeningActive_run-05_eeg.bdf.gz,PUBLIC,HOLD,False,0..63 in original order per publisher config,UNKNOWN,EEG per publisher dataset/config,UNKNOWN,UNKNOWN,UNKNOWN,microvolts by MNE volts x 1e6 contract; historical generator revision UNKNOWN,64,publisher highpass/artifact/MWF/CAR/resample; not repeated here,/home/fanyu/auditory_simulation_m6a/pub_01/s06/sparrkulee_v3.1/raw/sub-039/ses-varyingStories03/eeg/sub-039_ses-varyingStories03_task-listeningActive_run-05_stimulation.tsv,True,RAW_DOWNLOAD_PENDING
/home/fanyu/auditory_simulation_m6a/pub_01/s06/sparrkulee_v3.1/raw/derivatives/preprocessed_eeg/sub-039/ses-varyingStories03/sub-039_ses-varyingStories03_task-listeningActive_run-07_desc-preproc-audio-podcast_12_eeg.npy,sub-039_ses-varyingStories03_task-listeningActive_run-07_eeg.bdf.gz,/home/fanyu/auditory_simulation_m6a/pub_01/s06/sparrkulee_v3.1/raw/sub-039/ses-varyingStories03/eeg/sub-039_ses-varyingStories03_task-listeningActive_run-07_eeg.bdf.gz,PUBLIC,HOLD,False,0..63 in original order per publisher config,UNKNOWN,EEG per publisher dataset/config,UNKNOWN,UNKNOWN,UNKNOWN,microvolts by MNE volts x 1e6 contract; historical generator revision UNKNOWN,64,publisher highpass/artifact/MWF/CAR/resample; not repeated here,/home/fanyu/auditory_simulation_m6a/pub_01/s06/sparrkulee_v3.1/raw/sub-039/ses-varyingStories03/eeg/sub-039_ses-varyingStories03_task-listeningActive_run-07_stimulation.tsv,True,RAW_DOWNLOAD_PENDING
/home/fanyu/auditory_simulation_m6a/pub_01/s06/sparrkulee_v3.1/raw/derivatives/preprocessed_eeg/sub-039/ses-varyingStories03/sub-039_ses-varyingStories03_task-listeningActive_run-08_desc-preproc-audio-podcast_10_eeg.npy,sub-039_ses-varyingStories03_task-listeningActive_run-08_eeg.bdf.gz,/home/fanyu/auditory_simulation_m6a/pub_01/s06/sparrkulee_v3.1/raw/sub-039/ses-varyingStories03/eeg/sub-039_ses-varyingStories03_task-listeningActive_run-08_eeg.bdf.gz,PUBLIC,HOLD,False,0..63 in original order per publisher config,UNKNOWN,EEG per publisher dataset/config,UNKNOWN,UNKNOWN,UNKNOWN,microvolts by MNE volts x 1e6 contract; historical generator revision UNKNOWN,64,publisher highpass/artifact/MWF/CAR/resample; not repeated here,/home/fanyu/auditory_simulation_m6a/pub_01/s06/sparrkulee_v3.1/raw/sub-039/ses-varyingStories03/eeg/sub-039_ses-varyingStories03_task-listeningActive_run-08_stimulation.tsv,True,RAW_DOWNLOAD_PENDING
/home/fanyu/auditory_simulation_m6a/pub_01/s06/sparrkulee_v3.1/raw/derivatives/preprocessed_eeg/sub-040/ses-varyingStories03/sub-040_ses-varyingStories03_task-listeningActive_run-02_desc-preproc-audio-audiobook_9_1_eeg.npy,sub-040_ses-varyingStories03_task-listeningActive_run-02_eeg.bdf.gz,/home/fanyu/auditory_simulation_m6a/pub_01/s06/sparrkulee_v3.1/raw/sub-040/ses-varyingStories03/eeg/sub-040_ses-varyingStories03_task-listeningActive_run-02_eeg.bdf.gz,PUBLIC,HOLD,False,0..63 in original order per publisher config,UNKNOWN,EEG per publisher dataset/config,UNKNOWN,UNKNOWN,UNKNOWN,microvolts by MNE volts x 1e6 contract; historical generator revision UNKNOWN,64,publisher highpass/artifact/MWF/CAR/resample; not repeated here,/home/fanyu/auditory_simulation_m6a/pub_01/s06/sparrkulee_v3.1/raw/sub-040/ses-varyingStories03/eeg/sub-040_ses-varyingStories03_task-listeningActive_run-02_stimulation.tsv,True,RAW_DOWNLOAD_PENDING
/home/fanyu/auditory_simulation_m6a/pub_01/s06/sparrkulee_v3.1/raw/derivatives/preprocessed_eeg/sub-040/ses-varyingStories03/sub-040_ses-varyingStories03_task-listeningActive_run-03_desc-preproc-audio-audiobook_9_2_eeg.npy,sub-040_ses-varyingStories03_task-listeningActive_run-03_eeg.bdf.gz,/home/fanyu/auditory_simulation_m6a/pub_01/s06/sparrkulee_v3.1/raw/sub-040/ses-varyingStories03/eeg/sub-040_ses-varyingStories03_task-listeningActive_run-03_eeg.bdf.gz,PUBLIC,HOLD,False,0..63 in original order per publisher config,UNKNOWN,EEG per publisher dataset/config,UNKNOWN,UNKNOWN,UNKNOWN,microvolts by MNE volts x 1e6 contract; historical generator revision UNKNOWN,64,publisher highpass/artifact/MWF/CAR/resample; not repeated here,/home/fanyu/auditory_simulation_m6a/pub_01/s06/sparrkulee_v3.1/raw/sub-040/ses-varyingStories03/eeg/sub-040_ses-varyingStories03_task-listeningActive_run-03_stimulation.tsv,True,RAW_DOWNLOAD_PENDING
/home/fanyu/auditory_simulation_m6a/pub_01/s06/sparrkulee_v3.1/raw/derivatives/preprocessed_eeg/sub-040/ses-varyingStories03/sub-040_ses-varyingStories03_task-listeningActive_run-04_desc-preproc-audio-podcast_11_eeg.npy,sub-040_ses-varyingStories03_task-listeningActive_run-04_eeg.bdf.gz,/home/fanyu/auditory_simulation_m6a/pub_01/s06/sparrkulee_v3.1/raw/sub-040/ses-varyingStories03/eeg/sub-040_ses-varyingStories03_task-listeningActive_run-04_eeg.bdf.gz,PUBLIC,HOLD,False,0..63 in original order per publisher config,UNKNOWN,EEG per publisher dataset/config,UNKNOWN,UNKNOWN,UNKNOWN,microvolts by MNE volts x 1e6 contract; historical generator revision UNKNOWN,64,publisher highpass/artifact/MWF/CAR/resample; not repeated here,/home/fanyu/auditory_simulation_m6a/pub_01/s06/sparrkulee_v3.1/raw/sub-040/ses-varyingStories03/eeg/sub-040_ses-varyingStories03_task-listeningActive_run-04_stimulation.tsv,True,RAW_DOWNLOAD_PENDING
/home/fanyu/auditory_simulation_m6a/pub_01/s06/sparrkulee_v3.1/raw/derivatives/preprocessed_eeg/sub-040/ses-varyingStories03/sub-040_ses-varyingStories03_task-listeningActive_run-05_desc-preproc-audio-podcast_9_eeg.npy,sub-040_ses-varyingStories03_task-listeningActive_run-05_eeg.bdf.gz,/home/fanyu/auditory_simulation_m6a/pub_01/s06/sparrkulee_v3.1/raw/sub-040/ses-varyingStories03/eeg/sub-040_ses-varyingStories03_task-listeningActive_run-05_eeg.bdf.gz,PUBLIC,HOLD,False,0..63 in original order per publisher config,UNKNOWN,EEG per publisher dataset/config,UNKNOWN,UNKNOWN,UNKNOWN,microvolts by MNE volts x 1e6 contract; historical generator revision UNKNOWN,64,publisher highpass/artifact/MWF/CAR/resample; not repeated here,/home/fanyu/auditory_simulation_m6a/pub_01/s06/sparrkulee_v3.1/raw/sub-040/ses-varyingStories03/eeg/sub-040_ses-varyingStories03_task-listeningActive_run-05_stimulation.tsv,True,RAW_DOWNLOAD_PENDING
/home/fanyu/auditory_simulation_m6a/pub_01/s06/sparrkulee_v3.1/raw/derivatives/preprocessed_eeg/sub-040/ses-varyingStories03/sub-040_ses-varyingStories03_task-listeningActive_run-06_desc-preproc-audio-podcast_10_eeg.npy,sub-040_ses-varyingStories03_task-listeningActive_run-06_eeg.bdf.gz,/home/fanyu/auditory_simulation_m6a/pub_01/s06/sparrkulee_v3.1/raw/sub-040/ses-varyingStories03/eeg/sub-040_ses-varyingStories03_task-listeningActive_run-06_eeg.bdf.gz,PUBLIC,HOLD,False,0..63 in original order per publisher config,UNKNOWN,EEG per publisher dataset/config,UNKNOWN,UNKNOWN,UNKNOWN,microvolts by MNE volts x 1e6 contract; historical generator revision UNKNOWN,64,publisher highpass/artifact/MWF/CAR/resample; not repeated here,/home/fanyu/auditory_simulation_m6a/pub_01/s06/sparrkulee_v3.1/raw/sub-040/ses-varyingStories03/eeg/sub-040_ses-varyingStories03_task-listeningActive_run-06_stimulation.tsv,True,RAW_DOWNLOAD_PENDING
/home/fanyu/auditory_simulation_m6a/pub_01/s06/sparrkulee_v3.1/raw/derivatives/preprocessed_eeg/sub-040/ses-varyingStories03/sub-040_ses-varyingStories03_task-listeningActive_run-07_desc-preproc-audio-audiobook_1_eeg.npy,sub-040_ses-varyingStories03_task-listeningActive_run-07_eeg.bdf.gz,/home/fanyu/auditory_simulation_m6a/pub_01/s06/sparrkulee_v3.1/raw/sub-040/ses-varyingStories03/eeg/sub-040_ses-varyingStories03_task-listeningActive_run-07_eeg.bdf.gz,PUBLIC,HOLD,False,0..63 in original order per publisher config,UNKNOWN,EEG per publisher dataset/config,UNKNOWN,UNKNOWN,UNKNOWN,microvolts by MNE volts x 1e6 contract; historical generator revision UNKNOWN,64,publisher highpass/artifact/MWF/CAR/resample; not repeated here,/home/fanyu/auditory_simulation_m6a/pub_01/s06/sparrkulee_v3.1/raw/sub-040/ses-varyingStories03/eeg/sub-040_ses-varyingStories03_task-listeningActive_run-07_stimulation.tsv,True,RAW_DOWNLOAD_PENDING
/home/fanyu/auditory_simulation_m6a/pub_01/s06/sparrkulee_v3.1/raw/derivatives/preprocessed_eeg/sub-040/ses-varyingStories03/sub-040_ses-varyingStories03_task-listeningActive_run-08_desc-preproc-audio-podcast_12_eeg.npy,sub-040_ses-varyingStories03_task-listeningActive_run-08_eeg.bdf.gz,/home/fanyu/auditory_simulation_m6a/pub_01/s06/sparrkulee_v3.1/raw/sub-040/ses-varyingStories03/eeg/sub-040_ses-varyingStories03_task-listeningActive_run-08_eeg.bdf.gz,PUBLIC,HOLD,False,0..63 in original order per publisher config,UNKNOWN,EEG per publisher dataset/config,UNKNOWN,UNKNOWN,UNKNOWN,microvolts by MNE volts x 1e6 contract; historical generator revision UNKNOWN,64,publisher highpass/artifact/MWF/CAR/resample; not repeated here,/home/fanyu/auditory_simulation_m6a/pub_01/s06/sparrkulee_v3.1/raw/sub-040/ses-varyingStories03/eeg/sub-040_ses-varyingStories03_task-listeningActive_run-08_stimulation.tsv,True,RAW_DOWNLOAD_PENDING
/home/fanyu/auditory_simulation_m6a/pub_01/s06/sparrkulee_v3.1/raw/derivatives/preprocessed_eeg/sub-041/ses-varyingStories03/sub-041_ses-varyingStories03_task-listeningActive_run-01_desc-preproc-audio-podcast_12_eeg.npy,sub-041_ses-varyingStories03_task-listeningActive_run-01_eeg.bdf.gz,/home/fanyu/auditory_simulation_m6a/pub_01/s06/sparrkulee_v3.1/raw/sub-041/ses-varyingStories03/eeg/sub-041_ses-varyingStories03_task-listeningActive_run-01_eeg.bdf.gz,PUBLIC,HOLD,False,0..63 in original order per publisher config,UNKNOWN,EEG per publisher dataset/config,UNKNOWN,UNKNOWN,UNKNOWN,microvolts by MNE volts x 1e6 contract; historical generator revision UNKNOWN,64,publisher highpass/artifact/MWF/CAR/resample; not repeated here,/home/fanyu/auditory_simulation_m6a/pub_01/s06/sparrkulee_v3.1/raw/sub-041/ses-varyingStories03/eeg/sub-041_ses-varyingStories03_task-listeningActive_run-01_stimulation.tsv,True,RAW_DOWNLOAD_PENDING
/home/fanyu/auditory_simulation_m6a/pub_01/s06/sparrkulee_v3.1/raw/derivatives/preprocessed_eeg/sub-041/ses-varyingStories03/sub-041_ses-varyingStories03_task-listeningActive_run-03_desc-preproc-audio-podcast_11_eeg.npy,sub-041_ses-varyingStories03_task-listeningActive_run-03_eeg.bdf.gz,/home/fanyu/auditory_simulation_m6a/pub_01/s06/sparrkulee_v3.1/raw/sub-041/ses-varyingStories03/eeg/sub-041_ses-varyingStories03_task-listeningActive_run-03_eeg.bdf.gz,PUBLIC,HOLD,False,0..63 in original order per publisher config,UNKNOWN,EEG per publisher dataset/config,UNKNOWN,UNKNOWN,UNKNOWN,microvolts by MNE volts x 1e6 contract; historical generator revision UNKNOWN,64,publisher highpass/artifact/MWF/CAR/resample; not repeated here,/home/fanyu/auditory_simulation_m6a/pub_01/s06/sparrkulee_v3.1/raw/sub-041/ses-varyingStories03/eeg/sub-041_ses-varyingStories03_task-listeningActive_run-03_stimulation.tsv,True,RAW_DOWNLOAD_PENDING
/home/fanyu/auditory_simulation_m6a/pub_01/s06/sparrkulee_v3.1/raw/derivatives/preprocessed_eeg/sub-041/ses-varyingStories03/sub-041_ses-varyingStories03_task-listeningActive_run-04_desc-preproc-audio-podcast_9_eeg.npy,sub-041_ses-varyingStories03_task-listeningActive_run-04_eeg.bdf.gz,/home/fanyu/auditory_simulation_m6a/pub_01/s06/sparrkulee_v3.1/raw/sub-041/ses-varyingStories03/eeg/sub-041_ses-varyingStories03_task-listeningActive_run-04_eeg.bdf.gz,PUBLIC,HOLD,False,0..63 in original order per publisher config,UNKNOWN,EEG per publisher dataset/config,UNKNOWN,UNKNOWN,UNKNOWN,microvolts by MNE volts x 1e6 contract; historical generator revision UNKNOWN,64,publisher highpass/artifact/MWF/CAR/resample; not repeated here,/home/fanyu/auditory_simulation_m6a/pub_01/s06/sparrkulee_v3.1/raw/sub-041/ses-varyingStories03/eeg/sub-041_ses-varyingStories03_task-listeningActive_run-04_stimulation.tsv,True,RAW_DOWNLOAD_PENDING
/home/fanyu/auditory_simulation_m6a/pub_01/s06/sparrkulee_v3.1/raw/derivatives/preprocessed_eeg/sub-041/ses-varyingStories03/sub-041_ses-varyingStories03_task-listeningActive_run-05_desc-preproc-audio-podcast_10_eeg.npy,sub-041_ses-varyingStories03_task-listeningActive_run-05_eeg.bdf.gz,/home/fanyu/auditory_simulation_m6a/pub_01/s06/sparrkulee_v3.1/raw/sub-041/ses-varyingStories03/eeg/sub-041_ses-varyingStories03_task-listeningActive_run-05_eeg.bdf.gz,PUBLIC,HOLD,False,0..63 in original order per publisher config,UNKNOWN,EEG per publisher dataset/config,UNKNOWN,UNKNOWN,UNKNOWN,microvolts by MNE volts x 1e6 contract; historical generator revision UNKNOWN,64,publisher highpass/artifact/MWF/CAR/resample; not repeated here,/home/fanyu/auditory_simulation_m6a/pub_01/s06/sparrkulee_v3.1/raw/sub-041/ses-varyingStories03/eeg/sub-041_ses-varyingStories03_task-listeningActive_run-05_stimulation.tsv,True,RAW_DOWNLOAD_PENDING
/home/fanyu/auditory_simulation_m6a/pub_01/s06/sparrkulee_v3.1/raw/derivatives/preprocessed_eeg/sub-041/ses-varyingStories03/sub-041_ses-varyingStories03_task-listeningActive_run-06_desc-preproc-audio-audiobook_9_1_eeg.npy,sub-041_ses-varyingStories03_task-listeningActive_run-06_eeg.bdf.gz,/home/fanyu/auditory_simulation_m6a/pub_01/s06/sparrkulee_v3.1/raw/sub-041/ses-varyingStories03/eeg/sub-041_ses-varyingStories03_task-listeningActive_run-06_eeg.bdf.gz,PUBLIC,HOLD,False,0..63 in original order per publisher config,UNKNOWN,EEG per publisher dataset/config,UNKNOWN,UNKNOWN,UNKNOWN,microvolts by MNE volts x 1e6 contract; historical generator revision UNKNOWN,64,publisher highpass/artifact/MWF/CAR/resample; not repeated here,/home/fanyu/auditory_simulation_m6a/pub_01/s06/sparrkulee_v3.1/raw/sub-041/ses-varyingStories03/eeg/sub-041_ses-varyingStories03_task-listeningActive_run-06_stimulation.tsv,True,RAW_DOWNLOAD_PENDING
/home/fanyu/auditory_simulation_m6a/pub_01/s06/sparrkulee_v3.1/raw/derivatives/preprocessed_eeg/sub-041/ses-varyingStories03/sub-041_ses-varyingStories03_task-listeningActive_run-07_desc-preproc-audio-audiobook_9_2_eeg.npy,sub-041_ses-varyingStories03_task-listeningActive_run-07_eeg.bdf.gz,/home/fanyu/auditory_simulation_m6a/pub_01/s06/sparrkulee_v3.1/raw/sub-041/ses-varyingStories03/eeg/sub-041_ses-varyingStories03_task-listeningActive_run-07_eeg.bdf.gz,PUBLIC,HOLD,False,0..63 in original order per publisher config,UNKNOWN,EEG per publisher dataset/config,UNKNOWN,UNKNOWN,UNKNOWN,microvolts by MNE volts x 1e6 contract; historical generator revision UNKNOWN,64,publisher highpass/artifact/MWF/CAR/resample; not repeated here,/home/fanyu/auditory_simulation_m6a/pub_01/s06/sparrkulee_v3.1/raw/sub-041/ses-varyingStories03/eeg/sub-041_ses-varyingStories03_task-listeningActive_run-07_stimulation.tsv,True,RAW_DOWNLOAD_PENDING
/home/fanyu/auditory_simulation_m6a/pub_01/s06/sparrkulee_v3.1/raw/derivatives/preprocessed_eeg/sub-041/ses-varyingStories03/sub-041_ses-varyingStories03_task-listeningActive_run-09_desc-preproc-audio-audiobook_1_eeg.npy,sub-041_ses-varyingStories03_task-listeningActive_run-09_eeg.bdf.gz,/home/fanyu/auditory_simulation_m6a/pub_01/s06/sparrkulee_v3.1/raw/sub-041/ses-varyingStories03/eeg/sub-041_ses-varyingStories03_task-listeningActive_run-09_eeg.bdf.gz,PUBLIC,HOLD,False,0..63 in original order per publisher config,UNKNOWN,EEG per publisher dataset/config,UNKNOWN,UNKNOWN,UNKNOWN,microvolts by MNE volts x 1e6 contract; historical generator revision UNKNOWN,64,publisher highpass/artifact/MWF/CAR/resample; not repeated here,/home/fanyu/auditory_simulation_m6a/pub_01/s06/sparrkulee_v3.1/raw/sub-041/ses-varyingStories03/eeg/sub-041_ses-varyingStories03_task-listeningActive_run-09_stimulation.tsv,True,RAW_DOWNLOAD_PENDING
/home/fanyu/auditory_simulation_m6a/pub_01/s06/sparrkulee_v3.1/raw/derivatives/preprocessed_eeg/sub-042/ses-varyingStories03/sub-042_ses-varyingStories03_task-listeningActive_run-01_desc-preproc-audio-audiobook_1_eeg.npy,sub-042_ses-varyingStories03_task-listeningActive_run-01_eeg.bdf.gz,/home/fanyu/auditory_simulation_m6a/pub_01/s06/sparrkulee_v3.1/raw/sub-042/ses-varyingStories03/eeg/sub-042_ses-varyingStories03_task-listeningActive_run-01_eeg.bdf.gz,PUBLIC,HOLD,False,0..63 in original order per publisher config,UNKNOWN,EEG per publisher dataset/config,UNKNOWN,UNKNOWN,UNKNOWN,microvolts by MNE volts x 1e6 contract; historical generator revision UNKNOWN,64,publisher highpass/artifact/MWF/CAR/resample; not repeated here,/home/fanyu/auditory_simulation_m6a/pub_01/s06/sparrkulee_v3.1/raw/sub-042/ses-varyingStories03/eeg/sub-042_ses-varyingStories03_task-listeningActive_run-01_stimulation.tsv,True,RAW_DOWNLOAD_PENDING
/home/fanyu/auditory_simulation_m6a/pub_01/s06/sparrkulee_v3.1/raw/derivatives/preprocessed_eeg/sub-042/ses-varyingStories03/sub-042_ses-varyingStories03_task-listeningActive_run-02_desc-preproc-audio-audiobook_9_1_eeg.npy,sub-042_ses-varyingStories03_task-listeningActive_run-02_eeg.bdf.gz,/home/fanyu/auditory_simulation_m6a/pub_01/s06/sparrkulee_v3.1/raw/sub-042/ses-varyingStories03/eeg/sub-042_ses-varyingStories03_task-listeningActive_run-02_eeg.bdf.gz,PUBLIC,HOLD,False,0..63 in original order per publisher config,UNKNOWN,EEG per publisher dataset/config,UNKNOWN,UNKNOWN,UNKNOWN,microvolts by MNE volts x 1e6 contract; historical generator revision UNKNOWN,64,publisher highpass/artifact/MWF/CAR/resample; not repeated here,/home/fanyu/auditory_simulation_m6a/pub_01/s06/sparrkulee_v3.1/raw/sub-042/ses-varyingStories03/eeg/sub-042_ses-varyingStories03_task-listeningActive_run-02_stimulation.tsv,True,RAW_DOWNLOAD_PENDING
/home/fanyu/auditory_simulation_m6a/pub_01/s06/sparrkulee_v3.1/raw/derivatives/preprocessed_eeg/sub-042/ses-varyingStories03/sub-042_ses-varyingStories03_task-listeningActive_run-03_desc-preproc-audio-audiobook_9_2_eeg.npy,sub-042_ses-varyingStories03_task-listeningActive_run-03_eeg.bdf.gz,/home/fanyu/auditory_simulation_m6a/pub_01/s06/sparrkulee_v3.1/raw/sub-042/ses-varyingStories03/eeg/sub-042_ses-varyingStories03_task-listeningActive_run-03_eeg.bdf.gz,PUBLIC,HOLD,False,0..63 in original order per publisher config,UNKNOWN,EEG per publisher dataset/config,UNKNOWN,UNKNOWN,UNKNOWN,microvolts by MNE volts x 1e6 contract; historical generator revision UNKNOWN,64,publisher highpass/artifact/MWF/CAR/resample; not repeated here,/home/fanyu/auditory_simulation_m6a/pub_01/s06/sparrkulee_v3.1/raw/sub-042/ses-varyingStories03/eeg/sub-042_ses-varyingStories03_task-listeningActive_run-03_stimulation.tsv,True,RAW_DOWNLOAD_PENDING
/home/fanyu/auditory_simulation_m6a/pub_01/s06/sparrkulee_v3.1/raw/derivatives/preprocessed_eeg/sub-042/ses-varyingStories03/sub-042_ses-varyingStories03_task-listeningActive_run-05_desc-preproc-audio-podcast_9_eeg.npy,sub-042_ses-varyingStories03_task-listeningActive_run-05_eeg.bdf.gz,/home/fanyu/auditory_simulation_m6a/pub_01/s06/sparrkulee_v3.1/raw/sub-042/ses-varyingStories03/eeg/sub-042_ses-varyingStories03_task-listeningActive_run-05_eeg.bdf.gz,PUBLIC,HOLD,False,0..63 in original order per publisher config,UNKNOWN,EEG per publisher dataset/config,UNKNOWN,UNKNOWN,UNKNOWN,microvolts by MNE volts x 1e6 contract; historical generator revision UNKNOWN,64,publisher highpass/artifact/MWF/CAR/resample; not repeated here,/home/fanyu/auditory_simulation_m6a/pub_01/s06/sparrkulee_v3.1/raw/sub-042/ses-varyingStories03/eeg/sub-042_ses-varyingStories03_task-listeningActive_run-05_stimulation.tsv,True,RAW_DOWNLOAD_PENDING
/home/fanyu/auditory_simulation_m6a/pub_01/s06/sparrkulee_v3.1/raw/derivatives/preprocessed_eeg/sub-042/ses-varyingStories03/sub-042_ses-varyingStories03_task-listeningActive_run-07_desc-preproc-audio-podcast_12_eeg.npy,sub-042_ses-varyingStories03_task-listeningActive_run-07_eeg.bdf.gz,/home/fanyu/auditory_simulation_m6a/pub_01/s06/sparrkulee_v3.1/raw/sub-042/ses-varyingStories03/eeg/sub-042_ses-varyingStories03_task-listeningActive_run-07_eeg.bdf.gz,PUBLIC,HOLD,False,0..63 in original order per publisher config,UNKNOWN,EEG per publisher dataset/config,UNKNOWN,UNKNOWN,UNKNOWN,microvolts by MNE volts x 1e6 contract; historical generator revision UNKNOWN,64,publisher highpass/artifact/MWF/CAR/resample; not repeated here,/home/fanyu/auditory_simulation_m6a/pub_01/s06/sparrkulee_v3.1/raw/sub-042/ses-varyingStories03/eeg/sub-042_ses-varyingStories03_task-listeningActive_run-07_stimulation.tsv,True,RAW_DOWNLOAD_PENDING
/home/fanyu/auditory_simulation_m6a/pub_01/s06/sparrkulee_v3.1/raw/derivatives/preprocessed_eeg/sub-042/ses-varyingStories03/sub-042_ses-varyingStories03_task-listeningActive_run-08_desc-preproc-audio-podcast_10_eeg.npy,sub-042_ses-varyingStories03_task-listeningActive_run-08_eeg.bdf.gz,/home/fanyu/auditory_simulation_m6a/pub_01/s06/sparrkulee_v3.1/raw/sub-042/ses-varyingStories03/eeg/sub-042_ses-varyingStories03_task-listeningActive_run-08_eeg.bdf.gz,PUBLIC,HOLD,False,0..63 in original order per publisher config,UNKNOWN,EEG per publisher dataset/config,UNKNOWN,UNKNOWN,UNKNOWN,microvolts by MNE volts x 1e6 contract; historical generator revision UNKNOWN,64,publisher highpass/artifact/MWF/CAR/resample; not repeated here,/home/fanyu/auditory_simulation_m6a/pub_01/s06/sparrkulee_v3.1/raw/sub-042/ses-varyingStories03/eeg/sub-042_ses-varyingStories03_task-listeningActive_run-08_stimulation.tsv,True,RAW_DOWNLOAD_PENDING
/home/fanyu/auditory_simulation_m6a/pub_01/s06/sparrkulee_v3.1/raw/derivatives/preprocessed_eeg/sub-042/ses-varyingStories03/sub-042_ses-varyingStories03_task-listeningActive_run-09_desc-preproc-audio-podcast_11_eeg.npy,sub-042_ses-varyingStories03_task-listeningActive_run-09_eeg.bdf.gz,/home/fanyu/auditory_simulation_m6a/pub_01/s06/sparrkulee_v3.1/raw/sub-042/ses-varyingStories03/eeg/sub-042_ses-varyingStories03_task-listeningActive_run-09_eeg.bdf.gz,PUBLIC,HOLD,False,0..63 in original order per publisher config,UNKNOWN,EEG per publisher dataset/config,UNKNOWN,UNKNOWN,UNKNOWN,microvolts by MNE volts x 1e6 contract; historical generator revision UNKNOWN,64,publisher highpass/artifact/MWF/CAR/resample; not repeated here,/home/fanyu/auditory_simulation_m6a/pub_01/s06/sparrkulee_v3.1/raw/sub-042/ses-varyingStories03/eeg/sub-042_ses-varyingStories03_task-listeningActive_run-09_stimulation.tsv,True,RAW_DOWNLOAD_PENDING
/home/fanyu/auditory_simulation_m6a/pub_01/s06/sparrkulee_v3.1/raw/derivatives/preprocessed_eeg/sub-043/ses-varyingStories04/sub-043_ses-varyingStories04_task-listeningActive_run-02_desc-preproc-audio-podcast_13_eeg.npy,sub-043_ses-varyingStories04_task-listeningActive_run-02_eeg.bdf.gz,/home/fanyu/auditory_simulation_m6a/pub_01/s06/sparrkulee_v3.1/raw/sub-043/ses-varyingStories04/eeg/sub-043_ses-varyingStories04_task-listeningActive_run-02_eeg.bdf.gz,PUBLIC,HOLD,False,0..63 in original order per publisher config,UNKNOWN,EEG per publisher dataset/config,UNKNOWN,UNKNOWN,UNKNOWN,microvolts by MNE volts x 1e6 contract; historical generator revision UNKNOWN,64,publisher highpass/artifact/MWF/CAR/resample; not repeated here,/home/fanyu/auditory_simulation_m6a/pub_01/s06/sparrkulee_v3.1/raw/sub-043/ses-varyingStories04/eeg/sub-043_ses-varyingStories04_task-listeningActive_run-02_stimulation.tsv,True,RAW_DOWNLOAD_PENDING
/home/fanyu/auditory_simulation_m6a/pub_01/s06/sparrkulee_v3.1/raw/derivatives/preprocessed_eeg/sub-043/ses-varyingStories04/sub-043_ses-varyingStories04_task-listeningActive_run-03_desc-preproc-audio-podcast_14_eeg.npy,sub-043_ses-varyingStories04_task-listeningActive_run-03_eeg.bdf.gz,/home/fanyu/auditory_simulation_m6a/pub_01/s06/sparrkulee_v3.1/raw/sub-043/ses-varyingStories04/eeg/sub-043_ses-varyingStories04_task-listeningActive_run-03_eeg.bdf.gz,PUBLIC,HOLD,False,0..63 in original order per publisher config,UNKNOWN,EEG per publisher dataset/config,UNKNOWN,UNKNOWN,UNKNOWN,microvolts by MNE volts x 1e6 contract; historical generator revision UNKNOWN,64,publisher highpass/artifact/MWF/CAR/resample; not repeated here,/home/fanyu/auditory_simulation_m6a/pub_01/s06/sparrkulee_v3.1/raw/sub-043/ses-varyingStories04/eeg/sub-043_ses-varyingStories04_task-listeningActive_run-03_stimulation.tsv,True,RAW_DOWNLOAD_PENDING
/home/fanyu/auditory_simulation_m6a/pub_01/s06/sparrkulee_v3.1/raw/derivatives/preprocessed_eeg/sub-043/ses-varyingStories04/sub-043_ses-varyingStories04_task-listeningActive_run-04_desc-preproc-audio-audiobook_1_eeg.npy,sub-043_ses-varyingStories04_task-listeningActive_run-04_eeg.bdf.gz,/home/fanyu/auditory_simulation_m6a/pub_01/s06/sparrkulee_v3.1/raw/sub-043/ses-varyingStories04/eeg/sub-043_ses-varyingStories04_task-listeningActive_run-04_eeg.bdf.gz,PUBLIC,HOLD,False,0..63 in original order per publisher config,UNKNOWN,EEG per publisher dataset/config,UNKNOWN,UNKNOWN,UNKNOWN,microvolts by MNE volts x 1e6 contract; historical generator revision UNKNOWN,64,publisher highpass/artifact/MWF/CAR/resample; not repeated here,/home/fanyu/auditory_simulation_m6a/pub_01/s06/sparrkulee_v3.1/raw/sub-043/ses-varyingStories04/eeg/sub-043_ses-varyingStories04_task-listeningActive_run-04_stimulation.tsv,True,RAW_DOWNLOAD_PENDING
/home/fanyu/auditory_simulation_m6a/pub_01/s06/sparrkulee_v3.1/raw/derivatives/preprocessed_eeg/sub-043/ses-varyingStories04/sub-043_ses-varyingStories04_task-listeningActive_run-05_desc-preproc-audio-audiobook_10_1_eeg.npy,sub-043_ses-varyingStories04_task-listeningActive_run-05_eeg.bdf.gz,/home/fanyu/auditory_simulation_m6a/pub_01/s06/sparrkulee_v3.1/raw/sub-043/ses-varyingStories04/eeg/sub-043_ses-varyingStories04_task-listeningActive_run-05_eeg.bdf.gz,PUBLIC,HOLD,False,0..63 in original order per publisher config,UNKNOWN,EEG per publisher dataset/config,UNKNOWN,UNKNOWN,UNKNOWN,microvolts by MNE volts x 1e6 contract; historical generator revision UNKNOWN,64,publisher highpass/artifact/MWF/CAR/resample; not repeated here,/home/fanyu/auditory_simulation_m6a/pub_01/s06/sparrkulee_v3.1/raw/sub-043/ses-varyingStories04/eeg/sub-043_ses-varyingStories04_task-listeningActive_run-05_stimulation.tsv,True,RAW_DOWNLOAD_PENDING
/home/fanyu/auditory_simulation_m6a/pub_01/s06/sparrkulee_v3.1/raw/derivatives/preprocessed_eeg/sub-043/ses-varyingStories04/sub-043_ses-varyingStories04_task-listeningActive_run-06_desc-preproc-audio-audiobook_10_2_eeg.npy,sub-043_ses-varyingStories04_task-listeningActive_run-06_eeg.bdf.gz,/home/fanyu/auditory_simulation_m6a/pub_01/s06/sparrkulee_v3.1/raw/sub-043/ses-varyingStories04/eeg/sub-043_ses-varyingStories04_task-listeningActive_run-06_eeg.bdf.gz,PUBLIC,HOLD,False,0..63 in original order per publisher config,UNKNOWN,EEG per publisher dataset/config,UNKNOWN,UNKNOWN,UNKNOWN,microvolts by MNE volts x 1e6 contract; historical generator revision UNKNOWN,64,publisher highpass/artifact/MWF/CAR/resample; not repeated here,/home/fanyu/auditory_simulation_m6a/pub_01/s06/sparrkulee_v3.1/raw/sub-043/ses-varyingStories04/eeg/sub-043_ses-varyingStories04_task-listeningActive_run-06_stimulation.tsv,True,RAW_DOWNLOAD_PENDING
/home/fanyu/auditory_simulation_m6a/pub_01/s06/sparrkulee_v3.1/raw/derivatives/preprocessed_eeg/sub-043/ses-varyingStories04/sub-043_ses-varyingStories04_task-listeningActive_run-07_desc-preproc-audio-podcast_15_eeg.npy,sub-043_ses-varyingStories04_task-listeningActive_run-07_eeg.bdf.gz,/home/fanyu/auditory_simulation_m6a/pub_01/s06/sparrkulee_v3.1/raw/sub-043/ses-varyingStories04/eeg/sub-043_ses-varyingStories04_task-listeningActive_run-07_eeg.bdf.gz,PUBLIC,HOLD,False,0..63 in original order per publisher config,UNKNOWN,EEG per publisher dataset/config,UNKNOWN,UNKNOWN,UNKNOWN,microvolts by MNE volts x 1e6 contract; historical generator revision UNKNOWN,64,publisher highpass/artifact/MWF/CAR/resample; not repeated here,/home/fanyu/auditory_simulation_m6a/pub_01/s06/sparrkulee_v3.1/raw/sub-043/ses-varyingStories04/eeg/sub-043_ses-varyingStories04_task-listeningActive_run-07_stimulation.tsv,True,RAW_DOWNLOAD_PENDING
/home/fanyu/auditory_simulation_m6a/pub_01/s06/sparrkulee_v3.1/raw/derivatives/preprocessed_eeg/sub-043/ses-varyingStories04/sub-043_ses-varyingStories04_task-listeningActive_run-09_desc-preproc-audio-podcast_10_eeg.npy,sub-043_ses-varyingStories04_task-listeningActive_run-09_eeg.bdf.gz,/home/fanyu/auditory_simulation_m6a/pub_01/s06/sparrkulee_v3.1/raw/sub-043/ses-varyingStories04/eeg/sub-043_ses-varyingStories04_task-listeningActive_run-09_eeg.bdf.gz,PUBLIC,HOLD,False,0..63 in original order per publisher config,UNKNOWN,EEG per publisher dataset/config,UNKNOWN,UNKNOWN,UNKNOWN,microvolts by MNE volts x 1e6 contract; historical generator revision UNKNOWN,64,publisher highpass/artifact/MWF/CAR/resample; not repeated here,/home/fanyu/auditory_simulation_m6a/pub_01/s06/sparrkulee_v3.1/raw/sub-043/ses-varyingStories04/eeg/sub-043_ses-varyingStories04_task-listeningActive_run-09_stimulation.tsv,True,RAW_DOWNLOAD_PENDING
/home/fanyu/auditory_simulation_m6a/pub_01/s06/sparrkulee_v3.1/raw/derivatives/preprocessed_eeg/sub-044/ses-varyingStories04/sub-044_ses-varyingStories04_task-listeningActive_run-02_desc-preproc-audio-podcast_13_eeg.npy,sub-044_ses-varyingStories04_task-listeningActive_run-02_eeg.bdf.gz,/home/fanyu/auditory_simulation_m6a/pub_01/s06/sparrkulee_v3.1/raw/sub-044/ses-varyingStories04/eeg/sub-044_ses-varyingStories04_task-listeningActive_run-02_eeg.bdf.gz,PUBLIC,HOLD,False,0..63 in original order per publisher config,UNKNOWN,EEG per publisher dataset/config,UNKNOWN,UNKNOWN,UNKNOWN,microvolts by MNE volts x 1e6 contract; historical generator revision UNKNOWN,64,publisher highpass/artifact/MWF/CAR/resample; not repeated here,/home/fanyu/auditory_simulation_m6a/pub_01/s06/sparrkulee_v3.1/raw/sub-044/ses-varyingStories04/eeg/sub-044_ses-varyingStories04_task-listeningActive_run-02_stimulation.tsv,True,RAW_DOWNLOAD_PENDING
/home/fanyu/auditory_simulation_m6a/pub_01/s06/sparrkulee_v3.1/raw/derivatives/preprocessed_eeg/sub-044/ses-varyingStories04/sub-044_ses-varyingStories04_task-listeningActive_run-03_desc-preproc-audio-audiobook_1_eeg.npy,sub-044_ses-varyingStories04_task-listeningActive_run-03_eeg.bdf.gz,/home/fanyu/auditory_simulation_m6a/pub_01/s06/sparrkulee_v3.1/raw/sub-044/ses-varyingStories04/eeg/sub-044_ses-varyingStories04_task-listeningActive_run-03_eeg.bdf.gz,PUBLIC,HOLD,False,0..63 in original order per publisher config,UNKNOWN,EEG per publisher dataset/config,UNKNOWN,UNKNOWN,UNKNOWN,microvolts by MNE volts x 1e6 contract; historical generator revision UNKNOWN,64,publisher highpass/artifact/MWF/CAR/resample; not repeated here,/home/fanyu/auditory_simulation_m6a/pub_01/s06/sparrkulee_v3.1/raw/sub-044/ses-varyingStories04/eeg/sub-044_ses-varyingStories04_task-listeningActive_run-03_stimulation.tsv,True,RAW_DOWNLOAD_PENDING
/home/fanyu/auditory_simulation_m6a/pub_01/s06/sparrkulee_v3.1/raw/derivatives/preprocessed_eeg/sub-044/ses-varyingStories04/sub-044_ses-varyingStories04_task-listeningActive_run-04_desc-preproc-audio-audiobook_10_1_eeg.npy,sub-044_ses-varyingStories04_task-listeningActive_run-04_eeg.bdf.gz,/home/fanyu/auditory_simulation_m6a/pub_01/s06/sparrkulee_v3.1/raw/sub-044/ses-varyingStories04/eeg/sub-044_ses-varyingStories04_task-listeningActive_run-04_eeg.bdf.gz,PUBLIC,HOLD,False,0..63 in original order per publisher config,UNKNOWN,EEG per publisher dataset/config,UNKNOWN,UNKNOWN,UNKNOWN,microvolts by MNE volts x 1e6 contract; historical generator revision UNKNOWN,64,publisher highpass/artifact/MWF/CAR/resample; not repeated here,/home/fanyu/auditory_simulation_m6a/pub_01/s06/sparrkulee_v3.1/raw/sub-044/ses-varyingStories04/eeg/sub-044_ses-varyingStories04_task-listeningActive_run-04_stimulation.tsv,True,RAW_DOWNLOAD_PENDING
/home/fanyu/auditory_simulation_m6a/pub_01/s06/sparrkulee_v3.1/raw/derivatives/preprocessed_eeg/sub-044/ses-varyingStories04/sub-044_ses-varyingStories04_task-listeningActive_run-05_desc-preproc-audio-audiobook_10_2_eeg.npy,sub-044_ses-varyingStories04_task-listeningActive_run-05_eeg.bdf.gz,/home/fanyu/auditory_simulation_m6a/pub_01/s06/sparrkulee_v3.1/raw/sub-044/ses-varyingStories04/eeg/sub-044_ses-varyingStories04_task-listeningActive_run-05_eeg.bdf.gz,PUBLIC,HOLD,False,0..63 in original order per publisher config,UNKNOWN,EEG per publisher dataset/config,UNKNOWN,UNKNOWN,UNKNOWN,microvolts by MNE volts x 1e6 contract; historical generator revision UNKNOWN,64,publisher highpass/artifact/MWF/CAR/resample; not repeated here,/home/fanyu/auditory_simulation_m6a/pub_01/s06/sparrkulee_v3.1/raw/sub-044/ses-varyingStories04/eeg/sub-044_ses-varyingStories04_task-listeningActive_run-05_stimulation.tsv,True,RAW_DOWNLOAD_PENDING
/home/fanyu/auditory_simulation_m6a/pub_01/s06/sparrkulee_v3.1/raw/derivatives/preprocessed_eeg/sub-044/ses-varyingStories04/sub-044_ses-varyingStories04_task-listeningActive_run-06_desc-preproc-audio-podcast_14_eeg.npy,sub-044_ses-varyingStories04_task-listeningActive_run-06_eeg.bdf.gz,/home/fanyu/auditory_simulation_m6a/pub_01/s06/sparrkulee_v3.1/raw/sub-044/ses-varyingStories04/eeg/sub-044_ses-varyingStories04_task-listeningActive_run-06_eeg.bdf.gz,PUBLIC,HOLD,False,0..63 in original order per publisher config,UNKNOWN,EEG per publisher dataset/config,UNKNOWN,UNKNOWN,UNKNOWN,microvolts by MNE volts x 1e6 contract; historical generator revision UNKNOWN,64,publisher highpass/artifact/MWF/CAR/resample; not repeated here,/home/fanyu/auditory_simulation_m6a/pub_01/s06/sparrkulee_v3.1/raw/sub-044/ses-varyingStories04/eeg/sub-044_ses-varyingStories04_task-listeningActive_run-06_stimulation.tsv,True,RAW_DOWNLOAD_PENDING
/home/fanyu/auditory_simulation_m6a/pub_01/s06/sparrkulee_v3.1/raw/derivatives/preprocessed_eeg/sub-044/ses-varyingStories04/sub-044_ses-varyingStories04_task-listeningActive_run-08_desc-preproc-audio-podcast_15_eeg.npy,sub-044_ses-varyingStories04_task-listeningActive_run-08_eeg.bdf.gz,/home/fanyu/auditory_simulation_m6a/pub_01/s06/sparrkulee_v3.1/raw/sub-044/ses-varyingStories04/eeg/sub-044_ses-varyingStories04_task-listeningActive_run-08_eeg.bdf.gz,PUBLIC,HOLD,False,0..63 in original order per publisher config,UNKNOWN,EEG per publisher dataset/config,UNKNOWN,UNKNOWN,UNKNOWN,microvolts by MNE volts x 1e6 contract; historical generator revision UNKNOWN,64,publisher highpass/artifact/MWF/CAR/resample; not repeated here,/home/fanyu/auditory_simulation_m6a/pub_01/s06/sparrkulee_v3.1/raw/sub-044/ses-varyingStories04/eeg/sub-044_ses-varyingStories04_task-listeningActive_run-08_stimulation.tsv,True,RAW_DOWNLOAD_PENDING
/home/fanyu/auditory_simulation_m6a/pub_01/s06/sparrkulee_v3.1/raw/derivatives/preprocessed_eeg/sub-044/ses-varyingStories04/sub-044_ses-varyingStories04_task-listeningActive_run-09_desc-preproc-audio-podcast_10_eeg.npy,sub-044_ses-varyingStories04_task-listeningActive_run-09_eeg.bdf.gz,/home/fanyu/auditory_simulation_m6a/pub_01/s06/sparrkulee_v3.1/raw/sub-044/ses-varyingStories04/eeg/sub-044_ses-varyingStories04_task-listeningActive_run-09_eeg.bdf.gz,PUBLIC,HOLD,False,0..63 in original order per publisher config,UNKNOWN,EEG per publisher dataset/config,UNKNOWN,UNKNOWN,UNKNOWN,microvolts by MNE volts x 1e6 contract; historical generator revision UNKNOWN,64,publisher highpass/artifact/MWF/CAR/resample; not repeated here,/home/fanyu/auditory_simulation_m6a/pub_01/s06/sparrkulee_v3.1/raw/sub-044/ses-varyingStories04/eeg/sub-044_ses-varyingStories04_task-listeningActive_run-09_stimulation.tsv,True,RAW_DOWNLOAD_PENDING
/home/fanyu/auditory_simulation_m6a/pub_01/s06/sparrkulee_v3.1/raw/derivatives/preprocessed_eeg/sub-045/ses-varyingStories04/sub-045_ses-varyingStories04_task-listeningActive_run-01_desc-preproc-audio-audiobook_10_1_eeg.npy,sub-045_ses-varyingStories04_task-listeningActive_run-01_eeg.bdf.gz,/home/fanyu/auditory_simulation_m6a/pub_01/s06/sparrkulee_v3.1/raw/sub-045/ses-varyingStories04/eeg/sub-045_ses-varyingStories04_task-listeningActive_run-01_eeg.bdf.gz,PUBLIC,HOLD,False,0..63 in original order per publisher config,UNKNOWN,EEG per publisher dataset/config,UNKNOWN,UNKNOWN,UNKNOWN,microvolts by MNE volts x 1e6 contract; historical generator revision UNKNOWN,64,publisher highpass/artifact/MWF/CAR/resample; not repeated here,/home/fanyu/auditory_simulation_m6a/pub_01/s06/sparrkulee_v3.1/raw/sub-045/ses-varyingStories04/eeg/sub-045_ses-varyingStories04_task-listeningActive_run-01_stimulation.tsv,True,RAW_DOWNLOAD_PENDING
/home/fanyu/auditory_simulation_m6a/pub_01/s06/sparrkulee_v3.1/raw/derivatives/preprocessed_eeg/sub-045/ses-varyingStories04/sub-045_ses-varyingStories04_task-listeningActive_run-02_desc-preproc-audio-audiobook_10_2_eeg.npy,sub-045_ses-varyingStories04_task-listeningActive_run-02_eeg.bdf.gz,/home/fanyu/auditory_simulation_m6a/pub_01/s06/sparrkulee_v3.1/raw/sub-045/ses-varyingStories04/eeg/sub-045_ses-varyingStories04_task-listeningActive_run-02_eeg.bdf.gz,PUBLIC,HOLD,False,0..63 in original order per publisher config,UNKNOWN,EEG per publisher dataset/config,UNKNOWN,UNKNOWN,UNKNOWN,microvolts by MNE volts x 1e6 contract; historical generator revision UNKNOWN,64,publisher highpass/artifact/MWF/CAR/resample; not repeated here,/home/fanyu/auditory_simulation_m6a/pub_01/s06/sparrkulee_v3.1/raw/sub-045/ses-varyingStories04/eeg/sub-045_ses-varyingStories04_task-listeningActive_run-02_stimulation.tsv,True,RAW_DOWNLOAD_PENDING
/home/fanyu/auditory_simulation_m6a/pub_01/s06/sparrkulee_v3.1/raw/derivatives/preprocessed_eeg/sub-045/ses-varyingStories04/sub-045_ses-varyingStories04_task-listeningActive_run-04_desc-preproc-audio-podcast_13_eeg.npy,sub-045_ses-varyingStories04_task-listeningActive_run-04_eeg.bdf.gz,/home/fanyu/auditory_simulation_m6a/pub_01/s06/sparrkulee_v3.1/raw/sub-045/ses-varyingStories04/eeg/sub-045_ses-varyingStories04_task-listeningActive_run-04_eeg.bdf.gz,PUBLIC,HOLD,False,0..63 in original order per publisher config,UNKNOWN,EEG per publisher dataset/config,UNKNOWN,UNKNOWN,UNKNOWN,microvolts by MNE volts x 1e6 contract; historical generator revision UNKNOWN,64,publisher highpass/artifact/MWF/CAR/resample; not repeated here,/home/fanyu/auditory_simulation_m6a/pub_01/s06/sparrkulee_v3.1/raw/sub-045/ses-varyingStories04/eeg/sub-045_ses-varyingStories04_task-listeningActive_run-04_stimulation.tsv,True,RAW_DOWNLOAD_PENDING
/home/fanyu/auditory_simulation_m6a/pub_01/s06/sparrkulee_v3.1/raw/derivatives/preprocessed_eeg/sub-045/ses-varyingStories04/sub-045_ses-varyingStories04_task-listeningActive_run-05_desc-preproc-audio-podcast_10_eeg.npy,sub-045_ses-varyingStories04_task-listeningActive_run-05_eeg.bdf.gz,/home/fanyu/auditory_simulation_m6a/pub_01/s06/sparrkulee_v3.1/raw/sub-045/ses-varyingStories04/eeg/sub-045_ses-varyingStories04_task-listeningActive_run-05_eeg.bdf.gz,PUBLIC,HOLD,False,0..63 in original order per publisher config,UNKNOWN,EEG per publisher dataset/config,UNKNOWN,UNKNOWN,UNKNOWN,microvolts by MNE volts x 1e6 contract; historical generator revision UNKNOWN,64,publisher highpass/artifact/MWF/CAR/resample; not repeated here,/home/fanyu/auditory_simulation_m6a/pub_01/s06/sparrkulee_v3.1/raw/sub-045/ses-varyingStories04/eeg/sub-045_ses-varyingStories04_task-listeningActive_run-05_stimulation.tsv,True,RAW_DOWNLOAD_PENDING
/home/fanyu/auditory_simulation_m6a/pub_01/s06/sparrkulee_v3.1/raw/derivatives/preprocessed_eeg/sub-045/ses-varyingStories04/sub-045_ses-varyingStories04_task-listeningActive_run-06_desc-preproc-audio-podcast_14_eeg.npy,sub-045_ses-varyingStories04_task-listeningActive_run-06_eeg.bdf.gz,/home/fanyu/auditory_simulation_m6a/pub_01/s06/sparrkulee_v3.1/raw/sub-045/ses-varyingStories04/eeg/sub-045_ses-varyingStories04_task-listeningActive_run-06_eeg.bdf.gz,PUBLIC,HOLD,False,0..63 in original order per publisher config,UNKNOWN,EEG per publisher dataset/config,UNKNOWN,UNKNOWN,UNKNOWN,microvolts by MNE volts x 1e6 contract; historical generator revision UNKNOWN,64,publisher highpass/artifact/MWF/CAR/resample; not repeated here,/home/fanyu/auditory_simulation_m6a/pub_01/s06/sparrkulee_v3.1/raw/sub-045/ses-varyingStories04/eeg/sub-045_ses-varyingStories04_task-listeningActive_run-06_stimulation.tsv,True,RAW_DOWNLOAD_PENDING
/home/fanyu/auditory_simulation_m6a/pub_01/s06/sparrkulee_v3.1/raw/derivatives/preprocessed_eeg/sub-045/ses-varyingStories04/sub-045_ses-varyingStories04_task-listeningActive_run-07_desc-preproc-audio-audiobook_1_eeg.npy,sub-045_ses-varyingStories04_task-listeningActive_run-07_eeg.bdf.gz,/home/fanyu/auditory_simulation_m6a/pub_01/s06/sparrkulee_v3.1/raw/sub-045/ses-varyingStories04/eeg/sub-045_ses-varyingStories04_task-listeningActive_run-07_eeg.bdf.gz,PUBLIC,HOLD,False,0..63 in original order per publisher config,UNKNOWN,EEG per publisher dataset/config,UNKNOWN,UNKNOWN,UNKNOWN,microvolts by MNE volts x 1e6 contract; historical generator revision UNKNOWN,64,publisher highpass/artifact/MWF/CAR/resample; not repeated here,/home/fanyu/auditory_simulation_m6a/pub_01/s06/sparrkulee_v3.1/raw/sub-045/ses-varyingStories04/eeg/sub-045_ses-varyingStories04_task-listeningActive_run-07_stimulation.tsv,True,RAW_DOWNLOAD_PENDING
/home/fanyu/auditory_simulation_m6a/pub_01/s06/sparrkulee_v3.1/raw/derivatives/preprocessed_eeg/sub-045/ses-varyingStories04/sub-045_ses-varyingStories04_task-listeningActive_run-08_desc-preproc-audio-podcast_15_eeg.npy,sub-045_ses-varyingStories04_task-listeningActive_run-08_eeg.bdf.gz,/home/fanyu/auditory_simulation_m6a/pub_01/s06/sparrkulee_v3.1/raw/sub-045/ses-varyingStories04/eeg/sub-045_ses-varyingStories04_task-listeningActive_run-08_eeg.bdf.gz,PUBLIC,HOLD,False,0..63 in original order per publisher config,UNKNOWN,EEG per publisher dataset/config,UNKNOWN,UNKNOWN,UNKNOWN,microvolts by MNE volts x 1e6 contract; historical generator revision UNKNOWN,64,publisher highpass/artifact/MWF/CAR/resample; not repeated here,/home/fanyu/auditory_simulation_m6a/pub_01/s06/sparrkulee_v3.1/raw/sub-045/ses-varyingStories04/eeg/sub-045_ses-varyingStories04_task-listeningActive_run-08_stimulation.tsv,True,RAW_DOWNLOAD_PENDING
/home/fanyu/auditory_simulation_m6a/pub_01/s06/sparrkulee_v3.1/raw/derivatives/preprocessed_eeg/sub-046/ses-varyingStories04/sub-046_ses-varyingStories04_task-listeningActive_run-01_desc-preproc-audio-podcast_13_eeg.npy,sub-046_ses-varyingStories04_task-listeningActive_run-01_eeg.bdf.gz,/home/fanyu/auditory_simulation_m6a/pub_01/s06/sparrkulee_v3.1/raw/sub-046/ses-varyingStories04/eeg/sub-046_ses-varyingStories04_task-listeningActive_run-01_eeg.bdf.gz,PUBLIC,HOLD,False,0..63 in original order per publisher config,UNKNOWN,EEG per publisher dataset/config,UNKNOWN,UNKNOWN,UNKNOWN,microvolts by MNE volts x 1e6 contract; historical generator revision UNKNOWN,64,publisher highpass/artifact/MWF/CAR/resample; not repeated here,/home/fanyu/auditory_simulation_m6a/pub_01/s06/sparrkulee_v3.1/raw/sub-046/ses-varyingStories04/eeg/sub-046_ses-varyingStories04_task-listeningActive_run-01_stimulation.tsv,True,RAW_DOWNLOAD_PENDING
/home/fanyu/auditory_simulation_m6a/pub_01/s06/sparrkulee_v3.1/raw/derivatives/preprocessed_eeg/sub-046/ses-varyingStories04/sub-046_ses-varyingStories04_task-listeningActive_run-02_desc-preproc-audio-podcast_10_eeg.npy,sub-046_ses-varyingStories04_task-listeningActive_run-02_eeg.bdf.gz,/home/fanyu/auditory_simulation_m6a/pub_01/s06/sparrkulee_v3.1/raw/sub-046/ses-varyingStories04/eeg/sub-046_ses-varyingStories04_task-listeningActive_run-02_eeg.bdf.gz,PUBLIC,HOLD,False,0..63 in original order per publisher config,UNKNOWN,EEG per publisher dataset/config,UNKNOWN,UNKNOWN,UNKNOWN,microvolts by MNE volts x 1e6 contract; historical generator revision UNKNOWN,64,publisher highpass/artifact/MWF/CAR/resample; not repeated here,/home/fanyu/auditory_simulation_m6a/pub_01/s06/sparrkulee_v3.1/raw/sub-046/ses-varyingStories04/eeg/sub-046_ses-varyingStories04_task-listeningActive_run-02_stimulation.tsv,True,RAW_DOWNLOAD_PENDING
/home/fanyu/auditory_simulation_m6a/pub_01/s06/sparrkulee_v3.1/raw/derivatives/preprocessed_eeg/sub-046/ses-varyingStories04/sub-046_ses-varyingStories04_task-listeningActive_run-04_desc-preproc-audio-podcast_14_eeg.npy,sub-046_ses-varyingStories04_task-listeningActive_run-04_eeg.bdf.gz,/home/fanyu/auditory_simulation_m6a/pub_01/s06/sparrkulee_v3.1/raw/sub-046/ses-varyingStories04/eeg/sub-046_ses-varyingStories04_task-listeningActive_run-04_eeg.bdf.gz,PUBLIC,HOLD,False,0..63 in original order per publisher config,UNKNOWN,EEG per publisher dataset/config,UNKNOWN,UNKNOWN,UNKNOWN,microvolts by MNE volts x 1e6 contract; historical generator revision UNKNOWN,64,publisher highpass/artifact/MWF/CAR/resample; not repeated here,/home/fanyu/auditory_simulation_m6a/pub_01/s06/sparrkulee_v3.1/raw/sub-046/ses-varyingStories04/eeg/sub-046_ses-varyingStories04_task-listeningActive_run-04_stimulation.tsv,True,RAW_DOWNLOAD_PENDING
/home/fanyu/auditory_simulation_m6a/pub_01/s06/sparrkulee_v3.1/raw/derivatives/preprocessed_eeg/sub-046/ses-varyingStories04/sub-046_ses-varyingStories04_task-listeningActive_run-06_desc-preproc-audio-audiobook_10_1_eeg.npy,sub-046_ses-varyingStories04_task-listeningActive_run-06_eeg.bdf.gz,/home/fanyu/auditory_simulation_m6a/pub_01/s06/sparrkulee_v3.1/raw/sub-046/ses-varyingStories04/eeg/sub-046_ses-varyingStories04_task-listeningActive_run-06_eeg.bdf.gz,PUBLIC,HOLD,False,0..63 in original order per publisher config,UNKNOWN,EEG per publisher dataset/config,UNKNOWN,UNKNOWN,UNKNOWN,microvolts by MNE volts x 1e6 contract; historical generator revision UNKNOWN,64,publisher highpass/artifact/MWF/CAR/resample; not repeated here,/home/fanyu/auditory_simulation_m6a/pub_01/s06/sparrkulee_v3.1/raw/sub-046/ses-varyingStories04/eeg/sub-046_ses-varyingStories04_task-listeningActive_run-06_stimulation.tsv,True,RAW_DOWNLOAD_PENDING
/home/fanyu/auditory_simulation_m6a/pub_01/s06/sparrkulee_v3.1/raw/derivatives/preprocessed_eeg/sub-046/ses-varyingStories04/sub-046_ses-varyingStories04_task-listeningActive_run-07_desc-preproc-audio-audiobook_10_2_eeg.npy,sub-046_ses-varyingStories04_task-listeningActive_run-07_eeg.bdf.gz,/home/fanyu/auditory_simulation_m6a/pub_01/s06/sparrkulee_v3.1/raw/sub-046/ses-varyingStories04/eeg/sub-046_ses-varyingStories04_task-listeningActive_run-07_eeg.bdf.gz,PUBLIC,HOLD,False,0..63 in original order per publisher config,UNKNOWN,EEG per publisher dataset/config,UNKNOWN,UNKNOWN,UNKNOWN,microvolts by MNE volts x 1e6 contract; historical generator revision UNKNOWN,64,publisher highpass/artifact/MWF/CAR/resample; not repeated here,/home/fanyu/auditory_simulation_m6a/pub_01/s06/sparrkulee_v3.1/raw/sub-046/ses-varyingStories04/eeg/sub-046_ses-varyingStories04_task-listeningActive_run-07_stimulation.tsv,True,RAW_DOWNLOAD_PENDING
/home/fanyu/auditory_simulation_m6a/pub_01/s06/sparrkulee_v3.1/raw/derivatives/preprocessed_eeg/sub-046/ses-varyingStories04/sub-046_ses-varyingStories04_task-listeningActive_run-08_desc-preproc-audio-audiobook_1_eeg.npy,sub-046_ses-varyingStories04_task-listeningActive_run-08_eeg.bdf.gz,/home/fanyu/auditory_simulation_m6a/pub_01/s06/sparrkulee_v3.1/raw/sub-046/ses-varyingStories04/eeg/sub-046_ses-varyingStories04_task-listeningActive_run-08_eeg.bdf.gz,PUBLIC,HOLD,False,0..63 in original order per publisher config,UNKNOWN,EEG per publisher dataset/config,UNKNOWN,UNKNOWN,UNKNOWN,microvolts by MNE volts x 1e6 contract; historical generator revision UNKNOWN,64,publisher highpass/artifact/MWF/CAR/resample; not repeated here,/home/fanyu/auditory_simulation_m6a/pub_01/s06/sparrkulee_v3.1/raw/sub-046/ses-varyingStories04/eeg/sub-046_ses-varyingStories04_task-listeningActive_run-08_stimulation.tsv,True,RAW_DOWNLOAD_PENDING
/home/fanyu/auditory_simulation_m6a/pub_01/s06/sparrkulee_v3.1/raw/derivatives/preprocessed_eeg/sub-046/ses-varyingStories04/sub-046_ses-varyingStories04_task-listeningActive_run-09_desc-preproc-audio-podcast_15_eeg.npy,sub-046_ses-varyingStories04_task-listeningActive_run-09_eeg.bdf.gz,/home/fanyu/auditory_simulation_m6a/pub_01/s06/sparrkulee_v3.1/raw/sub-046/ses-varyingStories04/eeg/sub-046_ses-varyingStories04_task-listeningActive_run-09_eeg.bdf.gz,PUBLIC,HOLD,False,0..63 in original order per publisher config,UNKNOWN,EEG per publisher dataset/config,UNKNOWN,UNKNOWN,UNKNOWN,microvolts by MNE volts x 1e6 contract; historical generator revision UNKNOWN,64,publisher highpass/artifact/MWF/CAR/resample; not repeated here,/home/fanyu/auditory_simulation_m6a/pub_01/s06/sparrkulee_v3.1/raw/sub-046/ses-varyingStories04/eeg/sub-046_ses-varyingStories04_task-listeningActive_run-09_stimulation.tsv,True,RAW_DOWNLOAD_PENDING
/home/fanyu/auditory_simulation_m6a/pub_01/s06/sparrkulee_v3.1/raw/derivatives/preprocessed_eeg/sub-047/ses-varyingStories05/sub-047_ses-varyingStories05_task-listeningActive_run-01_desc-preproc-audio-audiobook_1_eeg.npy,sub-047_ses-varyingStories05_task-listeningActive_run-01_eeg.bdf.gz,/home/fanyu/auditory_simulation_m6a/pub_01/s06/sparrkulee_v3.1/raw/sub-047/ses-varyingStories05/eeg/sub-047_ses-varyingStories05_task-listeningActive_run-01_eeg.bdf.gz,PUBLIC,HOLD,False,0..63 in original order per publisher config,UNKNOWN,EEG per publisher dataset/config,UNKNOWN,UNKNOWN,UNKNOWN,microvolts by MNE volts x 1e6 contract; historical generator revision UNKNOWN,64,publisher highpass/artifact/MWF/CAR/resample; not repeated here,/home/fanyu/auditory_simulation_m6a/pub_01/s06/sparrkulee_v3.1/raw/sub-047/ses-varyingStories05/eeg/sub-047_ses-varyingStories05_task-listeningActive_run-01_stimulation.tsv,True,RAW_DOWNLOAD_PENDING
/home/fanyu/auditory_simulation_m6a/pub_01/s06/sparrkulee_v3.1/raw/derivatives/preprocessed_eeg/sub-047/ses-varyingStories05/sub-047_ses-varyingStories05_task-listeningActive_run-03_desc-preproc-audio-podcast_18_eeg.npy,sub-047_ses-varyingStories05_task-listeningActive_run-03_eeg.bdf.gz,/home/fanyu/auditory_simulation_m6a/pub_01/s06/sparrkulee_v3.1/raw/sub-047/ses-varyingStories05/eeg/sub-047_ses-varyingStories05_task-listeningActive_run-03_eeg.bdf.gz,PUBLIC,HOLD,False,0..63 in original order per publisher config,UNKNOWN,EEG per publisher dataset/config,UNKNOWN,UNKNOWN,UNKNOWN,microvolts by MNE volts x 1e6 contract; historical generator revision UNKNOWN,64,publisher highpass/artifact/MWF/CAR/resample; not repeated here,/home/fanyu/auditory_simulation_m6a/pub_01/s06/sparrkulee_v3.1/raw/sub-047/ses-varyingStories05/eeg/sub-047_ses-varyingStories05_task-listeningActive_run-03_stimulation.tsv,True,RAW_DOWNLOAD_PENDING
/home/fanyu/auditory_simulation_m6a/pub_01/s06/sparrkulee_v3.1/raw/derivatives/preprocessed_eeg/sub-047/ses-varyingStories05/sub-047_ses-varyingStories05_task-listeningActive_run-04_desc-preproc-audio-audiobook_11_1_eeg.npy,sub-047_ses-varyingStories05_task-listeningActive_run-04_eeg.bdf.gz,/home/fanyu/auditory_simulation_m6a/pub_01/s06/sparrkulee_v3.1/raw/sub-047/ses-varyingStories05/eeg/sub-047_ses-varyingStories05_task-listeningActive_run-04_eeg.bdf.gz,PUBLIC,HOLD,False,0..63 in original order per publisher config,UNKNOWN,EEG per publisher dataset/config,UNKNOWN,UNKNOWN,UNKNOWN,microvolts by MNE volts x 1e6 contract; historical generator revision UNKNOWN,64,publisher highpass/artifact/MWF/CAR/resample; not repeated here,/home/fanyu/auditory_simulation_m6a/pub_01/s06/sparrkulee_v3.1/raw/sub-047/ses-varyingStories05/eeg/sub-047_ses-varyingStories05_task-listeningActive_run-04_stimulation.tsv,True,RAW_DOWNLOAD_PENDING
/home/fanyu/auditory_simulation_m6a/pub_01/s06/sparrkulee_v3.1/raw/derivatives/preprocessed_eeg/sub-047/ses-varyingStories05/sub-047_ses-varyingStories05_task-listeningActive_run-05_desc-preproc-audio-audiobook_11_2_eeg.npy,sub-047_ses-varyingStories05_task-listeningActive_run-05_eeg.bdf.gz,/home/fanyu/auditory_simulation_m6a/pub_01/s06/sparrkulee_v3.1/raw/sub-047/ses-varyingStories05/eeg/sub-047_ses-varyingStories05_task-listeningActive_run-05_eeg.bdf.gz,PUBLIC,HOLD,False,0..63 in original order per publisher config,UNKNOWN,EEG per publisher dataset/config,UNKNOWN,UNKNOWN,UNKNOWN,microvolts by MNE volts x 1e6 contract; historical generator revision UNKNOWN,64,publisher highpass/artifact/MWF/CAR/resample; not repeated here,/home/fanyu/auditory_simulation_m6a/pub_01/s06/sparrkulee_v3.1/raw/sub-047/ses-varyingStories05/eeg/sub-047_ses-varyingStories05_task-listeningActive_run-05_stimulation.tsv,True,RAW_DOWNLOAD_PENDING
/home/fanyu/auditory_simulation_m6a/pub_01/s06/sparrkulee_v3.1/raw/derivatives/preprocessed_eeg/sub-047/ses-varyingStories05/sub-047_ses-varyingStories05_task-listeningActive_run-07_desc-preproc-audio-podcast_19_eeg.npy,sub-047_ses-varyingStories05_task-listeningActive_run-07_eeg.bdf.gz,/home/fanyu/auditory_simulation_m6a/pub_01/s06/sparrkulee_v3.1/raw/sub-047/ses-varyingStories05/eeg/sub-047_ses-varyingStories05_task-listeningActive_run-07_eeg.bdf.gz,PUBLIC,HOLD,False,0..63 in original order per publisher config,UNKNOWN,EEG per publisher dataset/config,UNKNOWN,UNKNOWN,UNKNOWN,microvolts by MNE volts x 1e6 contract; historical generator revision UNKNOWN,64,publisher highpass/artifact/MWF/CAR/resample; not repeated here,/home/fanyu/auditory_simulation_m6a/pub_01/s06/sparrkulee_v3.1/raw/sub-047/ses-varyingStories05/eeg/sub-047_ses-varyingStories05_task-listeningActive_run-07_stimulation.tsv,True,RAW_DOWNLOAD_PENDING
/home/fanyu/auditory_simulation_m6a/pub_01/s06/sparrkulee_v3.1/raw/derivatives/preprocessed_eeg/sub-047/ses-varyingStories05/sub-047_ses-varyingStories05_task-listeningActive_run-08_desc-preproc-audio-podcast_17_eeg.npy,sub-047_ses-varyingStories05_task-listeningActive_run-08_eeg.bdf.gz,/home/fanyu/auditory_simulation_m6a/pub_01/s06/sparrkulee_v3.1/raw/sub-047/ses-varyingStories05/eeg/sub-047_ses-varyingStories05_task-listeningActive_run-08_eeg.bdf.gz,PUBLIC,HOLD,False,0..63 in original order per publisher config,UNKNOWN,EEG per publisher dataset/config,UNKNOWN,UNKNOWN,UNKNOWN,microvolts by MNE volts x 1e6 contract; historical generator revision UNKNOWN,64,publisher highpass/artifact/MWF/CAR/resample; not repeated here,/home/fanyu/auditory_simulation_m6a/pub_01/s06/sparrkulee_v3.1/raw/sub-047/ses-varyingStories05/eeg/sub-047_ses-varyingStories05_task-listeningActive_run-08_stimulation.tsv,True,RAW_DOWNLOAD_PENDING
/home/fanyu/auditory_simulation_m6a/pub_01/s06/sparrkulee_v3.1/raw/derivatives/preprocessed_eeg/sub-047/ses-varyingStories05/sub-047_ses-varyingStories05_task-listeningActive_run-09_desc-preproc-audio-podcast_16_eeg.npy,sub-047_ses-varyingStories05_task-listeningActive_run-09_eeg.bdf.gz,/home/fanyu/auditory_simulation_m6a/pub_01/s06/sparrkulee_v3.1/raw/sub-047/ses-varyingStories05/eeg/sub-047_ses-varyingStories05_task-listeningActive_run-09_eeg.bdf.gz,PUBLIC,HOLD,False,0..63 in original order per publisher config,UNKNOWN,EEG per publisher dataset/config,UNKNOWN,UNKNOWN,UNKNOWN,microvolts by MNE volts x 1e6 contract; historical generator revision UNKNOWN,64,publisher highpass/artifact/MWF/CAR/resample; not repeated here,/home/fanyu/auditory_simulation_m6a/pub_01/s06/sparrkulee_v3.1/raw/sub-047/ses-varyingStories05/eeg/sub-047_ses-varyingStories05_task-listeningActive_run-09_stimulation.tsv,True,RAW_DOWNLOAD_PENDING
/home/fanyu/auditory_simulation_m6a/pub_01/s06/sparrkulee_v3.1/raw/derivatives/preprocessed_eeg/sub-048/ses-varyingStories05/sub-048_ses-varyingStories05_task-listeningActive_run-01_desc-preproc-audio-podcast_17_eeg.npy,sub-048_ses-varyingStories05_task-listeningActive_run-01_eeg.bdf.gz,/home/fanyu/auditory_simulation_m6a/pub_01/s06/sparrkulee_v3.1/raw/sub-048/ses-varyingStories05/eeg/sub-048_ses-varyingStories05_task-listeningActive_run-01_eeg.bdf.gz,PUBLIC,HOLD,False,0..63 in original order per publisher config,UNKNOWN,EEG per publisher dataset/config,UNKNOWN,UNKNOWN,UNKNOWN,microvolts by MNE volts x 1e6 contract; historical generator revision UNKNOWN,64,publisher highpass/artifact/MWF/CAR/resample; not repeated here,/home/fanyu/auditory_simulation_m6a/pub_01/s06/sparrkulee_v3.1/raw/sub-048/ses-varyingStories05/eeg/sub-048_ses-varyingStories05_task-listeningActive_run-01_stimulation.tsv,True,RAW_DOWNLOAD_PENDING
/home/fanyu/auditory_simulation_m6a/pub_01/s06/sparrkulee_v3.1/raw/derivatives/preprocessed_eeg/sub-048/ses-varyingStories05/sub-048_ses-varyingStories05_task-listeningActive_run-02_desc-preproc-audio-podcast_16_eeg.npy,sub-048_ses-varyingStories05_task-listeningActive_run-02_eeg.bdf.gz,/home/fanyu/auditory_simulation_m6a/pub_01/s06/sparrkulee_v3.1/raw/sub-048/ses-varyingStories05/eeg/sub-048_ses-varyingStories05_task-listeningActive_run-02_eeg.bdf.gz,PUBLIC,HOLD,False,0..63 in original order per publisher config,UNKNOWN,EEG per publisher dataset/config,UNKNOWN,UNKNOWN,UNKNOWN,microvolts by MNE volts x 1e6 contract; historical generator revision UNKNOWN,64,publisher highpass/artifact/MWF/CAR/resample; not repeated here,/home/fanyu/auditory_simulation_m6a/pub_01/s06/sparrkulee_v3.1/raw/sub-048/ses-varyingStories05/eeg/sub-048_ses-varyingStories05_task-listeningActive_run-02_stimulation.tsv,True,RAW_DOWNLOAD_PENDING
/home/fanyu/auditory_simulation_m6a/pub_01/s06/sparrkulee_v3.1/raw/derivatives/preprocessed_eeg/sub-048/ses-varyingStories05/sub-048_ses-varyingStories05_task-listeningActive_run-05_desc-preproc-audio-audiobook_11_1_eeg.npy,sub-048_ses-varyingStories05_task-listeningActive_run-05_eeg.bdf.gz,/home/fanyu/auditory_simulation_m6a/pub_01/s06/sparrkulee_v3.1/raw/sub-048/ses-varyingStories05/eeg/sub-048_ses-varyingStories05_task-listeningActive_run-05_eeg.bdf.gz,PUBLIC,HOLD,False,0..63 in original order per publisher config,UNKNOWN,EEG per publisher dataset/config,UNKNOWN,UNKNOWN,UNKNOWN,microvolts by MNE volts x 1e6 contract; historical generator revision UNKNOWN,64,publisher highpass/artifact/MWF/CAR/resample; not repeated here,/home/fanyu/auditory_simulation_m6a/pub_01/s06/sparrkulee_v3.1/raw/sub-048/ses-varyingStories05/eeg/sub-048_ses-varyingStories05_task-listeningActive_run-05_stimulation.tsv,True,RAW_DOWNLOAD_PENDING
/home/fanyu/auditory_simulation_m6a/pub_01/s06/sparrkulee_v3.1/raw/derivatives/preprocessed_eeg/sub-048/ses-varyingStories05/sub-048_ses-varyingStories05_task-listeningActive_run-06_desc-preproc-audio-audiobook_11_2_eeg.npy,sub-048_ses-varyingStories05_task-listeningActive_run-06_eeg.bdf.gz,/home/fanyu/auditory_simulation_m6a/pub_01/s06/sparrkulee_v3.1/raw/sub-048/ses-varyingStories05/eeg/sub-048_ses-varyingStories05_task-listeningActive_run-06_eeg.bdf.gz,PUBLIC,HOLD,False,0..63 in original order per publisher config,UNKNOWN,EEG per publisher dataset/config,UNKNOWN,UNKNOWN,UNKNOWN,microvolts by MNE volts x 1e6 contract; historical generator revision UNKNOWN,64,publisher highpass/artifact/MWF/CAR/resample; not repeated here,/home/fanyu/auditory_simulation_m6a/pub_01/s06/sparrkulee_v3.1/raw/sub-048/ses-varyingStories05/eeg/sub-048_ses-varyingStories05_task-listeningActive_run-06_stimulation.tsv,True,RAW_DOWNLOAD_PENDING
/home/fanyu/auditory_simulation_m6a/pub_01/s06/sparrkulee_v3.1/raw/derivatives/preprocessed_eeg/sub-048/ses-varyingStories05/sub-048_ses-varyingStories05_task-listeningActive_run-08_desc-preproc-audio-podcast_19_eeg.npy,sub-048_ses-varyingStories05_task-listeningActive_run-08_eeg.bdf.gz,/home/fanyu/auditory_simulation_m6a/pub_01/s06/sparrkulee_v3.1/raw/sub-048/ses-varyingStories05/eeg/sub-048_ses-varyingStories05_task-listeningActive_run-08_eeg.bdf.gz,PUBLIC,HOLD,False,0..63 in original order per publisher config,UNKNOWN,EEG per publisher dataset/config,UNKNOWN,UNKNOWN,UNKNOWN,microvolts by MNE volts x 1e6 contract; historical generator revision UNKNOWN,64,publisher highpass/artifact/MWF/CAR/resample; not repeated here,/home/fanyu/auditory_simulation_m6a/pub_01/s06/sparrkulee_v3.1/raw/sub-048/ses-varyingStories05/eeg/sub-048_ses-varyingStories05_task-listeningActive_run-08_stimulation.tsv,True,RAW_DOWNLOAD_PENDING
/home/fanyu/auditory_simulation_m6a/pub_01/s06/sparrkulee_v3.1/raw/derivatives/preprocessed_eeg/sub-048/ses-varyingStories05/sub-048_ses-varyingStories05_task-listeningActive_run-09_desc-preproc-audio-audiobook_1_eeg.npy,sub-048_ses-varyingStories05_task-listeningActive_run-09_eeg.bdf.gz,/home/fanyu/auditory_simulation_m6a/pub_01/s06/sparrkulee_v3.1/raw/sub-048/ses-varyingStories05/eeg/sub-048_ses-varyingStories05_task-listeningActive_run-09_eeg.bdf.gz,PUBLIC,HOLD,False,0..63 in original order per publisher config,UNKNOWN,EEG per publisher dataset/config,UNKNOWN,UNKNOWN,UNKNOWN,microvolts by MNE volts x 1e6 contract; historical generator revision UNKNOWN,64,publisher highpass/artifact/MWF/CAR/resample; not repeated here,/home/fanyu/auditory_simulation_m6a/pub_01/s06/sparrkulee_v3.1/raw/sub-048/ses-varyingStories05/eeg/sub-048_ses-varyingStories05_task-listeningActive_run-09_stimulation.tsv,True,RAW_DOWNLOAD_PENDING
/home/fanyu/auditory_simulation_m6a/pub_01/s06/sparrkulee_v3.1/raw/derivatives/preprocessed_eeg/sub-049/ses-varyingStories06/sub-049_ses-varyingStories06_task-listeningActive_run-02_desc-preproc-audio-audiobook_12_1_eeg.npy,sub-049_ses-varyingStories06_task-listeningActive_run-02_eeg.bdf.gz,/home/fanyu/auditory_simulation_m6a/pub_01/s06/sparrkulee_v3.1/raw/sub-049/ses-varyingStories06/eeg/sub-049_ses-varyingStories06_task-listeningActive_run-02_eeg.bdf.gz,PUBLIC,HOLD,False,0..63 in original order per publisher config,UNKNOWN,EEG per publisher dataset/config,UNKNOWN,UNKNOWN,UNKNOWN,microvolts by MNE volts x 1e6 contract; historical generator revision UNKNOWN,64,publisher highpass/artifact/MWF/CAR/resample; not repeated here,/home/fanyu/auditory_simulation_m6a/pub_01/s06/sparrkulee_v3.1/raw/sub-049/ses-varyingStories06/eeg/sub-049_ses-varyingStories06_task-listeningActive_run-02_stimulation.tsv,True,RAW_DOWNLOAD_PENDING
/home/fanyu/auditory_simulation_m6a/pub_01/s06/sparrkulee_v3.1/raw/derivatives/preprocessed_eeg/sub-049/ses-varyingStories06/sub-049_ses-varyingStories06_task-listeningActive_run-03_desc-preproc-audio-audiobook_12_2_eeg.npy,sub-049_ses-varyingStories06_task-listeningActive_run-03_eeg.bdf.gz,/home/fanyu/auditory_simulation_m6a/pub_01/s06/sparrkulee_v3.1/raw/sub-049/ses-varyingStories06/eeg/sub-049_ses-varyingStories06_task-listeningActive_run-03_eeg.bdf.gz,PUBLIC,HOLD,False,0..63 in original order per publisher config,UNKNOWN,EEG per publisher dataset/config,UNKNOWN,UNKNOWN,UNKNOWN,microvolts by MNE volts x 1e6 contract; historical generator revision UNKNOWN,64,publisher highpass/artifact/MWF/CAR/resample; not repeated here,/home/fanyu/auditory_simulation_m6a/pub_01/s06/sparrkulee_v3.1/raw/sub-049/ses-varyingStories06/eeg/sub-049_ses-varyingStories06_task-listeningActive_run-03_stimulation.tsv,True,RAW_DOWNLOAD_PENDING
/home/fanyu/auditory_simulation_m6a/pub_01/s06/sparrkulee_v3.1/raw/derivatives/preprocessed_eeg/sub-049/ses-varyingStories06/sub-049_ses-varyingStories06_task-listeningActive_run-04_desc-preproc-audio-audiobook_1_eeg.npy,sub-049_ses-varyingStories06_task-listeningActive_run-04_eeg.bdf.gz,/home/fanyu/auditory_simulation_m6a/pub_01/s06/sparrkulee_v3.1/raw/sub-049/ses-varyingStories06/eeg/sub-049_ses-varyingStories06_task-listeningActive_run-04_eeg.bdf.gz,PUBLIC,HOLD,False,0..63 in original order per publisher config,UNKNOWN,EEG per publisher dataset/config,UNKNOWN,UNKNOWN,UNKNOWN,microvolts by MNE volts x 1e6 contract; historical generator revision UNKNOWN,64,publisher highpass/artifact/MWF/CAR/resample; not repeated here,/home/fanyu/auditory_simulation_m6a/pub_01/s06/sparrkulee_v3.1/raw/sub-049/ses-varyingStories06/eeg/sub-049_ses-varyingStories06_task-listeningActive_run-04_stimulation.tsv,True,RAW_DOWNLOAD_PENDING
/home/fanyu/auditory_simulation_m6a/pub_01/s06/sparrkulee_v3.1/raw/derivatives/preprocessed_eeg/sub-049/ses-varyingStories06/sub-049_ses-varyingStories06_task-listeningActive_run-05_desc-preproc-audio-podcast_22_eeg.npy,sub-049_ses-varyingStories06_task-listeningActive_run-05_eeg.bdf.gz,/home/fanyu/auditory_simulation_m6a/pub_01/s06/sparrkulee_v3.1/raw/sub-049/ses-varyingStories06/eeg/sub-049_ses-varyingStories06_task-listeningActive_run-05_eeg.bdf.gz,PUBLIC,HOLD,False,0..63 in original order per publisher config,UNKNOWN,EEG per publisher dataset/config,UNKNOWN,UNKNOWN,UNKNOWN,microvolts by MNE volts x 1e6 contract; historical generator revision UNKNOWN,64,publisher highpass/artifact/MWF/CAR/resample; not repeated here,/home/fanyu/auditory_simulation_m6a/pub_01/s06/sparrkulee_v3.1/raw/sub-049/ses-varyingStories06/eeg/sub-049_ses-varyingStories06_task-listeningActive_run-05_stimulation.tsv,True,RAW_DOWNLOAD_PENDING
/home/fanyu/auditory_simulation_m6a/pub_01/s06/sparrkulee_v3.1/raw/derivatives/preprocessed_eeg/sub-049/ses-varyingStories06/sub-049_ses-varyingStories06_task-listeningActive_run-06_desc-preproc-audio-podcast_20_eeg.npy,sub-049_ses-varyingStories06_task-listeningActive_run-06_eeg.bdf.gz,/home/fanyu/auditory_simulation_m6a/pub_01/s06/sparrkulee_v3.1/raw/sub-049/ses-varyingStories06/eeg/sub-049_ses-varyingStories06_task-listeningActive_run-06_eeg.bdf.gz,PUBLIC,HOLD,False,0..63 in original order per publisher config,UNKNOWN,EEG per publisher dataset/config,UNKNOWN,UNKNOWN,UNKNOWN,microvolts by MNE volts x 1e6 contract; historical generator revision UNKNOWN,64,publisher highpass/artifact/MWF/CAR/resample; not repeated here,/home/fanyu/auditory_simulation_m6a/pub_01/s06/sparrkulee_v3.1/raw/sub-049/ses-varyingStories06/eeg/sub-049_ses-varyingStories06_task-listeningActive_run-06_stimulation.tsv,True,RAW_DOWNLOAD_PENDING
/home/fanyu/auditory_simulation_m6a/pub_01/s06/sparrkulee_v3.1/raw/derivatives/preprocessed_eeg/sub-049/ses-varyingStories06/sub-049_ses-varyingStories06_task-listeningActive_run-07_desc-preproc-audio-podcast_23_eeg.npy,sub-049_ses-varyingStories06_task-listeningActive_run-07_eeg.bdf.gz,/home/fanyu/auditory_simulation_m6a/pub_01/s06/sparrkulee_v3.1/raw/sub-049/ses-varyingStories06/eeg/sub-049_ses-varyingStories06_task-listeningActive_run-07_eeg.bdf.gz,PUBLIC,HOLD,False,0..63 in original order per publisher config,UNKNOWN,EEG per publisher dataset/config,UNKNOWN,UNKNOWN,UNKNOWN,microvolts by MNE volts x 1e6 contract; historical generator revision UNKNOWN,64,publisher highpass/artifact/MWF/CAR/resample; not repeated here,/home/fanyu/auditory_simulation_m6a/pub_01/s06/sparrkulee_v3.1/raw/sub-049/ses-varyingStories06/eeg/sub-049_ses-varyingStories06_task-listeningActive_run-07_stimulation.tsv,True,RAW_DOWNLOAD_PENDING
/home/fanyu/auditory_simulation_m6a/pub_01/s06/sparrkulee_v3.1/raw/derivatives/preprocessed_eeg/sub-049/ses-varyingStories06/sub-049_ses-varyingStories06_task-listeningActive_run-09_desc-preproc-audio-podcast_21_eeg.npy,sub-049_ses-varyingStories06_task-listeningActive_run-09_eeg.bdf.gz,/home/fanyu/auditory_simulation_m6a/pub_01/s06/sparrkulee_v3.1/raw/sub-049/ses-varyingStories06/eeg/sub-049_ses-varyingStories06_task-listeningActive_run-09_eeg.bdf.gz,PUBLIC,HOLD,False,0..63 in original order per publisher config,UNKNOWN,EEG per publisher dataset/config,UNKNOWN,UNKNOWN,UNKNOWN,microvolts by MNE volts x 1e6 contract; historical generator revision UNKNOWN,64,publisher highpass/artifact/MWF/CAR/resample; not repeated here,/home/fanyu/auditory_simulation_m6a/pub_01/s06/sparrkulee_v3.1/raw/sub-049/ses-varyingStories06/eeg/sub-049_ses-varyingStories06_task-listeningActive_run-09_stimulation.tsv,True,RAW_DOWNLOAD_PENDING
/home/fanyu/auditory_simulation_m6a/pub_01/s06/sparrkulee_v3.1/raw/derivatives/preprocessed_eeg/sub-050/ses-varyingStories06/sub-050_ses-varyingStories06_task-listeningActive_run-02_desc-preproc-audio-audiobook_12_2_eeg.npy,sub-050_ses-varyingStories06_task-listeningActive_run-02_eeg.bdf.gz,/home/fanyu/auditory_simulation_m6a/pub_01/s06/sparrkulee_v3.1/raw/sub-050/ses-varyingStories06/eeg/sub-050_ses-varyingStories06_task-listeningActive_run-02_eeg.bdf.gz,PUBLIC,HOLD,False,0..63 in original order per publisher config,UNKNOWN,EEG per publisher dataset/config,UNKNOWN,UNKNOWN,UNKNOWN,microvolts by MNE volts x 1e6 contract; historical generator revision UNKNOWN,64,publisher highpass/artifact/MWF/CAR/resample; not repeated here,/home/fanyu/auditory_simulation_m6a/pub_01/s06/sparrkulee_v3.1/raw/sub-050/ses-varyingStories06/eeg/sub-050_ses-varyingStories06_task-listeningActive_run-02_stimulation.tsv,True,RAW_DOWNLOAD_PENDING
/home/fanyu/auditory_simulation_m6a/pub_01/s06/sparrkulee_v3.1/raw/derivatives/preprocessed_eeg/sub-050/ses-varyingStories06/sub-050_ses-varyingStories06_task-listeningActive_run-03_desc-preproc-audio-podcast_23_eeg.npy,sub-050_ses-varyingStories06_task-listeningActive_run-03_eeg.bdf.gz,/home/fanyu/auditory_simulation_m6a/pub_01/s06/sparrkulee_v3.1/raw/sub-050/ses-varyingStories06/eeg/sub-050_ses-varyingStories06_task-listeningActive_run-03_eeg.bdf.gz,PUBLIC,HOLD,False,0..63 in original order per publisher config,UNKNOWN,EEG per publisher dataset/config,UNKNOWN,UNKNOWN,UNKNOWN,microvolts by MNE volts x 1e6 contract; historical generator revision UNKNOWN,64,publisher highpass/artifact/MWF/CAR/resample; not repeated here,/home/fanyu/auditory_simulation_m6a/pub_01/s06/sparrkulee_v3.1/raw/sub-050/ses-varyingStories06/eeg/sub-050_ses-varyingStories06_task-listeningActive_run-03_stimulation.tsv,True,RAW_DOWNLOAD_PENDING
/home/fanyu/auditory_simulation_m6a/pub_01/s06/sparrkulee_v3.1/raw/derivatives/preprocessed_eeg/sub-050/ses-varyingStories06/sub-050_ses-varyingStories06_task-listeningActive_run-04_desc-preproc-audio-podcast_22_eeg.npy,sub-050_ses-varyingStories06_task-listeningActive_run-04_eeg.bdf.gz,/home/fanyu/auditory_simulation_m6a/pub_01/s06/sparrkulee_v3.1/raw/sub-050/ses-varyingStories06/eeg/sub-050_ses-varyingStories06_task-listeningActive_run-04_eeg.bdf.gz,PUBLIC,HOLD,False,0..63 in original order per publisher config,UNKNOWN,EEG per publisher dataset/config,UNKNOWN,UNKNOWN,UNKNOWN,microvolts by MNE volts x 1e6 contract; historical generator revision UNKNOWN,64,publisher highpass/artifact/MWF/CAR/resample; not repeated here,/home/fanyu/auditory_simulation_m6a/pub_01/s06/sparrkulee_v3.1/raw/sub-050/ses-varyingStories06/eeg/sub-050_ses-varyingStories06_task-listeningActive_run-04_stimulation.tsv,True,RAW_DOWNLOAD_PENDING
/home/fanyu/auditory_simulation_m6a/pub_01/s06/sparrkulee_v3.1/raw/derivatives/preprocessed_eeg/sub-050/ses-varyingStories06/sub-050_ses-varyingStories06_task-listeningActive_run-05_desc-preproc-audio-audiobook_1_eeg.npy,sub-050_ses-varyingStories06_task-listeningActive_run-05_eeg.bdf.gz,/home/fanyu/auditory_simulation_m6a/pub_01/s06/sparrkulee_v3.1/raw/sub-050/ses-varyingStories06/eeg/sub-050_ses-varyingStories06_task-listeningActive_run-05_eeg.bdf.gz,PUBLIC,HOLD,False,0..63 in original order per publisher config,UNKNOWN,EEG per publisher dataset/config,UNKNOWN,UNKNOWN,UNKNOWN,microvolts by MNE volts x 1e6 contract; historical generator revision UNKNOWN,64,publisher highpass/artifact/MWF/CAR/resample; not repeated here,/home/fanyu/auditory_simulation_m6a/pub_01/s06/sparrkulee_v3.1/raw/sub-050/ses-varyingStories06/eeg/sub-050_ses-varyingStories06_task-listeningActive_run-05_stimulation.tsv,True,RAW_DOWNLOAD_PENDING
/home/fanyu/auditory_simulation_m6a/pub_01/s06/sparrkulee_v3.1/raw/derivatives/preprocessed_eeg/sub-051/ses-varyingStories06/sub-051_ses-varyingStories06_task-listeningActive_run-02_desc-preproc-audio-podcast_20_eeg.npy,sub-051_ses-varyingStories06_task-listeningActive_run-02_eeg.bdf.gz,/home/fanyu/auditory_simulation_m6a/pub_01/s06/sparrkulee_v3.1/raw/sub-051/ses-varyingStories06/eeg/sub-051_ses-varyingStories06_task-listeningActive_run-02_eeg.bdf.gz,PUBLIC,HOLD,False,0..63 in original order per publisher config,UNKNOWN,EEG per publisher dataset/config,UNKNOWN,UNKNOWN,UNKNOWN,microvolts by MNE volts x 1e6 contract; historical generator revision UNKNOWN,64,publisher highpass/artifact/MWF/CAR/resample; not repeated here,/home/fanyu/auditory_simulation_m6a/pub_01/s06/sparrkulee_v3.1/raw/sub-051/ses-varyingStories06/eeg/sub-051_ses-varyingStories06_task-listeningActive_run-02_stimulation.tsv,True,RAW_DOWNLOAD_PENDING
/home/fanyu/auditory_simulation_m6a/pub_01/s06/sparrkulee_v3.1/raw/derivatives/preprocessed_eeg/sub-051/ses-varyingStories06/sub-051_ses-varyingStories06_task-listeningActive_run-03_desc-preproc-audio-podcast_22_eeg.npy,sub-051_ses-varyingStories06_task-listeningActive_run-03_eeg.bdf.gz,/home/fanyu/auditory_simulation_m6a/pub_01/s06/sparrkulee_v3.1/raw/sub-051/ses-varyingStories06/eeg/sub-051_ses-varyingStories06_task-listeningActive_run-03_eeg.bdf.gz,PUBLIC,HOLD,False,0..63 in original order per publisher config,UNKNOWN,EEG per publisher dataset/config,UNKNOWN,UNKNOWN,UNKNOWN,microvolts by MNE volts x 1e6 contract; historical generator revision UNKNOWN,64,publisher highpass/artifact/MWF/CAR/resample; not repeated here,/home/fanyu/auditory_simulation_m6a/pub_01/s06/sparrkulee_v3.1/raw/sub-051/ses-varyingStories06/eeg/sub-051_ses-varyingStories06_task-listeningActive_run-03_stimulation.tsv,True,RAW_DOWNLOAD_PENDING
/home/fanyu/auditory_simulation_m6a/pub_01/s06/sparrkulee_v3.1/raw/derivatives/preprocessed_eeg/sub-051/ses-varyingStories06/sub-051_ses-varyingStories06_task-listeningActive_run-04_desc-preproc-audio-podcast_21_eeg.npy,sub-051_ses-varyingStories06_task-listeningActive_run-04_eeg.bdf.gz,/home/fanyu/auditory_simulation_m6a/pub_01/s06/sparrkulee_v3.1/raw/sub-051/ses-varyingStories06/eeg/sub-051_ses-varyingStories06_task-listeningActive_run-04_eeg.bdf.gz,PUBLIC,HOLD,False,0..63 in original order per publisher config,UNKNOWN,EEG per publisher dataset/config,UNKNOWN,UNKNOWN,UNKNOWN,microvolts by MNE volts x 1e6 contract; historical generator revision UNKNOWN,64,publisher highpass/artifact/MWF/CAR/resample; not repeated here,/home/fanyu/auditory_simulation_m6a/pub_01/s06/sparrkulee_v3.1/raw/sub-051/ses-varyingStories06/eeg/sub-051_ses-varyingStories06_task-listeningActive_run-04_stimulation.tsv,True,RAW_DOWNLOAD_PENDING
/home/fanyu/auditory_simulation_m6a/pub_01/s06/sparrkulee_v3.1/raw/derivatives/preprocessed_eeg/sub-051/ses-varyingStories06/sub-051_ses-varyingStories06_task-listeningActive_run-05_desc-preproc-audio-audiobook_12_1_eeg.npy,sub-051_ses-varyingStories06_task-listeningActive_run-05_eeg.bdf.gz,/home/fanyu/auditory_simulation_m6a/pub_01/s06/sparrkulee_v3.1/raw/sub-051/ses-varyingStories06/eeg/sub-051_ses-varyingStories06_task-listeningActive_run-05_eeg.bdf.gz,PUBLIC,HOLD,False,0..63 in original order per publisher config,UNKNOWN,EEG per publisher dataset/config,UNKNOWN,UNKNOWN,UNKNOWN,microvolts by MNE volts x 1e6 contract; historical generator revision UNKNOWN,64,publisher highpass/artifact/MWF/CAR/resample; not repeated here,/home/fanyu/auditory_simulation_m6a/pub_01/s06/sparrkulee_v3.1/raw/sub-051/ses-varyingStories06/eeg/sub-051_ses-varyingStories06_task-listeningActive_run-05_stimulation.tsv,True,RAW_DOWNLOAD_PENDING
/home/fanyu/auditory_simulation_m6a/pub_01/s06/sparrkulee_v3.1/raw/derivatives/preprocessed_eeg/sub-051/ses-varyingStories06/sub-051_ses-varyingStories06_task-listeningActive_run-06_desc-preproc-audio-audiobook_12_2_eeg.npy,sub-051_ses-varyingStories06_task-listeningActive_run-06_eeg.bdf.gz,/home/fanyu/auditory_simulation_m6a/pub_01/s06/sparrkulee_v3.1/raw/sub-051/ses-varyingStories06/eeg/sub-051_ses-varyingStories06_task-listeningActive_run-06_eeg.bdf.gz,PUBLIC,HOLD,False,0..63 in original order per publisher config,UNKNOWN,EEG per publisher dataset/config,UNKNOWN,UNKNOWN,UNKNOWN,microvolts by MNE volts x 1e6 contract; historical generator revision UNKNOWN,64,publisher highpass/artifact/MWF/CAR/resample; not repeated here,/home/fanyu/auditory_simulation_m6a/pub_01/s06/sparrkulee_v3.1/raw/sub-051/ses-varyingStories06/eeg/sub-051_ses-varyingStories06_task-listeningActive_run-06_stimulation.tsv,True,RAW_DOWNLOAD_PENDING
/home/fanyu/auditory_simulation_m6a/pub_01/s06/sparrkulee_v3.1/raw/derivatives/preprocessed_eeg/sub-051/ses-varyingStories06/sub-051_ses-varyingStories06_task-listeningActive_run-07_desc-preproc-audio-podcast_23_eeg.npy,sub-051_ses-varyingStories06_task-listeningActive_run-07_eeg.bdf.gz,/home/fanyu/auditory_simulation_m6a/pub_01/s06/sparrkulee_v3.1/raw/sub-051/ses-varyingStories06/eeg/sub-051_ses-varyingStories06_task-listeningActive_run-07_eeg.bdf.gz,PUBLIC,HOLD,False,0..63 in original order per publisher config,UNKNOWN,EEG per publisher dataset/config,UNKNOWN,UNKNOWN,UNKNOWN,microvolts by MNE volts x 1e6 contract; historical generator revision UNKNOWN,64,publisher highpass/artifact/MWF/CAR/resample; not repeated here,/home/fanyu/auditory_simulation_m6a/pub_01/s06/sparrkulee_v3.1/raw/sub-051/ses-varyingStories06/eeg/sub-051_ses-varyingStories06_task-listeningActive_run-07_stimulation.tsv,True,RAW_DOWNLOAD_PENDING
/home/fanyu/auditory_simulation_m6a/pub_01/s06/sparrkulee_v3.1/raw/derivatives/preprocessed_eeg/sub-051/ses-varyingStories06/sub-051_ses-varyingStories06_task-listeningActive_run-08_desc-preproc-audio-audiobook_1_eeg.npy,sub-051_ses-varyingStories06_task-listeningActive_run-08_eeg.bdf.gz,/home/fanyu/auditory_simulation_m6a/pub_01/s06/sparrkulee_v3.1/raw/sub-051/ses-varyingStories06/eeg/sub-051_ses-varyingStories06_task-listeningActive_run-08_eeg.bdf.gz,PUBLIC,HOLD,False,0..63 in original order per publisher config,UNKNOWN,EEG per publisher dataset/config,UNKNOWN,UNKNOWN,UNKNOWN,microvolts by MNE volts x 1e6 contract; historical generator revision UNKNOWN,64,publisher highpass/artifact/MWF/CAR/resample; not repeated here,/home/fanyu/auditory_simulation_m6a/pub_01/s06/sparrkulee_v3.1/raw/sub-051/ses-varyingStories06/eeg/sub-051_ses-varyingStories06_task-listeningActive_run-08_stimulation.tsv,True,RAW_DOWNLOAD_PENDING
/home/fanyu/auditory_simulation_m6a/pub_01/s06/sparrkulee_v3.1/raw/derivatives/preprocessed_eeg/sub-052/ses-varyingStories06/sub-052_ses-varyingStories06_task-listeningActive_run-01_desc-preproc-audio-podcast_23_eeg.npy,sub-052_ses-varyingStories06_task-listeningActive_run-01_eeg.bdf.gz,/home/fanyu/auditory_simulation_m6a/pub_01/s06/sparrkulee_v3.1/raw/sub-052/ses-varyingStories06/eeg/sub-052_ses-varyingStories06_task-listeningActive_run-01_eeg.bdf.gz,PUBLIC,HOLD,False,0..63 in original order per publisher config,UNKNOWN,EEG per publisher dataset/config,UNKNOWN,UNKNOWN,UNKNOWN,microvolts by MNE volts x 1e6 contract; historical generator revision UNKNOWN,64,publisher highpass/artifact/MWF/CAR/resample; not repeated here,/home/fanyu/auditory_simulation_m6a/pub_01/s06/sparrkulee_v3.1/raw/sub-052/ses-varyingStories06/eeg/sub-052_ses-varyingStories06_task-listeningActive_run-01_stimulation.tsv,True,RAW_DOWNLOAD_PENDING
/home/fanyu/auditory_simulation_m6a/pub_01/s06/sparrkulee_v3.1/raw/derivatives/preprocessed_eeg/sub-052/ses-varyingStories06/sub-052_ses-varyingStories06_task-listeningActive_run-02_desc-preproc-audio-podcast_22_eeg.npy,sub-052_ses-varyingStories06_task-listeningActive_run-02_eeg.bdf.gz,/home/fanyu/auditory_simulation_m6a/pub_01/s06/sparrkulee_v3.1/raw/sub-052/ses-varyingStories06/eeg/sub-052_ses-varyingStories06_task-listeningActive_run-02_eeg.bdf.gz,PUBLIC,HOLD,False,0..63 in original order per publisher config,UNKNOWN,EEG per publisher dataset/config,UNKNOWN,UNKNOWN,UNKNOWN,microvolts by MNE volts x 1e6 contract; historical generator revision UNKNOWN,64,publisher highpass/artifact/MWF/CAR/resample; not repeated here,/home/fanyu/auditory_simulation_m6a/pub_01/s06/sparrkulee_v3.1/raw/sub-052/ses-varyingStories06/eeg/sub-052_ses-varyingStories06_task-listeningActive_run-02_stimulation.tsv,True,RAW_DOWNLOAD_PENDING
/home/fanyu/auditory_simulation_m6a/pub_01/s06/sparrkulee_v3.1/raw/derivatives/preprocessed_eeg/sub-052/ses-varyingStories06/sub-052_ses-varyingStories06_task-listeningActive_run-03_desc-preproc-audio-audiobook_12_1_eeg.npy,sub-052_ses-varyingStories06_task-listeningActive_run-03_eeg.bdf.gz,/home/fanyu/auditory_simulation_m6a/pub_01/s06/sparrkulee_v3.1/raw/sub-052/ses-varyingStories06/eeg/sub-052_ses-varyingStories06_task-listeningActive_run-03_eeg.bdf.gz,PUBLIC,HOLD,False,0..63 in original order per publisher config,UNKNOWN,EEG per publisher dataset/config,UNKNOWN,UNKNOWN,UNKNOWN,microvolts by MNE volts x 1e6 contract; historical generator revision UNKNOWN,64,publisher highpass/artifact/MWF/CAR/resample; not repeated here,/home/fanyu/auditory_simulation_m6a/pub_01/s06/sparrkulee_v3.1/raw/sub-052/ses-varyingStories06/eeg/sub-052_ses-varyingStories06_task-listeningActive_run-03_stimulation.tsv,True,RAW_DOWNLOAD_PENDING
/home/fanyu/auditory_simulation_m6a/pub_01/s06/sparrkulee_v3.1/raw/derivatives/preprocessed_eeg/sub-052/ses-varyingStories06/sub-052_ses-varyingStories06_task-listeningActive_run-04_desc-preproc-audio-audiobook_12_2_eeg.npy,sub-052_ses-varyingStories06_task-listeningActive_run-04_eeg.bdf.gz,/home/fanyu/auditory_simulation_m6a/pub_01/s06/sparrkulee_v3.1/raw/sub-052/ses-varyingStories06/eeg/sub-052_ses-varyingStories06_task-listeningActive_run-04_eeg.bdf.gz,PUBLIC,HOLD,False,0..63 in original order per publisher config,UNKNOWN,EEG per publisher dataset/config,UNKNOWN,UNKNOWN,UNKNOWN,microvolts by MNE volts x 1e6 contract; historical generator revision UNKNOWN,64,publisher highpass/artifact/MWF/CAR/resample; not repeated here,/home/fanyu/auditory_simulation_m6a/pub_01/s06/sparrkulee_v3.1/raw/sub-052/ses-varyingStories06/eeg/sub-052_ses-varyingStories06_task-listeningActive_run-04_stimulation.tsv,True,RAW_DOWNLOAD_PENDING
/home/fanyu/auditory_simulation_m6a/pub_01/s06/sparrkulee_v3.1/raw/derivatives/preprocessed_eeg/sub-052/ses-varyingStories06/sub-052_ses-varyingStories06_task-listeningActive_run-05_desc-preproc-audio-podcast_20_eeg.npy,sub-052_ses-varyingStories06_task-listeningActive_run-05_eeg.bdf.gz,/home/fanyu/auditory_simulation_m6a/pub_01/s06/sparrkulee_v3.1/raw/sub-052/ses-varyingStories06/eeg/sub-052_ses-varyingStories06_task-listeningActive_run-05_eeg.bdf.gz,PUBLIC,HOLD,False,0..63 in original order per publisher config,UNKNOWN,EEG per publisher dataset/config,UNKNOWN,UNKNOWN,UNKNOWN,microvolts by MNE volts x 1e6 contract; historical generator revision UNKNOWN,64,publisher highpass/artifact/MWF/CAR/resample; not repeated here,/home/fanyu/auditory_simulation_m6a/pub_01/s06/sparrkulee_v3.1/raw/sub-052/ses-varyingStories06/eeg/sub-052_ses-varyingStories06_task-listeningActive_run-05_stimulation.tsv,True,RAW_DOWNLOAD_PENDING
/home/fanyu/auditory_simulation_m6a/pub_01/s06/sparrkulee_v3.1/raw/derivatives/preprocessed_eeg/sub-052/ses-varyingStories06/sub-052_ses-varyingStories06_task-listeningActive_run-06_desc-preproc-audio-podcast_21_eeg.npy,sub-052_ses-varyingStories06_task-listeningActive_run-06_eeg.bdf.gz,/home/fanyu/auditory_simulation_m6a/pub_01/s06/sparrkulee_v3.1/raw/sub-052/ses-varyingStories06/eeg/sub-052_ses-varyingStories06_task-listeningActive_run-06_eeg.bdf.gz,PUBLIC,HOLD,False,0..63 in original order per publisher config,UNKNOWN,EEG per publisher dataset/config,UNKNOWN,UNKNOWN,UNKNOWN,microvolts by MNE volts x 1e6 contract; historical generator revision UNKNOWN,64,publisher highpass/artifact/MWF/CAR/resample; not repeated here,/home/fanyu/auditory_simulation_m6a/pub_01/s06/sparrkulee_v3.1/raw/sub-052/ses-varyingStories06/eeg/sub-052_ses-varyingStories06_task-listeningActive_run-06_stimulation.tsv,True,RAW_DOWNLOAD_PENDING
/home/fanyu/auditory_simulation_m6a/pub_01/s06/sparrkulee_v3.1/raw/derivatives/preprocessed_eeg/sub-052/ses-varyingStories06/sub-052_ses-varyingStories06_task-listeningActive_run-08_desc-preproc-audio-audiobook_1_eeg.npy,sub-052_ses-varyingStories06_task-listeningActive_run-08_eeg.bdf.gz,/home/fanyu/auditory_simulation_m6a/pub_01/s06/sparrkulee_v3.1/raw/sub-052/ses-varyingStories06/eeg/sub-052_ses-varyingStories06_task-listeningActive_run-08_eeg.bdf.gz,PUBLIC,HOLD,False,0..63 in original order per publisher config,UNKNOWN,EEG per publisher dataset/config,UNKNOWN,UNKNOWN,UNKNOWN,microvolts by MNE volts x 1e6 contract; historical generator revision UNKNOWN,64,publisher highpass/artifact/MWF/CAR/resample; not repeated here,/home/fanyu/auditory_simulation_m6a/pub_01/s06/sparrkulee_v3.1/raw/sub-052/ses-varyingStories06/eeg/sub-052_ses-varyingStories06_task-listeningActive_run-08_stimulation.tsv,True,RAW_DOWNLOAD_PENDING
/home/fanyu/auditory_simulation_m6a/pub_01/s06/sparrkulee_v3.1/raw/derivatives/preprocessed_eeg/sub-053/ses-varyingStories06/sub-053_ses-varyingStories06_task-listeningActive_run-01_desc-preproc-audio-podcast_21_eeg.npy,sub-053_ses-varyingStories06_task-listeningActive_run-01_eeg.bdf.gz,/home/fanyu/auditory_simulation_m6a/pub_01/s06/sparrkulee_v3.1/raw/sub-053/ses-varyingStories06/eeg/sub-053_ses-varyingStories06_task-listeningActive_run-01_eeg.bdf.gz,PUBLIC,HOLD,False,0..63 in original order per publisher config,UNKNOWN,EEG per publisher dataset/config,UNKNOWN,UNKNOWN,UNKNOWN,microvolts by MNE volts x 1e6 contract; historical generator revision UNKNOWN,64,publisher highpass/artifact/MWF/CAR/resample; not repeated here,/home/fanyu/auditory_simulation_m6a/pub_01/s06/sparrkulee_v3.1/raw/sub-053/ses-varyingStories06/eeg/sub-053_ses-varyingStories06_task-listeningActive_run-01_stimulation.tsv,True,RAW_DOWNLOAD_PENDING
/home/fanyu/auditory_simulation_m6a/pub_01/s06/sparrkulee_v3.1/raw/derivatives/preprocessed_eeg/sub-053/ses-varyingStories06/sub-053_ses-varyingStories06_task-listeningActive_run-02_desc-preproc-audio-audiobook_12_1_eeg.npy,sub-053_ses-varyingStories06_task-listeningActive_run-02_eeg.bdf.gz,/home/fanyu/auditory_simulation_m6a/pub_01/s06/sparrkulee_v3.1/raw/sub-053/ses-varyingStories06/eeg/sub-053_ses-varyingStories06_task-listeningActive_run-02_eeg.bdf.gz,PUBLIC,HOLD,False,0..63 in original order per publisher config,UNKNOWN,EEG per publisher dataset/config,UNKNOWN,UNKNOWN,UNKNOWN,microvolts by MNE volts x 1e6 contract; historical generator revision UNKNOWN,64,publisher highpass/artifact/MWF/CAR/resample; not repeated here,/home/fanyu/auditory_simulation_m6a/pub_01/s06/sparrkulee_v3.1/raw/sub-053/ses-varyingStories06/eeg/sub-053_ses-varyingStories06_task-listeningActive_run-02_stimulation.tsv,True,RAW_DOWNLOAD_PENDING
/home/fanyu/auditory_simulation_m6a/pub_01/s06/sparrkulee_v3.1/raw/derivatives/preprocessed_eeg/sub-053/ses-varyingStories06/sub-053_ses-varyingStories06_task-listeningActive_run-03_desc-preproc-audio-audiobook_12_2_eeg.npy,sub-053_ses-varyingStories06_task-listeningActive_run-03_eeg.bdf.gz,/home/fanyu/auditory_simulation_m6a/pub_01/s06/sparrkulee_v3.1/raw/sub-053/ses-varyingStories06/eeg/sub-053_ses-varyingStories06_task-listeningActive_run-03_eeg.bdf.gz,PUBLIC,HOLD,False,0..63 in original order per publisher config,UNKNOWN,EEG per publisher dataset/config,UNKNOWN,UNKNOWN,UNKNOWN,microvolts by MNE volts x 1e6 contract; historical generator revision UNKNOWN,64,publisher highpass/artifact/MWF/CAR/resample; not repeated here,/home/fanyu/auditory_simulation_m6a/pub_01/s06/sparrkulee_v3.1/raw/sub-053/ses-varyingStories06/eeg/sub-053_ses-varyingStories06_task-listeningActive_run-03_stimulation.tsv,True,RAW_DOWNLOAD_PENDING
/home/fanyu/auditory_simulation_m6a/pub_01/s06/sparrkulee_v3.1/raw/derivatives/preprocessed_eeg/sub-053/ses-varyingStories06/sub-053_ses-varyingStories06_task-listeningActive_run-05_desc-preproc-audio-podcast_23_eeg.npy,sub-053_ses-varyingStories06_task-listeningActive_run-05_eeg.bdf.gz,/home/fanyu/auditory_simulation_m6a/pub_01/s06/sparrkulee_v3.1/raw/sub-053/ses-varyingStories06/eeg/sub-053_ses-varyingStories06_task-listeningActive_run-05_eeg.bdf.gz,PUBLIC,HOLD,False,0..63 in original order per publisher config,UNKNOWN,EEG per publisher dataset/config,UNKNOWN,UNKNOWN,UNKNOWN,microvolts by MNE volts x 1e6 contract; historical generator revision UNKNOWN,64,publisher highpass/artifact/MWF/CAR/resample; not repeated here,/home/fanyu/auditory_simulation_m6a/pub_01/s06/sparrkulee_v3.1/raw/sub-053/ses-varyingStories06/eeg/sub-053_ses-varyingStories06_task-listeningActive_run-05_stimulation.tsv,True,RAW_DOWNLOAD_PENDING
/home/fanyu/auditory_simulation_m6a/pub_01/s06/sparrkulee_v3.1/raw/derivatives/preprocessed_eeg/sub-053/ses-varyingStories06/sub-053_ses-varyingStories06_task-listeningActive_run-06_desc-preproc-audio-audiobook_1_eeg.npy,sub-053_ses-varyingStories06_task-listeningActive_run-06_eeg.bdf.gz,/home/fanyu/auditory_simulation_m6a/pub_01/s06/sparrkulee_v3.1/raw/sub-053/ses-varyingStories06/eeg/sub-053_ses-varyingStories06_task-listeningActive_run-06_eeg.bdf.gz,PUBLIC,HOLD,False,0..63 in original order per publisher config,UNKNOWN,EEG per publisher dataset/config,UNKNOWN,UNKNOWN,UNKNOWN,microvolts by MNE volts x 1e6 contract; historical generator revision UNKNOWN,64,publisher highpass/artifact/MWF/CAR/resample; not repeated here,/home/fanyu/auditory_simulation_m6a/pub_01/s06/sparrkulee_v3.1/raw/sub-053/ses-varyingStories06/eeg/sub-053_ses-varyingStories06_task-listeningActive_run-06_stimulation.tsv,True,RAW_DOWNLOAD_PENDING
/home/fanyu/auditory_simulation_m6a/pub_01/s06/sparrkulee_v3.1/raw/derivatives/preprocessed_eeg/sub-053/ses-varyingStories06/sub-053_ses-varyingStories06_task-listeningActive_run-07_desc-preproc-audio-podcast_20_eeg.npy,sub-053_ses-varyingStories06_task-listeningActive_run-07_eeg.bdf.gz,/home/fanyu/auditory_simulation_m6a/pub_01/s06/sparrkulee_v3.1/raw/sub-053/ses-varyingStories06/eeg/sub-053_ses-varyingStories06_task-listeningActive_run-07_eeg.bdf.gz,PUBLIC,HOLD,False,0..63 in original order per publisher config,UNKNOWN,EEG per publisher dataset/config,UNKNOWN,UNKNOWN,UNKNOWN,microvolts by MNE volts x 1e6 contract; historical generator revision UNKNOWN,64,publisher highpass/artifact/MWF/CAR/resample; not repeated here,/home/fanyu/auditory_simulation_m6a/pub_01/s06/sparrkulee_v3.1/raw/sub-053/ses-varyingStories06/eeg/sub-053_ses-varyingStories06_task-listeningActive_run-07_stimulation.tsv,True,RAW_DOWNLOAD_PENDING
/home/fanyu/auditory_simulation_m6a/pub_01/s06/sparrkulee_v3.1/raw/derivatives/preprocessed_eeg/sub-053/ses-varyingStories06/sub-053_ses-varyingStories06_task-listeningActive_run-09_desc-preproc-audio-podcast_22_eeg.npy,sub-053_ses-varyingStories06_task-listeningActive_run-09_eeg.bdf.gz,/home/fanyu/auditory_simulation_m6a/pub_01/s06/sparrkulee_v3.1/raw/sub-053/ses-varyingStories06/eeg/sub-053_ses-varyingStories06_task-listeningActive_run-09_eeg.bdf.gz,PUBLIC,HOLD,False,0..63 in original order per publisher config,UNKNOWN,EEG per publisher dataset/config,UNKNOWN,UNKNOWN,UNKNOWN,microvolts by MNE volts x 1e6 contract; historical generator revision UNKNOWN,64,publisher highpass/artifact/MWF/CAR/resample; not repeated here,/home/fanyu/auditory_simulation_m6a/pub_01/s06/sparrkulee_v3.1/raw/sub-053/ses-varyingStories06/eeg/sub-053_ses-varyingStories06_task-listeningActive_run-09_stimulation.tsv,True,RAW_DOWNLOAD_PENDING
/home/fanyu/auditory_simulation_m6a/pub_01/s06/sparrkulee_v3.1/raw/derivatives/preprocessed_eeg/sub-054/ses-varyingStories06/sub-054_ses-varyingStories06_task-listeningActive_run-01_desc-preproc-audio-podcast_21_eeg.npy,sub-054_ses-varyingStories06_task-listeningActive_run-01_eeg.bdf.gz,/home/fanyu/auditory_simulation_m6a/pub_01/s06/sparrkulee_v3.1/raw/sub-054/ses-varyingStories06/eeg/sub-054_ses-varyingStories06_task-listeningActive_run-01_eeg.bdf.gz,PUBLIC,HOLD,False,0..63 in original order per publisher config,UNKNOWN,EEG per publisher dataset/config,UNKNOWN,UNKNOWN,UNKNOWN,microvolts by MNE volts x 1e6 contract; historical generator revision UNKNOWN,64,publisher highpass/artifact/MWF/CAR/resample; not repeated here,/home/fanyu/auditory_simulation_m6a/pub_01/s06/sparrkulee_v3.1/raw/sub-054/ses-varyingStories06/eeg/sub-054_ses-varyingStories06_task-listeningActive_run-01_stimulation.tsv,True,RAW_DOWNLOAD_PENDING
/home/fanyu/auditory_simulation_m6a/pub_01/s06/sparrkulee_v3.1/raw/derivatives/preprocessed_eeg/sub-054/ses-varyingStories06/sub-054_ses-varyingStories06_task-listeningActive_run-02_desc-preproc-audio-audiobook_12_1_eeg.npy,sub-054_ses-varyingStories06_task-listeningActive_run-02_eeg.bdf.gz,/home/fanyu/auditory_simulation_m6a/pub_01/s06/sparrkulee_v3.1/raw/sub-054/ses-varyingStories06/eeg/sub-054_ses-varyingStories06_task-listeningActive_run-02_eeg.bdf.gz,PUBLIC,HOLD,False,0..63 in original order per publisher config,UNKNOWN,EEG per publisher dataset/config,UNKNOWN,UNKNOWN,UNKNOWN,microvolts by MNE volts x 1e6 contract; historical generator revision UNKNOWN,64,publisher highpass/artifact/MWF/CAR/resample; not repeated here,/home/fanyu/auditory_simulation_m6a/pub_01/s06/sparrkulee_v3.1/raw/sub-054/ses-varyingStories06/eeg/sub-054_ses-varyingStories06_task-listeningActive_run-02_stimulation.tsv,True,RAW_DOWNLOAD_PENDING
/home/fanyu/auditory_simulation_m6a/pub_01/s06/sparrkulee_v3.1/raw/derivatives/preprocessed_eeg/sub-054/ses-varyingStories06/sub-054_ses-varyingStories06_task-listeningActive_run-03_desc-preproc-audio-audiobook_12_2_eeg.npy,sub-054_ses-varyingStories06_task-listeningActive_run-03_eeg.bdf.gz,/home/fanyu/auditory_simulation_m6a/pub_01/s06/sparrkulee_v3.1/raw/sub-054/ses-varyingStories06/eeg/sub-054_ses-varyingStories06_task-listeningActive_run-03_eeg.bdf.gz,PUBLIC,HOLD,False,0..63 in original order per publisher config,UNKNOWN,EEG per publisher dataset/config,UNKNOWN,UNKNOWN,UNKNOWN,microvolts by MNE volts x 1e6 contract; historical generator revision UNKNOWN,64,publisher highpass/artifact/MWF/CAR/resample; not repeated here,/home/fanyu/auditory_simulation_m6a/pub_01/s06/sparrkulee_v3.1/raw/sub-054/ses-varyingStories06/eeg/sub-054_ses-varyingStories06_task-listeningActive_run-03_stimulation.tsv,True,RAW_DOWNLOAD_PENDING
/home/fanyu/auditory_simulation_m6a/pub_01/s06/sparrkulee_v3.1/raw/derivatives/preprocessed_eeg/sub-054/ses-varyingStories06/sub-054_ses-varyingStories06_task-listeningActive_run-04_desc-preproc-audio-podcast_20_eeg.npy,sub-054_ses-varyingStories06_task-listeningActive_run-04_eeg.bdf.gz,/home/fanyu/auditory_simulation_m6a/pub_01/s06/sparrkulee_v3.1/raw/sub-054/ses-varyingStories06/eeg/sub-054_ses-varyingStories06_task-listeningActive_run-04_eeg.bdf.gz,PUBLIC,HOLD,False,0..63 in original order per publisher config,UNKNOWN,EEG per publisher dataset/config,UNKNOWN,UNKNOWN,UNKNOWN,microvolts by MNE volts x 1e6 contract; historical generator revision UNKNOWN,64,publisher highpass/artifact/MWF/CAR/resample; not repeated here,/home/fanyu/auditory_simulation_m6a/pub_01/s06/sparrkulee_v3.1/raw/sub-054/ses-varyingStories06/eeg/sub-054_ses-varyingStories06_task-listeningActive_run-04_stimulation.tsv,True,RAW_DOWNLOAD_PENDING
/home/fanyu/auditory_simulation_m6a/pub_01/s06/sparrkulee_v3.1/raw/derivatives/preprocessed_eeg/sub-054/ses-varyingStories06/sub-054_ses-varyingStories06_task-listeningActive_run-06_desc-preproc-audio-podcast_23_eeg.npy,sub-054_ses-varyingStories06_task-listeningActive_run-06_eeg.bdf.gz,/home/fanyu/auditory_simulation_m6a/pub_01/s06/sparrkulee_v3.1/raw/sub-054/ses-varyingStories06/eeg/sub-054_ses-varyingStories06_task-listeningActive_run-06_eeg.bdf.gz,PUBLIC,HOLD,False,0..63 in original order per publisher config,UNKNOWN,EEG per publisher dataset/config,UNKNOWN,UNKNOWN,UNKNOWN,microvolts by MNE volts x 1e6 contract; historical generator revision UNKNOWN,64,publisher highpass/artifact/MWF/CAR/resample; not repeated here,/home/fanyu/auditory_simulation_m6a/pub_01/s06/sparrkulee_v3.1/raw/sub-054/ses-varyingStories06/eeg/sub-054_ses-varyingStories06_task-listeningActive_run-06_stimulation.tsv,True,RAW_DOWNLOAD_PENDING
/home/fanyu/auditory_simulation_m6a/pub_01/s06/sparrkulee_v3.1/raw/derivatives/preprocessed_eeg/sub-054/ses-varyingStories06/sub-054_ses-varyingStories06_task-listeningActive_run-08_desc-preproc-audio-podcast_22_eeg.npy,sub-054_ses-varyingStories06_task-listeningActive_run-08_eeg.bdf.gz,/home/fanyu/auditory_simulation_m6a/pub_01/s06/sparrkulee_v3.1/raw/sub-054/ses-varyingStories06/eeg/sub-054_ses-varyingStories06_task-listeningActive_run-08_eeg.bdf.gz,PUBLIC,HOLD,False,0..63 in original order per publisher config,UNKNOWN,EEG per publisher dataset/config,UNKNOWN,UNKNOWN,UNKNOWN,microvolts by MNE volts x 1e6 contract; historical generator revision UNKNOWN,64,publisher highpass/artifact/MWF/CAR/resample; not repeated here,/home/fanyu/auditory_simulation_m6a/pub_01/s06/sparrkulee_v3.1/raw/sub-054/ses-varyingStories06/eeg/sub-054_ses-varyingStories06_task-listeningActive_run-08_stimulation.tsv,True,RAW_DOWNLOAD_PENDING
/home/fanyu/auditory_simulation_m6a/pub_01/s06/sparrkulee_v3.1/raw/derivatives/preprocessed_eeg/sub-054/ses-varyingStories06/sub-054_ses-varyingStories06_task-listeningActive_run-09_desc-preproc-audio-audiobook_1_eeg.npy,sub-054_ses-varyingStories06_task-listeningActive_run-09_eeg.bdf.gz,/home/fanyu/auditory_simulation_m6a/pub_01/s06/sparrkulee_v3.1/raw/sub-054/ses-varyingStories06/eeg/sub-054_ses-varyingStories06_task-listeningActive_run-09_eeg.bdf.gz,PUBLIC,HOLD,False,0..63 in original order per publisher config,UNKNOWN,EEG per publisher dataset/config,UNKNOWN,UNKNOWN,UNKNOWN,microvolts by MNE volts x 1e6 contract; historical generator revision UNKNOWN,64,publisher highpass/artifact/MWF/CAR/resample; not repeated here,/home/fanyu/auditory_simulation_m6a/pub_01/s06/sparrkulee_v3.1/raw/sub-054/ses-varyingStories06/eeg/sub-054_ses-varyingStories06_task-listeningActive_run-09_stimulation.tsv,True,RAW_DOWNLOAD_PENDING
/home/fanyu/auditory_simulation_m6a/pub_01/s06/sparrkulee_v3.1/raw/derivatives/preprocessed_eeg/sub-055/ses-varyingStories06/sub-055_ses-varyingStories06_task-listeningActive_run-01_desc-preproc-audio-audiobook_1_eeg.npy,sub-055_ses-varyingStories06_task-listeningActive_run-01_eeg.bdf.gz,/home/fanyu/auditory_simulation_m6a/pub_01/s06/sparrkulee_v3.1/raw/sub-055/ses-varyingStories06/eeg/sub-055_ses-varyingStories06_task-listeningActive_run-01_eeg.bdf.gz,PUBLIC,HOLD,False,0..63 in original order per publisher config,UNKNOWN,EEG per publisher dataset/config,UNKNOWN,UNKNOWN,UNKNOWN,microvolts by MNE volts x 1e6 contract; historical generator revision UNKNOWN,64,publisher highpass/artifact/MWF/CAR/resample; not repeated here,/home/fanyu/auditory_simulation_m6a/pub_01/s06/sparrkulee_v3.1/raw/sub-055/ses-varyingStories06/eeg/sub-055_ses-varyingStories06_task-listeningActive_run-01_stimulation.tsv,True,RAW_DOWNLOAD_PENDING
/home/fanyu/auditory_simulation_m6a/pub_01/s06/sparrkulee_v3.1/raw/derivatives/preprocessed_eeg/sub-055/ses-varyingStories06/sub-055_ses-varyingStories06_task-listeningActive_run-02_desc-preproc-audio-podcast_20_eeg.npy,sub-055_ses-varyingStories06_task-listeningActive_run-02_eeg.bdf.gz,/home/fanyu/auditory_simulation_m6a/pub_01/s06/sparrkulee_v3.1/raw/sub-055/ses-varyingStories06/eeg/sub-055_ses-varyingStories06_task-listeningActive_run-02_eeg.bdf.gz,PUBLIC,HOLD,False,0..63 in original order per publisher config,UNKNOWN,EEG per publisher dataset/config,UNKNOWN,UNKNOWN,UNKNOWN,microvolts by MNE volts x 1e6 contract; historical generator revision UNKNOWN,64,publisher highpass/artifact/MWF/CAR/resample; not repeated here,/home/fanyu/auditory_simulation_m6a/pub_01/s06/sparrkulee_v3.1/raw/sub-055/ses-varyingStories06/eeg/sub-055_ses-varyingStories06_task-listeningActive_run-02_stimulation.tsv,True,RAW_DOWNLOAD_PENDING
/home/fanyu/auditory_simulation_m6a/pub_01/s06/sparrkulee_v3.1/raw/derivatives/preprocessed_eeg/sub-055/ses-varyingStories06/sub-055_ses-varyingStories06_task-listeningActive_run-03_desc-preproc-audio-audiobook_12_1_eeg.npy,sub-055_ses-varyingStories06_task-listeningActive_run-03_eeg.bdf.gz,/home/fanyu/auditory_simulation_m6a/pub_01/s06/sparrkulee_v3.1/raw/sub-055/ses-varyingStories06/eeg/sub-055_ses-varyingStories06_task-listeningActive_run-03_eeg.bdf.gz,PUBLIC,HOLD,False,0..63 in original order per publisher config,UNKNOWN,EEG per publisher dataset/config,UNKNOWN,UNKNOWN,UNKNOWN,microvolts by MNE volts x 1e6 contract; historical generator revision UNKNOWN,64,publisher highpass/artifact/MWF/CAR/resample; not repeated here,/home/fanyu/auditory_simulation_m6a/pub_01/s06/sparrkulee_v3.1/raw/sub-055/ses-varyingStories06/eeg/sub-055_ses-varyingStories06_task-listeningActive_run-03_stimulation.tsv,True,RAW_DOWNLOAD_PENDING
/home/fanyu/auditory_simulation_m6a/pub_01/s06/sparrkulee_v3.1/raw/derivatives/preprocessed_eeg/sub-055/ses-varyingStories06/sub-055_ses-varyingStories06_task-listeningActive_run-04_desc-preproc-audio-audiobook_12_2_eeg.npy,sub-055_ses-varyingStories06_task-listeningActive_run-04_eeg.bdf.gz,/home/fanyu/auditory_simulation_m6a/pub_01/s06/sparrkulee_v3.1/raw/sub-055/ses-varyingStories06/eeg/sub-055_ses-varyingStories06_task-listeningActive_run-04_eeg.bdf.gz,PUBLIC,HOLD,False,0..63 in original order per publisher config,UNKNOWN,EEG per publisher dataset/config,UNKNOWN,UNKNOWN,UNKNOWN,microvolts by MNE volts x 1e6 contract; historical generator revision UNKNOWN,64,publisher highpass/artifact/MWF/CAR/resample; not repeated here,/home/fanyu/auditory_simulation_m6a/pub_01/s06/sparrkulee_v3.1/raw/sub-055/ses-varyingStories06/eeg/sub-055_ses-varyingStories06_task-listeningActive_run-04_stimulation.tsv,True,RAW_DOWNLOAD_PENDING
/home/fanyu/auditory_simulation_m6a/pub_01/s06/sparrkulee_v3.1/raw/derivatives/preprocessed_eeg/sub-055/ses-varyingStories06/sub-055_ses-varyingStories06_task-listeningActive_run-06_desc-preproc-audio-podcast_21_eeg.npy,sub-055_ses-varyingStories06_task-listeningActive_run-06_eeg.bdf.gz,/home/fanyu/auditory_simulation_m6a/pub_01/s06/sparrkulee_v3.1/raw/sub-055/ses-varyingStories06/eeg/sub-055_ses-varyingStories06_task-listeningActive_run-06_eeg.bdf.gz,PUBLIC,HOLD,False,0..63 in original order per publisher config,UNKNOWN,EEG per publisher dataset/config,UNKNOWN,UNKNOWN,UNKNOWN,microvolts by MNE volts x 1e6 contract; historical generator revision UNKNOWN,64,publisher highpass/artifact/MWF/CAR/resample; not repeated here,/home/fanyu/auditory_simulation_m6a/pub_01/s06/sparrkulee_v3.1/raw/sub-055/ses-varyingStories06/eeg/sub-055_ses-varyingStories06_task-listeningActive_run-06_stimulation.tsv,True,RAW_DOWNLOAD_PENDING
/home/fanyu/auditory_simulation_m6a/pub_01/s06/sparrkulee_v3.1/raw/derivatives/preprocessed_eeg/sub-055/ses-varyingStories06/sub-055_ses-varyingStories06_task-listeningActive_run-07_desc-preproc-audio-podcast_23_eeg.npy,sub-055_ses-varyingStories06_task-listeningActive_run-07_eeg.bdf.gz,/home/fanyu/auditory_simulation_m6a/pub_01/s06/sparrkulee_v3.1/raw/sub-055/ses-varyingStories06/eeg/sub-055_ses-varyingStories06_task-listeningActive_run-07_eeg.bdf.gz,PUBLIC,HOLD,False,0..63 in original order per publisher config,UNKNOWN,EEG per publisher dataset/config,UNKNOWN,UNKNOWN,UNKNOWN,microvolts by MNE volts x 1e6 contract; historical generator revision UNKNOWN,64,publisher highpass/artifact/MWF/CAR/resample; not repeated here,/home/fanyu/auditory_simulation_m6a/pub_01/s06/sparrkulee_v3.1/raw/sub-055/ses-varyingStories06/eeg/sub-055_ses-varyingStories06_task-listeningActive_run-07_stimulation.tsv,True,RAW_DOWNLOAD_PENDING
/home/fanyu/auditory_simulation_m6a/pub_01/s06/sparrkulee_v3.1/raw/derivatives/preprocessed_eeg/sub-055/ses-varyingStories06/sub-055_ses-varyingStories06_task-listeningActive_run-09_desc-preproc-audio-podcast_22_eeg.npy,sub-055_ses-varyingStories06_task-listeningActive_run-09_eeg.bdf.gz,/home/fanyu/auditory_simulation_m6a/pub_01/s06/sparrkulee_v3.1/raw/sub-055/ses-varyingStories06/eeg/sub-055_ses-varyingStories06_task-listeningActive_run-09_eeg.bdf.gz,PUBLIC,HOLD,False,0..63 in original order per publisher config,UNKNOWN,EEG per publisher dataset/config,UNKNOWN,UNKNOWN,UNKNOWN,microvolts by MNE volts x 1e6 contract; historical generator revision UNKNOWN,64,publisher highpass/artifact/MWF/CAR/resample; not repeated here,/home/fanyu/auditory_simulation_m6a/pub_01/s06/sparrkulee_v3.1/raw/sub-055/ses-varyingStories06/eeg/sub-055_ses-varyingStories06_task-listeningActive_run-09_stimulation.tsv,True,RAW_DOWNLOAD_PENDING
/home/fanyu/auditory_simulation_m6a/pub_01/s06/sparrkulee_v3.1/raw/derivatives/preprocessed_eeg/sub-056/ses-varyingStories06/sub-056_ses-varyingStories06_task-listeningActive_run-01_desc-preproc-audio-podcast_23_eeg.npy,sub-056_ses-varyingStories06_task-listeningActive_run-01_eeg.bdf.gz,/home/fanyu/auditory_simulation_m6a/pub_01/s06/sparrkulee_v3.1/raw/sub-056/ses-varyingStories06/eeg/sub-056_ses-varyingStories06_task-listeningActive_run-01_eeg.bdf.gz,PUBLIC,HOLD,False,0..63 in original order per publisher config,UNKNOWN,EEG per publisher dataset/config,UNKNOWN,UNKNOWN,UNKNOWN,microvolts by MNE volts x 1e6 contract; historical generator revision UNKNOWN,64,publisher highpass/artifact/MWF/CAR/resample; not repeated here,/home/fanyu/auditory_simulation_m6a/pub_01/s06/sparrkulee_v3.1/raw/sub-056/ses-varyingStories06/eeg/sub-056_ses-varyingStories06_task-listeningActive_run-01_stimulation.tsv,True,RAW_DOWNLOAD_PENDING
/home/fanyu/auditory_simulation_m6a/pub_01/s06/sparrkulee_v3.1/raw/derivatives/preprocessed_eeg/sub-056/ses-varyingStories06/sub-056_ses-varyingStories06_task-listeningActive_run-02_desc-preproc-audio-audiobook_1_eeg.npy,sub-056_ses-varyingStories06_task-listeningActive_run-02_eeg.bdf.gz,/home/fanyu/auditory_simulation_m6a/pub_01/s06/sparrkulee_v3.1/raw/sub-056/ses-varyingStories06/eeg/sub-056_ses-varyingStories06_task-listeningActive_run-02_eeg.bdf.gz,PUBLIC,HOLD,False,0..63 in original order per publisher config,UNKNOWN,EEG per publisher dataset/config,UNKNOWN,UNKNOWN,UNKNOWN,microvolts by MNE volts x 1e6 contract; historical generator revision UNKNOWN,64,publisher highpass/artifact/MWF/CAR/resample; not repeated here,/home/fanyu/auditory_simulation_m6a/pub_01/s06/sparrkulee_v3.1/raw/sub-056/ses-varyingStories06/eeg/sub-056_ses-varyingStories06_task-listeningActive_run-02_stimulation.tsv,True,RAW_DOWNLOAD_PENDING
/home/fanyu/auditory_simulation_m6a/pub_01/s06/sparrkulee_v3.1/raw/derivatives/preprocessed_eeg/sub-056/ses-varyingStories06/sub-056_ses-varyingStories06_task-listeningActive_run-03_desc-preproc-audio-podcast_22_eeg.npy,sub-056_ses-varyingStories06_task-listeningActive_run-03_eeg.bdf.gz,/home/fanyu/auditory_simulation_m6a/pub_01/s06/sparrkulee_v3.1/raw/sub-056/ses-varyingStories06/eeg/sub-056_ses-varyingStories06_task-listeningActive_run-03_eeg.bdf.gz,PUBLIC,HOLD,False,0..63 in original order per publisher config,UNKNOWN,EEG per publisher dataset/config,UNKNOWN,UNKNOWN,UNKNOWN,microvolts by MNE volts x 1e6 contract; historical generator revision UNKNOWN,64,publisher highpass/artifact/MWF/CAR/resample; not repeated here,/home/fanyu/auditory_simulation_m6a/pub_01/s06/sparrkulee_v3.1/raw/sub-056/ses-varyingStories06/eeg/sub-056_ses-varyingStories06_task-listeningActive_run-03_stimulation.tsv,True,RAW_DOWNLOAD_PENDING
/home/fanyu/auditory_simulation_m6a/pub_01/s06/sparrkulee_v3.1/raw/derivatives/preprocessed_eeg/sub-056/ses-varyingStories06/sub-056_ses-varyingStories06_task-listeningActive_run-04_desc-preproc-audio-podcast_20_eeg.npy,sub-056_ses-varyingStories06_task-listeningActive_run-04_eeg.bdf.gz,/home/fanyu/auditory_simulation_m6a/pub_01/s06/sparrkulee_v3.1/raw/sub-056/ses-varyingStories06/eeg/sub-056_ses-varyingStories06_task-listeningActive_run-04_eeg.bdf.gz,PUBLIC,HOLD,False,0..63 in original order per publisher config,UNKNOWN,EEG per publisher dataset/config,UNKNOWN,UNKNOWN,UNKNOWN,microvolts by MNE volts x 1e6 contract; historical generator revision UNKNOWN,64,publisher highpass/artifact/MWF/CAR/resample; not repeated here,/home/fanyu/auditory_simulation_m6a/pub_01/s06/sparrkulee_v3.1/raw/sub-056/ses-varyingStories06/eeg/sub-056_ses-varyingStories06_task-listeningActive_run-04_stimulation.tsv,True,RAW_DOWNLOAD_PENDING
/home/fanyu/auditory_simulation_m6a/pub_01/s06/sparrkulee_v3.1/raw/derivatives/preprocessed_eeg/sub-056/ses-varyingStories06/sub-056_ses-varyingStories06_task-listeningActive_run-05_desc-preproc-audio-audiobook_12_1_eeg.npy,sub-056_ses-varyingStories06_task-listeningActive_run-05_eeg.bdf.gz,/home/fanyu/auditory_simulation_m6a/pub_01/s06/sparrkulee_v3.1/raw/sub-056/ses-varyingStories06/eeg/sub-056_ses-varyingStories06_task-listeningActive_run-05_eeg.bdf.gz,PUBLIC,HOLD,False,0..63 in original order per publisher config,UNKNOWN,EEG per publisher dataset/config,UNKNOWN,UNKNOWN,UNKNOWN,microvolts by MNE volts x 1e6 contract; historical generator revision UNKNOWN,64,publisher highpass/artifact/MWF/CAR/resample; not repeated here,/home/fanyu/auditory_simulation_m6a/pub_01/s06/sparrkulee_v3.1/raw/sub-056/ses-varyingStories06/eeg/sub-056_ses-varyingStories06_task-listeningActive_run-05_stimulation.tsv,True,RAW_DOWNLOAD_PENDING
/home/fanyu/auditory_simulation_m6a/pub_01/s06/sparrkulee_v3.1/raw/derivatives/preprocessed_eeg/sub-056/ses-varyingStories06/sub-056_ses-varyingStories06_task-listeningActive_run-06_desc-preproc-audio-audiobook_12_2_eeg.npy,sub-056_ses-varyingStories06_task-listeningActive_run-06_eeg.bdf.gz,/home/fanyu/auditory_simulation_m6a/pub_01/s06/sparrkulee_v3.1/raw/sub-056/ses-varyingStories06/eeg/sub-056_ses-varyingStories06_task-listeningActive_run-06_eeg.bdf.gz,PUBLIC,HOLD,False,0..63 in original order per publisher config,UNKNOWN,EEG per publisher dataset/config,UNKNOWN,UNKNOWN,UNKNOWN,microvolts by MNE volts x 1e6 contract; historical generator revision UNKNOWN,64,publisher highpass/artifact/MWF/CAR/resample; not repeated here,/home/fanyu/auditory_simulation_m6a/pub_01/s06/sparrkulee_v3.1/raw/sub-056/ses-varyingStories06/eeg/sub-056_ses-varyingStories06_task-listeningActive_run-06_stimulation.tsv,True,RAW_DOWNLOAD_PENDING
/home/fanyu/auditory_simulation_m6a/pub_01/s06/sparrkulee_v3.1/raw/derivatives/preprocessed_eeg/sub-056/ses-varyingStories06/sub-056_ses-varyingStories06_task-listeningActive_run-08_desc-preproc-audio-podcast_21_eeg.npy,sub-056_ses-varyingStories06_task-listeningActive_run-08_eeg.bdf.gz,/home/fanyu/auditory_simulation_m6a/pub_01/s06/sparrkulee_v3.1/raw/sub-056/ses-varyingStories06/eeg/sub-056_ses-varyingStories06_task-listeningActive_run-08_eeg.bdf.gz,PUBLIC,HOLD,False,0..63 in original order per publisher config,UNKNOWN,EEG per publisher dataset/config,UNKNOWN,UNKNOWN,UNKNOWN,microvolts by MNE volts x 1e6 contract; historical generator revision UNKNOWN,64,publisher highpass/artifact/MWF/CAR/resample; not repeated here,/home/fanyu/auditory_simulation_m6a/pub_01/s06/sparrkulee_v3.1/raw/sub-056/ses-varyingStories06/eeg/sub-056_ses-varyingStories06_task-listeningActive_run-08_stimulation.tsv,True,RAW_DOWNLOAD_PENDING
/home/fanyu/auditory_simulation_m6a/pub_01/s06/sparrkulee_v3.1/raw/derivatives/preprocessed_eeg/sub-057/ses-varyingStories07/sub-057_ses-varyingStories07_task-listeningActive_run-01_desc-preproc-audio-podcast_27_eeg.npy,sub-057_ses-varyingStories07_task-listeningActive_run-01_eeg.bdf.gz,/home/fanyu/auditory_simulation_m6a/pub_01/s06/sparrkulee_v3.1/raw/sub-057/ses-varyingStories07/eeg/sub-057_ses-varyingStories07_task-listeningActive_run-01_eeg.bdf.gz,PUBLIC,HOLD,False,0..63 in original order per publisher config,UNKNOWN,EEG per publisher dataset/config,UNKNOWN,UNKNOWN,UNKNOWN,microvolts by MNE volts x 1e6 contract; historical generator revision UNKNOWN,64,publisher highpass/artifact/MWF/CAR/resample; not repeated here,/home/fanyu/auditory_simulation_m6a/pub_01/s06/sparrkulee_v3.1/raw/sub-057/ses-varyingStories07/eeg/sub-057_ses-varyingStories07_task-listeningActive_run-01_stimulation.tsv,True,RAW_DOWNLOAD_PENDING
/home/fanyu/auditory_simulation_m6a/pub_01/s06/sparrkulee_v3.1/raw/derivatives/preprocessed_eeg/sub-057/ses-varyingStories07/sub-057_ses-varyingStories07_task-listeningActive_run-02_desc-preproc-audio-audiobook_1_eeg.npy,sub-057_ses-varyingStories07_task-listeningActive_run-02_eeg.bdf.gz,/home/fanyu/auditory_simulation_m6a/pub_01/s06/sparrkulee_v3.1/raw/sub-057/ses-varyingStories07/eeg/sub-057_ses-varyingStories07_task-listeningActive_run-02_eeg.bdf.gz,PUBLIC,HOLD,False,0..63 in original order per publisher config,UNKNOWN,EEG per publisher dataset/config,UNKNOWN,UNKNOWN,UNKNOWN,microvolts by MNE volts x 1e6 contract; historical generator revision UNKNOWN,64,publisher highpass/artifact/MWF/CAR/resample; not repeated here,/home/fanyu/auditory_simulation_m6a/pub_01/s06/sparrkulee_v3.1/raw/sub-057/ses-varyingStories07/eeg/sub-057_ses-varyingStories07_task-listeningActive_run-02_stimulation.tsv,True,RAW_DOWNLOAD_PENDING
/home/fanyu/auditory_simulation_m6a/pub_01/s06/sparrkulee_v3.1/raw/derivatives/preprocessed_eeg/sub-057/ses-varyingStories07/sub-057_ses-varyingStories07_task-listeningActive_run-04_desc-preproc-audio-podcast_24_eeg.npy,sub-057_ses-varyingStories07_task-listeningActive_run-04_eeg.bdf.gz,/home/fanyu/auditory_simulation_m6a/pub_01/s06/sparrkulee_v3.1/raw/sub-057/ses-varyingStories07/eeg/sub-057_ses-varyingStories07_task-listeningActive_run-04_eeg.bdf.gz,PUBLIC,HOLD,False,0..63 in original order per publisher config,UNKNOWN,EEG per publisher dataset/config,UNKNOWN,UNKNOWN,UNKNOWN,microvolts by MNE volts x 1e6 contract; historical generator revision UNKNOWN,64,publisher highpass/artifact/MWF/CAR/resample; not repeated here,/home/fanyu/auditory_simulation_m6a/pub_01/s06/sparrkulee_v3.1/raw/sub-057/ses-varyingStories07/eeg/sub-057_ses-varyingStories07_task-listeningActive_run-04_stimulation.tsv,True,RAW_DOWNLOAD_PENDING
/home/fanyu/auditory_simulation_m6a/pub_01/s06/sparrkulee_v3.1/raw/derivatives/preprocessed_eeg/sub-057/ses-varyingStories07/sub-057_ses-varyingStories07_task-listeningActive_run-05_desc-preproc-audio-podcast_26_eeg.npy,sub-057_ses-varyingStories07_task-listeningActive_run-05_eeg.bdf.gz,/home/fanyu/auditory_simulation_m6a/pub_01/s06/sparrkulee_v3.1/raw/sub-057/ses-varyingStories07/eeg/sub-057_ses-varyingStories07_task-listeningActive_run-05_eeg.bdf.gz,PUBLIC,HOLD,False,0..63 in original order per publisher config,UNKNOWN,EEG per publisher dataset/config,UNKNOWN,UNKNOWN,UNKNOWN,microvolts by MNE volts x 1e6 contract; historical generator revision UNKNOWN,64,publisher highpass/artifact/MWF/CAR/resample; not repeated here,/home/fanyu/auditory_simulation_m6a/pub_01/s06/sparrkulee_v3.1/raw/sub-057/ses-varyingStories07/eeg/sub-057_ses-varyingStories07_task-listeningActive_run-05_stimulation.tsv,True,RAW_DOWNLOAD_PENDING
/home/fanyu/auditory_simulation_m6a/pub_01/s06/sparrkulee_v3.1/raw/derivatives/preprocessed_eeg/sub-057/ses-varyingStories07/sub-057_ses-varyingStories07_task-listeningActive_run-06_desc-preproc-audio-audiobook_13_1_eeg.npy,sub-057_ses-varyingStories07_task-listeningActive_run-06_eeg.bdf.gz,/home/fanyu/auditory_simulation_m6a/pub_01/s06/sparrkulee_v3.1/raw/sub-057/ses-varyingStories07/eeg/sub-057_ses-varyingStories07_task-listeningActive_run-06_eeg.bdf.gz,PUBLIC,HOLD,False,0..63 in original order per publisher config,UNKNOWN,EEG per publisher dataset/config,UNKNOWN,UNKNOWN,UNKNOWN,microvolts by MNE volts x 1e6 contract; historical generator revision UNKNOWN,64,publisher highpass/artifact/MWF/CAR/resample; not repeated here,/home/fanyu/auditory_simulation_m6a/pub_01/s06/sparrkulee_v3.1/raw/sub-057/ses-varyingStories07/eeg/sub-057_ses-varyingStories07_task-listeningActive_run-06_stimulation.tsv,True,RAW_DOWNLOAD_PENDING
/home/fanyu/auditory_simulation_m6a/pub_01/s06/sparrkulee_v3.1/raw/derivatives/preprocessed_eeg/sub-057/ses-varyingStories07/sub-057_ses-varyingStories07_task-listeningActive_run-07_desc-preproc-audio-audiobook_13_2_eeg.npy,sub-057_ses-varyingStories07_task-listeningActive_run-07_eeg.bdf.gz,/home/fanyu/auditory_simulation_m6a/pub_01/s06/sparrkulee_v3.1/raw/sub-057/ses-varyingStories07/eeg/sub-057_ses-varyingStories07_task-listeningActive_run-07_eeg.bdf.gz,PUBLIC,HOLD,False,0..63 in original order per publisher config,UNKNOWN,EEG per publisher dataset/config,UNKNOWN,UNKNOWN,UNKNOWN,microvolts by MNE volts x 1e6 contract; historical generator revision UNKNOWN,64,publisher highpass/artifact/MWF/CAR/resample; not repeated here,/home/fanyu/auditory_simulation_m6a/pub_01/s06/sparrkulee_v3.1/raw/sub-057/ses-varyingStories07/eeg/sub-057_ses-varyingStories07_task-listeningActive_run-07_stimulation.tsv,True,RAW_DOWNLOAD_PENDING
/home/fanyu/auditory_simulation_m6a/pub_01/s06/sparrkulee_v3.1/raw/derivatives/preprocessed_eeg/sub-057/ses-varyingStories07/sub-057_ses-varyingStories07_task-listeningActive_run-08_desc-preproc-audio-podcast_25_eeg.npy,sub-057_ses-varyingStories07_task-listeningActive_run-08_eeg.bdf.gz,/home/fanyu/auditory_simulation_m6a/pub_01/s06/sparrkulee_v3.1/raw/sub-057/ses-varyingStories07/eeg/sub-057_ses-varyingStories07_task-listeningActive_run-08_eeg.bdf.gz,PUBLIC,HOLD,False,0..63 in original order per publisher config,UNKNOWN,EEG per publisher dataset/config,UNKNOWN,UNKNOWN,UNKNOWN,microvolts by MNE volts x 1e6 contract; historical generator revision UNKNOWN,64,publisher highpass/artifact/MWF/CAR/resample; not repeated here,/home/fanyu/auditory_simulation_m6a/pub_01/s06/sparrkulee_v3.1/raw/sub-057/ses-varyingStories07/eeg/sub-057_ses-varyingStories07_task-listeningActive_run-08_stimulation.tsv,True,RAW_DOWNLOAD_PENDING
/home/fanyu/auditory_simulation_m6a/pub_01/s06/sparrkulee_v3.1/raw/derivatives/preprocessed_eeg/sub-058/ses-varyingStories07/sub-058_ses-varyingStories07_task-listeningActive_run-01_desc-preproc-audio-audiobook_1_eeg.npy,sub-058_ses-varyingStories07_task-listeningActive_run-01_eeg.bdf.gz,/home/fanyu/auditory_simulation_m6a/pub_01/s06/sparrkulee_v3.1/raw/sub-058/ses-varyingStories07/eeg/sub-058_ses-varyingStories07_task-listeningActive_run-01_eeg.bdf.gz,PUBLIC,HOLD,False,0..63 in original order per publisher config,UNKNOWN,EEG per publisher dataset/config,UNKNOWN,UNKNOWN,UNKNOWN,microvolts by MNE volts x 1e6 contract; historical generator revision UNKNOWN,64,publisher highpass/artifact/MWF/CAR/resample; not repeated here,/home/fanyu/auditory_simulation_m6a/pub_01/s06/sparrkulee_v3.1/raw/sub-058/ses-varyingStories07/eeg/sub-058_ses-varyingStories07_task-listeningActive_run-01_stimulation.tsv,True,RAW_DOWNLOAD_PENDING
/home/fanyu/auditory_simulation_m6a/pub_01/s06/sparrkulee_v3.1/raw/derivatives/preprocessed_eeg/sub-058/ses-varyingStories07/sub-058_ses-varyingStories07_task-listeningActive_run-03_desc-preproc-audio-audiobook_13_1_eeg.npy,sub-058_ses-varyingStories07_task-listeningActive_run-03_eeg.bdf.gz,/home/fanyu/auditory_simulation_m6a/pub_01/s06/sparrkulee_v3.1/raw/sub-058/ses-varyingStories07/eeg/sub-058_ses-varyingStories07_task-listeningActive_run-03_eeg.bdf.gz,PUBLIC,HOLD,False,0..63 in original order per publisher config,UNKNOWN,EEG per publisher dataset/config,UNKNOWN,UNKNOWN,UNKNOWN,microvolts by MNE volts x 1e6 contract; historical generator revision UNKNOWN,64,publisher highpass/artifact/MWF/CAR/resample; not repeated here,/home/fanyu/auditory_simulation_m6a/pub_01/s06/sparrkulee_v3.1/raw/sub-058/ses-varyingStories07/eeg/sub-058_ses-varyingStories07_task-listeningActive_run-03_stimulation.tsv,True,RAW_DOWNLOAD_PENDING
/home/fanyu/auditory_simulation_m6a/pub_01/s06/sparrkulee_v3.1/raw/derivatives/preprocessed_eeg/sub-058/ses-varyingStories07/sub-058_ses-varyingStories07_task-listeningActive_run-04_desc-preproc-audio-audiobook_13_2_eeg.npy,sub-058_ses-varyingStories07_task-listeningActive_run-04_eeg.bdf.gz,/home/fanyu/auditory_simulation_m6a/pub_01/s06/sparrkulee_v3.1/raw/sub-058/ses-varyingStories07/eeg/sub-058_ses-varyingStories07_task-listeningActive_run-04_eeg.bdf.gz,PUBLIC,HOLD,False,0..63 in original order per publisher config,UNKNOWN,EEG per publisher dataset/config,UNKNOWN,UNKNOWN,UNKNOWN,microvolts by MNE volts x 1e6 contract; historical generator revision UNKNOWN,64,publisher highpass/artifact/MWF/CAR/resample; not repeated here,/home/fanyu/auditory_simulation_m6a/pub_01/s06/sparrkulee_v3.1/raw/sub-058/ses-varyingStories07/eeg/sub-058_ses-varyingStories07_task-listeningActive_run-04_stimulation.tsv,True,RAW_DOWNLOAD_PENDING
/home/fanyu/auditory_simulation_m6a/pub_01/s06/sparrkulee_v3.1/raw/derivatives/preprocessed_eeg/sub-058/ses-varyingStories07/sub-058_ses-varyingStories07_task-listeningActive_run-05_desc-preproc-audio-podcast_27_eeg.npy,sub-058_ses-varyingStories07_task-listeningActive_run-05_eeg.bdf.gz,/home/fanyu/auditory_simulation_m6a/pub_01/s06/sparrkulee_v3.1/raw/sub-058/ses-varyingStories07/eeg/sub-058_ses-varyingStories07_task-listeningActive_run-05_eeg.bdf.gz,PUBLIC,HOLD,False,0..63 in original order per publisher config,UNKNOWN,EEG per publisher dataset/config,UNKNOWN,UNKNOWN,UNKNOWN,microvolts by MNE volts x 1e6 contract; historical generator revision UNKNOWN,64,publisher highpass/artifact/MWF/CAR/resample; not repeated here,/home/fanyu/auditory_simulation_m6a/pub_01/s06/sparrkulee_v3.1/raw/sub-058/ses-varyingStories07/eeg/sub-058_ses-varyingStories07_task-listeningActive_run-05_stimulation.tsv,True,RAW_DOWNLOAD_PENDING
/home/fanyu/auditory_simulation_m6a/pub_01/s06/sparrkulee_v3.1/raw/derivatives/preprocessed_eeg/sub-058/ses-varyingStories07/sub-058_ses-varyingStories07_task-listeningActive_run-07_desc-preproc-audio-podcast_24_eeg.npy,sub-058_ses-varyingStories07_task-listeningActive_run-07_eeg.bdf.gz,/home/fanyu/auditory_simulation_m6a/pub_01/s06/sparrkulee_v3.1/raw/sub-058/ses-varyingStories07/eeg/sub-058_ses-varyingStories07_task-listeningActive_run-07_eeg.bdf.gz,PUBLIC,HOLD,False,0..63 in original order per publisher config,UNKNOWN,EEG per publisher dataset/config,UNKNOWN,UNKNOWN,UNKNOWN,microvolts by MNE volts x 1e6 contract; historical generator revision UNKNOWN,64,publisher highpass/artifact/MWF/CAR/resample; not repeated here,/home/fanyu/auditory_simulation_m6a/pub_01/s06/sparrkulee_v3.1/raw/sub-058/ses-varyingStories07/eeg/sub-058_ses-varyingStories07_task-listeningActive_run-07_stimulation.tsv,True,RAW_DOWNLOAD_PENDING
/home/fanyu/auditory_simulation_m6a/pub_01/s06/sparrkulee_v3.1/raw/derivatives/preprocessed_eeg/sub-058/ses-varyingStories07/sub-058_ses-varyingStories07_task-listeningActive_run-08_desc-preproc-audio-podcast_26_eeg.npy,sub-058_ses-varyingStories07_task-listeningActive_run-08_eeg.bdf.gz,/home/fanyu/auditory_simulation_m6a/pub_01/s06/sparrkulee_v3.1/raw/sub-058/ses-varyingStories07/eeg/sub-058_ses-varyingStories07_task-listeningActive_run-08_eeg.bdf.gz,PUBLIC,HOLD,False,0..63 in original order per publisher config,UNKNOWN,EEG per publisher dataset/config,UNKNOWN,UNKNOWN,UNKNOWN,microvolts by MNE volts x 1e6 contract; historical generator revision UNKNOWN,64,publisher highpass/artifact/MWF/CAR/resample; not repeated here,/home/fanyu/auditory_simulation_m6a/pub_01/s06/sparrkulee_v3.1/raw/sub-058/ses-varyingStories07/eeg/sub-058_ses-varyingStories07_task-listeningActive_run-08_stimulation.tsv,True,RAW_DOWNLOAD_PENDING
/home/fanyu/auditory_simulation_m6a/pub_01/s06/sparrkulee_v3.1/raw/derivatives/preprocessed_eeg/sub-058/ses-varyingStories07/sub-058_ses-varyingStories07_task-listeningActive_run-09_desc-preproc-audio-podcast_25_eeg.npy,sub-058_ses-varyingStories07_task-listeningActive_run-09_eeg.bdf.gz,/home/fanyu/auditory_simulation_m6a/pub_01/s06/sparrkulee_v3.1/raw/sub-058/ses-varyingStories07/eeg/sub-058_ses-varyingStories07_task-listeningActive_run-09_eeg.bdf.gz,PUBLIC,HOLD,False,0..63 in original order per publisher config,UNKNOWN,EEG per publisher dataset/config,UNKNOWN,UNKNOWN,UNKNOWN,microvolts by MNE volts x 1e6 contract; historical generator revision UNKNOWN,64,publisher highpass/artifact/MWF/CAR/resample; not repeated here,/home/fanyu/auditory_simulation_m6a/pub_01/s06/sparrkulee_v3.1/raw/sub-058/ses-varyingStories07/eeg/sub-058_ses-varyingStories07_task-listeningActive_run-09_stimulation.tsv,True,RAW_DOWNLOAD_PENDING
/home/fanyu/auditory_simulation_m6a/pub_01/s06/sparrkulee_v3.1/raw/derivatives/preprocessed_eeg/sub-059/ses-varyingStories07/sub-059_ses-varyingStories07_task-listeningActive_run-01_desc-preproc-audio-podcast_25_eeg.npy,sub-059_ses-varyingStories07_task-listeningActive_run-01_eeg.bdf.gz,/home/fanyu/auditory_simulation_m6a/pub_01/s06/sparrkulee_v3.1/raw/sub-059/ses-varyingStories07/eeg/sub-059_ses-varyingStories07_task-listeningActive_run-01_eeg.bdf.gz,PUBLIC,HOLD,False,0..63 in original order per publisher config,UNKNOWN,EEG per publisher dataset/config,UNKNOWN,UNKNOWN,UNKNOWN,microvolts by MNE volts x 1e6 contract; historical generator revision UNKNOWN,64,publisher highpass/artifact/MWF/CAR/resample; not repeated here,/home/fanyu/auditory_simulation_m6a/pub_01/s06/sparrkulee_v3.1/raw/sub-059/ses-varyingStories07/eeg/sub-059_ses-varyingStories07_task-listeningActive_run-01_stimulation.tsv,True,RAW_DOWNLOAD_PENDING
/home/fanyu/auditory_simulation_m6a/pub_01/s06/sparrkulee_v3.1/raw/derivatives/preprocessed_eeg/sub-059/ses-varyingStories07/sub-059_ses-varyingStories07_task-listeningActive_run-02_desc-preproc-audio-podcast_27_eeg.npy,sub-059_ses-varyingStories07_task-listeningActive_run-02_eeg.bdf.gz,/home/fanyu/auditory_simulation_m6a/pub_01/s06/sparrkulee_v3.1/raw/sub-059/ses-varyingStories07/eeg/sub-059_ses-varyingStories07_task-listeningActive_run-02_eeg.bdf.gz,PUBLIC,HOLD,False,0..63 in original order per publisher config,UNKNOWN,EEG per publisher dataset/config,UNKNOWN,UNKNOWN,UNKNOWN,microvolts by MNE volts x 1e6 contract; historical generator revision UNKNOWN,64,publisher highpass/artifact/MWF/CAR/resample; not repeated here,/home/fanyu/auditory_simulation_m6a/pub_01/s06/sparrkulee_v3.1/raw/sub-059/ses-varyingStories07/eeg/sub-059_ses-varyingStories07_task-listeningActive_run-02_stimulation.tsv,True,RAW_DOWNLOAD_PENDING
/home/fanyu/auditory_simulation_m6a/pub_01/s06/sparrkulee_v3.1/raw/derivatives/preprocessed_eeg/sub-059/ses-varyingStories07/sub-059_ses-varyingStories07_task-listeningActive_run-03_desc-preproc-audio-audiobook_13_1_eeg.npy,sub-059_ses-varyingStories07_task-listeningActive_run-03_eeg.bdf.gz,/home/fanyu/auditory_simulation_m6a/pub_01/s06/sparrkulee_v3.1/raw/sub-059/ses-varyingStories07/eeg/sub-059_ses-varyingStories07_task-listeningActive_run-03_eeg.bdf.gz,PUBLIC,HOLD,False,0..63 in original order per publisher config,UNKNOWN,EEG per publisher dataset/config,UNKNOWN,UNKNOWN,UNKNOWN,microvolts by MNE volts x 1e6 contract; historical generator revision UNKNOWN,64,publisher highpass/artifact/MWF/CAR/resample; not repeated here,/home/fanyu/auditory_simulation_m6a/pub_01/s06/sparrkulee_v3.1/raw/sub-059/ses-varyingStories07/eeg/sub-059_ses-varyingStories07_task-listeningActive_run-03_stimulation.tsv,True,RAW_DOWNLOAD_PENDING
/home/fanyu/auditory_simulation_m6a/pub_01/s06/sparrkulee_v3.1/raw/derivatives/preprocessed_eeg/sub-059/ses-varyingStories07/sub-059_ses-varyingStories07_task-listeningActive_run-04_desc-preproc-audio-audiobook_13_2_eeg.npy,sub-059_ses-varyingStories07_task-listeningActive_run-04_eeg.bdf.gz,/home/fanyu/auditory_simulation_m6a/pub_01/s06/sparrkulee_v3.1/raw/sub-059/ses-varyingStories07/eeg/sub-059_ses-varyingStories07_task-listeningActive_run-04_eeg.bdf.gz,PUBLIC,HOLD,False,0..63 in original order per publisher config,UNKNOWN,EEG per publisher dataset/config,UNKNOWN,UNKNOWN,UNKNOWN,microvolts by MNE volts x 1e6 contract; historical generator revision UNKNOWN,64,publisher highpass/artifact/MWF/CAR/resample; not repeated here,/home/fanyu/auditory_simulation_m6a/pub_01/s06/sparrkulee_v3.1/raw/sub-059/ses-varyingStories07/eeg/sub-059_ses-varyingStories07_task-listeningActive_run-04_stimulation.tsv,True,RAW_DOWNLOAD_PENDING
/home/fanyu/auditory_simulation_m6a/pub_01/s06/sparrkulee_v3.1/raw/derivatives/preprocessed_eeg/sub-059/ses-varyingStories07/sub-059_ses-varyingStories07_task-listeningActive_run-06_desc-preproc-audio-audiobook_1_eeg.npy,sub-059_ses-varyingStories07_task-listeningActive_run-06_eeg.bdf.gz,/home/fanyu/auditory_simulation_m6a/pub_01/s06/sparrkulee_v3.1/raw/sub-059/ses-varyingStories07/eeg/sub-059_ses-varyingStories07_task-listeningActive_run-06_eeg.bdf.gz,PUBLIC,HOLD,False,0..63 in original order per publisher config,UNKNOWN,EEG per publisher dataset/config,UNKNOWN,UNKNOWN,UNKNOWN,microvolts by MNE volts x 1e6 contract; historical generator revision UNKNOWN,64,publisher highpass/artifact/MWF/CAR/resample; not repeated here,/home/fanyu/auditory_simulation_m6a/pub_01/s06/sparrkulee_v3.1/raw/sub-059/ses-varyingStories07/eeg/sub-059_ses-varyingStories07_task-listeningActive_run-06_stimulation.tsv,True,RAW_DOWNLOAD_PENDING
/home/fanyu/auditory_simulation_m6a/pub_01/s06/sparrkulee_v3.1/raw/derivatives/preprocessed_eeg/sub-059/ses-varyingStories07/sub-059_ses-varyingStories07_task-listeningActive_run-07_desc-preproc-audio-podcast_24_eeg.npy,sub-059_ses-varyingStories07_task-listeningActive_run-07_eeg.bdf.gz,/home/fanyu/auditory_simulation_m6a/pub_01/s06/sparrkulee_v3.1/raw/sub-059/ses-varyingStories07/eeg/sub-059_ses-varyingStories07_task-listeningActive_run-07_eeg.bdf.gz,PUBLIC,HOLD,False,0..63 in original order per publisher config,UNKNOWN,EEG per publisher dataset/config,UNKNOWN,UNKNOWN,UNKNOWN,microvolts by MNE volts x 1e6 contract; historical generator revision UNKNOWN,64,publisher highpass/artifact/MWF/CAR/resample; not repeated here,/home/fanyu/auditory_simulation_m6a/pub_01/s06/sparrkulee_v3.1/raw/sub-059/ses-varyingStories07/eeg/sub-059_ses-varyingStories07_task-listeningActive_run-07_stimulation.tsv,True,RAW_DOWNLOAD_PENDING
/home/fanyu/auditory_simulation_m6a/pub_01/s06/sparrkulee_v3.1/raw/derivatives/preprocessed_eeg/sub-059/ses-varyingStories07/sub-059_ses-varyingStories07_task-listeningActive_run-08_desc-preproc-audio-podcast_26_eeg.npy,sub-059_ses-varyingStories07_task-listeningActive_run-08_eeg.bdf.gz,/home/fanyu/auditory_simulation_m6a/pub_01/s06/sparrkulee_v3.1/raw/sub-059/ses-varyingStories07/eeg/sub-059_ses-varyingStories07_task-listeningActive_run-08_eeg.bdf.gz,PUBLIC,HOLD,False,0..63 in original order per publisher config,UNKNOWN,EEG per publisher dataset/config,UNKNOWN,UNKNOWN,UNKNOWN,microvolts by MNE volts x 1e6 contract; historical generator revision UNKNOWN,64,publisher highpass/artifact/MWF/CAR/resample; not repeated here,/home/fanyu/auditory_simulation_m6a/pub_01/s06/sparrkulee_v3.1/raw/sub-059/ses-varyingStories07/eeg/sub-059_ses-varyingStories07_task-listeningActive_run-08_stimulation.tsv,True,RAW_DOWNLOAD_PENDING
/home/fanyu/auditory_simulation_m6a/pub_01/s06/sparrkulee_v3.1/raw/derivatives/preprocessed_eeg/sub-060/ses-varyingStories07/sub-060_ses-varyingStories07_task-listeningActive_run-01_desc-preproc-audio-podcast_25_eeg.npy,sub-060_ses-varyingStories07_task-listeningActive_run-01_eeg.bdf.gz,/home/fanyu/auditory_simulation_m6a/pub_01/s06/sparrkulee_v3.1/raw/sub-060/ses-varyingStories07/eeg/sub-060_ses-varyingStories07_task-listeningActive_run-01_eeg.bdf.gz,PUBLIC,HOLD,False,0..63 in original order per publisher config,UNKNOWN,EEG per publisher dataset/config,UNKNOWN,UNKNOWN,UNKNOWN,microvolts by MNE volts x 1e6 contract; historical generator revision UNKNOWN,64,publisher highpass/artifact/MWF/CAR/resample; not repeated here,/home/fanyu/auditory_simulation_m6a/pub_01/s06/sparrkulee_v3.1/raw/sub-060/ses-varyingStories07/eeg/sub-060_ses-varyingStories07_task-listeningActive_run-01_stimulation.tsv,True,RAW_DOWNLOAD_PENDING
/home/fanyu/auditory_simulation_m6a/pub_01/s06/sparrkulee_v3.1/raw/derivatives/preprocessed_eeg/sub-060/ses-varyingStories07/sub-060_ses-varyingStories07_task-listeningActive_run-03_desc-preproc-audio-podcast_26_eeg.npy,sub-060_ses-varyingStories07_task-listeningActive_run-03_eeg.bdf.gz,/home/fanyu/auditory_simulation_m6a/pub_01/s06/sparrkulee_v3.1/raw/sub-060/ses-varyingStories07/eeg/sub-060_ses-varyingStories07_task-listeningActive_run-03_eeg.bdf.gz,PUBLIC,HOLD,False,0..63 in original order per publisher config,UNKNOWN,EEG per publisher dataset/config,UNKNOWN,UNKNOWN,UNKNOWN,microvolts by MNE volts x 1e6 contract; historical generator revision UNKNOWN,64,publisher highpass/artifact/MWF/CAR/resample; not repeated here,/home/fanyu/auditory_simulation_m6a/pub_01/s06/sparrkulee_v3.1/raw/sub-060/ses-varyingStories07/eeg/sub-060_ses-varyingStories07_task-listeningActive_run-03_stimulation.tsv,True,RAW_DOWNLOAD_PENDING
/home/fanyu/auditory_simulation_m6a/pub_01/s06/sparrkulee_v3.1/raw/derivatives/preprocessed_eeg/sub-060/ses-varyingStories07/sub-060_ses-varyingStories07_task-listeningActive_run-04_desc-preproc-audio-podcast_24_eeg.npy,sub-060_ses-varyingStories07_task-listeningActive_run-04_eeg.bdf.gz,/home/fanyu/auditory_simulation_m6a/pub_01/s06/sparrkulee_v3.1/raw/sub-060/ses-varyingStories07/eeg/sub-060_ses-varyingStories07_task-listeningActive_run-04_eeg.bdf.gz,PUBLIC,HOLD,False,0..63 in original order per publisher config,UNKNOWN,EEG per publisher dataset/config,UNKNOWN,UNKNOWN,UNKNOWN,microvolts by MNE volts x 1e6 contract; historical generator revision UNKNOWN,64,publisher highpass/artifact/MWF/CAR/resample; not repeated here,/home/fanyu/auditory_simulation_m6a/pub_01/s06/sparrkulee_v3.1/raw/sub-060/ses-varyingStories07/eeg/sub-060_ses-varyingStories07_task-listeningActive_run-04_stimulation.tsv,True,RAW_DOWNLOAD_PENDING
/home/fanyu/auditory_simulation_m6a/pub_01/s06/sparrkulee_v3.1/raw/derivatives/preprocessed_eeg/sub-060/ses-varyingStories07/sub-060_ses-varyingStories07_task-listeningActive_run-05_desc-preproc-audio-audiobook_1_eeg.npy,sub-060_ses-varyingStories07_task-listeningActive_run-05_eeg.bdf.gz,/home/fanyu/auditory_simulation_m6a/pub_01/s06/sparrkulee_v3.1/raw/sub-060/ses-varyingStories07/eeg/sub-060_ses-varyingStories07_task-listeningActive_run-05_eeg.bdf.gz,PUBLIC,HOLD,False,0..63 in original order per publisher config,UNKNOWN,EEG per publisher dataset/config,UNKNOWN,UNKNOWN,UNKNOWN,microvolts by MNE volts x 1e6 contract; historical generator revision UNKNOWN,64,publisher highpass/artifact/MWF/CAR/resample; not repeated here,/home/fanyu/auditory_simulation_m6a/pub_01/s06/sparrkulee_v3.1/raw/sub-060/ses-varyingStories07/eeg/sub-060_ses-varyingStories07_task-listeningActive_run-05_stimulation.tsv,True,RAW_DOWNLOAD_PENDING
/home/fanyu/auditory_simulation_m6a/pub_01/s06/sparrkulee_v3.1/raw/derivatives/preprocessed_eeg/sub-060/ses-varyingStories07/sub-060_ses-varyingStories07_task-listeningActive_run-06_desc-preproc-audio-audiobook_13_1_eeg.npy,sub-060_ses-varyingStories07_task-listeningActive_run-06_eeg.bdf.gz,/home/fanyu/auditory_simulation_m6a/pub_01/s06/sparrkulee_v3.1/raw/sub-060/ses-varyingStories07/eeg/sub-060_ses-varyingStories07_task-listeningActive_run-06_eeg.bdf.gz,PUBLIC,HOLD,False,0..63 in original order per publisher config,UNKNOWN,EEG per publisher dataset/config,UNKNOWN,UNKNOWN,UNKNOWN,microvolts by MNE volts x 1e6 contract; historical generator revision UNKNOWN,64,publisher highpass/artifact/MWF/CAR/resample; not repeated here,/home/fanyu/auditory_simulation_m6a/pub_01/s06/sparrkulee_v3.1/raw/sub-060/ses-varyingStories07/eeg/sub-060_ses-varyingStories07_task-listeningActive_run-06_stimulation.tsv,True,RAW_DOWNLOAD_PENDING
/home/fanyu/auditory_simulation_m6a/pub_01/s06/sparrkulee_v3.1/raw/derivatives/preprocessed_eeg/sub-060/ses-varyingStories07/sub-060_ses-varyingStories07_task-listeningActive_run-07_desc-preproc-audio-audiobook_13_2_eeg.npy,sub-060_ses-varyingStories07_task-listeningActive_run-07_eeg.bdf.gz,/home/fanyu/auditory_simulation_m6a/pub_01/s06/sparrkulee_v3.1/raw/sub-060/ses-varyingStories07/eeg/sub-060_ses-varyingStories07_task-listeningActive_run-07_eeg.bdf.gz,PUBLIC,HOLD,False,0..63 in original order per publisher config,UNKNOWN,EEG per publisher dataset/config,UNKNOWN,UNKNOWN,UNKNOWN,microvolts by MNE volts x 1e6 contract; historical generator revision UNKNOWN,64,publisher highpass/artifact/MWF/CAR/resample; not repeated here,/home/fanyu/auditory_simulation_m6a/pub_01/s06/sparrkulee_v3.1/raw/sub-060/ses-varyingStories07/eeg/sub-060_ses-varyingStories07_task-listeningActive_run-07_stimulation.tsv,True,RAW_DOWNLOAD_PENDING
/home/fanyu/auditory_simulation_m6a/pub_01/s06/sparrkulee_v3.1/raw/derivatives/preprocessed_eeg/sub-061/ses-varyingStories07/sub-061_ses-varyingStories07_task-listeningActive_run-01_desc-preproc-audio-audiobook_13_1_eeg.npy,sub-061_ses-varyingStories07_task-listeningActive_run-01_eeg.bdf.gz,/home/fanyu/auditory_simulation_m6a/pub_01/s06/sparrkulee_v3.1/raw/sub-061/ses-varyingStories07/eeg/sub-061_ses-varyingStories07_task-listeningActive_run-01_eeg.bdf.gz,PUBLIC,HOLD,False,0..63 in original order per publisher config,UNKNOWN,EEG per publisher dataset/config,UNKNOWN,UNKNOWN,UNKNOWN,microvolts by MNE volts x 1e6 contract; historical generator revision UNKNOWN,64,publisher highpass/artifact/MWF/CAR/resample; not repeated here,/home/fanyu/auditory_simulation_m6a/pub_01/s06/sparrkulee_v3.1/raw/sub-061/ses-varyingStories07/eeg/sub-061_ses-varyingStories07_task-listeningActive_run-01_stimulation.tsv,True,RAW_DOWNLOAD_PENDING
/home/fanyu/auditory_simulation_m6a/pub_01/s06/sparrkulee_v3.1/raw/derivatives/preprocessed_eeg/sub-061/ses-varyingStories07/sub-061_ses-varyingStories07_task-listeningActive_run-02_desc-preproc-audio-audiobook_13_2_eeg.npy,sub-061_ses-varyingStories07_task-listeningActive_run-02_eeg.bdf.gz,/home/fanyu/auditory_simulation_m6a/pub_01/s06/sparrkulee_v3.1/raw/sub-061/ses-varyingStories07/eeg/sub-061_ses-varyingStories07_task-listeningActive_run-02_eeg.bdf.gz,PUBLIC,HOLD,False,0..63 in original order per publisher config,UNKNOWN,EEG per publisher dataset/config,UNKNOWN,UNKNOWN,UNKNOWN,microvolts by MNE volts x 1e6 contract; historical generator revision UNKNOWN,64,publisher highpass/artifact/MWF/CAR/resample; not repeated here,/home/fanyu/auditory_simulation_m6a/pub_01/s06/sparrkulee_v3.1/raw/sub-061/ses-varyingStories07/eeg/sub-061_ses-varyingStories07_task-listeningActive_run-02_stimulation.tsv,True,RAW_DOWNLOAD_PENDING
/home/fanyu/auditory_simulation_m6a/pub_01/s06/sparrkulee_v3.1/raw/derivatives/preprocessed_eeg/sub-061/ses-varyingStories07/sub-061_ses-varyingStories07_task-listeningActive_run-04_desc-preproc-audio-audiobook_1_eeg.npy,sub-061_ses-varyingStories07_task-listeningActive_run-04_eeg.bdf.gz,/home/fanyu/auditory_simulation_m6a/pub_01/s06/sparrkulee_v3.1/raw/sub-061/ses-varyingStories07/eeg/sub-061_ses-varyingStories07_task-listeningActive_run-04_eeg.bdf.gz,PUBLIC,HOLD,False,0..63 in original order per publisher config,UNKNOWN,EEG per publisher dataset/config,UNKNOWN,UNKNOWN,UNKNOWN,microvolts by MNE volts x 1e6 contract; historical generator revision UNKNOWN,64,publisher highpass/artifact/MWF/CAR/resample; not repeated here,/home/fanyu/auditory_simulation_m6a/pub_01/s06/sparrkulee_v3.1/raw/sub-061/ses-varyingStories07/eeg/sub-061_ses-varyingStories07_task-listeningActive_run-04_stimulation.tsv,True,RAW_DOWNLOAD_PENDING
/home/fanyu/auditory_simulation_m6a/pub_01/s06/sparrkulee_v3.1/raw/derivatives/preprocessed_eeg/sub-061/ses-varyingStories07/sub-061_ses-varyingStories07_task-listeningActive_run-05_desc-preproc-audio-podcast_24_eeg.npy,sub-061_ses-varyingStories07_task-listeningActive_run-05_eeg.bdf.gz,/home/fanyu/auditory_simulation_m6a/pub_01/s06/sparrkulee_v3.1/raw/sub-061/ses-varyingStories07/eeg/sub-061_ses-varyingStories07_task-listeningActive_run-05_eeg.bdf.gz,PUBLIC,HOLD,False,0..63 in original order per publisher config,UNKNOWN,EEG per publisher dataset/config,UNKNOWN,UNKNOWN,UNKNOWN,microvolts by MNE volts x 1e6 contract; historical generator revision UNKNOWN,64,publisher highpass/artifact/MWF/CAR/resample; not repeated here,/home/fanyu/auditory_simulation_m6a/pub_01/s06/sparrkulee_v3.1/raw/sub-061/ses-varyingStories07/eeg/sub-061_ses-varyingStories07_task-listeningActive_run-05_stimulation.tsv,True,RAW_DOWNLOAD_PENDING
/home/fanyu/auditory_simulation_m6a/pub_01/s06/sparrkulee_v3.1/raw/derivatives/preprocessed_eeg/sub-061/ses-varyingStories07/sub-061_ses-varyingStories07_task-listeningActive_run-07_desc-preproc-audio-podcast_26_eeg.npy,sub-061_ses-varyingStories07_task-listeningActive_run-07_eeg.bdf.gz,/home/fanyu/auditory_simulation_m6a/pub_01/s06/sparrkulee_v3.1/raw/sub-061/ses-varyingStories07/eeg/sub-061_ses-varyingStories07_task-listeningActive_run-07_eeg.bdf.gz,PUBLIC,HOLD,False,0..63 in original order per publisher config,UNKNOWN,EEG per publisher dataset/config,UNKNOWN,UNKNOWN,UNKNOWN,microvolts by MNE volts x 1e6 contract; historical generator revision UNKNOWN,64,publisher highpass/artifact/MWF/CAR/resample; not repeated here,/home/fanyu/auditory_simulation_m6a/pub_01/s06/sparrkulee_v3.1/raw/sub-061/ses-varyingStories07/eeg/sub-061_ses-varyingStories07_task-listeningActive_run-07_stimulation.tsv,True,RAW_DOWNLOAD_PENDING
/home/fanyu/auditory_simulation_m6a/pub_01/s06/sparrkulee_v3.1/raw/derivatives/preprocessed_eeg/sub-061/ses-varyingStories07/sub-061_ses-varyingStories07_task-listeningActive_run-08_desc-preproc-audio-podcast_27_eeg.npy,sub-061_ses-varyingStories07_task-listeningActive_run-08_eeg.bdf.gz,/home/fanyu/auditory_simulation_m6a/pub_01/s06/sparrkulee_v3.1/raw/sub-061/ses-varyingStories07/eeg/sub-061_ses-varyingStories07_task-listeningActive_run-08_eeg.bdf.gz,PUBLIC,HOLD,False,0..63 in original order per publisher config,UNKNOWN,EEG per publisher dataset/config,UNKNOWN,UNKNOWN,UNKNOWN,microvolts by MNE volts x 1e6 contract; historical generator revision UNKNOWN,64,publisher highpass/artifact/MWF/CAR/resample; not repeated here,/home/fanyu/auditory_simulation_m6a/pub_01/s06/sparrkulee_v3.1/raw/sub-061/ses-varyingStories07/eeg/sub-061_ses-varyingStories07_task-listeningActive_run-08_stimulation.tsv,True,RAW_DOWNLOAD_PENDING
/home/fanyu/auditory_simulation_m6a/pub_01/s06/sparrkulee_v3.1/raw/derivatives/preprocessed_eeg/sub-061/ses-varyingStories07/sub-061_ses-varyingStories07_task-listeningActive_run-09_desc-preproc-audio-podcast_25_eeg.npy,sub-061_ses-varyingStories07_task-listeningActive_run-09_eeg.bdf.gz,/home/fanyu/auditory_simulation_m6a/pub_01/s06/sparrkulee_v3.1/raw/sub-061/ses-varyingStories07/eeg/sub-061_ses-varyingStories07_task-listeningActive_run-09_eeg.bdf.gz,PUBLIC,HOLD,False,0..63 in original order per publisher config,UNKNOWN,EEG per publisher dataset/config,UNKNOWN,UNKNOWN,UNKNOWN,microvolts by MNE volts x 1e6 contract; historical generator revision UNKNOWN,64,publisher highpass/artifact/MWF/CAR/resample; not repeated here,/home/fanyu/auditory_simulation_m6a/pub_01/s06/sparrkulee_v3.1/raw/sub-061/ses-varyingStories07/eeg/sub-061_ses-varyingStories07_task-listeningActive_run-09_stimulation.tsv,True,RAW_DOWNLOAD_PENDING
/home/fanyu/auditory_simulation_m6a/pub_01/s06/sparrkulee_v3.1/raw/derivatives/preprocessed_eeg/sub-062/ses-varyingStories07/sub-062_ses-varyingStories07_task-listeningActive_run-02_desc-preproc-audio-audiobook_1_eeg.npy,sub-062_ses-varyingStories07_task-listeningActive_run-02_eeg.bdf.gz,/home/fanyu/auditory_simulation_m6a/pub_01/s06/sparrkulee_v3.1/raw/sub-062/ses-varyingStories07/eeg/sub-062_ses-varyingStories07_task-listeningActive_run-02_eeg.bdf.gz,PUBLIC,HOLD,False,0..63 in original order per publisher config,UNKNOWN,EEG per publisher dataset/config,UNKNOWN,UNKNOWN,UNKNOWN,microvolts by MNE volts x 1e6 contract; historical generator revision UNKNOWN,64,publisher highpass/artifact/MWF/CAR/resample; not repeated here,/home/fanyu/auditory_simulation_m6a/pub_01/s06/sparrkulee_v3.1/raw/sub-062/ses-varyingStories07/eeg/sub-062_ses-varyingStories07_task-listeningActive_run-02_stimulation.tsv,True,RAW_DOWNLOAD_PENDING
/home/fanyu/auditory_simulation_m6a/pub_01/s06/sparrkulee_v3.1/raw/derivatives/preprocessed_eeg/sub-062/ses-varyingStories07/sub-062_ses-varyingStories07_task-listeningActive_run-03_desc-preproc-audio-podcast_24_eeg.npy,sub-062_ses-varyingStories07_task-listeningActive_run-03_eeg.bdf.gz,/home/fanyu/auditory_simulation_m6a/pub_01/s06/sparrkulee_v3.1/raw/sub-062/ses-varyingStories07/eeg/sub-062_ses-varyingStories07_task-listeningActive_run-03_eeg.bdf.gz,PUBLIC,HOLD,False,0..63 in original order per publisher config,UNKNOWN,EEG per publisher dataset/config,UNKNOWN,UNKNOWN,UNKNOWN,microvolts by MNE volts x 1e6 contract; historical generator revision UNKNOWN,64,publisher highpass/artifact/MWF/CAR/resample; not repeated here,/home/fanyu/auditory_simulation_m6a/pub_01/s06/sparrkulee_v3.1/raw/sub-062/ses-varyingStories07/eeg/sub-062_ses-varyingStories07_task-listeningActive_run-03_stimulation.tsv,True,RAW_DOWNLOAD_PENDING
/home/fanyu/auditory_simulation_m6a/pub_01/s06/sparrkulee_v3.1/raw/derivatives/preprocessed_eeg/sub-062/ses-varyingStories07/sub-062_ses-varyingStories07_task-listeningActive_run-04_desc-preproc-audio-podcast_26_eeg.npy,sub-062_ses-varyingStories07_task-listeningActive_run-04_eeg.bdf.gz,/home/fanyu/auditory_simulation_m6a/pub_01/s06/sparrkulee_v3.1/raw/sub-062/ses-varyingStories07/eeg/sub-062_ses-varyingStories07_task-listeningActive_run-04_eeg.bdf.gz,PUBLIC,HOLD,False,0..63 in original order per publisher config,UNKNOWN,EEG per publisher dataset/config,UNKNOWN,UNKNOWN,UNKNOWN,microvolts by MNE volts x 1e6 contract; historical generator revision UNKNOWN,64,publisher highpass/artifact/MWF/CAR/resample; not repeated here,/home/fanyu/auditory_simulation_m6a/pub_01/s06/sparrkulee_v3.1/raw/sub-062/ses-varyingStories07/eeg/sub-062_ses-varyingStories07_task-listeningActive_run-04_stimulation.tsv,True,RAW_DOWNLOAD_PENDING
/home/fanyu/auditory_simulation_m6a/pub_01/s06/sparrkulee_v3.1/raw/derivatives/preprocessed_eeg/sub-062/ses-varyingStories07/sub-062_ses-varyingStories07_task-listeningActive_run-05_desc-preproc-audio-audiobook_13_1_eeg.npy,sub-062_ses-varyingStories07_task-listeningActive_run-05_eeg.bdf.gz,/home/fanyu/auditory_simulation_m6a/pub_01/s06/sparrkulee_v3.1/raw/sub-062/ses-varyingStories07/eeg/sub-062_ses-varyingStories07_task-listeningActive_run-05_eeg.bdf.gz,PUBLIC,HOLD,False,0..63 in original order per publisher config,UNKNOWN,EEG per publisher dataset/config,UNKNOWN,UNKNOWN,UNKNOWN,microvolts by MNE volts x 1e6 contract; historical generator revision UNKNOWN,64,publisher highpass/artifact/MWF/CAR/resample; not repeated here,/home/fanyu/auditory_simulation_m6a/pub_01/s06/sparrkulee_v3.1/raw/sub-062/ses-varyingStories07/eeg/sub-062_ses-varyingStories07_task-listeningActive_run-05_stimulation.tsv,True,RAW_DOWNLOAD_PENDING
/home/fanyu/auditory_simulation_m6a/pub_01/s06/sparrkulee_v3.1/raw/derivatives/preprocessed_eeg/sub-062/ses-varyingStories07/sub-062_ses-varyingStories07_task-listeningActive_run-06_desc-preproc-audio-audiobook_13_2_eeg.npy,sub-062_ses-varyingStories07_task-listeningActive_run-06_eeg.bdf.gz,/home/fanyu/auditory_simulation_m6a/pub_01/s06/sparrkulee_v3.1/raw/sub-062/ses-varyingStories07/eeg/sub-062_ses-varyingStories07_task-listeningActive_run-06_eeg.bdf.gz,PUBLIC,HOLD,False,0..63 in original order per publisher config,UNKNOWN,EEG per publisher dataset/config,UNKNOWN,UNKNOWN,UNKNOWN,microvolts by MNE volts x 1e6 contract; historical generator revision UNKNOWN,64,publisher highpass/artifact/MWF/CAR/resample; not repeated here,/home/fanyu/auditory_simulation_m6a/pub_01/s06/sparrkulee_v3.1/raw/sub-062/ses-varyingStories07/eeg/sub-062_ses-varyingStories07_task-listeningActive_run-06_stimulation.tsv,True,RAW_DOWNLOAD_PENDING
/home/fanyu/auditory_simulation_m6a/pub_01/s06/sparrkulee_v3.1/raw/derivatives/preprocessed_eeg/sub-062/ses-varyingStories07/sub-062_ses-varyingStories07_task-listeningActive_run-08_desc-preproc-audio-podcast_25_eeg.npy,sub-062_ses-varyingStories07_task-listeningActive_run-08_eeg.bdf.gz,/home/fanyu/auditory_simulation_m6a/pub_01/s06/sparrkulee_v3.1/raw/sub-062/ses-varyingStories07/eeg/sub-062_ses-varyingStories07_task-listeningActive_run-08_eeg.bdf.gz,PUBLIC,HOLD,False,0..63 in original order per publisher config,UNKNOWN,EEG per publisher dataset/config,UNKNOWN,UNKNOWN,UNKNOWN,microvolts by MNE volts x 1e6 contract; historical generator revision UNKNOWN,64,publisher highpass/artifact/MWF/CAR/resample; not repeated here,/home/fanyu/auditory_simulation_m6a/pub_01/s06/sparrkulee_v3.1/raw/sub-062/ses-varyingStories07/eeg/sub-062_ses-varyingStories07_task-listeningActive_run-08_stimulation.tsv,True,RAW_DOWNLOAD_PENDING
/home/fanyu/auditory_simulation_m6a/pub_01/s06/sparrkulee_v3.1/raw/derivatives/preprocessed_eeg/sub-062/ses-varyingStories07/sub-062_ses-varyingStories07_task-listeningActive_run-09_desc-preproc-audio-podcast_27_eeg.npy,sub-062_ses-varyingStories07_task-listeningActive_run-09_eeg.bdf.gz,/home/fanyu/auditory_simulation_m6a/pub_01/s06/sparrkulee_v3.1/raw/sub-062/ses-varyingStories07/eeg/sub-062_ses-varyingStories07_task-listeningActive_run-09_eeg.bdf.gz,PUBLIC,HOLD,False,0..63 in original order per publisher config,UNKNOWN,EEG per publisher dataset/config,UNKNOWN,UNKNOWN,UNKNOWN,microvolts by MNE volts x 1e6 contract; historical generator revision UNKNOWN,64,publisher highpass/artifact/MWF/CAR/resample; not repeated here,/home/fanyu/auditory_simulation_m6a/pub_01/s06/sparrkulee_v3.1/raw/sub-062/ses-varyingStories07/eeg/sub-062_ses-varyingStories07_task-listeningActive_run-09_stimulation.tsv,True,RAW_DOWNLOAD_PENDING
/home/fanyu/auditory_simulation_m6a/pub_01/s06/sparrkulee_v3.1/raw/derivatives/preprocessed_eeg/sub-063/ses-varyingStories08/sub-063_ses-varyingStories08_task-listeningActive_run-02_desc-preproc-audio-audiobook_14_1_eeg.npy,sub-063_ses-varyingStories08_task-listeningActive_run-02_eeg.bdf.gz,/home/fanyu/auditory_simulation_m6a/pub_01/s06/sparrkulee_v3.1/raw/sub-063/ses-varyingStories08/eeg/sub-063_ses-varyingStories08_task-listeningActive_run-02_eeg.bdf.gz,PUBLIC,HOLD,False,0..63 in original order per publisher config,UNKNOWN,EEG per publisher dataset/config,UNKNOWN,UNKNOWN,UNKNOWN,microvolts by MNE volts x 1e6 contract; historical generator revision UNKNOWN,64,publisher highpass/artifact/MWF/CAR/resample; not repeated here,/home/fanyu/auditory_simulation_m6a/pub_01/s06/sparrkulee_v3.1/raw/sub-063/ses-varyingStories08/eeg/sub-063_ses-varyingStories08_task-listeningActive_run-02_stimulation.tsv,True,RAW_DOWNLOAD_PENDING
/home/fanyu/auditory_simulation_m6a/pub_01/s06/sparrkulee_v3.1/raw/derivatives/preprocessed_eeg/sub-063/ses-varyingStories08/sub-063_ses-varyingStories08_task-listeningActive_run-03_desc-preproc-audio-audiobook_14_2_eeg.npy,sub-063_ses-varyingStories08_task-listeningActive_run-03_eeg.bdf.gz,/home/fanyu/auditory_simulation_m6a/pub_01/s06/sparrkulee_v3.1/raw/sub-063/ses-varyingStories08/eeg/sub-063_ses-varyingStories08_task-listeningActive_run-03_eeg.bdf.gz,PUBLIC,HOLD,False,0..63 in original order per publisher config,UNKNOWN,EEG per publisher dataset/config,UNKNOWN,UNKNOWN,UNKNOWN,microvolts by MNE volts x 1e6 contract; historical generator revision UNKNOWN,64,publisher highpass/artifact/MWF/CAR/resample; not repeated here,/home/fanyu/auditory_simulation_m6a/pub_01/s06/sparrkulee_v3.1/raw/sub-063/ses-varyingStories08/eeg/sub-063_ses-varyingStories08_task-listeningActive_run-03_stimulation.tsv,True,RAW_DOWNLOAD_PENDING
/home/fanyu/auditory_simulation_m6a/pub_01/s06/sparrkulee_v3.1/raw/derivatives/preprocessed_eeg/sub-063/ses-varyingStories08/sub-063_ses-varyingStories08_task-listeningActive_run-04_desc-preproc-audio-podcast_28_eeg.npy,sub-063_ses-varyingStories08_task-listeningActive_run-04_eeg.bdf.gz,/home/fanyu/auditory_simulation_m6a/pub_01/s06/sparrkulee_v3.1/raw/sub-063/ses-varyingStories08/eeg/sub-063_ses-varyingStories08_task-listeningActive_run-04_eeg.bdf.gz,PUBLIC,HOLD,False,0..63 in original order per publisher config,UNKNOWN,EEG per publisher dataset/config,UNKNOWN,UNKNOWN,UNKNOWN,microvolts by MNE volts x 1e6 contract; historical generator revision UNKNOWN,64,publisher highpass/artifact/MWF/CAR/resample; not repeated here,/home/fanyu/auditory_simulation_m6a/pub_01/s06/sparrkulee_v3.1/raw/sub-063/ses-varyingStories08/eeg/sub-063_ses-varyingStories08_task-listeningActive_run-04_stimulation.tsv,True,RAW_DOWNLOAD_PENDING
/home/fanyu/auditory_simulation_m6a/pub_01/s06/sparrkulee_v3.1/raw/derivatives/preprocessed_eeg/sub-063/ses-varyingStories08/sub-063_ses-varyingStories08_task-listeningActive_run-05_desc-preproc-audio-audiobook_1_eeg.npy,sub-063_ses-varyingStories08_task-listeningActive_run-05_eeg.bdf.gz,/home/fanyu/auditory_simulation_m6a/pub_01/s06/sparrkulee_v3.1/raw/sub-063/ses-varyingStories08/eeg/sub-063_ses-varyingStories08_task-listeningActive_run-05_eeg.bdf.gz,PUBLIC,HOLD,False,0..63 in original order per publisher config,UNKNOWN,EEG per publisher dataset/config,UNKNOWN,UNKNOWN,UNKNOWN,microvolts by MNE volts x 1e6 contract; historical generator revision UNKNOWN,64,publisher highpass/artifact/MWF/CAR/resample; not repeated here,/home/fanyu/auditory_simulation_m6a/pub_01/s06/sparrkulee_v3.1/raw/sub-063/ses-varyingStories08/eeg/sub-063_ses-varyingStories08_task-listeningActive_run-05_stimulation.tsv,True,RAW_DOWNLOAD_PENDING
/home/fanyu/auditory_simulation_m6a/pub_01/s06/sparrkulee_v3.1/raw/derivatives/preprocessed_eeg/sub-063/ses-varyingStories08/sub-063_ses-varyingStories08_task-listeningActive_run-06_desc-preproc-audio-podcast_30_eeg.npy,sub-063_ses-varyingStories08_task-listeningActive_run-06_eeg.bdf.gz,/home/fanyu/auditory_simulation_m6a/pub_01/s06/sparrkulee_v3.1/raw/sub-063/ses-varyingStories08/eeg/sub-063_ses-varyingStories08_task-listeningActive_run-06_eeg.bdf.gz,PUBLIC,HOLD,False,0..63 in original order per publisher config,UNKNOWN,EEG per publisher dataset/config,UNKNOWN,UNKNOWN,UNKNOWN,microvolts by MNE volts x 1e6 contract; historical generator revision UNKNOWN,64,publisher highpass/artifact/MWF/CAR/resample; not repeated here,/home/fanyu/auditory_simulation_m6a/pub_01/s06/sparrkulee_v3.1/raw/sub-063/ses-varyingStories08/eeg/sub-063_ses-varyingStories08_task-listeningActive_run-06_stimulation.tsv,True,RAW_DOWNLOAD_PENDING
/home/fanyu/auditory_simulation_m6a/pub_01/s06/sparrkulee_v3.1/raw/derivatives/preprocessed_eeg/sub-063/ses-varyingStories08/sub-063_ses-varyingStories08_task-listeningActive_run-08_desc-preproc-audio-podcast_31_eeg.npy,sub-063_ses-varyingStories08_task-listeningActive_run-08_eeg.bdf.gz,/home/fanyu/auditory_simulation_m6a/pub_01/s06/sparrkulee_v3.1/raw/sub-063/ses-varyingStories08/eeg/sub-063_ses-varyingStories08_task-listeningActive_run-08_eeg.bdf.gz,PUBLIC,HOLD,False,0..63 in original order per publisher config,UNKNOWN,EEG per publisher dataset/config,UNKNOWN,UNKNOWN,UNKNOWN,microvolts by MNE volts x 1e6 contract; historical generator revision UNKNOWN,64,publisher highpass/artifact/MWF/CAR/resample; not repeated here,/home/fanyu/auditory_simulation_m6a/pub_01/s06/sparrkulee_v3.1/raw/sub-063/ses-varyingStories08/eeg/sub-063_ses-varyingStories08_task-listeningActive_run-08_stimulation.tsv,True,RAW_DOWNLOAD_PENDING
/home/fanyu/auditory_simulation_m6a/pub_01/s06/sparrkulee_v3.1/raw/derivatives/preprocessed_eeg/sub-063/ses-varyingStories08/sub-063_ses-varyingStories08_task-listeningActive_run-09_desc-preproc-audio-podcast_29_eeg.npy,sub-063_ses-varyingStories08_task-listeningActive_run-09_eeg.bdf.gz,/home/fanyu/auditory_simulation_m6a/pub_01/s06/sparrkulee_v3.1/raw/sub-063/ses-varyingStories08/eeg/sub-063_ses-varyingStories08_task-listeningActive_run-09_eeg.bdf.gz,PUBLIC,HOLD,False,0..63 in original order per publisher config,UNKNOWN,EEG per publisher dataset/config,UNKNOWN,UNKNOWN,UNKNOWN,microvolts by MNE volts x 1e6 contract; historical generator revision UNKNOWN,64,publisher highpass/artifact/MWF/CAR/resample; not repeated here,/home/fanyu/auditory_simulation_m6a/pub_01/s06/sparrkulee_v3.1/raw/sub-063/ses-varyingStories08/eeg/sub-063_ses-varyingStories08_task-listeningActive_run-09_stimulation.tsv,True,RAW_DOWNLOAD_PENDING
/home/fanyu/auditory_simulation_m6a/pub_01/s06/sparrkulee_v3.1/raw/derivatives/preprocessed_eeg/sub-064/ses-varyingStories08/sub-064_ses-varyingStories08_task-listeningActive_run-01_desc-preproc-audio-audiobook_1_eeg.npy,sub-064_ses-varyingStories08_task-listeningActive_run-01_eeg.bdf.gz,/home/fanyu/auditory_simulation_m6a/pub_01/s06/sparrkulee_v3.1/raw/sub-064/ses-varyingStories08/eeg/sub-064_ses-varyingStories08_task-listeningActive_run-01_eeg.bdf.gz,PUBLIC,HOLD,False,0..63 in original order per publisher config,UNKNOWN,EEG per publisher dataset/config,UNKNOWN,UNKNOWN,UNKNOWN,microvolts by MNE volts x 1e6 contract; historical generator revision UNKNOWN,64,publisher highpass/artifact/MWF/CAR/resample; not repeated here,/home/fanyu/auditory_simulation_m6a/pub_01/s06/sparrkulee_v3.1/raw/sub-064/ses-varyingStories08/eeg/sub-064_ses-varyingStories08_task-listeningActive_run-01_stimulation.tsv,True,RAW_DOWNLOAD_PENDING
/home/fanyu/auditory_simulation_m6a/pub_01/s06/sparrkulee_v3.1/raw/derivatives/preprocessed_eeg/sub-064/ses-varyingStories08/sub-064_ses-varyingStories08_task-listeningActive_run-02_desc-preproc-audio-podcast_31_eeg.npy,sub-064_ses-varyingStories08_task-listeningActive_run-02_eeg.bdf.gz,/home/fanyu/auditory_simulation_m6a/pub_01/s06/sparrkulee_v3.1/raw/sub-064/ses-varyingStories08/eeg/sub-064_ses-varyingStories08_task-listeningActive_run-02_eeg.bdf.gz,PUBLIC,HOLD,False,0..63 in original order per publisher config,UNKNOWN,EEG per publisher dataset/config,UNKNOWN,UNKNOWN,UNKNOWN,microvolts by MNE volts x 1e6 contract; historical generator revision UNKNOWN,64,publisher highpass/artifact/MWF/CAR/resample; not repeated here,/home/fanyu/auditory_simulation_m6a/pub_01/s06/sparrkulee_v3.1/raw/sub-064/ses-varyingStories08/eeg/sub-064_ses-varyingStories08_task-listeningActive_run-02_stimulation.tsv,True,RAW_DOWNLOAD_PENDING
/home/fanyu/auditory_simulation_m6a/pub_01/s06/sparrkulee_v3.1/raw/derivatives/preprocessed_eeg/sub-064/ses-varyingStories08/sub-064_ses-varyingStories08_task-listeningActive_run-03_desc-preproc-audio-podcast_30_eeg.npy,sub-064_ses-varyingStories08_task-listeningActive_run-03_eeg.bdf.gz,/home/fanyu/auditory_simulation_m6a/pub_01/s06/sparrkulee_v3.1/raw/sub-064/ses-varyingStories08/eeg/sub-064_ses-varyingStories08_task-listeningActive_run-03_eeg.bdf.gz,PUBLIC,HOLD,False,0..63 in original order per publisher config,UNKNOWN,EEG per publisher dataset/config,UNKNOWN,UNKNOWN,UNKNOWN,microvolts by MNE volts x 1e6 contract; historical generator revision UNKNOWN,64,publisher highpass/artifact/MWF/CAR/resample; not repeated here,/home/fanyu/auditory_simulation_m6a/pub_01/s06/sparrkulee_v3.1/raw/sub-064/ses-varyingStories08/eeg/sub-064_ses-varyingStories08_task-listeningActive_run-03_stimulation.tsv,True,RAW_DOWNLOAD_PENDING
/home/fanyu/auditory_simulation_m6a/pub_01/s06/sparrkulee_v3.1/raw/derivatives/preprocessed_eeg/sub-064/ses-varyingStories08/sub-064_ses-varyingStories08_task-listeningActive_run-04_desc-preproc-audio-audiobook_14_1_eeg.npy,sub-064_ses-varyingStories08_task-listeningActive_run-04_eeg.bdf.gz,/home/fanyu/auditory_simulation_m6a/pub_01/s06/sparrkulee_v3.1/raw/sub-064/ses-varyingStories08/eeg/sub-064_ses-varyingStories08_task-listeningActive_run-04_eeg.bdf.gz,PUBLIC,HOLD,False,0..63 in original order per publisher config,UNKNOWN,EEG per publisher dataset/config,UNKNOWN,UNKNOWN,UNKNOWN,microvolts by MNE volts x 1e6 contract; historical generator revision UNKNOWN,64,publisher highpass/artifact/MWF/CAR/resample; not repeated here,/home/fanyu/auditory_simulation_m6a/pub_01/s06/sparrkulee_v3.1/raw/sub-064/ses-varyingStories08/eeg/sub-064_ses-varyingStories08_task-listeningActive_run-04_stimulation.tsv,True,RAW_DOWNLOAD_PENDING
/home/fanyu/auditory_simulation_m6a/pub_01/s06/sparrkulee_v3.1/raw/derivatives/preprocessed_eeg/sub-064/ses-varyingStories08/sub-064_ses-varyingStories08_task-listeningActive_run-05_desc-preproc-audio-audiobook_14_2_eeg.npy,sub-064_ses-varyingStories08_task-listeningActive_run-05_eeg.bdf.gz,/home/fanyu/auditory_simulation_m6a/pub_01/s06/sparrkulee_v3.1/raw/sub-064/ses-varyingStories08/eeg/sub-064_ses-varyingStories08_task-listeningActive_run-05_eeg.bdf.gz,PUBLIC,HOLD,False,0..63 in original order per publisher config,UNKNOWN,EEG per publisher dataset/config,UNKNOWN,UNKNOWN,UNKNOWN,microvolts by MNE volts x 1e6 contract; historical generator revision UNKNOWN,64,publisher highpass/artifact/MWF/CAR/resample; not repeated here,/home/fanyu/auditory_simulation_m6a/pub_01/s06/sparrkulee_v3.1/raw/sub-064/ses-varyingStories08/eeg/sub-064_ses-varyingStories08_task-listeningActive_run-05_stimulation.tsv,True,RAW_DOWNLOAD_PENDING
/home/fanyu/auditory_simulation_m6a/pub_01/s06/sparrkulee_v3.1/raw/derivatives/preprocessed_eeg/sub-064/ses-varyingStories08/sub-064_ses-varyingStories08_task-listeningActive_run-06_desc-preproc-audio-podcast_28_eeg.npy,sub-064_ses-varyingStories08_task-listeningActive_run-06_eeg.bdf.gz,/home/fanyu/auditory_simulation_m6a/pub_01/s06/sparrkulee_v3.1/raw/sub-064/ses-varyingStories08/eeg/sub-064_ses-varyingStories08_task-listeningActive_run-06_eeg.bdf.gz,PUBLIC,HOLD,False,0..63 in original order per publisher config,UNKNOWN,EEG per publisher dataset/config,UNKNOWN,UNKNOWN,UNKNOWN,microvolts by MNE volts x 1e6 contract; historical generator revision UNKNOWN,64,publisher highpass/artifact/MWF/CAR/resample; not repeated here,/home/fanyu/auditory_simulation_m6a/pub_01/s06/sparrkulee_v3.1/raw/sub-064/ses-varyingStories08/eeg/sub-064_ses-varyingStories08_task-listeningActive_run-06_stimulation.tsv,True,RAW_DOWNLOAD_PENDING
/home/fanyu/auditory_simulation_m6a/pub_01/s06/sparrkulee_v3.1/raw/derivatives/preprocessed_eeg/sub-064/ses-varyingStories08/sub-064_ses-varyingStories08_task-listeningActive_run-09_desc-preproc-audio-podcast_29_eeg.npy,sub-064_ses-varyingStories08_task-listeningActive_run-09_eeg.bdf.gz,/home/fanyu/auditory_simulation_m6a/pub_01/s06/sparrkulee_v3.1/raw/sub-064/ses-varyingStories08/eeg/sub-064_ses-varyingStories08_task-listeningActive_run-09_eeg.bdf.gz,PUBLIC,HOLD,False,0..63 in original order per publisher config,UNKNOWN,EEG per publisher dataset/config,UNKNOWN,UNKNOWN,UNKNOWN,microvolts by MNE volts x 1e6 contract; historical generator revision UNKNOWN,64,publisher highpass/artifact/MWF/CAR/resample; not repeated here,/home/fanyu/auditory_simulation_m6a/pub_01/s06/sparrkulee_v3.1/raw/sub-064/ses-varyingStories08/eeg/sub-064_ses-varyingStories08_task-listeningActive_run-09_stimulation.tsv,True,RAW_DOWNLOAD_PENDING
/home/fanyu/auditory_simulation_m6a/pub_01/s06/sparrkulee_v3.1/raw/derivatives/preprocessed_eeg/sub-065/ses-varyingStories08/sub-065_ses-varyingStories08_task-listeningActive_run-01_desc-preproc-audio-podcast_30_eeg.npy,sub-065_ses-varyingStories08_task-listeningActive_run-01_eeg.bdf.gz,/home/fanyu/auditory_simulation_m6a/pub_01/s06/sparrkulee_v3.1/raw/sub-065/ses-varyingStories08/eeg/sub-065_ses-varyingStories08_task-listeningActive_run-01_eeg.bdf.gz,PUBLIC,HOLD,False,0..63 in original order per publisher config,UNKNOWN,EEG per publisher dataset/config,UNKNOWN,UNKNOWN,UNKNOWN,microvolts by MNE volts x 1e6 contract; historical generator revision UNKNOWN,64,publisher highpass/artifact/MWF/CAR/resample; not repeated here,/home/fanyu/auditory_simulation_m6a/pub_01/s06/sparrkulee_v3.1/raw/sub-065/ses-varyingStories08/eeg/sub-065_ses-varyingStories08_task-listeningActive_run-01_stimulation.tsv,True,RAW_DOWNLOAD_PENDING
/home/fanyu/auditory_simulation_m6a/pub_01/s06/sparrkulee_v3.1/raw/derivatives/preprocessed_eeg/sub-065/ses-varyingStories08/sub-065_ses-varyingStories08_task-listeningActive_run-02_desc-preproc-audio-audiobook_1_eeg.npy,sub-065_ses-varyingStories08_task-listeningActive_run-02_eeg.bdf.gz,/home/fanyu/auditory_simulation_m6a/pub_01/s06/sparrkulee_v3.1/raw/sub-065/ses-varyingStories08/eeg/sub-065_ses-varyingStories08_task-listeningActive_run-02_eeg.bdf.gz,PUBLIC,HOLD,False,0..63 in original order per publisher config,UNKNOWN,EEG per publisher dataset/config,UNKNOWN,UNKNOWN,UNKNOWN,microvolts by MNE volts x 1e6 contract; historical generator revision UNKNOWN,64,publisher highpass/artifact/MWF/CAR/resample; not repeated here,/home/fanyu/auditory_simulation_m6a/pub_01/s06/sparrkulee_v3.1/raw/sub-065/ses-varyingStories08/eeg/sub-065_ses-varyingStories08_task-listeningActive_run-02_stimulation.tsv,True,RAW_DOWNLOAD_PENDING
/home/fanyu/auditory_simulation_m6a/pub_01/s06/sparrkulee_v3.1/raw/derivatives/preprocessed_eeg/sub-065/ses-varyingStories08/sub-065_ses-varyingStories08_task-listeningActive_run-03_desc-preproc-audio-audiobook_14_1_eeg.npy,sub-065_ses-varyingStories08_task-listeningActive_run-03_eeg.bdf.gz,/home/fanyu/auditory_simulation_m6a/pub_01/s06/sparrkulee_v3.1/raw/sub-065/ses-varyingStories08/eeg/sub-065_ses-varyingStories08_task-listeningActive_run-03_eeg.bdf.gz,PUBLIC,HOLD,False,0..63 in original order per publisher config,UNKNOWN,EEG per publisher dataset/config,UNKNOWN,UNKNOWN,UNKNOWN,microvolts by MNE volts x 1e6 contract; historical generator revision UNKNOWN,64,publisher highpass/artifact/MWF/CAR/resample; not repeated here,/home/fanyu/auditory_simulation_m6a/pub_01/s06/sparrkulee_v3.1/raw/sub-065/ses-varyingStories08/eeg/sub-065_ses-varyingStories08_task-listeningActive_run-03_stimulation.tsv,True,RAW_DOWNLOAD_PENDING
/home/fanyu/auditory_simulation_m6a/pub_01/s06/sparrkulee_v3.1/raw/derivatives/preprocessed_eeg/sub-065/ses-varyingStories08/sub-065_ses-varyingStories08_task-listeningActive_run-04_desc-preproc-audio-audiobook_14_2_eeg.npy,sub-065_ses-varyingStories08_task-listeningActive_run-04_eeg.bdf.gz,/home/fanyu/auditory_simulation_m6a/pub_01/s06/sparrkulee_v3.1/raw/sub-065/ses-varyingStories08/eeg/sub-065_ses-varyingStories08_task-listeningActive_run-04_eeg.bdf.gz,PUBLIC,HOLD,False,0..63 in original order per publisher config,UNKNOWN,EEG per publisher dataset/config,UNKNOWN,UNKNOWN,UNKNOWN,microvolts by MNE volts x 1e6 contract; historical generator revision UNKNOWN,64,publisher highpass/artifact/MWF/CAR/resample; not repeated here,/home/fanyu/auditory_simulation_m6a/pub_01/s06/sparrkulee_v3.1/raw/sub-065/ses-varyingStories08/eeg/sub-065_ses-varyingStories08_task-listeningActive_run-04_stimulation.tsv,True,RAW_DOWNLOAD_PENDING
/home/fanyu/auditory_simulation_m6a/pub_01/s06/sparrkulee_v3.1/raw/derivatives/preprocessed_eeg/sub-065/ses-varyingStories08/sub-065_ses-varyingStories08_task-listeningActive_run-05_desc-preproc-audio-podcast_29_eeg.npy,sub-065_ses-varyingStories08_task-listeningActive_run-05_eeg.bdf.gz,/home/fanyu/auditory_simulation_m6a/pub_01/s06/sparrkulee_v3.1/raw/sub-065/ses-varyingStories08/eeg/sub-065_ses-varyingStories08_task-listeningActive_run-05_eeg.bdf.gz,PUBLIC,HOLD,False,0..63 in original order per publisher config,UNKNOWN,EEG per publisher dataset/config,UNKNOWN,UNKNOWN,UNKNOWN,microvolts by MNE volts x 1e6 contract; historical generator revision UNKNOWN,64,publisher highpass/artifact/MWF/CAR/resample; not repeated here,/home/fanyu/auditory_simulation_m6a/pub_01/s06/sparrkulee_v3.1/raw/sub-065/ses-varyingStories08/eeg/sub-065_ses-varyingStories08_task-listeningActive_run-05_stimulation.tsv,True,RAW_DOWNLOAD_PENDING
/home/fanyu/auditory_simulation_m6a/pub_01/s06/sparrkulee_v3.1/raw/derivatives/preprocessed_eeg/sub-065/ses-varyingStories08/sub-065_ses-varyingStories08_task-listeningActive_run-08_desc-preproc-audio-podcast_31_eeg.npy,sub-065_ses-varyingStories08_task-listeningActive_run-08_eeg.bdf.gz,/home/fanyu/auditory_simulation_m6a/pub_01/s06/sparrkulee_v3.1/raw/sub-065/ses-varyingStories08/eeg/sub-065_ses-varyingStories08_task-listeningActive_run-08_eeg.bdf.gz,PUBLIC,HOLD,False,0..63 in original order per publisher config,UNKNOWN,EEG per publisher dataset/config,UNKNOWN,UNKNOWN,UNKNOWN,microvolts by MNE volts x 1e6 contract; historical generator revision UNKNOWN,64,publisher highpass/artifact/MWF/CAR/resample; not repeated here,/home/fanyu/auditory_simulation_m6a/pub_01/s06/sparrkulee_v3.1/raw/sub-065/ses-varyingStories08/eeg/sub-065_ses-varyingStories08_task-listeningActive_run-08_stimulation.tsv,True,RAW_DOWNLOAD_PENDING
/home/fanyu/auditory_simulation_m6a/pub_01/s06/sparrkulee_v3.1/raw/derivatives/preprocessed_eeg/sub-065/ses-varyingStories08/sub-065_ses-varyingStories08_task-listeningActive_run-09_desc-preproc-audio-podcast_28_eeg.npy,sub-065_ses-varyingStories08_task-listeningActive_run-09_eeg.bdf.gz,/home/fanyu/auditory_simulation_m6a/pub_01/s06/sparrkulee_v3.1/raw/sub-065/ses-varyingStories08/eeg/sub-065_ses-varyingStories08_task-listeningActive_run-09_eeg.bdf.gz,PUBLIC,HOLD,False,0..63 in original order per publisher config,UNKNOWN,EEG per publisher dataset/config,UNKNOWN,UNKNOWN,UNKNOWN,microvolts by MNE volts x 1e6 contract; historical generator revision UNKNOWN,64,publisher highpass/artifact/MWF/CAR/resample; not repeated here,/home/fanyu/auditory_simulation_m6a/pub_01/s06/sparrkulee_v3.1/raw/sub-065/ses-varyingStories08/eeg/sub-065_ses-varyingStories08_task-listeningActive_run-09_stimulation.tsv,True,RAW_DOWNLOAD_PENDING
/home/fanyu/auditory_simulation_m6a/pub_01/s06/sparrkulee_v3.1/raw/derivatives/preprocessed_eeg/sub-066/ses-varyingStories08/sub-066_ses-varyingStories08_task-listeningActive_run-01_desc-preproc-audio-podcast_29_eeg.npy,sub-066_ses-varyingStories08_task-listeningActive_run-01_eeg.bdf.gz,/home/fanyu/auditory_simulation_m6a/pub_01/s06/sparrkulee_v3.1/raw/sub-066/ses-varyingStories08/eeg/sub-066_ses-varyingStories08_task-listeningActive_run-01_eeg.bdf.gz,PUBLIC,HOLD,False,0..63 in original order per publisher config,UNKNOWN,EEG per publisher dataset/config,UNKNOWN,UNKNOWN,UNKNOWN,microvolts by MNE volts x 1e6 contract; historical generator revision UNKNOWN,64,publisher highpass/artifact/MWF/CAR/resample; not repeated here,/home/fanyu/auditory_simulation_m6a/pub_01/s06/sparrkulee_v3.1/raw/sub-066/ses-varyingStories08/eeg/sub-066_ses-varyingStories08_task-listeningActive_run-01_stimulation.tsv,True,RAW_DOWNLOAD_PENDING
/home/fanyu/auditory_simulation_m6a/pub_01/s06/sparrkulee_v3.1/raw/derivatives/preprocessed_eeg/sub-066/ses-varyingStories08/sub-066_ses-varyingStories08_task-listeningActive_run-02_desc-preproc-audio-audiobook_1_eeg.npy,sub-066_ses-varyingStories08_task-listeningActive_run-02_eeg.bdf.gz,/home/fanyu/auditory_simulation_m6a/pub_01/s06/sparrkulee_v3.1/raw/sub-066/ses-varyingStories08/eeg/sub-066_ses-varyingStories08_task-listeningActive_run-02_eeg.bdf.gz,PUBLIC,HOLD,False,0..63 in original order per publisher config,UNKNOWN,EEG per publisher dataset/config,UNKNOWN,UNKNOWN,UNKNOWN,microvolts by MNE volts x 1e6 contract; historical generator revision UNKNOWN,64,publisher highpass/artifact/MWF/CAR/resample; not repeated here,/home/fanyu/auditory_simulation_m6a/pub_01/s06/sparrkulee_v3.1/raw/sub-066/ses-varyingStories08/eeg/sub-066_ses-varyingStories08_task-listeningActive_run-02_stimulation.tsv,True,RAW_DOWNLOAD_PENDING
/home/fanyu/auditory_simulation_m6a/pub_01/s06/sparrkulee_v3.1/raw/derivatives/preprocessed_eeg/sub-066/ses-varyingStories08/sub-066_ses-varyingStories08_task-listeningActive_run-03_desc-preproc-audio-audiobook_14_1_eeg.npy,sub-066_ses-varyingStories08_task-listeningActive_run-03_eeg.bdf.gz,/home/fanyu/auditory_simulation_m6a/pub_01/s06/sparrkulee_v3.1/raw/sub-066/ses-varyingStories08/eeg/sub-066_ses-varyingStories08_task-listeningActive_run-03_eeg.bdf.gz,PUBLIC,HOLD,False,0..63 in original order per publisher config,UNKNOWN,EEG per publisher dataset/config,UNKNOWN,UNKNOWN,UNKNOWN,microvolts by MNE volts x 1e6 contract; historical generator revision UNKNOWN,64,publisher highpass/artifact/MWF/CAR/resample; not repeated here,/home/fanyu/auditory_simulation_m6a/pub_01/s06/sparrkulee_v3.1/raw/sub-066/ses-varyingStories08/eeg/sub-066_ses-varyingStories08_task-listeningActive_run-03_stimulation.tsv,True,RAW_DOWNLOAD_PENDING
/home/fanyu/auditory_simulation_m6a/pub_01/s06/sparrkulee_v3.1/raw/derivatives/preprocessed_eeg/sub-066/ses-varyingStories08/sub-066_ses-varyingStories08_task-listeningActive_run-04_desc-preproc-audio-audiobook_14_2_eeg.npy,sub-066_ses-varyingStories08_task-listeningActive_run-04_eeg.bdf.gz,/home/fanyu/auditory_simulation_m6a/pub_01/s06/sparrkulee_v3.1/raw/sub-066/ses-varyingStories08/eeg/sub-066_ses-varyingStories08_task-listeningActive_run-04_eeg.bdf.gz,PUBLIC,HOLD,False,0..63 in original order per publisher config,UNKNOWN,EEG per publisher dataset/config,UNKNOWN,UNKNOWN,UNKNOWN,microvolts by MNE volts x 1e6 contract; historical generator revision UNKNOWN,64,publisher highpass/artifact/MWF/CAR/resample; not repeated here,/home/fanyu/auditory_simulation_m6a/pub_01/s06/sparrkulee_v3.1/raw/sub-066/ses-varyingStories08/eeg/sub-066_ses-varyingStories08_task-listeningActive_run-04_stimulation.tsv,True,RAW_DOWNLOAD_PENDING
/home/fanyu/auditory_simulation_m6a/pub_01/s06/sparrkulee_v3.1/raw/derivatives/preprocessed_eeg/sub-066/ses-varyingStories08/sub-066_ses-varyingStories08_task-listeningActive_run-07_desc-preproc-audio-podcast_31_eeg.npy,sub-066_ses-varyingStories08_task-listeningActive_run-07_eeg.bdf.gz,/home/fanyu/auditory_simulation_m6a/pub_01/s06/sparrkulee_v3.1/raw/sub-066/ses-varyingStories08/eeg/sub-066_ses-varyingStories08_task-listeningActive_run-07_eeg.bdf.gz,PUBLIC,HOLD,False,0..63 in original order per publisher config,UNKNOWN,EEG per publisher dataset/config,UNKNOWN,UNKNOWN,UNKNOWN,microvolts by MNE volts x 1e6 contract; historical generator revision UNKNOWN,64,publisher highpass/artifact/MWF/CAR/resample; not repeated here,/home/fanyu/auditory_simulation_m6a/pub_01/s06/sparrkulee_v3.1/raw/sub-066/ses-varyingStories08/eeg/sub-066_ses-varyingStories08_task-listeningActive_run-07_stimulation.tsv,True,RAW_DOWNLOAD_PENDING
/home/fanyu/auditory_simulation_m6a/pub_01/s06/sparrkulee_v3.1/raw/derivatives/preprocessed_eeg/sub-066/ses-varyingStories08/sub-066_ses-varyingStories08_task-listeningActive_run-08_desc-preproc-audio-podcast_30_eeg.npy,sub-066_ses-varyingStories08_task-listeningActive_run-08_eeg.bdf.gz,/home/fanyu/auditory_simulation_m6a/pub_01/s06/sparrkulee_v3.1/raw/sub-066/ses-varyingStories08/eeg/sub-066_ses-varyingStories08_task-listeningActive_run-08_eeg.bdf.gz,PUBLIC,HOLD,False,0..63 in original order per publisher config,UNKNOWN,EEG per publisher dataset/config,UNKNOWN,UNKNOWN,UNKNOWN,microvolts by MNE volts x 1e6 contract; historical generator revision UNKNOWN,64,publisher highpass/artifact/MWF/CAR/resample; not repeated here,/home/fanyu/auditory_simulation_m6a/pub_01/s06/sparrkulee_v3.1/raw/sub-066/ses-varyingStories08/eeg/sub-066_ses-varyingStories08_task-listeningActive_run-08_stimulation.tsv,True,RAW_DOWNLOAD_PENDING
/home/fanyu/auditory_simulation_m6a/pub_01/s06/sparrkulee_v3.1/raw/derivatives/preprocessed_eeg/sub-066/ses-varyingStories08/sub-066_ses-varyingStories08_task-listeningActive_run-09_desc-preproc-audio-podcast_28_eeg.npy,sub-066_ses-varyingStories08_task-listeningActive_run-09_eeg.bdf.gz,/home/fanyu/auditory_simulation_m6a/pub_01/s06/sparrkulee_v3.1/raw/sub-066/ses-varyingStories08/eeg/sub-066_ses-varyingStories08_task-listeningActive_run-09_eeg.bdf.gz,PUBLIC,HOLD,False,0..63 in original order per publisher config,UNKNOWN,EEG per publisher dataset/config,UNKNOWN,UNKNOWN,UNKNOWN,microvolts by MNE volts x 1e6 contract; historical generator revision UNKNOWN,64,publisher highpass/artifact/MWF/CAR/resample; not repeated here,/home/fanyu/auditory_simulation_m6a/pub_01/s06/sparrkulee_v3.1/raw/sub-066/ses-varyingStories08/eeg/sub-066_ses-varyingStories08_task-listeningActive_run-09_stimulation.tsv,True,RAW_DOWNLOAD_PENDING
/home/fanyu/auditory_simulation_m6a/pub_01/s06/sparrkulee_v3.1/raw/derivatives/preprocessed_eeg/sub-067/ses-varyingStories08/sub-067_ses-varyingStories08_task-listeningActive_run-01_desc-preproc-audio-podcast_30_eeg.npy,sub-067_ses-varyingStories08_task-listeningActive_run-01_eeg.bdf.gz,/home/fanyu/auditory_simulation_m6a/pub_01/s06/sparrkulee_v3.1/raw/sub-067/ses-varyingStories08/eeg/sub-067_ses-varyingStories08_task-listeningActive_run-01_eeg.bdf.gz,PUBLIC,HOLD,False,0..63 in original order per publisher config,UNKNOWN,EEG per publisher dataset/config,UNKNOWN,UNKNOWN,UNKNOWN,microvolts by MNE volts x 1e6 contract; historical generator revision UNKNOWN,64,publisher highpass/artifact/MWF/CAR/resample; not repeated here,/home/fanyu/auditory_simulation_m6a/pub_01/s06/sparrkulee_v3.1/raw/sub-067/ses-varyingStories08/eeg/sub-067_ses-varyingStories08_task-listeningActive_run-01_stimulation.tsv,True,RAW_DOWNLOAD_PENDING
/home/fanyu/auditory_simulation_m6a/pub_01/s06/sparrkulee_v3.1/raw/derivatives/preprocessed_eeg/sub-067/ses-varyingStories08/sub-067_ses-varyingStories08_task-listeningActive_run-02_desc-preproc-audio-audiobook_1_eeg.npy,sub-067_ses-varyingStories08_task-listeningActive_run-02_eeg.bdf.gz,/home/fanyu/auditory_simulation_m6a/pub_01/s06/sparrkulee_v3.1/raw/sub-067/ses-varyingStories08/eeg/sub-067_ses-varyingStories08_task-listeningActive_run-02_eeg.bdf.gz,PUBLIC,HOLD,False,0..63 in original order per publisher config,UNKNOWN,EEG per publisher dataset/config,UNKNOWN,UNKNOWN,UNKNOWN,microvolts by MNE volts x 1e6 contract; historical generator revision UNKNOWN,64,publisher highpass/artifact/MWF/CAR/resample; not repeated here,/home/fanyu/auditory_simulation_m6a/pub_01/s06/sparrkulee_v3.1/raw/sub-067/ses-varyingStories08/eeg/sub-067_ses-varyingStories08_task-listeningActive_run-02_stimulation.tsv,True,RAW_DOWNLOAD_PENDING
/home/fanyu/auditory_simulation_m6a/pub_01/s06/sparrkulee_v3.1/raw/derivatives/preprocessed_eeg/sub-067/ses-varyingStories08/sub-067_ses-varyingStories08_task-listeningActive_run-03_desc-preproc-audio-audiobook_14_1_eeg.npy,sub-067_ses-varyingStories08_task-listeningActive_run-03_eeg.bdf.gz,/home/fanyu/auditory_simulation_m6a/pub_01/s06/sparrkulee_v3.1/raw/sub-067/ses-varyingStories08/eeg/sub-067_ses-varyingStories08_task-listeningActive_run-03_eeg.bdf.gz,PUBLIC,HOLD,False,0..63 in original order per publisher config,UNKNOWN,EEG per publisher dataset/config,UNKNOWN,UNKNOWN,UNKNOWN,microvolts by MNE volts x 1e6 contract; historical generator revision UNKNOWN,64,publisher highpass/artifact/MWF/CAR/resample; not repeated here,/home/fanyu/auditory_simulation_m6a/pub_01/s06/sparrkulee_v3.1/raw/sub-067/ses-varyingStories08/eeg/sub-067_ses-varyingStories08_task-listeningActive_run-03_stimulation.tsv,True,RAW_DOWNLOAD_PENDING
/home/fanyu/auditory_simulation_m6a/pub_01/s06/sparrkulee_v3.1/raw/derivatives/preprocessed_eeg/sub-067/ses-varyingStories08/sub-067_ses-varyingStories08_task-listeningActive_run-04_desc-preproc-audio-audiobook_14_2_eeg.npy,sub-067_ses-varyingStories08_task-listeningActive_run-04_eeg.bdf.gz,/home/fanyu/auditory_simulation_m6a/pub_01/s06/sparrkulee_v3.1/raw/sub-067/ses-varyingStories08/eeg/sub-067_ses-varyingStories08_task-listeningActive_run-04_eeg.bdf.gz,PUBLIC,HOLD,False,0..63 in original order per publisher config,UNKNOWN,EEG per publisher dataset/config,UNKNOWN,UNKNOWN,UNKNOWN,microvolts by MNE volts x 1e6 contract; historical generator revision UNKNOWN,64,publisher highpass/artifact/MWF/CAR/resample; not repeated here,/home/fanyu/auditory_simulation_m6a/pub_01/s06/sparrkulee_v3.1/raw/sub-067/ses-varyingStories08/eeg/sub-067_ses-varyingStories08_task-listeningActive_run-04_stimulation.tsv,True,RAW_DOWNLOAD_PENDING
/home/fanyu/auditory_simulation_m6a/pub_01/s06/sparrkulee_v3.1/raw/derivatives/preprocessed_eeg/sub-067/ses-varyingStories08/sub-067_ses-varyingStories08_task-listeningActive_run-05_desc-preproc-audio-podcast_29_eeg.npy,sub-067_ses-varyingStories08_task-listeningActive_run-05_eeg.bdf.gz,/home/fanyu/auditory_simulation_m6a/pub_01/s06/sparrkulee_v3.1/raw/sub-067/ses-varyingStories08/eeg/sub-067_ses-varyingStories08_task-listeningActive_run-05_eeg.bdf.gz,PUBLIC,HOLD,False,0..63 in original order per publisher config,UNKNOWN,EEG per publisher dataset/config,UNKNOWN,UNKNOWN,UNKNOWN,microvolts by MNE volts x 1e6 contract; historical generator revision UNKNOWN,64,publisher highpass/artifact/MWF/CAR/resample; not repeated here,/home/fanyu/auditory_simulation_m6a/pub_01/s06/sparrkulee_v3.1/raw/sub-067/ses-varyingStories08/eeg/sub-067_ses-varyingStories08_task-listeningActive_run-05_stimulation.tsv,True,RAW_DOWNLOAD_PENDING
/home/fanyu/auditory_simulation_m6a/pub_01/s06/sparrkulee_v3.1/raw/derivatives/preprocessed_eeg/sub-067/ses-varyingStories08/sub-067_ses-varyingStories08_task-listeningActive_run-07_desc-preproc-audio-podcast_31_eeg.npy,sub-067_ses-varyingStories08_task-listeningActive_run-07_eeg.bdf.gz,/home/fanyu/auditory_simulation_m6a/pub_01/s06/sparrkulee_v3.1/raw/sub-067/ses-varyingStories08/eeg/sub-067_ses-varyingStories08_task-listeningActive_run-07_eeg.bdf.gz,PUBLIC,HOLD,False,0..63 in original order per publisher config,UNKNOWN,EEG per publisher dataset/config,UNKNOWN,UNKNOWN,UNKNOWN,microvolts by MNE volts x 1e6 contract; historical generator revision UNKNOWN,64,publisher highpass/artifact/MWF/CAR/resample; not repeated here,/home/fanyu/auditory_simulation_m6a/pub_01/s06/sparrkulee_v3.1/raw/sub-067/ses-varyingStories08/eeg/sub-067_ses-varyingStories08_task-listeningActive_run-07_stimulation.tsv,True,RAW_DOWNLOAD_PENDING
/home/fanyu/auditory_simulation_m6a/pub_01/s06/sparrkulee_v3.1/raw/derivatives/preprocessed_eeg/sub-067/ses-varyingStories08/sub-067_ses-varyingStories08_task-listeningActive_run-08_desc-preproc-audio-podcast_28_eeg.npy,sub-067_ses-varyingStories08_task-listeningActive_run-08_eeg.bdf.gz,/home/fanyu/auditory_simulation_m6a/pub_01/s06/sparrkulee_v3.1/raw/sub-067/ses-varyingStories08/eeg/sub-067_ses-varyingStories08_task-listeningActive_run-08_eeg.bdf.gz,PUBLIC,HOLD,False,0..63 in original order per publisher config,UNKNOWN,EEG per publisher dataset/config,UNKNOWN,UNKNOWN,UNKNOWN,microvolts by MNE volts x 1e6 contract; historical generator revision UNKNOWN,64,publisher highpass/artifact/MWF/CAR/resample; not repeated here,/home/fanyu/auditory_simulation_m6a/pub_01/s06/sparrkulee_v3.1/raw/sub-067/ses-varyingStories08/eeg/sub-067_ses-varyingStories08_task-listeningActive_run-08_stimulation.tsv,True,RAW_DOWNLOAD_PENDING
/home/fanyu/auditory_simulation_m6a/pub_01/s06/sparrkulee_v3.1/raw/derivatives/preprocessed_eeg/sub-068/ses-varyingStories08/sub-068_ses-varyingStories08_task-listeningActive_run-02_desc-preproc-audio-audiobook_1_eeg.npy,sub-068_ses-varyingStories08_task-listeningActive_run-02_eeg.bdf.gz,/home/fanyu/auditory_simulation_m6a/pub_01/s06/sparrkulee_v3.1/raw/sub-068/ses-varyingStories08/eeg/sub-068_ses-varyingStories08_task-listeningActive_run-02_eeg.bdf.gz,PUBLIC,HOLD,False,0..63 in original order per publisher config,UNKNOWN,EEG per publisher dataset/config,UNKNOWN,UNKNOWN,UNKNOWN,microvolts by MNE volts x 1e6 contract; historical generator revision UNKNOWN,64,publisher highpass/artifact/MWF/CAR/resample; not repeated here,/home/fanyu/auditory_simulation_m6a/pub_01/s06/sparrkulee_v3.1/raw/sub-068/ses-varyingStories08/eeg/sub-068_ses-varyingStories08_task-listeningActive_run-02_stimulation.tsv,True,RAW_DOWNLOAD_PENDING
/home/fanyu/auditory_simulation_m6a/pub_01/s06/sparrkulee_v3.1/raw/derivatives/preprocessed_eeg/sub-068/ses-varyingStories08/sub-068_ses-varyingStories08_task-listeningActive_run-03_desc-preproc-audio-podcast_29_eeg.npy,sub-068_ses-varyingStories08_task-listeningActive_run-03_eeg.bdf.gz,/home/fanyu/auditory_simulation_m6a/pub_01/s06/sparrkulee_v3.1/raw/sub-068/ses-varyingStories08/eeg/sub-068_ses-varyingStories08_task-listeningActive_run-03_eeg.bdf.gz,PUBLIC,HOLD,False,0..63 in original order per publisher config,UNKNOWN,EEG per publisher dataset/config,UNKNOWN,UNKNOWN,UNKNOWN,microvolts by MNE volts x 1e6 contract; historical generator revision UNKNOWN,64,publisher highpass/artifact/MWF/CAR/resample; not repeated here,/home/fanyu/auditory_simulation_m6a/pub_01/s06/sparrkulee_v3.1/raw/sub-068/ses-varyingStories08/eeg/sub-068_ses-varyingStories08_task-listeningActive_run-03_stimulation.tsv,True,RAW_DOWNLOAD_PENDING
/home/fanyu/auditory_simulation_m6a/pub_01/s06/sparrkulee_v3.1/raw/derivatives/preprocessed_eeg/sub-068/ses-varyingStories08/sub-068_ses-varyingStories08_task-listeningActive_run-04_desc-preproc-audio-podcast_31_eeg.npy,sub-068_ses-varyingStories08_task-listeningActive_run-04_eeg.bdf.gz,/home/fanyu/auditory_simulation_m6a/pub_01/s06/sparrkulee_v3.1/raw/sub-068/ses-varyingStories08/eeg/sub-068_ses-varyingStories08_task-listeningActive_run-04_eeg.bdf.gz,PUBLIC,HOLD,False,0..63 in original order per publisher config,UNKNOWN,EEG per publisher dataset/config,UNKNOWN,UNKNOWN,UNKNOWN,microvolts by MNE volts x 1e6 contract; historical generator revision UNKNOWN,64,publisher highpass/artifact/MWF/CAR/resample; not repeated here,/home/fanyu/auditory_simulation_m6a/pub_01/s06/sparrkulee_v3.1/raw/sub-068/ses-varyingStories08/eeg/sub-068_ses-varyingStories08_task-listeningActive_run-04_stimulation.tsv,True,RAW_DOWNLOAD_PENDING
/home/fanyu/auditory_simulation_m6a/pub_01/s06/sparrkulee_v3.1/raw/derivatives/preprocessed_eeg/sub-068/ses-varyingStories08/sub-068_ses-varyingStories08_task-listeningActive_run-05_desc-preproc-audio-audiobook_14_1_eeg.npy,sub-068_ses-varyingStories08_task-listeningActive_run-05_eeg.bdf.gz,/home/fanyu/auditory_simulation_m6a/pub_01/s06/sparrkulee_v3.1/raw/sub-068/ses-varyingStories08/eeg/sub-068_ses-varyingStories08_task-listeningActive_run-05_eeg.bdf.gz,PUBLIC,HOLD,False,0..63 in original order per publisher config,UNKNOWN,EEG per publisher dataset/config,UNKNOWN,UNKNOWN,UNKNOWN,microvolts by MNE volts x 1e6 contract; historical generator revision UNKNOWN,64,publisher highpass/artifact/MWF/CAR/resample; not repeated here,/home/fanyu/auditory_simulation_m6a/pub_01/s06/sparrkulee_v3.1/raw/sub-068/ses-varyingStories08/eeg/sub-068_ses-varyingStories08_task-listeningActive_run-05_stimulation.tsv,True,RAW_DOWNLOAD_PENDING
/home/fanyu/auditory_simulation_m6a/pub_01/s06/sparrkulee_v3.1/raw/derivatives/preprocessed_eeg/sub-068/ses-varyingStories08/sub-068_ses-varyingStories08_task-listeningActive_run-06_desc-preproc-audio-audiobook_14_2_eeg.npy,sub-068_ses-varyingStories08_task-listeningActive_run-06_eeg.bdf.gz,/home/fanyu/auditory_simulation_m6a/pub_01/s06/sparrkulee_v3.1/raw/sub-068/ses-varyingStories08/eeg/sub-068_ses-varyingStories08_task-listeningActive_run-06_eeg.bdf.gz,PUBLIC,HOLD,False,0..63 in original order per publisher config,UNKNOWN,EEG per publisher dataset/config,UNKNOWN,UNKNOWN,UNKNOWN,microvolts by MNE volts x 1e6 contract; historical generator revision UNKNOWN,64,publisher highpass/artifact/MWF/CAR/resample; not repeated here,/home/fanyu/auditory_simulation_m6a/pub_01/s06/sparrkulee_v3.1/raw/sub-068/ses-varyingStories08/eeg/sub-068_ses-varyingStories08_task-listeningActive_run-06_stimulation.tsv,True,RAW_DOWNLOAD_PENDING
/home/fanyu/auditory_simulation_m6a/pub_01/s06/sparrkulee_v3.1/raw/derivatives/preprocessed_eeg/sub-068/ses-varyingStories08/sub-068_ses-varyingStories08_task-listeningActive_run-07_desc-preproc-audio-podcast_30_eeg.npy,sub-068_ses-varyingStories08_task-listeningActive_run-07_eeg.bdf.gz,/home/fanyu/auditory_simulation_m6a/pub_01/s06/sparrkulee_v3.1/raw/sub-068/ses-varyingStories08/eeg/sub-068_ses-varyingStories08_task-listeningActive_run-07_eeg.bdf.gz,PUBLIC,HOLD,False,0..63 in original order per publisher config,UNKNOWN,EEG per publisher dataset/config,UNKNOWN,UNKNOWN,UNKNOWN,microvolts by MNE volts x 1e6 contract; historical generator revision UNKNOWN,64,publisher highpass/artifact/MWF/CAR/resample; not repeated here,/home/fanyu/auditory_simulation_m6a/pub_01/s06/sparrkulee_v3.1/raw/sub-068/ses-varyingStories08/eeg/sub-068_ses-varyingStories08_task-listeningActive_run-07_stimulation.tsv,True,RAW_DOWNLOAD_PENDING
/home/fanyu/auditory_simulation_m6a/pub_01/s06/sparrkulee_v3.1/raw/derivatives/preprocessed_eeg/sub-068/ses-varyingStories08/sub-068_ses-varyingStories08_task-listeningActive_run-09_desc-preproc-audio-podcast_28_eeg.npy,sub-068_ses-varyingStories08_task-listeningActive_run-09_eeg.bdf.gz,/home/fanyu/auditory_simulation_m6a/pub_01/s06/sparrkulee_v3.1/raw/sub-068/ses-varyingStories08/eeg/sub-068_ses-varyingStories08_task-listeningActive_run-09_eeg.bdf.gz,PUBLIC,HOLD,False,0..63 in original order per publisher config,UNKNOWN,EEG per publisher dataset/config,UNKNOWN,UNKNOWN,UNKNOWN,microvolts by MNE volts x 1e6 contract; historical generator revision UNKNOWN,64,publisher highpass/artifact/MWF/CAR/resample; not repeated here,/home/fanyu/auditory_simulation_m6a/pub_01/s06/sparrkulee_v3.1/raw/sub-068/ses-varyingStories08/eeg/sub-068_ses-varyingStories08_task-listeningActive_run-09_stimulation.tsv,True,RAW_DOWNLOAD_PENDING
/home/fanyu/auditory_simulation_m6a/pub_01/s06/sparrkulee_v3.1/raw/derivatives/preprocessed_eeg/sub-069/ses-varyingStories08/sub-069_ses-varyingStories08_task-listeningActive_run-01_desc-preproc-audio-podcast_29_eeg.npy,sub-069_ses-varyingStories08_task-listeningActive_run-01_eeg.bdf.gz,/home/fanyu/auditory_simulation_m6a/pub_01/s06/sparrkulee_v3.1/raw/sub-069/ses-varyingStories08/eeg/sub-069_ses-varyingStories08_task-listeningActive_run-01_eeg.bdf.gz,PUBLIC,HOLD,False,0..63 in original order per publisher config,UNKNOWN,EEG per publisher dataset/config,UNKNOWN,UNKNOWN,UNKNOWN,microvolts by MNE volts x 1e6 contract; historical generator revision UNKNOWN,64,publisher highpass/artifact/MWF/CAR/resample; not repeated here,/home/fanyu/auditory_simulation_m6a/pub_01/s06/sparrkulee_v3.1/raw/sub-069/ses-varyingStories08/eeg/sub-069_ses-varyingStories08_task-listeningActive_run-01_stimulation.tsv,True,RAW_DOWNLOAD_PENDING
/home/fanyu/auditory_simulation_m6a/pub_01/s06/sparrkulee_v3.1/raw/derivatives/preprocessed_eeg/sub-069/ses-varyingStories08/sub-069_ses-varyingStories08_task-listeningActive_run-03_desc-preproc-audio-audiobook_14_1_eeg.npy,sub-069_ses-varyingStories08_task-listeningActive_run-03_eeg.bdf.gz,/home/fanyu/auditory_simulation_m6a/pub_01/s06/sparrkulee_v3.1/raw/sub-069/ses-varyingStories08/eeg/sub-069_ses-varyingStories08_task-listeningActive_run-03_eeg.bdf.gz,PUBLIC,HOLD,False,0..63 in original order per publisher config,UNKNOWN,EEG per publisher dataset/config,UNKNOWN,UNKNOWN,UNKNOWN,microvolts by MNE volts x 1e6 contract; historical generator revision UNKNOWN,64,publisher highpass/artifact/MWF/CAR/resample; not repeated here,/home/fanyu/auditory_simulation_m6a/pub_01/s06/sparrkulee_v3.1/raw/sub-069/ses-varyingStories08/eeg/sub-069_ses-varyingStories08_task-listeningActive_run-03_stimulation.tsv,True,RAW_DOWNLOAD_PENDING
/home/fanyu/auditory_simulation_m6a/pub_01/s06/sparrkulee_v3.1/raw/derivatives/preprocessed_eeg/sub-069/ses-varyingStories08/sub-069_ses-varyingStories08_task-listeningActive_run-04_desc-preproc-audio-audiobook_14_2_eeg.npy,sub-069_ses-varyingStories08_task-listeningActive_run-04_eeg.bdf.gz,/home/fanyu/auditory_simulation_m6a/pub_01/s06/sparrkulee_v3.1/raw/sub-069/ses-varyingStories08/eeg/sub-069_ses-varyingStories08_task-listeningActive_run-04_eeg.bdf.gz,PUBLIC,HOLD,False,0..63 in original order per publisher config,UNKNOWN,EEG per publisher dataset/config,UNKNOWN,UNKNOWN,UNKNOWN,microvolts by MNE volts x 1e6 contract; historical generator revision UNKNOWN,64,publisher highpass/artifact/MWF/CAR/resample; not repeated here,/home/fanyu/auditory_simulation_m6a/pub_01/s06/sparrkulee_v3.1/raw/sub-069/ses-varyingStories08/eeg/sub-069_ses-varyingStories08_task-listeningActive_run-04_stimulation.tsv,True,RAW_DOWNLOAD_PENDING
/home/fanyu/auditory_simulation_m6a/pub_01/s06/sparrkulee_v3.1/raw/derivatives/preprocessed_eeg/sub-069/ses-varyingStories08/sub-069_ses-varyingStories08_task-listeningActive_run-06_desc-preproc-audio-podcast_28_eeg.npy,sub-069_ses-varyingStories08_task-listeningActive_run-06_eeg.bdf.gz,/home/fanyu/auditory_simulation_m6a/pub_01/s06/sparrkulee_v3.1/raw/sub-069/ses-varyingStories08/eeg/sub-069_ses-varyingStories08_task-listeningActive_run-06_eeg.bdf.gz,PUBLIC,HOLD,False,0..63 in original order per publisher config,UNKNOWN,EEG per publisher dataset/config,UNKNOWN,UNKNOWN,UNKNOWN,microvolts by MNE volts x 1e6 contract; historical generator revision UNKNOWN,64,publisher highpass/artifact/MWF/CAR/resample; not repeated here,/home/fanyu/auditory_simulation_m6a/pub_01/s06/sparrkulee_v3.1/raw/sub-069/ses-varyingStories08/eeg/sub-069_ses-varyingStories08_task-listeningActive_run-06_stimulation.tsv,True,RAW_DOWNLOAD_PENDING
/home/fanyu/auditory_simulation_m6a/pub_01/s06/sparrkulee_v3.1/raw/derivatives/preprocessed_eeg/sub-069/ses-varyingStories08/sub-069_ses-varyingStories08_task-listeningActive_run-07_desc-preproc-audio-podcast_30_eeg.npy,sub-069_ses-varyingStories08_task-listeningActive_run-07_eeg.bdf.gz,/home/fanyu/auditory_simulation_m6a/pub_01/s06/sparrkulee_v3.1/raw/sub-069/ses-varyingStories08/eeg/sub-069_ses-varyingStories08_task-listeningActive_run-07_eeg.bdf.gz,PUBLIC,HOLD,False,0..63 in original order per publisher config,UNKNOWN,EEG per publisher dataset/config,UNKNOWN,UNKNOWN,UNKNOWN,microvolts by MNE volts x 1e6 contract; historical generator revision UNKNOWN,64,publisher highpass/artifact/MWF/CAR/resample; not repeated here,/home/fanyu/auditory_simulation_m6a/pub_01/s06/sparrkulee_v3.1/raw/sub-069/ses-varyingStories08/eeg/sub-069_ses-varyingStories08_task-listeningActive_run-07_stimulation.tsv,True,RAW_DOWNLOAD_PENDING
/home/fanyu/auditory_simulation_m6a/pub_01/s06/sparrkulee_v3.1/raw/derivatives/preprocessed_eeg/sub-069/ses-varyingStories08/sub-069_ses-varyingStories08_task-listeningActive_run-08_desc-preproc-audio-podcast_31_eeg.npy,sub-069_ses-varyingStories08_task-listeningActive_run-08_eeg.bdf.gz,/home/fanyu/auditory_simulation_m6a/pub_01/s06/sparrkulee_v3.1/raw/sub-069/ses-varyingStories08/eeg/sub-069_ses-varyingStories08_task-listeningActive_run-08_eeg.bdf.gz,PUBLIC,HOLD,False,0..63 in original order per publisher config,UNKNOWN,EEG per publisher dataset/config,UNKNOWN,UNKNOWN,UNKNOWN,microvolts by MNE volts x 1e6 contract; historical generator revision UNKNOWN,64,publisher highpass/artifact/MWF/CAR/resample; not repeated here,/home/fanyu/auditory_simulation_m6a/pub_01/s06/sparrkulee_v3.1/raw/sub-069/ses-varyingStories08/eeg/sub-069_ses-varyingStories08_task-listeningActive_run-08_stimulation.tsv,True,RAW_DOWNLOAD_PENDING
/home/fanyu/auditory_simulation_m6a/pub_01/s06/sparrkulee_v3.1/raw/derivatives/preprocessed_eeg/sub-069/ses-varyingStories08/sub-069_ses-varyingStories08_task-listeningActive_run-09_desc-preproc-audio-audiobook_1_eeg.npy,sub-069_ses-varyingStories08_task-listeningActive_run-09_eeg.bdf.gz,/home/fanyu/auditory_simulation_m6a/pub_01/s06/sparrkulee_v3.1/raw/sub-069/ses-varyingStories08/eeg/sub-069_ses-varyingStories08_task-listeningActive_run-09_eeg.bdf.gz,PUBLIC,HOLD,False,0..63 in original order per publisher config,UNKNOWN,EEG per publisher dataset/config,UNKNOWN,UNKNOWN,UNKNOWN,microvolts by MNE volts x 1e6 contract; historical generator revision UNKNOWN,64,publisher highpass/artifact/MWF/CAR/resample; not repeated here,/home/fanyu/auditory_simulation_m6a/pub_01/s06/sparrkulee_v3.1/raw/sub-069/ses-varyingStories08/eeg/sub-069_ses-varyingStories08_task-listeningActive_run-09_stimulation.tsv,True,RAW_DOWNLOAD_PENDING
/home/fanyu/auditory_simulation_m6a/pub_01/s06/sparrkulee_v3.1/raw/derivatives/preprocessed_eeg/sub-070/ses-varyingStories08/sub-070_ses-varyingStories08_task-listeningActive_run-03_desc-preproc-audio-podcast_28_eeg.npy,sub-070_ses-varyingStories08_task-listeningActive_run-03_eeg.bdf.gz,/home/fanyu/auditory_simulation_m6a/pub_01/s06/sparrkulee_v3.1/raw/sub-070/ses-varyingStories08/eeg/sub-070_ses-varyingStories08_task-listeningActive_run-03_eeg.bdf.gz,PUBLIC,HOLD,False,0..63 in original order per publisher config,UNKNOWN,EEG per publisher dataset/config,UNKNOWN,UNKNOWN,UNKNOWN,microvolts by MNE volts x 1e6 contract; historical generator revision UNKNOWN,64,publisher highpass/artifact/MWF/CAR/resample; not repeated here,/home/fanyu/auditory_simulation_m6a/pub_01/s06/sparrkulee_v3.1/raw/sub-070/ses-varyingStories08/eeg/sub-070_ses-varyingStories08_task-listeningActive_run-03_stimulation.tsv,True,RAW_DOWNLOAD_PENDING
/home/fanyu/auditory_simulation_m6a/pub_01/s06/sparrkulee_v3.1/raw/derivatives/preprocessed_eeg/sub-070/ses-varyingStories08/sub-070_ses-varyingStories08_task-listeningActive_run-04_desc-preproc-audio-podcast_30_eeg.npy,sub-070_ses-varyingStories08_task-listeningActive_run-04_eeg.bdf.gz,/home/fanyu/auditory_simulation_m6a/pub_01/s06/sparrkulee_v3.1/raw/sub-070/ses-varyingStories08/eeg/sub-070_ses-varyingStories08_task-listeningActive_run-04_eeg.bdf.gz,PUBLIC,HOLD,False,0..63 in original order per publisher config,UNKNOWN,EEG per publisher dataset/config,UNKNOWN,UNKNOWN,UNKNOWN,microvolts by MNE volts x 1e6 contract; historical generator revision UNKNOWN,64,publisher highpass/artifact/MWF/CAR/resample; not repeated here,/home/fanyu/auditory_simulation_m6a/pub_01/s06/sparrkulee_v3.1/raw/sub-070/ses-varyingStories08/eeg/sub-070_ses-varyingStories08_task-listeningActive_run-04_stimulation.tsv,True,RAW_DOWNLOAD_PENDING
/home/fanyu/auditory_simulation_m6a/pub_01/s06/sparrkulee_v3.1/raw/derivatives/preprocessed_eeg/sub-070/ses-varyingStories08/sub-070_ses-varyingStories08_task-listeningActive_run-05_desc-preproc-audio-audiobook_14_1_eeg.npy,sub-070_ses-varyingStories08_task-listeningActive_run-05_eeg.bdf.gz,/home/fanyu/auditory_simulation_m6a/pub_01/s06/sparrkulee_v3.1/raw/sub-070/ses-varyingStories08/eeg/sub-070_ses-varyingStories08_task-listeningActive_run-05_eeg.bdf.gz,PUBLIC,HOLD,False,0..63 in original order per publisher config,UNKNOWN,EEG per publisher dataset/config,UNKNOWN,UNKNOWN,UNKNOWN,microvolts by MNE volts x 1e6 contract; historical generator revision UNKNOWN,64,publisher highpass/artifact/MWF/CAR/resample; not repeated here,/home/fanyu/auditory_simulation_m6a/pub_01/s06/sparrkulee_v3.1/raw/sub-070/ses-varyingStories08/eeg/sub-070_ses-varyingStories08_task-listeningActive_run-05_stimulation.tsv,True,RAW_DOWNLOAD_PENDING
/home/fanyu/auditory_simulation_m6a/pub_01/s06/sparrkulee_v3.1/raw/derivatives/preprocessed_eeg/sub-070/ses-varyingStories08/sub-070_ses-varyingStories08_task-listeningActive_run-06_desc-preproc-audio-audiobook_14_2_eeg.npy,sub-070_ses-varyingStories08_task-listeningActive_run-06_eeg.bdf.gz,/home/fanyu/auditory_simulation_m6a/pub_01/s06/sparrkulee_v3.1/raw/sub-070/ses-varyingStories08/eeg/sub-070_ses-varyingStories08_task-listeningActive_run-06_eeg.bdf.gz,PUBLIC,HOLD,False,0..63 in original order per publisher config,UNKNOWN,EEG per publisher dataset/config,UNKNOWN,UNKNOWN,UNKNOWN,microvolts by MNE volts x 1e6 contract; historical generator revision UNKNOWN,64,publisher highpass/artifact/MWF/CAR/resample; not repeated here,/home/fanyu/auditory_simulation_m6a/pub_01/s06/sparrkulee_v3.1/raw/sub-070/ses-varyingStories08/eeg/sub-070_ses-varyingStories08_task-listeningActive_run-06_stimulation.tsv,True,RAW_DOWNLOAD_PENDING
/home/fanyu/auditory_simulation_m6a/pub_01/s06/sparrkulee_v3.1/raw/derivatives/preprocessed_eeg/sub-070/ses-varyingStories08/sub-070_ses-varyingStories08_task-listeningActive_run-07_desc-preproc-audio-podcast_31_eeg.npy,sub-070_ses-varyingStories08_task-listeningActive_run-07_eeg.bdf.gz,/home/fanyu/auditory_simulation_m6a/pub_01/s06/sparrkulee_v3.1/raw/sub-070/ses-varyingStories08/eeg/sub-070_ses-varyingStories08_task-listeningActive_run-07_eeg.bdf.gz,PUBLIC,HOLD,False,0..63 in original order per publisher config,UNKNOWN,EEG per publisher dataset/config,UNKNOWN,UNKNOWN,UNKNOWN,microvolts by MNE volts x 1e6 contract; historical generator revision UNKNOWN,64,publisher highpass/artifact/MWF/CAR/resample; not repeated here,/home/fanyu/auditory_simulation_m6a/pub_01/s06/sparrkulee_v3.1/raw/sub-070/ses-varyingStories08/eeg/sub-070_ses-varyingStories08_task-listeningActive_run-07_stimulation.tsv,True,RAW_DOWNLOAD_PENDING
/home/fanyu/auditory_simulation_m6a/pub_01/s06/sparrkulee_v3.1/raw/derivatives/preprocessed_eeg/sub-070/ses-varyingStories08/sub-070_ses-varyingStories08_task-listeningActive_run-08_desc-preproc-audio-audiobook_1_eeg.npy,sub-070_ses-varyingStories08_task-listeningActive_run-08_eeg.bdf.gz,/home/fanyu/auditory_simulation_m6a/pub_01/s06/sparrkulee_v3.1/raw/sub-070/ses-varyingStories08/eeg/sub-070_ses-varyingStories08_task-listeningActive_run-08_eeg.bdf.gz,PUBLIC,HOLD,False,0..63 in original order per publisher config,UNKNOWN,EEG per publisher dataset/config,UNKNOWN,UNKNOWN,UNKNOWN,microvolts by MNE volts x 1e6 contract; historical generator revision UNKNOWN,64,publisher highpass/artifact/MWF/CAR/resample; not repeated here,/home/fanyu/auditory_simulation_m6a/pub_01/s06/sparrkulee_v3.1/raw/sub-070/ses-varyingStories08/eeg/sub-070_ses-varyingStories08_task-listeningActive_run-08_stimulation.tsv,True,RAW_DOWNLOAD_PENDING
/home/fanyu/auditory_simulation_m6a/pub_01/s06/sparrkulee_v3.1/raw/derivatives/preprocessed_eeg/sub-070/ses-varyingStories08/sub-070_ses-varyingStories08_task-listeningActive_run-09_desc-preproc-audio-podcast_29_eeg.npy,sub-070_ses-varyingStories08_task-listeningActive_run-09_eeg.bdf.gz,/home/fanyu/auditory_simulation_m6a/pub_01/s06/sparrkulee_v3.1/raw/sub-070/ses-varyingStories08/eeg/sub-070_ses-varyingStories08_task-listeningActive_run-09_eeg.bdf.gz,PUBLIC,HOLD,False,0..63 in original order per publisher config,UNKNOWN,EEG per publisher dataset/config,UNKNOWN,UNKNOWN,UNKNOWN,microvolts by MNE volts x 1e6 contract; historical generator revision UNKNOWN,64,publisher highpass/artifact/MWF/CAR/resample; not repeated here,/home/fanyu/auditory_simulation_m6a/pub_01/s06/sparrkulee_v3.1/raw/sub-070/ses-varyingStories08/eeg/sub-070_ses-varyingStories08_task-listeningActive_run-09_stimulation.tsv,True,RAW_DOWNLOAD_PENDING
/home/fanyu/auditory_simulation_m6a/pub_01/s06/sparrkulee_v3.1/raw/derivatives/preprocessed_eeg/sub-071/ses-varyingStories08/sub-071_ses-varyingStories08_task-listeningActive_run-01_desc-preproc-audio-audiobook_1_eeg.npy,sub-071_ses-varyingStories08_task-listeningActive_run-01_eeg.bdf.gz,/home/fanyu/auditory_simulation_m6a/pub_01/s06/sparrkulee_v3.1/raw/sub-071/ses-varyingStories08/eeg/sub-071_ses-varyingStories08_task-listeningActive_run-01_eeg.bdf.gz,PUBLIC,HOLD,False,0..63 in original order per publisher config,UNKNOWN,EEG per publisher dataset/config,UNKNOWN,UNKNOWN,UNKNOWN,microvolts by MNE volts x 1e6 contract; historical generator revision UNKNOWN,64,publisher highpass/artifact/MWF/CAR/resample; not repeated here,/home/fanyu/auditory_simulation_m6a/pub_01/s06/sparrkulee_v3.1/raw/sub-071/ses-varyingStories08/eeg/sub-071_ses-varyingStories08_task-listeningActive_run-01_stimulation.tsv,True,RAW_DOWNLOAD_PENDING
/home/fanyu/auditory_simulation_m6a/pub_01/s06/sparrkulee_v3.1/raw/derivatives/preprocessed_eeg/sub-071/ses-varyingStories08/sub-071_ses-varyingStories08_task-listeningActive_run-02_desc-preproc-audio-podcast_29_eeg.npy,sub-071_ses-varyingStories08_task-listeningActive_run-02_eeg.bdf.gz,/home/fanyu/auditory_simulation_m6a/pub_01/s06/sparrkulee_v3.1/raw/sub-071/ses-varyingStories08/eeg/sub-071_ses-varyingStories08_task-listeningActive_run-02_eeg.bdf.gz,PUBLIC,HOLD,False,0..63 in original order per publisher config,UNKNOWN,EEG per publisher dataset/config,UNKNOWN,UNKNOWN,UNKNOWN,microvolts by MNE volts x 1e6 contract; historical generator revision UNKNOWN,64,publisher highpass/artifact/MWF/CAR/resample; not repeated here,/home/fanyu/auditory_simulation_m6a/pub_01/s06/sparrkulee_v3.1/raw/sub-071/ses-varyingStories08/eeg/sub-071_ses-varyingStories08_task-listeningActive_run-02_stimulation.tsv,True,RAW_DOWNLOAD_PENDING
/home/fanyu/auditory_simulation_m6a/pub_01/s06/sparrkulee_v3.1/raw/derivatives/preprocessed_eeg/sub-071/ses-varyingStories08/sub-071_ses-varyingStories08_task-listeningActive_run-03_desc-preproc-audio-podcast_30_eeg.npy,sub-071_ses-varyingStories08_task-listeningActive_run-03_eeg.bdf.gz,/home/fanyu/auditory_simulation_m6a/pub_01/s06/sparrkulee_v3.1/raw/sub-071/ses-varyingStories08/eeg/sub-071_ses-varyingStories08_task-listeningActive_run-03_eeg.bdf.gz,PUBLIC,HOLD,False,0..63 in original order per publisher config,UNKNOWN,EEG per publisher dataset/config,UNKNOWN,UNKNOWN,UNKNOWN,microvolts by MNE volts x 1e6 contract; historical generator revision UNKNOWN,64,publisher highpass/artifact/MWF/CAR/resample; not repeated here,/home/fanyu/auditory_simulation_m6a/pub_01/s06/sparrkulee_v3.1/raw/sub-071/ses-varyingStories08/eeg/sub-071_ses-varyingStories08_task-listeningActive_run-03_stimulation.tsv,True,RAW_DOWNLOAD_PENDING
/home/fanyu/auditory_simulation_m6a/pub_01/s06/sparrkulee_v3.1/raw/derivatives/preprocessed_eeg/sub-071/ses-varyingStories08/sub-071_ses-varyingStories08_task-listeningActive_run-04_desc-preproc-audio-podcast_28_eeg.npy,sub-071_ses-varyingStories08_task-listeningActive_run-04_eeg.bdf.gz,/home/fanyu/auditory_simulation_m6a/pub_01/s06/sparrkulee_v3.1/raw/sub-071/ses-varyingStories08/eeg/sub-071_ses-varyingStories08_task-listeningActive_run-04_eeg.bdf.gz,PUBLIC,HOLD,False,0..63 in original order per publisher config,UNKNOWN,EEG per publisher dataset/config,UNKNOWN,UNKNOWN,UNKNOWN,microvolts by MNE volts x 1e6 contract; historical generator revision UNKNOWN,64,publisher highpass/artifact/MWF/CAR/resample; not repeated here,/home/fanyu/auditory_simulation_m6a/pub_01/s06/sparrkulee_v3.1/raw/sub-071/ses-varyingStories08/eeg/sub-071_ses-varyingStories08_task-listeningActive_run-04_stimulation.tsv,True,RAW_DOWNLOAD_PENDING
/home/fanyu/auditory_simulation_m6a/pub_01/s06/sparrkulee_v3.1/raw/derivatives/preprocessed_eeg/sub-071/ses-varyingStories08/sub-071_ses-varyingStories08_task-listeningActive_run-06_desc-preproc-audio-podcast_31_eeg.npy,sub-071_ses-varyingStories08_task-listeningActive_run-06_eeg.bdf.gz,/home/fanyu/auditory_simulation_m6a/pub_01/s06/sparrkulee_v3.1/raw/sub-071/ses-varyingStories08/eeg/sub-071_ses-varyingStories08_task-listeningActive_run-06_eeg.bdf.gz,PUBLIC,HOLD,False,0..63 in original order per publisher config,UNKNOWN,EEG per publisher dataset/config,UNKNOWN,UNKNOWN,UNKNOWN,microvolts by MNE volts x 1e6 contract; historical generator revision UNKNOWN,64,publisher highpass/artifact/MWF/CAR/resample; not repeated here,/home/fanyu/auditory_simulation_m6a/pub_01/s06/sparrkulee_v3.1/raw/sub-071/ses-varyingStories08/eeg/sub-071_ses-varyingStories08_task-listeningActive_run-06_stimulation.tsv,True,RAW_DOWNLOAD_PENDING
/home/fanyu/auditory_simulation_m6a/pub_01/s06/sparrkulee_v3.1/raw/derivatives/preprocessed_eeg/sub-071/ses-varyingStories08/sub-071_ses-varyingStories08_task-listeningActive_run-07_desc-preproc-audio-audiobook_14_1_eeg.npy,sub-071_ses-varyingStories08_task-listeningActive_run-07_eeg.bdf.gz,/home/fanyu/auditory_simulation_m6a/pub_01/s06/sparrkulee_v3.1/raw/sub-071/ses-varyingStories08/eeg/sub-071_ses-varyingStories08_task-listeningActive_run-07_eeg.bdf.gz,PUBLIC,HOLD,False,0..63 in original order per publisher config,UNKNOWN,EEG per publisher dataset/config,UNKNOWN,UNKNOWN,UNKNOWN,microvolts by MNE volts x 1e6 contract; historical generator revision UNKNOWN,64,publisher highpass/artifact/MWF/CAR/resample; not repeated here,/home/fanyu/auditory_simulation_m6a/pub_01/s06/sparrkulee_v3.1/raw/sub-071/ses-varyingStories08/eeg/sub-071_ses-varyingStories08_task-listeningActive_run-07_stimulation.tsv,True,RAW_DOWNLOAD_PENDING
/home/fanyu/auditory_simulation_m6a/pub_01/s06/sparrkulee_v3.1/raw/derivatives/preprocessed_eeg/sub-071/ses-varyingStories08/sub-071_ses-varyingStories08_task-listeningActive_run-08_desc-preproc-audio-audiobook_14_2_eeg.npy,sub-071_ses-varyingStories08_task-listeningActive_run-08_eeg.bdf.gz,/home/fanyu/auditory_simulation_m6a/pub_01/s06/sparrkulee_v3.1/raw/sub-071/ses-varyingStories08/eeg/sub-071_ses-varyingStories08_task-listeningActive_run-08_eeg.bdf.gz,PUBLIC,HOLD,False,0..63 in original order per publisher config,UNKNOWN,EEG per publisher dataset/config,UNKNOWN,UNKNOWN,UNKNOWN,microvolts by MNE volts x 1e6 contract; historical generator revision UNKNOWN,64,publisher highpass/artifact/MWF/CAR/resample; not repeated here,/home/fanyu/auditory_simulation_m6a/pub_01/s06/sparrkulee_v3.1/raw/sub-071/ses-varyingStories08/eeg/sub-071_ses-varyingStories08_task-listeningActive_run-08_stimulation.tsv,True,RAW_DOWNLOAD_PENDING
/home/fanyu/auditory_simulation_m6a/pub_01/s06/sparrkulee_v3.1/raw/derivatives/preprocessed_eeg/sub-072/ses-varyingStories09/sub-072_ses-varyingStories09_task-listeningActive_run-01_desc-preproc-audio-podcast_32_eeg.npy,sub-072_ses-varyingStories09_task-listeningActive_run-01_eeg.bdf.gz,/home/fanyu/auditory_simulation_m6a/pub_01/s06/sparrkulee_v3.1/raw/sub-072/ses-varyingStories09/eeg/sub-072_ses-varyingStories09_task-listeningActive_run-01_eeg.bdf.gz,PUBLIC,HOLD,False,0..63 in original order per publisher config,UNKNOWN,EEG per publisher dataset/config,UNKNOWN,UNKNOWN,UNKNOWN,microvolts by MNE volts x 1e6 contract; historical generator revision UNKNOWN,64,publisher highpass/artifact/MWF/CAR/resample; not repeated here,/home/fanyu/auditory_simulation_m6a/pub_01/s06/sparrkulee_v3.1/raw/sub-072/ses-varyingStories09/eeg/sub-072_ses-varyingStories09_task-listeningActive_run-01_stimulation.tsv,True,RAW_DOWNLOAD_PENDING
/home/fanyu/auditory_simulation_m6a/pub_01/s06/sparrkulee_v3.1/raw/derivatives/preprocessed_eeg/sub-072/ses-varyingStories09/sub-072_ses-varyingStories09_task-listeningActive_run-02_desc-preproc-audio-audiobook_14_1_eeg.npy,sub-072_ses-varyingStories09_task-listeningActive_run-02_eeg.bdf.gz,/home/fanyu/auditory_simulation_m6a/pub_01/s06/sparrkulee_v3.1/raw/sub-072/ses-varyingStories09/eeg/sub-072_ses-varyingStories09_task-listeningActive_run-02_eeg.bdf.gz,PUBLIC,HOLD,False,0..63 in original order per publisher config,UNKNOWN,EEG per publisher dataset/config,UNKNOWN,UNKNOWN,UNKNOWN,microvolts by MNE volts x 1e6 contract; historical generator revision UNKNOWN,64,publisher highpass/artifact/MWF/CAR/resample; not repeated here,/home/fanyu/auditory_simulation_m6a/pub_01/s06/sparrkulee_v3.1/raw/sub-072/ses-varyingStories09/eeg/sub-072_ses-varyingStories09_task-listeningActive_run-02_stimulation.tsv,True,RAW_DOWNLOAD_PENDING
/home/fanyu/auditory_simulation_m6a/pub_01/s06/sparrkulee_v3.1/raw/derivatives/preprocessed_eeg/sub-072/ses-varyingStories09/sub-072_ses-varyingStories09_task-listeningActive_run-03_desc-preproc-audio-audiobook_14_2_eeg.npy,sub-072_ses-varyingStories09_task-listeningActive_run-03_eeg.bdf.gz,/home/fanyu/auditory_simulation_m6a/pub_01/s06/sparrkulee_v3.1/raw/sub-072/ses-varyingStories09/eeg/sub-072_ses-varyingStories09_task-listeningActive_run-03_eeg.bdf.gz,PUBLIC,HOLD,False,0..63 in original order per publisher config,UNKNOWN,EEG per publisher dataset/config,UNKNOWN,UNKNOWN,UNKNOWN,microvolts by MNE volts x 1e6 contract; historical generator revision UNKNOWN,64,publisher highpass/artifact/MWF/CAR/resample; not repeated here,/home/fanyu/auditory_simulation_m6a/pub_01/s06/sparrkulee_v3.1/raw/sub-072/ses-varyingStories09/eeg/sub-072_ses-varyingStories09_task-listeningActive_run-03_stimulation.tsv,True,RAW_DOWNLOAD_PENDING
/home/fanyu/auditory_simulation_m6a/pub_01/s06/sparrkulee_v3.1/raw/derivatives/preprocessed_eeg/sub-072/ses-varyingStories09/sub-072_ses-varyingStories09_task-listeningActive_run-04_desc-preproc-audio-podcast_34_eeg.npy,sub-072_ses-varyingStories09_task-listeningActive_run-04_eeg.bdf.gz,/home/fanyu/auditory_simulation_m6a/pub_01/s06/sparrkulee_v3.1/raw/sub-072/ses-varyingStories09/eeg/sub-072_ses-varyingStories09_task-listeningActive_run-04_eeg.bdf.gz,PUBLIC,HOLD,False,0..63 in original order per publisher config,UNKNOWN,EEG per publisher dataset/config,UNKNOWN,UNKNOWN,UNKNOWN,microvolts by MNE volts x 1e6 contract; historical generator revision UNKNOWN,64,publisher highpass/artifact/MWF/CAR/resample; not repeated here,/home/fanyu/auditory_simulation_m6a/pub_01/s06/sparrkulee_v3.1/raw/sub-072/ses-varyingStories09/eeg/sub-072_ses-varyingStories09_task-listeningActive_run-04_stimulation.tsv,True,RAW_DOWNLOAD_PENDING
/home/fanyu/auditory_simulation_m6a/pub_01/s06/sparrkulee_v3.1/raw/derivatives/preprocessed_eeg/sub-072/ses-varyingStories09/sub-072_ses-varyingStories09_task-listeningActive_run-06_desc-preproc-audio-audiobook_1_eeg.npy,sub-072_ses-varyingStories09_task-listeningActive_run-06_eeg.bdf.gz,/home/fanyu/auditory_simulation_m6a/pub_01/s06/sparrkulee_v3.1/raw/sub-072/ses-varyingStories09/eeg/sub-072_ses-varyingStories09_task-listeningActive_run-06_eeg.bdf.gz,PUBLIC,HOLD,False,0..63 in original order per publisher config,UNKNOWN,EEG per publisher dataset/config,UNKNOWN,UNKNOWN,UNKNOWN,microvolts by MNE volts x 1e6 contract; historical generator revision UNKNOWN,64,publisher highpass/artifact/MWF/CAR/resample; not repeated here,/home/fanyu/auditory_simulation_m6a/pub_01/s06/sparrkulee_v3.1/raw/sub-072/ses-varyingStories09/eeg/sub-072_ses-varyingStories09_task-listeningActive_run-06_stimulation.tsv,True,RAW_DOWNLOAD_PENDING
/home/fanyu/auditory_simulation_m6a/pub_01/s06/sparrkulee_v3.1/raw/derivatives/preprocessed_eeg/sub-072/ses-varyingStories09/sub-072_ses-varyingStories09_task-listeningActive_run-07_desc-preproc-audio-podcast_33_eeg.npy,sub-072_ses-varyingStories09_task-listeningActive_run-07_eeg.bdf.gz,/home/fanyu/auditory_simulation_m6a/pub_01/s06/sparrkulee_v3.1/raw/sub-072/ses-varyingStories09/eeg/sub-072_ses-varyingStories09_task-listeningActive_run-07_eeg.bdf.gz,PUBLIC,HOLD,False,0..63 in original order per publisher config,UNKNOWN,EEG per publisher dataset/config,UNKNOWN,UNKNOWN,UNKNOWN,microvolts by MNE volts x 1e6 contract; historical generator revision UNKNOWN,64,publisher highpass/artifact/MWF/CAR/resample; not repeated here,/home/fanyu/auditory_simulation_m6a/pub_01/s06/sparrkulee_v3.1/raw/sub-072/ses-varyingStories09/eeg/sub-072_ses-varyingStories09_task-listeningActive_run-07_stimulation.tsv,True,RAW_DOWNLOAD_PENDING
/home/fanyu/auditory_simulation_m6a/pub_01/s06/sparrkulee_v3.1/raw/derivatives/preprocessed_eeg/sub-073/ses-varyingStories09/sub-073_ses-varyingStories09_task-listeningActive_run-02_desc-preproc-audio-podcast_33_eeg.npy,sub-073_ses-varyingStories09_task-listeningActive_run-02_eeg.bdf.gz,/home/fanyu/auditory_simulation_m6a/pub_01/s06/sparrkulee_v3.1/raw/sub-073/ses-varyingStories09/eeg/sub-073_ses-varyingStories09_task-listeningActive_run-02_eeg.bdf.gz,PUBLIC,HOLD,False,0..63 in original order per publisher config,UNKNOWN,EEG per publisher dataset/config,UNKNOWN,UNKNOWN,UNKNOWN,microvolts by MNE volts x 1e6 contract; historical generator revision UNKNOWN,64,publisher highpass/artifact/MWF/CAR/resample; not repeated here,/home/fanyu/auditory_simulation_m6a/pub_01/s06/sparrkulee_v3.1/raw/sub-073/ses-varyingStories09/eeg/sub-073_ses-varyingStories09_task-listeningActive_run-02_stimulation.tsv,True,RAW_DOWNLOAD_PENDING
/home/fanyu/auditory_simulation_m6a/pub_01/s06/sparrkulee_v3.1/raw/derivatives/preprocessed_eeg/sub-073/ses-varyingStories09/sub-073_ses-varyingStories09_task-listeningActive_run-03_desc-preproc-audio-audiobook_14_1_eeg.npy,sub-073_ses-varyingStories09_task-listeningActive_run-03_eeg.bdf.gz,/home/fanyu/auditory_simulation_m6a/pub_01/s06/sparrkulee_v3.1/raw/sub-073/ses-varyingStories09/eeg/sub-073_ses-varyingStories09_task-listeningActive_run-03_eeg.bdf.gz,PUBLIC,HOLD,False,0..63 in original order per publisher config,UNKNOWN,EEG per publisher dataset/config,UNKNOWN,UNKNOWN,UNKNOWN,microvolts by MNE volts x 1e6 contract; historical generator revision UNKNOWN,64,publisher highpass/artifact/MWF/CAR/resample; not repeated here,/home/fanyu/auditory_simulation_m6a/pub_01/s06/sparrkulee_v3.1/raw/sub-073/ses-varyingStories09/eeg/sub-073_ses-varyingStories09_task-listeningActive_run-03_stimulation.tsv,True,RAW_DOWNLOAD_PENDING
/home/fanyu/auditory_simulation_m6a/pub_01/s06/sparrkulee_v3.1/raw/derivatives/preprocessed_eeg/sub-073/ses-varyingStories09/sub-073_ses-varyingStories09_task-listeningActive_run-04_desc-preproc-audio-audiobook_14_2_eeg.npy,sub-073_ses-varyingStories09_task-listeningActive_run-04_eeg.bdf.gz,/home/fanyu/auditory_simulation_m6a/pub_01/s06/sparrkulee_v3.1/raw/sub-073/ses-varyingStories09/eeg/sub-073_ses-varyingStories09_task-listeningActive_run-04_eeg.bdf.gz,PUBLIC,HOLD,False,0..63 in original order per publisher config,UNKNOWN,EEG per publisher dataset/config,UNKNOWN,UNKNOWN,UNKNOWN,microvolts by MNE volts x 1e6 contract; historical generator revision UNKNOWN,64,publisher highpass/artifact/MWF/CAR/resample; not repeated here,/home/fanyu/auditory_simulation_m6a/pub_01/s06/sparrkulee_v3.1/raw/sub-073/ses-varyingStories09/eeg/sub-073_ses-varyingStories09_task-listeningActive_run-04_stimulation.tsv,True,RAW_DOWNLOAD_PENDING
/home/fanyu/auditory_simulation_m6a/pub_01/s06/sparrkulee_v3.1/raw/derivatives/preprocessed_eeg/sub-073/ses-varyingStories09/sub-073_ses-varyingStories09_task-listeningActive_run-06_desc-preproc-audio-audiobook_1_eeg.npy,sub-073_ses-varyingStories09_task-listeningActive_run-06_eeg.bdf.gz,/home/fanyu/auditory_simulation_m6a/pub_01/s06/sparrkulee_v3.1/raw/sub-073/ses-varyingStories09/eeg/sub-073_ses-varyingStories09_task-listeningActive_run-06_eeg.bdf.gz,PUBLIC,HOLD,False,0..63 in original order per publisher config,UNKNOWN,EEG per publisher dataset/config,UNKNOWN,UNKNOWN,UNKNOWN,microvolts by MNE volts x 1e6 contract; historical generator revision UNKNOWN,64,publisher highpass/artifact/MWF/CAR/resample; not repeated here,/home/fanyu/auditory_simulation_m6a/pub_01/s06/sparrkulee_v3.1/raw/sub-073/ses-varyingStories09/eeg/sub-073_ses-varyingStories09_task-listeningActive_run-06_stimulation.tsv,True,RAW_DOWNLOAD_PENDING
/home/fanyu/auditory_simulation_m6a/pub_01/s06/sparrkulee_v3.1/raw/derivatives/preprocessed_eeg/sub-073/ses-varyingStories09/sub-073_ses-varyingStories09_task-listeningActive_run-07_desc-preproc-audio-podcast_34_eeg.npy,sub-073_ses-varyingStories09_task-listeningActive_run-07_eeg.bdf.gz,/home/fanyu/auditory_simulation_m6a/pub_01/s06/sparrkulee_v3.1/raw/sub-073/ses-varyingStories09/eeg/sub-073_ses-varyingStories09_task-listeningActive_run-07_eeg.bdf.gz,PUBLIC,HOLD,False,0..63 in original order per publisher config,UNKNOWN,EEG per publisher dataset/config,UNKNOWN,UNKNOWN,UNKNOWN,microvolts by MNE volts x 1e6 contract; historical generator revision UNKNOWN,64,publisher highpass/artifact/MWF/CAR/resample; not repeated here,/home/fanyu/auditory_simulation_m6a/pub_01/s06/sparrkulee_v3.1/raw/sub-073/ses-varyingStories09/eeg/sub-073_ses-varyingStories09_task-listeningActive_run-07_stimulation.tsv,True,RAW_DOWNLOAD_PENDING
/home/fanyu/auditory_simulation_m6a/pub_01/s06/sparrkulee_v3.1/raw/derivatives/preprocessed_eeg/sub-073/ses-varyingStories09/sub-073_ses-varyingStories09_task-listeningActive_run-08_desc-preproc-audio-podcast_32_eeg.npy,sub-073_ses-varyingStories09_task-listeningActive_run-08_eeg.bdf.gz,/home/fanyu/auditory_simulation_m6a/pub_01/s06/sparrkulee_v3.1/raw/sub-073/ses-varyingStories09/eeg/sub-073_ses-varyingStories09_task-listeningActive_run-08_eeg.bdf.gz,PUBLIC,HOLD,False,0..63 in original order per publisher config,UNKNOWN,EEG per publisher dataset/config,UNKNOWN,UNKNOWN,UNKNOWN,microvolts by MNE volts x 1e6 contract; historical generator revision UNKNOWN,64,publisher highpass/artifact/MWF/CAR/resample; not repeated here,/home/fanyu/auditory_simulation_m6a/pub_01/s06/sparrkulee_v3.1/raw/sub-073/ses-varyingStories09/eeg/sub-073_ses-varyingStories09_task-listeningActive_run-08_stimulation.tsv,True,RAW_DOWNLOAD_PENDING
/home/fanyu/auditory_simulation_m6a/pub_01/s06/sparrkulee_v3.1/raw/derivatives/preprocessed_eeg/sub-074/ses-varyingStories09/sub-074_ses-varyingStories09_task-listeningActive_run-03_desc-preproc-audio-audiobook_14_1_eeg.npy,sub-074_ses-varyingStories09_task-listeningActive_run-03_eeg.bdf.gz,/home/fanyu/auditory_simulation_m6a/pub_01/s06/sparrkulee_v3.1/raw/sub-074/ses-varyingStories09/eeg/sub-074_ses-varyingStories09_task-listeningActive_run-03_eeg.bdf.gz,PUBLIC,HOLD,False,0..63 in original order per publisher config,UNKNOWN,EEG per publisher dataset/config,UNKNOWN,UNKNOWN,UNKNOWN,microvolts by MNE volts x 1e6 contract; historical generator revision UNKNOWN,64,publisher highpass/artifact/MWF/CAR/resample; not repeated here,/home/fanyu/auditory_simulation_m6a/pub_01/s06/sparrkulee_v3.1/raw/sub-074/ses-varyingStories09/eeg/sub-074_ses-varyingStories09_task-listeningActive_run-03_stimulation.tsv,True,RAW_DOWNLOAD_PENDING
/home/fanyu/auditory_simulation_m6a/pub_01/s06/sparrkulee_v3.1/raw/derivatives/preprocessed_eeg/sub-074/ses-varyingStories09/sub-074_ses-varyingStories09_task-listeningActive_run-04_desc-preproc-audio-audiobook_14_2_eeg.npy,sub-074_ses-varyingStories09_task-listeningActive_run-04_eeg.bdf.gz,/home/fanyu/auditory_simulation_m6a/pub_01/s06/sparrkulee_v3.1/raw/sub-074/ses-varyingStories09/eeg/sub-074_ses-varyingStories09_task-listeningActive_run-04_eeg.bdf.gz,PUBLIC,HOLD,False,0..63 in original order per publisher config,UNKNOWN,EEG per publisher dataset/config,UNKNOWN,UNKNOWN,UNKNOWN,microvolts by MNE volts x 1e6 contract; historical generator revision UNKNOWN,64,publisher highpass/artifact/MWF/CAR/resample; not repeated here,/home/fanyu/auditory_simulation_m6a/pub_01/s06/sparrkulee_v3.1/raw/sub-074/ses-varyingStories09/eeg/sub-074_ses-varyingStories09_task-listeningActive_run-04_stimulation.tsv,True,RAW_DOWNLOAD_PENDING
/home/fanyu/auditory_simulation_m6a/pub_01/s06/sparrkulee_v3.1/raw/derivatives/preprocessed_eeg/sub-074/ses-varyingStories09/sub-074_ses-varyingStories09_task-listeningActive_run-05_desc-preproc-audio-podcast_33_eeg.npy,sub-074_ses-varyingStories09_task-listeningActive_run-05_eeg.bdf.gz,/home/fanyu/auditory_simulation_m6a/pub_01/s06/sparrkulee_v3.1/raw/sub-074/ses-varyingStories09/eeg/sub-074_ses-varyingStories09_task-listeningActive_run-05_eeg.bdf.gz,PUBLIC,HOLD,False,0..63 in original order per publisher config,UNKNOWN,EEG per publisher dataset/config,UNKNOWN,UNKNOWN,UNKNOWN,microvolts by MNE volts x 1e6 contract; historical generator revision UNKNOWN,64,publisher highpass/artifact/MWF/CAR/resample; not repeated here,/home/fanyu/auditory_simulation_m6a/pub_01/s06/sparrkulee_v3.1/raw/sub-074/ses-varyingStories09/eeg/sub-074_ses-varyingStories09_task-listeningActive_run-05_stimulation.tsv,True,RAW_DOWNLOAD_PENDING
/home/fanyu/auditory_simulation_m6a/pub_01/s06/sparrkulee_v3.1/raw/derivatives/preprocessed_eeg/sub-074/ses-varyingStories09/sub-074_ses-varyingStories09_task-listeningActive_run-06_desc-preproc-audio-audiobook_1_eeg.npy,sub-074_ses-varyingStories09_task-listeningActive_run-06_eeg.bdf.gz,/home/fanyu/auditory_simulation_m6a/pub_01/s06/sparrkulee_v3.1/raw/sub-074/ses-varyingStories09/eeg/sub-074_ses-varyingStories09_task-listeningActive_run-06_eeg.bdf.gz,PUBLIC,HOLD,False,0..63 in original order per publisher config,UNKNOWN,EEG per publisher dataset/config,UNKNOWN,UNKNOWN,UNKNOWN,microvolts by MNE volts x 1e6 contract; historical generator revision UNKNOWN,64,publisher highpass/artifact/MWF/CAR/resample; not repeated here,/home/fanyu/auditory_simulation_m6a/pub_01/s06/sparrkulee_v3.1/raw/sub-074/ses-varyingStories09/eeg/sub-074_ses-varyingStories09_task-listeningActive_run-06_stimulation.tsv,True,RAW_DOWNLOAD_PENDING
/home/fanyu/auditory_simulation_m6a/pub_01/s06/sparrkulee_v3.1/raw/derivatives/preprocessed_eeg/sub-074/ses-varyingStories09/sub-074_ses-varyingStories09_task-listeningActive_run-07_desc-preproc-audio-podcast_32_eeg.npy,sub-074_ses-varyingStories09_task-listeningActive_run-07_eeg.bdf.gz,/home/fanyu/auditory_simulation_m6a/pub_01/s06/sparrkulee_v3.1/raw/sub-074/ses-varyingStories09/eeg/sub-074_ses-varyingStories09_task-listeningActive_run-07_eeg.bdf.gz,PUBLIC,HOLD,False,0..63 in original order per publisher config,UNKNOWN,EEG per publisher dataset/config,UNKNOWN,UNKNOWN,UNKNOWN,microvolts by MNE volts x 1e6 contract; historical generator revision UNKNOWN,64,publisher highpass/artifact/MWF/CAR/resample; not repeated here,/home/fanyu/auditory_simulation_m6a/pub_01/s06/sparrkulee_v3.1/raw/sub-074/ses-varyingStories09/eeg/sub-074_ses-varyingStories09_task-listeningActive_run-07_stimulation.tsv,True,RAW_DOWNLOAD_PENDING
/home/fanyu/auditory_simulation_m6a/pub_01/s06/sparrkulee_v3.1/raw/derivatives/preprocessed_eeg/sub-074/ses-varyingStories09/sub-074_ses-varyingStories09_task-listeningActive_run-08_desc-preproc-audio-podcast_34_eeg.npy,sub-074_ses-varyingStories09_task-listeningActive_run-08_eeg.bdf.gz,/home/fanyu/auditory_simulation_m6a/pub_01/s06/sparrkulee_v3.1/raw/sub-074/ses-varyingStories09/eeg/sub-074_ses-varyingStories09_task-listeningActive_run-08_eeg.bdf.gz,PUBLIC,HOLD,False,0..63 in original order per publisher config,UNKNOWN,EEG per publisher dataset/config,UNKNOWN,UNKNOWN,UNKNOWN,microvolts by MNE volts x 1e6 contract; historical generator revision UNKNOWN,64,publisher highpass/artifact/MWF/CAR/resample; not repeated here,/home/fanyu/auditory_simulation_m6a/pub_01/s06/sparrkulee_v3.1/raw/sub-074/ses-varyingStories09/eeg/sub-074_ses-varyingStories09_task-listeningActive_run-08_stimulation.tsv,True,RAW_DOWNLOAD_PENDING
/home/fanyu/auditory_simulation_m6a/pub_01/s06/sparrkulee_v3.1/raw/derivatives/preprocessed_eeg/sub-075/ses-varyingStories09/sub-075_ses-varyingStories09_task-listeningActive_run-01_desc-preproc-audio-podcast_33_eeg.npy,sub-075_ses-varyingStories09_task-listeningActive_run-01_eeg.bdf.gz,/home/fanyu/auditory_simulation_m6a/pub_01/s06/sparrkulee_v3.1/raw/sub-075/ses-varyingStories09/eeg/sub-075_ses-varyingStories09_task-listeningActive_run-01_eeg.bdf.gz,PUBLIC,HOLD,False,0..63 in original order per publisher config,UNKNOWN,EEG per publisher dataset/config,UNKNOWN,UNKNOWN,UNKNOWN,microvolts by MNE volts x 1e6 contract; historical generator revision UNKNOWN,64,publisher highpass/artifact/MWF/CAR/resample; not repeated here,/home/fanyu/auditory_simulation_m6a/pub_01/s06/sparrkulee_v3.1/raw/sub-075/ses-varyingStories09/eeg/sub-075_ses-varyingStories09_task-listeningActive_run-01_stimulation.tsv,True,RAW_DOWNLOAD_PENDING
/home/fanyu/auditory_simulation_m6a/pub_01/s06/sparrkulee_v3.1/raw/derivatives/preprocessed_eeg/sub-075/ses-varyingStories09/sub-075_ses-varyingStories09_task-listeningActive_run-02_desc-preproc-audio-audiobook_14_1_eeg.npy,sub-075_ses-varyingStories09_task-listeningActive_run-02_eeg.bdf.gz,/home/fanyu/auditory_simulation_m6a/pub_01/s06/sparrkulee_v3.1/raw/sub-075/ses-varyingStories09/eeg/sub-075_ses-varyingStories09_task-listeningActive_run-02_eeg.bdf.gz,PUBLIC,HOLD,False,0..63 in original order per publisher config,UNKNOWN,EEG per publisher dataset/config,UNKNOWN,UNKNOWN,UNKNOWN,microvolts by MNE volts x 1e6 contract; historical generator revision UNKNOWN,64,publisher highpass/artifact/MWF/CAR/resample; not repeated here,/home/fanyu/auditory_simulation_m6a/pub_01/s06/sparrkulee_v3.1/raw/sub-075/ses-varyingStories09/eeg/sub-075_ses-varyingStories09_task-listeningActive_run-02_stimulation.tsv,True,RAW_DOWNLOAD_PENDING
/home/fanyu/auditory_simulation_m6a/pub_01/s06/sparrkulee_v3.1/raw/derivatives/preprocessed_eeg/sub-075/ses-varyingStories09/sub-075_ses-varyingStories09_task-listeningActive_run-03_desc-preproc-audio-audiobook_14_2_eeg.npy,sub-075_ses-varyingStories09_task-listeningActive_run-03_eeg.bdf.gz,/home/fanyu/auditory_simulation_m6a/pub_01/s06/sparrkulee_v3.1/raw/sub-075/ses-varyingStories09/eeg/sub-075_ses-varyingStories09_task-listeningActive_run-03_eeg.bdf.gz,PUBLIC,HOLD,False,0..63 in original order per publisher config,UNKNOWN,EEG per publisher dataset/config,UNKNOWN,UNKNOWN,UNKNOWN,microvolts by MNE volts x 1e6 contract; historical generator revision UNKNOWN,64,publisher highpass/artifact/MWF/CAR/resample; not repeated here,/home/fanyu/auditory_simulation_m6a/pub_01/s06/sparrkulee_v3.1/raw/sub-075/ses-varyingStories09/eeg/sub-075_ses-varyingStories09_task-listeningActive_run-03_stimulation.tsv,True,RAW_DOWNLOAD_PENDING
/home/fanyu/auditory_simulation_m6a/pub_01/s06/sparrkulee_v3.1/raw/derivatives/preprocessed_eeg/sub-075/ses-varyingStories09/sub-075_ses-varyingStories09_task-listeningActive_run-04_desc-preproc-audio-podcast_34_eeg.npy,sub-075_ses-varyingStories09_task-listeningActive_run-04_eeg.bdf.gz,/home/fanyu/auditory_simulation_m6a/pub_01/s06/sparrkulee_v3.1/raw/sub-075/ses-varyingStories09/eeg/sub-075_ses-varyingStories09_task-listeningActive_run-04_eeg.bdf.gz,PUBLIC,HOLD,False,0..63 in original order per publisher config,UNKNOWN,EEG per publisher dataset/config,UNKNOWN,UNKNOWN,UNKNOWN,microvolts by MNE volts x 1e6 contract; historical generator revision UNKNOWN,64,publisher highpass/artifact/MWF/CAR/resample; not repeated here,/home/fanyu/auditory_simulation_m6a/pub_01/s06/sparrkulee_v3.1/raw/sub-075/ses-varyingStories09/eeg/sub-075_ses-varyingStories09_task-listeningActive_run-04_stimulation.tsv,True,RAW_DOWNLOAD_PENDING
/home/fanyu/auditory_simulation_m6a/pub_01/s06/sparrkulee_v3.1/raw/derivatives/preprocessed_eeg/sub-075/ses-varyingStories09/sub-075_ses-varyingStories09_task-listeningActive_run-07_desc-preproc-audio-audiobook_1_eeg.npy,sub-075_ses-varyingStories09_task-listeningActive_run-07_eeg.bdf.gz,/home/fanyu/auditory_simulation_m6a/pub_01/s06/sparrkulee_v3.1/raw/sub-075/ses-varyingStories09/eeg/sub-075_ses-varyingStories09_task-listeningActive_run-07_eeg.bdf.gz,PUBLIC,HOLD,False,0..63 in original order per publisher config,UNKNOWN,EEG per publisher dataset/config,UNKNOWN,UNKNOWN,UNKNOWN,microvolts by MNE volts x 1e6 contract; historical generator revision UNKNOWN,64,publisher highpass/artifact/MWF/CAR/resample; not repeated here,/home/fanyu/auditory_simulation_m6a/pub_01/s06/sparrkulee_v3.1/raw/sub-075/ses-varyingStories09/eeg/sub-075_ses-varyingStories09_task-listeningActive_run-07_stimulation.tsv,True,RAW_DOWNLOAD_PENDING
/home/fanyu/auditory_simulation_m6a/pub_01/s06/sparrkulee_v3.1/raw/derivatives/preprocessed_eeg/sub-075/ses-varyingStories09/sub-075_ses-varyingStories09_task-listeningActive_run-08_desc-preproc-audio-podcast_32_eeg.npy,sub-075_ses-varyingStories09_task-listeningActive_run-08_eeg.bdf.gz,/home/fanyu/auditory_simulation_m6a/pub_01/s06/sparrkulee_v3.1/raw/sub-075/ses-varyingStories09/eeg/sub-075_ses-varyingStories09_task-listeningActive_run-08_eeg.bdf.gz,PUBLIC,HOLD,False,0..63 in original order per publisher config,UNKNOWN,EEG per publisher dataset/config,UNKNOWN,UNKNOWN,UNKNOWN,microvolts by MNE volts x 1e6 contract; historical generator revision UNKNOWN,64,publisher highpass/artifact/MWF/CAR/resample; not repeated here,/home/fanyu/auditory_simulation_m6a/pub_01/s06/sparrkulee_v3.1/raw/sub-075/ses-varyingStories09/eeg/sub-075_ses-varyingStories09_task-listeningActive_run-08_stimulation.tsv,True,RAW_DOWNLOAD_PENDING
/home/fanyu/auditory_simulation_m6a/pub_01/s06/sparrkulee_v3.1/raw/derivatives/preprocessed_eeg/sub-076/ses-varyingStories09/sub-076_ses-varyingStories09_task-listeningActive_run-01_desc-preproc-audio-audiobook_1_eeg.npy,sub-076_ses-varyingStories09_task-listeningActive_run-01_eeg.bdf.gz,/home/fanyu/auditory_simulation_m6a/pub_01/s06/sparrkulee_v3.1/raw/sub-076/ses-varyingStories09/eeg/sub-076_ses-varyingStories09_task-listeningActive_run-01_eeg.bdf.gz,PUBLIC,HOLD,False,0..63 in original order per publisher config,UNKNOWN,EEG per publisher dataset/config,UNKNOWN,UNKNOWN,UNKNOWN,microvolts by MNE volts x 1e6 contract; historical generator revision UNKNOWN,64,publisher highpass/artifact/MWF/CAR/resample; not repeated here,/home/fanyu/auditory_simulation_m6a/pub_01/s06/sparrkulee_v3.1/raw/sub-076/ses-varyingStories09/eeg/sub-076_ses-varyingStories09_task-listeningActive_run-01_stimulation.tsv,True,RAW_DOWNLOAD_PENDING
/home/fanyu/auditory_simulation_m6a/pub_01/s06/sparrkulee_v3.1/raw/derivatives/preprocessed_eeg/sub-076/ses-varyingStories09/sub-076_ses-varyingStories09_task-listeningActive_run-03_desc-preproc-audio-podcast_32_eeg.npy,sub-076_ses-varyingStories09_task-listeningActive_run-03_eeg.bdf.gz,/home/fanyu/auditory_simulation_m6a/pub_01/s06/sparrkulee_v3.1/raw/sub-076/ses-varyingStories09/eeg/sub-076_ses-varyingStories09_task-listeningActive_run-03_eeg.bdf.gz,PUBLIC,HOLD,False,0..63 in original order per publisher config,UNKNOWN,EEG per publisher dataset/config,UNKNOWN,UNKNOWN,UNKNOWN,microvolts by MNE volts x 1e6 contract; historical generator revision UNKNOWN,64,publisher highpass/artifact/MWF/CAR/resample; not repeated here,/home/fanyu/auditory_simulation_m6a/pub_01/s06/sparrkulee_v3.1/raw/sub-076/ses-varyingStories09/eeg/sub-076_ses-varyingStories09_task-listeningActive_run-03_stimulation.tsv,True,RAW_DOWNLOAD_PENDING
/home/fanyu/auditory_simulation_m6a/pub_01/s06/sparrkulee_v3.1/raw/derivatives/preprocessed_eeg/sub-076/ses-varyingStories09/sub-076_ses-varyingStories09_task-listeningActive_run-04_desc-preproc-audio-podcast_33_eeg.npy,sub-076_ses-varyingStories09_task-listeningActive_run-04_eeg.bdf.gz,/home/fanyu/auditory_simulation_m6a/pub_01/s06/sparrkulee_v3.1/raw/sub-076/ses-varyingStories09/eeg/sub-076_ses-varyingStories09_task-listeningActive_run-04_eeg.bdf.gz,PUBLIC,HOLD,False,0..63 in original order per publisher config,UNKNOWN,EEG per publisher dataset/config,UNKNOWN,UNKNOWN,UNKNOWN,microvolts by MNE volts x 1e6 contract; historical generator revision UNKNOWN,64,publisher highpass/artifact/MWF/CAR/resample; not repeated here,/home/fanyu/auditory_simulation_m6a/pub_01/s06/sparrkulee_v3.1/raw/sub-076/ses-varyingStories09/eeg/sub-076_ses-varyingStories09_task-listeningActive_run-04_stimulation.tsv,True,RAW_DOWNLOAD_PENDING
/home/fanyu/auditory_simulation_m6a/pub_01/s06/sparrkulee_v3.1/raw/derivatives/preprocessed_eeg/sub-076/ses-varyingStories09/sub-076_ses-varyingStories09_task-listeningActive_run-05_desc-preproc-audio-audiobook_14_1_eeg.npy,sub-076_ses-varyingStories09_task-listeningActive_run-05_eeg.bdf.gz,/home/fanyu/auditory_simulation_m6a/pub_01/s06/sparrkulee_v3.1/raw/sub-076/ses-varyingStories09/eeg/sub-076_ses-varyingStories09_task-listeningActive_run-05_eeg.bdf.gz,PUBLIC,HOLD,False,0..63 in original order per publisher config,UNKNOWN,EEG per publisher dataset/config,UNKNOWN,UNKNOWN,UNKNOWN,microvolts by MNE volts x 1e6 contract; historical generator revision UNKNOWN,64,publisher highpass/artifact/MWF/CAR/resample; not repeated here,/home/fanyu/auditory_simulation_m6a/pub_01/s06/sparrkulee_v3.1/raw/sub-076/ses-varyingStories09/eeg/sub-076_ses-varyingStories09_task-listeningActive_run-05_stimulation.tsv,True,RAW_DOWNLOAD_PENDING
/home/fanyu/auditory_simulation_m6a/pub_01/s06/sparrkulee_v3.1/raw/derivatives/preprocessed_eeg/sub-076/ses-varyingStories09/sub-076_ses-varyingStories09_task-listeningActive_run-06_desc-preproc-audio-audiobook_14_2_eeg.npy,sub-076_ses-varyingStories09_task-listeningActive_run-06_eeg.bdf.gz,/home/fanyu/auditory_simulation_m6a/pub_01/s06/sparrkulee_v3.1/raw/sub-076/ses-varyingStories09/eeg/sub-076_ses-varyingStories09_task-listeningActive_run-06_eeg.bdf.gz,PUBLIC,HOLD,False,0..63 in original order per publisher config,UNKNOWN,EEG per publisher dataset/config,UNKNOWN,UNKNOWN,UNKNOWN,microvolts by MNE volts x 1e6 contract; historical generator revision UNKNOWN,64,publisher highpass/artifact/MWF/CAR/resample; not repeated here,/home/fanyu/auditory_simulation_m6a/pub_01/s06/sparrkulee_v3.1/raw/sub-076/ses-varyingStories09/eeg/sub-076_ses-varyingStories09_task-listeningActive_run-06_stimulation.tsv,True,RAW_DOWNLOAD_PENDING
/home/fanyu/auditory_simulation_m6a/pub_01/s06/sparrkulee_v3.1/raw/derivatives/preprocessed_eeg/sub-076/ses-varyingStories09/sub-076_ses-varyingStories09_task-listeningActive_run-08_desc-preproc-audio-podcast_34_eeg.npy,sub-076_ses-varyingStories09_task-listeningActive_run-08_eeg.bdf.gz,/home/fanyu/auditory_simulation_m6a/pub_01/s06/sparrkulee_v3.1/raw/sub-076/ses-varyingStories09/eeg/sub-076_ses-varyingStories09_task-listeningActive_run-08_eeg.bdf.gz,PUBLIC,HOLD,False,0..63 in original order per publisher config,UNKNOWN,EEG per publisher dataset/config,UNKNOWN,UNKNOWN,UNKNOWN,microvolts by MNE volts x 1e6 contract; historical generator revision UNKNOWN,64,publisher highpass/artifact/MWF/CAR/resample; not repeated here,/home/fanyu/auditory_simulation_m6a/pub_01/s06/sparrkulee_v3.1/raw/sub-076/ses-varyingStories09/eeg/sub-076_ses-varyingStories09_task-listeningActive_run-08_stimulation.tsv,True,RAW_DOWNLOAD_PENDING
/home/fanyu/auditory_simulation_m6a/pub_01/s06/sparrkulee_v3.1/raw/derivatives/preprocessed_eeg/sub-077/ses-varyingStories09/sub-077_ses-varyingStories09_task-listeningActive_run-04_desc-preproc-audio-audiobook_14_1_eeg.npy,sub-077_ses-varyingStories09_task-listeningActive_run-04_eeg.bdf.gz,/home/fanyu/auditory_simulation_m6a/pub_01/s06/sparrkulee_v3.1/raw/sub-077/ses-varyingStories09/eeg/sub-077_ses-varyingStories09_task-listeningActive_run-04_eeg.bdf.gz,PUBLIC,HOLD,False,0..63 in original order per publisher config,UNKNOWN,EEG per publisher dataset/config,UNKNOWN,UNKNOWN,UNKNOWN,microvolts by MNE volts x 1e6 contract; historical generator revision UNKNOWN,64,publisher highpass/artifact/MWF/CAR/resample; not repeated here,/home/fanyu/auditory_simulation_m6a/pub_01/s06/sparrkulee_v3.1/raw/sub-077/ses-varyingStories09/eeg/sub-077_ses-varyingStories09_task-listeningActive_run-04_stimulation.tsv,True,RAW_DOWNLOAD_PENDING
/home/fanyu/auditory_simulation_m6a/pub_01/s06/sparrkulee_v3.1/raw/derivatives/preprocessed_eeg/sub-077/ses-varyingStories09/sub-077_ses-varyingStories09_task-listeningActive_run-05_desc-preproc-audio-audiobook_14_2_eeg.npy,sub-077_ses-varyingStories09_task-listeningActive_run-05_eeg.bdf.gz,/home/fanyu/auditory_simulation_m6a/pub_01/s06/sparrkulee_v3.1/raw/sub-077/ses-varyingStories09/eeg/sub-077_ses-varyingStories09_task-listeningActive_run-05_eeg.bdf.gz,PUBLIC,HOLD,False,0..63 in original order per publisher config,UNKNOWN,EEG per publisher dataset/config,UNKNOWN,UNKNOWN,UNKNOWN,microvolts by MNE volts x 1e6 contract; historical generator revision UNKNOWN,64,publisher highpass/artifact/MWF/CAR/resample; not repeated here,/home/fanyu/auditory_simulation_m6a/pub_01/s06/sparrkulee_v3.1/raw/sub-077/ses-varyingStories09/eeg/sub-077_ses-varyingStories09_task-listeningActive_run-05_stimulation.tsv,True,RAW_DOWNLOAD_PENDING
/home/fanyu/auditory_simulation_m6a/pub_01/s06/sparrkulee_v3.1/raw/derivatives/preprocessed_eeg/sub-077/ses-varyingStories09/sub-077_ses-varyingStories09_task-listeningActive_run-06_desc-preproc-audio-podcast_34_eeg.npy,sub-077_ses-varyingStories09_task-listeningActive_run-06_eeg.bdf.gz,/home/fanyu/auditory_simulation_m6a/pub_01/s06/sparrkulee_v3.1/raw/sub-077/ses-varyingStories09/eeg/sub-077_ses-varyingStories09_task-listeningActive_run-06_eeg.bdf.gz,PUBLIC,HOLD,False,0..63 in original order per publisher config,UNKNOWN,EEG per publisher dataset/config,UNKNOWN,UNKNOWN,UNKNOWN,microvolts by MNE volts x 1e6 contract; historical generator revision UNKNOWN,64,publisher highpass/artifact/MWF/CAR/resample; not repeated here,/home/fanyu/auditory_simulation_m6a/pub_01/s06/sparrkulee_v3.1/raw/sub-077/ses-varyingStories09/eeg/sub-077_ses-varyingStories09_task-listeningActive_run-06_stimulation.tsv,True,RAW_DOWNLOAD_PENDING
/home/fanyu/auditory_simulation_m6a/pub_01/s06/sparrkulee_v3.1/raw/derivatives/preprocessed_eeg/sub-078/ses-varyingStories09/sub-078_ses-varyingStories09_task-listeningActive_run-01_desc-preproc-audio-audiobook_1_eeg.npy,sub-078_ses-varyingStories09_task-listeningActive_run-01_eeg.bdf.gz,/home/fanyu/auditory_simulation_m6a/pub_01/s06/sparrkulee_v3.1/raw/sub-078/ses-varyingStories09/eeg/sub-078_ses-varyingStories09_task-listeningActive_run-01_eeg.bdf.gz,PUBLIC,HOLD,False,0..63 in original order per publisher config,UNKNOWN,EEG per publisher dataset/config,UNKNOWN,UNKNOWN,UNKNOWN,microvolts by MNE volts x 1e6 contract; historical generator revision UNKNOWN,64,publisher highpass/artifact/MWF/CAR/resample; not repeated here,/home/fanyu/auditory_simulation_m6a/pub_01/s06/sparrkulee_v3.1/raw/sub-078/ses-varyingStories09/eeg/sub-078_ses-varyingStories09_task-listeningActive_run-01_stimulation.tsv,True,RAW_DOWNLOAD_PENDING
/home/fanyu/auditory_simulation_m6a/pub_01/s06/sparrkulee_v3.1/raw/derivatives/preprocessed_eeg/sub-078/ses-varyingStories09/sub-078_ses-varyingStories09_task-listeningActive_run-03_desc-preproc-audio-audiobook_14_1_eeg.npy,sub-078_ses-varyingStories09_task-listeningActive_run-03_eeg.bdf.gz,/home/fanyu/auditory_simulation_m6a/pub_01/s06/sparrkulee_v3.1/raw/sub-078/ses-varyingStories09/eeg/sub-078_ses-varyingStories09_task-listeningActive_run-03_eeg.bdf.gz,PUBLIC,HOLD,False,0..63 in original order per publisher config,UNKNOWN,EEG per publisher dataset/config,UNKNOWN,UNKNOWN,UNKNOWN,microvolts by MNE volts x 1e6 contract; historical generator revision UNKNOWN,64,publisher highpass/artifact/MWF/CAR/resample; not repeated here,/home/fanyu/auditory_simulation_m6a/pub_01/s06/sparrkulee_v3.1/raw/sub-078/ses-varyingStories09/eeg/sub-078_ses-varyingStories09_task-listeningActive_run-03_stimulation.tsv,True,RAW_DOWNLOAD_PENDING
/home/fanyu/auditory_simulation_m6a/pub_01/s06/sparrkulee_v3.1/raw/derivatives/preprocessed_eeg/sub-078/ses-varyingStories09/sub-078_ses-varyingStories09_task-listeningActive_run-04_desc-preproc-audio-audiobook_14_2_eeg.npy,sub-078_ses-varyingStories09_task-listeningActive_run-04_eeg.bdf.gz,/home/fanyu/auditory_simulation_m6a/pub_01/s06/sparrkulee_v3.1/raw/sub-078/ses-varyingStories09/eeg/sub-078_ses-varyingStories09_task-listeningActive_run-04_eeg.bdf.gz,PUBLIC,HOLD,False,0..63 in original order per publisher config,UNKNOWN,EEG per publisher dataset/config,UNKNOWN,UNKNOWN,UNKNOWN,microvolts by MNE volts x 1e6 contract; historical generator revision UNKNOWN,64,publisher highpass/artifact/MWF/CAR/resample; not repeated here,/home/fanyu/auditory_simulation_m6a/pub_01/s06/sparrkulee_v3.1/raw/sub-078/ses-varyingStories09/eeg/sub-078_ses-varyingStories09_task-listeningActive_run-04_stimulation.tsv,True,RAW_DOWNLOAD_PENDING
/home/fanyu/auditory_simulation_m6a/pub_01/s06/sparrkulee_v3.1/raw/derivatives/preprocessed_eeg/sub-078/ses-varyingStories09/sub-078_ses-varyingStories09_task-listeningActive_run-05_desc-preproc-audio-podcast_32_eeg.npy,sub-078_ses-varyingStories09_task-listeningActive_run-05_eeg.bdf.gz,/home/fanyu/auditory_simulation_m6a/pub_01/s06/sparrkulee_v3.1/raw/sub-078/ses-varyingStories09/eeg/sub-078_ses-varyingStories09_task-listeningActive_run-05_eeg.bdf.gz,PUBLIC,HOLD,False,0..63 in original order per publisher config,UNKNOWN,EEG per publisher dataset/config,UNKNOWN,UNKNOWN,UNKNOWN,microvolts by MNE volts x 1e6 contract; historical generator revision UNKNOWN,64,publisher highpass/artifact/MWF/CAR/resample; not repeated here,/home/fanyu/auditory_simulation_m6a/pub_01/s06/sparrkulee_v3.1/raw/sub-078/ses-varyingStories09/eeg/sub-078_ses-varyingStories09_task-listeningActive_run-05_stimulation.tsv,True,RAW_DOWNLOAD_PENDING
/home/fanyu/auditory_simulation_m6a/pub_01/s06/sparrkulee_v3.1/raw/derivatives/preprocessed_eeg/sub-078/ses-varyingStories09/sub-078_ses-varyingStories09_task-listeningActive_run-06_desc-preproc-audio-podcast_34_eeg.npy,sub-078_ses-varyingStories09_task-listeningActive_run-06_eeg.bdf.gz,/home/fanyu/auditory_simulation_m6a/pub_01/s06/sparrkulee_v3.1/raw/sub-078/ses-varyingStories09/eeg/sub-078_ses-varyingStories09_task-listeningActive_run-06_eeg.bdf.gz,PUBLIC,HOLD,False,0..63 in original order per publisher config,UNKNOWN,EEG per publisher dataset/config,UNKNOWN,UNKNOWN,UNKNOWN,microvolts by MNE volts x 1e6 contract; historical generator revision UNKNOWN,64,publisher highpass/artifact/MWF/CAR/resample; not repeated here,/home/fanyu/auditory_simulation_m6a/pub_01/s06/sparrkulee_v3.1/raw/sub-078/ses-varyingStories09/eeg/sub-078_ses-varyingStories09_task-listeningActive_run-06_stimulation.tsv,True,RAW_DOWNLOAD_PENDING
/home/fanyu/auditory_simulation_m6a/pub_01/s06/sparrkulee_v3.1/raw/derivatives/preprocessed_eeg/sub-078/ses-varyingStories09/sub-078_ses-varyingStories09_task-listeningActive_run-08_desc-preproc-audio-podcast_33_eeg.npy,sub-078_ses-varyingStories09_task-listeningActive_run-08_eeg.bdf.gz,/home/fanyu/auditory_simulation_m6a/pub_01/s06/sparrkulee_v3.1/raw/sub-078/ses-varyingStories09/eeg/sub-078_ses-varyingStories09_task-listeningActive_run-08_eeg.bdf.gz,PUBLIC,HOLD,False,0..63 in original order per publisher config,UNKNOWN,EEG per publisher dataset/config,UNKNOWN,UNKNOWN,UNKNOWN,microvolts by MNE volts x 1e6 contract; historical generator revision UNKNOWN,64,publisher highpass/artifact/MWF/CAR/resample; not repeated here,/home/fanyu/auditory_simulation_m6a/pub_01/s06/sparrkulee_v3.1/raw/sub-078/ses-varyingStories09/eeg/sub-078_ses-varyingStories09_task-listeningActive_run-08_stimulation.tsv,True,RAW_DOWNLOAD_PENDING
/home/fanyu/auditory_simulation_m6a/pub_01/s06/sparrkulee_v3.1/raw/derivatives/preprocessed_eeg/sub-079/ses-varyingStories10/sub-079_ses-varyingStories10_task-listeningActive_run-01_desc-preproc-audio-audiobook_14_1_eeg.npy,sub-079_ses-varyingStories10_task-listeningActive_run-01_eeg.bdf.gz,/home/fanyu/auditory_simulation_m6a/pub_01/s06/sparrkulee_v3.1/raw/sub-079/ses-varyingStories10/eeg/sub-079_ses-varyingStories10_task-listeningActive_run-01_eeg.bdf.gz,PUBLIC,HOLD,False,0..63 in original order per publisher config,UNKNOWN,EEG per publisher dataset/config,UNKNOWN,UNKNOWN,UNKNOWN,microvolts by MNE volts x 1e6 contract; historical generator revision UNKNOWN,64,publisher highpass/artifact/MWF/CAR/resample; not repeated here,/home/fanyu/auditory_simulation_m6a/pub_01/s06/sparrkulee_v3.1/raw/sub-079/ses-varyingStories10/eeg/sub-079_ses-varyingStories10_task-listeningActive_run-01_stimulation.tsv,True,RAW_DOWNLOAD_PENDING
/home/fanyu/auditory_simulation_m6a/pub_01/s06/sparrkulee_v3.1/raw/derivatives/preprocessed_eeg/sub-079/ses-varyingStories10/sub-079_ses-varyingStories10_task-listeningActive_run-02_desc-preproc-audio-audiobook_14_2_eeg.npy,sub-079_ses-varyingStories10_task-listeningActive_run-02_eeg.bdf.gz,/home/fanyu/auditory_simulation_m6a/pub_01/s06/sparrkulee_v3.1/raw/sub-079/ses-varyingStories10/eeg/sub-079_ses-varyingStories10_task-listeningActive_run-02_eeg.bdf.gz,PUBLIC,HOLD,False,0..63 in original order per publisher config,UNKNOWN,EEG per publisher dataset/config,UNKNOWN,UNKNOWN,UNKNOWN,microvolts by MNE volts x 1e6 contract; historical generator revision UNKNOWN,64,publisher highpass/artifact/MWF/CAR/resample; not repeated here,/home/fanyu/auditory_simulation_m6a/pub_01/s06/sparrkulee_v3.1/raw/sub-079/ses-varyingStories10/eeg/sub-079_ses-varyingStories10_task-listeningActive_run-02_stimulation.tsv,True,RAW_DOWNLOAD_PENDING
/home/fanyu/auditory_simulation_m6a/pub_01/s06/sparrkulee_v3.1/raw/derivatives/preprocessed_eeg/sub-079/ses-varyingStories10/sub-079_ses-varyingStories10_task-listeningActive_run-03_desc-preproc-audio-podcast_36_eeg.npy,sub-079_ses-varyingStories10_task-listeningActive_run-03_eeg.bdf.gz,/home/fanyu/auditory_simulation_m6a/pub_01/s06/sparrkulee_v3.1/raw/sub-079/ses-varyingStories10/eeg/sub-079_ses-varyingStories10_task-listeningActive_run-03_eeg.bdf.gz,PUBLIC,HOLD,False,0..63 in original order per publisher config,UNKNOWN,EEG per publisher dataset/config,UNKNOWN,UNKNOWN,UNKNOWN,microvolts by MNE volts x 1e6 contract; historical generator revision UNKNOWN,64,publisher highpass/artifact/MWF/CAR/resample; not repeated here,/home/fanyu/auditory_simulation_m6a/pub_01/s06/sparrkulee_v3.1/raw/sub-079/ses-varyingStories10/eeg/sub-079_ses-varyingStories10_task-listeningActive_run-03_stimulation.tsv,True,RAW_DOWNLOAD_PENDING
/home/fanyu/auditory_simulation_m6a/pub_01/s06/sparrkulee_v3.1/raw/derivatives/preprocessed_eeg/sub-079/ses-varyingStories10/sub-079_ses-varyingStories10_task-listeningActive_run-05_desc-preproc-audio-audiobook_1_eeg.npy,sub-079_ses-varyingStories10_task-listeningActive_run-05_eeg.bdf.gz,/home/fanyu/auditory_simulation_m6a/pub_01/s06/sparrkulee_v3.1/raw/sub-079/ses-varyingStories10/eeg/sub-079_ses-varyingStories10_task-listeningActive_run-05_eeg.bdf.gz,PUBLIC,HOLD,False,0..63 in original order per publisher config,UNKNOWN,EEG per publisher dataset/config,UNKNOWN,UNKNOWN,UNKNOWN,microvolts by MNE volts x 1e6 contract; historical generator revision UNKNOWN,64,publisher highpass/artifact/MWF/CAR/resample; not repeated here,/home/fanyu/auditory_simulation_m6a/pub_01/s06/sparrkulee_v3.1/raw/sub-079/ses-varyingStories10/eeg/sub-079_ses-varyingStories10_task-listeningActive_run-05_stimulation.tsv,True,RAW_DOWNLOAD_PENDING
/home/fanyu/auditory_simulation_m6a/pub_01/s06/sparrkulee_v3.1/raw/derivatives/preprocessed_eeg/sub-079/ses-varyingStories10/sub-079_ses-varyingStories10_task-listeningActive_run-07_desc-preproc-audio-podcast_37_eeg.npy,sub-079_ses-varyingStories10_task-listeningActive_run-07_eeg.bdf.gz,/home/fanyu/auditory_simulation_m6a/pub_01/s06/sparrkulee_v3.1/raw/sub-079/ses-varyingStories10/eeg/sub-079_ses-varyingStories10_task-listeningActive_run-07_eeg.bdf.gz,PUBLIC,HOLD,False,0..63 in original order per publisher config,UNKNOWN,EEG per publisher dataset/config,UNKNOWN,UNKNOWN,UNKNOWN,microvolts by MNE volts x 1e6 contract; historical generator revision UNKNOWN,64,publisher highpass/artifact/MWF/CAR/resample; not repeated here,/home/fanyu/auditory_simulation_m6a/pub_01/s06/sparrkulee_v3.1/raw/sub-079/ses-varyingStories10/eeg/sub-079_ses-varyingStories10_task-listeningActive_run-07_stimulation.tsv,True,RAW_DOWNLOAD_PENDING
/home/fanyu/auditory_simulation_m6a/pub_01/s06/sparrkulee_v3.1/raw/derivatives/preprocessed_eeg/sub-079/ses-varyingStories10/sub-079_ses-varyingStories10_task-listeningActive_run-08_desc-preproc-audio-podcast_35_eeg.npy,sub-079_ses-varyingStories10_task-listeningActive_run-08_eeg.bdf.gz,/home/fanyu/auditory_simulation_m6a/pub_01/s06/sparrkulee_v3.1/raw/sub-079/ses-varyingStories10/eeg/sub-079_ses-varyingStories10_task-listeningActive_run-08_eeg.bdf.gz,PUBLIC,HOLD,False,0..63 in original order per publisher config,UNKNOWN,EEG per publisher dataset/config,UNKNOWN,UNKNOWN,UNKNOWN,microvolts by MNE volts x 1e6 contract; historical generator revision UNKNOWN,64,publisher highpass/artifact/MWF/CAR/resample; not repeated here,/home/fanyu/auditory_simulation_m6a/pub_01/s06/sparrkulee_v3.1/raw/sub-079/ses-varyingStories10/eeg/sub-079_ses-varyingStories10_task-listeningActive_run-08_stimulation.tsv,True,RAW_DOWNLOAD_PENDING
/home/fanyu/auditory_simulation_m6a/pub_01/s06/sparrkulee_v3.1/raw/derivatives/preprocessed_eeg/sub-080/ses-varyingStories10/sub-080_ses-varyingStories10_task-listeningActive_run-02_desc-preproc-audio-audiobook_14_1_eeg.npy,sub-080_ses-varyingStories10_task-listeningActive_run-02_eeg.bdf.gz,/home/fanyu/auditory_simulation_m6a/pub_01/s06/sparrkulee_v3.1/raw/sub-080/ses-varyingStories10/eeg/sub-080_ses-varyingStories10_task-listeningActive_run-02_eeg.bdf.gz,PUBLIC,HOLD,False,0..63 in original order per publisher config,UNKNOWN,EEG per publisher dataset/config,UNKNOWN,UNKNOWN,UNKNOWN,microvolts by MNE volts x 1e6 contract; historical generator revision UNKNOWN,64,publisher highpass/artifact/MWF/CAR/resample; not repeated here,/home/fanyu/auditory_simulation_m6a/pub_01/s06/sparrkulee_v3.1/raw/sub-080/ses-varyingStories10/eeg/sub-080_ses-varyingStories10_task-listeningActive_run-02_stimulation.tsv,True,RAW_DOWNLOAD_PENDING
/home/fanyu/auditory_simulation_m6a/pub_01/s06/sparrkulee_v3.1/raw/derivatives/preprocessed_eeg/sub-080/ses-varyingStories10/sub-080_ses-varyingStories10_task-listeningActive_run-03_desc-preproc-audio-audiobook_14_2_eeg.npy,sub-080_ses-varyingStories10_task-listeningActive_run-03_eeg.bdf.gz,/home/fanyu/auditory_simulation_m6a/pub_01/s06/sparrkulee_v3.1/raw/sub-080/ses-varyingStories10/eeg/sub-080_ses-varyingStories10_task-listeningActive_run-03_eeg.bdf.gz,PUBLIC,HOLD,False,0..63 in original order per publisher config,UNKNOWN,EEG per publisher dataset/config,UNKNOWN,UNKNOWN,UNKNOWN,microvolts by MNE volts x 1e6 contract; historical generator revision UNKNOWN,64,publisher highpass/artifact/MWF/CAR/resample; not repeated here,/home/fanyu/auditory_simulation_m6a/pub_01/s06/sparrkulee_v3.1/raw/sub-080/ses-varyingStories10/eeg/sub-080_ses-varyingStories10_task-listeningActive_run-03_stimulation.tsv,True,RAW_DOWNLOAD_PENDING
/home/fanyu/auditory_simulation_m6a/pub_01/s06/sparrkulee_v3.1/raw/derivatives/preprocessed_eeg/sub-080/ses-varyingStories10/sub-080_ses-varyingStories10_task-listeningActive_run-05_desc-preproc-audio-podcast_36_eeg.npy,sub-080_ses-varyingStories10_task-listeningActive_run-05_eeg.bdf.gz,/home/fanyu/auditory_simulation_m6a/pub_01/s06/sparrkulee_v3.1/raw/sub-080/ses-varyingStories10/eeg/sub-080_ses-varyingStories10_task-listeningActive_run-05_eeg.bdf.gz,PUBLIC,HOLD,False,0..63 in original order per publisher config,UNKNOWN,EEG per publisher dataset/config,UNKNOWN,UNKNOWN,UNKNOWN,microvolts by MNE volts x 1e6 contract; historical generator revision UNKNOWN,64,publisher highpass/artifact/MWF/CAR/resample; not repeated here,/home/fanyu/auditory_simulation_m6a/pub_01/s06/sparrkulee_v3.1/raw/sub-080/ses-varyingStories10/eeg/sub-080_ses-varyingStories10_task-listeningActive_run-05_stimulation.tsv,True,RAW_DOWNLOAD_PENDING
/home/fanyu/auditory_simulation_m6a/pub_01/s06/sparrkulee_v3.1/raw/derivatives/preprocessed_eeg/sub-080/ses-varyingStories10/sub-080_ses-varyingStories10_task-listeningActive_run-06_desc-preproc-audio-audiobook_1_eeg.npy,sub-080_ses-varyingStories10_task-listeningActive_run-06_eeg.bdf.gz,/home/fanyu/auditory_simulation_m6a/pub_01/s06/sparrkulee_v3.1/raw/sub-080/ses-varyingStories10/eeg/sub-080_ses-varyingStories10_task-listeningActive_run-06_eeg.bdf.gz,PUBLIC,HOLD,False,0..63 in original order per publisher config,UNKNOWN,EEG per publisher dataset/config,UNKNOWN,UNKNOWN,UNKNOWN,microvolts by MNE volts x 1e6 contract; historical generator revision UNKNOWN,64,publisher highpass/artifact/MWF/CAR/resample; not repeated here,/home/fanyu/auditory_simulation_m6a/pub_01/s06/sparrkulee_v3.1/raw/sub-080/ses-varyingStories10/eeg/sub-080_ses-varyingStories10_task-listeningActive_run-06_stimulation.tsv,True,RAW_DOWNLOAD_PENDING
/home/fanyu/auditory_simulation_m6a/pub_01/s06/sparrkulee_v3.1/raw/derivatives/preprocessed_eeg/sub-080/ses-varyingStories10/sub-080_ses-varyingStories10_task-listeningActive_run-07_desc-preproc-audio-podcast_37_eeg.npy,sub-080_ses-varyingStories10_task-listeningActive_run-07_eeg.bdf.gz,/home/fanyu/auditory_simulation_m6a/pub_01/s06/sparrkulee_v3.1/raw/sub-080/ses-varyingStories10/eeg/sub-080_ses-varyingStories10_task-listeningActive_run-07_eeg.bdf.gz,PUBLIC,HOLD,False,0..63 in original order per publisher config,UNKNOWN,EEG per publisher dataset/config,UNKNOWN,UNKNOWN,UNKNOWN,microvolts by MNE volts x 1e6 contract; historical generator revision UNKNOWN,64,publisher highpass/artifact/MWF/CAR/resample; not repeated here,/home/fanyu/auditory_simulation_m6a/pub_01/s06/sparrkulee_v3.1/raw/sub-080/ses-varyingStories10/eeg/sub-080_ses-varyingStories10_task-listeningActive_run-07_stimulation.tsv,True,RAW_DOWNLOAD_PENDING
/home/fanyu/auditory_simulation_m6a/pub_01/s06/sparrkulee_v3.1/raw/derivatives/preprocessed_eeg/sub-080/ses-varyingStories10/sub-080_ses-varyingStories10_task-listeningActive_run-08_desc-preproc-audio-podcast_35_eeg.npy,sub-080_ses-varyingStories10_task-listeningActive_run-08_eeg.bdf.gz,/home/fanyu/auditory_simulation_m6a/pub_01/s06/sparrkulee_v3.1/raw/sub-080/ses-varyingStories10/eeg/sub-080_ses-varyingStories10_task-listeningActive_run-08_eeg.bdf.gz,PUBLIC,HOLD,False,0..63 in original order per publisher config,UNKNOWN,EEG per publisher dataset/config,UNKNOWN,UNKNOWN,UNKNOWN,microvolts by MNE volts x 1e6 contract; historical generator revision UNKNOWN,64,publisher highpass/artifact/MWF/CAR/resample; not repeated here,/home/fanyu/auditory_simulation_m6a/pub_01/s06/sparrkulee_v3.1/raw/sub-080/ses-varyingStories10/eeg/sub-080_ses-varyingStories10_task-listeningActive_run-08_stimulation.tsv,True,RAW_DOWNLOAD_PENDING
/home/fanyu/auditory_simulation_m6a/pub_01/s06/sparrkulee_v3.1/raw/derivatives/preprocessed_eeg/sub-081/ses-varyingStories10/sub-081_ses-varyingStories10_task-listeningActive_run-01_desc-preproc-audio-podcast_37_eeg.npy,sub-081_ses-varyingStories10_task-listeningActive_run-01_eeg.bdf.gz,/home/fanyu/auditory_simulation_m6a/pub_01/s06/sparrkulee_v3.1/raw/sub-081/ses-varyingStories10/eeg/sub-081_ses-varyingStories10_task-listeningActive_run-01_eeg.bdf.gz,PUBLIC,HOLD,False,0..63 in original order per publisher config,UNKNOWN,EEG per publisher dataset/config,UNKNOWN,UNKNOWN,UNKNOWN,microvolts by MNE volts x 1e6 contract; historical generator revision UNKNOWN,64,publisher highpass/artifact/MWF/CAR/resample; not repeated here,/home/fanyu/auditory_simulation_m6a/pub_01/s06/sparrkulee_v3.1/raw/sub-081/ses-varyingStories10/eeg/sub-081_ses-varyingStories10_task-listeningActive_run-01_stimulation.tsv,True,RAW_DOWNLOAD_PENDING
/home/fanyu/auditory_simulation_m6a/pub_01/s06/sparrkulee_v3.1/raw/derivatives/preprocessed_eeg/sub-081/ses-varyingStories10/sub-081_ses-varyingStories10_task-listeningActive_run-07_desc-preproc-audio-podcast_36_eeg.npy,sub-081_ses-varyingStories10_task-listeningActive_run-07_eeg.bdf.gz,/home/fanyu/auditory_simulation_m6a/pub_01/s06/sparrkulee_v3.1/raw/sub-081/ses-varyingStories10/eeg/sub-081_ses-varyingStories10_task-listeningActive_run-07_eeg.bdf.gz,PUBLIC,HOLD,False,0..63 in original order per publisher config,UNKNOWN,EEG per publisher dataset/config,UNKNOWN,UNKNOWN,UNKNOWN,microvolts by MNE volts x 1e6 contract; historical generator revision UNKNOWN,64,publisher highpass/artifact/MWF/CAR/resample; not repeated here,/home/fanyu/auditory_simulation_m6a/pub_01/s06/sparrkulee_v3.1/raw/sub-081/ses-varyingStories10/eeg/sub-081_ses-varyingStories10_task-listeningActive_run-07_stimulation.tsv,True,RAW_DOWNLOAD_PENDING
/home/fanyu/auditory_simulation_m6a/pub_01/s06/sparrkulee_v3.1/raw/derivatives/preprocessed_eeg/sub-081/ses-varyingStories10/sub-081_ses-varyingStories10_task-listeningActive_run-08_desc-preproc-audio-audiobook_1_eeg.npy,sub-081_ses-varyingStories10_task-listeningActive_run-08_eeg.bdf.gz,/home/fanyu/auditory_simulation_m6a/pub_01/s06/sparrkulee_v3.1/raw/sub-081/ses-varyingStories10/eeg/sub-081_ses-varyingStories10_task-listeningActive_run-08_eeg.bdf.gz,PUBLIC,HOLD,False,0..63 in original order per publisher config,UNKNOWN,EEG per publisher dataset/config,UNKNOWN,UNKNOWN,UNKNOWN,microvolts by MNE volts x 1e6 contract; historical generator revision UNKNOWN,64,publisher highpass/artifact/MWF/CAR/resample; not repeated here,/home/fanyu/auditory_simulation_m6a/pub_01/s06/sparrkulee_v3.1/raw/sub-081/ses-varyingStories10/eeg/sub-081_ses-varyingStories10_task-listeningActive_run-08_stimulation.tsv,True,RAW_DOWNLOAD_PENDING
/home/fanyu/auditory_simulation_m6a/pub_01/s06/sparrkulee_v3.1/raw/derivatives/preprocessed_eeg/sub-082/ses-varyingStories10/sub-082_ses-varyingStories10_task-listeningActive_run-01_desc-preproc-audio-audiobook_14_1_eeg.npy,sub-082_ses-varyingStories10_task-listeningActive_run-01_eeg.bdf.gz,/home/fanyu/auditory_simulation_m6a/pub_01/s06/sparrkulee_v3.1/raw/sub-082/ses-varyingStories10/eeg/sub-082_ses-varyingStories10_task-listeningActive_run-01_eeg.bdf.gz,PUBLIC,HOLD,False,0..63 in original order per publisher config,UNKNOWN,EEG per publisher dataset/config,UNKNOWN,UNKNOWN,UNKNOWN,microvolts by MNE volts x 1e6 contract; historical generator revision UNKNOWN,64,publisher highpass/artifact/MWF/CAR/resample; not repeated here,/home/fanyu/auditory_simulation_m6a/pub_01/s06/sparrkulee_v3.1/raw/sub-082/ses-varyingStories10/eeg/sub-082_ses-varyingStories10_task-listeningActive_run-01_stimulation.tsv,True,RAW_DOWNLOAD_PENDING
/home/fanyu/auditory_simulation_m6a/pub_01/s06/sparrkulee_v3.1/raw/derivatives/preprocessed_eeg/sub-082/ses-varyingStories10/sub-082_ses-varyingStories10_task-listeningActive_run-02_desc-preproc-audio-audiobook_14_2_eeg.npy,sub-082_ses-varyingStories10_task-listeningActive_run-02_eeg.bdf.gz,/home/fanyu/auditory_simulation_m6a/pub_01/s06/sparrkulee_v3.1/raw/sub-082/ses-varyingStories10/eeg/sub-082_ses-varyingStories10_task-listeningActive_run-02_eeg.bdf.gz,PUBLIC,HOLD,False,0..63 in original order per publisher config,UNKNOWN,EEG per publisher dataset/config,UNKNOWN,UNKNOWN,UNKNOWN,microvolts by MNE volts x 1e6 contract; historical generator revision UNKNOWN,64,publisher highpass/artifact/MWF/CAR/resample; not repeated here,/home/fanyu/auditory_simulation_m6a/pub_01/s06/sparrkulee_v3.1/raw/sub-082/ses-varyingStories10/eeg/sub-082_ses-varyingStories10_task-listeningActive_run-02_stimulation.tsv,True,RAW_DOWNLOAD_PENDING
/home/fanyu/auditory_simulation_m6a/pub_01/s06/sparrkulee_v3.1/raw/derivatives/preprocessed_eeg/sub-082/ses-varyingStories10/sub-082_ses-varyingStories10_task-listeningActive_run-03_desc-preproc-audio-podcast_37_eeg.npy,sub-082_ses-varyingStories10_task-listeningActive_run-03_eeg.bdf.gz,/home/fanyu/auditory_simulation_m6a/pub_01/s06/sparrkulee_v3.1/raw/sub-082/ses-varyingStories10/eeg/sub-082_ses-varyingStories10_task-listeningActive_run-03_eeg.bdf.gz,PUBLIC,HOLD,False,0..63 in original order per publisher config,UNKNOWN,EEG per publisher dataset/config,UNKNOWN,UNKNOWN,UNKNOWN,microvolts by MNE volts x 1e6 contract; historical generator revision UNKNOWN,64,publisher highpass/artifact/MWF/CAR/resample; not repeated here,/home/fanyu/auditory_simulation_m6a/pub_01/s06/sparrkulee_v3.1/raw/sub-082/ses-varyingStories10/eeg/sub-082_ses-varyingStories10_task-listeningActive_run-03_stimulation.tsv,True,RAW_DOWNLOAD_PENDING
/home/fanyu/auditory_simulation_m6a/pub_01/s06/sparrkulee_v3.1/raw/derivatives/preprocessed_eeg/sub-082/ses-varyingStories10/sub-082_ses-varyingStories10_task-listeningActive_run-06_desc-preproc-audio-podcast_36_eeg.npy,sub-082_ses-varyingStories10_task-listeningActive_run-06_eeg.bdf.gz,/home/fanyu/auditory_simulation_m6a/pub_01/s06/sparrkulee_v3.1/raw/sub-082/ses-varyingStories10/eeg/sub-082_ses-varyingStories10_task-listeningActive_run-06_eeg.bdf.gz,PUBLIC,HOLD,False,0..63 in original order per publisher config,UNKNOWN,EEG per publisher dataset/config,UNKNOWN,UNKNOWN,UNKNOWN,microvolts by MNE volts x 1e6 contract; historical generator revision UNKNOWN,64,publisher highpass/artifact/MWF/CAR/resample; not repeated here,/home/fanyu/auditory_simulation_m6a/pub_01/s06/sparrkulee_v3.1/raw/sub-082/ses-varyingStories10/eeg/sub-082_ses-varyingStories10_task-listeningActive_run-06_stimulation.tsv,True,RAW_DOWNLOAD_PENDING
/home/fanyu/auditory_simulation_m6a/pub_01/s06/sparrkulee_v3.1/raw/derivatives/preprocessed_eeg/sub-082/ses-varyingStories10/sub-082_ses-varyingStories10_task-listeningActive_run-07_desc-preproc-audio-podcast_35_eeg.npy,sub-082_ses-varyingStories10_task-listeningActive_run-07_eeg.bdf.gz,/home/fanyu/auditory_simulation_m6a/pub_01/s06/sparrkulee_v3.1/raw/sub-082/ses-varyingStories10/eeg/sub-082_ses-varyingStories10_task-listeningActive_run-07_eeg.bdf.gz,PUBLIC,HOLD,False,0..63 in original order per publisher config,UNKNOWN,EEG per publisher dataset/config,UNKNOWN,UNKNOWN,UNKNOWN,microvolts by MNE volts x 1e6 contract; historical generator revision UNKNOWN,64,publisher highpass/artifact/MWF/CAR/resample; not repeated here,/home/fanyu/auditory_simulation_m6a/pub_01/s06/sparrkulee_v3.1/raw/sub-082/ses-varyingStories10/eeg/sub-082_ses-varyingStories10_task-listeningActive_run-07_stimulation.tsv,True,RAW_DOWNLOAD_PENDING
/home/fanyu/auditory_simulation_m6a/pub_01/s06/sparrkulee_v3.1/raw/derivatives/preprocessed_eeg/sub-082/ses-varyingStories10/sub-082_ses-varyingStories10_task-listeningActive_run-08_desc-preproc-audio-audiobook_1_eeg.npy,sub-082_ses-varyingStories10_task-listeningActive_run-08_eeg.bdf.gz,/home/fanyu/auditory_simulation_m6a/pub_01/s06/sparrkulee_v3.1/raw/sub-082/ses-varyingStories10/eeg/sub-082_ses-varyingStories10_task-listeningActive_run-08_eeg.bdf.gz,PUBLIC,HOLD,False,0..63 in original order per publisher config,UNKNOWN,EEG per publisher dataset/config,UNKNOWN,UNKNOWN,UNKNOWN,microvolts by MNE volts x 1e6 contract; historical generator revision UNKNOWN,64,publisher highpass/artifact/MWF/CAR/resample; not repeated here,/home/fanyu/auditory_simulation_m6a/pub_01/s06/sparrkulee_v3.1/raw/sub-082/ses-varyingStories10/eeg/sub-082_ses-varyingStories10_task-listeningActive_run-08_stimulation.tsv,True,RAW_DOWNLOAD_PENDING
/home/fanyu/auditory_simulation_m6a/pub_01/s06/sparrkulee_v3.1/raw/derivatives/preprocessed_eeg/sub-083/ses-varyingStories10/sub-083_ses-varyingStories10_task-listeningActive_run-01_desc-preproc-audio-audiobook_1_eeg.npy,sub-083_ses-varyingStories10_task-listeningActive_run-01_eeg.bdf.gz,/home/fanyu/auditory_simulation_m6a/pub_01/s06/sparrkulee_v3.1/raw/sub-083/ses-varyingStories10/eeg/sub-083_ses-varyingStories10_task-listeningActive_run-01_eeg.bdf.gz,PUBLIC,HOLD,False,0..63 in original order per publisher config,UNKNOWN,EEG per publisher dataset/config,UNKNOWN,UNKNOWN,UNKNOWN,microvolts by MNE volts x 1e6 contract; historical generator revision UNKNOWN,64,publisher highpass/artifact/MWF/CAR/resample; not repeated here,/home/fanyu/auditory_simulation_m6a/pub_01/s06/sparrkulee_v3.1/raw/sub-083/ses-varyingStories10/eeg/sub-083_ses-varyingStories10_task-listeningActive_run-01_stimulation.tsv,True,RAW_DOWNLOAD_PENDING
/home/fanyu/auditory_simulation_m6a/pub_01/s06/sparrkulee_v3.1/raw/derivatives/preprocessed_eeg/sub-083/ses-varyingStories10/sub-083_ses-varyingStories10_task-listeningActive_run-03_desc-preproc-audio-podcast_36_eeg.npy,sub-083_ses-varyingStories10_task-listeningActive_run-03_eeg.bdf.gz,/home/fanyu/auditory_simulation_m6a/pub_01/s06/sparrkulee_v3.1/raw/sub-083/ses-varyingStories10/eeg/sub-083_ses-varyingStories10_task-listeningActive_run-03_eeg.bdf.gz,PUBLIC,HOLD,False,0..63 in original order per publisher config,UNKNOWN,EEG per publisher dataset/config,UNKNOWN,UNKNOWN,UNKNOWN,microvolts by MNE volts x 1e6 contract; historical generator revision UNKNOWN,64,publisher highpass/artifact/MWF/CAR/resample; not repeated here,/home/fanyu/auditory_simulation_m6a/pub_01/s06/sparrkulee_v3.1/raw/sub-083/ses-varyingStories10/eeg/sub-083_ses-varyingStories10_task-listeningActive_run-03_stimulation.tsv,True,RAW_DOWNLOAD_PENDING
/home/fanyu/auditory_simulation_m6a/pub_01/s06/sparrkulee_v3.1/raw/derivatives/preprocessed_eeg/sub-083/ses-varyingStories10/sub-083_ses-varyingStories10_task-listeningActive_run-04_desc-preproc-audio-podcast_35_eeg.npy,sub-083_ses-varyingStories10_task-listeningActive_run-04_eeg.bdf.gz,/home/fanyu/auditory_simulation_m6a/pub_01/s06/sparrkulee_v3.1/raw/sub-083/ses-varyingStories10/eeg/sub-083_ses-varyingStories10_task-listeningActive_run-04_eeg.bdf.gz,PUBLIC,HOLD,False,0..63 in original order per publisher config,UNKNOWN,EEG per publisher dataset/config,UNKNOWN,UNKNOWN,UNKNOWN,microvolts by MNE volts x 1e6 contract; historical generator revision UNKNOWN,64,publisher highpass/artifact/MWF/CAR/resample; not repeated here,/home/fanyu/auditory_simulation_m6a/pub_01/s06/sparrkulee_v3.1/raw/sub-083/ses-varyingStories10/eeg/sub-083_ses-varyingStories10_task-listeningActive_run-04_stimulation.tsv,True,RAW_DOWNLOAD_PENDING
/home/fanyu/auditory_simulation_m6a/pub_01/s06/sparrkulee_v3.1/raw/derivatives/preprocessed_eeg/sub-083/ses-varyingStories10/sub-083_ses-varyingStories10_task-listeningActive_run-05_desc-preproc-audio-podcast_37_eeg.npy,sub-083_ses-varyingStories10_task-listeningActive_run-05_eeg.bdf.gz,/home/fanyu/auditory_simulation_m6a/pub_01/s06/sparrkulee_v3.1/raw/sub-083/ses-varyingStories10/eeg/sub-083_ses-varyingStories10_task-listeningActive_run-05_eeg.bdf.gz,PUBLIC,HOLD,False,0..63 in original order per publisher config,UNKNOWN,EEG per publisher dataset/config,UNKNOWN,UNKNOWN,UNKNOWN,microvolts by MNE volts x 1e6 contract; historical generator revision UNKNOWN,64,publisher highpass/artifact/MWF/CAR/resample; not repeated here,/home/fanyu/auditory_simulation_m6a/pub_01/s06/sparrkulee_v3.1/raw/sub-083/ses-varyingStories10/eeg/sub-083_ses-varyingStories10_task-listeningActive_run-05_stimulation.tsv,True,RAW_DOWNLOAD_PENDING
/home/fanyu/auditory_simulation_m6a/pub_01/s06/sparrkulee_v3.1/raw/derivatives/preprocessed_eeg/sub-083/ses-varyingStories10/sub-083_ses-varyingStories10_task-listeningActive_run-06_desc-preproc-audio-audiobook_14_1_eeg.npy,sub-083_ses-varyingStories10_task-listeningActive_run-06_eeg.bdf.gz,/home/fanyu/auditory_simulation_m6a/pub_01/s06/sparrkulee_v3.1/raw/sub-083/ses-varyingStories10/eeg/sub-083_ses-varyingStories10_task-listeningActive_run-06_eeg.bdf.gz,PUBLIC,HOLD,False,0..63 in original order per publisher config,UNKNOWN,EEG per publisher dataset/config,UNKNOWN,UNKNOWN,UNKNOWN,microvolts by MNE volts x 1e6 contract; historical generator revision UNKNOWN,64,publisher highpass/artifact/MWF/CAR/resample; not repeated here,/home/fanyu/auditory_simulation_m6a/pub_01/s06/sparrkulee_v3.1/raw/sub-083/ses-varyingStories10/eeg/sub-083_ses-varyingStories10_task-listeningActive_run-06_stimulation.tsv,True,RAW_DOWNLOAD_PENDING
/home/fanyu/auditory_simulation_m6a/pub_01/s06/sparrkulee_v3.1/raw/derivatives/preprocessed_eeg/sub-083/ses-varyingStories10/sub-083_ses-varyingStories10_task-listeningActive_run-07_desc-preproc-audio-audiobook_14_2_eeg.npy,sub-083_ses-varyingStories10_task-listeningActive_run-07_eeg.bdf.gz,/home/fanyu/auditory_simulation_m6a/pub_01/s06/sparrkulee_v3.1/raw/sub-083/ses-varyingStories10/eeg/sub-083_ses-varyingStories10_task-listeningActive_run-07_eeg.bdf.gz,PUBLIC,HOLD,False,0..63 in original order per publisher config,UNKNOWN,EEG per publisher dataset/config,UNKNOWN,UNKNOWN,UNKNOWN,microvolts by MNE volts x 1e6 contract; historical generator revision UNKNOWN,64,publisher highpass/artifact/MWF/CAR/resample; not repeated here,/home/fanyu/auditory_simulation_m6a/pub_01/s06/sparrkulee_v3.1/raw/sub-083/ses-varyingStories10/eeg/sub-083_ses-varyingStories10_task-listeningActive_run-07_stimulation.tsv,True,RAW_DOWNLOAD_PENDING
/home/fanyu/auditory_simulation_m6a/pub_01/s06/sparrkulee_v3.1/raw/derivatives/preprocessed_eeg/sub-084/ses-varyingStories10/sub-084_ses-varyingStories10_task-listeningActive_run-01_desc-preproc-audio-audiobook_14_1_eeg.npy,sub-084_ses-varyingStories10_task-listeningActive_run-01_eeg.bdf.gz,/home/fanyu/auditory_simulation_m6a/pub_01/s06/sparrkulee_v3.1/raw/sub-084/ses-varyingStories10/eeg/sub-084_ses-varyingStories10_task-listeningActive_run-01_eeg.bdf.gz,PUBLIC,HOLD,False,0..63 in original order per publisher config,UNKNOWN,EEG per publisher dataset/config,UNKNOWN,UNKNOWN,UNKNOWN,microvolts by MNE volts x 1e6 contract; historical generator revision UNKNOWN,64,publisher highpass/artifact/MWF/CAR/resample; not repeated here,/home/fanyu/auditory_simulation_m6a/pub_01/s06/sparrkulee_v3.1/raw/sub-084/ses-varyingStories10/eeg/sub-084_ses-varyingStories10_task-listeningActive_run-01_stimulation.tsv,True,RAW_DOWNLOAD_PENDING
/home/fanyu/auditory_simulation_m6a/pub_01/s06/sparrkulee_v3.1/raw/derivatives/preprocessed_eeg/sub-084/ses-varyingStories10/sub-084_ses-varyingStories10_task-listeningActive_run-02_desc-preproc-audio-audiobook_14_2_eeg.npy,sub-084_ses-varyingStories10_task-listeningActive_run-02_eeg.bdf.gz,/home/fanyu/auditory_simulation_m6a/pub_01/s06/sparrkulee_v3.1/raw/sub-084/ses-varyingStories10/eeg/sub-084_ses-varyingStories10_task-listeningActive_run-02_eeg.bdf.gz,PUBLIC,HOLD,False,0..63 in original order per publisher config,UNKNOWN,EEG per publisher dataset/config,UNKNOWN,UNKNOWN,UNKNOWN,microvolts by MNE volts x 1e6 contract; historical generator revision UNKNOWN,64,publisher highpass/artifact/MWF/CAR/resample; not repeated here,/home/fanyu/auditory_simulation_m6a/pub_01/s06/sparrkulee_v3.1/raw/sub-084/ses-varyingStories10/eeg/sub-084_ses-varyingStories10_task-listeningActive_run-02_stimulation.tsv,True,RAW_DOWNLOAD_PENDING
/home/fanyu/auditory_simulation_m6a/pub_01/s06/sparrkulee_v3.1/raw/derivatives/preprocessed_eeg/sub-084/ses-varyingStories10/sub-084_ses-varyingStories10_task-listeningActive_run-03_desc-preproc-audio-podcast_36_eeg.npy,sub-084_ses-varyingStories10_task-listeningActive_run-03_eeg.bdf.gz,/home/fanyu/auditory_simulation_m6a/pub_01/s06/sparrkulee_v3.1/raw/sub-084/ses-varyingStories10/eeg/sub-084_ses-varyingStories10_task-listeningActive_run-03_eeg.bdf.gz,PUBLIC,HOLD,False,0..63 in original order per publisher config,UNKNOWN,EEG per publisher dataset/config,UNKNOWN,UNKNOWN,UNKNOWN,microvolts by MNE volts x 1e6 contract; historical generator revision UNKNOWN,64,publisher highpass/artifact/MWF/CAR/resample; not repeated here,/home/fanyu/auditory_simulation_m6a/pub_01/s06/sparrkulee_v3.1/raw/sub-084/ses-varyingStories10/eeg/sub-084_ses-varyingStories10_task-listeningActive_run-03_stimulation.tsv,True,RAW_DOWNLOAD_PENDING
/home/fanyu/auditory_simulation_m6a/pub_01/s06/sparrkulee_v3.1/raw/derivatives/preprocessed_eeg/sub-084/ses-varyingStories10/sub-084_ses-varyingStories10_task-listeningActive_run-06_desc-preproc-audio-podcast_35_eeg.npy,sub-084_ses-varyingStories10_task-listeningActive_run-06_eeg.bdf.gz,/home/fanyu/auditory_simulation_m6a/pub_01/s06/sparrkulee_v3.1/raw/sub-084/ses-varyingStories10/eeg/sub-084_ses-varyingStories10_task-listeningActive_run-06_eeg.bdf.gz,PUBLIC,HOLD,False,0..63 in original order per publisher config,UNKNOWN,EEG per publisher dataset/config,UNKNOWN,UNKNOWN,UNKNOWN,microvolts by MNE volts x 1e6 contract; historical generator revision UNKNOWN,64,publisher highpass/artifact/MWF/CAR/resample; not repeated here,/home/fanyu/auditory_simulation_m6a/pub_01/s06/sparrkulee_v3.1/raw/sub-084/ses-varyingStories10/eeg/sub-084_ses-varyingStories10_task-listeningActive_run-06_stimulation.tsv,True,RAW_DOWNLOAD_PENDING
/home/fanyu/auditory_simulation_m6a/pub_01/s06/sparrkulee_v3.1/raw/derivatives/preprocessed_eeg/sub-084/ses-varyingStories10/sub-084_ses-varyingStories10_task-listeningActive_run-07_desc-preproc-audio-podcast_37_eeg.npy,sub-084_ses-varyingStories10_task-listeningActive_run-07_eeg.bdf.gz,/home/fanyu/auditory_simulation_m6a/pub_01/s06/sparrkulee_v3.1/raw/sub-084/ses-varyingStories10/eeg/sub-084_ses-varyingStories10_task-listeningActive_run-07_eeg.bdf.gz,PUBLIC,HOLD,False,0..63 in original order per publisher config,UNKNOWN,EEG per publisher dataset/config,UNKNOWN,UNKNOWN,UNKNOWN,microvolts by MNE volts x 1e6 contract; historical generator revision UNKNOWN,64,publisher highpass/artifact/MWF/CAR/resample; not repeated here,/home/fanyu/auditory_simulation_m6a/pub_01/s06/sparrkulee_v3.1/raw/sub-084/ses-varyingStories10/eeg/sub-084_ses-varyingStories10_task-listeningActive_run-07_stimulation.tsv,True,RAW_DOWNLOAD_PENDING
/home/fanyu/auditory_simulation_m6a/pub_01/s06/sparrkulee_v3.1/raw/derivatives/preprocessed_eeg/sub-084/ses-varyingStories10/sub-084_ses-varyingStories10_task-listeningActive_run-08_desc-preproc-audio-audiobook_1_eeg.npy,sub-084_ses-varyingStories10_task-listeningActive_run-08_eeg.bdf.gz,/home/fanyu/auditory_simulation_m6a/pub_01/s06/sparrkulee_v3.1/raw/sub-084/ses-varyingStories10/eeg/sub-084_ses-varyingStories10_task-listeningActive_run-08_eeg.bdf.gz,PUBLIC,HOLD,False,0..63 in original order per publisher config,UNKNOWN,EEG per publisher dataset/config,UNKNOWN,UNKNOWN,UNKNOWN,microvolts by MNE volts x 1e6 contract; historical generator revision UNKNOWN,64,publisher highpass/artifact/MWF/CAR/resample; not repeated here,/home/fanyu/auditory_simulation_m6a/pub_01/s06/sparrkulee_v3.1/raw/sub-084/ses-varyingStories10/eeg/sub-084_ses-varyingStories10_task-listeningActive_run-08_stimulation.tsv,True,RAW_DOWNLOAD_PENDING
/home/fanyu/auditory_simulation_m6a/pub_01/s06/sparrkulee_v3.1/raw/derivatives/preprocessed_eeg/sub-085/ses-varyingStories10/sub-085_ses-varyingStories10_task-listeningActive_run-02_desc-preproc-audio-podcast_37_eeg.npy,sub-085_ses-varyingStories10_task-listeningActive_run-02_eeg.bdf.gz,/home/fanyu/auditory_simulation_m6a/pub_01/s06/sparrkulee_v3.1/raw/sub-085/ses-varyingStories10/eeg/sub-085_ses-varyingStories10_task-listeningActive_run-02_eeg.bdf.gz,PUBLIC,HOLD,False,0..63 in original order per publisher config,UNKNOWN,EEG per publisher dataset/config,UNKNOWN,UNKNOWN,UNKNOWN,microvolts by MNE volts x 1e6 contract; historical generator revision UNKNOWN,64,publisher highpass/artifact/MWF/CAR/resample; not repeated here,/home/fanyu/auditory_simulation_m6a/pub_01/s06/sparrkulee_v3.1/raw/sub-085/ses-varyingStories10/eeg/sub-085_ses-varyingStories10_task-listeningActive_run-02_stimulation.tsv,True,RAW_DOWNLOAD_PENDING
/home/fanyu/auditory_simulation_m6a/pub_01/s06/sparrkulee_v3.1/raw/derivatives/preprocessed_eeg/sub-085/ses-varyingStories10/sub-085_ses-varyingStories10_task-listeningActive_run-03_desc-preproc-audio-podcast_36_eeg.npy,sub-085_ses-varyingStories10_task-listeningActive_run-03_eeg.bdf.gz,/home/fanyu/auditory_simulation_m6a/pub_01/s06/sparrkulee_v3.1/raw/sub-085/ses-varyingStories10/eeg/sub-085_ses-varyingStories10_task-listeningActive_run-03_eeg.bdf.gz,PUBLIC,HOLD,False,0..63 in original order per publisher config,UNKNOWN,EEG per publisher dataset/config,UNKNOWN,UNKNOWN,UNKNOWN,microvolts by MNE volts x 1e6 contract; historical generator revision UNKNOWN,64,publisher highpass/artifact/MWF/CAR/resample; not repeated here,/home/fanyu/auditory_simulation_m6a/pub_01/s06/sparrkulee_v3.1/raw/sub-085/ses-varyingStories10/eeg/sub-085_ses-varyingStories10_task-listeningActive_run-03_stimulation.tsv,True,RAW_DOWNLOAD_PENDING
/home/fanyu/auditory_simulation_m6a/pub_01/s06/sparrkulee_v3.1/raw/derivatives/preprocessed_eeg/sub-085/ses-varyingStories10/sub-085_ses-varyingStories10_task-listeningActive_run-04_desc-preproc-audio-podcast_35_eeg.npy,sub-085_ses-varyingStories10_task-listeningActive_run-04_eeg.bdf.gz,/home/fanyu/auditory_simulation_m6a/pub_01/s06/sparrkulee_v3.1/raw/sub-085/ses-varyingStories10/eeg/sub-085_ses-varyingStories10_task-listeningActive_run-04_eeg.bdf.gz,PUBLIC,HOLD,False,0..63 in original order per publisher config,UNKNOWN,EEG per publisher dataset/config,UNKNOWN,UNKNOWN,UNKNOWN,microvolts by MNE volts x 1e6 contract; historical generator revision UNKNOWN,64,publisher highpass/artifact/MWF/CAR/resample; not repeated here,/home/fanyu/auditory_simulation_m6a/pub_01/s06/sparrkulee_v3.1/raw/sub-085/ses-varyingStories10/eeg/sub-085_ses-varyingStories10_task-listeningActive_run-04_stimulation.tsv,True,RAW_DOWNLOAD_PENDING
/home/fanyu/auditory_simulation_m6a/pub_01/s06/sparrkulee_v3.1/raw/derivatives/preprocessed_eeg/sub-085/ses-varyingStories10/sub-085_ses-varyingStories10_task-listeningActive_run-05_desc-preproc-audio-audiobook_1_eeg.npy,sub-085_ses-varyingStories10_task-listeningActive_run-05_eeg.bdf.gz,/home/fanyu/auditory_simulation_m6a/pub_01/s06/sparrkulee_v3.1/raw/sub-085/ses-varyingStories10/eeg/sub-085_ses-varyingStories10_task-listeningActive_run-05_eeg.bdf.gz,PUBLIC,HOLD,False,0..63 in original order per publisher config,UNKNOWN,EEG per publisher dataset/config,UNKNOWN,UNKNOWN,UNKNOWN,microvolts by MNE volts x 1e6 contract; historical generator revision UNKNOWN,64,publisher highpass/artifact/MWF/CAR/resample; not repeated here,/home/fanyu/auditory_simulation_m6a/pub_01/s06/sparrkulee_v3.1/raw/sub-085/ses-varyingStories10/eeg/sub-085_ses-varyingStories10_task-listeningActive_run-05_stimulation.tsv,True,RAW_DOWNLOAD_PENDING
/home/fanyu/auditory_simulation_m6a/pub_01/s06/sparrkulee_v3.1/raw/derivatives/preprocessed_eeg/sub-085/ses-varyingStories10/sub-085_ses-varyingStories10_task-listeningActive_run-06_desc-preproc-audio-audiobook_14_1_eeg.npy,sub-085_ses-varyingStories10_task-listeningActive_run-06_eeg.bdf.gz,/home/fanyu/auditory_simulation_m6a/pub_01/s06/sparrkulee_v3.1/raw/sub-085/ses-varyingStories10/eeg/sub-085_ses-varyingStories10_task-listeningActive_run-06_eeg.bdf.gz,PUBLIC,HOLD,False,0..63 in original order per publisher config,UNKNOWN,EEG per publisher dataset/config,UNKNOWN,UNKNOWN,UNKNOWN,microvolts by MNE volts x 1e6 contract; historical generator revision UNKNOWN,64,publisher highpass/artifact/MWF/CAR/resample; not repeated here,/home/fanyu/auditory_simulation_m6a/pub_01/s06/sparrkulee_v3.1/raw/sub-085/ses-varyingStories10/eeg/sub-085_ses-varyingStories10_task-listeningActive_run-06_stimulation.tsv,True,RAW_DOWNLOAD_PENDING
/home/fanyu/auditory_simulation_m6a/pub_01/s06/sparrkulee_v3.1/raw/derivatives/preprocessed_eeg/sub-085/ses-varyingStories10/sub-085_ses-varyingStories10_task-listeningActive_run-07_desc-preproc-audio-audiobook_14_2_eeg.npy,sub-085_ses-varyingStories10_task-listeningActive_run-07_eeg.bdf.gz,/home/fanyu/auditory_simulation_m6a/pub_01/s06/sparrkulee_v3.1/raw/sub-085/ses-varyingStories10/eeg/sub-085_ses-varyingStories10_task-listeningActive_run-07_eeg.bdf.gz,PUBLIC,HOLD,False,0..63 in original order per publisher config,UNKNOWN,EEG per publisher dataset/config,UNKNOWN,UNKNOWN,UNKNOWN,microvolts by MNE volts x 1e6 contract; historical generator revision UNKNOWN,64,publisher highpass/artifact/MWF/CAR/resample; not repeated here,/home/fanyu/auditory_simulation_m6a/pub_01/s06/sparrkulee_v3.1/raw/sub-085/ses-varyingStories10/eeg/sub-085_ses-varyingStories10_task-listeningActive_run-07_stimulation.tsv,True,RAW_DOWNLOAD_PENDING
