recording,channel,type,original_unit,mne_data_unit,samples,nonfinite,min_value,max_value,eligible,reasons,scan
sub-SD010_ses-01_task-PassiveListen,LA1,SEEG,uV,SI volts for voltage channels,2718016,0,-0.0024902813000686657,0.0007577845578698406,True,,ALL_SAMPLES
sub-SD010_ses-01_task-PassiveListen,LA2,SEEG,uV,SI volts for voltage channels,2718016,0,-0.0009736488136110475,0.0009303164568551155,True,,ALL_SAMPLES
sub-SD010_ses-01_task-PassiveListen,LA3,SEEG,uV,SI volts for voltage channels,2718016,0,-0.0006511816433966582,0.0009547739833676661,True,,ALL_SAMPLES
sub-SD010_ses-01_task-PassiveListen,LA4,SEEG,uV,SI volts for voltage channels,2718016,0,-0.0006232681620508125,0.0009678002746623941,True,,ALL_SAMPLES
sub-SD010_ses-01_task-PassiveListen,LA5,SEEG,uV,SI volts for voltage channels,2718016,0,-0.0006634104066529336,0.001187918013275349,True,,ALL_SAMPLES
sub-SD010_ses-01_task-PassiveListen,LA6,SEEG,uV,SI volts for voltage channels,2718016,0,-0.0008231818570229648,0.001656332814526589,True,,ALL_SAMPLES
sub-SD010_ses-01_task-PassiveListen,LA7,SEEG,uV,SI volts for voltage channels,2718016,0,-0.001190044754711223,0.002140964019226368,True,,ALL_SAMPLES
sub-SD010_ses-01_task-PassiveListen,LA8,SEEG,uV,SI volts for voltage channels,2718016,0,-0.0023289147936217287,0.0021181015487907223,True,,ALL_SAMPLES
sub-SD010_ses-01_task-PassiveListen,LA9,SEEG,uV,SI volts for voltage channels,2718016,0,-0.008711,0.008711,False,OFFICIAL_BAD:artifacts,ALL_SAMPLES
sub-SD010_ses-01_task-PassiveListen,LA10,SEEG,uV,SI volts for voltage channels,2718016,0,-0.008711,0.004179179842832074,False,OFFICIAL_BAD:artifacts,ALL_SAMPLES
sub-SD010_ses-01_task-PassiveListen,LHH1,SEEG,uV,SI volts for voltage channels,2718016,0,-0.0010100692607003892,0.0007737351186388952,True,,ALL_SAMPLES
sub-SD010_ses-01_task-PassiveListen,LHH2,SEEG,uV,SI volts for voltage channels,2718016,0,-0.0005437812008850233,0.000935101625085832,True,,ALL_SAMPLES
sub-SD010_ses-01_task-PassiveListen,LHH3,SEEG,uV,SI volts for voltage channels,2718016,0,-0.00047147199206530865,0.0007027551232166017,True,,ALL_SAMPLES
sub-SD010_ses-01_task-PassiveListen,LHH4,SEEG,uV,SI volts for voltage channels,2718016,0,-0.0005060315403982605,0.0008702360112916761,True,,ALL_SAMPLES
sub-SD010_ses-01_task-PassiveListen,LHH5,SEEG,uV,SI volts for voltage channels,2718016,0,-0.0006211414206149386,0.0009478620737010757,True,,ALL_SAMPLES
sub-SD010_ses-01_task-PassiveListen,LHH6,SEEG,uV,SI volts for voltage channels,2718016,0,-0.000810421408407721,0.0015045366445410847,True,,ALL_SAMPLES
sub-SD010_ses-01_task-PassiveListen,LHH7,SEEG,uV,SI volts for voltage channels,2718016,0,-0.0009207461203936827,0.0018740579690241855,True,,ALL_SAMPLES
sub-SD010_ses-01_task-PassiveListen,LHH8,SEEG,uV,SI volts for voltage channels,2718016,0,-0.0009957137560082398,0.0022887725490196077,True,,ALL_SAMPLES
sub-SD010_ses-01_task-PassiveListen,LHH9,SEEG,uV,SI volts for voltage channels,2718016,0,-0.0006580935530632486,0.0004111257038223849,True,,ALL_SAMPLES
sub-SD010_ses-01_task-PassiveListen,LHH10,SEEG,uV,SI volts for voltage channels,2718016,0,-0.0002832553749904631,0.0007556578164339665,True,,ALL_SAMPLES
sub-SD010_ses-01_task-PassiveListen,LHT1,SEEG,uV,SI volts for voltage channels,2718016,0,-0.001714286518654154,0.0009997013962005034,True,,ALL_SAMPLES
sub-SD010_ses-01_task-PassiveListen,LHT2,SEEG,uV,SI volts for voltage channels,2718016,0,-0.0007306686045624476,0.0008675775844968338,True,,ALL_SAMPLES
sub-SD010_ses-01_task-PassiveListen,LHT3,SEEG,uV,SI volts for voltage channels,2718016,0,-0.0009281897154192416,0.0010728081330586708,True,,ALL_SAMPLES
sub-SD010_ses-01_task-PassiveListen,LHT4,SEEG,uV,SI volts for voltage channels,2718016,0,-0.0003377531242847333,0.0005299573815518424,True,,ALL_SAMPLES
sub-SD010_ses-01_task-PassiveListen,LHT5,SEEG,uV,SI volts for voltage channels,2718016,0,-0.00042149356832227054,0.0006604861371786067,True,,ALL_SAMPLES
sub-SD010_ses-01_task-PassiveListen,LHT6,SEEG,uV,SI volts for voltage channels,2718016,0,-0.00047439626153963536,0.0007670890516517891,True,,ALL_SAMPLES
sub-SD010_ses-01_task-PassiveListen,LHT7,SEEG,uV,SI volts for voltage channels,2718016,0,-0.0007405047837033646,0.0007737351186388952,True,,ALL_SAMPLES
sub-SD010_ses-01_task-PassiveListen,LHT8,SEEG,uV,SI volts for voltage channels,2718016,0,-0.00045631895933470666,0.0008481710688944838,True,,ALL_SAMPLES
sub-SD010_ses-01_task-PassiveListen,LHT9,SEEG,uV,SI volts for voltage channels,2718016,0,-0.000463230869001297,0.0008021802853437094,True,,ALL_SAMPLES
sub-SD010_ses-01_task-PassiveListen,LHT10,SEEG,uV,SI volts for voltage channels,2718016,0,-0.0003491843595025559,0.00023620122072175168,True,,ALL_SAMPLES
sub-SD010_ses-01_task-PassiveListen,LAC1,SEEG,uV,SI volts for voltage channels,2718016,0,-0.0002577344777599756,0.00041537918669413287,True,,ALL_SAMPLES
sub-SD010_ses-01_task-PassiveListen,LAC2,SEEG,uV,SI volts for voltage channels,2718016,0,-0.0002146679636835279,0.0004321272755016403,True,,ALL_SAMPLES
sub-SD010_ses-01_task-PassiveListen,LAC3,SEEG,uV,SI volts for voltage channels,2718016,0,-0.00020110998702983142,0.00047891558709086746,True,,ALL_SAMPLES
sub-SD010_ses-01_task-PassiveListen,LAC4,SEEG,uV,SI volts for voltage channels,2718016,0,-0.00022025065995269705,0.0004539263752193484,True,,ALL_SAMPLES
sub-SD010_ses-01_task-PassiveListen,LAC5,SEEG,uV,SI volts for voltage channels,2718016,0,-0.000300535149156939,0.0007088695048447395,True,,ALL_SAMPLES
sub-SD010_ses-01_task-PassiveListen,LAC6,SEEG,uV,SI volts for voltage channels,2718016,0,-0.0004403683985656519,0.0007822420843823911,True,,ALL_SAMPLES
sub-SD010_ses-01_task-PassiveListen,LAC7,SEEG,uV,SI volts for voltage channels,2718016,0,-0.00044967289234760057,0.0009675344319829098,True,,ALL_SAMPLES
sub-SD010_ses-01_task-PassiveListen,LAC8,SEEG,uV,SI volts for voltage channels,2718016,0,-0.0004837007553215839,0.001212907225146868,True,,ALL_SAMPLES
sub-SD010_ses-01_task-PassiveListen,LAC9,SEEG,uV,SI volts for voltage channels,2718016,0,-0.0005610609750514992,0.0015000173189898527,True,,ALL_SAMPLES
sub-SD010_ses-01_task-PassiveListen,LAC10,SEEG,uV,SI volts for voltage channels,2718016,0,-0.00037204682993820096,0.00020110998702983134,True,,ALL_SAMPLES
sub-SD010_ses-01_task-PassiveListen,LOF1,SEEG,uV,SI volts for voltage channels,2718016,0,-0.0007894198367284657,0.000865716685740444,True,,ALL_SAMPLES
sub-SD010_ses-01_task-PassiveListen,LOF2,SEEG,uV,SI volts for voltage channels,2718016,0,-0.0004709403067063401,0.0015260699015793085,True,,ALL_SAMPLES
sub-SD010_ses-01_task-PassiveListen,LOF3,SEEG,uV,SI volts for voltage channels,2718016,0,-0.0003101054856183718,0.0006921214160372319,True,,ALL_SAMPLES
sub-SD010_ses-01_task-PassiveListen,LOF4,SEEG,uV,SI volts for voltage channels,2718016,0,-0.0002901672846570535,0.0007293393911650263,True,,ALL_SAMPLES
sub-SD010_ses-01_task-PassiveListen,LOF5,SEEG,uV,SI volts for voltage channels,2718016,0,-0.00028697717250324254,0.0009935870145723659,True,,ALL_SAMPLES
sub-SD010_ses-01_task-PassiveListen,LOF6,SEEG,uV,SI volts for voltage channels,2718016,0,-0.0004116573891813535,0.0008726285954070343,True,,ALL_SAMPLES
sub-SD010_ses-01_task-PassiveListen,LOF7,SEEG,uV,SI volts for voltage channels,2718016,0,-0.00046482592507820244,0.0010074108339055466,True,,ALL_SAMPLES
sub-SD010_ses-01_task-PassiveListen,LOF8,SEEG,uV,SI volts for voltage channels,2718016,0,-0.00045206547646295874,0.000799521858548867,True,,ALL_SAMPLES
sub-SD010_ses-01_task-PassiveListen,LOF9,SEEG,uV,SI volts for voltage channels,2718016,0,-0.0003473234607461662,0.00020881942473487448,True,,ALL_SAMPLES
sub-SD010_ses-01_task-PassiveListen,LOF10,SEEG,uV,SI volts for voltage channels,2718016,0,-0.0002455057145037003,0.00022583335622186615,True,,ALL_SAMPLES
sub-SD010_ses-01_task-PassiveListen,ROF1,SEEG,uV,SI volts for voltage channels,2718016,0,-0.0007027551232166019,0.0005113483939879454,True,,ALL_SAMPLES
sub-SD010_ses-01_task-PassiveListen,ROF2,SEEG,uV,SI volts for voltage channels,2718016,0,-0.00034705761806668194,0.0005533515373464561,True,,ALL_SAMPLES
sub-SD010_ses-01_task-PassiveListen,ROF3,SEEG,uV,SI volts for voltage channels,2718016,0,-0.000424151995117113,0.0005408569314106965,True,,ALL_SAMPLES
sub-SD010_ses-01_task-PassiveListen,ROF4,SEEG,uV,SI volts for voltage channels,2718016,0,-0.00045817985809109635,0.0006179513084611276,True,,ALL_SAMPLES
sub-SD010_ses-01_task-PassiveListen,ROF5,SEEG,uV,SI volts for voltage channels,2718016,0,-0.00038294637979705503,0.000504436484321355,True,,ALL_SAMPLES
sub-SD010_ses-01_task-PassiveListen,ROF6,SEEG,uV,SI volts for voltage channels,2718016,0,-0.00035822301060502024,0.0005475029983978026,True,,ALL_SAMPLES
sub-SD010_ses-01_task-PassiveListen,ROF7,SEEG,uV,SI volts for voltage channels,2718016,0,-0.00035343784237430384,0.0005427178301670863,True,,ALL_SAMPLES
sub-SD010_ses-01_task-PassiveListen,ROF8,SEEG,uV,SI volts for voltage channels,2718016,0,-0.0003715151445792324,0.0006559668116273747,True,,ALL_SAMPLES
sub-SD010_ses-01_task-PassiveListen,ROF9,SEEG,uV,SI volts for voltage channels,2718016,0,-0.0004640283970397498,0.0010672254367895017,True,,ALL_SAMPLES
sub-SD010_ses-01_task-PassiveListen,ROF10,SEEG,uV,SI volts for voltage channels,2718016,0,-0.0005134751354238193,0.0015829602349889372,True,,ALL_SAMPLES
sub-SD010_ses-01_task-PassiveListen,RAC1,SEEG,uV,SI volts for voltage channels,2718016,0,-0.0004868908674753948,0.00032711941710536355,True,,ALL_SAMPLES
sub-SD010_ses-01_task-PassiveListen,RAC2,SEEG,uV,SI volts for voltage channels,2718016,0,-0.0004103281757839323,0.0002816603189135576,True,,ALL_SAMPLES
sub-SD010_ses-01_task-PassiveListen,RAC3,SEEG,uV,SI volts for voltage channels,2718016,0,-0.000276609308003357,0.00038480727855344466,True,,ALL_SAMPLES
sub-SD010_ses-01_task-PassiveListen,RAC4,SEEG,uV,SI volts for voltage channels,2718016,0,-0.0002686340276188296,0.00039331424429694056,True,,ALL_SAMPLES
sub-SD010_ses-01_task-PassiveListen,RAC5,SEEG,uV,SI volts for voltage channels,2718016,0,-0.0002572027924010071,0.0004725353627832455,True,,ALL_SAMPLES
sub-SD010_ses-01_task-PassiveListen,RAC6,SEEG,uV,SI volts for voltage channels,2718016,0,-0.0004696110933089189,0.00046562345311665517,True,,ALL_SAMPLES
sub-SD010_ses-01_task-PassiveListen,RAC7,SEEG,uV,SI volts for voltage channels,2718016,0,-0.00041963266956588085,0.0005254380560006103,True,,ALL_SAMPLES
sub-SD010_ses-01_task-PassiveListen,RAC8,SEEG,uV,SI volts for voltage channels,2718016,0,-0.00517396314946212,0.008711,False,OFFICIAL_BAD:artifacts,ALL_SAMPLES
sub-SD010_ses-01_task-PassiveListen,RAC9,SEEG,uV,SI volts for voltage channels,2718016,0,-0.0003837439078355077,0.0007755960173952849,True,,ALL_SAMPLES
sub-SD010_ses-01_task-PassiveListen,RAC10,SEEG,uV,SI volts for voltage channels,2718016,0,-0.0002965475089646754,0.00019233717860685126,True,,ALL_SAMPLES
sub-SD010_ses-01_task-PassiveListen,RHT1,SEEG,uV,SI volts for voltage channels,2718016,0,-0.0003350946974898909,0.00027421672388799873,True,,ALL_SAMPLES
sub-SD010_ses-01_task-PassiveListen,RHT2,SEEG,uV,SI volts for voltage channels,2718016,0,-0.00027262166781109333,0.0003768319981689173,True,,ALL_SAMPLES
sub-SD010_ses-01_task-PassiveListen,RHT3,SEEG,uV,SI volts for voltage channels,2718016,0,-0.0005982789501792935,0.00041856929884794377,True,,ALL_SAMPLES
sub-SD010_ses-01_task-PassiveListen,RHT4,SEEG,uV,SI volts for voltage channels,2718016,0,-0.00020562931258106355,0.00021918728923476,True,,ALL_SAMPLES
sub-SD010_ses-01_task-PassiveListen,RHT5,SEEG,uV,SI volts for voltage channels,2718016,0,-0.0002253016708628977,0.00029016728465705344,True,,ALL_SAMPLES
sub-SD010_ses-01_task-PassiveListen,RHT6,SEEG,uV,SI volts for voltage channels,2718016,0,-0.00042441783779659725,0.00043717828641184095,True,,ALL_SAMPLES
sub-SD010_ses-01_task-PassiveListen,RHT7,SEEG,uV,SI volts for voltage channels,2718016,0,-0.000356893797207599,0.0005841892881666284,True,,ALL_SAMPLES
sub-SD010_ses-01_task-PassiveListen,RHT8,SEEG,uV,SI volts for voltage channels,2718016,0,-0.00033217042801556425,0.00040899896238651097,True,,ALL_SAMPLES
sub-SD010_ses-01_task-PassiveListen,RHT9,SEEG,uV,SI volts for voltage channels,2718016,0,-0.00021998481727321278,0.0001960589761196307,True,,ALL_SAMPLES
sub-SD010_ses-01_task-PassiveListen,RHT10,SEEG,uV,SI volts for voltage channels,2718016,0,-0.00025401268024719616,0.00024045470359349962,True,,ALL_SAMPLES
sub-SD010_ses-01_task-PassiveListen,RHB1,SEEG,uV,SI volts for voltage channels,2718016,0,-0.00039544098573281454,0.000712857145037003,True,,ALL_SAMPLES
sub-SD010_ses-01_task-PassiveListen,RHB2,SEEG,uV,SI volts for voltage channels,2718016,0,-0.0003723126726176852,0.0009024029755092698,True,,ALL_SAMPLES
sub-SD010_ses-01_task-PassiveListen,RHB3,SEEG,uV,SI volts for voltage channels,2718016,0,-0.00030771290150301365,0.0006381553521019302,True,,ALL_SAMPLES
sub-SD010_ses-01_task-PassiveListen,RHB4,SEEG,uV,SI volts for voltage channels,2718016,0,-0.00036912256046387425,0.0003170173952849622,True,,ALL_SAMPLES
sub-SD010_ses-01_task-PassiveListen,RHB5,SEEG,uV,SI volts for voltage channels,2718016,0,-0.00026305133134966053,0.000382946379797055,True,,ALL_SAMPLES
sub-SD010_ses-01_task-PassiveListen,RHB6,SEEG,uV,SI volts for voltage channels,2718016,0,-0.00029973762111848635,0.00041803761348897534,True,,ALL_SAMPLES
sub-SD010_ses-01_task-PassiveListen,RHB7,SEEG,uV,SI volts for voltage channels,2718016,0,-0.0004172400854505226,0.0005291598535133897,True,,ALL_SAMPLES
sub-SD010_ses-01_task-PassiveListen,RHB8,SEEG,uV,SI volts for voltage channels,2718016,0,-0.00030877627222095067,0.0004140499732967116,True,,ALL_SAMPLES
sub-SD010_ses-01_task-PassiveListen,RHB9,SEEG,uV,SI volts for voltage channels,2718016,0,-0.00019845156023498895,0.00020536346990157928,True,,ALL_SAMPLES
sub-SD010_ses-01_task-PassiveListen,RHB10,SEEG,uV,SI volts for voltage channels,2718016,0,-0.0002300868390936141,0.00019685650415808345,True,,ALL_SAMPLES
sub-SD010_ses-01_task-PassiveListen,RHH1,SEEG,uV,SI volts for voltage channels,2718016,0,-0.0006479915312428473,0.0008324863508049133,True,,ALL_SAMPLES
sub-SD010_ses-01_task-PassiveListen,RHH2,SEEG,uV,SI volts for voltage channels,2718016,0,-0.0006035958037689783,0.00046323086900129694,True,,ALL_SAMPLES
sub-SD010_ses-01_task-PassiveListen,RHH3,SEEG,uV,SI volts for voltage channels,2718016,0,-0.0005395277180132754,0.0004395708705271992,True,,ALL_SAMPLES
sub-SD010_ses-01_task-PassiveListen,RHH4,SEEG,uV,SI volts for voltage channels,2718016,0,-0.0002481641412985428,0.0004515337911039902,True,,ALL_SAMPLES
sub-SD010_ses-01_task-PassiveListen,RHH5,SEEG,uV,SI volts for voltage channels,2718016,0,-0.00025268346684977495,0.00047173783474479283,True,,ALL_SAMPLES
sub-SD010_ses-01_task-PassiveListen,RHH6,SEEG,uV,SI volts for voltage channels,2718016,0,-0.00031808076600289923,0.00046429423971923396,True,,ALL_SAMPLES
sub-SD010_ses-01_task-PassiveListen,RHH7,SEEG,uV,SI volts for voltage channels,2718016,0,-0.0004975245746547646,0.0006176854657816434,True,,ALL_SAMPLES
sub-SD010_ses-01_task-PassiveListen,RHH8,SEEG,uV,SI volts for voltage channels,2718016,0,-0.0005233113145647364,0.0005671753566796368,True,,ALL_SAMPLES
sub-SD010_ses-01_task-PassiveListen,RHH9,SEEG,uV,SI volts for voltage channels,2718016,0,-0.00022556751354238196,0.00018595695429922938,True,,ALL_SAMPLES
sub-SD010_ses-01_task-PassiveListen,RHH10,SEEG,uV,SI volts for voltage channels,2718016,0,-0.000450204577706569,0.00030611784542610815,True,,ALL_SAMPLES
sub-SD010_ses-01_task-PassiveListen,RA1,SEEG,uV,SI volts for voltage channels,2718016,0,-0.0009829533073929962,0.0008683751125352864,True,,ALL_SAMPLES
sub-SD010_ses-01_task-PassiveListen,RA2,SEEG,uV,SI volts for voltage channels,2718016,0,-0.0004613699702449073,0.0005658461432822156,True,,ALL_SAMPLES
sub-SD010_ses-01_task-PassiveListen,RA3,SEEG,uV,SI volts for voltage channels,2718016,0,-0.00033642391088731217,0.0005743531090257114,True,,ALL_SAMPLES
sub-SD010_ses-01_task-PassiveListen,RA4,SEEG,uV,SI volts for voltage channels,2718016,0,-0.0003101054856183718,0.0006200780498970016,True,,ALL_SAMPLES
sub-SD010_ses-01_task-PassiveListen,RA5,SEEG,uV,SI volts for voltage channels,2718016,0,-0.00033615806820782787,0.0007229591668574043,True,,ALL_SAMPLES
sub-SD010_ses-01_task-PassiveListen,RA6,SEEG,uV,SI volts for voltage channels,2718016,0,-0.00035822301060502024,0.0007152497291523613,True,,ALL_SAMPLES
sub-SD010_ses-01_task-PassiveListen,RA7,SEEG,uV,SI volts for voltage channels,2718016,0,-0.0003781612115663386,0.0006490549019607842,True,,ALL_SAMPLES
sub-SD010_ses-01_task-PassiveListen,RA8,SEEG,uV,SI volts for voltage channels,2718016,0,-0.0003848072785534447,0.0005464396276798657,True,,ALL_SAMPLES
sub-SD010_ses-01_task-PassiveListen,RA9,SEEG,uV,SI volts for voltage channels,2718016,0,-0.00034067739375906003,0.0002797994201571679,True,,ALL_SAMPLES
sub-SD010_ses-01_task-PassiveListen,RA10,SEEG,uV,SI volts for voltage channels,2718016,0,-0.0006043933318074312,0.0005368692912184329,True,,ALL_SAMPLES
sub-SD010_ses-01_task-PassiveListen,Fp1,EEG,uV,SI volts for voltage channels,2718016,0,-0.0004704086213473716,0.0008311571374074922,False,OFFICIAL_BAD:noise,ALL_SAMPLES
sub-SD010_ses-01_task-PassiveListen,F7,EEG,uV,SI volts for voltage channels,2718016,0,-0.0004276079499504082,0.0007394414129854276,False,OFFICIAL_BAD:noise,ALL_SAMPLES
sub-SD010_ses-01_task-PassiveListen,T3,EEG,uV,SI volts for voltage channels,2718016,0,-0.000638952880140383,0.0008269036545357441,False,OFFICIAL_BAD:noise,ALL_SAMPLES
sub-SD010_ses-01_task-PassiveListen,T1,EEG,uV,SI volts for voltage channels,2718016,0,-0.0047395762111848636,0.0014003263141832607,False,OFFICIAL_BAD:noise,ALL_SAMPLES
sub-SD010_ses-01_task-PassiveListen,T5,EEG,uV,SI volts for voltage channels,2718016,0,-0.00033961402304112306,0.0003305753719386587,False,OFFICIAL_BAD:noise,ALL_SAMPLES
sub-SD010_ses-01_task-PassiveListen,O1,EEG,uV,SI volts for voltage channels,2718016,0,-0.008711,0.008711,False,OFFICIAL_BAD:noise,ALL_SAMPLES
sub-SD010_ses-01_task-PassiveListen,A1,EEG,uV,SI volts for voltage channels,2718016,0,-0.0005100191805905241,0.0005724922102693217,False,OFFICIAL_BAD:noise,ALL_SAMPLES
sub-SD010_ses-01_task-PassiveListen,F3,EEG,uV,SI volts for voltage channels,2718016,0,-0.0007782544441901273,0.0004398367132066834,False,OFFICIAL_BAD:noise,ALL_SAMPLES
sub-SD010_ses-01_task-PassiveListen,C3,EEG,uV,SI volts for voltage channels,2718016,0,-0.00022264324406805525,0.0003871998626688029,False,README_UNUSED_C_PREFIX;OFFICIAL_BAD:noise,ALL_SAMPLES
sub-SD010_ses-01_task-PassiveListen,P3,EEG,uV,SI volts for voltage channels,2718016,0,-0.00025215178149080647,0.00021546549172198057,False,OFFICIAL_BAD:noise,ALL_SAMPLES
sub-SD010_ses-01_task-PassiveListen,Fz,EEG,uV,SI volts for voltage channels,2718016,0,-0.00024577155718318456,0.00023194773785000379,False,OFFICIAL_BAD:noise,ALL_SAMPLES
sub-SD010_ses-01_task-PassiveListen,Cz,EEG,uV,SI volts for voltage channels,2718016,0,-0.0009324431982909896,0.00048609333943694204,False,README_UNUSED_C_PREFIX;OFFICIAL_BAD:noise,ALL_SAMPLES
sub-SD010_ses-01_task-PassiveListen,PZ,EEG,uV,SI volts for voltage channels,2718016,0,-0.008711,0.008711,False,OFFICIAL_BAD:noise,ALL_SAMPLES
sub-SD010_ses-01_task-PassiveListen,Fp2,EEG,uV,SI volts for voltage channels,2718016,0,-0.00044568525215533684,0.0007450241092545967,False,OFFICIAL_BAD:noise,ALL_SAMPLES
sub-SD010_ses-01_task-PassiveListen,F8,EEG,uV,SI volts for voltage channels,2718016,0,-0.008711,0.008711,False,OFFICIAL_BAD:noise,ALL_SAMPLES
sub-SD010_ses-01_task-PassiveListen,T4,EEG,uV,SI volts for voltage channels,2718016,0,-0.000721364110780499,0.0003552987411306935,False,OFFICIAL_BAD:noise,ALL_SAMPLES
sub-SD010_ses-01_task-PassiveListen,T2,EEG,uV,SI volts for voltage channels,2718016,0,-0.008711,0.008711,False,OFFICIAL_BAD:noise,ALL_SAMPLES
sub-SD010_ses-01_task-PassiveListen,T6,EEG,uV,SI volts for voltage channels,2718016,0,-0.0005924304112306402,0.0005889744563973449,False,OFFICIAL_BAD:noise,ALL_SAMPLES
sub-SD010_ses-01_task-PassiveListen,O2,EEG,uV,SI volts for voltage channels,2718016,0,-0.00014980234988937213,0.0001229522392614633,False,OFFICIAL_BAD:noise,ALL_SAMPLES
sub-SD010_ses-01_task-PassiveListen,A2,EEG,uV,SI volts for voltage channels,2718016,0,-0.0010797200427252612,0.00041750592813000686,False,OFFICIAL_BAD:noise,ALL_SAMPLES
sub-SD010_ses-01_task-PassiveListen,F4,EEG,uV,SI volts for voltage channels,2718016,0,-0.0008675775844968338,0.0005536173800259403,False,OFFICIAL_BAD:noise,ALL_SAMPLES
sub-SD010_ses-01_task-PassiveListen,C4,EEG,uV,SI volts for voltage channels,2718016,0,-0.00048290322728313114,0.00016336032654306855,False,README_UNUSED_C_PREFIX;OFFICIAL_BAD:noise,ALL_SAMPLES
sub-SD010_ses-01_task-PassiveListen,P4,EEG,uV,SI volts for voltage channels,2718016,0,-0.00043584907301441974,0.00019818571755550465,False,OFFICIAL_BAD:noise,ALL_SAMPLES
sub-SD010_ses-01_task-PassiveListen,EKG2,ECG,uV,SI volts for voltage channels,2718016,0,-0.002354169848172732,0.0016996651712825207,False,NOT_NEURAL_CHANNEL,ALL_SAMPLES
sub-SD010_ses-01_task-PassiveListen,EKG4,ECG,uV,SI volts for voltage channels,2718016,0,-0.0022893042343785763,0.006326125322346837,False,NOT_NEURAL_CHANNEL,ALL_SAMPLES
sub-SD010_ses-01_task-PassiveListen,C136,OTHER,uV,SI volts for voltage channels,2718016,0,-0.0008705018539711605,0.0002582661631189441,False,README_UNUSED_C_PREFIX;OFFICIAL_BAD:noise;NOT_NEURAL_CHANNEL,ALL_SAMPLES
sub-SD010_ses-01_task-PassiveListen,C137,OTHER,uV,SI volts for voltage channels,2718016,0,-0.0005969497367818722,0.00019472976272220946,False,README_UNUSED_C_PREFIX;OFFICIAL_BAD:noise;NOT_NEURAL_CHANNEL,ALL_SAMPLES
sub-SD010_ses-01_task-PassiveListen,C138,OTHER,uV,SI volts for voltage channels,2718016,0,-0.005530458182650491,0.008711,False,README_UNUSED_C_PREFIX;OFFICIAL_BAD:noise;NOT_NEURAL_CHANNEL,ALL_SAMPLES
sub-SD010_ses-01_task-PassiveListen,C139,OTHER,uV,SI volts for voltage channels,2718016,0,-0.003764731105516136,0.004030307942320897,False,README_UNUSED_C_PREFIX;OFFICIAL_BAD:noise;NOT_NEURAL_CHANNEL,ALL_SAMPLES
sub-SD010_ses-01_task-PassiveListen,C140,OTHER,uV,SI volts for voltage channels,2718016,0,-0.005196825619897764,0.004093844342717631,False,README_UNUSED_C_PREFIX;OFFICIAL_BAD:noise;NOT_NEURAL_CHANNEL,ALL_SAMPLES
sub-SD010_ses-01_task-PassiveListen,C141,OTHER,uV,SI volts for voltage channels,2718016,0,-0.006639819684138247,0.008711,False,README_UNUSED_C_PREFIX;OFFICIAL_BAD:noise;NOT_NEURAL_CHANNEL,ALL_SAMPLES
sub-SD010_ses-01_task-PassiveListen,C142,OTHER,uV,SI volts for voltage channels,2718016,0,-0.008509757091630427,0.008711,False,README_UNUSED_C_PREFIX;OFFICIAL_BAD:noise;NOT_NEURAL_CHANNEL,ALL_SAMPLES
sub-SD010_ses-01_task-PassiveListen,C143,OTHER,uV,SI volts for voltage channels,2718016,0,-0.008166022507057297,0.00807031914244297,False,README_UNUSED_C_PREFIX;OFFICIAL_BAD:noise;NOT_NEURAL_CHANNEL,ALL_SAMPLES
sub-SD010_ses-01_task-PassiveListen,C144,OTHER,uV,SI volts for voltage channels,2718016,0,-0.008711,0.008711,False,README_UNUSED_C_PREFIX;OFFICIAL_BAD:noise;NOT_NEURAL_CHANNEL,ALL_SAMPLES
sub-SD010_ses-01_task-PassiveListen,C145,OTHER,uV,SI volts for voltage channels,2718016,0,-0.008711,0.008711,False,README_UNUSED_C_PREFIX;OFFICIAL_BAD:noise;NOT_NEURAL_CHANNEL,ALL_SAMPLES
sub-SD010_ses-01_task-PassiveListen,C146,OTHER,uV,SI volts for voltage channels,2718016,0,-0.007174429312581063,0.008711,False,README_UNUSED_C_PREFIX;OFFICIAL_BAD:noise;NOT_NEURAL_CHANNEL,ALL_SAMPLES
sub-SD010_ses-01_task-PassiveListen,C147,OTHER,uV,SI volts for voltage channels,2718016,0,-0.0017331613488975356,0.004684015091172656,False,README_UNUSED_C_PREFIX;OFFICIAL_BAD:noise;NOT_NEURAL_CHANNEL,ALL_SAMPLES
sub-SD010_ses-01_task-PassiveListen,C148,OTHER,uV,SI volts for voltage channels,2718016,0,-0.0018176993209735254,0.00398351963073167,False,README_UNUSED_C_PREFIX;OFFICIAL_BAD:noise;NOT_NEURAL_CHANNEL,ALL_SAMPLES
sub-SD010_ses-01_task-PassiveListen,C149,OTHER,uV,SI volts for voltage channels,2718016,0,-0.008659426520180057,0.008711,False,README_UNUSED_C_PREFIX;OFFICIAL_BAD:noise;NOT_NEURAL_CHANNEL,ALL_SAMPLES
sub-SD010_ses-01_task-PassiveListen,C150,OTHER,uV,SI volts for voltage channels,2718016,0,-0.005093678660257878,0.008711,False,README_UNUSED_C_PREFIX;OFFICIAL_BAD:noise;NOT_NEURAL_CHANNEL,ALL_SAMPLES
sub-SD010_ses-01_task-PassiveListen,C151,OTHER,uV,SI volts for voltage channels,2718016,0,-0.001426644739452201,0.0033439021438925764,False,README_UNUSED_C_PREFIX;OFFICIAL_BAD:noise;NOT_NEURAL_CHANNEL,ALL_SAMPLES
sub-SD010_ses-01_task-PassiveListen,C152,OTHER,uV,SI volts for voltage channels,2718016,0,1.3292133974209717e-07,0.008711,False,README_UNUSED_C_PREFIX;OFFICIAL_BAD:noise;NOT_NEURAL_CHANNEL,ALL_SAMPLES
sub-SD010_ses-01_task-PassiveListen,C153,OTHER,uV,SI volts for voltage channels,2718016,0,1.3292133974209717e-07,0.008711,False,README_UNUSED_C_PREFIX;OFFICIAL_BAD:noise;NOT_NEURAL_CHANNEL,ALL_SAMPLES
sub-SD010_ses-01_task-PassiveListen,C154,OTHER,uV,SI volts for voltage channels,2718016,0,1.3292133974209717e-07,0.008711,False,README_UNUSED_C_PREFIX;OFFICIAL_BAD:noise;NOT_NEURAL_CHANNEL,ALL_SAMPLES
sub-SD010_ses-01_task-PassiveListen,C155,OTHER,uV,SI volts for voltage channels,2718016,0,1.3292133974209717e-07,0.008711,False,README_UNUSED_C_PREFIX;OFFICIAL_BAD:noise;NOT_NEURAL_CHANNEL,ALL_SAMPLES
sub-SD010_ses-01_task-PassiveListen,C156,OTHER,uV,SI volts for voltage channels,2718016,0,1.3292133974209717e-07,0.008711,False,README_UNUSED_C_PREFIX;OFFICIAL_BAD:noise;NOT_NEURAL_CHANNEL,ALL_SAMPLES
sub-SD010_ses-01_task-PassiveListen,C157,OTHER,uV,SI volts for voltage channels,2718016,0,1.3292133974209717e-07,0.008711,False,README_UNUSED_C_PREFIX;OFFICIAL_BAD:noise;NOT_NEURAL_CHANNEL,ALL_SAMPLES
sub-SD010_ses-01_task-PassiveListen,C158,OTHER,uV,SI volts for voltage channels,2718016,0,1.3292133974209717e-07,0.008711,False,README_UNUSED_C_PREFIX;OFFICIAL_BAD:noise;NOT_NEURAL_CHANNEL,ALL_SAMPLES
sub-SD010_ses-01_task-PassiveListen,C159,OTHER,uV,SI volts for voltage channels,2718016,0,1.3292133974209717e-07,0.008711,False,README_UNUSED_C_PREFIX;OFFICIAL_BAD:noise;NOT_NEURAL_CHANNEL,ALL_SAMPLES
sub-SD010_ses-01_task-PassiveListen,C160,OTHER,uV,SI volts for voltage channels,2718016,0,1.3292133974209717e-07,0.008711,False,README_UNUSED_C_PREFIX;OFFICIAL_BAD:noise;NOT_NEURAL_CHANNEL,ALL_SAMPLES
sub-SD010_ses-01_task-PassiveListen,C161,OTHER,uV,SI volts for voltage channels,2718016,0,1.3292133974209717e-07,0.008711,False,README_UNUSED_C_PREFIX;OFFICIAL_BAD:noise;NOT_NEURAL_CHANNEL,ALL_SAMPLES
sub-SD010_ses-01_task-PassiveListen,C162,OTHER,uV,SI volts for voltage channels,2718016,0,1.3292133974209717e-07,0.008711,False,README_UNUSED_C_PREFIX;OFFICIAL_BAD:noise;NOT_NEURAL_CHANNEL,ALL_SAMPLES
sub-SD010_ses-01_task-PassiveListen,C163,OTHER,uV,SI volts for voltage channels,2718016,0,1.3292133974209717e-07,0.008711,False,README_UNUSED_C_PREFIX;OFFICIAL_BAD:noise;NOT_NEURAL_CHANNEL,ALL_SAMPLES
sub-SD010_ses-01_task-PassiveListen,C164,OTHER,uV,SI volts for voltage channels,2718016,0,1.3292133974209717e-07,0.008711,False,README_UNUSED_C_PREFIX;OFFICIAL_BAD:noise;NOT_NEURAL_CHANNEL,ALL_SAMPLES
sub-SD010_ses-01_task-PassiveListen,C165,OTHER,uV,SI volts for voltage channels,2718016,0,1.3292133974209717e-07,0.008711,False,README_UNUSED_C_PREFIX;OFFICIAL_BAD:noise;NOT_NEURAL_CHANNEL,ALL_SAMPLES
sub-SD010_ses-01_task-PassiveListen,C166,OTHER,uV,SI volts for voltage channels,2718016,0,1.3292133974209717e-07,0.008711,False,README_UNUSED_C_PREFIX;OFFICIAL_BAD:noise;NOT_NEURAL_CHANNEL,ALL_SAMPLES
sub-SD010_ses-01_task-PassiveListen,C167,OTHER,uV,SI volts for voltage channels,2718016,0,1.3292133974209717e-07,0.008711,False,README_UNUSED_C_PREFIX;OFFICIAL_BAD:noise;NOT_NEURAL_CHANNEL,ALL_SAMPLES
sub-SD010_ses-01_task-PassiveListen,C168,OTHER,uV,SI volts for voltage channels,2718016,0,1.3292133974209717e-07,0.008711,False,README_UNUSED_C_PREFIX;OFFICIAL_BAD:noise;NOT_NEURAL_CHANNEL,ALL_SAMPLES
sub-SD010_ses-01_task-PassiveListen,C169,OTHER,uV,SI volts for voltage channels,2718016,0,1.3292133974209717e-07,0.008711,False,README_UNUSED_C_PREFIX;OFFICIAL_BAD:noise;NOT_NEURAL_CHANNEL,ALL_SAMPLES
sub-SD010_ses-01_task-PassiveListen,C170,OTHER,uV,SI volts for voltage channels,2718016,0,1.3292133974209717e-07,0.008711,False,README_UNUSED_C_PREFIX;OFFICIAL_BAD:noise;NOT_NEURAL_CHANNEL,ALL_SAMPLES
sub-SD010_ses-01_task-PassiveListen,C171,OTHER,uV,SI volts for voltage channels,2718016,0,1.3292133974209717e-07,0.008711,False,README_UNUSED_C_PREFIX;OFFICIAL_BAD:noise;NOT_NEURAL_CHANNEL,ALL_SAMPLES
sub-SD010_ses-01_task-PassiveListen,C172,OTHER,uV,SI volts for voltage channels,2718016,0,1.3292133974209717e-07,0.008711,False,README_UNUSED_C_PREFIX;OFFICIAL_BAD:noise;NOT_NEURAL_CHANNEL,ALL_SAMPLES
sub-SD010_ses-01_task-PassiveListen,C173,OTHER,uV,SI volts for voltage channels,2718016,0,1.3292133974209717e-07,0.008711,False,README_UNUSED_C_PREFIX;OFFICIAL_BAD:noise;NOT_NEURAL_CHANNEL,ALL_SAMPLES
sub-SD010_ses-01_task-PassiveListen,C174,OTHER,uV,SI volts for voltage channels,2718016,0,1.3292133974209717e-07,0.008711,False,README_UNUSED_C_PREFIX;OFFICIAL_BAD:noise;NOT_NEURAL_CHANNEL,ALL_SAMPLES
sub-SD010_ses-01_task-PassiveListen,C175,OTHER,uV,SI volts for voltage channels,2718016,0,1.3292133974209717e-07,0.008711,False,README_UNUSED_C_PREFIX;OFFICIAL_BAD:noise;NOT_NEURAL_CHANNEL,ALL_SAMPLES
sub-SD010_ses-01_task-PassiveListen,C176,OTHER,uV,SI volts for voltage channels,2718016,0,1.3292133974209717e-07,0.008711,False,README_UNUSED_C_PREFIX;OFFICIAL_BAD:noise;NOT_NEURAL_CHANNEL,ALL_SAMPLES
sub-SD010_ses-01_task-PassiveListen,C177,OTHER,uV,SI volts for voltage channels,2718016,0,1.3292133974209717e-07,0.008711,False,README_UNUSED_C_PREFIX;OFFICIAL_BAD:noise;NOT_NEURAL_CHANNEL,ALL_SAMPLES
sub-SD010_ses-01_task-PassiveListen,C178,OTHER,uV,SI volts for voltage channels,2718016,0,1.3292133974209717e-07,0.008711,False,README_UNUSED_C_PREFIX;OFFICIAL_BAD:noise;NOT_NEURAL_CHANNEL,ALL_SAMPLES
sub-SD010_ses-01_task-PassiveListen,C179,OTHER,uV,SI volts for voltage channels,2718016,0,1.3292133974209717e-07,0.008711,False,README_UNUSED_C_PREFIX;OFFICIAL_BAD:noise;NOT_NEURAL_CHANNEL,ALL_SAMPLES
sub-SD010_ses-01_task-PassiveListen,C180,OTHER,uV,SI volts for voltage channels,2718016,0,1.3292133974209717e-07,0.008711,False,README_UNUSED_C_PREFIX;OFFICIAL_BAD:noise;NOT_NEURAL_CHANNEL,ALL_SAMPLES
sub-SD010_ses-01_task-PassiveListen,C181,OTHER,uV,SI volts for voltage channels,2718016,0,1.3292133974209717e-07,0.008711,False,README_UNUSED_C_PREFIX;OFFICIAL_BAD:noise;NOT_NEURAL_CHANNEL,ALL_SAMPLES
sub-SD010_ses-01_task-PassiveListen,C182,OTHER,uV,SI volts for voltage channels,2718016,0,1.3292133974209717e-07,0.008711,False,README_UNUSED_C_PREFIX;OFFICIAL_BAD:noise;NOT_NEURAL_CHANNEL,ALL_SAMPLES
sub-SD010_ses-01_task-PassiveListen,C183,OTHER,uV,SI volts for voltage channels,2718016,0,1.3292133974209717e-07,0.008711,False,README_UNUSED_C_PREFIX;OFFICIAL_BAD:noise;NOT_NEURAL_CHANNEL,ALL_SAMPLES
sub-SD010_ses-01_task-PassiveListen,C184,OTHER,uV,SI volts for voltage channels,2718016,0,1.3292133974209717e-07,0.008711,False,README_UNUSED_C_PREFIX;OFFICIAL_BAD:noise;NOT_NEURAL_CHANNEL,ALL_SAMPLES
sub-SD010_ses-01_task-PassiveListen,C185,OTHER,uV,SI volts for voltage channels,2718016,0,1.3292133974209717e-07,0.008711,False,README_UNUSED_C_PREFIX;OFFICIAL_BAD:noise;NOT_NEURAL_CHANNEL,ALL_SAMPLES
sub-SD010_ses-01_task-PassiveListen,C186,OTHER,uV,SI volts for voltage channels,2718016,0,1.3292133974209717e-07,0.008711,False,README_UNUSED_C_PREFIX;OFFICIAL_BAD:noise;NOT_NEURAL_CHANNEL,ALL_SAMPLES
sub-SD010_ses-01_task-PassiveListen,C187,OTHER,uV,SI volts for voltage channels,2718016,0,1.3292133974209717e-07,0.008711,False,README_UNUSED_C_PREFIX;OFFICIAL_BAD:noise;NOT_NEURAL_CHANNEL,ALL_SAMPLES
sub-SD010_ses-01_task-PassiveListen,C188,OTHER,uV,SI volts for voltage channels,2718016,0,1.3292133974209717e-07,0.008711,False,README_UNUSED_C_PREFIX;OFFICIAL_BAD:noise;NOT_NEURAL_CHANNEL,ALL_SAMPLES
sub-SD010_ses-01_task-PassiveListen,C189,OTHER,uV,SI volts for voltage channels,2718016,0,1.3292133974209717e-07,0.008711,False,README_UNUSED_C_PREFIX;OFFICIAL_BAD:noise;NOT_NEURAL_CHANNEL,ALL_SAMPLES
sub-SD010_ses-01_task-PassiveListen,C190,OTHER,uV,SI volts for voltage channels,2718016,0,1.3292133974209717e-07,0.008711,False,README_UNUSED_C_PREFIX;OFFICIAL_BAD:noise;NOT_NEURAL_CHANNEL,ALL_SAMPLES
sub-SD010_ses-01_task-PassiveListen,C191,OTHER,uV,SI volts for voltage channels,2718016,0,1.3292133974209717e-07,0.008711,False,README_UNUSED_C_PREFIX;OFFICIAL_BAD:noise;NOT_NEURAL_CHANNEL,ALL_SAMPLES
sub-SD010_ses-01_task-PassiveListen,C192,OTHER,uV,SI volts for voltage channels,2718016,0,1.3292133974209717e-07,0.008711,False,README_UNUSED_C_PREFIX;OFFICIAL_BAD:noise;NOT_NEURAL_CHANNEL,ALL_SAMPLES
sub-SD010_ses-01_task-PassiveListen,C193,OTHER,uV,SI volts for voltage channels,2718016,0,1.3292133974209717e-07,0.008711,False,README_UNUSED_C_PREFIX;OFFICIAL_BAD:noise;NOT_NEURAL_CHANNEL,ALL_SAMPLES
sub-SD010_ses-01_task-PassiveListen,C194,OTHER,uV,SI volts for voltage channels,2718016,0,1.3292133974209717e-07,0.008711,False,README_UNUSED_C_PREFIX;OFFICIAL_BAD:noise;NOT_NEURAL_CHANNEL,ALL_SAMPLES
sub-SD010_ses-01_task-PassiveListen,C195,OTHER,uV,SI volts for voltage channels,2718016,0,1.3292133974209717e-07,0.008711,False,README_UNUSED_C_PREFIX;OFFICIAL_BAD:noise;NOT_NEURAL_CHANNEL,ALL_SAMPLES
sub-SD010_ses-01_task-PassiveListen,C196,OTHER,uV,SI volts for voltage channels,2718016,0,1.3292133974209717e-07,0.008711,False,README_UNUSED_C_PREFIX;OFFICIAL_BAD:noise;NOT_NEURAL_CHANNEL,ALL_SAMPLES
sub-SD010_ses-01_task-PassiveListen,C197,OTHER,uV,SI volts for voltage channels,2718016,0,1.3292133974209717e-07,0.008711,False,README_UNUSED_C_PREFIX;OFFICIAL_BAD:noise;NOT_NEURAL_CHANNEL,ALL_SAMPLES
sub-SD010_ses-01_task-PassiveListen,C198,OTHER,uV,SI volts for voltage channels,2718016,0,1.3292133974209717e-07,0.008711,False,README_UNUSED_C_PREFIX;OFFICIAL_BAD:noise;NOT_NEURAL_CHANNEL,ALL_SAMPLES
sub-SD010_ses-01_task-PassiveListen,C199,OTHER,uV,SI volts for voltage channels,2718016,0,1.3292133974209717e-07,0.008711,False,README_UNUSED_C_PREFIX;OFFICIAL_BAD:noise;NOT_NEURAL_CHANNEL,ALL_SAMPLES
sub-SD010_ses-01_task-PassiveListen,C200,OTHER,uV,SI volts for voltage channels,2718016,0,1.3292133974209717e-07,0.008711,False,README_UNUSED_C_PREFIX;OFFICIAL_BAD:noise;NOT_NEURAL_CHANNEL,ALL_SAMPLES
sub-SD010_ses-01_task-PassiveListen,C201,OTHER,uV,SI volts for voltage channels,2718016,0,1.3292133974209717e-07,0.008711,False,README_UNUSED_C_PREFIX;OFFICIAL_BAD:noise;NOT_NEURAL_CHANNEL,ALL_SAMPLES
sub-SD010_ses-01_task-PassiveListen,C202,OTHER,uV,SI volts for voltage channels,2718016,0,1.3292133974209717e-07,0.008711,False,README_UNUSED_C_PREFIX;OFFICIAL_BAD:noise;NOT_NEURAL_CHANNEL,ALL_SAMPLES
sub-SD010_ses-01_task-PassiveListen,C203,OTHER,uV,SI volts for voltage channels,2718016,0,1.3292133974209717e-07,0.008711,False,README_UNUSED_C_PREFIX;OFFICIAL_BAD:noise;NOT_NEURAL_CHANNEL,ALL_SAMPLES
sub-SD010_ses-01_task-PassiveListen,C204,OTHER,uV,SI volts for voltage channels,2718016,0,1.3292133974209717e-07,0.008711,False,README_UNUSED_C_PREFIX;OFFICIAL_BAD:noise;NOT_NEURAL_CHANNEL,ALL_SAMPLES
sub-SD010_ses-01_task-PassiveListen,C205,OTHER,uV,SI volts for voltage channels,2718016,0,1.3292133974209717e-07,0.008711,False,README_UNUSED_C_PREFIX;OFFICIAL_BAD:noise;NOT_NEURAL_CHANNEL,ALL_SAMPLES
sub-SD010_ses-01_task-PassiveListen,C206,OTHER,uV,SI volts for voltage channels,2718016,0,1.3292133974209717e-07,0.008711,False,README_UNUSED_C_PREFIX;OFFICIAL_BAD:noise;NOT_NEURAL_CHANNEL,ALL_SAMPLES
sub-SD010_ses-01_task-PassiveListen,C207,OTHER,uV,SI volts for voltage channels,2718016,0,1.3292133974209717e-07,0.008711,False,README_UNUSED_C_PREFIX;OFFICIAL_BAD:noise;NOT_NEURAL_CHANNEL,ALL_SAMPLES
sub-SD010_ses-01_task-PassiveListen,C208,OTHER,uV,SI volts for voltage channels,2718016,0,1.3292133974209717e-07,0.008711,False,README_UNUSED_C_PREFIX;OFFICIAL_BAD:noise;NOT_NEURAL_CHANNEL,ALL_SAMPLES
sub-SD010_ses-01_task-PassiveListen,C209,OTHER,uV,SI volts for voltage channels,2718016,0,1.3292133974209717e-07,0.008711,False,README_UNUSED_C_PREFIX;OFFICIAL_BAD:noise;NOT_NEURAL_CHANNEL,ALL_SAMPLES
sub-SD010_ses-01_task-PassiveListen,C210,OTHER,uV,SI volts for voltage channels,2718016,0,1.3292133974209717e-07,0.008711,False,README_UNUSED_C_PREFIX;OFFICIAL_BAD:noise;NOT_NEURAL_CHANNEL,ALL_SAMPLES
sub-SD010_ses-01_task-PassiveListen,C211,OTHER,uV,SI volts for voltage channels,2718016,0,1.3292133974209717e-07,0.008711,False,README_UNUSED_C_PREFIX;OFFICIAL_BAD:noise;NOT_NEURAL_CHANNEL,ALL_SAMPLES
sub-SD010_ses-01_task-PassiveListen,C212,OTHER,uV,SI volts for voltage channels,2718016,0,1.3292133974209717e-07,0.008711,False,README_UNUSED_C_PREFIX;OFFICIAL_BAD:noise;NOT_NEURAL_CHANNEL,ALL_SAMPLES
sub-SD010_ses-01_task-PassiveListen,C213,OTHER,uV,SI volts for voltage channels,2718016,0,1.3292133974209717e-07,0.008711,False,README_UNUSED_C_PREFIX;OFFICIAL_BAD:noise;NOT_NEURAL_CHANNEL,ALL_SAMPLES
sub-SD010_ses-01_task-PassiveListen,C214,OTHER,uV,SI volts for voltage channels,2718016,0,1.3292133974209717e-07,0.008711,False,README_UNUSED_C_PREFIX;OFFICIAL_BAD:noise;NOT_NEURAL_CHANNEL,ALL_SAMPLES
sub-SD010_ses-01_task-PassiveListen,C215,OTHER,uV,SI volts for voltage channels,2718016,0,1.3292133974209717e-07,0.008711,False,README_UNUSED_C_PREFIX;OFFICIAL_BAD:noise;NOT_NEURAL_CHANNEL,ALL_SAMPLES
sub-SD010_ses-01_task-PassiveListen,C216,OTHER,uV,SI volts for voltage channels,2718016,0,1.3292133974209717e-07,0.008711,False,README_UNUSED_C_PREFIX;OFFICIAL_BAD:noise;NOT_NEURAL_CHANNEL,ALL_SAMPLES
sub-SD010_ses-01_task-PassiveListen,C217,OTHER,uV,SI volts for voltage channels,2718016,0,1.3292133974209717e-07,0.008711,False,README_UNUSED_C_PREFIX;OFFICIAL_BAD:noise;NOT_NEURAL_CHANNEL,ALL_SAMPLES
sub-SD010_ses-01_task-PassiveListen,C218,OTHER,uV,SI volts for voltage channels,2718016,0,1.3292133974209717e-07,0.008711,False,README_UNUSED_C_PREFIX;OFFICIAL_BAD:noise;NOT_NEURAL_CHANNEL,ALL_SAMPLES
sub-SD010_ses-01_task-PassiveListen,C219,OTHER,uV,SI volts for voltage channels,2718016,0,1.3292133974209717e-07,0.008711,False,README_UNUSED_C_PREFIX;OFFICIAL_BAD:noise;NOT_NEURAL_CHANNEL,ALL_SAMPLES
sub-SD010_ses-01_task-PassiveListen,C220,OTHER,uV,SI volts for voltage channels,2718016,0,1.3292133974209717e-07,0.008711,False,README_UNUSED_C_PREFIX;OFFICIAL_BAD:noise;NOT_NEURAL_CHANNEL,ALL_SAMPLES
sub-SD010_ses-01_task-PassiveListen,C221,OTHER,uV,SI volts for voltage channels,2718016,0,1.3292133974209717e-07,0.008711,False,README_UNUSED_C_PREFIX;OFFICIAL_BAD:noise;NOT_NEURAL_CHANNEL,ALL_SAMPLES
sub-SD010_ses-01_task-PassiveListen,C222,OTHER,uV,SI volts for voltage channels,2718016,0,1.3292133974209717e-07,0.008711,False,README_UNUSED_C_PREFIX;OFFICIAL_BAD:noise;NOT_NEURAL_CHANNEL,ALL_SAMPLES
sub-SD010_ses-01_task-PassiveListen,C223,OTHER,uV,SI volts for voltage channels,2718016,0,1.3292133974209717e-07,0.008711,False,README_UNUSED_C_PREFIX;OFFICIAL_BAD:noise;NOT_NEURAL_CHANNEL,ALL_SAMPLES
sub-SD010_ses-01_task-PassiveListen,C224,OTHER,uV,SI volts for voltage channels,2718016,0,1.3292133974209717e-07,0.008711,False,README_UNUSED_C_PREFIX;OFFICIAL_BAD:noise;NOT_NEURAL_CHANNEL,ALL_SAMPLES
sub-SD010_ses-01_task-PassiveListen,C225,OTHER,uV,SI volts for voltage channels,2718016,0,1.3292133974209717e-07,0.008711,False,README_UNUSED_C_PREFIX;OFFICIAL_BAD:noise;NOT_NEURAL_CHANNEL,ALL_SAMPLES
sub-SD010_ses-01_task-PassiveListen,C226,OTHER,uV,SI volts for voltage channels,2718016,0,1.3292133974209717e-07,0.008711,False,README_UNUSED_C_PREFIX;OFFICIAL_BAD:noise;NOT_NEURAL_CHANNEL,ALL_SAMPLES
sub-SD010_ses-01_task-PassiveListen,C227,OTHER,uV,SI volts for voltage channels,2718016,0,1.3292133974209717e-07,0.008711,False,README_UNUSED_C_PREFIX;OFFICIAL_BAD:noise;NOT_NEURAL_CHANNEL,ALL_SAMPLES
sub-SD010_ses-01_task-PassiveListen,C228,OTHER,uV,SI volts for voltage channels,2718016,0,1.3292133974209717e-07,0.008711,False,README_UNUSED_C_PREFIX;OFFICIAL_BAD:noise;NOT_NEURAL_CHANNEL,ALL_SAMPLES
sub-SD010_ses-01_task-PassiveListen,C229,OTHER,uV,SI volts for voltage channels,2718016,0,1.3292133974209717e-07,0.008711,False,README_UNUSED_C_PREFIX;OFFICIAL_BAD:noise;NOT_NEURAL_CHANNEL,ALL_SAMPLES
sub-SD010_ses-01_task-PassiveListen,C230,OTHER,uV,SI volts for voltage channels,2718016,0,1.3292133974209717e-07,0.008711,False,README_UNUSED_C_PREFIX;OFFICIAL_BAD:noise;NOT_NEURAL_CHANNEL,ALL_SAMPLES
sub-SD010_ses-01_task-PassiveListen,C231,OTHER,uV,SI volts for voltage channels,2718016,0,1.3292133974209717e-07,0.008711,False,README_UNUSED_C_PREFIX;OFFICIAL_BAD:noise;NOT_NEURAL_CHANNEL,ALL_SAMPLES
sub-SD010_ses-01_task-PassiveListen,C232,OTHER,uV,SI volts for voltage channels,2718016,0,1.3292133974209717e-07,0.008711,False,README_UNUSED_C_PREFIX;OFFICIAL_BAD:noise;NOT_NEURAL_CHANNEL,ALL_SAMPLES
sub-SD010_ses-01_task-PassiveListen,C233,OTHER,uV,SI volts for voltage channels,2718016,0,1.3292133974209717e-07,0.008711,False,README_UNUSED_C_PREFIX;OFFICIAL_BAD:noise;NOT_NEURAL_CHANNEL,ALL_SAMPLES
sub-SD010_ses-01_task-PassiveListen,C234,OTHER,uV,SI volts for voltage channels,2718016,0,1.3292133974209717e-07,0.008711,False,README_UNUSED_C_PREFIX;OFFICIAL_BAD:noise;NOT_NEURAL_CHANNEL,ALL_SAMPLES
sub-SD010_ses-01_task-PassiveListen,C235,OTHER,uV,SI volts for voltage channels,2718016,0,1.3292133974209717e-07,0.008711,False,README_UNUSED_C_PREFIX;OFFICIAL_BAD:noise;NOT_NEURAL_CHANNEL,ALL_SAMPLES
sub-SD010_ses-01_task-PassiveListen,C236,OTHER,uV,SI volts for voltage channels,2718016,0,1.3292133974209717e-07,0.008711,False,README_UNUSED_C_PREFIX;OFFICIAL_BAD:noise;NOT_NEURAL_CHANNEL,ALL_SAMPLES
sub-SD010_ses-01_task-PassiveListen,C237,OTHER,uV,SI volts for voltage channels,2718016,0,1.3292133974209717e-07,0.008711,False,README_UNUSED_C_PREFIX;OFFICIAL_BAD:noise;NOT_NEURAL_CHANNEL,ALL_SAMPLES
sub-SD010_ses-01_task-PassiveListen,C238,OTHER,uV,SI volts for voltage channels,2718016,0,1.3292133974209717e-07,0.008711,False,README_UNUSED_C_PREFIX;OFFICIAL_BAD:noise;NOT_NEURAL_CHANNEL,ALL_SAMPLES
sub-SD010_ses-01_task-PassiveListen,C239,OTHER,uV,SI volts for voltage channels,2718016,0,1.3292133974209717e-07,0.008711,False,README_UNUSED_C_PREFIX;OFFICIAL_BAD:noise;NOT_NEURAL_CHANNEL,ALL_SAMPLES
sub-SD010_ses-01_task-PassiveListen,C240,OTHER,uV,SI volts for voltage channels,2718016,0,1.3292133974209717e-07,0.008711,False,README_UNUSED_C_PREFIX;OFFICIAL_BAD:noise;NOT_NEURAL_CHANNEL,ALL_SAMPLES
sub-SD010_ses-01_task-PassiveListen,C241,OTHER,uV,SI volts for voltage channels,2718016,0,1.3292133974209717e-07,0.008711,False,README_UNUSED_C_PREFIX;OFFICIAL_BAD:noise;NOT_NEURAL_CHANNEL,ALL_SAMPLES
sub-SD010_ses-01_task-PassiveListen,C242,OTHER,uV,SI volts for voltage channels,2718016,0,1.3292133974209717e-07,0.008711,False,README_UNUSED_C_PREFIX;OFFICIAL_BAD:noise;NOT_NEURAL_CHANNEL,ALL_SAMPLES
sub-SD010_ses-01_task-PassiveListen,C243,OTHER,uV,SI volts for voltage channels,2718016,0,1.3292133974209717e-07,0.008711,False,README_UNUSED_C_PREFIX;OFFICIAL_BAD:noise;NOT_NEURAL_CHANNEL,ALL_SAMPLES
sub-SD010_ses-01_task-PassiveListen,C244,OTHER,uV,SI volts for voltage channels,2718016,0,1.3292133974209717e-07,0.008711,False,README_UNUSED_C_PREFIX;OFFICIAL_BAD:noise;NOT_NEURAL_CHANNEL,ALL_SAMPLES
sub-SD010_ses-01_task-PassiveListen,C245,OTHER,uV,SI volts for voltage channels,2718016,0,1.3292133974209717e-07,0.008711,False,README_UNUSED_C_PREFIX;OFFICIAL_BAD:noise;NOT_NEURAL_CHANNEL,ALL_SAMPLES
sub-SD010_ses-01_task-PassiveListen,C246,OTHER,uV,SI volts for voltage channels,2718016,0,1.3292133974209717e-07,0.008711,False,README_UNUSED_C_PREFIX;OFFICIAL_BAD:noise;NOT_NEURAL_CHANNEL,ALL_SAMPLES
sub-SD010_ses-01_task-PassiveListen,C247,OTHER,uV,SI volts for voltage channels,2718016,0,1.3292133974209717e-07,0.008711,False,README_UNUSED_C_PREFIX;OFFICIAL_BAD:noise;NOT_NEURAL_CHANNEL,ALL_SAMPLES
sub-SD010_ses-01_task-PassiveListen,C248,OTHER,uV,SI volts for voltage channels,2718016,0,1.3292133974209717e-07,0.008711,False,README_UNUSED_C_PREFIX;OFFICIAL_BAD:noise;NOT_NEURAL_CHANNEL,ALL_SAMPLES
sub-SD010_ses-01_task-PassiveListen,C249,OTHER,uV,SI volts for voltage channels,2718016,0,1.3292133974209717e-07,0.008711,False,README_UNUSED_C_PREFIX;OFFICIAL_BAD:noise;NOT_NEURAL_CHANNEL,ALL_SAMPLES
sub-SD010_ses-01_task-PassiveListen,C250,OTHER,uV,SI volts for voltage channels,2718016,0,1.3292133974209717e-07,0.008711,False,README_UNUSED_C_PREFIX;OFFICIAL_BAD:noise;NOT_NEURAL_CHANNEL,ALL_SAMPLES
sub-SD010_ses-01_task-PassiveListen,C251,OTHER,uV,SI volts for voltage channels,2718016,0,1.3292133974209717e-07,0.008711,False,README_UNUSED_C_PREFIX;OFFICIAL_BAD:noise;NOT_NEURAL_CHANNEL,ALL_SAMPLES
sub-SD010_ses-01_task-PassiveListen,C252,OTHER,uV,SI volts for voltage channels,2718016,0,1.3292133974209717e-07,0.008711,False,README_UNUSED_C_PREFIX;OFFICIAL_BAD:noise;NOT_NEURAL_CHANNEL,ALL_SAMPLES
sub-SD010_ses-01_task-PassiveListen,C253,OTHER,uV,SI volts for voltage channels,2718016,0,1.3292133974209717e-07,0.008711,False,README_UNUSED_C_PREFIX;OFFICIAL_BAD:noise;NOT_NEURAL_CHANNEL,ALL_SAMPLES
sub-SD010_ses-01_task-PassiveListen,C254,OTHER,uV,SI volts for voltage channels,2718016,0,1.3292133974209717e-07,0.008711,False,README_UNUSED_C_PREFIX;OFFICIAL_BAD:noise;NOT_NEURAL_CHANNEL,ALL_SAMPLES
sub-SD010_ses-01_task-PassiveListen,C255,OTHER,uV,SI volts for voltage channels,2718016,0,1.3292133974209717e-07,0.008711,False,README_UNUSED_C_PREFIX;OFFICIAL_BAD:noise;NOT_NEURAL_CHANNEL,ALL_SAMPLES
sub-SD010_ses-01_task-PassiveListen,C256,OTHER,uV,SI volts for voltage channels,2718016,0,1.3292133974209717e-07,0.008711,False,README_UNUSED_C_PREFIX;OFFICIAL_BAD:noise;NOT_NEURAL_CHANNEL,ALL_SAMPLES
sub-SD010_ses-01_task-PassiveListen,DC1,MISC,n/a,SI volts for voltage channels,2718016,0,-1.1648975417715728,1.2188228885328447,False,UNKNOWN_CHANNEL_METADATA_OR_UNIT;NOT_NEURAL_CHANNEL,ALL_SAMPLES
sub-SD010_ses-01_task-PassiveListen,DC2,MISC,n/a,SI volts for voltage channels,2718016,0,-7.860837720334529e-05,0.046143117418173174,False,UNKNOWN_CHANNEL_METADATA_OR_UNIT;OFFICIAL_BAD:noise;NOT_NEURAL_CHANNEL,ALL_SAMPLES
sub-SD010_ses-01_task-PassiveListen,DC3,MISC,n/a,SI volts for voltage channels,2718016,0,-7.860837720334529e-05,0.03608124513618645,False,UNKNOWN_CHANNEL_METADATA_OR_UNIT;OFFICIAL_BAD:noise;NOT_NEURAL_CHANNEL,ALL_SAMPLES
sub-SD010_ses-01_task-PassiveListen,DC4,MISC,n/a,SI volts for voltage channels,2718016,0,-7.860837720334529e-05,0.025390505836575553,False,UNKNOWN_CHANNEL_METADATA_OR_UNIT;OFFICIAL_BAD:noise;NOT_NEURAL_CHANNEL,ALL_SAMPLES
sub-SD010_ses-01_task-PassiveListen,DC5,MISC,n/a,SI volts for voltage channels,2718016,0,-7.860837720334529e-05,0.037338979171434784,False,UNKNOWN_CHANNEL_METADATA_OR_UNIT;OFFICIAL_BAD:noise;NOT_NEURAL_CHANNEL,ALL_SAMPLES
sub-SD010_ses-01_task-PassiveListen,DC6,MISC,n/a,SI volts for voltage channels,2718016,0,-7.860837720334529e-05,0.055104472419317596,False,UNKNOWN_CHANNEL_METADATA_OR_UNIT;OFFICIAL_BAD:noise;NOT_NEURAL_CHANNEL,ALL_SAMPLES
sub-SD010_ses-01_task-PassiveListen,DC7,MISC,n/a,SI volts for voltage channels,2718016,0,-1.1298382055390253,1.1798331334401462,False,UNKNOWN_CHANNEL_METADATA_OR_UNIT;OFFICIAL_BAD:noise;NOT_NEURAL_CHANNEL,ALL_SAMPLES
sub-SD010_ses-01_task-PassiveListen,DC8,MISC,n/a,SI volts for voltage channels,2718016,0,-7.860837720334529e-05,0.037810629434652916,False,UNKNOWN_CHANNEL_METADATA_OR_UNIT;OFFICIAL_BAD:noise;NOT_NEURAL_CHANNEL,ALL_SAMPLES
sub-SD010_ses-01_task-PassiveListen,DC9,MISC,n/a,SI volts for voltage channels,2718016,0,-7.860837720334529e-05,0.02711989013504202,False,UNKNOWN_CHANNEL_METADATA_OR_UNIT;OFFICIAL_BAD:noise;NOT_NEURAL_CHANNEL,ALL_SAMPLES
sub-SD010_ses-01_task-PassiveListen,DC10,MISC,n/a,SI volts for voltage channels,2718016,0,-7.860837720334529e-05,0.04897301899748194,False,UNKNOWN_CHANNEL_METADATA_OR_UNIT;OFFICIAL_BAD:noise;NOT_NEURAL_CHANNEL,ALL_SAMPLES
sub-SD010_ses-01_task-PassiveListen,DC11,MISC,n/a,SI volts for voltage channels,2718016,0,-7.860837720334529e-05,0.04850136873426381,False,UNKNOWN_CHANNEL_METADATA_OR_UNIT;OFFICIAL_BAD:noise;NOT_NEURAL_CHANNEL,ALL_SAMPLES
sub-SD010_ses-01_task-PassiveListen,DC12,MISC,n/a,SI volts for voltage channels,2718016,0,-7.860837720334529e-05,0.03671011215381061,False,UNKNOWN_CHANNEL_METADATA_OR_UNIT;OFFICIAL_BAD:noise;NOT_NEURAL_CHANNEL,ALL_SAMPLES
sub-SD010_ses-01_task-PassiveListen,DC13,MISC,n/a,SI volts for voltage channels,2718016,0,-7.860837720334529e-05,0.027434323643854105,False,UNKNOWN_CHANNEL_METADATA_OR_UNIT;OFFICIAL_BAD:noise;NOT_NEURAL_CHANNEL,ALL_SAMPLES
sub-SD010_ses-01_task-PassiveListen,DC14,MISC,n/a,SI volts for voltage channels,2718016,0,-7.860837720334529e-05,0.019259052414739894,False,UNKNOWN_CHANNEL_METADATA_OR_UNIT;OFFICIAL_BAD:noise;NOT_NEURAL_CHANNEL,ALL_SAMPLES
sub-SD010_ses-01_task-PassiveListen,DC15,MISC,n/a,SI volts for voltage channels,2718016,0,-7.860837720334529e-05,0.009039963378347124,False,UNKNOWN_CHANNEL_METADATA_OR_UNIT;OFFICIAL_BAD:noise;NOT_NEURAL_CHANNEL,ALL_SAMPLES
sub-SD010_ses-01_task-PassiveListen,DC16,MISC,n/a,SI volts for voltage channels,2718016,0,-7.860837720334529e-05,0.02774875715266619,False,UNKNOWN_CHANNEL_METADATA_OR_UNIT;OFFICIAL_BAD:noise;NOT_NEURAL_CHANNEL,ALL_SAMPLES
sub-SD010_ses-01_task-PassiveListen,TRIG,TRIG,n/a,SI volts for voltage channels,2718016,0,-7.860837720334529e-05,-7.860837720334529e-05,False,UNKNOWN_CHANNEL_METADATA_OR_UNIT;OFFICIAL_BAD:noise;NOT_NEURAL_CHANNEL;FLAT_EXACT,ALL_SAMPLES
sub-SD010_ses-01_task-PassiveListen,OSAT,MISC,n/a,SI volts for voltage channels,2718016,0,0.0,0.0,False,UNKNOWN_CHANNEL_METADATA_OR_UNIT;OFFICIAL_BAD:noise;NOT_NEURAL_CHANNEL;FLAT_EXACT,ALL_SAMPLES
sub-SD010_ses-01_task-PassiveListen,PR,MISC,n/a,SI volts for voltage channels,2718016,0,0.0,0.0,False,UNKNOWN_CHANNEL_METADATA_OR_UNIT;OFFICIAL_BAD:noise;NOT_NEURAL_CHANNEL;FLAT_EXACT,ALL_SAMPLES
sub-SD010_ses-01_task-PassiveListen,Pleth,MISC,n/a,SI volts for voltage channels,2718016,0,0.03276699999976158,2144.9836531480278,False,UNKNOWN_CHANNEL_METADATA_OR_UNIT;OFFICIAL_BAD:noise;NOT_NEURAL_CHANNEL,ALL_SAMPLES
sub-SD011_ses-01_task-PassiveListen,LINS1,SEEG,uV,SI volts for voltage channels,3322048,0,-0.0008643874723430229,0.0012926600289921415,True,,ALL_SAMPLES
sub-SD011_ses-01_task-PassiveListen,LINS2,SEEG,uV,SI volts for voltage channels,3322048,0,-0.0008792746623941405,0.0008752870222018768,True,,ALL_SAMPLES
sub-SD011_ses-01_task-PassiveListen,LINS3,SEEG,uV,SI volts for voltage channels,3322048,0,-0.0008859207293812467,0.0008654508430609597,True,,ALL_SAMPLES
sub-SD011_ses-01_task-PassiveListen,LINS4,SEEG,uV,SI volts for voltage channels,3322048,0,-0.00088299645990692,0.000861463202868696,True,,ALL_SAMPLES
sub-SD011_ses-01_task-PassiveListen,LINS5,SEEG,uV,SI volts for voltage channels,3322048,0,-0.0009356333104448005,0.0008896425268940261,True,,ALL_SAMPLES
sub-SD011_ses-01_task-PassiveListen,LINS6,SEEG,uV,SI volts for voltage channels,3322048,0,-0.0009220753337911039,0.0009119733119707026,True,,ALL_SAMPLES
sub-SD011_ses-01_task-PassiveListen,LINS7,SEEG,uV,SI volts for voltage channels,3322048,0,-0.001150965880827039,0.0028308257724879837,True,,ALL_SAMPLES
sub-SD011_ses-01_task-PassiveListen,LINS8,SEEG,uV,SI volts for voltage channels,3322048,0,-0.0008332838788433661,0.002081681101701381,True,,ALL_SAMPLES
sub-SD011_ses-01_task-PassiveListen,LINS9,SEEG,uV,SI volts for voltage channels,3322048,0,-0.0008673117418173496,0.0009553056687266345,True,,ALL_SAMPLES
sub-SD011_ses-01_task-PassiveListen,LINS10,SEEG,uV,SI volts for voltage channels,3322048,0,-0.0010225638666361487,0.0009771047684443426,True,,ALL_SAMPLES
sub-SD011_ses-01_task-PassiveListen,LPC1,SEEG,uV,SI volts for voltage channels,3322048,0,-0.0009202144350347142,0.0011366103761348896,True,,ALL_SAMPLES
sub-SD011_ses-01_task-PassiveListen,LPC2,SEEG,uV,SI volts for voltage channels,3322048,0,-0.0008739578088044557,0.000944937804226749,True,,ALL_SAMPLES
sub-SD011_ses-01_task-PassiveListen,LPC3,SEEG,uV,SI volts for voltage channels,3322048,0,-0.0008800721904325933,0.0009223411764705881,True,,ALL_SAMPLES
sub-SD011_ses-01_task-PassiveListen,LPC4,SEEG,uV,SI volts for voltage channels,3322048,0,-0.0009287214007782102,0.0008686409552147706,True,,ALL_SAMPLES
sub-SD011_ses-01_task-PassiveListen,LPC5,SEEG,uV,SI volts for voltage channels,3322048,0,-0.0008162699473563744,0.000905858930342565,True,,ALL_SAMPLES
sub-SD011_ses-01_task-PassiveListen,LPC6,SEEG,uV,SI volts for voltage channels,3322048,0,-0.0008460443274586099,0.0009523813992523078,True,,ALL_SAMPLES
sub-SD011_ses-01_task-PassiveListen,LPC7,SEEG,uV,SI volts for voltage channels,3322048,0,-0.0008750211795223926,0.0009183535362783245,True,,ALL_SAMPLES
sub-SD011_ses-01_task-PassiveListen,LPC8,SEEG,uV,SI volts for voltage channels,3322048,0,-0.0008465760128175784,0.001326953734645609,True,,ALL_SAMPLES
sub-SD011_ses-01_task-PassiveListen,LPC9,SEEG,uV,SI volts for voltage channels,3322048,0,-0.0008401957885099565,0.001223806775005722,True,,ALL_SAMPLES
sub-SD011_ses-01_task-PassiveListen,LPC10,SEEG,uV,SI volts for voltage channels,3322048,0,-0.0030296760967421987,0.0008790088197146562,True,,ALL_SAMPLES
sub-SD011_ses-01_task-PassiveListen,LAC1,SEEG,uV,SI volts for voltage channels,3322048,0,-0.000852690394445716,0.0009414818493934539,True,,ALL_SAMPLES
sub-SD011_ses-01_task-PassiveListen,LAC2,SEEG,uV,SI volts for voltage channels,3322048,0,-0.0008925667963683528,0.0009018712901503013,True,,ALL_SAMPLES
sub-SD011_ses-01_task-PassiveListen,LAC3,SEEG,uV,SI volts for voltage channels,3322048,0,-0.0008798063477531091,0.0008702360112916761,True,,ALL_SAMPLES
sub-SD011_ses-01_task-PassiveListen,LAC4,SEEG,uV,SI volts for voltage channels,3322048,0,-0.0008728944380865186,0.000939620950637064,True,,ALL_SAMPLES
sub-SD011_ses-01_task-PassiveListen,LAC5,SEEG,uV,SI volts for voltage channels,3322048,0,-0.0008694384832532234,0.0009095807278553444,True,,ALL_SAMPLES
sub-SD011_ses-01_task-PassiveListen,LAC6,SEEG,uV,SI volts for voltage channels,3322048,0,-0.0008343472495613031,0.0009518497138933394,True,,ALL_SAMPLES
sub-SD011_ses-01_task-PassiveListen,LAC7,SEEG,uV,SI volts for voltage channels,3322048,0,-0.0008242452277409017,0.0009249996032654306,True,,ALL_SAMPLES
sub-SD011_ses-01_task-PassiveListen,LAC8,SEEG,uV,SI volts for voltage channels,3322048,0,-0.0008497661249713893,0.0009784339818417638,True,,ALL_SAMPLES
sub-SD011_ses-01_task-PassiveListen,LAC9,SEEG,uV,SI volts for voltage channels,3322048,0,-0.0008314229800869764,0.0009369625238422216,True,,ALL_SAMPLES
sub-SD011_ses-01_task-PassiveListen,LAC10,SEEG,uV,SI volts for voltage channels,3322048,0,-0.0008298279240100709,0.0009239362325474936,True,,ALL_SAMPLES
sub-SD011_ses-01_task-PassiveListen,LHT1,SEEG,uV,SI volts for voltage channels,3322048,0,-0.0008896425268940261,0.0010321342030975814,True,,ALL_SAMPLES
sub-SD011_ses-01_task-PassiveListen,LHT2,SEEG,uV,SI volts for voltage channels,3322048,0,-0.0011903105973907072,0.0010821126268406194,True,,ALL_SAMPLES
sub-SD011_ses-01_task-PassiveListen,LHT3,SEEG,uV,SI volts for voltage channels,3322048,0,-0.00109779734493019,0.0009547739833676661,True,,ALL_SAMPLES
sub-SD011_ses-01_task-PassiveListen,LHT4,SEEG,uV,SI volts for voltage channels,3322048,0,-0.001000233081559472,0.0009388234225986114,True,,ALL_SAMPLES
sub-SD011_ses-01_task-PassiveListen,LHT5,SEEG,uV,SI volts for voltage channels,3322048,0,-0.0009332407263294422,0.0008912375829709314,True,,ALL_SAMPLES
sub-SD011_ses-01_task-PassiveListen,LHT6,SEEG,uV,SI volts for voltage channels,3322048,0,-0.0009497229724574654,0.0009077198290989547,True,,ALL_SAMPLES
sub-SD011_ses-01_task-PassiveListen,LHT7,SEEG,uV,SI volts for voltage channels,3322048,0,-0.0010106009460593575,0.0009343040970473792,True,,ALL_SAMPLES
sub-SD011_ses-01_task-PassiveListen,LHT8,SEEG,uV,SI volts for voltage channels,3322048,0,-0.0009183535362783245,0.000939620950637064,True,,ALL_SAMPLES
sub-SD011_ses-01_task-PassiveListen,LHT9,SEEG,uV,SI volts for voltage channels,3322048,0,-0.0008375373617151141,0.0009130366826886396,True,,ALL_SAMPLES
sub-SD011_ses-01_task-PassiveListen,LHT10,SEEG,uV,SI volts for voltage channels,3322048,0,-0.001007676676585031,0.0008545512932021057,True,,ALL_SAMPLES
sub-SD011_ses-01_task-PassiveListen,LSTGP1,SEEG,uV,SI volts for voltage channels,3322048,0,-0.0011807402609292743,0.0008492344396124208,True,,ALL_SAMPLES
sub-SD011_ses-01_task-PassiveListen,LSTGP2,SEEG,uV,SI volts for voltage channels,3322048,0,-0.0009287214007782102,0.0008877816281376363,True,,ALL_SAMPLES
sub-SD011_ses-01_task-PassiveListen,LSTGP3,SEEG,uV,SI volts for voltage channels,3322048,0,-0.000909049042496376,0.0008901742122529946,True,,ALL_SAMPLES
sub-SD011_ses-01_task-PassiveListen,LSTGP4,SEEG,uV,SI volts for voltage channels,3322048,0,-0.0008774137636377509,0.0009055930876630807,True,,ALL_SAMPLES
sub-SD011_ses-01_task-PassiveListen,LSTGP5,SEEG,uV,SI volts for voltage channels,3322048,0,-0.000786495567254139,0.0009324431982909895,True,,ALL_SAMPLES
sub-SD011_ses-01_task-PassiveListen,LSTGP6,SEEG,uV,SI volts for voltage channels,3322048,0,-0.0007694816357671474,0.0009016054474708171,True,,ALL_SAMPLES
sub-SD011_ses-01_task-PassiveListen,LSTGP7,SEEG,uV,SI volts for voltage channels,3322048,0,-0.0008202575875486381,0.0008938960097657739,True,,ALL_SAMPLES
sub-SD011_ses-01_task-PassiveListen,LSTGP8,SEEG,uV,SI volts for voltage channels,3322048,0,-0.0008027119707026779,0.0010127276874952315,True,,ALL_SAMPLES
sub-SD011_ses-01_task-PassiveListen,LSTGP9,SEEG,uV,SI volts for voltage channels,3322048,0,-0.001031602517738613,0.000940684321355001,True,,ALL_SAMPLES
sub-SD011_ses-01_task-PassiveListen,LSTGP10,SEEG,uV,SI volts for voltage channels,3322048,0,-0.0008088263523308156,0.0008835281452658884,True,,ALL_SAMPLES
sub-SD011_ses-01_task-PassiveListen,LHH1,SEEG,uV,SI volts for voltage channels,3322048,0,-0.0009255312886243992,0.0011153429617761501,True,,ALL_SAMPLES
sub-SD011_ses-01_task-PassiveListen,LHH2,SEEG,uV,SI volts for voltage channels,3322048,0,-0.0008415250019073777,0.001118267231250477,True,,ALL_SAMPLES
sub-SD011_ses-01_task-PassiveListen,LHH3,SEEG,uV,SI volts for voltage channels,3322048,0,-0.0009085173571374075,0.0009034663462272067,True,,ALL_SAMPLES
sub-SD011_ses-01_task-PassiveListen,LHH4,SEEG,uV,SI volts for voltage channels,3322048,0,-0.001043565438315404,0.0008827306172274357,True,,ALL_SAMPLES
sub-SD011_ses-01_task-PassiveListen,LHH5,SEEG,uV,SI volts for voltage channels,3322048,0,-0.000997042969405661,0.000879806347753109,True,,ALL_SAMPLES
sub-SD011_ses-01_task-PassiveListen,LHH6,SEEG,uV,SI volts for voltage channels,3322048,0,-0.001017512855725948,0.0009074539864194705,True,,ALL_SAMPLES
sub-SD011_ses-01_task-PassiveListen,LHH7,SEEG,uV,SI volts for voltage channels,3322048,0,-0.0010196395971618219,0.0009872067902647439,True,,ALL_SAMPLES
sub-SD011_ses-01_task-PassiveListen,LHH8,SEEG,uV,SI volts for voltage channels,3322048,0,-0.0009829533073929962,0.0014335566491187914,True,,ALL_SAMPLES
sub-SD011_ses-01_task-PassiveListen,LHH9,SEEG,uV,SI volts for voltage channels,3322048,0,-0.0009117074692912184,0.002596884214541848,True,,ALL_SAMPLES
sub-SD011_ses-01_task-PassiveListen,LHH10,SEEG,uV,SI volts for voltage channels,3322048,0,-0.000877679606317235,0.0009630151064316777,True,,ALL_SAMPLES
sub-SD011_ses-01_task-PassiveListen,LA1,SEEG,uV,SI volts for voltage channels,3322048,0,-0.0009087831998168917,0.000982953307392996,True,,ALL_SAMPLES
sub-SD011_ses-01_task-PassiveListen,LA2,SEEG,uV,SI volts for voltage channels,3322048,0,-0.0009109099412527657,0.0009635467917906462,True,,ALL_SAMPLES
sub-SD011_ses-01_task-PassiveListen,LA3,SEEG,uV,SI volts for voltage channels,3322048,0,-0.0009353674677653163,0.0009292530861371786,True,,ALL_SAMPLES
sub-SD011_ses-01_task-PassiveListen,LA4,SEEG,uV,SI volts for voltage channels,3322048,0,-0.0009595591515983825,0.0009135683680476081,True,,ALL_SAMPLES
sub-SD011_ses-01_task-PassiveListen,LA5,SEEG,uV,SI volts for voltage channels,3322048,0,-0.0010161836423285267,0.0009095807278553444,True,,ALL_SAMPLES
sub-SD011_ses-01_task-PassiveListen,LA6,SEEG,uV,SI volts for voltage channels,3322048,0,-0.0010270831921873806,0.0007870272526131074,True,,ALL_SAMPLES
sub-SD011_ses-01_task-PassiveListen,LA7,SEEG,uV,SI volts for voltage channels,3322048,0,-0.0010688204928664072,0.0009725854428931105,True,,ALL_SAMPLES
sub-SD011_ses-01_task-PassiveListen,LA8,SEEG,uV,SI volts for voltage channels,3322048,0,-0.0009135683680476081,0.000917821850919356,True,,ALL_SAMPLES
sub-SD011_ses-01_task-PassiveListen,LA9,SEEG,uV,SI volts for voltage channels,3322048,0,-0.0009616858930342565,0.002682485557335775,True,,ALL_SAMPLES
sub-SD011_ses-01_task-PassiveListen,LA10,SEEG,uV,SI volts for voltage channels,3322048,0,-0.0014896494544899672,0.0014218595712214845,True,,ALL_SAMPLES
sub-SD011_ses-01_task-PassiveListen,RPC1,SEEG,uV,SI volts for voltage channels,3322048,0,-0.0010137910582131684,0.0011328885786221104,True,,ALL_SAMPLES
sub-SD011_ses-01_task-PassiveListen,RPC2,SEEG,uV,SI volts for voltage channels,3322048,0,-0.0009377600518806745,0.0009202144350347142,True,,ALL_SAMPLES
sub-SD011_ses-01_task-PassiveListen,RPC3,SEEG,uV,SI volts for voltage channels,3322048,0,-0.0008851232013427939,0.0009087831998168917,True,,ALL_SAMPLES
sub-SD011_ses-01_task-PassiveListen,RPC4,SEEG,uV,SI volts for voltage channels,3322048,0,-0.0008500319676508736,0.0008891108415350576,True,,ALL_SAMPLES
sub-SD011_ses-01_task-PassiveListen,RPC5,SEEG,uV,SI volts for voltage channels,3322048,0,-0.0008487027542534522,0.0008853890440222781,True,,ALL_SAMPLES
sub-SD011_ses-01_task-PassiveListen,RPC6,SEEG,uV,SI volts for voltage channels,3322048,0,-0.0007926099488822766,0.000887515785458152,True,,ALL_SAMPLES
sub-SD011_ses-01_task-PassiveListen,RPC7,SEEG,uV,SI volts for voltage channels,3322048,0,-0.0007907490501258869,0.0009125049973296711,True,,ALL_SAMPLES
sub-SD011_ses-01_task-PassiveListen,RPC8,SEEG,uV,SI volts for voltage channels,3322048,0,-0.0007825079270618753,0.0010358560006103606,True,,ALL_SAMPLES
sub-SD011_ses-01_task-PassiveListen,RPC9,SEEG,uV,SI volts for voltage channels,3322048,0,-0.0008106872510872053,0.0012264652018005645,True,,ALL_SAMPLES
sub-SD011_ses-01_task-PassiveListen,RPC10,SEEG,uV,SI volts for voltage channels,3322048,0,-0.0007803811856260014,0.0008548171358815898,True,,ALL_SAMPLES
sub-SD011_ses-01_task-PassiveListen,RAC1,SEEG,uV,SI volts for voltage channels,3322048,0,-0.0008864524147402152,0.0009109099412527656,True,,ALL_SAMPLES
sub-SD011_ses-01_task-PassiveListen,RAC2,SEEG,uV,SI volts for voltage channels,3322048,0,-0.0008965544365606165,0.0009138342107270923,True,,ALL_SAMPLES
sub-SD011_ses-01_task-PassiveListen,RAC3,SEEG,uV,SI volts for voltage channels,3322048,0,-0.0008439175860227359,0.0009872067902647439,True,,ALL_SAMPLES
sub-SD011_ses-01_task-PassiveListen,RAC4,SEEG,uV,SI volts for voltage channels,3322048,0,-0.0008758187075608453,0.0010047524071107041,True,,ALL_SAMPLES
sub-SD011_ses-01_task-PassiveListen,RAC5,SEEG,uV,SI volts for voltage channels,3322048,0,-0.0009024029755092698,0.0009632809491111619,True,,ALL_SAMPLES
sub-SD011_ses-01_task-PassiveListen,RAC6,SEEG,uV,SI volts for voltage channels,3322048,0,-0.0008651850003814755,0.0009475962310215915,True,,ALL_SAMPLES
sub-SD011_ses-01_task-PassiveListen,RAC7,SEEG,uV,SI volts for voltage channels,3322048,0,-0.0009366966811627374,0.0009941186999313342,True,,ALL_SAMPLES
sub-SD011_ses-01_task-PassiveListen,RAC8,SEEG,uV,SI volts for voltage channels,3322048,0,-0.0009353674677653163,0.0009332407263294422,True,,ALL_SAMPLES
sub-SD011_ses-01_task-PassiveListen,RAC9,SEEG,uV,SI volts for voltage channels,3322048,0,-0.0009715220721751736,0.0009172901655603875,True,,ALL_SAMPLES
sub-SD011_ses-01_task-PassiveListen,RAC10,SEEG,uV,SI volts for voltage channels,3322048,0,-0.001142193072404059,0.0008811355611505301,True,,ALL_SAMPLES
sub-SD011_ses-01_task-PassiveListen,RHT1,SEEG,uV,SI volts for voltage channels,3322048,0,-0.0008455126420996413,0.000999169710841535,True,,ALL_SAMPLES
sub-SD011_ses-01_task-PassiveListen,RHT2,SEEG,uV,SI volts for voltage channels,3322048,0,-0.003875853345540551,0.0028031781338216217,True,,ALL_SAMPLES
sub-SD011_ses-01_task-PassiveListen,RHT3,SEEG,uV,SI volts for voltage channels,3322048,0,-0.0010172470130464636,0.0010209688105592431,True,,ALL_SAMPLES
sub-SD011_ses-01_task-PassiveListen,RHT4,SEEG,uV,SI volts for voltage channels,3322048,0,-0.000974180498970016,0.0009606225223163195,True,,ALL_SAMPLES
sub-SD011_ses-01_task-PassiveListen,RHT5,SEEG,uV,SI volts for voltage channels,3322048,0,-0.0009810924086366064,0.000960090836957351,True,,ALL_SAMPLES
sub-SD011_ses-01_task-PassiveListen,RHT6,SEEG,uV,SI volts for voltage channels,3322048,0,-0.0009430769054703593,0.0009521155565728235,True,,ALL_SAMPLES
sub-SD011_ses-01_task-PassiveListen,RHT7,SEEG,uV,SI volts for voltage channels,3322048,0,-0.0009125049973296711,0.0009757755550469214,True,,ALL_SAMPLES
sub-SD011_ses-01_task-PassiveListen,RHT8,SEEG,uV,SI volts for voltage channels,3322048,0,-0.0008694384832532234,0.0009640784771496146,True,,ALL_SAMPLES
sub-SD011_ses-01_task-PassiveListen,RHT9,SEEG,uV,SI volts for voltage channels,3322048,0,-0.000896022751201648,0.0009733829709315632,True,,ALL_SAMPLES
sub-SD011_ses-01_task-PassiveListen,RHT10,SEEG,uV,SI volts for voltage channels,3322048,0,-0.001906224933241779,0.004135315800717174,True,,ALL_SAMPLES
sub-SD011_ses-01_task-PassiveListen,RHH1,SEEG,uV,SI volts for voltage channels,3322048,0,-0.000991460273136492,0.00104143869687953,True,,ALL_SAMPLES
sub-SD011_ses-01_task-PassiveListen,RHH2,SEEG,uV,SI volts for voltage channels,3322048,0,-0.0016916898908979935,0.0010911512779430838,True,,ALL_SAMPLES
sub-SD011_ses-01_task-PassiveListen,RHH3,SEEG,uV,SI volts for voltage channels,3322048,0,-0.002779518135347524,0.0011786135194934004,True,,ALL_SAMPLES
sub-SD011_ses-01_task-PassiveListen,RHH4,SEEG,uV,SI volts for voltage channels,3322048,0,-0.000986143419546807,0.0010063474631876095,True,,ALL_SAMPLES
sub-SD011_ses-01_task-PassiveListen,RHH5,SEEG,uV,SI volts for voltage channels,3322048,0,-0.0011110894789044022,0.0009755097123674372,True,,ALL_SAMPLES
sub-SD011_ses-01_task-PassiveListen,RHH6,SEEG,uV,SI volts for voltage channels,3322048,0,-0.0010217663385976958,0.0008986811779964904,True,,ALL_SAMPLES
sub-SD011_ses-01_task-PassiveListen,RHH7,SEEG,uV,SI volts for voltage channels,3322048,0,-0.0009183535362783245,0.000980826565957122,True,,ALL_SAMPLES
sub-SD011_ses-01_task-PassiveListen,RHH8,SEEG,uV,SI volts for voltage channels,3322048,0,-0.0009260629739833677,0.0007737351186388952,True,,ALL_SAMPLES
sub-SD011_ses-01_task-PassiveListen,RHH9,SEEG,uV,SI volts for voltage channels,3322048,0,-0.0012014759899290457,0.0008832623025864042,True,,ALL_SAMPLES
sub-SD011_ses-01_task-PassiveListen,RHH10,SEEG,uV,SI volts for voltage channels,3322048,0,-0.0014771548485542076,0.0008787429770351719,True,,ALL_SAMPLES
sub-SD011_ses-01_task-PassiveListen,RA1,SEEG,uV,SI volts for voltage channels,3322048,0,-0.0009289872434576944,0.000905858930342565,True,,ALL_SAMPLES
sub-SD011_ses-01_task-PassiveListen,RA2,SEEG,uV,SI volts for voltage channels,3322048,0,-0.0009281897154192416,0.0009425452201113907,True,,ALL_SAMPLES
sub-SD011_ses-01_task-PassiveListen,RA3,SEEG,uV,SI volts for voltage channels,3322048,0,-0.0010627061112382695,0.0008739578088044556,True,,ALL_SAMPLES
sub-SD011_ses-01_task-PassiveListen,RA4,SEEG,uV,SI volts for voltage channels,3322048,0,-0.001002359822995346,0.0009446719615472648,True,,ALL_SAMPLES
sub-SD011_ses-01_task-PassiveListen,RA5,SEEG,uV,SI volts for voltage channels,3322048,0,-0.0010448946517128252,0.0009534447699702449,True,,ALL_SAMPLES
sub-SD011_ses-01_task-PassiveListen,RA6,SEEG,uV,SI volts for voltage channels,3322048,0,-0.0010007647669184406,0.0009542422980086976,True,,ALL_SAMPLES
sub-SD011_ses-01_task-PassiveListen,RA7,SEEG,uV,SI volts for voltage channels,3322048,0,-0.0011201281300068666,0.0009606225223163195,True,,ALL_SAMPLES
sub-SD011_ses-01_task-PassiveListen,RA8,SEEG,uV,SI volts for voltage channels,3322048,0,-0.0009646101625085832,0.0009239362325474936,True,,ALL_SAMPLES
sub-SD011_ses-01_task-PassiveListen,RA9,SEEG,uV,SI volts for voltage channels,3322048,0,-0.0009994355535210193,0.0008510953383688105,True,,ALL_SAMPLES
sub-SD011_ses-01_task-PassiveListen,RA10,SEEG,uV,SI volts for voltage channels,3322048,0,-0.00110657015335317,0.0008311571374074922,True,,ALL_SAMPLES
sub-SD011_ses-01_task-PassiveListen,Fp1,EEG,uV,SI volts for voltage channels,3322048,0,-0.0009268605020218204,0.0011416613870450904,False,OFFICIAL_BAD:noise,ALL_SAMPLES
sub-SD011_ses-01_task-PassiveListen,F7,EEG,uV,SI volts for voltage channels,3322048,0,-0.0008045728694590676,0.0008295620813305866,False,OFFICIAL_BAD:noise,ALL_SAMPLES
sub-SD011_ses-01_task-PassiveListen,T3,EEG,uV,SI volts for voltage channels,3322048,0,-0.0010693521782253758,0.0008840598306248568,False,OFFICIAL_BAD:noise,ALL_SAMPLES
sub-SD011_ses-01_task-PassiveListen,T5,EEG,uV,SI volts for voltage channels,3322048,0,-0.0009733829709315633,0.000887515785458152,False,OFFICIAL_BAD:noise,ALL_SAMPLES
sub-SD011_ses-01_task-PassiveListen,O1,EEG,uV,SI volts for voltage channels,3322048,0,-0.000725883436331731,0.0008335497215228504,False,OFFICIAL_BAD:noise,ALL_SAMPLES
sub-SD011_ses-01_task-PassiveListen,F3,EEG,uV,SI volts for voltage channels,3322048,0,-0.0007383780422674905,0.0009364308384832531,False,OFFICIAL_BAD:noise,ALL_SAMPLES
sub-SD011_ses-01_task-PassiveListen,C3,EEG,uV,SI volts for voltage channels,3322048,0,-0.0008133456778820477,0.0007931416342412451,False,README_UNUSED_C_PREFIX;OFFICIAL_BAD:noise,ALL_SAMPLES
sub-SD011_ses-01_task-PassiveListen,P3,EEG,uV,SI volts for voltage channels,3322048,0,-0.0014383418173495078,0.0006469281605249104,False,OFFICIAL_BAD:noise,ALL_SAMPLES
sub-SD011_ses-01_task-PassiveListen,Fz,EEG,uV,SI volts for voltage channels,3322048,0,-0.0006471940032043947,0.000879806347753109,False,OFFICIAL_BAD:noise,ALL_SAMPLES
sub-SD011_ses-01_task-PassiveListen,Cz,EEG,uV,SI volts for voltage channels,3322048,0,-0.0005767456931410696,0.0007365171435111009,False,README_UNUSED_C_PREFIX;OFFICIAL_BAD:noise,ALL_SAMPLES
sub-SD011_ses-01_task-PassiveListen,Pz,EEG,uV,SI volts for voltage channels,3322048,0,-0.0010305391470206758,0.0006479915312428472,False,OFFICIAL_BAD:noise,ALL_SAMPLES
sub-SD011_ses-01_task-PassiveListen,Fp2,EEG,uV,SI volts for voltage channels,3322048,0,-0.0017964319066147859,0.0009436085908293277,False,OFFICIAL_BAD:noise,ALL_SAMPLES
sub-SD011_ses-01_task-PassiveListen,F8,EEG,uV,SI volts for voltage channels,3322048,0,-0.0019910287479972533,0.001150965880827039,False,OFFICIAL_BAD:noise,ALL_SAMPLES
sub-SD011_ses-01_task-PassiveListen,T4,EEG,uV,SI volts for voltage channels,3322048,0,-0.0015042708018616006,0.0006051908598458839,False,OFFICIAL_BAD:noise,ALL_SAMPLES
sub-SD011_ses-01_task-PassiveListen,T6,EEG,uV,SI volts for voltage channels,3322048,0,-0.0016515476462958725,0.0008340814068818188,False,OFFICIAL_BAD:noise,ALL_SAMPLES
sub-SD011_ses-01_task-PassiveListen,O2,EEG,uV,SI volts for voltage channels,3322048,0,-0.001603430121309224,0.0008120164644846264,False,OFFICIAL_BAD:noise,ALL_SAMPLES
sub-SD011_ses-01_task-PassiveListen,F4,EEG,uV,SI volts for voltage channels,3322048,0,-0.0015029415884641793,0.003447049103532463,False,OFFICIAL_BAD:noise,ALL_SAMPLES
sub-SD011_ses-01_task-PassiveListen,C4,EEG,uV,SI volts for voltage channels,3322048,0,-0.008711,0.008711,False,README_UNUSED_C_PREFIX;OFFICIAL_BAD:noise,ALL_SAMPLES
sub-SD011_ses-01_task-PassiveListen,P4,EEG,uV,SI volts for voltage channels,3322048,0,-0.008711,0.008711,False,OFFICIAL_BAD:noise,ALL_SAMPLES
sub-SD011_ses-01_task-PassiveListen,EKG2,ECG,uV,SI volts for voltage channels,3322048,0,-0.0014952321507591363,0.0020481849240863662,False,NOT_NEURAL_CHANNEL,ALL_SAMPLES
sub-SD011_ses-01_task-PassiveListen,EKG4,ECG,uV,SI volts for voltage channels,3322048,0,-0.0023669302967879754,0.0033534724803540093,False,NOT_NEURAL_CHANNEL,ALL_SAMPLES
sub-SD011_ses-01_task-PassiveListen,C142,OTHER,uV,SI volts for voltage channels,3322048,0,-0.0007870272526131074,0.0007766593881132219,False,README_UNUSED_C_PREFIX;OFFICIAL_BAD:noise;NOT_NEURAL_CHANNEL,ALL_SAMPLES
sub-SD011_ses-01_task-PassiveListen,C143,OTHER,uV,SI volts for voltage channels,3322048,0,-0.0005546807507438773,0.0007325295033188372,False,README_UNUSED_C_PREFIX;OFFICIAL_BAD:noise;NOT_NEURAL_CHANNEL,ALL_SAMPLES
sub-SD011_ses-01_task-PassiveListen,C144,OTHER,uV,SI volts for voltage channels,3322048,0,-0.002680358815899901,0.0035198899977111468,False,README_UNUSED_C_PREFIX;OFFICIAL_BAD:noise;NOT_NEURAL_CHANNEL,ALL_SAMPLES
sub-SD011_ses-01_task-PassiveListen,C145,OTHER,uV,SI volts for voltage channels,3322048,0,-0.00033243627069504843,0.00047572547493705646,False,README_UNUSED_C_PREFIX;OFFICIAL_BAD:noise;NOT_NEURAL_CHANNEL,ALL_SAMPLES
sub-SD011_ses-01_task-PassiveListen,C146,OTHER,uV,SI volts for voltage channels,3322048,0,-0.00031063717097734036,0.0005485663691157397,False,README_UNUSED_C_PREFIX;OFFICIAL_BAD:noise;NOT_NEURAL_CHANNEL,ALL_SAMPLES
sub-SD011_ses-01_task-PassiveListen,C147,OTHER,uV,SI volts for voltage channels,3322048,0,-0.00026438054474708174,0.00041325244525825894,False,README_UNUSED_C_PREFIX;OFFICIAL_BAD:noise;NOT_NEURAL_CHANNEL,ALL_SAMPLES
sub-SD011_ses-01_task-PassiveListen,C148,OTHER,uV,SI volts for voltage channels,3322048,0,-0.001012196002136263,0.0015289941710536353,False,README_UNUSED_C_PREFIX;OFFICIAL_BAD:noise;NOT_NEURAL_CHANNEL,ALL_SAMPLES
sub-SD011_ses-01_task-PassiveListen,C149,OTHER,uV,SI volts for voltage channels,3322048,0,-0.0002952182955672542,0.0005538832227054245,False,README_UNUSED_C_PREFIX;OFFICIAL_BAD:noise;NOT_NEURAL_CHANNEL,ALL_SAMPLES
sub-SD011_ses-01_task-PassiveListen,C150,OTHER,uV,SI volts for voltage channels,3322048,0,-0.00020908526741435874,0.00041032817578393223,False,README_UNUSED_C_PREFIX;OFFICIAL_BAD:noise;NOT_NEURAL_CHANNEL,ALL_SAMPLES
sub-SD011_ses-01_task-PassiveListen,C151,OTHER,uV,SI volts for voltage channels,3322048,0,-0.00019207133592736707,0.00028298953231097886,False,README_UNUSED_C_PREFIX;OFFICIAL_BAD:noise;NOT_NEURAL_CHANNEL,ALL_SAMPLES
sub-SD011_ses-01_task-PassiveListen,C152,OTHER,uV,SI volts for voltage channels,3322048,0,-0.00011630617227435724,0.0001577776302738994,False,README_UNUSED_C_PREFIX;OFFICIAL_BAD:noise;NOT_NEURAL_CHANNEL,ALL_SAMPLES
sub-SD011_ses-01_task-PassiveListen,C153,OTHER,uV,SI volts for voltage channels,3322048,0,-0.00015963852903028917,0.0001282690928511482,False,README_UNUSED_C_PREFIX;OFFICIAL_BAD:noise;NOT_NEURAL_CHANNEL,ALL_SAMPLES
sub-SD011_ses-01_task-PassiveListen,C154,OTHER,uV,SI volts for voltage channels,3322048,0,-0.00015352414740215154,0.00022583335622186615,False,README_UNUSED_C_PREFIX;OFFICIAL_BAD:noise;NOT_NEURAL_CHANNEL,ALL_SAMPLES
sub-SD011_ses-01_task-PassiveListen,C155,OTHER,uV,SI volts for voltage channels,3322048,0,-0.00010381156633859771,0.00013783942931258104,False,README_UNUSED_C_PREFIX;OFFICIAL_BAD:noise;NOT_NEURAL_CHANNEL,ALL_SAMPLES
sub-SD011_ses-01_task-PassiveListen,C156,OTHER,uV,SI volts for voltage channels,3322048,0,-0.00018888122377355615,0.00031568818188754095,False,README_UNUSED_C_PREFIX;OFFICIAL_BAD:noise;NOT_NEURAL_CHANNEL,ALL_SAMPLES
sub-SD011_ses-01_task-PassiveListen,C157,OTHER,uV,SI volts for voltage channels,3322048,0,-0.00014554886701762418,0.00015352414740215148,False,README_UNUSED_C_PREFIX;OFFICIAL_BAD:noise;NOT_NEURAL_CHANNEL,ALL_SAMPLES
sub-SD011_ses-01_task-PassiveListen,C158,OTHER,uV,SI volts for voltage channels,3322048,0,-0.00015990437170977341,0.0002096169527733272,False,README_UNUSED_C_PREFIX;OFFICIAL_BAD:noise;NOT_NEURAL_CHANNEL,ALL_SAMPLES
sub-SD011_ses-01_task-PassiveListen,C159,OTHER,uV,SI volts for voltage channels,3322048,0,-0.0011275717250324255,0.0020768959334706645,False,README_UNUSED_C_PREFIX;OFFICIAL_BAD:noise;NOT_NEURAL_CHANNEL,ALL_SAMPLES
sub-SD011_ses-01_task-PassiveListen,C160,OTHER,uV,SI volts for voltage channels,3322048,0,-0.0009598249942778668,0.0015616928206301974,False,README_UNUSED_C_PREFIX;OFFICIAL_BAD:noise;NOT_NEURAL_CHANNEL,ALL_SAMPLES
sub-SD011_ses-01_task-PassiveListen,C161,OTHER,uV,SI volts for voltage channels,3322048,0,-0.0002465690852216373,0.0003962385137712672,False,README_UNUSED_C_PREFIX;OFFICIAL_BAD:noise;NOT_NEURAL_CHANNEL,ALL_SAMPLES
sub-SD011_ses-01_task-PassiveListen,C162,OTHER,uV,SI volts for voltage channels,3322048,0,-0.00015458751812008853,0.00031143469901579303,False,README_UNUSED_C_PREFIX;OFFICIAL_BAD:noise;NOT_NEURAL_CHANNEL,ALL_SAMPLES
sub-SD011_ses-01_task-PassiveListen,C163,OTHER,uV,SI volts for voltage channels,3322048,0,-0.00010939426260776686,9.317785915922786e-05,False,README_UNUSED_C_PREFIX;OFFICIAL_BAD:noise;NOT_NEURAL_CHANNEL,ALL_SAMPLES
sub-SD011_ses-01_task-PassiveListen,C164,OTHER,uV,SI volts for voltage channels,3322048,0,-0.00011338190280003054,7.722729839017316e-05,False,README_UNUSED_C_PREFIX;OFFICIAL_BAD:noise;NOT_NEURAL_CHANNEL,ALL_SAMPLES
sub-SD011_ses-01_task-PassiveListen,C165,OTHER,uV,SI volts for voltage channels,3322048,0,-0.00018834953841458764,0.00024018886091401535,False,README_UNUSED_C_PREFIX;OFFICIAL_BAD:noise;NOT_NEURAL_CHANNEL,ALL_SAMPLES
sub-SD011_ses-01_task-PassiveListen,C166,OTHER,uV,SI volts for voltage channels,3322048,0,-0.0001474097657740139,0.00015139740596627755,False,README_UNUSED_C_PREFIX;OFFICIAL_BAD:noise;NOT_NEURAL_CHANNEL,ALL_SAMPLES
sub-SD011_ses-01_task-PassiveListen,C167,OTHER,uV,SI volts for voltage channels,3322048,0,-0.0001285349355306325,0.00021546549172198057,False,README_UNUSED_C_PREFIX;OFFICIAL_BAD:noise;NOT_NEURAL_CHANNEL,ALL_SAMPLES
sub-SD011_ses-01_task-PassiveListen,C168,OTHER,uV,SI volts for voltage channels,3322048,0,-8.280999465934236e-05,9.636797131303881e-05,False,README_UNUSED_C_PREFIX;OFFICIAL_BAD:noise;NOT_NEURAL_CHANNEL,ALL_SAMPLES
sub-SD011_ses-01_task-PassiveListen,C169,OTHER,uV,SI volts for voltage channels,3322048,0,-0.00024045470359349968,0.0003223342488746471,False,README_UNUSED_C_PREFIX;OFFICIAL_BAD:noise;NOT_NEURAL_CHANNEL,ALL_SAMPLES
sub-SD011_ses-01_task-PassiveListen,C170,OTHER,uV,SI volts for voltage channels,3322048,0,-0.0004385074998092622,0.0005254380560006103,False,README_UNUSED_C_PREFIX;OFFICIAL_BAD:noise;NOT_NEURAL_CHANNEL,ALL_SAMPLES
sub-SD011_ses-01_task-PassiveListen,C171,OTHER,uV,SI volts for voltage channels,3322048,0,-7.589808499275198e-05,7.51005569542992e-05,False,README_UNUSED_C_PREFIX;OFFICIAL_BAD:noise;NOT_NEURAL_CHANNEL,ALL_SAMPLES
sub-SD011_ses-01_task-PassiveListen,C172,OTHER,uV,SI volts for voltage channels,3322048,0,-8.493673609521632e-05,0.0001046090943770504,False,README_UNUSED_C_PREFIX;OFFICIAL_BAD:noise;NOT_NEURAL_CHANNEL,ALL_SAMPLES
sub-SD011_ses-01_task-PassiveListen,C173,OTHER,uV,SI volts for voltage channels,3322048,0,-0.0005084241245136187,0.0006985016403448538,False,README_UNUSED_C_PREFIX;OFFICIAL_BAD:noise;NOT_NEURAL_CHANNEL,ALL_SAMPLES
sub-SD011_ses-01_task-PassiveListen,C174,OTHER,uV,SI volts for voltage channels,3322048,0,-0.0004850299687190051,0.0007466191653315022,False,README_UNUSED_C_PREFIX;OFFICIAL_BAD:noise;NOT_NEURAL_CHANNEL,ALL_SAMPLES
sub-SD011_ses-01_task-PassiveListen,C175,OTHER,uV,SI volts for voltage channels,3322048,0,-0.00021121200885023273,0.00014634639505607688,False,README_UNUSED_C_PREFIX;OFFICIAL_BAD:noise;NOT_NEURAL_CHANNEL,ALL_SAMPLES
sub-SD011_ses-01_task-PassiveListen,C176,OTHER,uV,SI volts for voltage channels,3322048,0,-0.00037470525673304343,0.0004206960402838178,False,README_UNUSED_C_PREFIX;OFFICIAL_BAD:noise;NOT_NEURAL_CHANNEL,ALL_SAMPLES
sub-SD011_ses-01_task-PassiveListen,C177,OTHER,uV,SI volts for voltage channels,3322048,0,-0.00041617671473258565,0.0002787360494392309,False,README_UNUSED_C_PREFIX;OFFICIAL_BAD:noise;NOT_NEURAL_CHANNEL,ALL_SAMPLES
sub-SD011_ses-01_task-PassiveListen,C178,OTHER,uV,SI volts for voltage channels,3322048,0,-0.000656232654306859,0.00025029088273441667,False,README_UNUSED_C_PREFIX;OFFICIAL_BAD:noise;NOT_NEURAL_CHANNEL,ALL_SAMPLES
sub-SD011_ses-01_task-PassiveListen,C179,OTHER,uV,SI volts for voltage channels,3322048,0,-0.0005764798504615855,0.00016096774242771035,False,README_UNUSED_C_PREFIX;OFFICIAL_BAD:noise;NOT_NEURAL_CHANNEL,ALL_SAMPLES
sub-SD011_ses-01_task-PassiveListen,C180,OTHER,uV,SI volts for voltage channels,3322048,0,-0.0002992059357595178,0.0001412953841458762,False,README_UNUSED_C_PREFIX;OFFICIAL_BAD:noise;NOT_NEURAL_CHANNEL,ALL_SAMPLES
sub-SD011_ses-01_task-PassiveListen,C181,OTHER,uV,SI volts for voltage channels,3322048,0,-0.0002728875104905776,0.00010912841992828257,False,README_UNUSED_C_PREFIX;OFFICIAL_BAD:noise;NOT_NEURAL_CHANNEL,ALL_SAMPLES
sub-SD011_ses-01_task-PassiveListen,C182,OTHER,uV,SI volts for voltage channels,3322048,0,-0.00014687808041504542,0.0002013758297093156,False,README_UNUSED_C_PREFIX;OFFICIAL_BAD:noise;NOT_NEURAL_CHANNEL,ALL_SAMPLES
sub-SD011_ses-01_task-PassiveListen,C183,OTHER,uV,SI volts for voltage channels,3322048,0,-0.00018675448233768219,0.0002580003204394598,False,README_UNUSED_C_PREFIX;OFFICIAL_BAD:noise;NOT_NEURAL_CHANNEL,ALL_SAMPLES
sub-SD011_ses-01_task-PassiveListen,C184,OTHER,uV,SI volts for voltage channels,3322048,0,-0.00023327695124742508,0.0003202075074387731,False,README_UNUSED_C_PREFIX;OFFICIAL_BAD:noise;NOT_NEURAL_CHANNEL,ALL_SAMPLES
sub-SD011_ses-01_task-PassiveListen,C185,OTHER,uV,SI volts for voltage channels,3322048,0,-0.0003635398641947051,0.00029442076752880136,False,README_UNUSED_C_PREFIX;OFFICIAL_BAD:noise;NOT_NEURAL_CHANNEL,ALL_SAMPLES
sub-SD011_ses-01_task-PassiveListen,C186,OTHER,uV,SI volts for voltage channels,3322048,0,-0.0002901672846570535,0.0002633171740291447,False,README_UNUSED_C_PREFIX;OFFICIAL_BAD:noise;NOT_NEURAL_CHANNEL,ALL_SAMPLES
sub-SD011_ses-01_task-PassiveListen,C187,OTHER,uV,SI volts for voltage channels,3322048,0,-0.0004722695201037613,0.00020908526741435872,False,README_UNUSED_C_PREFIX;OFFICIAL_BAD:noise;NOT_NEURAL_CHANNEL,ALL_SAMPLES
sub-SD011_ses-01_task-PassiveListen,C188,OTHER,uV,SI volts for voltage channels,3322048,0,-0.0005230454718852521,0.00018010841535057599,False,README_UNUSED_C_PREFIX;OFFICIAL_BAD:noise;NOT_NEURAL_CHANNEL,ALL_SAMPLES
sub-SD011_ses-01_task-PassiveListen,C189,OTHER,uV,SI volts for voltage channels,3322048,0,-0.000653042542153048,0.00021147785152971692,False,README_UNUSED_C_PREFIX;OFFICIAL_BAD:noise;NOT_NEURAL_CHANNEL,ALL_SAMPLES
sub-SD011_ses-01_task-PassiveListen,C190,OTHER,uV,SI volts for voltage channels,3322048,0,-0.0007317319752803845,0.0002303526817730983,False,README_UNUSED_C_PREFIX;OFFICIAL_BAD:noise;NOT_NEURAL_CHANNEL,ALL_SAMPLES
sub-SD011_ses-01_task-PassiveListen,C191,OTHER,uV,SI volts for voltage channels,3322048,0,-0.0008768820782787824,0.0003659324483100633,False,README_UNUSED_C_PREFIX;OFFICIAL_BAD:noise;NOT_NEURAL_CHANNEL,ALL_SAMPLES
sub-SD011_ses-01_task-PassiveListen,C192,OTHER,uV,SI volts for voltage channels,3322048,0,-0.0012581004806591898,0.0006219389486533912,False,README_UNUSED_C_PREFIX;OFFICIAL_BAD:noise;NOT_NEURAL_CHANNEL,ALL_SAMPLES
sub-SD011_ses-01_task-PassiveListen,C193,OTHER,uV,SI volts for voltage channels,3322048,0,-0.008711,0.008711,False,README_UNUSED_C_PREFIX;OFFICIAL_BAD:noise;NOT_NEURAL_CHANNEL,ALL_SAMPLES
sub-SD011_ses-01_task-PassiveListen,C194,OTHER,uV,SI volts for voltage channels,3322048,0,-0.008711,0.008711,False,README_UNUSED_C_PREFIX;OFFICIAL_BAD:noise;NOT_NEURAL_CHANNEL,ALL_SAMPLES
sub-SD011_ses-01_task-PassiveListen,C195,OTHER,uV,SI volts for voltage channels,3322048,0,-0.005219953933012894,0.004299074891279469,False,README_UNUSED_C_PREFIX;OFFICIAL_BAD:noise;NOT_NEURAL_CHANNEL,ALL_SAMPLES
sub-SD011_ses-01_task-PassiveListen,C196,OTHER,uV,SI volts for voltage channels,3322048,0,-0.005915398382543679,0.003560563927672236,False,README_UNUSED_C_PREFIX;OFFICIAL_BAD:noise;NOT_NEURAL_CHANNEL,ALL_SAMPLES
sub-SD011_ses-01_task-PassiveListen,C197,OTHER,uV,SI volts for voltage channels,3322048,0,-0.007307350652323186,0.0032758464179446093,False,README_UNUSED_C_PREFIX;OFFICIAL_BAD:noise;NOT_NEURAL_CHANNEL,ALL_SAMPLES
sub-SD011_ses-01_task-PassiveListen,C198,OTHER,uV,SI volts for voltage channels,3322048,0,-0.007862696009765774,0.0030740718242160676,False,README_UNUSED_C_PREFIX;OFFICIAL_BAD:noise;NOT_NEURAL_CHANNEL,ALL_SAMPLES
sub-SD011_ses-01_task-PassiveListen,C199,OTHER,uV,SI volts for voltage channels,3322048,0,-0.007815907698176547,0.0032290581063553828,False,README_UNUSED_C_PREFIX;OFFICIAL_BAD:noise;NOT_NEURAL_CHANNEL,ALL_SAMPLES
sub-SD011_ses-01_task-PassiveListen,C200,OTHER,uV,SI volts for voltage channels,3322048,0,-0.007049483253223469,0.0031516978866254672,False,README_UNUSED_C_PREFIX;OFFICIAL_BAD:noise;NOT_NEURAL_CHANNEL,ALL_SAMPLES
sub-SD011_ses-01_task-PassiveListen,C201,OTHER,uV,SI volts for voltage channels,3322048,0,-0.008711,0.004595489478904402,False,README_UNUSED_C_PREFIX;OFFICIAL_BAD:noise;NOT_NEURAL_CHANNEL,ALL_SAMPLES
sub-SD011_ses-01_task-PassiveListen,C202,OTHER,uV,SI volts for voltage channels,3322048,0,-0.005800820187685969,0.003108099687190051,False,README_UNUSED_C_PREFIX;OFFICIAL_BAD:noise;NOT_NEURAL_CHANNEL,ALL_SAMPLES
sub-SD011_ses-01_task-PassiveListen,C203,OTHER,uV,SI volts for voltage channels,3322048,0,-0.008711,0.003936997161821927,False,README_UNUSED_C_PREFIX;OFFICIAL_BAD:noise;NOT_NEURAL_CHANNEL,ALL_SAMPLES
sub-SD011_ses-01_task-PassiveListen,C204,OTHER,uV,SI volts for voltage channels,3322048,0,-0.008711,0.008711,False,README_UNUSED_C_PREFIX;OFFICIAL_BAD:noise;NOT_NEURAL_CHANNEL,ALL_SAMPLES
sub-SD011_ses-01_task-PassiveListen,C205,OTHER,uV,SI volts for voltage channels,3322048,0,-0.008711,0.008711,False,README_UNUSED_C_PREFIX;OFFICIAL_BAD:noise;NOT_NEURAL_CHANNEL,ALL_SAMPLES
sub-SD011_ses-01_task-PassiveListen,C206,OTHER,uV,SI volts for voltage channels,3322048,0,-0.008711,0.008711,False,README_UNUSED_C_PREFIX;OFFICIAL_BAD:noise;NOT_NEURAL_CHANNEL,ALL_SAMPLES
sub-SD011_ses-01_task-PassiveListen,C207,OTHER,uV,SI volts for voltage channels,3322048,0,-0.008711,0.008711,False,README_UNUSED_C_PREFIX;OFFICIAL_BAD:noise;NOT_NEURAL_CHANNEL,ALL_SAMPLES
sub-SD011_ses-01_task-PassiveListen,C208,OTHER,uV,SI volts for voltage channels,3322048,0,-0.008711,0.008711,False,README_UNUSED_C_PREFIX;OFFICIAL_BAD:noise;NOT_NEURAL_CHANNEL,ALL_SAMPLES
sub-SD011_ses-01_task-PassiveListen,C209,OTHER,uV,SI volts for voltage channels,3322048,0,-0.0030751351949340044,0.0042020423132677195,False,README_UNUSED_C_PREFIX;OFFICIAL_BAD:noise;NOT_NEURAL_CHANNEL,ALL_SAMPLES
sub-SD011_ses-01_task-PassiveListen,C210,OTHER,uV,SI volts for voltage channels,3322048,0,-0.0013782613717860685,0.002017878858625162,False,README_UNUSED_C_PREFIX;OFFICIAL_BAD:noise;NOT_NEURAL_CHANNEL,ALL_SAMPLES
sub-SD011_ses-01_task-PassiveListen,C211,OTHER,uV,SI volts for voltage channels,3322048,0,-0.0016047593347066453,0.0016730809033340963,False,README_UNUSED_C_PREFIX;OFFICIAL_BAD:noise;NOT_NEURAL_CHANNEL,ALL_SAMPLES
sub-SD011_ses-01_task-PassiveListen,C212,OTHER,uV,SI volts for voltage channels,3322048,0,-0.0017826080872816053,0.0013370557564660105,False,README_UNUSED_C_PREFIX;OFFICIAL_BAD:noise;NOT_NEURAL_CHANNEL,ALL_SAMPLES
sub-SD011_ses-01_task-PassiveListen,C213,OTHER,uV,SI volts for voltage channels,3322048,0,-0.0019540766155489433,0.0010643011673151749,False,README_UNUSED_C_PREFIX;OFFICIAL_BAD:noise;NOT_NEURAL_CHANNEL,ALL_SAMPLES
sub-SD011_ses-01_task-PassiveListen,C214,OTHER,uV,SI volts for voltage channels,3322048,0,-0.0020465898680094604,0.0008837939879453727,False,README_UNUSED_C_PREFIX;OFFICIAL_BAD:noise;NOT_NEURAL_CHANNEL,ALL_SAMPLES
sub-SD011_ses-01_task-PassiveListen,C215,OTHER,uV,SI volts for voltage channels,3322048,0,-0.0020343611047531854,0.0009284555580987259,False,README_UNUSED_C_PREFIX;OFFICIAL_BAD:noise;NOT_NEURAL_CHANNEL,ALL_SAMPLES
sub-SD011_ses-01_task-PassiveListen,C216,OTHER,uV,SI volts for voltage channels,3322048,0,-0.0018958570687418936,0.0008861865720607309,False,README_UNUSED_C_PREFIX;OFFICIAL_BAD:noise;NOT_NEURAL_CHANNEL,ALL_SAMPLES
sub-SD011_ses-01_task-PassiveListen,C217,OTHER,uV,SI volts for voltage channels,3322048,0,-0.0019716222323949034,0.000955837354085603,False,README_UNUSED_C_PREFIX;OFFICIAL_BAD:noise;NOT_NEURAL_CHANNEL,ALL_SAMPLES
sub-SD011_ses-01_task-PassiveListen,C218,OTHER,uV,SI volts for voltage channels,3322048,0,-0.008711,0.008711,False,README_UNUSED_C_PREFIX;OFFICIAL_BAD:noise;NOT_NEURAL_CHANNEL,ALL_SAMPLES
sub-SD011_ses-01_task-PassiveListen,C219,OTHER,uV,SI volts for voltage channels,3322048,0,-0.0015441472037842374,0.0009311139848935682,False,README_UNUSED_C_PREFIX;OFFICIAL_BAD:noise;NOT_NEURAL_CHANNEL,ALL_SAMPLES
sub-SD011_ses-01_task-PassiveListen,C220,OTHER,uV,SI volts for voltage channels,3322048,0,-0.003920514915693904,0.0019429112230106048,False,README_UNUSED_C_PREFIX;OFFICIAL_BAD:noise;NOT_NEURAL_CHANNEL,ALL_SAMPLES
sub-SD011_ses-01_task-PassiveListen,C221,OTHER,uV,SI volts for voltage channels,3322048,0,-0.0036041621271076523,0.000894959380483711,False,README_UNUSED_C_PREFIX;OFFICIAL_BAD:noise;NOT_NEURAL_CHANNEL,ALL_SAMPLES
sub-SD011_ses-01_task-PassiveListen,C222,OTHER,uV,SI volts for voltage channels,3322048,0,-0.004152329732204165,0.0010940755474174104,False,README_UNUSED_C_PREFIX;OFFICIAL_BAD:noise;NOT_NEURAL_CHANNEL,ALL_SAMPLES
sub-SD011_ses-01_task-PassiveListen,C223,OTHER,uV,SI volts for voltage channels,3322048,0,-0.004555347234302281,0.0015335134966048675,False,README_UNUSED_C_PREFIX;OFFICIAL_BAD:noise;NOT_NEURAL_CHANNEL,ALL_SAMPLES
sub-SD011_ses-01_task-PassiveListen,C224,OTHER,uV,SI volts for voltage channels,3322048,0,-0.006676505973907072,0.002977305088883802,False,README_UNUSED_C_PREFIX;OFFICIAL_BAD:noise;NOT_NEURAL_CHANNEL,ALL_SAMPLES
sub-SD011_ses-01_task-PassiveListen,C225,OTHER,uV,SI volts for voltage channels,3322048,0,-0.001441797772182803,0.002102682673380636,False,README_UNUSED_C_PREFIX;OFFICIAL_BAD:noise;NOT_NEURAL_CHANNEL,ALL_SAMPLES
sub-SD011_ses-01_task-PassiveListen,C226,OTHER,uV,SI volts for voltage channels,3322048,0,-0.0006336360265506981,0.0009353674677653162,False,README_UNUSED_C_PREFIX;OFFICIAL_BAD:noise;NOT_NEURAL_CHANNEL,ALL_SAMPLES
sub-SD011_ses-01_task-PassiveListen,C227,OTHER,uV,SI volts for voltage channels,3322048,0,-0.00040634053559166855,0.0006376236667429618,False,README_UNUSED_C_PREFIX;OFFICIAL_BAD:noise;NOT_NEURAL_CHANNEL,ALL_SAMPLES
sub-SD011_ses-01_task-PassiveListen,C228,OTHER,uV,SI volts for voltage channels,3322048,0,-0.0005265014267185473,0.0005552124361028458,False,README_UNUSED_C_PREFIX;OFFICIAL_BAD:noise;NOT_NEURAL_CHANNEL,ALL_SAMPLES
sub-SD011_ses-01_task-PassiveListen,C229,OTHER,uV,SI volts for voltage channels,3322048,0,-0.000570631311512932,0.000487156710154879,False,README_UNUSED_C_PREFIX;OFFICIAL_BAD:noise;NOT_NEURAL_CHANNEL,ALL_SAMPLES
sub-SD011_ses-01_task-PassiveListen,C230,OTHER,uV,SI volts for voltage channels,3322048,0,-0.0005693020981155108,0.0004268104219119554,False,README_UNUSED_C_PREFIX;OFFICIAL_BAD:noise;NOT_NEURAL_CHANNEL,ALL_SAMPLES
sub-SD011_ses-01_task-PassiveListen,C231,OTHER,uV,SI volts for voltage channels,3322048,0,-0.0005004488441290913,0.00035769132524605165,False,README_UNUSED_C_PREFIX;OFFICIAL_BAD:noise;NOT_NEURAL_CHANNEL,ALL_SAMPLES
sub-SD011_ses-01_task-PassiveListen,C232,OTHER,uV,SI volts for voltage channels,3322048,0,-0.0004640283970397498,0.00031170054169527727,False,README_UNUSED_C_PREFIX;OFFICIAL_BAD:noise;NOT_NEURAL_CHANNEL,ALL_SAMPLES
sub-SD011_ses-01_task-PassiveListen,C233,OTHER,uV,SI volts for voltage channels,3322048,0,-0.00037736368352788585,0.0003465259327077134,False,README_UNUSED_C_PREFIX;OFFICIAL_BAD:noise;NOT_NEURAL_CHANNEL,ALL_SAMPLES
sub-SD011_ses-01_task-PassiveListen,C234,OTHER,uV,SI volts for voltage channels,3322048,0,-0.0004217594110017548,0.0003555645838101777,False,README_UNUSED_C_PREFIX;OFFICIAL_BAD:noise;NOT_NEURAL_CHANNEL,ALL_SAMPLES
sub-SD011_ses-01_task-PassiveListen,C235,OTHER,uV,SI volts for voltage channels,3322048,0,-0.00046456008239871826,0.00035981806668192564,False,README_UNUSED_C_PREFIX;OFFICIAL_BAD:noise;NOT_NEURAL_CHANNEL,ALL_SAMPLES
sub-SD011_ses-01_task-PassiveListen,C236,OTHER,uV,SI volts for voltage channels,3322048,0,-0.0006716515297169452,0.00038693401998931865,False,README_UNUSED_C_PREFIX;OFFICIAL_BAD:noise;NOT_NEURAL_CHANNEL,ALL_SAMPLES
sub-SD011_ses-01_task-PassiveListen,C237,OTHER,uV,SI volts for voltage channels,3322048,0,-0.0009026688181887541,0.00043372233157854575,False,README_UNUSED_C_PREFIX;OFFICIAL_BAD:noise;NOT_NEURAL_CHANNEL,ALL_SAMPLES
sub-SD011_ses-01_task-PassiveListen,C238,OTHER,uV,SI volts for voltage channels,3322048,0,-0.0011294326237888152,0.0004898151369497214,False,README_UNUSED_C_PREFIX;OFFICIAL_BAD:noise;NOT_NEURAL_CHANNEL,ALL_SAMPLES
sub-SD011_ses-01_task-PassiveListen,C239,OTHER,uV,SI volts for voltage channels,3322048,0,-0.001366032608529793,0.0006070517586022736,False,README_UNUSED_C_PREFIX;OFFICIAL_BAD:noise;NOT_NEURAL_CHANNEL,ALL_SAMPLES
sub-SD011_ses-01_task-PassiveListen,C240,OTHER,uV,SI volts for voltage channels,3322048,0,-0.0025184606240939954,0.0013447651941710535,False,README_UNUSED_C_PREFIX;OFFICIAL_BAD:noise;NOT_NEURAL_CHANNEL,ALL_SAMPLES
sub-SD011_ses-01_task-PassiveListen,C241,OTHER,uV,SI volts for voltage channels,3322048,0,-0.0013514112611581596,0.0012386939650568397,False,README_UNUSED_C_PREFIX;OFFICIAL_BAD:noise;NOT_NEURAL_CHANNEL,ALL_SAMPLES
sub-SD011_ses-01_task-PassiveListen,C242,OTHER,uV,SI volts for voltage channels,3322048,0,-0.0009537106126497292,0.0007282760204470893,False,README_UNUSED_C_PREFIX;OFFICIAL_BAD:noise;NOT_NEURAL_CHANNEL,ALL_SAMPLES
sub-SD011_ses-01_task-PassiveListen,C243,OTHER,uV,SI volts for voltage channels,3322048,0,-0.0005429836728465706,0.0005634535591668573,False,README_UNUSED_C_PREFIX;OFFICIAL_BAD:noise;NOT_NEURAL_CHANNEL,ALL_SAMPLES
sub-SD011_ses-01_task-PassiveListen,C244,OTHER,uV,SI volts for voltage channels,3322048,0,-0.00040315042343785765,0.00046562345311665517,False,README_UNUSED_C_PREFIX;OFFICIAL_BAD:noise;NOT_NEURAL_CHANNEL,ALL_SAMPLES
sub-SD011_ses-01_task-PassiveListen,C245,OTHER,uV,SI volts for voltage channels,3322048,0,-0.00039384592965590904,0.0004900809796292057,False,README_UNUSED_C_PREFIX;OFFICIAL_BAD:noise;NOT_NEURAL_CHANNEL,ALL_SAMPLES
sub-SD011_ses-01_task-PassiveListen,C246,OTHER,uV,SI volts for voltage channels,3322048,0,-0.00037736368352788585,0.0004951319905394064,False,README_UNUSED_C_PREFIX;OFFICIAL_BAD:noise;NOT_NEURAL_CHANNEL,ALL_SAMPLES
sub-SD011_ses-01_task-PassiveListen,C247,OTHER,uV,SI volts for voltage channels,3322048,0,-0.0004233544670786602,0.000541388616769665,False,README_UNUSED_C_PREFIX;OFFICIAL_BAD:noise;NOT_NEURAL_CHANNEL,ALL_SAMPLES
sub-SD011_ses-01_task-PassiveListen,C248,OTHER,uV,SI volts for voltage channels,3322048,0,-0.0004821056992446784,0.0006426746776531624,False,README_UNUSED_C_PREFIX;OFFICIAL_BAD:noise;NOT_NEURAL_CHANNEL,ALL_SAMPLES
sub-SD011_ses-01_task-PassiveListen,C249,OTHER,uV,SI volts for voltage channels,3322048,0,-0.0006083809719996948,0.0007115279316395819,False,README_UNUSED_C_PREFIX;OFFICIAL_BAD:noise;NOT_NEURAL_CHANNEL,ALL_SAMPLES
sub-SD011_ses-01_task-PassiveListen,C250,OTHER,uV,SI volts for voltage channels,3322048,0,-0.0007665573662928207,0.0007569870298313878,False,README_UNUSED_C_PREFIX;OFFICIAL_BAD:noise;NOT_NEURAL_CHANNEL,ALL_SAMPLES
sub-SD011_ses-01_task-PassiveListen,C251,OTHER,uV,SI volts for voltage channels,3322048,0,-0.0007104645609216449,0.0005219821011673151,False,README_UNUSED_C_PREFIX;OFFICIAL_BAD:noise;NOT_NEURAL_CHANNEL,ALL_SAMPLES
sub-SD011_ses-01_task-PassiveListen,C252,OTHER,uV,SI volts for voltage channels,3322048,0,-0.0007665573662928207,0.00045791401541161206,False,README_UNUSED_C_PREFIX;OFFICIAL_BAD:noise;NOT_NEURAL_CHANNEL,ALL_SAMPLES
sub-SD011_ses-01_task-PassiveListen,C253,OTHER,uV,SI volts for voltage channels,3322048,0,-0.0008221184863050279,0.000449141206988632,False,README_UNUSED_C_PREFIX;OFFICIAL_BAD:noise;NOT_NEURAL_CHANNEL,ALL_SAMPLES
sub-SD011_ses-01_task-PassiveListen,C254,OTHER,uV,SI volts for voltage channels,3322048,0,-0.0008954910658426795,0.00046482592507820244,False,README_UNUSED_C_PREFIX;OFFICIAL_BAD:noise;NOT_NEURAL_CHANNEL,ALL_SAMPLES
sub-SD011_ses-01_task-PassiveListen,C255,OTHER,uV,SI volts for voltage channels,3322048,0,-0.0010446288090333409,0.0005908353551537346,False,README_UNUSED_C_PREFIX;OFFICIAL_BAD:noise;NOT_NEURAL_CHANNEL,ALL_SAMPLES
sub-SD011_ses-01_task-PassiveListen,C256,OTHER,uV,SI volts for voltage channels,3322048,0,-0.001999269871061265,0.0011049750972762645,False,README_UNUSED_C_PREFIX;OFFICIAL_BAD:noise;NOT_NEURAL_CHANNEL,ALL_SAMPLES
sub-SD011_ses-01_task-PassiveListen,DC1,MISC,n/a,SI volts for voltage channels,3322048,0,-0.36230601052872546,0.4372984023804071,False,UNKNOWN_CHANNEL_METADATA_OR_UNIT;NOT_NEURAL_CHANNEL,ALL_SAMPLES
sub-SD011_ses-01_task-PassiveListen,DC2,MISC,n/a,SI volts for voltage channels,3322048,0,-7.860837720334529e-05,0.03985444724193147,False,UNKNOWN_CHANNEL_METADATA_OR_UNIT;OFFICIAL_BAD:noise;NOT_NEURAL_CHANNEL,ALL_SAMPLES
sub-SD011_ses-01_task-PassiveListen,DC3,MISC,n/a,SI volts for voltage channels,3322048,0,-7.860837720334529e-05,0.05085962005035445,False,UNKNOWN_CHANNEL_METADATA_OR_UNIT;OFFICIAL_BAD:noise;NOT_NEURAL_CHANNEL,ALL_SAMPLES
sub-SD011_ses-01_task-PassiveListen,DC4,MISC,n/a,SI volts for voltage channels,3322048,0,-7.860837720334529e-05,0.03828227969787105,False,UNKNOWN_CHANNEL_METADATA_OR_UNIT;OFFICIAL_BAD:noise;NOT_NEURAL_CHANNEL,ALL_SAMPLES
sub-SD011_ses-01_task-PassiveListen,DC5,MISC,n/a,SI volts for voltage channels,3322048,0,-7.860837720334529e-05,0.08827720759899257,False,UNKNOWN_CHANNEL_METADATA_OR_UNIT;OFFICIAL_BAD:noise;NOT_NEURAL_CHANNEL,ALL_SAMPLES
sub-SD011_ses-01_task-PassiveListen,DC6,MISC,n/a,SI volts for voltage channels,3322048,0,-7.860837720334529e-05,0.045985900663767135,False,UNKNOWN_CHANNEL_METADATA_OR_UNIT;OFFICIAL_BAD:noise;NOT_NEURAL_CHANNEL,ALL_SAMPLES
sub-SD011_ses-01_task-PassiveListen,DC7,MISC,n/a,SI volts for voltage channels,3322048,0,-0.3343214282444499,0.32190130464637184,False,UNKNOWN_CHANNEL_METADATA_OR_UNIT;OFFICIAL_BAD:noise;NOT_NEURAL_CHANNEL,ALL_SAMPLES
sub-SD011_ses-01_task-PassiveListen,DC8,MISC,n/a,SI volts for voltage channels,3322048,0,-7.860837720334529e-05,0.0488158022430759,False,UNKNOWN_CHANNEL_METADATA_OR_UNIT;OFFICIAL_BAD:noise;NOT_NEURAL_CHANNEL,ALL_SAMPLES
sub-SD011_ses-01_task-PassiveListen,DC9,MISC,n/a,SI volts for voltage channels,3322048,0,-7.860837720334529e-05,0.04802971847104568,False,UNKNOWN_CHANNEL_METADATA_OR_UNIT;OFFICIAL_BAD:noise;NOT_NEURAL_CHANNEL,ALL_SAMPLES
sub-SD011_ses-01_task-PassiveListen,DC10,MISC,n/a,SI volts for voltage channels,3322048,0,-7.860837720334529e-05,0.0562049897001599,False,UNKNOWN_CHANNEL_METADATA_OR_UNIT;OFFICIAL_BAD:noise;NOT_NEURAL_CHANNEL,ALL_SAMPLES
sub-SD011_ses-01_task-PassiveListen,DC11,MISC,n/a,SI volts for voltage channels,3322048,0,-7.860837720334529e-05,0.026333806363011806,False,UNKNOWN_CHANNEL_METADATA_OR_UNIT;OFFICIAL_BAD:noise;NOT_NEURAL_CHANNEL,ALL_SAMPLES
sub-SD011_ses-01_task-PassiveListen,DC12,MISC,n/a,SI volts for voltage channels,3322048,0,-7.860837720334529e-05,0.03875392996108917,False,UNKNOWN_CHANNEL_METADATA_OR_UNIT;OFFICIAL_BAD:noise;NOT_NEURAL_CHANNEL,ALL_SAMPLES
sub-SD011_ses-01_task-PassiveListen,DC13,MISC,n/a,SI volts for voltage channels,3322048,0,-7.860837720334529e-05,0.025704939345387638,False,UNKNOWN_CHANNEL_METADATA_OR_UNIT;OFFICIAL_BAD:noise;NOT_NEURAL_CHANNEL,ALL_SAMPLES
sub-SD011_ses-01_task-PassiveListen,DC14,MISC,n/a,SI volts for voltage channels,3322048,0,-0.005738411535820878,-7.860837720334529e-05,False,UNKNOWN_CHANNEL_METADATA_OR_UNIT;OFFICIAL_BAD:noise;NOT_NEURAL_CHANNEL,ALL_SAMPLES
sub-SD011_ses-01_task-PassiveListen,DC15,MISC,n/a,SI volts for voltage channels,3322048,0,-7.860837720334529e-05,0.011869864957655891,False,UNKNOWN_CHANNEL_METADATA_OR_UNIT;OFFICIAL_BAD:noise;NOT_NEURAL_CHANNEL,ALL_SAMPLES
sub-SD011_ses-01_task-PassiveListen,DC16,MISC,n/a,SI volts for voltage channels,3322048,0,-7.860837720334529e-05,0.016271934081025084,False,UNKNOWN_CHANNEL_METADATA_OR_UNIT;OFFICIAL_BAD:noise;NOT_NEURAL_CHANNEL,ALL_SAMPLES
sub-SD011_ses-01_task-PassiveListen,TRIG,TRIG,n/a,SI volts for voltage channels,3322048,0,-7.860837720334529e-05,-7.860837720334529e-05,False,UNKNOWN_CHANNEL_METADATA_OR_UNIT;OFFICIAL_BAD:noise;NOT_NEURAL_CHANNEL;FLAT_EXACT,ALL_SAMPLES
sub-SD011_ses-01_task-PassiveListen,OSAT,MISC,n/a,SI volts for voltage channels,3322048,0,0.0,0.0,False,UNKNOWN_CHANNEL_METADATA_OR_UNIT;OFFICIAL_BAD:noise;NOT_NEURAL_CHANNEL;FLAT_EXACT,ALL_SAMPLES
sub-SD011_ses-01_task-PassiveListen,PR,MISC,n/a,SI volts for voltage channels,3322048,0,0.0,0.0,False,UNKNOWN_CHANNEL_METADATA_OR_UNIT;OFFICIAL_BAD:noise;NOT_NEURAL_CHANNEL;FLAT_EXACT,ALL_SAMPLES
sub-SD011_ses-01_task-PassiveListen,Pleth,UNKNOWN,UNKNOWN,SI volts for voltage channels,3322048,0,0.03276699999976158,2144.9836531480278,False,UNKNOWN_CHANNEL_METADATA_OR_UNIT;NOT_NEURAL_CHANNEL,ALL_SAMPLES
sub-SD012_ses-01_task-PassiveListen,LA1,SEEG,uV,SI volts for voltage channels,1819008,0,-0.0009616858930342565,0.0010884928511482414,True,,ALL_SAMPLES
sub-SD012_ses-01_task-PassiveListen,LA2,SEEG,uV,SI volts for voltage channels,1819008,0,-0.000947064545662623,0.000968863645380331,True,,ALL_SAMPLES
sub-SD012_ses-01_task-PassiveListen,LA3,SEEG,uV,SI volts for voltage channels,1819008,0,-0.000823447699702449,0.0008731602807660028,True,,ALL_SAMPLES
sub-SD012_ses-01_task-PassiveListen,LA4,SEEG,uV,SI volts for voltage channels,1819008,0,-0.0008697043259327077,0.0008066996108949416,True,,ALL_SAMPLES
sub-SD012_ses-01_task-PassiveListen,LA5,SEEG,uV,SI volts for voltage channels,1819008,0,-0.0009103782558937972,0.0009848142061493856,True,,ALL_SAMPLES
sub-SD012_ses-01_task-PassiveListen,LA6,SEEG,uV,SI volts for voltage channels,1819008,0,-0.001002359822995346,0.0013173833981841763,False,OFFICIAL_BAD:epilepsy,ALL_SAMPLES
sub-SD012_ses-01_task-PassiveListen,LA7,SEEG,uV,SI volts for voltage channels,1819008,0,-0.0008718310673685816,0.0009680661173418782,False,OFFICIAL_BAD:epilepsy,ALL_SAMPLES
sub-SD012_ses-01_task-PassiveListen,LA8,SEEG,uV,SI volts for voltage channels,1819008,0,-0.0012777728389410238,0.001860765835049973,False,OFFICIAL_BAD:epilepsy,ALL_SAMPLES
sub-SD012_ses-01_task-PassiveListen,LA9,SEEG,uV,SI volts for voltage channels,1819008,0,-0.0011905764400701915,0.0015906696726939802,False,OFFICIAL_BAD:epilepsy,ALL_SAMPLES
sub-SD012_ses-01_task-PassiveListen,LA10,SEEG,uV,SI volts for voltage channels,1819008,0,-0.002186954802777142,0.0005911011978332188,True,,ALL_SAMPLES
sub-SD012_ses-01_task-PassiveListen,LHH1,SEEG,uV,SI volts for voltage channels,1819008,0,-0.0008489685969329366,0.0008489685969329365,True,,ALL_SAMPLES
sub-SD012_ses-01_task-PassiveListen,LHH2,SEEG,uV,SI volts for voltage channels,1819008,0,-0.000909049042496376,0.0009935870145723659,True,,ALL_SAMPLES
sub-SD012_ses-01_task-PassiveListen,LHH3,SEEG,uV,SI volts for voltage channels,1819008,0,-0.0008380690470740826,0.0009582299382009613,True,,ALL_SAMPLES
sub-SD012_ses-01_task-PassiveListen,LHH4,SEEG,uV,SI volts for voltage channels,1819008,0,-0.0008702360112916763,0.0010938097047379263,False,OFFICIAL_BAD:epilepsy,ALL_SAMPLES
sub-SD012_ses-01_task-PassiveListen,LHH5,SEEG,uV,SI volts for voltage channels,1819008,0,-0.0009494571297779811,0.0013136616006713968,False,OFFICIAL_BAD:epilepsy,ALL_SAMPLES
sub-SD012_ses-01_task-PassiveListen,LHH6,SEEG,uV,SI volts for voltage channels,1819008,0,-0.0010879611657892729,0.0015162337224383915,False,OFFICIAL_BAD:epilepsy,ALL_SAMPLES
sub-SD012_ses-01_task-PassiveListen,LHH7,SEEG,uV,SI volts for voltage channels,1819008,0,-0.0011206598153658352,0.0014965613641565575,False,OFFICIAL_BAD:epilepsy,ALL_SAMPLES
sub-SD012_ses-01_task-PassiveListen,LHH8,SEEG,uV,SI volts for voltage channels,1819008,0,-0.0009034663462272067,0.0013288146334019988,False,OFFICIAL_BAD:epilepsy,ALL_SAMPLES
sub-SD012_ses-01_task-PassiveListen,LHH9,SEEG,uV,SI volts for voltage channels,1819008,0,-0.0011969566643778135,0.0025360062409399554,True,,ALL_SAMPLES
sub-SD012_ses-01_task-PassiveListen,LHH10,SEEG,uV,SI volts for voltage channels,1819008,0,-0.0007288077058060577,0.0006285850156404974,True,,ALL_SAMPLES
sub-SD012_ses-01_task-PassiveListen,LHT1,SEEG,uV,SI volts for voltage channels,1819008,0,-0.0008702360112916763,0.0009218094911116197,True,,ALL_SAMPLES
sub-SD012_ses-01_task-PassiveListen,LHT2,SEEG,uV,SI volts for voltage channels,1819008,0,-0.0008375373617151141,0.00108716363775082,True,,ALL_SAMPLES
sub-SD012_ses-01_task-PassiveListen,LHT3,SEEG,uV,SI volts for voltage channels,1819008,0,-0.0008106872510872053,0.0012187557640955214,True,,ALL_SAMPLES
sub-SD012_ses-01_task-PassiveListen,LHT4,SEEG,uV,SI volts for voltage channels,1819008,0,-0.0008120164644846266,0.0010140569008926527,True,,ALL_SAMPLES
sub-SD012_ses-01_task-PassiveListen,LHT5,SEEG,uV,SI volts for voltage channels,1819008,0,-0.0008806038757915618,0.00105021150530251,True,,ALL_SAMPLES
sub-SD012_ses-01_task-PassiveListen,LHT6,SEEG,uV,SI volts for voltage channels,1819008,0,-0.0009452036469062333,0.0014067065384908825,False,OFFICIAL_BAD:epilepsy,ALL_SAMPLES
sub-SD012_ses-01_task-PassiveListen,LHT7,SEEG,uV,SI volts for voltage channels,1819008,0,-0.0010406411688410773,0.001658725398641947,False,OFFICIAL_BAD:epilepsy,ALL_SAMPLES
sub-SD012_ses-01_task-PassiveListen,LHT8,SEEG,uV,SI volts for voltage channels,1819008,0,-0.001221414190890364,0.0018012170748455023,False,OFFICIAL_BAD:epilepsy,ALL_SAMPLES
sub-SD012_ses-01_task-PassiveListen,LHT9,SEEG,uV,SI volts for voltage channels,1819008,0,-0.0012012101472495612,0.0016996651712825207,False,OFFICIAL_BAD:epilepsy,ALL_SAMPLES
sub-SD012_ses-01_task-PassiveListen,LHT10,SEEG,uV,SI volts for voltage channels,1819008,0,-0.0007232250095368887,0.0006001398489356831,True,,ALL_SAMPLES
sub-SD012_ses-01_task-PassiveListen,RHH1,SEEG,uV,SI volts for voltage channels,1819008,0,-0.0008271694972152284,0.0011334202639810788,False,OFFICIAL_BAD:epilepsy,ALL_SAMPLES
sub-SD012_ses-01_task-PassiveListen,RHH2,SEEG,uV,SI volts for voltage channels,1819008,0,-0.0008138773632410162,0.0011655872281986722,False,OFFICIAL_BAD:epilepsy,ALL_SAMPLES
sub-SD012_ses-01_task-PassiveListen,RHH3,SEEG,uV,SI volts for voltage channels,1819008,0,-0.0008077629816128786,0.0014463170977340352,False,OFFICIAL_BAD:epilepsy,ALL_SAMPLES
sub-SD012_ses-01_task-PassiveListen,RHH4,SEEG,uV,SI volts for voltage channels,1819008,0,-0.0010518065613794156,0.00175097280842298,False,OFFICIAL_BAD:epilepsy,ALL_SAMPLES
sub-SD012_ses-01_task-PassiveListen,RHH5,SEEG,uV,SI volts for voltage channels,1819008,0,-0.0010395777981231404,0.001763999099717708,False,OFFICIAL_BAD:epilepsy,ALL_SAMPLES
sub-SD012_ses-01_task-PassiveListen,RHH6,SEEG,uV,SI volts for voltage channels,1819008,0,-0.0018511954985885404,0.0013266878919661249,False,OFFICIAL_BAD:epilepsy,ALL_SAMPLES
sub-SD012_ses-01_task-PassiveListen,RHH7,SEEG,uV,SI volts for voltage channels,1819008,0,-0.0010549966735332265,0.000634699397268635,True,,ALL_SAMPLES
sub-SD012_ses-01_task-PassiveListen,RHH8,SEEG,uV,SI volts for voltage channels,1819008,0,-0.0018597024643320361,0.0017206667429617761,False,OFFICIAL_BAD:epilepsy,ALL_SAMPLES
sub-SD012_ses-01_task-PassiveListen,RHH9,SEEG,uV,SI volts for voltage channels,1819008,0,-0.008711,0.008711,False,OFFICIAL_BAD:epilepsy,ALL_SAMPLES
sub-SD012_ses-01_task-PassiveListen,RHH10,SEEG,uV,SI volts for voltage channels,1819008,0,-0.008711,0.008711,False,OFFICIAL_BAD:epilepsy,ALL_SAMPLES
sub-SD012_ses-01_task-PassiveListen,Grid A1,ECOG,uV,SI volts for voltage channels,1819008,0,-0.0010169811703669796,0.0007163130998702982,False,OFFICIAL_BAD:epilepsy,ALL_SAMPLES
sub-SD012_ses-01_task-PassiveListen,Grid A2,ECOG,uV,SI volts for voltage channels,1819008,0,-0.0012426816052491035,0.0006533083848325322,False,OFFICIAL_BAD:epilepsy,ALL_SAMPLES
sub-SD012_ses-01_task-PassiveListen,Grid A3,ECOG,uV,SI volts for voltage channels,1819008,0,-0.0007006283817807278,0.0005613268177309834,True,,ALL_SAMPLES
sub-SD012_ses-01_task-PassiveListen,Grid A4,ECOG,uV,SI volts for voltage channels,1819008,0,-0.000693184786755169,0.000528362325474937,True,,ALL_SAMPLES
sub-SD012_ses-01_task-PassiveListen,Grid A5,ECOG,uV,SI volts for voltage channels,1819008,0,-0.0008255744411383231,0.0005847209735255969,True,,ALL_SAMPLES
sub-SD012_ses-01_task-PassiveListen,Grid A6,ECOG,uV,SI volts for voltage channels,1819008,0,-0.0010036890363927672,0.0008766162355992981,False,OFFICIAL_BAD:epilepsy,ALL_SAMPLES
sub-SD012_ses-01_task-PassiveListen,Grid A7,ECOG,uV,SI volts for voltage channels,1819008,0,-0.0015146386663614862,0.0007218957961394674,False,OFFICIAL_BAD:epilepsy,ALL_SAMPLES
sub-SD012_ses-01_task-PassiveListen,Grid A8,ECOG,uV,SI volts for voltage channels,1819008,0,-0.0006934506294346532,0.0006549034409094376,True,,ALL_SAMPLES
sub-SD012_ses-01_task-PassiveListen,Grid A9,ECOG,uV,SI volts for voltage channels,1819008,0,-0.0006977041123064011,0.0005719605249103532,True,,ALL_SAMPLES
sub-SD012_ses-01_task-PassiveListen,Grid A10,ECOG,uV,SI volts for voltage channels,1819008,0,-0.0007492775921263447,0.0005592000762951095,True,,ALL_SAMPLES
sub-SD012_ses-01_task-PassiveListen,Grid A11,ECOG,uV,SI volts for voltage channels,1819008,0,-0.00090054207675288,0.0007104645609216448,False,OFFICIAL_BAD:epilepsy,ALL_SAMPLES
sub-SD012_ses-01_task-PassiveListen,Grid A12,ECOG,uV,SI volts for voltage channels,1819008,0,-0.001278038681620508,0.0013306755321583887,False,OFFICIAL_BAD:epilepsy,ALL_SAMPLES
sub-SD012_ses-01_task-PassiveListen,Grid A13,ECOG,uV,SI volts for voltage channels,1819008,0,-0.0009332407263294422,0.0009372283665217058,True,,ALL_SAMPLES
sub-SD012_ses-01_task-PassiveListen,Grid A14,ECOG,uV,SI volts for voltage channels,1819008,0,-0.0008431200579842832,0.0006836144502937361,True,,ALL_SAMPLES
sub-SD012_ses-01_task-PassiveListen,Grid A15,ECOG,uV,SI volts for voltage channels,1819008,0,-0.0011472440833142595,0.0008269036545357441,False,OFFICIAL_BAD:epilepsy,ALL_SAMPLES
sub-SD012_ses-01_task-PassiveListen,Grid A16,ECOG,uV,SI volts for voltage channels,1819008,0,-0.0008569438773174639,0.0007362513008316166,False,OFFICIAL_BAD:epilepsy,ALL_SAMPLES
sub-SD012_ses-01_task-PassiveListen,Grid A17,ECOG,uV,SI volts for voltage channels,1819008,0,-0.00182673797207599,0.0015276649576562143,False,OFFICIAL_BAD:epilepsy,ALL_SAMPLES
sub-SD012_ses-01_task-PassiveListen,Grid A18,ECOG,uV,SI volts for voltage channels,1819008,0,-0.001333333958953231,0.001185791271839475,False,OFFICIAL_BAD:epilepsy,ALL_SAMPLES
sub-SD012_ses-01_task-PassiveListen,Grid A19,ECOG,uV,SI volts for voltage channels,1819008,0,-0.0007490117494468604,0.0007686841077286945,True,,ALL_SAMPLES
sub-SD012_ses-01_task-PassiveListen,Grid A20,ECOG,uV,SI volts for voltage channels,1819008,0,-0.0008093580376897841,0.0006174196231021591,True,,ALL_SAMPLES
sub-SD012_ses-01_task-PassiveListen,LIF1,SEEG,uV,SI volts for voltage channels,1819008,0,-0.0009234045471885252,0.0007487459067673761,True,,ALL_SAMPLES
sub-SD012_ses-01_task-PassiveListen,LIF2,SEEG,uV,SI volts for voltage channels,1819008,0,-0.001024158922713054,0.0006668663614862287,True,,ALL_SAMPLES
sub-SD012_ses-01_task-PassiveListen,LIF3,SEEG,uV,SI volts for voltage channels,1819008,0,-0.000606520073243305,0.0006814877088578622,True,,ALL_SAMPLES
sub-SD012_ses-01_task-PassiveListen,LIF4,SEEG,uV,SI volts for voltage channels,1819008,0,-0.0005570733348592354,0.0006870704051270313,True,,ALL_SAMPLES
sub-SD012_ses-01_task-PassiveListen,LPP1,SEEG,uV,SI volts for voltage channels,1819008,0,-0.00144286114290074,0.001274582726787213,False,OFFICIAL_BAD:epilepsy,ALL_SAMPLES
sub-SD012_ses-01_task-PassiveListen,LPP2,SEEG,uV,SI volts for voltage channels,1819008,0,-0.0012099829556725414,0.0010839735255970093,False,OFFICIAL_BAD:epilepsy,ALL_SAMPLES
sub-SD012_ses-01_task-PassiveListen,LPP3,SEEG,uV,SI volts for voltage channels,1819008,0,-0.0009260629739833677,0.0011243816128786144,False,OFFICIAL_BAD:epilepsy,ALL_SAMPLES
sub-SD012_ses-01_task-PassiveListen,LPP4,SEEG,uV,SI volts for voltage channels,1819008,0,-0.0008925667963683528,0.0008691726405737391,False,OFFICIAL_BAD:epilepsy,ALL_SAMPLES
sub-SD012_ses-01_task-PassiveListen,LST1,SEEG,uV,SI volts for voltage channels,1819008,0,-0.0006376236667429618,0.0007428973678187228,True,,ALL_SAMPLES
sub-SD012_ses-01_task-PassiveListen,LST2,SEEG,uV,SI volts for voltage channels,1819008,0,-0.0009109099412527657,0.0006684614175631342,False,OFFICIAL_BAD:epilepsy,ALL_SAMPLES
sub-SD012_ses-01_task-PassiveListen,LST3,SEEG,uV,SI volts for voltage channels,1819008,0,-0.0010999240863660638,0.0007596454566262302,False,OFFICIAL_BAD:epilepsy,ALL_SAMPLES
sub-SD012_ses-01_task-PassiveListen,LST4,SEEG,uV,SI volts for voltage channels,1819008,0,-0.0009228728618295568,0.0006894629892423896,False,OFFICIAL_BAD:epilepsy,ALL_SAMPLES
sub-SD012_ses-01_task-PassiveListen,LST5,SEEG,uV,SI volts for voltage channels,1819008,0,-0.0009271263447013046,0.000874489494163424,False,OFFICIAL_BAD:epilepsy,ALL_SAMPLES
sub-SD012_ses-01_task-PassiveListen,LST6,SEEG,uV,SI volts for voltage channels,1819008,0,-0.0008346130922407874,0.0005597317616540779,True,,ALL_SAMPLES
sub-SD012_ses-01_task-PassiveListen,LSF1,SEEG,uV,SI volts for voltage channels,1819008,0,-0.0006134319829098955,0.0007136546730754558,True,,ALL_SAMPLES
sub-SD012_ses-01_task-PassiveListen,LSF2,SEEG,uV,SI volts for voltage channels,1819008,0,-0.0006232681620508125,0.0006793609674219882,True,,ALL_SAMPLES
sub-SD012_ses-01_task-PassiveListen,LSF3,SEEG,uV,SI volts for voltage channels,1819008,0,-0.0006320409704737926,0.0006857411917296101,True,,ALL_SAMPLES
sub-SD012_ses-01_task-PassiveListen,LSF4,SEEG,uV,SI volts for voltage channels,1819008,0,-0.0009202144350347142,0.001653408545052262,True,,ALL_SAMPLES
sub-SD012_ses-01_task-PassiveListen,Fp1,EEG,uV,SI volts for voltage channels,1819008,0,-0.0008938960097657739,0.0032014104676890208,False,OFFICIAL_BAD:noise,ALL_SAMPLES
sub-SD012_ses-01_task-PassiveListen,F7,EEG,uV,SI volts for voltage channels,1819008,0,-0.001525272373540856,0.00200458672465095,False,OFFICIAL_BAD:noise,ALL_SAMPLES
sub-SD012_ses-01_task-PassiveListen,T3,EEG,uV,SI volts for voltage channels,1819008,0,-0.008711,0.008711,False,OFFICIAL_BAD:noise,ALL_SAMPLES
sub-SD012_ses-01_task-PassiveListen,T5,EEG,uV,SI volts for voltage channels,1819008,0,-0.008711,0.008360087663080796,False,OFFICIAL_BAD:noise,ALL_SAMPLES
sub-SD012_ses-01_task-PassiveListen,O1,EEG,uV,SI volts for voltage channels,1819008,0,-0.0024737990539406424,0.0026356972457465475,False,OFFICIAL_BAD:noise,ALL_SAMPLES
sub-SD012_ses-01_task-PassiveListen,F3,EEG,uV,SI volts for voltage channels,1819008,0,-0.0007218957961394675,0.0011743600366216525,False,OFFICIAL_BAD:noise,ALL_SAMPLES
sub-SD012_ses-01_task-PassiveListen,C3,EEG,uV,SI volts for voltage channels,1819008,0,-0.000398099412527657,0.0009757755550469214,False,README_UNUSED_C_PREFIX;OFFICIAL_BAD:noise,ALL_SAMPLES
sub-SD012_ses-01_task-PassiveListen,P3,EEG,uV,SI volts for voltage channels,1819008,0,-0.00039756772716868853,0.0009786998245212481,False,OFFICIAL_BAD:noise,ALL_SAMPLES
sub-SD012_ses-01_task-PassiveListen,Fz,EEG,uV,SI volts for voltage channels,1819008,0,-0.0004175059281300069,0.0010015622949568932,False,OFFICIAL_BAD:noise,ALL_SAMPLES
sub-SD012_ses-01_task-PassiveListen,Cz,EEG,uV,SI volts for voltage channels,1819008,0,-0.0004175059281300069,0.0009717879148546577,False,README_UNUSED_C_PREFIX;OFFICIAL_BAD:noise,ALL_SAMPLES
sub-SD012_ses-01_task-PassiveListen,Pz,EEG,uV,SI volts for voltage channels,1819008,0,-0.0003592863813229572,0.0008404616311894407,False,OFFICIAL_BAD:noise,ALL_SAMPLES
sub-SD012_ses-01_task-PassiveListen,Fp2,EEG,uV,SI volts for voltage channels,1819008,0,-0.0005265014267185473,0.0008008510719462882,False,OFFICIAL_BAD:noise,ALL_SAMPLES
sub-SD012_ses-01_task-PassiveListen,F8,EEG,uV,SI volts for voltage channels,1819008,0,-0.0008920351110093843,0.0008282328679331655,False,OFFICIAL_BAD:noise,ALL_SAMPLES
sub-SD012_ses-01_task-PassiveListen,T4,EEG,uV,SI volts for voltage channels,1819008,0,-0.0008630582589456016,0.0007971292744335088,False,OFFICIAL_BAD:noise,ALL_SAMPLES
sub-SD012_ses-01_task-PassiveListen,T6,EEG,uV,SI volts for voltage channels,1819008,0,-0.0006482573739223315,0.0007351879301136796,False,OFFICIAL_BAD:noise,ALL_SAMPLES
sub-SD012_ses-01_task-PassiveListen,O2,EEG,uV,SI volts for voltage channels,1819008,0,-0.00033110705729762723,0.0007631014114595254,False,OFFICIAL_BAD:noise,ALL_SAMPLES
sub-SD012_ses-01_task-PassiveListen,F4,EEG,uV,SI volts for voltage channels,1819008,0,-0.0005552124361028458,0.0008553488212405584,False,OFFICIAL_BAD:noise,ALL_SAMPLES
sub-SD012_ses-01_task-PassiveListen,C4,EEG,uV,SI volts for voltage channels,1819008,0,-0.0014835350728618294,0.001817167635614557,False,README_UNUSED_C_PREFIX;OFFICIAL_BAD:noise,ALL_SAMPLES
sub-SD012_ses-01_task-PassiveListen,P4,EEG,uV,SI volts for voltage channels,1819008,0,-0.008711,0.008711,False,OFFICIAL_BAD:noise,ALL_SAMPLES
sub-SD012_ses-01_task-PassiveListen,EKG2,ECG,uV,SI volts for voltage channels,1819008,0,-0.0020075109941252766,0.006628654291599908,False,NOT_NEURAL_CHANNEL,ALL_SAMPLES
sub-SD012_ses-01_task-PassiveListen,EKG4,ECG,uV,SI volts for voltage channels,1819008,0,-0.0026551037613488974,0.008028315999084459,False,NOT_NEURAL_CHANNEL,ALL_SAMPLES
sub-SD012_ses-01_task-PassiveListen,C100,OTHER,uV,SI volts for voltage channels,1819008,0,-0.0020160179598687723,0.005464529198138399,False,README_UNUSED_C_PREFIX;OFFICIAL_BAD:noise;NOT_NEURAL_CHANNEL,ALL_SAMPLES
sub-SD012_ses-01_task-PassiveListen,C101,OTHER,uV,SI volts for voltage channels,1819008,0,-0.0016385213550011444,0.00503120563057908,False,README_UNUSED_C_PREFIX;OFFICIAL_BAD:noise;NOT_NEURAL_CHANNEL,ALL_SAMPLES
sub-SD012_ses-01_task-PassiveListen,C102,OTHER,uV,SI volts for voltage channels,1819008,0,-0.0011823353170061798,0.003972088395513847,False,README_UNUSED_C_PREFIX;OFFICIAL_BAD:noise;NOT_NEURAL_CHANNEL,ALL_SAMPLES
sub-SD012_ses-01_task-PassiveListen,C103,OTHER,uV,SI volts for voltage channels,1819008,0,-0.001137939589532311,0.003317317875944152,False,README_UNUSED_C_PREFIX;OFFICIAL_BAD:noise;NOT_NEURAL_CHANNEL,ALL_SAMPLES
sub-SD012_ses-01_task-PassiveListen,C104,OTHER,uV,SI volts for voltage channels,1819008,0,-0.0010100692607003892,0.002569236575875486,False,README_UNUSED_C_PREFIX;OFFICIAL_BAD:noise;NOT_NEURAL_CHANNEL,ALL_SAMPLES
sub-SD012_ses-01_task-PassiveListen,C105,OTHER,uV,SI volts for voltage channels,1819008,0,-0.0019987381857022963,0.003964644800488288,False,README_UNUSED_C_PREFIX;OFFICIAL_BAD:noise;NOT_NEURAL_CHANNEL,ALL_SAMPLES
sub-SD012_ses-01_task-PassiveListen,C106,OTHER,uV,SI volts for voltage channels,1819008,0,-0.0008463101701380941,0.0015553125963225756,False,README_UNUSED_C_PREFIX;OFFICIAL_BAD:noise;NOT_NEURAL_CHANNEL,ALL_SAMPLES
sub-SD012_ses-01_task-PassiveListen,C107,OTHER,uV,SI volts for voltage channels,1819008,0,-0.0008758187075608453,0.001532981811245899,False,README_UNUSED_C_PREFIX;OFFICIAL_BAD:noise;NOT_NEURAL_CHANNEL,ALL_SAMPLES
sub-SD012_ses-01_task-PassiveListen,C108,OTHER,uV,SI volts for voltage channels,1819008,0,-0.0008064337682154575,0.0013391824979018844,False,README_UNUSED_C_PREFIX;OFFICIAL_BAD:noise;NOT_NEURAL_CHANNEL,ALL_SAMPLES
sub-SD012_ses-01_task-PassiveListen,C109,OTHER,uV,SI volts for voltage channels,1819008,0,-0.0006905263599603265,0.0011211915007248035,False,README_UNUSED_C_PREFIX;OFFICIAL_BAD:noise;NOT_NEURAL_CHANNEL,ALL_SAMPLES
sub-SD012_ses-01_task-PassiveListen,C110,OTHER,uV,SI volts for voltage channels,1819008,0,-0.0006089126573586632,0.0013987312581063554,False,README_UNUSED_C_PREFIX;OFFICIAL_BAD:noise;NOT_NEURAL_CHANNEL,ALL_SAMPLES
sub-SD012_ses-01_task-PassiveListen,C111,OTHER,uV,SI volts for voltage channels,1819008,0,-0.0008218526436255436,0.0019227071793698023,False,README_UNUSED_C_PREFIX;OFFICIAL_BAD:noise;NOT_NEURAL_CHANNEL,ALL_SAMPLES
sub-SD012_ses-01_task-PassiveListen,C112,OTHER,uV,SI volts for voltage channels,1819008,0,-0.0019248339208056762,0.004702624078736553,False,README_UNUSED_C_PREFIX;OFFICIAL_BAD:noise;NOT_NEURAL_CHANNEL,ALL_SAMPLES
sub-SD012_ses-01_task-PassiveListen,C113,OTHER,uV,SI volts for voltage channels,1819008,0,-0.0006014690623331045,0.0003941117723353932,False,README_UNUSED_C_PREFIX;OFFICIAL_BAD:noise;NOT_NEURAL_CHANNEL,ALL_SAMPLES
sub-SD012_ses-01_task-PassiveListen,C114,OTHER,uV,SI volts for voltage channels,1819008,0,-0.008711,0.008711,False,README_UNUSED_C_PREFIX;OFFICIAL_BAD:noise;NOT_NEURAL_CHANNEL,ALL_SAMPLES
sub-SD012_ses-01_task-PassiveListen,C115,OTHER,uV,SI volts for voltage channels,1819008,0,-0.008711,0.008711,False,README_UNUSED_C_PREFIX;OFFICIAL_BAD:noise;NOT_NEURAL_CHANNEL,ALL_SAMPLES
sub-SD012_ses-01_task-PassiveListen,C116,OTHER,uV,SI volts for voltage channels,1819008,0,-0.008711,0.008711,False,README_UNUSED_C_PREFIX;OFFICIAL_BAD:noise;NOT_NEURAL_CHANNEL,ALL_SAMPLES
sub-SD012_ses-01_task-PassiveListen,C117,OTHER,uV,SI volts for voltage channels,1819008,0,-0.006714521477073319,0.008711,False,README_UNUSED_C_PREFIX;OFFICIAL_BAD:noise;NOT_NEURAL_CHANNEL,ALL_SAMPLES
sub-SD012_ses-01_task-PassiveListen,C118,OTHER,uV,SI volts for voltage channels,1819008,0,-0.005936665796902418,0.008711,False,README_UNUSED_C_PREFIX;OFFICIAL_BAD:noise;NOT_NEURAL_CHANNEL,ALL_SAMPLES
sub-SD012_ses-01_task-PassiveListen,C119,OTHER,uV,SI volts for voltage channels,1819008,0,-0.0052563743801022356,0.008711,False,README_UNUSED_C_PREFIX;OFFICIAL_BAD:noise;NOT_NEURAL_CHANNEL,ALL_SAMPLES
sub-SD012_ses-01_task-PassiveListen,C120,OTHER,uV,SI volts for voltage channels,1819008,0,-0.004785566994735637,0.008711,False,README_UNUSED_C_PREFIX;OFFICIAL_BAD:noise;NOT_NEURAL_CHANNEL,ALL_SAMPLES
sub-SD012_ses-01_task-PassiveListen,C121,OTHER,uV,SI volts for voltage channels,1819008,0,-0.0038343818875410086,0.006567510475318532,False,README_UNUSED_C_PREFIX;OFFICIAL_BAD:noise;NOT_NEURAL_CHANNEL,ALL_SAMPLES
sub-SD012_ses-01_task-PassiveListen,C122,OTHER,uV,SI volts for voltage channels,1819008,0,-0.005016584283207446,0.007639388158999007,False,README_UNUSED_C_PREFIX;OFFICIAL_BAD:noise;NOT_NEURAL_CHANNEL,ALL_SAMPLES
sub-SD012_ses-01_task-PassiveListen,C123,OTHER,uV,SI volts for voltage channels,1819008,0,-0.0026947143205920503,0.0030698183413443198,False,README_UNUSED_C_PREFIX;OFFICIAL_BAD:noise;NOT_NEURAL_CHANNEL,ALL_SAMPLES
sub-SD012_ses-01_task-PassiveListen,C124,OTHER,uV,SI volts for voltage channels,1819008,0,-0.0027130574654764626,0.00404360007629511,False,README_UNUSED_C_PREFIX;OFFICIAL_BAD:noise;NOT_NEURAL_CHANNEL,ALL_SAMPLES
sub-SD012_ses-01_task-PassiveListen,C125,OTHER,uV,SI volts for voltage channels,1819008,0,-0.002385539284351873,0.005196028091859311,False,README_UNUSED_C_PREFIX;OFFICIAL_BAD:noise;NOT_NEURAL_CHANNEL,ALL_SAMPLES
sub-SD012_ses-01_task-PassiveListen,C126,OTHER,uV,SI volts for voltage channels,1819008,0,-0.002181372106507973,0.007173897627222095,False,README_UNUSED_C_PREFIX;OFFICIAL_BAD:noise;NOT_NEURAL_CHANNEL,ALL_SAMPLES
sub-SD012_ses-01_task-PassiveListen,C127,OTHER,uV,SI volts for voltage channels,1819008,0,-0.0018721970702677958,0.008711,False,README_UNUSED_C_PREFIX;OFFICIAL_BAD:noise;NOT_NEURAL_CHANNEL,ALL_SAMPLES
sub-SD012_ses-01_task-PassiveListen,C128,OTHER,uV,SI volts for voltage channels,1819008,0,-0.002520853208209354,0.008711,False,README_UNUSED_C_PREFIX;OFFICIAL_BAD:noise;NOT_NEURAL_CHANNEL,ALL_SAMPLES
sub-SD012_ses-01_task-PassiveListen,DC1,MISC,n/a,SI volts for voltage channels,1819008,0,-1.0498148775463498,1.2944441474021513,False,UNKNOWN_CHANNEL_METADATA_OR_UNIT;NOT_NEURAL_CHANNEL,ALL_SAMPLES
sub-SD012_ses-01_task-PassiveListen,DC2,MISC,n/a,SI volts for voltage channels,1819008,0,-7.860837720334529e-05,0.056519423208971985,False,UNKNOWN_CHANNEL_METADATA_OR_UNIT;OFFICIAL_BAD:noise;NOT_NEURAL_CHANNEL,ALL_SAMPLES
sub-SD012_ses-01_task-PassiveListen,DC3,MISC,n/a,SI volts for voltage channels,1819008,0,-7.860837720334529e-05,0.02649102311741785,False,UNKNOWN_CHANNEL_METADATA_OR_UNIT;OFFICIAL_BAD:noise;NOT_NEURAL_CHANNEL,ALL_SAMPLES
sub-SD012_ses-01_task-PassiveListen,DC4,MISC,n/a,SI volts for voltage channels,1819008,0,-7.860837720334529e-05,0.08073080338750253,False,UNKNOWN_CHANNEL_METADATA_OR_UNIT;OFFICIAL_BAD:noise;NOT_NEURAL_CHANNEL,ALL_SAMPLES
sub-SD012_ses-01_task-PassiveListen,DC5,MISC,n/a,SI volts for voltage channels,1819008,0,-7.860837720334529e-05,0.04488538338292483,False,UNKNOWN_CHANNEL_METADATA_OR_UNIT;OFFICIAL_BAD:noise;NOT_NEURAL_CHANNEL,ALL_SAMPLES
sub-SD012_ses-01_task-PassiveListen,DC6,MISC,n/a,SI volts for voltage channels,1819008,0,-7.860837720334529e-05,0.08120245365072067,False,UNKNOWN_CHANNEL_METADATA_OR_UNIT;OFFICIAL_BAD:noise;NOT_NEURAL_CHANNEL,ALL_SAMPLES
sub-SD012_ses-01_task-PassiveListen,DC7,MISC,n/a,SI volts for voltage channels,1819008,0,-1.0581473655298699,1.3177122270542454,False,UNKNOWN_CHANNEL_METADATA_OR_UNIT;OFFICIAL_BAD:noise;NOT_NEURAL_CHANNEL,ALL_SAMPLES
sub-SD012_ses-01_task-PassiveListen,DC8,MISC,n/a,SI volts for voltage channels,1819008,0,-7.860837720334529e-05,0.05887767452506262,False,UNKNOWN_CHANNEL_METADATA_OR_UNIT;OFFICIAL_BAD:noise;NOT_NEURAL_CHANNEL,ALL_SAMPLES
sub-SD012_ses-01_task-PassiveListen,DC9,MISC,n/a,SI volts for voltage channels,1819008,0,-7.860837720334529e-05,0.044099299610894614,False,UNKNOWN_CHANNEL_METADATA_OR_UNIT;OFFICIAL_BAD:noise;NOT_NEURAL_CHANNEL,ALL_SAMPLES
sub-SD012_ses-01_task-PassiveListen,DC10,MISC,n/a,SI volts for voltage channels,1819008,0,-7.860837720334529e-05,0.05117405355916654,False,UNKNOWN_CHANNEL_METADATA_OR_UNIT;OFFICIAL_BAD:noise;NOT_NEURAL_CHANNEL,ALL_SAMPLES
sub-SD012_ses-01_task-PassiveListen,DC11,MISC,n/a,SI volts for voltage channels,1819008,0,-7.860837720334529e-05,0.07302718242160645,False,UNKNOWN_CHANNEL_METADATA_OR_UNIT;OFFICIAL_BAD:noise;NOT_NEURAL_CHANNEL,ALL_SAMPLES
sub-SD012_ses-01_task-PassiveListen,DC12,MISC,n/a,SI volts for voltage channels,1819008,0,-7.860837720334529e-05,0.037810629434652916,False,UNKNOWN_CHANNEL_METADATA_OR_UNIT;OFFICIAL_BAD:noise;NOT_NEURAL_CHANNEL,ALL_SAMPLES
sub-SD012_ses-01_task-PassiveListen,DC13,MISC,n/a,SI volts for voltage channels,1819008,0,-7.860837720334529e-05,0.026962673380635977,False,UNKNOWN_CHANNEL_METADATA_OR_UNIT;OFFICIAL_BAD:noise;NOT_NEURAL_CHANNEL,ALL_SAMPLES
sub-SD012_ses-01_task-PassiveListen,DC14,MISC,n/a,SI volts for voltage channels,1819008,0,-0.004637894254978581,-7.860837720334529e-05,False,UNKNOWN_CHANNEL_METADATA_OR_UNIT;OFFICIAL_BAD:noise;NOT_NEURAL_CHANNEL,ALL_SAMPLES
sub-SD012_ses-01_task-PassiveListen,DC15,MISC,n/a,SI volts for voltage channels,1819008,0,-7.860837720334529e-05,0.012813165484092146,False,UNKNOWN_CHANNEL_METADATA_OR_UNIT;OFFICIAL_BAD:noise;NOT_NEURAL_CHANNEL,ALL_SAMPLES
sub-SD012_ses-01_task-PassiveListen,DC16,MISC,n/a,SI volts for voltage channels,1819008,0,-7.860837720334529e-05,0.016900801098649252,False,UNKNOWN_CHANNEL_METADATA_OR_UNIT;OFFICIAL_BAD:noise;NOT_NEURAL_CHANNEL,ALL_SAMPLES
sub-SD012_ses-01_task-PassiveListen,TRIG,TRIG,n/a,SI volts for voltage channels,1819008,0,-0.015957500572213647,-7.860837720334529e-05,False,UNKNOWN_CHANNEL_METADATA_OR_UNIT;OFFICIAL_BAD:noise;NOT_NEURAL_CHANNEL,ALL_SAMPLES
sub-SD012_ses-01_task-PassiveListen,OSAT,MISC,n/a,SI volts for voltage channels,1819008,0,0.0,0.0,False,UNKNOWN_CHANNEL_METADATA_OR_UNIT;OFFICIAL_BAD:noise;NOT_NEURAL_CHANNEL;FLAT_EXACT,ALL_SAMPLES
sub-SD012_ses-01_task-PassiveListen,PR,MISC,n/a,SI volts for voltage channels,1819008,0,0.0,0.0,False,UNKNOWN_CHANNEL_METADATA_OR_UNIT;OFFICIAL_BAD:noise;NOT_NEURAL_CHANNEL;FLAT_EXACT,ALL_SAMPLES
sub-SD012_ses-01_task-PassiveListen,Pleth,UNKNOWN,UNKNOWN,SI volts for voltage channels,1819008,0,0.03276699999976158,2144.9836531480278,False,UNKNOWN_CHANNEL_METADATA_OR_UNIT;NOT_NEURAL_CHANNEL,ALL_SAMPLES
sub-SD012_ses-02_task-PassiveListen,LA1,SEEG,uV,SI volts for voltage channels,1331072,0,-0.0005637194018463418,0.0009016054474708171,True,,ALL_SAMPLES
sub-SD012_ses-02_task-PassiveListen,LA2,SEEG,uV,SI volts for voltage channels,1331072,0,-0.0005039047989623865,0.0008024461280231936,True,,ALL_SAMPLES
sub-SD012_ses-02_task-PassiveListen,LA3,SEEG,uV,SI volts for voltage channels,1331072,0,-0.0005039047989623865,0.000783305455100328,True,,ALL_SAMPLES
sub-SD012_ses-02_task-PassiveListen,LA4,SEEG,uV,SI volts for voltage channels,1331072,0,-0.0004717378347447929,0.0007569870298313878,True,,ALL_SAMPLES
sub-SD012_ses-02_task-PassiveListen,LA5,SEEG,uV,SI volts for voltage channels,1331072,0,-0.0005615926604104677,0.0008978836499580375,True,,ALL_SAMPLES
sub-SD012_ses-02_task-PassiveListen,LA6,SEEG,uV,SI volts for voltage channels,1331072,0,-0.0005804674906538491,0.0011201281300068666,False,OFFICIAL_BAD:epilepsy,ALL_SAMPLES
sub-SD012_ses-02_task-PassiveListen,LA7,SEEG,uV,SI volts for voltage channels,1331072,0,-0.0007062110780498969,0.0009053272449835965,False,OFFICIAL_BAD:epilepsy,ALL_SAMPLES
sub-SD012_ses-02_task-PassiveListen,LA8,SEEG,uV,SI volts for voltage channels,1331072,0,-0.0011581436331731135,0.0017913808957045853,False,OFFICIAL_BAD:epilepsy,ALL_SAMPLES
sub-SD012_ses-02_task-PassiveListen,LA9,SEEG,uV,SI volts for voltage channels,1331072,0,-0.0011094944228274967,0.0014798132753490502,False,OFFICIAL_BAD:epilepsy,ALL_SAMPLES
sub-SD012_ses-02_task-PassiveListen,LA10,SEEG,uV,SI volts for voltage channels,1331072,0,-0.0005121459220263981,0.0004834349126420996,True,,ALL_SAMPLES
sub-SD012_ses-02_task-PassiveListen,LHH1,SEEG,uV,SI volts for voltage channels,1331072,0,-0.00044196345464255746,0.0007737351186388952,True,,ALL_SAMPLES
sub-SD012_ses-02_task-PassiveListen,LHH2,SEEG,uV,SI volts for voltage channels,1331072,0,-0.000507626596475166,0.0009345699397268634,True,,ALL_SAMPLES
sub-SD012_ses-02_task-PassiveListen,LHH3,SEEG,uV,SI volts for voltage channels,1331072,0,-0.00046775019455252916,0.0009162267948424504,True,,ALL_SAMPLES
sub-SD012_ses-02_task-PassiveListen,LHH4,SEEG,uV,SI volts for voltage channels,1331072,0,-0.00048290322728313114,0.0010108667887388418,False,OFFICIAL_BAD:epilepsy,ALL_SAMPLES
sub-SD012_ses-02_task-PassiveListen,LHH5,SEEG,uV,SI volts for voltage channels,1331072,0,-0.0006620811932555123,0.0011642580148012512,False,OFFICIAL_BAD:epilepsy,ALL_SAMPLES
sub-SD012_ses-02_task-PassiveListen,LHH6,SEEG,uV,SI volts for voltage channels,1331072,0,-0.0008045728694590676,0.001326953734645609,False,OFFICIAL_BAD:epilepsy,ALL_SAMPLES
sub-SD012_ses-02_task-PassiveListen,LHH7,SEEG,uV,SI volts for voltage channels,1331072,0,-0.0008518928664072634,0.001262885648889906,False,OFFICIAL_BAD:epilepsy,ALL_SAMPLES
sub-SD012_ses-02_task-PassiveListen,LHH8,SEEG,uV,SI volts for voltage channels,1331072,0,-0.0009063906157015335,0.0016212415808346684,False,OFFICIAL_BAD:epilepsy,ALL_SAMPLES
sub-SD012_ses-02_task-PassiveListen,LHH9,SEEG,uV,SI volts for voltage channels,1331072,0,-0.0016246975356679636,0.0047265499198901354,False,OFFICIAL_BAD:epilepsy,ALL_SAMPLES
sub-SD012_ses-02_task-PassiveListen,LHH10,SEEG,uV,SI volts for voltage channels,1331072,0,-0.0009252654459449149,0.00048742255283436324,True,,ALL_SAMPLES
sub-SD012_ses-02_task-PassiveListen,LHT1,SEEG,uV,SI volts for voltage channels,1331072,0,-0.0004895492942702372,0.0010276148775463492,True,,ALL_SAMPLES
sub-SD012_ses-02_task-PassiveListen,LHT2,SEEG,uV,SI volts for voltage channels,1331072,0,-0.00044568525215533684,0.0011432564431219957,True,,ALL_SAMPLES
sub-SD012_ses-02_task-PassiveListen,LHT3,SEEG,uV,SI volts for voltage channels,1331072,0,-0.0005610609750514992,0.001151231723506523,True,,ALL_SAMPLES
sub-SD012_ses-02_task-PassiveListen,LHT4,SEEG,uV,SI volts for voltage channels,1331072,0,-0.0005004488441290913,0.0009869409475852598,True,,ALL_SAMPLES
sub-SD012_ses-02_task-PassiveListen,LHT5,SEEG,uV,SI volts for voltage channels,1331072,0,-0.0005389960326543068,0.0009563690394445716,True,,ALL_SAMPLES
sub-SD012_ses-02_task-PassiveListen,LHT6,SEEG,uV,SI volts for voltage channels,1331072,0,-0.000758316243228809,0.0011927031815060654,False,OFFICIAL_BAD:epilepsy,ALL_SAMPLES
sub-SD012_ses-02_task-PassiveListen,LHT7,SEEG,uV,SI volts for voltage channels,1331072,0,-0.0010284124055848019,0.0014282397955291063,False,OFFICIAL_BAD:epilepsy,ALL_SAMPLES
sub-SD012_ses-02_task-PassiveListen,LHT8,SEEG,uV,SI volts for voltage channels,1331072,0,-0.0011706382391088732,0.001562224505989166,False,OFFICIAL_BAD:epilepsy,ALL_SAMPLES
sub-SD012_ses-02_task-PassiveListen,LHT9,SEEG,uV,SI volts for voltage channels,1331072,0,-0.001200944304570077,0.001501612375066758,False,OFFICIAL_BAD:epilepsy,ALL_SAMPLES
sub-SD012_ses-02_task-PassiveListen,LHT10,SEEG,uV,SI volts for voltage channels,1331072,0,-0.0003300436865796902,0.00026677312886243986,True,,ALL_SAMPLES
sub-SD012_ses-02_task-PassiveListen,RHH1,SEEG,uV,SI volts for voltage channels,1331072,0,-0.0038896771648737317,0.008711,False,OFFICIAL_BAD:epilepsy,ALL_SAMPLES
sub-SD012_ses-02_task-PassiveListen,RHH2,SEEG,uV,SI volts for voltage channels,1331072,0,-0.004157114900434882,0.008284854184786755,False,OFFICIAL_BAD:epilepsy,ALL_SAMPLES
sub-SD012_ses-02_task-PassiveListen,RHH3,SEEG,uV,SI volts for voltage channels,1331072,0,-0.004299340733958953,0.008711,False,OFFICIAL_BAD:epilepsy,ALL_SAMPLES
sub-SD012_ses-02_task-PassiveListen,RHH4,SEEG,uV,SI volts for voltage channels,1331072,0,-0.004198054673075455,0.008711,False,OFFICIAL_BAD:epilepsy,ALL_SAMPLES
sub-SD012_ses-02_task-PassiveListen,RHH5,SEEG,uV,SI volts for voltage channels,1331072,0,-0.005113085175860227,0.008711,False,OFFICIAL_BAD:epilepsy,ALL_SAMPLES
sub-SD012_ses-02_task-PassiveListen,RHH6,SEEG,uV,SI volts for voltage channels,1331072,0,-0.004425084321355001,0.008711,False,OFFICIAL_BAD:epilepsy,ALL_SAMPLES
sub-SD012_ses-02_task-PassiveListen,RHH7,SEEG,uV,SI volts for voltage channels,1331072,0,-0.005004089677271686,0.008711,False,OFFICIAL_BAD:epilepsy,ALL_SAMPLES
sub-SD012_ses-02_task-PassiveListen,RHH8,SEEG,uV,SI volts for voltage channels,1331072,0,-0.004509622293430991,0.008711,False,OFFICIAL_BAD:epilepsy,ALL_SAMPLES
sub-SD012_ses-02_task-PassiveListen,RHH9,SEEG,uV,SI volts for voltage channels,1331072,0,-0.004991329228656443,0.008711,False,OFFICIAL_BAD:epilepsy,ALL_SAMPLES
sub-SD012_ses-02_task-PassiveListen,RHH10,SEEG,uV,SI volts for voltage channels,1331072,0,-0.008711,0.008711,False,OFFICIAL_BAD:epilepsy,ALL_SAMPLES
sub-SD012_ses-02_task-PassiveListen,Grid A1,ECOG,uV,SI volts for voltage channels,1331072,0,-0.0006525108567940794,0.000691058045319295,False,OFFICIAL_BAD:epilepsy,ALL_SAMPLES
sub-SD012_ses-02_task-PassiveListen,Grid A2,ECOG,uV,SI volts for voltage channels,1331072,0,-0.0005517564812695506,0.0006136978255893797,False,OFFICIAL_BAD:epilepsy,ALL_SAMPLES
sub-SD012_ses-02_task-PassiveListen,Grid A3,ECOG,uV,SI volts for voltage channels,1331072,0,-0.00042441783779659725,0.00029787672236209655,True,,ALL_SAMPLES
sub-SD012_ses-02_task-PassiveListen,Grid A4,ECOG,uV,SI volts for voltage channels,1331072,0,-0.0002500250400549325,0.00027926773479819937,True,,ALL_SAMPLES
sub-SD012_ses-02_task-PassiveListen,Grid A5,ECOG,uV,SI volts for voltage channels,1331072,0,-0.0005110825513084612,0.0002835212176699473,True,,ALL_SAMPLES
sub-SD012_ses-02_task-PassiveListen,Grid A6,ECOG,uV,SI volts for voltage channels,1331072,0,-0.0007758618600747692,0.0007479483787289235,False,OFFICIAL_BAD:epilepsy,ALL_SAMPLES
sub-SD012_ses-02_task-PassiveListen,Grid A7,ECOG,uV,SI volts for voltage channels,1331072,0,-0.0007620380407415884,0.0005291598535133897,False,OFFICIAL_BAD:epilepsy,ALL_SAMPLES
sub-SD012_ses-02_task-PassiveListen,Grid A8,ECOG,uV,SI volts for voltage channels,1331072,0,-0.00040447963683527886,0.0004177717708094911,True,,ALL_SAMPLES
sub-SD012_ses-02_task-PassiveListen,Grid A9,ECOG,uV,SI volts for voltage channels,1331072,0,-0.0004908785076676585,0.00040049199664301513,True,,ALL_SAMPLES
sub-SD012_ses-02_task-PassiveListen,Grid A10,ECOG,uV,SI volts for voltage channels,1331072,0,-0.0005775432211795224,0.0005671753566796368,True,,ALL_SAMPLES
sub-SD012_ses-02_task-PassiveListen,Grid A11,ECOG,uV,SI volts for voltage channels,1331072,0,-0.0005419203021286335,0.000503373113603418,False,OFFICIAL_BAD:epilepsy,ALL_SAMPLES
sub-SD012_ses-02_task-PassiveListen,Grid A12,ECOG,uV,SI volts for voltage channels,1331072,0,-0.0007426315251392386,0.0007769252307927062,False,OFFICIAL_BAD:epilepsy,ALL_SAMPLES
sub-SD012_ses-02_task-PassiveListen,Grid A13,ECOG,uV,SI volts for voltage channels,1331072,0,-0.0006022665903715572,0.0005783407492179751,True,,ALL_SAMPLES
sub-SD012_ses-02_task-PassiveListen,Grid A14,ECOG,uV,SI volts for voltage channels,1331072,0,-0.0007625697261005569,0.0005825942320897231,True,,ALL_SAMPLES
sub-SD012_ses-02_task-PassiveListen,Grid A15,ECOG,uV,SI volts for voltage channels,1331072,0,-0.0011621312733653773,0.0008540196078431372,False,OFFICIAL_BAD:epilepsy,ALL_SAMPLES
sub-SD012_ses-02_task-PassiveListen,Grid A16,ECOG,uV,SI volts for voltage channels,1331072,0,-0.0006487890592813,0.0006317751277943083,False,OFFICIAL_BAD:epilepsy,ALL_SAMPLES
sub-SD012_ses-02_task-PassiveListen,Grid A17,ECOG,uV,SI volts for voltage channels,1331072,0,-0.0010842393682764934,0.0008045728694590676,False,OFFICIAL_BAD:epilepsy,ALL_SAMPLES
sub-SD012_ses-02_task-PassiveListen,Grid A18,ECOG,uV,SI volts for voltage channels,1331072,0,-0.0007054135500114443,0.0007250859082932784,False,OFFICIAL_BAD:epilepsy,ALL_SAMPLES
sub-SD012_ses-02_task-PassiveListen,Grid A19,ECOG,uV,SI volts for voltage channels,1331072,0,-0.0008085605096513313,0.0007378463569085221,True,,ALL_SAMPLES
sub-SD012_ses-02_task-PassiveListen,Grid A20,ECOG,uV,SI volts for voltage channels,1331072,0,-0.0005320841229877164,0.0006168879377431906,True,,ALL_SAMPLES
sub-SD012_ses-02_task-PassiveListen,LIF1,SEEG,uV,SI volts for voltage channels,1331072,0,-0.0007070086060883497,0.0004815740138857099,True,,ALL_SAMPLES
sub-SD012_ses-02_task-PassiveListen,LIF2,SEEG,uV,SI volts for voltage channels,1331072,0,-0.00045445806057831697,0.0003130297550926985,True,,ALL_SAMPLES
sub-SD012_ses-02_task-PassiveListen,LIF3,SEEG,uV,SI volts for voltage channels,1331072,0,-0.0004603065995269703,0.00029840840772106503,True,,ALL_SAMPLES
sub-SD012_ses-02_task-PassiveListen,LIF4,SEEG,uV,SI volts for voltage channels,1331072,0,-0.0006849436636911574,0.00028671132982375824,True,,ALL_SAMPLES
sub-SD012_ses-02_task-PassiveListen,LPP1,SEEG,uV,SI volts for voltage channels,1331072,0,-0.001526335744258793,0.0009888018463416494,False,OFFICIAL_BAD:epilepsy,ALL_SAMPLES
sub-SD012_ses-02_task-PassiveListen,LPP2,SEEG,uV,SI volts for voltage channels,1331072,0,-0.0011350153200579843,0.0011514975661860074,False,OFFICIAL_BAD:epilepsy,ALL_SAMPLES
sub-SD012_ses-02_task-PassiveListen,LPP3,SEEG,uV,SI volts for voltage channels,1331072,0,-0.0007867614099336233,0.000580467490653849,False,OFFICIAL_BAD:epilepsy,ALL_SAMPLES
sub-SD012_ses-02_task-PassiveListen,LPP4,SEEG,uV,SI volts for voltage channels,1331072,0,-0.0007296052338445106,0.0007559236591134507,False,OFFICIAL_BAD:epilepsy,ALL_SAMPLES
sub-SD012_ses-02_task-PassiveListen,LST1,SEEG,uV,SI volts for voltage channels,1331072,0,-0.0006495865873197529,0.0004552555886167696,True,,ALL_SAMPLES
sub-SD012_ses-02_task-PassiveListen,LST2,SEEG,uV,SI volts for voltage channels,1331072,0,-0.0006219389486533912,0.0006214072632944228,False,OFFICIAL_BAD:epilepsy,ALL_SAMPLES
sub-SD012_ses-02_task-PassiveListen,LST3,SEEG,uV,SI volts for voltage channels,1331072,0,-0.0008210551155870908,0.0004478119935912107,False,OFFICIAL_BAD:epilepsy,ALL_SAMPLES
sub-SD012_ses-02_task-PassiveListen,LST4,SEEG,uV,SI volts for voltage channels,1331072,0,-0.0008837939879453727,0.0004815740138857099,False,OFFICIAL_BAD:epilepsy,ALL_SAMPLES
sub-SD012_ses-02_task-PassiveListen,LST5,SEEG,uV,SI volts for voltage channels,1331072,0,-0.0007285418631265736,0.0005089558098725871,False,OFFICIAL_BAD:epilepsy,ALL_SAMPLES
sub-SD012_ses-02_task-PassiveListen,LST6,SEEG,uV,SI volts for voltage channels,1331072,0,-0.0004151133440146487,0.0003534378423743038,True,,ALL_SAMPLES
sub-SD012_ses-02_task-PassiveListen,LSF1,SEEG,uV,SI volts for voltage channels,1331072,0,-0.0005161335622186618,0.00029016728465705344,True,,ALL_SAMPLES
sub-SD012_ses-02_task-PassiveListen,LSF2,SEEG,uV,SI volts for voltage channels,1331072,0,-0.00037204682993820096,0.0002859138017853055,True,,ALL_SAMPLES
sub-SD012_ses-02_task-PassiveListen,LSF3,SEEG,uV,SI volts for voltage channels,1331072,0,-0.00039118750286106657,0.00027900189211871513,True,,ALL_SAMPLES
sub-SD012_ses-02_task-PassiveListen,LSF4,SEEG,uV,SI volts for voltage channels,1331072,0,-0.000304788632028687,0.0002633171740291447,True,,ALL_SAMPLES
sub-SD012_ses-02_task-PassiveListen,Fp1,EEG,uV,SI volts for voltage channels,1331072,0,-6.021336690318153e-05,4.080685130083159e-05,False,OFFICIAL_BAD:noise,ALL_SAMPLES
sub-SD012_ses-02_task-PassiveListen,F7,EEG,uV,SI volts for voltage channels,1331072,0,-6.659359121080341e-05,4.107269398031583e-05,False,OFFICIAL_BAD:noise,ALL_SAMPLES
sub-SD012_ses-02_task-PassiveListen,T3,EEG,uV,SI volts for voltage channels,1331072,0,-8.360752269779508e-05,4.5857862211032244e-05,False,OFFICIAL_BAD:noise,ALL_SAMPLES
sub-SD012_ses-02_task-PassiveListen,T5,EEG,uV,SI volts for voltage channels,1331072,0,-5.3833142595559646e-05,3.974348058289461e-05,False,OFFICIAL_BAD:noise,ALL_SAMPLES
sub-SD012_ses-02_task-PassiveListen,O1,EEG,uV,SI volts for voltage channels,1331072,0,-6.340347905699247e-05,4.2136064698252816e-05,False,OFFICIAL_BAD:noise,ALL_SAMPLES
sub-SD012_ses-02_task-PassiveListen,F3,EEG,uV,SI volts for voltage channels,1331072,0,-6.180842298008699e-05,4.1604379339284326e-05,False,OFFICIAL_BAD:noise,ALL_SAMPLES
sub-SD012_ses-02_task-PassiveListen,C3,EEG,uV,SI volts for voltage channels,1331072,0,-5.88841535057603e-05,4.240190737773706e-05,False,README_UNUSED_C_PREFIX;OFFICIAL_BAD:noise,ALL_SAMPLES
sub-SD012_ses-02_task-PassiveListen,P3,EEG,uV,SI volts for voltage channels,1331072,0,-6.074505226215001e-05,4.187022201876857e-05,False,OFFICIAL_BAD:noise,ALL_SAMPLES
sub-SD012_ses-02_task-PassiveListen,Fz,EEG,uV,SI volts for voltage channels,1331072,0,-6.632774853131917e-05,4.771876096742196e-05,False,OFFICIAL_BAD:noise,ALL_SAMPLES
sub-SD012_ses-02_task-PassiveListen,Cz,EEG,uV,SI volts for voltage channels,1331072,0,-5.8618310826276054e-05,4.3465278095674044e-05,False,README_UNUSED_C_PREFIX;OFFICIAL_BAD:noise,ALL_SAMPLES
sub-SD012_ses-02_task-PassiveListen,Pz,EEG,uV,SI volts for voltage channels,1331072,0,-5.914999618524455e-05,4.3465278095674044e-05,False,OFFICIAL_BAD:noise,ALL_SAMPLES
sub-SD012_ses-02_task-PassiveListen,Fp2,EEG,uV,SI volts for voltage channels,1331072,0,-5.4364827954528136e-05,4.904797436484318e-05,False,OFFICIAL_BAD:noise,ALL_SAMPLES
sub-SD012_ses-02_task-PassiveListen,F8,EEG,uV,SI volts for voltage channels,1331072,0,-6.340347905699247e-05,4.293359273670555e-05,False,OFFICIAL_BAD:noise,ALL_SAMPLES
sub-SD012_ses-02_task-PassiveListen,T4,EEG,uV,SI volts for voltage channels,1331072,0,-5.4098985275043894e-05,4.6921232928969224e-05,False,OFFICIAL_BAD:noise,ALL_SAMPLES
sub-SD012_ses-02_task-PassiveListen,T6,EEG,uV,SI volts for voltage channels,1331072,0,-5.5162355992980874e-05,4.5857862211032244e-05,False,OFFICIAL_BAD:noise,ALL_SAMPLES
sub-SD012_ses-02_task-PassiveListen,O2,EEG,uV,SI volts for voltage channels,1331072,0,-5.1972243839169935e-05,4.718707560845347e-05,False,OFFICIAL_BAD:noise,ALL_SAMPLES
sub-SD012_ses-02_task-PassiveListen,F4,EEG,uV,SI volts for voltage channels,1331072,0,-5.4896513313496625e-05,3.655336842908367e-05,False,OFFICIAL_BAD:noise,ALL_SAMPLES
sub-SD012_ses-02_task-PassiveListen,C4,EEG,uV,SI volts for voltage channels,1331072,0,-6.340347905699247e-05,4.240190737773706e-05,False,README_UNUSED_C_PREFIX;OFFICIAL_BAD:noise,ALL_SAMPLES
sub-SD012_ses-02_task-PassiveListen,P4,EEG,uV,SI volts for voltage channels,1331072,0,-7.270797283894104e-05,3.575584039063094e-05,False,OFFICIAL_BAD:noise,ALL_SAMPLES
sub-SD012_ses-02_task-PassiveListen,EKG2,ECG,uV,SI volts for voltage channels,1331072,0,-0.0011996150911726558,0.0038330526741435873,False,NOT_NEURAL_CHANNEL,ALL_SAMPLES
sub-SD012_ses-02_task-PassiveListen,EKG4,ECG,uV,SI volts for voltage channels,1331072,0,-0.004155254001678492,0.008711,False,NOT_NEURAL_CHANNEL,ALL_SAMPLES
sub-SD012_ses-02_task-PassiveListen,C100,OTHER,uV,SI volts for voltage channels,1331072,0,-6.313763637750823e-05,4.4528648813611016e-05,False,README_UNUSED_C_PREFIX;OFFICIAL_BAD:noise;NOT_NEURAL_CHANNEL,ALL_SAMPLES
sub-SD012_ses-02_task-PassiveListen,C101,OTHER,uV,SI volts for voltage channels,1331072,0,-6.473269245441369e-05,4.1604379339284326e-05,False,README_UNUSED_C_PREFIX;OFFICIAL_BAD:noise;NOT_NEURAL_CHANNEL,ALL_SAMPLES
sub-SD012_ses-02_task-PassiveListen,C102,OTHER,uV,SI volts for voltage channels,1331072,0,-6.446684977492945e-05,3.548999771114669e-05,False,README_UNUSED_C_PREFIX;OFFICIAL_BAD:noise;NOT_NEURAL_CHANNEL,ALL_SAMPLES
sub-SD012_ses-02_task-PassiveListen,C103,OTHER,uV,SI volts for voltage channels,1331072,0,-7.350550087739378e-05,4.771876096742196e-05,False,README_UNUSED_C_PREFIX;OFFICIAL_BAD:noise;NOT_NEURAL_CHANNEL,ALL_SAMPLES
sub-SD012_ses-02_task-PassiveListen,C104,OTHER,uV,SI volts for voltage channels,1331072,0,-7.137875944151981e-05,5.011134508278016e-05,False,README_UNUSED_C_PREFIX;OFFICIAL_BAD:noise;NOT_NEURAL_CHANNEL,ALL_SAMPLES
sub-SD012_ses-02_task-PassiveListen,C105,OTHER,uV,SI volts for voltage channels,1331072,0,-5.2769771877622666e-05,4.080685130083159e-05,False,README_UNUSED_C_PREFIX;OFFICIAL_BAD:noise;NOT_NEURAL_CHANNEL,ALL_SAMPLES
sub-SD012_ses-02_task-PassiveListen,C106,OTHER,uV,SI volts for voltage channels,1331072,0,-5.4098985275043894e-05,5.037718776226441e-05,False,README_UNUSED_C_PREFIX;OFFICIAL_BAD:noise;NOT_NEURAL_CHANNEL,ALL_SAMPLES
sub-SD012_ses-02_task-PassiveListen,C107,OTHER,uV,SI volts for voltage channels,1331072,0,-6.446684977492945e-05,4.187022201876857e-05,False,README_UNUSED_C_PREFIX;OFFICIAL_BAD:noise;NOT_NEURAL_CHANNEL,ALL_SAMPLES
sub-SD012_ses-02_task-PassiveListen,C108,OTHER,uV,SI volts for voltage channels,1331072,0,-5.702325474937059e-05,4.240190737773706e-05,False,README_UNUSED_C_PREFIX;OFFICIAL_BAD:noise;NOT_NEURAL_CHANNEL,ALL_SAMPLES
sub-SD012_ses-02_task-PassiveListen,C109,OTHER,uV,SI volts for voltage channels,1331072,0,-6.207426565957125e-05,4.878213168535894e-05,False,README_UNUSED_C_PREFIX;OFFICIAL_BAD:noise;NOT_NEURAL_CHANNEL,ALL_SAMPLES
sub-SD012_ses-02_task-PassiveListen,C110,OTHER,uV,SI volts for voltage channels,1331072,0,-5.5162355992980874e-05,5.38331425955596e-05,False,README_UNUSED_C_PREFIX;OFFICIAL_BAD:noise;NOT_NEURAL_CHANNEL,ALL_SAMPLES
sub-SD012_ses-02_task-PassiveListen,C111,OTHER,uV,SI volts for voltage channels,1331072,0,-5.8086625467307564e-05,4.612370489051649e-05,False,README_UNUSED_C_PREFIX;OFFICIAL_BAD:noise;NOT_NEURAL_CHANNEL,ALL_SAMPLES
sub-SD012_ses-02_task-PassiveListen,C112,OTHER,uV,SI volts for voltage channels,1331072,0,-6.925201800564586e-05,4.7984603646906204e-05,False,README_UNUSED_C_PREFIX;OFFICIAL_BAD:noise;NOT_NEURAL_CHANNEL,ALL_SAMPLES
sub-SD012_ses-02_task-PassiveListen,C113,OTHER,uV,SI volts for voltage channels,1331072,0,-0.0002938890821698329,8.759516289005872e-05,False,README_UNUSED_C_PREFIX;OFFICIAL_BAD:noise;NOT_NEURAL_CHANNEL,ALL_SAMPLES
sub-SD012_ses-02_task-PassiveListen,C114,OTHER,uV,SI volts for voltage channels,1331072,0,-7.430302891584652e-05,5.223808651865413e-05,False,README_UNUSED_C_PREFIX;OFFICIAL_BAD:noise;NOT_NEURAL_CHANNEL,ALL_SAMPLES
sub-SD012_ses-02_task-PassiveListen,C115,OTHER,uV,SI volts for voltage channels,1331072,0,-7.510055695429924e-05,4.2667750057221306e-05,False,README_UNUSED_C_PREFIX;OFFICIAL_BAD:noise;NOT_NEURAL_CHANNEL,ALL_SAMPLES
sub-SD012_ses-02_task-PassiveListen,C116,OTHER,uV,SI volts for voltage channels,1331072,0,-6.925201800564586e-05,4.187022201876857e-05,False,README_UNUSED_C_PREFIX;OFFICIAL_BAD:noise;NOT_NEURAL_CHANNEL,ALL_SAMPLES
sub-SD012_ses-02_task-PassiveListen,C117,OTHER,uV,SI volts for voltage channels,1331072,0,-7.350550087739378e-05,3.974348058289461e-05,False,README_UNUSED_C_PREFIX;OFFICIAL_BAD:noise;NOT_NEURAL_CHANNEL,ALL_SAMPLES
sub-SD012_ses-02_task-PassiveListen,C118,OTHER,uV,SI volts for voltage channels,1331072,0,-6.553022049286643e-05,4.240190737773706e-05,False,README_UNUSED_C_PREFIX;OFFICIAL_BAD:noise;NOT_NEURAL_CHANNEL,ALL_SAMPLES
sub-SD012_ses-02_task-PassiveListen,C119,OTHER,uV,SI volts for voltage channels,1331072,0,-6.021336690318153e-05,4.3996963454642533e-05,False,README_UNUSED_C_PREFIX;OFFICIAL_BAD:noise;NOT_NEURAL_CHANNEL,ALL_SAMPLES
sub-SD012_ses-02_task-PassiveListen,C120,OTHER,uV,SI volts for voltage channels,1331072,0,-6.393516441596097e-05,4.7984603646906204e-05,False,README_UNUSED_C_PREFIX;OFFICIAL_BAD:noise;NOT_NEURAL_CHANNEL,ALL_SAMPLES
sub-SD012_ses-02_task-PassiveListen,C121,OTHER,uV,SI volts for voltage channels,1331072,0,-6.606190585183492e-05,3.974348058289461e-05,False,README_UNUSED_C_PREFIX;OFFICIAL_BAD:noise;NOT_NEURAL_CHANNEL,ALL_SAMPLES
sub-SD012_ses-02_task-PassiveListen,C122,OTHER,uV,SI volts for voltage channels,1331072,0,-6.047920958266577e-05,4.5592019531548e-05,False,README_UNUSED_C_PREFIX;OFFICIAL_BAD:noise;NOT_NEURAL_CHANNEL,ALL_SAMPLES
sub-SD012_ses-02_task-PassiveListen,C123,OTHER,uV,SI volts for voltage channels,1331072,0,-6.446684977492945e-05,4.5857862211032244e-05,False,README_UNUSED_C_PREFIX;OFFICIAL_BAD:noise;NOT_NEURAL_CHANNEL,ALL_SAMPLES
sub-SD012_ses-02_task-PassiveListen,C124,OTHER,uV,SI volts for voltage channels,1331072,0,-6.659359121080341e-05,5.303561455710686e-05,False,README_UNUSED_C_PREFIX;OFFICIAL_BAD:noise;NOT_NEURAL_CHANNEL,ALL_SAMPLES
sub-SD012_ses-02_task-PassiveListen,C125,OTHER,uV,SI volts for voltage channels,1331072,0,-6.207426565957125e-05,5.62257267109178e-05,False,README_UNUSED_C_PREFIX;OFFICIAL_BAD:noise;NOT_NEURAL_CHANNEL,ALL_SAMPLES
sub-SD012_ses-02_task-PassiveListen,C126,OTHER,uV,SI volts for voltage channels,1331072,0,-5.994752422369728e-05,4.293359273670555e-05,False,README_UNUSED_C_PREFIX;OFFICIAL_BAD:noise;NOT_NEURAL_CHANNEL,ALL_SAMPLES
sub-SD012_ses-02_task-PassiveListen,C127,OTHER,uV,SI volts for voltage channels,1331072,0,-7.430302891584652e-05,4.6921232928969224e-05,False,README_UNUSED_C_PREFIX;OFFICIAL_BAD:noise;NOT_NEURAL_CHANNEL,ALL_SAMPLES
sub-SD012_ses-02_task-PassiveListen,C128,OTHER,uV,SI volts for voltage channels,1331072,0,-8.094909590295264e-05,5.755494010833903e-05,False,README_UNUSED_C_PREFIX;OFFICIAL_BAD:noise;NOT_NEURAL_CHANNEL,ALL_SAMPLES
sub-SD012_ses-02_task-PassiveListen,DC1,MISC,n/a,SI volts for voltage channels,1331072,0,-1.106570125886931,1.2243254749370562,False,UNKNOWN_CHANNEL_METADATA_OR_UNIT;NOT_NEURAL_CHANNEL,ALL_SAMPLES
sub-SD012_ses-02_task-PassiveListen,DC2,MISC,n/a,SI volts for voltage channels,1331072,0,-7.860837720334529e-05,0.05604777294575386,False,UNKNOWN_CHANNEL_METADATA_OR_UNIT;OFFICIAL_BAD:noise;NOT_NEURAL_CHANNEL,ALL_SAMPLES
sub-SD012_ses-02_task-PassiveListen,DC3,MISC,n/a,SI volts for voltage channels,1331072,0,-7.860837720334529e-05,0.026333806363011806,False,UNKNOWN_CHANNEL_METADATA_OR_UNIT;OFFICIAL_BAD:noise;NOT_NEURAL_CHANNEL,ALL_SAMPLES
sub-SD012_ses-02_task-PassiveListen,DC4,MISC,n/a,SI volts for voltage channels,1331072,0,-7.860837720334529e-05,0.08073080338750253,False,UNKNOWN_CHANNEL_METADATA_OR_UNIT;OFFICIAL_BAD:noise;NOT_NEURAL_CHANNEL,ALL_SAMPLES
sub-SD012_ses-02_task-PassiveListen,DC5,MISC,n/a,SI volts for voltage channels,1331072,0,-7.860837720334529e-05,0.04488538338292483,False,UNKNOWN_CHANNEL_METADATA_OR_UNIT;OFFICIAL_BAD:noise;NOT_NEURAL_CHANNEL,ALL_SAMPLES
sub-SD012_ses-02_task-PassiveListen,DC6,MISC,n/a,SI volts for voltage channels,1331072,0,-7.860837720334529e-05,0.08104523689631463,False,UNKNOWN_CHANNEL_METADATA_OR_UNIT;OFFICIAL_BAD:noise;NOT_NEURAL_CHANNEL,ALL_SAMPLES
sub-SD012_ses-02_task-PassiveListen,DC7,MISC,n/a,SI volts for voltage channels,1331072,0,-1.010982339208057,1.2208667063401233,False,UNKNOWN_CHANNEL_METADATA_OR_UNIT;OFFICIAL_BAD:noise;NOT_NEURAL_CHANNEL,ALL_SAMPLES
sub-SD012_ses-02_task-PassiveListen,DC8,MISC,n/a,SI volts for voltage channels,1331072,0,-7.860837720334529e-05,0.05856324101625054,False,UNKNOWN_CHANNEL_METADATA_OR_UNIT;OFFICIAL_BAD:noise;NOT_NEURAL_CHANNEL,ALL_SAMPLES
sub-SD012_ses-02_task-PassiveListen,DC9,MISC,n/a,SI volts for voltage channels,1331072,0,-7.860837720334529e-05,0.044099299610894614,False,UNKNOWN_CHANNEL_METADATA_OR_UNIT;OFFICIAL_BAD:noise;NOT_NEURAL_CHANNEL,ALL_SAMPLES
sub-SD012_ses-02_task-PassiveListen,DC10,MISC,n/a,SI volts for voltage channels,1331072,0,-7.860837720334529e-05,0.05133127031357258,False,UNKNOWN_CHANNEL_METADATA_OR_UNIT;OFFICIAL_BAD:noise;NOT_NEURAL_CHANNEL,ALL_SAMPLES
sub-SD012_ses-02_task-PassiveListen,DC11,MISC,n/a,SI volts for voltage channels,1331072,0,-7.860837720334529e-05,0.07302718242160645,False,UNKNOWN_CHANNEL_METADATA_OR_UNIT;OFFICIAL_BAD:noise;NOT_NEURAL_CHANNEL,ALL_SAMPLES
sub-SD012_ses-02_task-PassiveListen,DC12,MISC,n/a,SI volts for voltage channels,1331072,0,-7.860837720334529e-05,0.037810629434652916,False,UNKNOWN_CHANNEL_METADATA_OR_UNIT;OFFICIAL_BAD:noise;NOT_NEURAL_CHANNEL,ALL_SAMPLES
sub-SD012_ses-02_task-PassiveListen,DC13,MISC,n/a,SI volts for voltage channels,1331072,0,-7.860837720334529e-05,0.026962673380635977,False,UNKNOWN_CHANNEL_METADATA_OR_UNIT;OFFICIAL_BAD:noise;NOT_NEURAL_CHANNEL,ALL_SAMPLES
sub-SD012_ses-02_task-PassiveListen,DC14,MISC,n/a,SI volts for voltage channels,1331072,0,-0.004480677500572537,-7.860837720334529e-05,False,UNKNOWN_CHANNEL_METADATA_OR_UNIT;OFFICIAL_BAD:noise;NOT_NEURAL_CHANNEL,ALL_SAMPLES
sub-SD012_ses-02_task-PassiveListen,DC15,MISC,n/a,SI volts for voltage channels,1331072,0,-7.860837720334529e-05,0.012813165484092146,False,UNKNOWN_CHANNEL_METADATA_OR_UNIT;OFFICIAL_BAD:noise;NOT_NEURAL_CHANNEL,ALL_SAMPLES
sub-SD012_ses-02_task-PassiveListen,DC16,MISC,n/a,SI volts for voltage channels,1331072,0,-7.860837720334529e-05,0.016900801098649252,False,UNKNOWN_CHANNEL_METADATA_OR_UNIT;OFFICIAL_BAD:noise;NOT_NEURAL_CHANNEL,ALL_SAMPLES
sub-SD012_ses-02_task-PassiveListen,TRIG,TRIG,n/a,SI volts for voltage channels,1331072,0,-7.860837720334529e-05,-7.860837720334529e-05,False,UNKNOWN_CHANNEL_METADATA_OR_UNIT;OFFICIAL_BAD:noise;NOT_NEURAL_CHANNEL;FLAT_EXACT,ALL_SAMPLES
sub-SD012_ses-02_task-PassiveListen,OSAT,MISC,n/a,SI volts for voltage channels,1331072,0,0.0,0.0,False,UNKNOWN_CHANNEL_METADATA_OR_UNIT;OFFICIAL_BAD:noise;NOT_NEURAL_CHANNEL;FLAT_EXACT,ALL_SAMPLES
sub-SD012_ses-02_task-PassiveListen,PR,MISC,n/a,SI volts for voltage channels,1331072,0,0.0,0.0,False,UNKNOWN_CHANNEL_METADATA_OR_UNIT;OFFICIAL_BAD:noise;NOT_NEURAL_CHANNEL;FLAT_EXACT,ALL_SAMPLES
sub-SD012_ses-02_task-PassiveListen,Pleth,UNKNOWN,UNKNOWN,SI volts for voltage channels,1331072,0,0.03276699999976158,2144.9836531480278,False,UNKNOWN_CHANNEL_METADATA_OR_UNIT;NOT_NEURAL_CHANNEL,ALL_SAMPLES
sub-SD013_ses-01_task-PassiveListen,LA1,SEEG,uV,SI volts for voltage channels,4800000,0,-0.002120759975585565,0.001043565438315404,True,,ALL_SAMPLES
sub-SD013_ses-01_task-PassiveListen,LA2,SEEG,uV,SI volts for voltage channels,4800000,0,-0.0009343040970473792,0.0008431200579842832,True,,ALL_SAMPLES
sub-SD013_ses-01_task-PassiveListen,LA3,SEEG,uV,SI volts for voltage channels,4800000,0,-0.0006873362478065156,0.0008175991607537956,True,,ALL_SAMPLES
sub-SD013_ses-01_task-PassiveListen,LA4,SEEG,uV,SI volts for voltage channels,4800000,0,-0.00037390772869459065,0.0008149407339589531,True,,ALL_SAMPLES
sub-SD013_ses-01_task-PassiveListen,LA5,SEEG,uV,SI volts for voltage channels,4800000,0,-0.0002914964980544747,0.0008013827573052567,True,,ALL_SAMPLES
sub-SD013_ses-01_task-PassiveListen,LA6,SEEG,uV,SI volts for voltage channels,4800000,0,-0.0004137841306172274,0.0008298279240100708,True,,ALL_SAMPLES
sub-SD013_ses-01_task-PassiveListen,LA7,SEEG,uV,SI volts for voltage channels,4800000,0,-0.0005639852445258259,0.000815738261997406,True,,ALL_SAMPLES
sub-SD013_ses-01_task-PassiveListen,LA8,SEEG,uV,SI volts for voltage channels,4800000,0,-0.0007612405127031357,0.0008096238803692682,True,,ALL_SAMPLES
sub-SD013_ses-01_task-PassiveListen,LA9,SEEG,uV,SI volts for voltage channels,4800000,0,-0.0032040688944838633,0.005719206485084306,True,,ALL_SAMPLES
sub-SD013_ses-01_task-PassiveListen,LA10,SEEG,uV,SI volts for voltage channels,4800000,0,-0.008711,0.008711,True,,ALL_SAMPLES
sub-SD013_ses-01_task-PassiveListen,LHH1,SEEG,uV,SI volts for voltage channels,4800000,0,-0.002916958800640879,0.0018493345998321505,True,,ALL_SAMPLES
sub-SD013_ses-01_task-PassiveListen,LHH2,SEEG,uV,SI volts for voltage channels,4800000,0,-0.002028512565804532,0.0017318321355001144,True,,ALL_SAMPLES
sub-SD013_ses-01_task-PassiveListen,LHH3,SEEG,uV,SI volts for voltage channels,4800000,0,-0.0021324570534828717,0.001976673243305104,True,,ALL_SAMPLES
sub-SD013_ses-01_task-PassiveListen,LHH4,SEEG,uV,SI volts for voltage channels,4800000,0,-0.0007428973678187228,0.0007976609597924772,True,,ALL_SAMPLES
sub-SD013_ses-01_task-PassiveListen,LHH5,SEEG,uV,SI volts for voltage channels,4800000,0,-0.00033881649500267034,0.000812548149843595,True,,ALL_SAMPLES
sub-SD013_ses-01_task-PassiveListen,LHH6,SEEG,uV,SI volts for voltage channels,4800000,0,-0.0005703654688334478,0.0008261061264972914,True,,ALL_SAMPLES
sub-SD013_ses-01_task-PassiveListen,LHH7,SEEG,uV,SI volts for voltage channels,4800000,0,-0.0009398867933165483,0.0008338155642023346,True,,ALL_SAMPLES
sub-SD013_ses-01_task-PassiveListen,LHH8,SEEG,uV,SI volts for voltage channels,4800000,0,-0.0019806608834973677,0.000837537361715114,True,,ALL_SAMPLES
sub-SD013_ses-01_task-PassiveListen,LHH9,SEEG,uV,SI volts for voltage channels,4800000,0,-0.008711,0.008711,True,,ALL_SAMPLES
sub-SD013_ses-01_task-PassiveListen,LHH10,SEEG,uV,SI volts for voltage channels,4800000,0,-0.008450740016784924,0.008711,True,,ALL_SAMPLES
sub-SD013_ses-01_task-PassiveListen,LHT1,SEEG,uV,SI volts for voltage channels,4800000,0,-0.0004682818799114977,0.0009749780270084687,True,,ALL_SAMPLES
sub-SD013_ses-01_task-PassiveListen,LHT2,SEEG,uV,SI volts for voltage channels,4800000,0,-0.0006767025406271458,0.0011669164415960935,True,,ALL_SAMPLES
sub-SD013_ses-01_task-PassiveListen,LHT3,SEEG,uV,SI volts for voltage channels,4800000,0,-0.0003414749217975128,0.0008633241016250858,True,,ALL_SAMPLES
sub-SD013_ses-01_task-PassiveListen,LHT4,SEEG,uV,SI volts for voltage channels,4800000,0,-0.00022370661478599222,0.0008175991607537956,True,,ALL_SAMPLES
sub-SD013_ses-01_task-PassiveListen,LHT5,SEEG,uV,SI volts for voltage channels,4800000,0,-0.0003385506523231861,0.0008037753414206149,True,,ALL_SAMPLES
sub-SD013_ses-01_task-PassiveListen,LHT6,SEEG,uV,SI volts for voltage channels,4800000,0,-0.00027129245441367207,0.0008380690470740825,True,,ALL_SAMPLES
sub-SD013_ses-01_task-PassiveListen,LHT7,SEEG,uV,SI volts for voltage channels,4800000,0,-0.0003433358205539025,0.0008888449988555733,True,,ALL_SAMPLES
sub-SD013_ses-01_task-PassiveListen,LHT8,SEEG,uV,SI volts for voltage channels,4800000,0,-0.0005857843442435341,0.0009372283665217058,True,,ALL_SAMPLES
sub-SD013_ses-01_task-PassiveListen,LHT9,SEEG,uV,SI volts for voltage channels,4800000,0,-0.0004459510948348211,0.0009199485923552299,True,,ALL_SAMPLES
sub-SD013_ses-01_task-PassiveListen,LHT10,SEEG,uV,SI volts for voltage channels,4800000,0,-0.00040447963683527886,0.0008654508430609597,True,,ALL_SAMPLES
sub-SD013_ses-01_task-PassiveListen,LAC1,SEEG,uV,SI volts for voltage channels,4800000,0,-0.0003151564965285725,0.0007888881513694972,True,,ALL_SAMPLES
sub-SD013_ses-01_task-PassiveListen,LAC2,SEEG,uV,SI volts for voltage channels,4800000,0,-0.00026650728618295567,0.000766025680933852,True,,ALL_SAMPLES
sub-SD013_ses-01_task-PassiveListen,LAC3,SEEG,uV,SI volts for voltage channels,4800000,0,-0.00023221358052948808,0.000781178713664454,True,,ALL_SAMPLES
sub-SD013_ses-01_task-PassiveListen,LAC4,SEEG,uV,SI volts for voltage channels,4800000,0,-0.00023620122072175173,0.0007753301747158007,True,,ALL_SAMPLES
sub-SD013_ses-01_task-PassiveListen,LAC5,SEEG,uV,SI volts for voltage channels,4800000,0,-0.0002649122301060502,0.0007841029831387807,True,,ALL_SAMPLES
sub-SD013_ses-01_task-PassiveListen,LAC6,SEEG,uV,SI volts for voltage channels,4800000,0,-0.00027182413977264056,0.0008051045548180361,True,,ALL_SAMPLES
sub-SD013_ses-01_task-PassiveListen,LAC7,SEEG,uV,SI volts for voltage channels,4800000,0,-0.00026358301670862896,0.0008327521934843975,True,,ALL_SAMPLES
sub-SD013_ses-01_task-PassiveListen,LAC8,SEEG,uV,SI volts for voltage channels,4800000,0,-0.00026305133134966053,0.0008686409552147706,True,,ALL_SAMPLES
sub-SD013_ses-01_task-PassiveListen,LAC9,SEEG,uV,SI volts for voltage channels,4800000,0,-0.0002053634699015793,0.0008282328679331655,True,,ALL_SAMPLES
sub-SD013_ses-01_task-PassiveListen,LAC10,SEEG,uV,SI volts for voltage channels,4800000,0,-0.0007264151216906996,0.0007888881513694972,True,,ALL_SAMPLES
sub-SD013_ses-01_task-PassiveListen,LOF1,SEEG,uV,SI volts for voltage channels,4800000,0,-0.0003539695277332723,0.0008683751125352864,True,,ALL_SAMPLES
sub-SD013_ses-01_task-PassiveListen,LOF2,SEEG,uV,SI volts for voltage channels,4800000,0,-0.0003239293049515526,0.0008705018539711605,True,,ALL_SAMPLES
sub-SD013_ses-01_task-PassiveListen,LOF3,SEEG,uV,SI volts for voltage channels,4800000,0,-0.0010786566720073245,0.001581896864271,True,,ALL_SAMPLES
sub-SD013_ses-01_task-PassiveListen,LOF4,SEEG,uV,SI volts for voltage channels,4800000,0,-0.00025613942168307014,0.0008136115205615319,True,,ALL_SAMPLES
sub-SD013_ses-01_task-PassiveListen,LOF5,SEEG,uV,SI volts for voltage channels,4800000,0,-0.00021519964904249638,0.0007910148928053711,True,,ALL_SAMPLES
sub-SD013_ses-01_task-PassiveListen,LOF6,SEEG,uV,SI volts for voltage channels,4800000,0,-0.00021785807583733882,0.0007343904020752269,True,,ALL_SAMPLES
sub-SD013_ses-01_task-PassiveListen,LOF7,SEEG,uV,SI volts for voltage channels,4800000,0,-0.00024789829861905855,0.0007880906233310444,True,,ALL_SAMPLES
sub-SD013_ses-01_task-PassiveListen,LOF8,SEEG,uV,SI volts for voltage channels,4800000,0,-0.0002819261615930419,0.0007516701762417028,True,,ALL_SAMPLES
sub-SD013_ses-01_task-PassiveListen,LOF9,SEEG,uV,SI volts for voltage channels,4800000,0,-0.00026305133134966053,0.0007981926451514457,True,,ALL_SAMPLES
sub-SD013_ses-01_task-PassiveListen,LOF10,SEEG,uV,SI volts for voltage channels,4800000,0,-0.00020642684061951633,0.0007987243305104142,True,,ALL_SAMPLES
sub-SD013_ses-01_task-PassiveListen,RA1,SEEG,uV,SI volts for voltage channels,4800000,0,-0.0014162768749523156,0.0010789225146868085,True,,ALL_SAMPLES
sub-SD013_ses-01_task-PassiveListen,RA2,SEEG,uV,SI volts for voltage channels,4800000,0,-0.001247732616159304,0.0010624402685587855,True,,ALL_SAMPLES
sub-SD013_ses-01_task-PassiveListen,RA3,SEEG,uV,SI volts for voltage channels,4800000,0,-0.0009800290379186694,0.0008130798352025634,True,,ALL_SAMPLES
sub-SD013_ses-01_task-PassiveListen,RA4,SEEG,uV,SI volts for voltage channels,4800000,0,-0.000548832211795224,0.0007801153429465171,True,,ALL_SAMPLES
sub-SD013_ses-01_task-PassiveListen,RA5,SEEG,uV,SI volts for voltage channels,4800000,0,-0.0003922508735790036,0.0007665573662928206,True,,ALL_SAMPLES
sub-SD013_ses-01_task-PassiveListen,RA6,SEEG,uV,SI volts for voltage channels,4800000,0,-0.00035476705577172505,0.0007553919737544823,True,,ALL_SAMPLES
sub-SD013_ses-01_task-PassiveListen,RA7,SEEG,uV,SI volts for voltage channels,4800000,0,-0.0004198985122453651,0.0007383780422674905,True,,ALL_SAMPLES
sub-SD013_ses-01_task-PassiveListen,RA8,SEEG,uV,SI volts for voltage channels,4800000,0,-0.0005001830014496071,0.0008237135423819332,True,,ALL_SAMPLES
sub-SD013_ses-01_task-PassiveListen,RA9,SEEG,uV,SI volts for voltage channels,4800000,0,-0.00042813963530937663,0.000741036469062333,True,,ALL_SAMPLES
sub-SD013_ses-01_task-PassiveListen,RA10,SEEG,uV,SI volts for voltage channels,4800000,0,-0.00048290322728313114,0.0007644306248569466,True,,ALL_SAMPLES
sub-SD013_ses-01_task-PassiveListen,RHH1,SEEG,uV,SI volts for voltage channels,4800000,0,-0.0023079132219424735,0.0015973157396810863,True,,ALL_SAMPLES
sub-SD013_ses-01_task-PassiveListen,RHH2,SEEG,uV,SI volts for voltage channels,4800000,0,-0.001893198641947051,0.001426378896772717,True,,ALL_SAMPLES
sub-SD013_ses-01_task-PassiveListen,RHH3,SEEG,uV,SI volts for voltage channels,4800000,0,-0.003610542351415274,0.0019083516746776531,True,,ALL_SAMPLES
sub-SD013_ses-01_task-PassiveListen,RHH4,SEEG,uV,SI volts for voltage channels,4800000,0,-0.00046668682383459224,0.0011592070038910504,True,,ALL_SAMPLES
sub-SD013_ses-01_task-PassiveListen,RHH5,SEEG,uV,SI volts for voltage channels,4800000,0,-0.0004977904173342489,0.0007846346684977493,True,,ALL_SAMPLES
sub-SD013_ses-01_task-PassiveListen,RHH6,SEEG,uV,SI volts for voltage channels,4800000,0,-0.0003616789654383154,0.0007559236591134507,True,,ALL_SAMPLES
sub-SD013_ses-01_task-PassiveListen,RHH7,SEEG,uV,SI volts for voltage channels,4800000,0,-0.0004969928892957961,0.0007495434348058289,True,,ALL_SAMPLES
sub-SD013_ses-01_task-PassiveListen,RHH8,SEEG,uV,SI volts for voltage channels,4800000,0,-0.0005485663691157397,0.0007537969176775769,True,,ALL_SAMPLES
sub-SD013_ses-01_task-PassiveListen,RHH9,SEEG,uV,SI volts for voltage channels,4800000,0,-0.0002877747005416953,0.0007514043335622186,True,,ALL_SAMPLES
sub-SD013_ses-01_task-PassiveListen,RHH10,SEEG,uV,SI volts for voltage channels,4800000,0,-0.0005134751354238193,0.000745289951934081,True,,ALL_SAMPLES
sub-SD013_ses-01_task-PassiveListen,RHB1,SEEG,uV,SI volts for voltage channels,4800000,0,-0.0006974382696269169,0.0022916968184939347,True,,ALL_SAMPLES
sub-SD013_ses-01_task-PassiveListen,RHB2,SEEG,uV,SI volts for voltage channels,4800000,0,-0.0030411073319600215,0.0014965613641565575,True,,ALL_SAMPLES
sub-SD013_ses-01_task-PassiveListen,RHB3,SEEG,uV,SI volts for voltage channels,4800000,0,-0.002923604867627985,0.0016964750591287098,True,,ALL_SAMPLES
sub-SD013_ses-01_task-PassiveListen,RHB4,SEEG,uV,SI volts for voltage channels,4800000,0,-0.0003869340199893187,0.0007686841077286945,True,,ALL_SAMPLES
sub-SD013_ses-01_task-PassiveListen,RHB5,SEEG,uV,SI volts for voltage channels,4800000,0,-0.0002901672846570535,0.0007708108491645684,True,,ALL_SAMPLES
sub-SD013_ses-01_task-PassiveListen,RHB6,SEEG,uV,SI volts for voltage channels,4800000,0,-0.00036247649347676816,0.0007641647821774624,True,,ALL_SAMPLES
sub-SD013_ses-01_task-PassiveListen,RHB7,SEEG,uV,SI volts for voltage channels,4800000,0,-0.00045259716182192717,0.0007633672541390097,True,,ALL_SAMPLES
sub-SD013_ses-01_task-PassiveListen,RHB8,SEEG,uV,SI volts for voltage channels,4800000,0,-0.000615027038986801,0.0007708108491645684,True,,ALL_SAMPLES
sub-SD013_ses-01_task-PassiveListen,RHB9,SEEG,uV,SI volts for voltage channels,4800000,0,-0.0006070517586022736,0.000810421408407721,True,,ALL_SAMPLES
sub-SD013_ses-01_task-PassiveListen,RHB10,SEEG,uV,SI volts for voltage channels,4800000,0,-0.0004198985122453651,0.0007851663538567177,True,,ALL_SAMPLES
sub-SD013_ses-01_task-PassiveListen,RHT1,SEEG,uV,SI volts for voltage channels,4800000,0,-0.0006503841153582056,0.0008263719691767757,True,,ALL_SAMPLES
sub-SD013_ses-01_task-PassiveListen,RHT2,SEEG,uV,SI volts for voltage channels,4800000,0,-0.0007229591668574044,0.001644635736629282,True,,ALL_SAMPLES
sub-SD013_ses-01_task-PassiveListen,RHT3,SEEG,uV,SI volts for voltage channels,4800000,0,-0.00044462188143739987,0.0015380328221560997,True,,ALL_SAMPLES
sub-SD013_ses-01_task-PassiveListen,RHT4,SEEG,uV,SI volts for voltage channels,4800000,0,-0.00034785514610513466,0.0007631014114595254,True,,ALL_SAMPLES
sub-SD013_ses-01_task-PassiveListen,RHT5,SEEG,uV,SI volts for voltage channels,4800000,0,-0.0002489616693369955,0.0007577845578698406,True,,ALL_SAMPLES
sub-SD013_ses-01_task-PassiveListen,RHT6,SEEG,uV,SI volts for voltage channels,4800000,0,-0.0008798063477531091,0.0009755097123674372,True,,ALL_SAMPLES
sub-SD013_ses-01_task-PassiveListen,RHT7,SEEG,uV,SI volts for voltage channels,4800000,0,-0.00033243627069504843,0.0008223843289845121,True,,ALL_SAMPLES
sub-SD013_ses-01_task-PassiveListen,RHT8,SEEG,uV,SI volts for voltage channels,4800000,0,-0.00042521536583505,0.000865716685740444,True,,ALL_SAMPLES
sub-SD013_ses-01_task-PassiveListen,RHT9,SEEG,uV,SI volts for voltage channels,4800000,0,-0.0004323931181811246,0.0008630582589456015,True,,ALL_SAMPLES
sub-SD013_ses-01_task-PassiveListen,RHT10,SEEG,uV,SI volts for voltage channels,4800000,0,-0.00022503582818341345,0.00083541062027924,True,,ALL_SAMPLES
sub-SD013_ses-01_task-PassiveListen,RIF1,SEEG,uV,SI volts for voltage channels,4800000,0,-0.00046296502632181275,0.0007109962462806134,True,,ALL_SAMPLES
sub-SD013_ses-01_task-PassiveListen,RIF2,SEEG,uV,SI volts for voltage channels,4800000,0,-0.0003013326771953918,0.0007702791638056,True,,ALL_SAMPLES
sub-SD013_ses-01_task-PassiveListen,RIF3,SEEG,uV,SI volts for voltage channels,4800000,0,-0.00029973762111848635,0.0008074971389333943,True,,ALL_SAMPLES
sub-SD013_ses-01_task-PassiveListen,RIF4,SEEG,uV,SI volts for voltage channels,4800000,0,-0.0002994717784390021,0.0008457784847791256,True,,ALL_SAMPLES
sub-SD013_ses-01_task-PassiveListen,RIF5,SEEG,uV,SI volts for voltage channels,4800000,0,-0.00044674862287327386,0.0009747121843289845,True,,ALL_SAMPLES
sub-SD013_ses-01_task-PassiveListen,RIF6,SEEG,uV,SI volts for voltage channels,4800000,0,-0.000536869291218433,0.0014117575494010835,True,,ALL_SAMPLES
sub-SD013_ses-01_task-PassiveListen,RIF7,SEEG,uV,SI volts for voltage channels,4800000,0,-0.0005982789501792935,0.0014176060883497369,True,,ALL_SAMPLES
sub-SD013_ses-01_task-PassiveListen,RIF8,SEEG,uV,SI volts for voltage channels,4800000,0,-0.0006027982757305256,0.001257568795300221,True,,ALL_SAMPLES
sub-SD013_ses-01_task-PassiveListen,RIF9,SEEG,uV,SI volts for voltage channels,4800000,0,-0.00042627873655298694,0.0008962885938811322,True,,ALL_SAMPLES
sub-SD013_ses-01_task-PassiveListen,RIF10,SEEG,uV,SI volts for voltage channels,4800000,0,-0.0005310207522697796,0.0009207461203936827,True,,ALL_SAMPLES
sub-SD013_ses-01_task-PassiveListen,ROF1,SEEG,uV,SI volts for voltage channels,4800000,0,-0.0004640283970397498,0.0008548171358815898,True,,ALL_SAMPLES
sub-SD013_ses-01_task-PassiveListen,ROF2,SEEG,uV,SI volts for voltage channels,4800000,0,-0.0005259697413595788,0.0010087400473029677,True,,ALL_SAMPLES
sub-SD013_ses-01_task-PassiveListen,ROF3,SEEG,uV,SI volts for voltage channels,4800000,0,-0.0005052340123598078,0.0009417476920729381,True,,ALL_SAMPLES
sub-SD013_ses-01_task-PassiveListen,ROF4,SEEG,uV,SI volts for voltage channels,4800000,0,-0.0008364739909971771,0.0012918625009536889,True,,ALL_SAMPLES
sub-SD013_ses-01_task-PassiveListen,ROF5,SEEG,uV,SI volts for voltage channels,4800000,0,-0.0006158245670252536,0.0011557510490577553,True,,ALL_SAMPLES
sub-SD013_ses-01_task-PassiveListen,ROF6,SEEG,uV,SI volts for voltage channels,4800000,0,-0.00039756772716868853,0.0009789656672007322,True,,ALL_SAMPLES
sub-SD013_ses-01_task-PassiveListen,ROF7,SEEG,uV,SI volts for voltage channels,4800000,0,-0.0006113052414740215,0.001543881361104753,True,,ALL_SAMPLES
sub-SD013_ses-01_task-PassiveListen,ROF8,SEEG,uV,SI volts for voltage channels,4800000,0,-0.0006097101853971161,0.0011374079041733425,True,,ALL_SAMPLES
sub-SD013_ses-01_task-PassiveListen,ROF9,SEEG,uV,SI volts for voltage channels,4800000,0,-0.00044302682536049437,0.0008697043259327076,True,,ALL_SAMPLES
sub-SD013_ses-01_task-PassiveListen,ROF10,SEEG,uV,SI volts for voltage channels,4800000,0,-0.00032233424887464715,0.000755126131074998,True,,ALL_SAMPLES
sub-SD013_ses-01_task-PassiveListen,ROFBAC1,SEEG,uV,SI volts for voltage channels,4800000,0,-0.00029867425040054933,0.0007822420843823911,True,,ALL_SAMPLES
sub-SD013_ses-01_task-PassiveListen,ROFBAC2,SEEG,uV,SI volts for voltage channels,4800000,0,-0.00041803761348897534,0.0006208755779354543,True,,ALL_SAMPLES
sub-SD013_ses-01_task-PassiveListen,ROFBAC3,SEEG,uV,SI volts for voltage channels,4800000,0,-0.003106238788433661,0.0035653490959029525,True,,ALL_SAMPLES
sub-SD013_ses-01_task-PassiveListen,ROFBAC4,SEEG,uV,SI volts for voltage channels,4800000,0,-0.0030916174410620277,0.003547537636377508,True,,ALL_SAMPLES
sub-SD013_ses-01_task-PassiveListen,ROFBAC5,SEEG,uV,SI volts for voltage channels,4800000,0,-0.003304557427328908,0.003622239429312581,True,,ALL_SAMPLES
sub-SD013_ses-01_task-PassiveListen,ROFBAC6,SEEG,uV,SI volts for voltage channels,4800000,0,-0.0035501960631723504,0.003905361882963302,True,,ALL_SAMPLES
sub-SD013_ses-01_task-PassiveListen,ROFBAC7,SEEG,uV,SI volts for voltage channels,4800000,0,-0.003103846204318303,0.0034414664072632945,True,,ALL_SAMPLES
sub-SD013_ses-01_task-PassiveListen,ROFBAC8,SEEG,uV,SI volts for voltage channels,4800000,0,-0.0027332615091172656,0.0030209032883192185,True,,ALL_SAMPLES
sub-SD013_ses-01_task-PassiveListen,ROFBAC9,SEEG,uV,SI volts for voltage channels,4800000,0,-0.0033601185473411156,0.0032423502403295945,True,,ALL_SAMPLES
sub-SD013_ses-01_task-PassiveListen,ROFBAC10,SEEG,uV,SI volts for voltage channels,4800000,0,-0.0036629133592736706,0.0033282174258030058,True,,ALL_SAMPLES
sub-SD013_ses-01_task-PassiveListen,EKG2,ECG,uV,SI volts for voltage channels,4800000,0,-0.0025423864652475777,0.007559103669794765,False,NOT_NEURAL_CHANNEL,ALL_SAMPLES
sub-SD013_ses-01_task-PassiveListen,EKG4,ECG,uV,SI volts for voltage channels,4800000,0,-0.0008460443274586099,0.000799521858548867,False,NOT_NEURAL_CHANNEL,ALL_SAMPLES
sub-SD013_ses-01_task-PassiveListen,C123,OTHER,uV,SI volts for voltage channels,4800000,0,-0.003435883710994125,0.002958430258640421,False,README_UNUSED_C_PREFIX;OFFICIAL_BAD:noise;NOT_NEURAL_CHANNEL,ALL_SAMPLES
sub-SD013_ses-01_task-PassiveListen,C124,OTHER,uV,SI volts for voltage channels,4800000,0,-0.003473899214160372,0.0029398212710765237,False,README_UNUSED_C_PREFIX;OFFICIAL_BAD:noise;NOT_NEURAL_CHANNEL,ALL_SAMPLES
sub-SD013_ses-01_task-PassiveListen,C125,OTHER,uV,SI volts for voltage channels,4800000,0,-0.0033183812466620888,0.0026944484779125658,False,README_UNUSED_C_PREFIX;OFFICIAL_BAD:noise;NOT_NEURAL_CHANNEL,ALL_SAMPLES
sub-SD013_ses-01_task-PassiveListen,C126,OTHER,uV,SI volts for voltage channels,4800000,0,-0.0030551969939726863,0.00260831544975967,False,README_UNUSED_C_PREFIX;OFFICIAL_BAD:noise;NOT_NEURAL_CHANNEL,ALL_SAMPLES
sub-SD013_ses-01_task-PassiveListen,C127,OTHER,uV,SI volts for voltage channels,4800000,0,-0.004492076676585031,0.0031073021591515983,False,README_UNUSED_C_PREFIX;OFFICIAL_BAD:noise;NOT_NEURAL_CHANNEL,ALL_SAMPLES
sub-SD013_ses-01_task-PassiveListen,C128,OTHER,uV,SI volts for voltage channels,4800000,0,-0.004120162767986572,0.003824811551079575,False,README_UNUSED_C_PREFIX;OFFICIAL_BAD:noise;NOT_NEURAL_CHANNEL,ALL_SAMPLES
sub-SD013_ses-01_task-PassiveListen,DC1,MISC,n/a,SI volts for voltage channels,4800000,0,-1.0844025635156789,1.0307916502632177,False,UNKNOWN_CHANNEL_METADATA_OR_UNIT;NOT_NEURAL_CHANNEL,ALL_SAMPLES
sub-SD013_ses-01_task-PassiveListen,DC2,MISC,n/a,SI volts for voltage channels,4800000,0,-5.151600000000001,-5.151600000000001,False,UNKNOWN_CHANNEL_METADATA_OR_UNIT;OFFICIAL_BAD:noise;NOT_NEURAL_CHANNEL;FLAT_EXACT,ALL_SAMPLES
sub-SD013_ses-01_task-PassiveListen,DC3,MISC,n/a,SI volts for voltage channels,4800000,0,-5.151600000000001,-5.151600000000001,False,UNKNOWN_CHANNEL_METADATA_OR_UNIT;OFFICIAL_BAD:noise;NOT_NEURAL_CHANNEL;FLAT_EXACT,ALL_SAMPLES
sub-SD013_ses-01_task-PassiveListen,DC4,MISC,n/a,SI volts for voltage channels,4800000,0,-5.151600000000001,-5.151600000000001,False,UNKNOWN_CHANNEL_METADATA_OR_UNIT;OFFICIAL_BAD:noise;NOT_NEURAL_CHANNEL;FLAT_EXACT,ALL_SAMPLES
sub-SD013_ses-01_task-PassiveListen,DC5,MISC,n/a,SI volts for voltage channels,4800000,0,-5.151600000000001,-5.151600000000001,False,UNKNOWN_CHANNEL_METADATA_OR_UNIT;OFFICIAL_BAD:noise;NOT_NEURAL_CHANNEL;FLAT_EXACT,ALL_SAMPLES
sub-SD013_ses-01_task-PassiveListen,DC6,MISC,n/a,SI volts for voltage channels,4800000,0,-5.151600000000001,-5.151600000000001,False,UNKNOWN_CHANNEL_METADATA_OR_UNIT;OFFICIAL_BAD:noise;NOT_NEURAL_CHANNEL;FLAT_EXACT,ALL_SAMPLES
sub-SD013_ses-01_task-PassiveListen,DC7,MISC,n/a,SI volts for voltage channels,4800000,0,-5.151600000000001,-5.151600000000001,False,UNKNOWN_CHANNEL_METADATA_OR_UNIT;OFFICIAL_BAD:noise;NOT_NEURAL_CHANNEL;FLAT_EXACT,ALL_SAMPLES
sub-SD013_ses-01_task-PassiveListen,DC8,MISC,n/a,SI volts for voltage channels,4800000,0,-5.151600000000001,-5.151600000000001,False,UNKNOWN_CHANNEL_METADATA_OR_UNIT;OFFICIAL_BAD:noise;NOT_NEURAL_CHANNEL;FLAT_EXACT,ALL_SAMPLES
sub-SD013_ses-01_task-PassiveListen,DC9,MISC,n/a,SI volts for voltage channels,4800000,0,-5.151600000000001,-5.151600000000001,False,UNKNOWN_CHANNEL_METADATA_OR_UNIT;OFFICIAL_BAD:noise;NOT_NEURAL_CHANNEL;FLAT_EXACT,ALL_SAMPLES
sub-SD013_ses-01_task-PassiveListen,DC10,MISC,n/a,SI volts for voltage channels,4800000,0,-5.151600000000001,-5.151600000000001,False,UNKNOWN_CHANNEL_METADATA_OR_UNIT;OFFICIAL_BAD:noise;NOT_NEURAL_CHANNEL;FLAT_EXACT,ALL_SAMPLES
sub-SD013_ses-01_task-PassiveListen,DC11,MISC,n/a,SI volts for voltage channels,4800000,0,-5.151600000000001,-5.151600000000001,False,UNKNOWN_CHANNEL_METADATA_OR_UNIT;OFFICIAL_BAD:noise;NOT_NEURAL_CHANNEL;FLAT_EXACT,ALL_SAMPLES
sub-SD013_ses-01_task-PassiveListen,DC12,MISC,n/a,SI volts for voltage channels,4800000,0,-5.151600000000001,-5.151600000000001,False,UNKNOWN_CHANNEL_METADATA_OR_UNIT;OFFICIAL_BAD:noise;NOT_NEURAL_CHANNEL;FLAT_EXACT,ALL_SAMPLES
sub-SD013_ses-01_task-PassiveListen,DC13,MISC,n/a,SI volts for voltage channels,4800000,0,-5.151600000000001,-5.151600000000001,False,UNKNOWN_CHANNEL_METADATA_OR_UNIT;OFFICIAL_BAD:noise;NOT_NEURAL_CHANNEL;FLAT_EXACT,ALL_SAMPLES
sub-SD013_ses-01_task-PassiveListen,DC14,MISC,n/a,SI volts for voltage channels,4800000,0,-5.151600000000001,-5.151600000000001,False,UNKNOWN_CHANNEL_METADATA_OR_UNIT;OFFICIAL_BAD:noise;NOT_NEURAL_CHANNEL;FLAT_EXACT,ALL_SAMPLES
sub-SD013_ses-01_task-PassiveListen,DC15,MISC,n/a,SI volts for voltage channels,4800000,0,-5.151600000000001,-5.151600000000001,False,UNKNOWN_CHANNEL_METADATA_OR_UNIT;OFFICIAL_BAD:noise;NOT_NEURAL_CHANNEL;FLAT_EXACT,ALL_SAMPLES
sub-SD013_ses-01_task-PassiveListen,DC16,MISC,n/a,SI volts for voltage channels,4800000,0,-5.151600000000001,-5.151600000000001,False,UNKNOWN_CHANNEL_METADATA_OR_UNIT;OFFICIAL_BAD:noise;NOT_NEURAL_CHANNEL;FLAT_EXACT,ALL_SAMPLES
sub-SD013_ses-01_task-PassiveListen,TRIG,TRIG,n/a,SI volts for voltage channels,4800000,0,-0.030893092240787692,-7.860837720334529e-05,False,UNKNOWN_CHANNEL_METADATA_OR_UNIT;OFFICIAL_BAD:noise;NOT_NEURAL_CHANNEL,ALL_SAMPLES
sub-SD013_ses-01_task-PassiveListen,OSAT,MISC,n/a,SI volts for voltage channels,4800000,0,102.3,102.3,False,UNKNOWN_CHANNEL_METADATA_OR_UNIT;OFFICIAL_BAD:noise;NOT_NEURAL_CHANNEL;FLAT_EXACT,ALL_SAMPLES
sub-SD013_ses-01_task-PassiveListen,PR,MISC,n/a,SI volts for voltage channels,4800000,0,1023.0,1023.0,False,UNKNOWN_CHANNEL_METADATA_OR_UNIT;OFFICIAL_BAD:noise;NOT_NEURAL_CHANNEL;FLAT_EXACT,ALL_SAMPLES
sub-SD013_ses-01_task-PassiveListen,Pleth,UNKNOWN,UNKNOWN,SI volts for voltage channels,4800000,0,0.03276699999976158,0.03276699999976158,False,UNKNOWN_CHANNEL_METADATA_OR_UNIT;NOT_NEURAL_CHANNEL;FLAT_EXACT,ALL_SAMPLES
sub-SD015_ses-01_task-PassiveListen,LA1,SEEG,uV,SI volts for voltage channels,2046016,0,-0.0006868045624475471,0.0005437812008850233,True,,ALL_SAMPLES
sub-SD015_ses-01_task-PassiveListen,LA2,SEEG,uV,SI volts for voltage channels,2046016,0,-0.0007904832074464027,0.0006134319829098954,True,,ALL_SAMPLES
sub-SD015_ses-01_task-PassiveListen,LA3,SEEG,uV,SI volts for voltage channels,2046016,0,-0.0006689931029221027,0.0006012032196536202,True,,ALL_SAMPLES
sub-SD015_ses-01_task-PassiveListen,LA4,SEEG,uV,SI volts for voltage channels,2046016,0,-0.00043265896086060884,0.0006331043411917295,True,,ALL_SAMPLES
sub-SD015_ses-01_task-PassiveListen,LA5,SEEG,uV,SI volts for voltage channels,2046016,0,-0.0004938027771419852,0.0007224274814984358,True,,ALL_SAMPLES
sub-SD015_ses-01_task-PassiveListen,LA6,SEEG,uV,SI volts for voltage channels,2046016,0,-0.00040740390630960557,0.0009087831998168917,True,,ALL_SAMPLES
sub-SD015_ses-01_task-PassiveListen,LA7,SEEG,uV,SI volts for voltage channels,2046016,0,-0.0005241088426031892,0.0009802948805981537,True,,ALL_SAMPLES
sub-SD015_ses-01_task-PassiveListen,LA8,SEEG,uV,SI volts for voltage channels,2046016,0,-0.0006179513084611276,0.001197754192416266,True,,ALL_SAMPLES
sub-SD015_ses-01_task-PassiveListen,LA9,SEEG,uV,SI volts for voltage channels,2046016,0,-0.0006030641184100099,0.0012230092469672693,True,,ALL_SAMPLES
sub-SD015_ses-01_task-PassiveListen,LA10,SEEG,uV,SI volts for voltage channels,2046016,0,-0.0029826219424734872,0.00043531738765545126,True,,ALL_SAMPLES
sub-SD015_ses-01_task-PassiveListen,LHH1,SEEG,uV,SI volts for voltage channels,2046016,0,-0.0014896494544899672,0.0010443629663538568,True,,ALL_SAMPLES
sub-SD015_ses-01_task-PassiveListen,LHH2,SEEG,uV,SI volts for voltage channels,2046016,0,-0.0030977318226901654,0.0021856255893797204,True,,ALL_SAMPLES
sub-SD015_ses-01_task-PassiveListen,LHH3,SEEG,uV,SI volts for voltage channels,2046016,0,-0.004684015091172656,0.003717145265888456,True,,ALL_SAMPLES
sub-SD015_ses-01_task-PassiveListen,LHH4,SEEG,uV,SI volts for voltage channels,2046016,0,-0.0006251290608072024,0.0008643874723430228,True,,ALL_SAMPLES
sub-SD015_ses-01_task-PassiveListen,LHH5,SEEG,uV,SI volts for voltage channels,2046016,0,-0.0004004919966430152,0.0008627924162661173,True,,ALL_SAMPLES
sub-SD015_ses-01_task-PassiveListen,LHH6,SEEG,uV,SI volts for voltage channels,2046016,0,-0.0005097533379110399,0.0009760413977264057,True,,ALL_SAMPLES
sub-SD015_ses-01_task-PassiveListen,LHH7,SEEG,uV,SI volts for voltage channels,2046016,0,-0.0006293825436789502,0.0009768389257648585,True,,ALL_SAMPLES
sub-SD015_ses-01_task-PassiveListen,LHH8,SEEG,uV,SI volts for voltage channels,2046016,0,-0.0005618585030899519,0.000942811062790875,True,,ALL_SAMPLES
sub-SD015_ses-01_task-PassiveListen,LHH9,SEEG,uV,SI volts for voltage channels,2046016,0,-0.0006091785000381475,0.0009638126344701304,True,,ALL_SAMPLES
sub-SD015_ses-01_task-PassiveListen,LHH10,SEEG,uV,SI volts for voltage channels,2046016,0,-0.0005062973830777447,0.0008269036545357441,True,,ALL_SAMPLES
sub-SD015_ses-01_task-PassiveListen,LHT1,SEEG,uV,SI volts for voltage channels,2046016,0,-0.0012634173342488744,0.001419998672465095,True,,ALL_SAMPLES
sub-SD015_ses-01_task-PassiveListen,LHT2,SEEG,uV,SI volts for voltage channels,2046016,0,-0.0018549172961013197,0.0014981564202334629,True,,ALL_SAMPLES
sub-SD015_ses-01_task-PassiveListen,LHT3,SEEG,uV,SI volts for voltage channels,2046016,0,-0.0018700703288319217,0.0017831397726405737,True,,ALL_SAMPLES
sub-SD015_ses-01_task-PassiveListen,LHT4,SEEG,uV,SI volts for voltage channels,2046016,0,-0.00045738233005264363,0.0007261492790112152,True,,ALL_SAMPLES
sub-SD015_ses-01_task-PassiveListen,LHT5,SEEG,uV,SI volts for voltage channels,2046016,0,-0.0003946434576943618,0.0007046160219729914,True,,ALL_SAMPLES
sub-SD015_ses-01_task-PassiveListen,LHT6,SEEG,uV,SI volts for voltage channels,2046016,0,-0.0008149407339589532,0.0005661119859616998,True,,ALL_SAMPLES
sub-SD015_ses-01_task-PassiveListen,LHT7,SEEG,uV,SI volts for voltage channels,2046016,0,-0.0006235340047302968,0.0007790519722285801,True,,ALL_SAMPLES
sub-SD015_ses-01_task-PassiveListen,LHT8,SEEG,uV,SI volts for voltage channels,2046016,0,-0.0005879110856794079,0.0009837508354314487,True,,ALL_SAMPLES
sub-SD015_ses-01_task-PassiveListen,LHT9,SEEG,uV,SI volts for voltage channels,2046016,0,-0.0003451967193102922,0.00035981806668192564,True,,ALL_SAMPLES
sub-SD015_ses-01_task-PassiveListen,LHT10,SEEG,uV,SI volts for voltage channels,2046016,0,-0.0003537036850537881,0.0003683250324254215,True,,ALL_SAMPLES
sub-SD015_ses-01_task-PassiveListen,LF1,SEEG,uV,SI volts for voltage channels,2046016,0,-0.0005310207522697796,0.0004108598611429007,True,,ALL_SAMPLES
sub-SD015_ses-01_task-PassiveListen,LF2,SEEG,uV,SI volts for voltage channels,2046016,0,-0.00040341626611734184,0.0003864023346303501,True,,ALL_SAMPLES
sub-SD015_ses-01_task-PassiveListen,LF3,SEEG,uV,SI volts for voltage channels,2046016,0,-0.0008614632028686962,0.001153358464942397,True,,ALL_SAMPLES
sub-SD015_ses-01_task-PassiveListen,LF4,SEEG,uV,SI volts for voltage channels,2046016,0,-0.0006814877088578622,0.0013601840695811396,True,,ALL_SAMPLES
sub-SD015_ses-01_task-PassiveListen,LF5,SEEG,uV,SI volts for voltage channels,2046016,0,-0.0005475029983978026,0.00047732053101396196,True,,ALL_SAMPLES
sub-SD015_ses-01_task-PassiveListen,LF6,SEEG,uV,SI volts for voltage channels,2046016,0,-0.0007397072556649119,0.0011116211642633706,True,,ALL_SAMPLES
sub-SD015_ses-01_task-PassiveListen,LF7,SEEG,uV,SI volts for voltage channels,2046016,0,-0.00043824165712977797,0.0006235340047302967,True,,ALL_SAMPLES
sub-SD015_ses-01_task-PassiveListen,LF8,SEEG,uV,SI volts for voltage channels,2046016,0,-0.0006094443427176317,0.0013955411459525442,True,,ALL_SAMPLES
sub-SD015_ses-01_task-PassiveListen,LF9,SEEG,uV,SI volts for voltage channels,2046016,0,-0.0007383780422674905,0.001430898222323949,True,,ALL_SAMPLES
sub-SD015_ses-01_task-PassiveListen,LF10,SEEG,uV,SI volts for voltage channels,2046016,0,-0.0007798495002670329,0.0008960227512016479,True,,ALL_SAMPLES
sub-SD015_ses-01_task-PassiveListen,RA1,SEEG,uV,SI volts for voltage channels,2046016,0,-0.0008035094987411307,0.0008261061264972914,True,,ALL_SAMPLES
sub-SD015_ses-01_task-PassiveListen,RA2,SEEG,uV,SI volts for voltage channels,2046016,0,-0.0006440038910505837,0.0005655803006027313,True,,ALL_SAMPLES
sub-SD015_ses-01_task-PassiveListen,RA3,SEEG,uV,SI volts for voltage channels,2046016,0,-0.0005073607537956817,0.0005198553597314412,True,,ALL_SAMPLES
sub-SD015_ses-01_task-PassiveListen,RA4,SEEG,uV,SI volts for voltage channels,2046016,0,-0.0003646032349126421,0.0005097533379110398,True,,ALL_SAMPLES
sub-SD015_ses-01_task-PassiveListen,RA5,SEEG,uV,SI volts for voltage channels,2046016,0,-0.000356893797207599,0.00048556165407797355,True,,ALL_SAMPLES
sub-SD015_ses-01_task-PassiveListen,RA6,SEEG,uV,SI volts for voltage channels,2046016,0,-0.0003866681773098344,0.0005374009765774014,True,,ALL_SAMPLES
sub-SD015_ses-01_task-PassiveListen,RA7,SEEG,uV,SI volts for voltage channels,2046016,0,-0.0005576050202182039,0.0007391755703059433,True,,ALL_SAMPLES
sub-SD015_ses-01_task-PassiveListen,RA8,SEEG,uV,SI volts for voltage channels,2046016,0,-0.0007248200656137942,0.0008588047760738536,True,,ALL_SAMPLES
sub-SD015_ses-01_task-PassiveListen,RA9,SEEG,uV,SI volts for voltage channels,2046016,0,-0.00048795423819333184,0.00039092166018158233,True,,ALL_SAMPLES
sub-SD015_ses-01_task-PassiveListen,RA10,SEEG,uV,SI volts for voltage channels,2046016,0,-0.00046216749828336003,0.00037337604333562217,True,,ALL_SAMPLES
sub-SD015_ses-01_task-PassiveListen,RHH1,SEEG,uV,SI volts for voltage channels,2046016,0,-0.000495663675898375,0.00059243041123064,True,,ALL_SAMPLES
sub-SD015_ses-01_task-PassiveListen,RHH2,SEEG,uV,SI volts for voltage channels,2046016,0,-0.00048290322728313114,0.0005065632257572289,True,,ALL_SAMPLES
sub-SD015_ses-01_task-PassiveListen,RHH3,SEEG,uV,SI volts for voltage channels,2046016,0,-0.0004932710917830167,0.0004520654764629587,True,,ALL_SAMPLES
sub-SD015_ses-01_task-PassiveListen,RHH4,SEEG,uV,SI volts for voltage channels,2046016,0,-0.00041910098420691236,0.00047652300297550923,True,,ALL_SAMPLES
sub-SD015_ses-01_task-PassiveListen,RHH5,SEEG,uV,SI volts for voltage channels,2046016,0,-0.0004175059281300069,0.0005206528877698939,True,,ALL_SAMPLES
sub-SD015_ses-01_task-PassiveListen,RHH6,SEEG,uV,SI volts for voltage channels,2046016,0,-0.0004874225528343633,0.0006945140001525901,True,,ALL_SAMPLES
sub-SD015_ses-01_task-PassiveListen,RHH7,SEEG,uV,SI volts for voltage channels,2046016,0,-0.0007046160219729915,0.001042767910276951,True,,ALL_SAMPLES
sub-SD015_ses-01_task-PassiveListen,RHH8,SEEG,uV,SI volts for voltage channels,2046016,0,-0.0005913670405127032,0.0009680661173418782,True,,ALL_SAMPLES
sub-SD015_ses-01_task-PassiveListen,RHH9,SEEG,uV,SI volts for voltage channels,2046016,0,-0.00035955222400244145,0.00046429423971923396,True,,ALL_SAMPLES
sub-SD015_ses-01_task-PassiveListen,RHH10,SEEG,uV,SI volts for voltage channels,2046016,0,-0.000398099412527657,0.00044409019607843134,True,,ALL_SAMPLES
sub-SD015_ses-01_task-PassiveListen,RHT1,SEEG,uV,SI volts for voltage channels,2046016,0,-0.0005552124361028458,0.0004977904173342488,True,,ALL_SAMPLES
sub-SD015_ses-01_task-PassiveListen,RHT2,SEEG,uV,SI volts for voltage channels,2046016,0,-0.00031409312581063555,0.0003582230106050202,True,,ALL_SAMPLES
sub-SD015_ses-01_task-PassiveListen,RHT3,SEEG,uV,SI volts for voltage channels,2046016,0,-0.0008372715190356298,0.0005852526588845654,True,,ALL_SAMPLES
sub-SD015_ses-01_task-PassiveListen,RHT4,SEEG,uV,SI volts for voltage channels,2046016,0,-0.0005517564812695506,0.0004358490730144197,True,,ALL_SAMPLES
sub-SD015_ses-01_task-PassiveListen,RHT5,SEEG,uV,SI volts for voltage channels,2046016,0,-0.000559731761654078,0.0004735987335011825,True,,ALL_SAMPLES
sub-SD015_ses-01_task-PassiveListen,RHT6,SEEG,uV,SI volts for voltage channels,2046016,0,-0.0006256607461661707,0.0005116142366674295,True,,ALL_SAMPLES
sub-SD015_ses-01_task-PassiveListen,RHT7,SEEG,uV,SI volts for voltage channels,2046016,0,-0.0008665142137788967,0.000730136919203479,True,,ALL_SAMPLES
sub-SD015_ses-01_task-PassiveListen,RHT8,SEEG,uV,SI volts for voltage channels,2046016,0,-0.001015386114290074,0.0009039980315861753,True,,ALL_SAMPLES
sub-SD015_ses-01_task-PassiveListen,RHT9,SEEG,uV,SI volts for voltage channels,2046016,0,-0.00036247649347676816,0.0003207391927977416,True,,ALL_SAMPLES
sub-SD015_ses-01_task-PassiveListen,RHT10,SEEG,uV,SI volts for voltage channels,2046016,0,-0.00040634053559166855,0.0003202075074387731,True,,ALL_SAMPLES
sub-SD015_ses-01_task-PassiveListen,RAC1,SEEG,uV,SI volts for voltage channels,2046016,0,-0.0004690794079499504,0.0005881769283588921,True,,ALL_SAMPLES
sub-SD015_ses-01_task-PassiveListen,RAC2,SEEG,uV,SI volts for voltage channels,2046016,0,-0.0005437812008850233,0.0005089558098725871,True,,ALL_SAMPLES
sub-SD015_ses-01_task-PassiveListen,RAC3,SEEG,uV,SI volts for voltage channels,2046016,0,-0.0003994286259250782,0.0006187488364995802,True,,ALL_SAMPLES
sub-SD015_ses-01_task-PassiveListen,RAC4,SEEG,uV,SI volts for voltage channels,2046016,0,-0.0007609746700236515,0.0006676638895246813,True,,ALL_SAMPLES
sub-SD015_ses-01_task-PassiveListen,RAC5,SEEG,uV,SI volts for voltage channels,2046016,0,-0.0004233544670786602,0.0006591569237811856,True,,ALL_SAMPLES
sub-SD015_ses-01_task-PassiveListen,RAC6,SEEG,uV,SI volts for voltage channels,2046016,0,-0.0004868908674753948,0.0006339018692301823,True,,ALL_SAMPLES
sub-SD015_ses-01_task-PassiveListen,RAC7,SEEG,uV,SI volts for voltage channels,2046016,0,-0.0004510021057450217,0.0006352310826276035,True,,ALL_SAMPLES
sub-SD015_ses-01_task-PassiveListen,RAC8,SEEG,uV,SI volts for voltage channels,2046016,0,-0.0004908785076676585,0.0006881337758449683,True,,ALL_SAMPLES
sub-SD015_ses-01_task-PassiveListen,RAC9,SEEG,uV,SI volts for voltage channels,2046016,0,-0.000422025253681239,0.0006269899595635919,True,,ALL_SAMPLES
sub-SD015_ses-01_task-PassiveListen,RAC10,SEEG,uV,SI volts for voltage channels,2046016,0,-0.0004068722209506371,0.0006222047913328755,True,,ALL_SAMPLES
sub-SD015_ses-01_task-PassiveListen,RFLS1,SEEG,uV,SI volts for voltage channels,2046016,0,-0.0002970791943236439,0.0003361580682078278,True,,ALL_SAMPLES
sub-SD015_ses-01_task-PassiveListen,RFLS2,SEEG,uV,SI volts for voltage channels,2046016,0,-0.0006995650110627908,0.0005538832227054245,True,,ALL_SAMPLES
sub-SD015_ses-01_task-PassiveListen,RFLS3,SEEG,uV,SI volts for voltage channels,2046016,0,-0.0007883564660105287,0.0009739146562905317,True,,ALL_SAMPLES
sub-SD015_ses-01_task-PassiveListen,RFLS4,SEEG,uV,SI volts for voltage channels,2046016,0,-0.0009234045471885252,0.0010600476844434272,True,,ALL_SAMPLES
sub-SD015_ses-01_task-PassiveListen,RFLS5,SEEG,uV,SI volts for voltage channels,2046016,0,-0.0009701928587777523,0.0011249132982375828,True,,ALL_SAMPLES
sub-SD015_ses-01_task-PassiveListen,RFLS6,SEEG,uV,SI volts for voltage channels,2046016,0,-0.0008292962386511024,0.0009300506141756312,True,,ALL_SAMPLES
sub-SD015_ses-01_task-PassiveListen,RFLS7,SEEG,uV,SI volts for voltage channels,2046016,0,-0.000960090836957351,0.0011584094758525978,True,,ALL_SAMPLES
sub-SD015_ses-01_task-PassiveListen,RFLS8,SEEG,uV,SI volts for voltage channels,2046016,0,-0.00045871154345006484,0.0004273421072709239,True,,ALL_SAMPLES
sub-SD015_ses-01_task-PassiveListen,RFLS9,SEEG,uV,SI volts for voltage channels,2046016,0,-0.0014465829404135195,0.00031037132829785606,True,,ALL_SAMPLES
sub-SD015_ses-01_task-PassiveListen,RFLS10,SEEG,uV,SI volts for voltage channels,2046016,0,-0.00036300817883573664,0.00034812098878461885,True,,ALL_SAMPLES
sub-SD015_ses-01_task-PassiveListen,RFLD1,SEEG,uV,SI volts for voltage channels,2046016,0,-0.0008678434271763181,0.000879806347753109,True,,ALL_SAMPLES
sub-SD015_ses-01_task-PassiveListen,RFLD2,SEEG,uV,SI volts for voltage channels,2046016,0,-0.0006798926527809567,0.0009130366826886396,True,,ALL_SAMPLES
sub-SD015_ses-01_task-PassiveListen,RFLD3,SEEG,uV,SI volts for voltage channels,2046016,0,-0.0007434290531776913,0.000543515358205539,True,,ALL_SAMPLES
sub-SD015_ses-01_task-PassiveListen,RFLD4,SEEG,uV,SI volts for voltage channels,2046016,0,-0.0005950888380254826,0.000766025680933852,True,,ALL_SAMPLES
sub-SD015_ses-01_task-PassiveListen,RFLD5,SEEG,uV,SI volts for voltage channels,2046016,0,-0.0004435585107194629,0.0007540627603570611,True,,ALL_SAMPLES
sub-SD015_ses-01_task-PassiveListen,RFLD6,SEEG,uV,SI volts for voltage channels,2046016,0,-0.0006067859159227894,0.0007745326466773479,True,,ALL_SAMPLES
sub-SD015_ses-01_task-PassiveListen,RFLD7,SEEG,uV,SI volts for voltage channels,2046016,0,-0.000734390402075227,0.0008856548867017624,True,,ALL_SAMPLES
sub-SD015_ses-01_task-PassiveListen,RFLD8,SEEG,uV,SI volts for voltage channels,2046016,0,-0.0006323068131532769,0.0008351447775997558,True,,ALL_SAMPLES
sub-SD015_ses-01_task-PassiveListen,RFLD9,SEEG,uV,SI volts for voltage channels,2046016,0,-0.001034792629892424,0.00038268053711757073,True,,ALL_SAMPLES
sub-SD015_ses-01_task-PassiveListen,RFLD10,SEEG,uV,SI volts for voltage channels,2046016,0,-0.00024391065842679484,0.00025162009613183793,True,,ALL_SAMPLES
sub-SD015_ses-01_task-PassiveListen,EKG2,ECG,uV,SI volts for voltage channels,2046016,0,-0.008711,0.008711,False,NOT_NEURAL_CHANNEL,ALL_SAMPLES
sub-SD015_ses-01_task-PassiveListen,EKG4,ECG,uV,SI volts for voltage channels,2046016,0,-0.0021040118867780575,0.008711,False,NOT_NEURAL_CHANNEL,ALL_SAMPLES
sub-SD015_ses-01_task-PassiveListen,C103,OTHER,uV,SI volts for voltage channels,2046016,0,-0.0009619517357137406,0.002538398825055314,False,README_UNUSED_C_PREFIX;OFFICIAL_BAD:noise;NOT_NEURAL_CHANNEL,ALL_SAMPLES
sub-SD015_ses-01_task-PassiveListen,C104,OTHER,uV,SI volts for voltage channels,2046016,0,-0.0006397504081788357,0.000488220080872816,False,README_UNUSED_C_PREFIX;OFFICIAL_BAD:noise;NOT_NEURAL_CHANNEL,ALL_SAMPLES
sub-SD015_ses-01_task-PassiveListen,C105,OTHER,uV,SI volts for voltage channels,2046016,0,-0.00045206547646295874,0.0003332337987335011,False,README_UNUSED_C_PREFIX;OFFICIAL_BAD:noise;NOT_NEURAL_CHANNEL,ALL_SAMPLES
sub-SD015_ses-01_task-PassiveListen,C106,OTHER,uV,SI volts for voltage channels,2046016,0,-0.00047545963225757227,0.00045233131914244293,False,README_UNUSED_C_PREFIX;OFFICIAL_BAD:noise;NOT_NEURAL_CHANNEL,ALL_SAMPLES
sub-SD015_ses-01_task-PassiveListen,C107,OTHER,uV,SI volts for voltage channels,2046016,0,-0.00041777177080949115,0.0004589773861295491,False,README_UNUSED_C_PREFIX;OFFICIAL_BAD:noise;NOT_NEURAL_CHANNEL,ALL_SAMPLES
sub-SD015_ses-01_task-PassiveListen,C108,OTHER,uV,SI volts for voltage channels,2046016,0,-0.0009412160067139697,0.00026730481422140834,False,README_UNUSED_C_PREFIX;OFFICIAL_BAD:noise;NOT_NEURAL_CHANNEL,ALL_SAMPLES
sub-SD015_ses-01_task-PassiveListen,C109,OTHER,uV,SI volts for voltage channels,2046016,0,-0.00020616099794003206,0.00021945313191424425,False,README_UNUSED_C_PREFIX;OFFICIAL_BAD:noise;NOT_NEURAL_CHANNEL,ALL_SAMPLES
sub-SD015_ses-01_task-PassiveListen,C110,OTHER,uV,SI volts for voltage channels,2046016,0,-0.00041272075989929046,0.00023008683909361404,False,README_UNUSED_C_PREFIX;OFFICIAL_BAD:noise;NOT_NEURAL_CHANNEL,ALL_SAMPLES
sub-SD015_ses-01_task-PassiveListen,C111,OTHER,uV,SI volts for voltage channels,2046016,0,-0.0005451104142824444,0.00023380863660639348,False,README_UNUSED_C_PREFIX;OFFICIAL_BAD:noise;NOT_NEURAL_CHANNEL,ALL_SAMPLES
sub-SD015_ses-01_task-PassiveListen,C112,OTHER,uV,SI volts for voltage channels,2046016,0,-0.0004565848020141909,0.00022982099641412983,False,README_UNUSED_C_PREFIX;OFFICIAL_BAD:noise;NOT_NEURAL_CHANNEL,ALL_SAMPLES
sub-SD015_ses-01_task-PassiveListen,C113,OTHER,uV,SI volts for voltage channels,2046016,0,-0.00031462481116960404,0.00020669268329900052,False,README_UNUSED_C_PREFIX;OFFICIAL_BAD:noise;NOT_NEURAL_CHANNEL,ALL_SAMPLES
sub-SD015_ses-01_task-PassiveListen,C114,OTHER,uV,SI volts for voltage channels,2046016,0,-0.002446151415274281,0.0018304597695887692,False,README_UNUSED_C_PREFIX;OFFICIAL_BAD:noise;NOT_NEURAL_CHANNEL,ALL_SAMPLES
sub-SD015_ses-01_task-PassiveListen,C115,OTHER,uV,SI volts for voltage channels,2046016,0,-0.0006979699549858854,0.0004321272755016403,False,README_UNUSED_C_PREFIX;OFFICIAL_BAD:noise;NOT_NEURAL_CHANNEL,ALL_SAMPLES
sub-SD015_ses-01_task-PassiveListen,C116,OTHER,uV,SI volts for voltage channels,2046016,0,-0.001501612375066758,0.0003231317769130998,False,README_UNUSED_C_PREFIX;OFFICIAL_BAD:noise;NOT_NEURAL_CHANNEL,ALL_SAMPLES
sub-SD015_ses-01_task-PassiveListen,C117,OTHER,uV,SI volts for voltage channels,2046016,0,-0.008711,0.0005427178301670863,False,README_UNUSED_C_PREFIX;OFFICIAL_BAD:noise;NOT_NEURAL_CHANNEL,ALL_SAMPLES
sub-SD015_ses-01_task-PassiveListen,C118,OTHER,uV,SI volts for voltage channels,2046016,0,-0.0005839234454871442,0.0003311070572976272,False,README_UNUSED_C_PREFIX;OFFICIAL_BAD:noise;NOT_NEURAL_CHANNEL,ALL_SAMPLES
sub-SD015_ses-01_task-PassiveListen,C119,OTHER,uV,SI volts for voltage channels,2046016,0,-0.00066819557488365,0.00041458165865568015,False,README_UNUSED_C_PREFIX;OFFICIAL_BAD:noise;NOT_NEURAL_CHANNEL,ALL_SAMPLES
sub-SD015_ses-01_task-PassiveListen,C120,OTHER,uV,SI volts for voltage channels,2046016,0,-0.0003837439078355077,0.00027554593728542,False,README_UNUSED_C_PREFIX;OFFICIAL_BAD:noise;NOT_NEURAL_CHANNEL,ALL_SAMPLES
sub-SD015_ses-01_task-PassiveListen,C121,OTHER,uV,SI volts for voltage channels,2046016,0,-0.0004212277256427863,0.0004321272755016403,False,README_UNUSED_C_PREFIX;OFFICIAL_BAD:noise;NOT_NEURAL_CHANNEL,ALL_SAMPLES
sub-SD015_ses-01_task-PassiveListen,C122,OTHER,uV,SI volts for voltage channels,2046016,0,-0.0005265014267185473,0.0005254380560006103,False,README_UNUSED_C_PREFIX;OFFICIAL_BAD:noise;NOT_NEURAL_CHANNEL,ALL_SAMPLES
sub-SD015_ses-01_task-PassiveListen,C123,OTHER,uV,SI volts for voltage channels,2046016,0,-0.0004977904173342489,0.00047971311512932013,False,README_UNUSED_C_PREFIX;OFFICIAL_BAD:noise;NOT_NEURAL_CHANNEL,ALL_SAMPLES
sub-SD015_ses-01_task-PassiveListen,C124,OTHER,uV,SI volts for voltage channels,2046016,0,-0.0005653144579232471,0.00069637489890898,False,README_UNUSED_C_PREFIX;OFFICIAL_BAD:noise;NOT_NEURAL_CHANNEL,ALL_SAMPLES
sub-SD015_ses-01_task-PassiveListen,C125,OTHER,uV,SI volts for voltage channels,2046016,0,-0.0006490549019607843,0.0008423225299458303,False,README_UNUSED_C_PREFIX;OFFICIAL_BAD:noise;NOT_NEURAL_CHANNEL,ALL_SAMPLES
sub-SD015_ses-01_task-PassiveListen,C126,OTHER,uV,SI volts for voltage channels,2046016,0,-0.0008686409552147707,0.0009095807278553444,False,README_UNUSED_C_PREFIX;OFFICIAL_BAD:noise;NOT_NEURAL_CHANNEL,ALL_SAMPLES
sub-SD015_ses-01_task-PassiveListen,C127,OTHER,uV,SI volts for voltage channels,2046016,0,-0.0005892402990768292,0.000526235584039063,False,README_UNUSED_C_PREFIX;OFFICIAL_BAD:noise;NOT_NEURAL_CHANNEL,ALL_SAMPLES
sub-SD015_ses-01_task-PassiveListen,C128,OTHER,uV,SI volts for voltage channels,2046016,0,-0.0007330611886778058,0.001046755550469215,False,README_UNUSED_C_PREFIX;OFFICIAL_BAD:noise;NOT_NEURAL_CHANNEL,ALL_SAMPLES
sub-SD015_ses-01_task-PassiveListen,C129,OTHER,uV,SI volts for voltage channels,2046016,0,-0.0003289803158617533,0.00038560480659189744,False,README_UNUSED_C_PREFIX;OFFICIAL_BAD:noise;NOT_NEURAL_CHANNEL,ALL_SAMPLES
sub-SD015_ses-01_task-PassiveListen,C130,OTHER,uV,SI volts for voltage channels,2046016,0,-0.0002784702067597467,0.00028298953231097886,False,README_UNUSED_C_PREFIX;OFFICIAL_BAD:noise;NOT_NEURAL_CHANNEL,ALL_SAMPLES
sub-SD015_ses-01_task-PassiveListen,C131,OTHER,uV,SI volts for voltage channels,2046016,0,-0.0008572097199969482,0.0015999741664759286,False,README_UNUSED_C_PREFIX;OFFICIAL_BAD:noise;NOT_NEURAL_CHANNEL,ALL_SAMPLES
sub-SD015_ses-01_task-PassiveListen,C132,OTHER,uV,SI volts for voltage channels,2046016,0,-0.0018809698786907759,0.0014705087815671015,False,README_UNUSED_C_PREFIX;OFFICIAL_BAD:noise;NOT_NEURAL_CHANNEL,ALL_SAMPLES
sub-SD015_ses-01_task-PassiveListen,C133,OTHER,uV,SI volts for voltage channels,2046016,0,-0.0003494502021820401,0.00019712234683756766,False,README_UNUSED_C_PREFIX;OFFICIAL_BAD:noise;NOT_NEURAL_CHANNEL,ALL_SAMPLES
sub-SD015_ses-01_task-PassiveListen,C134,OTHER,uV,SI volts for voltage channels,2046016,0,-0.0004297346913862822,0.00019526144808117797,False,README_UNUSED_C_PREFIX;OFFICIAL_BAD:noise;NOT_NEURAL_CHANNEL,ALL_SAMPLES
sub-SD015_ses-01_task-PassiveListen,C135,OTHER,uV,SI volts for voltage channels,2046016,0,-0.0014484438391699093,0.001322434409094377,False,README_UNUSED_C_PREFIX;OFFICIAL_BAD:noise;NOT_NEURAL_CHANNEL,ALL_SAMPLES
sub-SD015_ses-01_task-PassiveListen,C136,OTHER,uV,SI volts for voltage channels,2046016,0,-0.000961154207675288,0.000887515785458152,False,README_UNUSED_C_PREFIX;OFFICIAL_BAD:noise;NOT_NEURAL_CHANNEL,ALL_SAMPLES
sub-SD015_ses-01_task-PassiveListen,C137,OTHER,uV,SI volts for voltage channels,2046016,0,-0.002700031174181735,0.0021242159304188596,False,README_UNUSED_C_PREFIX;OFFICIAL_BAD:noise;NOT_NEURAL_CHANNEL,ALL_SAMPLES
sub-SD015_ses-01_task-PassiveListen,C138,OTHER,uV,SI volts for voltage channels,2046016,0,-0.0043331027542534515,0.002819926222629129,False,README_UNUSED_C_PREFIX;OFFICIAL_BAD:noise;NOT_NEURAL_CHANNEL,ALL_SAMPLES
sub-SD015_ses-01_task-PassiveListen,C139,OTHER,uV,SI volts for voltage channels,2046016,0,-0.0006953115281910429,0.0011669164415960935,False,README_UNUSED_C_PREFIX;OFFICIAL_BAD:noise;NOT_NEURAL_CHANNEL,ALL_SAMPLES
sub-SD015_ses-01_task-PassiveListen,C140,OTHER,uV,SI volts for voltage channels,2046016,0,-0.0018836283054856182,0.0011982858777752345,False,README_UNUSED_C_PREFIX;OFFICIAL_BAD:noise;NOT_NEURAL_CHANNEL,ALL_SAMPLES
sub-SD015_ses-01_task-PassiveListen,C141,OTHER,uV,SI volts for voltage channels,2046016,0,-0.0023251929961089495,0.0018860208896009764,False,README_UNUSED_C_PREFIX;OFFICIAL_BAD:noise;NOT_NEURAL_CHANNEL,ALL_SAMPLES
sub-SD015_ses-01_task-PassiveListen,C142,OTHER,uV,SI volts for voltage channels,2046016,0,-0.003548601007095445,0.0023190786144808117,False,README_UNUSED_C_PREFIX;OFFICIAL_BAD:noise;NOT_NEURAL_CHANNEL,ALL_SAMPLES
sub-SD015_ses-01_task-PassiveListen,C143,OTHER,uV,SI volts for voltage channels,2046016,0,-0.0009821557793545433,0.0029148320592050046,False,README_UNUSED_C_PREFIX;OFFICIAL_BAD:noise;NOT_NEURAL_CHANNEL,ALL_SAMPLES
sub-SD015_ses-01_task-PassiveListen,C144,OTHER,uV,SI volts for voltage channels,2046016,0,-0.002287975020981155,0.006868976073853666,False,README_UNUSED_C_PREFIX;OFFICIAL_BAD:noise;NOT_NEURAL_CHANNEL,ALL_SAMPLES
sub-SD015_ses-01_task-PassiveListen,C145,OTHER,uV,SI volts for voltage channels,2046016,0,-0.004015952437628748,0.0026758394903486685,False,README_UNUSED_C_PREFIX;OFFICIAL_BAD:noise;NOT_NEURAL_CHANNEL,ALL_SAMPLES
sub-SD015_ses-01_task-PassiveListen,C146,OTHER,uV,SI volts for voltage channels,2046016,0,-0.002717842633707179,0.0018129141527428092,False,README_UNUSED_C_PREFIX;OFFICIAL_BAD:noise;NOT_NEURAL_CHANNEL,ALL_SAMPLES
sub-SD015_ses-01_task-PassiveListen,C147,OTHER,uV,SI volts for voltage channels,2046016,0,-0.000884059830624857,0.000852690394445716,False,README_UNUSED_C_PREFIX;OFFICIAL_BAD:noise;NOT_NEURAL_CHANNEL,ALL_SAMPLES
sub-SD015_ses-01_task-PassiveListen,C148,OTHER,uV,SI volts for voltage channels,2046016,0,-0.0014899152971694512,0.0014590775463492788,False,README_UNUSED_C_PREFIX;OFFICIAL_BAD:noise;NOT_NEURAL_CHANNEL,ALL_SAMPLES
sub-SD015_ses-01_task-PassiveListen,C149,OTHER,uV,SI volts for voltage channels,2046016,0,-0.003457948653391318,0.0023164201876859692,False,README_UNUSED_C_PREFIX;OFFICIAL_BAD:noise;NOT_NEURAL_CHANNEL,ALL_SAMPLES
sub-SD015_ses-01_task-PassiveListen,C150,OTHER,uV,SI volts for voltage channels,2046016,0,-0.005142327870603494,0.0029722540779736017,False,README_UNUSED_C_PREFIX;OFFICIAL_BAD:noise;NOT_NEURAL_CHANNEL,ALL_SAMPLES
sub-SD015_ses-01_task-PassiveListen,C151,OTHER,uV,SI volts for voltage channels,2046016,0,-0.0032628201266498816,0.0017294395513847561,False,README_UNUSED_C_PREFIX;OFFICIAL_BAD:noise;NOT_NEURAL_CHANNEL,ALL_SAMPLES
sub-SD015_ses-01_task-PassiveListen,C152,OTHER,uV,SI volts for voltage channels,2046016,0,-0.0008864524147402152,0.0011903105973907072,False,README_UNUSED_C_PREFIX;OFFICIAL_BAD:noise;NOT_NEURAL_CHANNEL,ALL_SAMPLES
sub-SD015_ses-01_task-PassiveListen,C153,OTHER,uV,SI volts for voltage channels,2046016,0,-0.003027815197985809,0.0030613113756008236,False,README_UNUSED_C_PREFIX;OFFICIAL_BAD:noise;NOT_NEURAL_CHANNEL,ALL_SAMPLES
sub-SD015_ses-01_task-PassiveListen,C154,OTHER,uV,SI volts for voltage channels,2046016,0,-0.0016871705653467614,0.0018402959487296864,False,README_UNUSED_C_PREFIX;OFFICIAL_BAD:noise;NOT_NEURAL_CHANNEL,ALL_SAMPLES
sub-SD015_ses-01_task-PassiveListen,C155,OTHER,uV,SI volts for voltage channels,2046016,0,-0.0010305391470206758,0.001187120485236896,False,README_UNUSED_C_PREFIX;OFFICIAL_BAD:noise;NOT_NEURAL_CHANNEL,ALL_SAMPLES
sub-SD015_ses-01_task-PassiveListen,C156,OTHER,uV,SI volts for voltage channels,2046016,0,-0.0012152998092622262,0.001366032608529793,False,README_UNUSED_C_PREFIX;OFFICIAL_BAD:noise;NOT_NEURAL_CHANNEL,ALL_SAMPLES
sub-SD015_ses-01_task-PassiveListen,C157,OTHER,uV,SI volts for voltage channels,2046016,0,-0.003467784832532235,0.003209651590753033,False,README_UNUSED_C_PREFIX;OFFICIAL_BAD:noise;NOT_NEURAL_CHANNEL,ALL_SAMPLES
sub-SD015_ses-01_task-PassiveListen,C158,OTHER,uV,SI volts for voltage channels,2046016,0,-0.0023113691767757687,0.0022810631113145646,False,README_UNUSED_C_PREFIX;OFFICIAL_BAD:noise;NOT_NEURAL_CHANNEL,ALL_SAMPLES
sub-SD015_ses-01_task-PassiveListen,C159,OTHER,uV,SI volts for voltage channels,2046016,0,-0.0015853528191042952,0.0026811563439383536,False,README_UNUSED_C_PREFIX;OFFICIAL_BAD:noise;NOT_NEURAL_CHANNEL,ALL_SAMPLES
sub-SD015_ses-01_task-PassiveListen,C160,OTHER,uV,SI volts for voltage channels,2046016,0,-0.0020433997558556493,0.006924537193865873,False,README_UNUSED_C_PREFIX;OFFICIAL_BAD:noise;NOT_NEURAL_CHANNEL,ALL_SAMPLES
sub-SD015_ses-01_task-PassiveListen,C161,OTHER,uV,SI volts for voltage channels,2046016,0,-0.001656332814526589,0.0017786204470893413,False,README_UNUSED_C_PREFIX;OFFICIAL_BAD:noise;NOT_NEURAL_CHANNEL,ALL_SAMPLES
sub-SD015_ses-01_task-PassiveListen,C162,OTHER,uV,SI volts for voltage channels,2046016,0,-0.001441797772182803,0.001487256870374609,False,README_UNUSED_C_PREFIX;OFFICIAL_BAD:noise;NOT_NEURAL_CHANNEL,ALL_SAMPLES
sub-SD015_ses-01_task-PassiveListen,C163,OTHER,uV,SI volts for voltage channels,2046016,0,-0.00033057537193865874,0.0004292030060273136,False,README_UNUSED_C_PREFIX;OFFICIAL_BAD:noise;NOT_NEURAL_CHANNEL,ALL_SAMPLES
sub-SD015_ses-01_task-PassiveListen,C164,OTHER,uV,SI volts for voltage channels,2046016,0,-0.0009757755550469215,0.001145649027237354,False,README_UNUSED_C_PREFIX;OFFICIAL_BAD:noise;NOT_NEURAL_CHANNEL,ALL_SAMPLES
sub-SD015_ses-01_task-PassiveListen,C165,OTHER,uV,SI volts for voltage channels,2046016,0,-0.0017254519111924926,0.0017605431448844129,False,README_UNUSED_C_PREFIX;OFFICIAL_BAD:noise;NOT_NEURAL_CHANNEL,ALL_SAMPLES
sub-SD015_ses-01_task-PassiveListen,C166,OTHER,uV,SI volts for voltage channels,2046016,0,-0.0016212415808346684,0.0017148182040131227,False,README_UNUSED_C_PREFIX;OFFICIAL_BAD:noise;NOT_NEURAL_CHANNEL,ALL_SAMPLES
sub-SD015_ses-01_task-PassiveListen,C167,OTHER,uV,SI volts for voltage channels,2046016,0,-0.0007059452353704128,0.0009643443198290989,False,README_UNUSED_C_PREFIX;OFFICIAL_BAD:noise;NOT_NEURAL_CHANNEL,ALL_SAMPLES
sub-SD015_ses-01_task-PassiveListen,C168,OTHER,uV,SI volts for voltage channels,2046016,0,-0.0007192373693446249,0.0014425953002212557,False,README_UNUSED_C_PREFIX;OFFICIAL_BAD:noise;NOT_NEURAL_CHANNEL,ALL_SAMPLES
sub-SD015_ses-01_task-PassiveListen,C169,OTHER,uV,SI volts for voltage channels,2046016,0,-0.0021340521095597775,0.00230020378423743,False,README_UNUSED_C_PREFIX;OFFICIAL_BAD:noise;NOT_NEURAL_CHANNEL,ALL_SAMPLES
sub-SD015_ses-01_task-PassiveListen,C170,OTHER,uV,SI volts for voltage channels,2046016,0,-0.001818231006332494,0.0023438019836728467,False,README_UNUSED_C_PREFIX;OFFICIAL_BAD:noise;NOT_NEURAL_CHANNEL,ALL_SAMPLES
sub-SD015_ses-01_task-PassiveListen,C171,OTHER,uV,SI volts for voltage channels,2046016,0,-0.0005903036697947661,0.001991826276035706,False,README_UNUSED_C_PREFIX;OFFICIAL_BAD:noise;NOT_NEURAL_CHANNEL,ALL_SAMPLES
sub-SD015_ses-01_task-PassiveListen,C172,OTHER,uV,SI volts for voltage channels,2046016,0,-0.0006533083848325323,0.002324661310749981,False,README_UNUSED_C_PREFIX;OFFICIAL_BAD:noise;NOT_NEURAL_CHANNEL,ALL_SAMPLES
sub-SD015_ses-01_task-PassiveListen,C173,OTHER,uV,SI volts for voltage channels,2046016,0,-0.0013357265430685892,0.0031392032806897077,False,README_UNUSED_C_PREFIX;OFFICIAL_BAD:noise;NOT_NEURAL_CHANNEL,ALL_SAMPLES
sub-SD015_ses-01_task-PassiveListen,C174,OTHER,uV,SI volts for voltage channels,2046016,0,-0.0018780456092164493,0.004137974227512016,False,README_UNUSED_C_PREFIX;OFFICIAL_BAD:noise;NOT_NEURAL_CHANNEL,ALL_SAMPLES
sub-SD015_ses-01_task-PassiveListen,C175,OTHER,uV,SI volts for voltage channels,2046016,0,-0.0016890314641031508,0.006446286213473716,False,README_UNUSED_C_PREFIX;OFFICIAL_BAD:noise;NOT_NEURAL_CHANNEL,ALL_SAMPLES
sub-SD015_ses-01_task-PassiveListen,C176,OTHER,uV,SI volts for voltage channels,2046016,0,-0.0043293809567406735,0.008711,False,README_UNUSED_C_PREFIX;OFFICIAL_BAD:noise;NOT_NEURAL_CHANNEL,ALL_SAMPLES
sub-SD015_ses-01_task-PassiveListen,C177,OTHER,uV,SI volts for voltage channels,2046016,0,-0.002253149629968719,0.002081415259021897,False,README_UNUSED_C_PREFIX;OFFICIAL_BAD:noise;NOT_NEURAL_CHANNEL,ALL_SAMPLES
sub-SD015_ses-01_task-PassiveListen,C178,OTHER,uV,SI volts for voltage channels,2046016,0,-0.0028061024032959483,0.002601669382772564,False,README_UNUSED_C_PREFIX;OFFICIAL_BAD:noise;NOT_NEURAL_CHANNEL,ALL_SAMPLES
sub-SD015_ses-01_task-PassiveListen,C179,OTHER,uV,SI volts for voltage channels,2046016,0,-0.0011927031815060654,0.0026649399404898143,False,README_UNUSED_C_PREFIX;OFFICIAL_BAD:noise;NOT_NEURAL_CHANNEL,ALL_SAMPLES
sub-SD015_ses-01_task-PassiveListen,C180,OTHER,uV,SI volts for voltage channels,2046016,0,-0.0013030278934920271,0.0023254588387884335,False,README_UNUSED_C_PREFIX;OFFICIAL_BAD:noise;NOT_NEURAL_CHANNEL,ALL_SAMPLES
sub-SD015_ses-01_task-PassiveListen,C181,OTHER,uV,SI volts for voltage channels,2046016,0,-0.002628785336079957,0.0032444769817654684,False,README_UNUSED_C_PREFIX;OFFICIAL_BAD:noise;NOT_NEURAL_CHANNEL,ALL_SAMPLES
sub-SD015_ses-01_task-PassiveListen,C182,OTHER,uV,SI volts for voltage channels,2046016,0,-0.002945403967345693,0.0034629996643015183,False,README_UNUSED_C_PREFIX;OFFICIAL_BAD:noise;NOT_NEURAL_CHANNEL,ALL_SAMPLES
sub-SD015_ses-01_task-PassiveListen,C183,OTHER,uV,SI volts for voltage channels,2046016,0,-0.002027715037766079,0.0025753509575036243,False,README_UNUSED_C_PREFIX;OFFICIAL_BAD:noise;NOT_NEURAL_CHANNEL,ALL_SAMPLES
sub-SD015_ses-01_task-PassiveListen,C184,OTHER,uV,SI volts for voltage channels,2046016,0,-0.0017525678644998855,0.0031540904707408252,False,README_UNUSED_C_PREFIX;OFFICIAL_BAD:noise;NOT_NEURAL_CHANNEL,ALL_SAMPLES
sub-SD015_ses-01_task-PassiveListen,C185,OTHER,uV,SI volts for voltage channels,2046016,0,-0.001970027176317998,0.004914234851606011,False,README_UNUSED_C_PREFIX;OFFICIAL_BAD:noise;NOT_NEURAL_CHANNEL,ALL_SAMPLES
sub-SD015_ses-01_task-PassiveListen,C186,OTHER,uV,SI volts for voltage channels,2046016,0,-0.002123152559700923,0.00528481954680705,False,README_UNUSED_C_PREFIX;OFFICIAL_BAD:noise;NOT_NEURAL_CHANNEL,ALL_SAMPLES
sub-SD015_ses-01_task-PassiveListen,C187,OTHER,uV,SI volts for voltage channels,2046016,0,-0.002394046250095369,0.007097600778210117,False,README_UNUSED_C_PREFIX;OFFICIAL_BAD:noise;NOT_NEURAL_CHANNEL,ALL_SAMPLES
sub-SD015_ses-01_task-PassiveListen,C188,OTHER,uV,SI volts for voltage channels,2046016,0,-0.0025867821927214466,0.008604928770885785,False,README_UNUSED_C_PREFIX;OFFICIAL_BAD:noise;NOT_NEURAL_CHANNEL,ALL_SAMPLES
sub-SD015_ses-01_task-PassiveListen,C189,OTHER,uV,SI volts for voltage channels,2046016,0,-0.0035337138170443276,0.008711,False,README_UNUSED_C_PREFIX;OFFICIAL_BAD:noise;NOT_NEURAL_CHANNEL,ALL_SAMPLES
sub-SD015_ses-01_task-PassiveListen,C190,OTHER,uV,SI volts for voltage channels,2046016,0,-0.004438908140688181,0.008711,False,README_UNUSED_C_PREFIX;OFFICIAL_BAD:noise;NOT_NEURAL_CHANNEL,ALL_SAMPLES
sub-SD015_ses-01_task-PassiveListen,C191,OTHER,uV,SI volts for voltage channels,2046016,0,-0.005670291432059205,0.008711,False,README_UNUSED_C_PREFIX;OFFICIAL_BAD:noise;NOT_NEURAL_CHANNEL,ALL_SAMPLES
sub-SD015_ses-01_task-PassiveListen,C192,OTHER,uV,SI volts for voltage channels,2046016,0,-0.008711,0.008711,False,README_UNUSED_C_PREFIX;OFFICIAL_BAD:noise;NOT_NEURAL_CHANNEL,ALL_SAMPLES
sub-SD015_ses-01_task-PassiveListen,C193,OTHER,uV,SI volts for voltage channels,2046016,0,-0.008711,0.0063465952086671235,False,README_UNUSED_C_PREFIX;OFFICIAL_BAD:noise;NOT_NEURAL_CHANNEL,ALL_SAMPLES
sub-SD015_ses-01_task-PassiveListen,C194,OTHER,uV,SI volts for voltage channels,2046016,0,-0.005971757030594339,0.005366699092088197,False,README_UNUSED_C_PREFIX;OFFICIAL_BAD:noise;NOT_NEURAL_CHANNEL,ALL_SAMPLES
sub-SD015_ses-01_task-PassiveListen,C195,OTHER,uV,SI volts for voltage channels,2046016,0,-0.004477455329213398,0.004434654657816434,False,README_UNUSED_C_PREFIX;OFFICIAL_BAD:noise;NOT_NEURAL_CHANNEL,ALL_SAMPLES
sub-SD015_ses-01_task-PassiveListen,C196,OTHER,uV,SI volts for voltage channels,2046016,0,-0.005150568993667506,0.0035733243762874796,False,README_UNUSED_C_PREFIX;OFFICIAL_BAD:noise;NOT_NEURAL_CHANNEL,ALL_SAMPLES
sub-SD015_ses-01_task-PassiveListen,C197,OTHER,uV,SI volts for voltage channels,2046016,0,-0.005556244922560464,0.0034156796673533224,False,README_UNUSED_C_PREFIX;OFFICIAL_BAD:noise;NOT_NEURAL_CHANNEL,ALL_SAMPLES
sub-SD015_ses-01_task-PassiveListen,C198,OTHER,uV,SI volts for voltage channels,2046016,0,-0.005556776607919432,0.0032646810254062715,False,README_UNUSED_C_PREFIX;OFFICIAL_BAD:noise;NOT_NEURAL_CHANNEL,ALL_SAMPLES
sub-SD015_ses-01_task-PassiveListen,C199,OTHER,uV,SI volts for voltage channels,2046016,0,-0.0051064391088731205,0.002811153414206149,False,README_UNUSED_C_PREFIX;OFFICIAL_BAD:noise;NOT_NEURAL_CHANNEL,ALL_SAMPLES
sub-SD015_ses-01_task-PassiveListen,C200,OTHER,uV,SI volts for voltage channels,2046016,0,-0.004262920286869612,0.0024341884946974895,False,README_UNUSED_C_PREFIX;OFFICIAL_BAD:noise;NOT_NEURAL_CHANNEL,ALL_SAMPLES
sub-SD015_ses-01_task-PassiveListen,C201,OTHER,uV,SI volts for voltage channels,2046016,0,-0.0037025239185168226,0.0023762347905699243,False,README_UNUSED_C_PREFIX;OFFICIAL_BAD:noise;NOT_NEURAL_CHANNEL,ALL_SAMPLES
sub-SD015_ses-01_task-PassiveListen,C202,OTHER,uV,SI volts for voltage channels,2046016,0,-0.002318546929121843,0.0017180083161669336,False,README_UNUSED_C_PREFIX;OFFICIAL_BAD:noise;NOT_NEURAL_CHANNEL,ALL_SAMPLES
sub-SD015_ses-01_task-PassiveListen,C203,OTHER,uV,SI volts for voltage channels,2046016,0,-0.002479381750209811,0.0016515476462958725,False,README_UNUSED_C_PREFIX;OFFICIAL_BAD:noise;NOT_NEURAL_CHANNEL,ALL_SAMPLES
sub-SD015_ses-01_task-PassiveListen,C204,OTHER,uV,SI volts for voltage channels,2046016,0,-0.002636494773785,0.0017289078660257878,False,README_UNUSED_C_PREFIX;OFFICIAL_BAD:noise;NOT_NEURAL_CHANNEL,ALL_SAMPLES
sub-SD015_ses-01_task-PassiveListen,C205,OTHER,uV,SI volts for voltage channels,2046016,0,-0.0026758394903486685,0.0016810561837186234,False,README_UNUSED_C_PREFIX;OFFICIAL_BAD:noise;NOT_NEURAL_CHANNEL,ALL_SAMPLES
sub-SD015_ses-01_task-PassiveListen,C206,OTHER,uV,SI volts for voltage channels,2046016,0,-0.0027473511711299304,0.0016169880979629205,False,README_UNUSED_C_PREFIX;OFFICIAL_BAD:noise;NOT_NEURAL_CHANNEL,ALL_SAMPLES
sub-SD015_ses-01_task-PassiveListen,C207,OTHER,uV,SI volts for voltage channels,2046016,0,-0.002830294087129015,0.0015675413595788508,False,README_UNUSED_C_PREFIX;OFFICIAL_BAD:noise;NOT_NEURAL_CHANNEL,ALL_SAMPLES
sub-SD015_ses-01_task-PassiveListen,C208,OTHER,uV,SI volts for voltage channels,2046016,0,-0.004073374456397345,0.0022427817654688334,False,README_UNUSED_C_PREFIX;OFFICIAL_BAD:noise;NOT_NEURAL_CHANNEL,ALL_SAMPLES
sub-SD015_ses-01_task-PassiveListen,C209,OTHER,uV,SI volts for voltage channels,2046016,0,-0.008711,0.008711,False,README_UNUSED_C_PREFIX;OFFICIAL_BAD:noise;NOT_NEURAL_CHANNEL,ALL_SAMPLES
sub-SD015_ses-01_task-PassiveListen,C210,OTHER,uV,SI volts for voltage channels,2046016,0,-0.004857344518196383,0.004636163408865491,False,README_UNUSED_C_PREFIX;OFFICIAL_BAD:noise;NOT_NEURAL_CHANNEL,ALL_SAMPLES
sub-SD015_ses-01_task-PassiveListen,C211,OTHER,uV,SI volts for voltage channels,2046016,0,-0.00477759171435111,0.00564370716411078,False,README_UNUSED_C_PREFIX;OFFICIAL_BAD:noise;NOT_NEURAL_CHANNEL,ALL_SAMPLES
sub-SD015_ses-01_task-PassiveListen,C212,OTHER,uV,SI volts for voltage channels,2046016,0,-0.005486328297856107,0.006138706233310445,False,README_UNUSED_C_PREFIX;OFFICIAL_BAD:noise;NOT_NEURAL_CHANNEL,ALL_SAMPLES
sub-SD015_ses-01_task-PassiveListen,C213,OTHER,uV,SI volts for voltage channels,2046016,0,-0.005080652368963149,0.005840696589608605,False,README_UNUSED_C_PREFIX;OFFICIAL_BAD:noise;NOT_NEURAL_CHANNEL,ALL_SAMPLES
sub-SD015_ses-01_task-PassiveListen,C214,OTHER,uV,SI volts for voltage channels,2046016,0,-0.004466289936675059,0.005303428534370947,False,README_UNUSED_C_PREFIX;OFFICIAL_BAD:noise;NOT_NEURAL_CHANNEL,ALL_SAMPLES
sub-SD015_ses-01_task-PassiveListen,C215,OTHER,uV,SI volts for voltage channels,2046016,0,-0.0032322482185091934,0.004225170626382849,False,README_UNUSED_C_PREFIX;OFFICIAL_BAD:noise;NOT_NEURAL_CHANNEL,ALL_SAMPLES
sub-SD015_ses-01_task-PassiveListen,C216,OTHER,uV,SI volts for voltage channels,2046016,0,-0.0029528475623712518,0.002819926222629129,False,README_UNUSED_C_PREFIX;OFFICIAL_BAD:noise;NOT_NEURAL_CHANNEL,ALL_SAMPLES
sub-SD015_ses-01_task-PassiveListen,C217,OTHER,uV,SI volts for voltage channels,2046016,0,-0.0026798271305409323,0.001830193926909285,False,README_UNUSED_C_PREFIX;OFFICIAL_BAD:noise;NOT_NEURAL_CHANNEL,ALL_SAMPLES
sub-SD015_ses-01_task-PassiveListen,C218,OTHER,uV,SI volts for voltage channels,2046016,0,-0.002867246219577325,0.0019790658274204623,False,README_UNUSED_C_PREFIX;OFFICIAL_BAD:noise;NOT_NEURAL_CHANNEL,ALL_SAMPLES
sub-SD015_ses-01_task-PassiveListen,C219,OTHER,uV,SI volts for voltage channels,2046016,0,-0.0026221392690928508,0.0017990903334096282,False,README_UNUSED_C_PREFIX;OFFICIAL_BAD:noise;NOT_NEURAL_CHANNEL,ALL_SAMPLES
sub-SD015_ses-01_task-PassiveListen,C220,OTHER,uV,SI volts for voltage channels,2046016,0,-0.0028568783550774394,0.0016464966353856715,False,README_UNUSED_C_PREFIX;OFFICIAL_BAD:noise;NOT_NEURAL_CHANNEL,ALL_SAMPLES
sub-SD015_ses-01_task-PassiveListen,C221,OTHER,uV,SI volts for voltage channels,2046016,0,-0.0029754441901274123,0.0015603636072327762,False,README_UNUSED_C_PREFIX;OFFICIAL_BAD:noise;NOT_NEURAL_CHANNEL,ALL_SAMPLES
sub-SD015_ses-01_task-PassiveListen,C222,OTHER,uV,SI volts for voltage channels,2046016,0,-0.0031049095750362403,0.0015670096742198825,False,README_UNUSED_C_PREFIX;OFFICIAL_BAD:noise;NOT_NEURAL_CHANNEL,ALL_SAMPLES
sub-SD015_ses-01_task-PassiveListen,C223,OTHER,uV,SI volts for voltage channels,2046016,0,-0.0032899360799572746,0.0016302802319371327,False,README_UNUSED_C_PREFIX;OFFICIAL_BAD:noise;NOT_NEURAL_CHANNEL,ALL_SAMPLES
sub-SD015_ses-01_task-PassiveListen,C224,OTHER,uV,SI volts for voltage channels,2046016,0,-0.0045027103837644005,0.0022172608682383458,False,README_UNUSED_C_PREFIX;OFFICIAL_BAD:noise;NOT_NEURAL_CHANNEL,ALL_SAMPLES
sub-SD015_ses-01_task-PassiveListen,C225,OTHER,uV,SI volts for voltage channels,2046016,0,-0.007804742305638208,0.00746605873197528,False,README_UNUSED_C_PREFIX;OFFICIAL_BAD:noise;NOT_NEURAL_CHANNEL,ALL_SAMPLES
sub-SD015_ses-01_task-PassiveListen,C226,OTHER,uV,SI volts for voltage channels,2046016,0,-0.005899979507133593,0.007823085450522621,False,README_UNUSED_C_PREFIX;OFFICIAL_BAD:noise;NOT_NEURAL_CHANNEL,ALL_SAMPLES
sub-SD015_ses-01_task-PassiveListen,C227,OTHER,uV,SI volts for voltage channels,2046016,0,-0.005297845838101778,0.008618220904859997,False,README_UNUSED_C_PREFIX;OFFICIAL_BAD:noise;NOT_NEURAL_CHANNEL,ALL_SAMPLES
sub-SD015_ses-01_task-PassiveListen,C228,OTHER,uV,SI volts for voltage channels,2046016,0,-0.0053005042648966195,0.008711,False,README_UNUSED_C_PREFIX;OFFICIAL_BAD:noise;NOT_NEURAL_CHANNEL,ALL_SAMPLES
sub-SD015_ses-01_task-PassiveListen,C229,OTHER,uV,SI volts for voltage channels,2046016,0,-0.005109629221026932,0.008345466315709163,False,README_UNUSED_C_PREFIX;OFFICIAL_BAD:noise;NOT_NEURAL_CHANNEL,ALL_SAMPLES
sub-SD015_ses-01_task-PassiveListen,C230,OTHER,uV,SI volts for voltage channels,2046016,0,-0.004854420248722057,0.006837872480354008,False,README_UNUSED_C_PREFIX;OFFICIAL_BAD:noise;NOT_NEURAL_CHANNEL,ALL_SAMPLES
sub-SD015_ses-01_task-PassiveListen,C231,OTHER,uV,SI volts for voltage channels,2046016,0,-0.004497127687495232,0.004723359807736324,False,README_UNUSED_C_PREFIX;OFFICIAL_BAD:noise;NOT_NEURAL_CHANNEL,ALL_SAMPLES
sub-SD015_ses-01_task-PassiveListen,C232,OTHER,uV,SI volts for voltage channels,2046016,0,-0.003982456260013733,0.002638887357900358,False,README_UNUSED_C_PREFIX;OFFICIAL_BAD:noise;NOT_NEURAL_CHANNEL,ALL_SAMPLES
sub-SD015_ses-01_task-PassiveListen,C233,OTHER,uV,SI volts for voltage channels,2046016,0,-0.0037844034637979705,0.002218590081635767,False,README_UNUSED_C_PREFIX;OFFICIAL_BAD:noise;NOT_NEURAL_CHANNEL,ALL_SAMPLES
sub-SD015_ses-01_task-PassiveListen,C234,OTHER,uV,SI volts for voltage channels,2046016,0,-0.002931314305333028,0.0022438451361867706,False,README_UNUSED_C_PREFIX;OFFICIAL_BAD:noise;NOT_NEURAL_CHANNEL,ALL_SAMPLES
sub-SD015_ses-01_task-PassiveListen,C235,OTHER,uV,SI volts for voltage channels,2046016,0,-0.0027848349889372094,0.002307381536583505,False,README_UNUSED_C_PREFIX;OFFICIAL_BAD:noise;NOT_NEURAL_CHANNEL,ALL_SAMPLES
sub-SD015_ses-01_task-PassiveListen,C236,OTHER,uV,SI volts for voltage channels,2046016,0,-0.0031096947432669567,0.002239059967956054,False,README_UNUSED_C_PREFIX;OFFICIAL_BAD:noise;NOT_NEURAL_CHANNEL,ALL_SAMPLES
sub-SD015_ses-01_task-PassiveListen,C237,OTHER,uV,SI volts for voltage channels,2046016,0,-0.0035198899977111468,0.002042602227817197,False,README_UNUSED_C_PREFIX;OFFICIAL_BAD:noise;NOT_NEURAL_CHANNEL,ALL_SAMPLES
sub-SD015_ses-01_task-PassiveListen,C238,OTHER,uV,SI volts for voltage channels,2046016,0,-0.0038559151445792324,0.001940784481574731,False,README_UNUSED_C_PREFIX;OFFICIAL_BAD:noise;NOT_NEURAL_CHANNEL,ALL_SAMPLES
sub-SD015_ses-01_task-PassiveListen,C239,OTHER,uV,SI volts for voltage channels,2046016,0,-0.0041943328755626764,0.0021866889600976576,False,README_UNUSED_C_PREFIX;OFFICIAL_BAD:noise;NOT_NEURAL_CHANNEL,ALL_SAMPLES
sub-SD015_ses-01_task-PassiveListen,C240,OTHER,uV,SI volts for voltage channels,2046016,0,-0.005927627145799954,0.0029775709315632867,False,README_UNUSED_C_PREFIX;OFFICIAL_BAD:noise;NOT_NEURAL_CHANNEL,ALL_SAMPLES
sub-SD015_ses-01_task-PassiveListen,C241,OTHER,uV,SI volts for voltage channels,2046016,0,-0.008602536186770428,0.008641880903334096,False,README_UNUSED_C_PREFIX;OFFICIAL_BAD:noise;NOT_NEURAL_CHANNEL,ALL_SAMPLES
sub-SD015_ses-01_task-PassiveListen,C242,OTHER,uV,SI volts for voltage channels,2046016,0,-0.006695114961470969,0.0085996119172961,False,README_UNUSED_C_PREFIX;OFFICIAL_BAD:noise;NOT_NEURAL_CHANNEL,ALL_SAMPLES
sub-SD015_ses-01_task-PassiveListen,C243,OTHER,uV,SI volts for voltage channels,2046016,0,-0.006910713374532693,0.008711,False,README_UNUSED_C_PREFIX;OFFICIAL_BAD:noise;NOT_NEURAL_CHANNEL,ALL_SAMPLES
sub-SD015_ses-01_task-PassiveListen,C244,OTHER,uV,SI volts for voltage channels,2046016,0,-0.006373977004654001,0.008711,False,README_UNUSED_C_PREFIX;OFFICIAL_BAD:noise;NOT_NEURAL_CHANNEL,ALL_SAMPLES
sub-SD015_ses-01_task-PassiveListen,C245,OTHER,uV,SI volts for voltage channels,2046016,0,-0.0061006907301441975,0.008172402731364919,False,README_UNUSED_C_PREFIX;OFFICIAL_BAD:noise;NOT_NEURAL_CHANNEL,ALL_SAMPLES
sub-SD015_ses-01_task-PassiveListen,C246,OTHER,uV,SI volts for voltage channels,2046016,0,-0.005633073456931411,0.006119831403067063,False,README_UNUSED_C_PREFIX;OFFICIAL_BAD:noise;NOT_NEURAL_CHANNEL,ALL_SAMPLES
sub-SD015_ses-01_task-PassiveListen,C247,OTHER,uV,SI volts for voltage channels,2046016,0,-0.005093412817578393,0.0043014674753948275,False,README_UNUSED_C_PREFIX;OFFICIAL_BAD:noise;NOT_NEURAL_CHANNEL,ALL_SAMPLES
sub-SD015_ses-01_task-PassiveListen,C248,OTHER,uV,SI volts for voltage channels,2046016,0,-0.004414982299534599,0.00399229243915465,False,README_UNUSED_C_PREFIX;OFFICIAL_BAD:noise;NOT_NEURAL_CHANNEL,ALL_SAMPLES
sub-SD015_ses-01_task-PassiveListen,C249,OTHER,uV,SI volts for voltage channels,2046016,0,-0.0038224189669642176,0.003909881208514534,False,README_UNUSED_C_PREFIX;OFFICIAL_BAD:noise;NOT_NEURAL_CHANNEL,ALL_SAMPLES
sub-SD015_ses-01_task-PassiveListen,C250,OTHER,uV,SI volts for voltage channels,2046016,0,-0.004000001876859693,0.00478822542153048,False,README_UNUSED_C_PREFIX;OFFICIAL_BAD:noise;NOT_NEURAL_CHANNEL,ALL_SAMPLES
sub-SD015_ses-01_task-PassiveListen,C251,OTHER,uV,SI volts for voltage channels,2046016,0,-0.0033258248416876473,0.003758882566567483,False,README_UNUSED_C_PREFIX;OFFICIAL_BAD:noise;NOT_NEURAL_CHANNEL,ALL_SAMPLES
sub-SD015_ses-01_task-PassiveListen,C252,OTHER,uV,SI volts for voltage channels,2046016,0,-0.00350633202105745,0.003929553566796368,False,README_UNUSED_C_PREFIX;OFFICIAL_BAD:noise;NOT_NEURAL_CHANNEL,ALL_SAMPLES
sub-SD015_ses-01_task-PassiveListen,C253,OTHER,uV,SI volts for voltage channels,2046016,0,-0.0038920697489890897,0.0038287991912718394,False,README_UNUSED_C_PREFIX;OFFICIAL_BAD:noise;NOT_NEURAL_CHANNEL,ALL_SAMPLES
sub-SD015_ses-01_task-PassiveListen,C254,OTHER,uV,SI volts for voltage channels,2046016,0,-0.004119896925307088,0.003577843701838712,False,README_UNUSED_C_PREFIX;OFFICIAL_BAD:noise;NOT_NEURAL_CHANNEL,ALL_SAMPLES
sub-SD015_ses-01_task-PassiveListen,C255,OTHER,uV,SI volts for voltage channels,2046016,0,-0.004660620935378042,0.0033936147249561304,False,README_UNUSED_C_PREFIX;OFFICIAL_BAD:noise;NOT_NEURAL_CHANNEL,ALL_SAMPLES
sub-SD015_ses-01_task-PassiveListen,C256,OTHER,uV,SI volts for voltage channels,2046016,0,-0.006748283497367819,0.004886055527580682,False,README_UNUSED_C_PREFIX;OFFICIAL_BAD:noise;NOT_NEURAL_CHANNEL,ALL_SAMPLES
sub-SD015_ses-01_task-PassiveListen,DC1,MISC,n/a,SI volts for voltage channels,2046016,0,-0.30570797894255014,0.44720305790798776,False,UNKNOWN_CHANNEL_METADATA_OR_UNIT;NOT_NEURAL_CHANNEL,ALL_SAMPLES
sub-SD015_ses-01_task-PassiveListen,DC2,MISC,n/a,SI volts for voltage channels,2046016,0,-0.7424561226825364,0.8613119890135039,False,UNKNOWN_CHANNEL_METADATA_OR_UNIT;NOT_NEURAL_CHANNEL,ALL_SAMPLES
sub-SD015_ses-01_task-PassiveListen,DC3,MISC,n/a,SI volts for voltage channels,2046016,0,-7.860837720334529e-05,0.05133127031357258,False,UNKNOWN_CHANNEL_METADATA_OR_UNIT;OFFICIAL_BAD:noise;NOT_NEURAL_CHANNEL,ALL_SAMPLES
sub-SD015_ses-01_task-PassiveListen,DC4,MISC,n/a,SI volts for voltage channels,2046016,0,-7.860837720334529e-05,0.03891114671549521,False,UNKNOWN_CHANNEL_METADATA_OR_UNIT;OFFICIAL_BAD:noise;NOT_NEURAL_CHANNEL,ALL_SAMPLES
sub-SD015_ses-01_task-PassiveListen,DC5,MISC,n/a,SI volts for voltage channels,2046016,0,-7.860837720334529e-05,0.08859164110780467,False,UNKNOWN_CHANNEL_METADATA_OR_UNIT;OFFICIAL_BAD:noise;NOT_NEURAL_CHANNEL,ALL_SAMPLES
sub-SD015_ses-01_task-PassiveListen,DC6,MISC,n/a,SI volts for voltage channels,2046016,0,-7.860837720334529e-05,0.04630033417257922,False,UNKNOWN_CHANNEL_METADATA_OR_UNIT;OFFICIAL_BAD:noise;NOT_NEURAL_CHANNEL,ALL_SAMPLES
sub-SD015_ses-01_task-PassiveListen,DC7,MISC,n/a,SI volts for voltage channels,2046016,0,-7.860837720334529e-05,0.05950654154268679,False,UNKNOWN_CHANNEL_METADATA_OR_UNIT;OFFICIAL_BAD:noise;NOT_NEURAL_CHANNEL,ALL_SAMPLES
sub-SD015_ses-01_task-PassiveListen,DC8,MISC,n/a,SI volts for voltage channels,2046016,0,-0.6030048615243766,0.6454533852140074,False,UNKNOWN_CHANNEL_METADATA_OR_UNIT;OFFICIAL_BAD:noise;NOT_NEURAL_CHANNEL,ALL_SAMPLES
sub-SD015_ses-01_task-PassiveListen,DC9,MISC,n/a,SI volts for voltage channels,2046016,0,-7.860837720334529e-05,0.04802971847104568,False,UNKNOWN_CHANNEL_METADATA_OR_UNIT;OFFICIAL_BAD:noise;NOT_NEURAL_CHANNEL,ALL_SAMPLES
sub-SD015_ses-01_task-PassiveListen,DC10,MISC,n/a,SI volts for voltage channels,2046016,0,-7.860837720334529e-05,0.056362206454565945,False,UNKNOWN_CHANNEL_METADATA_OR_UNIT;OFFICIAL_BAD:noise;NOT_NEURAL_CHANNEL,ALL_SAMPLES
sub-SD015_ses-01_task-PassiveListen,DC11,MISC,n/a,SI volts for voltage channels,2046016,0,-7.860837720334529e-05,0.026648239871823895,False,UNKNOWN_CHANNEL_METADATA_OR_UNIT;OFFICIAL_BAD:noise;NOT_NEURAL_CHANNEL,ALL_SAMPLES
sub-SD015_ses-01_task-PassiveListen,DC12,MISC,n/a,SI volts for voltage channels,2046016,0,-7.860837720334529e-05,0.038596713206683134,False,UNKNOWN_CHANNEL_METADATA_OR_UNIT;OFFICIAL_BAD:noise;NOT_NEURAL_CHANNEL,ALL_SAMPLES
sub-SD015_ses-01_task-PassiveListen,DC13,MISC,n/a,SI volts for voltage channels,2046016,0,-7.860837720334529e-05,0.027277106889448063,False,UNKNOWN_CHANNEL_METADATA_OR_UNIT;OFFICIAL_BAD:noise;NOT_NEURAL_CHANNEL,ALL_SAMPLES
sub-SD015_ses-01_task-PassiveListen,DC14,MISC,n/a,SI volts for voltage channels,2046016,0,-0.0041662439917604524,-7.860837720334529e-05,False,UNKNOWN_CHANNEL_METADATA_OR_UNIT;OFFICIAL_BAD:noise;NOT_NEURAL_CHANNEL,ALL_SAMPLES
sub-SD015_ses-01_task-PassiveListen,DC15,MISC,n/a,SI volts for voltage channels,2046016,0,-7.860837720334529e-05,0.013442032501716316,False,UNKNOWN_CHANNEL_METADATA_OR_UNIT;OFFICIAL_BAD:noise;NOT_NEURAL_CHANNEL,ALL_SAMPLES
sub-SD015_ses-01_task-PassiveListen,DC16,MISC,n/a,SI volts for voltage channels,2046016,0,-7.860837720334529e-05,0.017686884870679466,False,UNKNOWN_CHANNEL_METADATA_OR_UNIT;OFFICIAL_BAD:noise;NOT_NEURAL_CHANNEL,ALL_SAMPLES
sub-SD015_ses-01_task-PassiveListen,TRIG,TRIG,n/a,SI volts for voltage channels,2046016,0,-7.860837720334529e-05,-7.860837720334529e-05,False,UNKNOWN_CHANNEL_METADATA_OR_UNIT;OFFICIAL_BAD:noise;NOT_NEURAL_CHANNEL;FLAT_EXACT,ALL_SAMPLES
sub-SD015_ses-01_task-PassiveListen,OSAT,MISC,n/a,SI volts for voltage channels,2046016,0,0.0,0.0,False,UNKNOWN_CHANNEL_METADATA_OR_UNIT;OFFICIAL_BAD:noise;NOT_NEURAL_CHANNEL;FLAT_EXACT,ALL_SAMPLES
sub-SD015_ses-01_task-PassiveListen,PR,MISC,n/a,SI volts for voltage channels,2046016,0,0.0,0.0,False,UNKNOWN_CHANNEL_METADATA_OR_UNIT;OFFICIAL_BAD:noise;NOT_NEURAL_CHANNEL;FLAT_EXACT,ALL_SAMPLES
sub-SD015_ses-01_task-PassiveListen,Pleth,UNKNOWN,UNKNOWN,SI volts for voltage channels,2046016,0,0.03276699999976158,2144.9836531480278,False,UNKNOWN_CHANNEL_METADATA_OR_UNIT;NOT_NEURAL_CHANNEL,ALL_SAMPLES
sub-SD017_ses-01_task-PassiveListen,RD21,SEEG,uV,SI volts for voltage channels,587008,0,-0.0003013326771953918,0.000605456702525368,True,,ALL_SAMPLES
sub-SD017_ses-01_task-PassiveListen,RD22,SEEG,uV,SI volts for voltage channels,587008,0,-0.0024836352330815594,0.008711,True,,ALL_SAMPLES
sub-SD017_ses-01_task-PassiveListen,RD23,SEEG,uV,SI volts for voltage channels,587008,0,-0.0002098827954528115,0.0006232681620508125,True,,ALL_SAMPLES
sub-SD017_ses-01_task-PassiveListen,RD24,SEEG,uV,SI volts for voltage channels,587008,0,-0.0003635398641947051,0.0005448445716029601,True,,ALL_SAMPLES
sub-SD017_ses-01_task-PassiveListen,RD25,SEEG,uV,SI volts for voltage channels,587008,0,-0.0005363376058594645,0.0005996081635767146,True,,ALL_SAMPLES
sub-SD017_ses-01_task-PassiveListen,RD26,SEEG,uV,SI volts for voltage channels,587008,0,-0.0004674843518730449,0.0005807333333333333,True,,ALL_SAMPLES
sub-SD017_ses-01_task-PassiveListen,RD27,SEEG,uV,SI volts for voltage channels,587008,0,-0.0004807764858472572,0.0006171537804226749,True,,ALL_SAMPLES
sub-SD017_ses-01_task-PassiveListen,RD28,SEEG,uV,SI volts for voltage channels,587008,0,-0.00038161716639963377,0.0006362944533455405,True,,ALL_SAMPLES
sub-SD017_ses-01_task-PassiveListen,RD29,SEEG,uV,SI volts for voltage channels,587008,0,-0.0017969635919737545,0.0034531634851606013,True,,ALL_SAMPLES
sub-SD017_ses-01_task-PassiveListen,RD210,SEEG,uV,SI volts for voltage channels,587008,0,-0.0029735832913710234,0.005806137041275654,True,,ALL_SAMPLES
sub-SD017_ses-01_task-PassiveListen,RD11,SEEG,uV,SI volts for voltage channels,587008,0,-0.00024072054627298392,0.0006277874876020447,True,,ALL_SAMPLES
sub-SD017_ses-01_task-PassiveListen,RD12,SEEG,uV,SI volts for voltage channels,587008,0,-0.00027262166781109333,0.0007016917524986647,True,,ALL_SAMPLES
sub-SD017_ses-01_task-PassiveListen,RD13,SEEG,uV,SI volts for voltage channels,587008,0,-0.00028936975661860077,0.0006275216449225604,True,,ALL_SAMPLES
sub-SD017_ses-01_task-PassiveListen,RD14,SEEG,uV,SI volts for voltage channels,587008,0,-0.00033482885481040666,0.0006471940032043946,True,,ALL_SAMPLES
sub-SD017_ses-01_task-PassiveListen,RD15,SEEG,uV,SI volts for voltage channels,587008,0,-0.0005230454718852521,0.0007221616388189516,True,,ALL_SAMPLES
sub-SD017_ses-01_task-PassiveListen,RD16,SEEG,uV,SI volts for voltage channels,587008,0,-0.0003778953688868544,0.0008736919661249714,True,,ALL_SAMPLES
sub-SD017_ses-01_task-PassiveListen,RD17,SEEG,uV,SI volts for voltage channels,587008,0,-0.0003946434576943618,0.0007117937743190661,True,,ALL_SAMPLES
sub-SD017_ses-01_task-PassiveListen,RD18,SEEG,uV,SI volts for voltage channels,587008,0,-0.00030345941863126573,0.0006668663614862287,True,,ALL_SAMPLES
sub-SD017_ses-01_task-PassiveListen,RD19,SEEG,uV,SI volts for voltage channels,587008,0,-0.004340812191958495,0.008711,True,,ALL_SAMPLES
sub-SD017_ses-01_task-PassiveListen,RD110,SEEG,uV,SI volts for voltage channels,587008,0,-0.00024045470359349968,0.0006259265888456549,True,,ALL_SAMPLES
sub-SD017_ses-01_task-PassiveListen,RPPGH1,SEEG,uV,SI volts for voltage channels,587008,0,-0.0021954617685206374,0.008711,True,,ALL_SAMPLES
sub-SD017_ses-01_task-PassiveListen,RPPGH2,SEEG,uV,SI volts for voltage channels,587008,0,-0.0002790018921187152,0.0006057225452048523,True,,ALL_SAMPLES
sub-SD017_ses-01_task-PassiveListen,RPPGH3,SEEG,uV,SI volts for voltage channels,587008,0,-0.00022849178301670865,0.0006299142290379186,True,,ALL_SAMPLES
sub-SD017_ses-01_task-PassiveListen,RPPGH4,SEEG,uV,SI volts for voltage channels,587008,0,-0.0004712061493858244,0.000605456702525368,True,,ALL_SAMPLES
sub-SD017_ses-01_task-PassiveListen,RPPGH5,SEEG,uV,SI volts for voltage channels,587008,0,-0.0005605292896925306,0.0006421429922941939,True,,ALL_SAMPLES
sub-SD017_ses-01_task-PassiveListen,RPPGH6,SEEG,uV,SI volts for voltage channels,587008,0,-0.00034120907911802857,0.0007048818646524758,True,,ALL_SAMPLES
sub-SD017_ses-01_task-PassiveListen,RPPGH7,SEEG,uV,SI volts for voltage channels,587008,0,-0.0003109030136568246,0.0008221184863050278,True,,ALL_SAMPLES
sub-SD017_ses-01_task-PassiveListen,RPPGH8,SEEG,uV,SI volts for voltage channels,587008,0,-0.00026438054474708174,0.0006591569237811856,True,,ALL_SAMPLES
sub-SD017_ses-01_task-PassiveListen,RPPGH9,SEEG,uV,SI volts for voltage channels,587008,0,-0.0002548102082856489,0.0006461306324864575,True,,ALL_SAMPLES
sub-SD017_ses-01_task-PassiveListen,RPPGH10,SEEG,uV,SI volts for voltage channels,587008,0,-0.0002436448157473106,0.0006317751277943083,True,,ALL_SAMPLES
sub-SD017_ses-01_task-PassiveListen,RHT1,SEEG,uV,SI volts for voltage channels,587008,0,-0.000478383901731899,0.0007745326466773479,True,,ALL_SAMPLES
sub-SD017_ses-01_task-PassiveListen,RHT2,SEEG,uV,SI volts for voltage channels,587008,0,-0.0010563258869306477,0.0008766162355992981,True,,ALL_SAMPLES
sub-SD017_ses-01_task-PassiveListen,RHT3,SEEG,uV,SI volts for voltage channels,587008,0,-0.0002827236896314947,0.0005475029983978026,True,,ALL_SAMPLES
sub-SD017_ses-01_task-PassiveListen,RHT4,SEEG,uV,SI volts for voltage channels,587008,0,-0.0002388596475165942,0.0006487890592813,True,,ALL_SAMPLES
sub-SD017_ses-01_task-PassiveListen,RHT5,SEEG,uV,SI volts for voltage channels,587008,0,-0.0003300436865796902,0.0006482573739223315,True,,ALL_SAMPLES
sub-SD017_ses-01_task-PassiveListen,RHT6,SEEG,uV,SI volts for voltage channels,587008,0,-0.0002856479591058213,0.0006594227664606699,True,,ALL_SAMPLES
sub-SD017_ses-01_task-PassiveListen,RHT7,SEEG,uV,SI volts for voltage channels,587008,0,-0.0003491843595025559,0.0007351879301136796,True,,ALL_SAMPLES
sub-SD017_ses-01_task-PassiveListen,RHT8,SEEG,uV,SI volts for voltage channels,587008,0,-0.0003433358205539025,0.0006687272602426184,True,,ALL_SAMPLES
sub-SD017_ses-01_task-PassiveListen,RHT9,SEEG,uV,SI volts for voltage channels,587008,0,-0.0003042569466697185,0.0007019575951781491,True,,ALL_SAMPLES
sub-SD017_ses-01_task-PassiveListen,RHT10,SEEG,uV,SI volts for voltage channels,587008,0,-0.00026119043259327073,0.0006666005188067445,True,,ALL_SAMPLES
sub-SD017_ses-01_task-PassiveListen,RAPHG1,SEEG,uV,SI volts for voltage channels,587008,0,-0.0005206528877698939,0.0006075834439612421,True,,ALL_SAMPLES
sub-SD017_ses-01_task-PassiveListen,RAPHG2,SEEG,uV,SI volts for voltage channels,587008,0,-0.0006463964751659418,0.0008686409552147706,True,,ALL_SAMPLES
sub-SD017_ses-01_task-PassiveListen,RAPHG3,SEEG,uV,SI volts for voltage channels,587008,0,-0.0006075834439612421,0.0007676207370107575,True,,ALL_SAMPLES
sub-SD017_ses-01_task-PassiveListen,RAPHG4,SEEG,uV,SI volts for voltage channels,587008,0,-0.00022211155870908677,0.0006479915312428472,True,,ALL_SAMPLES
sub-SD017_ses-01_task-PassiveListen,RAPHG5,SEEG,uV,SI volts for voltage channels,587008,0,-0.00020961695277332725,0.0006666005188067445,True,,ALL_SAMPLES
sub-SD017_ses-01_task-PassiveListen,RAPHG6,SEEG,uV,SI volts for voltage channels,587008,0,-0.000251620096131838,0.0006809560234988937,True,,ALL_SAMPLES
sub-SD017_ses-01_task-PassiveListen,RAPHG7,SEEG,uV,SI volts for voltage channels,587008,0,-0.0002829895323109789,0.0006724490577553978,True,,ALL_SAMPLES
sub-SD017_ses-01_task-PassiveListen,RAPHG8,SEEG,uV,SI volts for voltage channels,587008,0,-0.0003204733501182574,0.0007383780422674905,True,,ALL_SAMPLES
sub-SD017_ses-01_task-PassiveListen,RAPHG9,SEEG,uV,SI volts for voltage channels,587008,0,-0.0003422724498359655,0.0007107304036011291,True,,ALL_SAMPLES
sub-SD017_ses-01_task-PassiveListen,RAPHG10,SEEG,uV,SI volts for voltage channels,587008,0,-0.0022778729991607535,0.0006272558022430762,True,,ALL_SAMPLES
sub-SD017_ses-01_task-PassiveListen,RHB1,SEEG,uV,SI volts for voltage channels,587008,0,-0.000827701182574197,0.0006017349050125887,True,,ALL_SAMPLES
sub-SD017_ses-01_task-PassiveListen,RHB2,SEEG,uV,SI volts for voltage channels,587008,0,-0.0007397072556649119,0.000741036469062333,True,,ALL_SAMPLES
sub-SD017_ses-01_task-PassiveListen,RHB3,SEEG,uV,SI volts for voltage channels,587008,0,-0.0016799928130006867,0.0008811355611505301,True,,ALL_SAMPLES
sub-SD017_ses-01_task-PassiveListen,RHB4,SEEG,uV,SI volts for voltage channels,587008,0,-0.0003454625619897765,0.0006200780498970016,True,,ALL_SAMPLES
sub-SD017_ses-01_task-PassiveListen,RHB5,SEEG,uV,SI volts for voltage channels,587008,0,-0.00031063717097734036,0.0006958432135500115,True,,ALL_SAMPLES
sub-SD017_ses-01_task-PassiveListen,RHB6,SEEG,uV,SI volts for voltage channels,587008,0,-0.0002848504310673686,0.0006562326543068589,True,,ALL_SAMPLES
sub-SD017_ses-01_task-PassiveListen,RHB7,SEEG,uV,SI volts for voltage channels,587008,0,-0.00032020750743877316,0.0006450672617685206,True,,ALL_SAMPLES
sub-SD017_ses-01_task-PassiveListen,RHB8,SEEG,uV,SI volts for voltage channels,587008,0,-0.0005302232242313268,0.0007447582665751126,True,,ALL_SAMPLES
sub-SD017_ses-01_task-PassiveListen,RHB9,SEEG,uV,SI volts for voltage channels,587008,0,-0.00032871447318226905,0.0007588479285877774,True,,ALL_SAMPLES
sub-SD017_ses-01_task-PassiveListen,RHB10,SEEG,uV,SI volts for voltage channels,587008,0,-0.005000102037079423,0.008711,True,,ALL_SAMPLES
sub-SD017_ses-01_task-PassiveListen,RHH1,SEEG,uV,SI volts for voltage channels,587008,0,-0.0007293393911650263,0.0007798495002670329,True,,ALL_SAMPLES
sub-SD017_ses-01_task-PassiveListen,RHH2,SEEG,uV,SI volts for voltage channels,587008,0,-0.0021752577248798353,0.0012993060959792476,True,,ALL_SAMPLES
sub-SD017_ses-01_task-PassiveListen,RHH3,SEEG,uV,SI volts for voltage channels,587008,0,-0.00032233424887464715,0.0006708540016784923,True,,ALL_SAMPLES
sub-SD017_ses-01_task-PassiveListen,RHH4,SEEG,uV,SI volts for voltage channels,587008,0,-0.0002790018921187152,0.0006796268101014724,True,,ALL_SAMPLES
sub-SD017_ses-01_task-PassiveListen,RHH5,SEEG,uV,SI volts for voltage channels,587008,0,-0.000262519645990692,0.000662878721293965,True,,ALL_SAMPLES
sub-SD017_ses-01_task-PassiveListen,RHH6,SEEG,uV,SI volts for voltage channels,587008,0,-0.0002667731288624399,0.0007014259098191805,True,,ALL_SAMPLES
sub-SD017_ses-01_task-PassiveListen,RHH7,SEEG,uV,SI volts for voltage channels,587008,0,-0.0003475893034256504,0.000815738261997406,True,,ALL_SAMPLES
sub-SD017_ses-01_task-PassiveListen,RHH8,SEEG,uV,SI volts for voltage channels,587008,0,-0.00031781492332341493,0.0008128139925230793,True,,ALL_SAMPLES
sub-SD017_ses-01_task-PassiveListen,RHH9,SEEG,uV,SI volts for voltage channels,587008,0,-0.00026411470206759744,0.0006812218661783779,True,,ALL_SAMPLES
sub-SD017_ses-01_task-PassiveListen,RHH10,SEEG,uV,SI volts for voltage channels,587008,0,-0.0002311502098115511,0.0006463964751659418,True,,ALL_SAMPLES
sub-SD017_ses-01_task-PassiveListen,RA1,SEEG,uV,SI volts for voltage channels,587008,0,-0.0005972155794613565,0.0008524245517662317,True,,ALL_SAMPLES
sub-SD017_ses-01_task-PassiveListen,RA2,SEEG,uV,SI volts for voltage channels,587008,0,-0.00038321222247653927,0.0006684614175631342,True,,ALL_SAMPLES
sub-SD017_ses-01_task-PassiveListen,RA3,SEEG,uV,SI volts for voltage channels,587008,0,-0.0003204733501182574,0.0006174196231021591,True,,ALL_SAMPLES
sub-SD017_ses-01_task-PassiveListen,RA4,SEEG,uV,SI volts for voltage channels,587008,0,-0.00036912256046387425,0.0006392187228198672,True,,ALL_SAMPLES
sub-SD017_ses-01_task-PassiveListen,RA5,SEEG,uV,SI volts for voltage channels,587008,0,-0.00022025065995269705,0.000665005462729839,True,,ALL_SAMPLES
sub-SD017_ses-01_task-PassiveListen,RA6,SEEG,uV,SI volts for voltage channels,587008,0,-0.00021892144655527582,0.0007426315251392385,True,,ALL_SAMPLES
sub-SD017_ses-01_task-PassiveListen,RA7,SEEG,uV,SI volts for voltage channels,587008,0,-0.0002763434653238727,0.0008069654535744258,True,,ALL_SAMPLES
sub-SD017_ses-01_task-PassiveListen,RA8,SEEG,uV,SI volts for voltage channels,587008,0,-0.0002696973983367666,0.0008667800564583809,True,,ALL_SAMPLES
sub-SD017_ses-01_task-PassiveListen,RA9,SEEG,uV,SI volts for voltage channels,587008,0,-0.00022849178301670865,0.0007309344472419318,True,,ALL_SAMPLES
sub-SD017_ses-01_task-PassiveListen,RA10,SEEG,uV,SI volts for voltage channels,587008,0,-0.00023221358052948808,0.0006966407415884641,True,,ALL_SAMPLES
sub-SD017_ses-01_task-PassiveListen,RD31,SEEG,uV,SI volts for voltage channels,587008,0,-0.0007269468070496681,0.0008043070267795834,True,,ALL_SAMPLES
sub-SD017_ses-01_task-PassiveListen,RD32,SEEG,uV,SI volts for voltage channels,587008,0,-0.0002827236896314947,0.00059243041123064,True,,ALL_SAMPLES
sub-SD017_ses-01_task-PassiveListen,RD33,SEEG,uV,SI volts for voltage channels,587008,0,-0.00033642391088731217,0.0006113052414740215,True,,ALL_SAMPLES
sub-SD017_ses-01_task-PassiveListen,RD34,SEEG,uV,SI volts for voltage channels,587008,0,-0.0002914964980544747,0.0005903036697947661,True,,ALL_SAMPLES
sub-SD017_ses-01_task-PassiveListen,RD35,SEEG,uV,SI volts for voltage channels,587008,0,-0.00024497402914473184,0.000567441199359121,True,,ALL_SAMPLES
sub-SD017_ses-01_task-PassiveListen,RD36,SEEG,uV,SI volts for voltage channels,587008,0,-0.0002566711070420386,0.0005578708628976882,True,,ALL_SAMPLES
sub-SD017_ses-01_task-PassiveListen,RD37,SEEG,uV,SI volts for voltage channels,587008,0,-0.0007490117494468604,0.0005964180514229037,True,,ALL_SAMPLES
sub-SD017_ses-01_task-PassiveListen,RD38,SEEG,uV,SI volts for voltage channels,587008,0,-0.0042443112993057145,0.0007819762417029068,True,,ALL_SAMPLES
sub-SD017_ses-01_task-PassiveListen,RD39,SEEG,uV,SI volts for voltage channels,587008,0,-0.008711,0.008711,True,,ALL_SAMPLES
sub-SD017_ses-01_task-PassiveListen,RD310,SEEG,uV,SI volts for voltage channels,587008,0,-0.004642543633173114,0.0007992560158693827,True,,ALL_SAMPLES
sub-SD017_ses-01_task-PassiveListen,RD41,SEEG,uV,SI volts for voltage channels,587008,0,-0.0002837870603494316,0.000612900297550927,True,,ALL_SAMPLES
sub-SD017_ses-01_task-PassiveListen,RD42,SEEG,uV,SI volts for voltage channels,587008,0,-0.0003933142442969406,0.0006152928816662851,True,,ALL_SAMPLES
sub-SD017_ses-01_task-PassiveListen,RD43,SEEG,uV,SI volts for voltage channels,587008,0,-0.0004701427786678874,0.0009622175783932249,True,,ALL_SAMPLES
sub-SD017_ses-01_task-PassiveListen,RD44,SEEG,uV,SI volts for voltage channels,587008,0,-0.0004765230029755093,0.0008739578088044556,True,,ALL_SAMPLES
sub-SD017_ses-01_task-PassiveListen,RD45,SEEG,uV,SI volts for voltage channels,587008,0,-0.0003162198672465095,0.0007226933241779201,True,,ALL_SAMPLES
sub-SD017_ses-01_task-PassiveListen,RD46,SEEG,uV,SI volts for voltage channels,587008,0,-0.0007229591668574044,0.0007213641107804989,True,,ALL_SAMPLES
sub-SD017_ses-01_task-PassiveListen,RD47,SEEG,uV,SI volts for voltage channels,587008,0,-0.00031781492332341493,0.0006487890592813,True,,ALL_SAMPLES
sub-SD017_ses-01_task-PassiveListen,RD48,SEEG,uV,SI volts for voltage channels,587008,0,-0.0005871135576409552,0.0008098897230487525,True,,ALL_SAMPLES
sub-SD017_ses-01_task-PassiveListen,RD49,SEEG,uV,SI volts for voltage channels,587008,0,-0.000531552437628748,0.0007062110780498969,True,,ALL_SAMPLES
sub-SD017_ses-01_task-PassiveListen,RD410,SEEG,uV,SI volts for voltage channels,587008,0,-0.0004193668268863966,0.0006985016403448538,True,,ALL_SAMPLES
sub-SD017_ses-01_task-PassiveListen,EKG2,ECG,uV,SI volts for voltage channels,587008,0,-0.005894928496223392,0.008711,False,NOT_NEURAL_CHANNEL,ALL_SAMPLES
sub-SD017_ses-01_task-PassiveListen,EKG4,ECG,uV,SI volts for voltage channels,587008,0,-0.0014715721522850385,0.008711,False,NOT_NEURAL_CHANNEL,ALL_SAMPLES
sub-SD017_ses-01_task-PassiveListen,C103,OTHER,uV,SI volts for voltage channels,587008,0,1.3292133974209717e-07,0.008711,False,README_UNUSED_C_PREFIX;OFFICIAL_BAD:noise;NOT_NEURAL_CHANNEL,ALL_SAMPLES
sub-SD017_ses-01_task-PassiveListen,C104,OTHER,uV,SI volts for voltage channels,587008,0,1.3292133974209717e-07,0.008711,False,README_UNUSED_C_PREFIX;OFFICIAL_BAD:noise;NOT_NEURAL_CHANNEL,ALL_SAMPLES
sub-SD017_ses-01_task-PassiveListen,C105,OTHER,uV,SI volts for voltage channels,587008,0,1.3292133974209717e-07,0.008711,False,README_UNUSED_C_PREFIX;OFFICIAL_BAD:noise;NOT_NEURAL_CHANNEL,ALL_SAMPLES
sub-SD017_ses-01_task-PassiveListen,C106,OTHER,uV,SI volts for voltage channels,587008,0,1.3292133974209717e-07,0.008711,False,README_UNUSED_C_PREFIX;OFFICIAL_BAD:noise;NOT_NEURAL_CHANNEL,ALL_SAMPLES
sub-SD017_ses-01_task-PassiveListen,C107,OTHER,uV,SI volts for voltage channels,587008,0,1.3292133974209717e-07,0.008711,False,README_UNUSED_C_PREFIX;OFFICIAL_BAD:noise;NOT_NEURAL_CHANNEL,ALL_SAMPLES
sub-SD017_ses-01_task-PassiveListen,C108,OTHER,uV,SI volts for voltage channels,587008,0,1.3292133974209717e-07,0.008711,False,README_UNUSED_C_PREFIX;OFFICIAL_BAD:noise;NOT_NEURAL_CHANNEL,ALL_SAMPLES
sub-SD017_ses-01_task-PassiveListen,C109,OTHER,uV,SI volts for voltage channels,587008,0,1.3292133974209717e-07,0.008711,False,README_UNUSED_C_PREFIX;OFFICIAL_BAD:noise;NOT_NEURAL_CHANNEL,ALL_SAMPLES
sub-SD017_ses-01_task-PassiveListen,C110,OTHER,uV,SI volts for voltage channels,587008,0,1.3292133974209717e-07,0.008711,False,README_UNUSED_C_PREFIX;OFFICIAL_BAD:noise;NOT_NEURAL_CHANNEL,ALL_SAMPLES
sub-SD017_ses-01_task-PassiveListen,C111,OTHER,uV,SI volts for voltage channels,587008,0,1.3292133974209717e-07,0.008711,False,README_UNUSED_C_PREFIX;OFFICIAL_BAD:noise;NOT_NEURAL_CHANNEL,ALL_SAMPLES
sub-SD017_ses-01_task-PassiveListen,C112,OTHER,uV,SI volts for voltage channels,587008,0,1.3292133974209717e-07,0.008711,False,README_UNUSED_C_PREFIX;OFFICIAL_BAD:noise;NOT_NEURAL_CHANNEL,ALL_SAMPLES
sub-SD017_ses-01_task-PassiveListen,C113,OTHER,uV,SI volts for voltage channels,587008,0,1.3292133974209717e-07,0.008711,False,README_UNUSED_C_PREFIX;OFFICIAL_BAD:noise;NOT_NEURAL_CHANNEL,ALL_SAMPLES
sub-SD017_ses-01_task-PassiveListen,C114,OTHER,uV,SI volts for voltage channels,587008,0,1.3292133974209717e-07,0.008711,False,README_UNUSED_C_PREFIX;OFFICIAL_BAD:noise;NOT_NEURAL_CHANNEL,ALL_SAMPLES
sub-SD017_ses-01_task-PassiveListen,C115,OTHER,uV,SI volts for voltage channels,587008,0,1.3292133974209717e-07,0.008711,False,README_UNUSED_C_PREFIX;OFFICIAL_BAD:noise;NOT_NEURAL_CHANNEL,ALL_SAMPLES
sub-SD017_ses-01_task-PassiveListen,C116,OTHER,uV,SI volts for voltage channels,587008,0,1.3292133974209717e-07,0.008711,False,README_UNUSED_C_PREFIX;OFFICIAL_BAD:noise;NOT_NEURAL_CHANNEL,ALL_SAMPLES
sub-SD017_ses-01_task-PassiveListen,C117,OTHER,uV,SI volts for voltage channels,587008,0,1.3292133974209717e-07,0.008711,False,README_UNUSED_C_PREFIX;OFFICIAL_BAD:noise;NOT_NEURAL_CHANNEL,ALL_SAMPLES
sub-SD017_ses-01_task-PassiveListen,C118,OTHER,uV,SI volts for voltage channels,587008,0,1.3292133974209717e-07,0.008711,False,README_UNUSED_C_PREFIX;OFFICIAL_BAD:noise;NOT_NEURAL_CHANNEL,ALL_SAMPLES
sub-SD017_ses-01_task-PassiveListen,C119,OTHER,uV,SI volts for voltage channels,587008,0,1.3292133974209717e-07,0.008711,False,README_UNUSED_C_PREFIX;OFFICIAL_BAD:noise;NOT_NEURAL_CHANNEL,ALL_SAMPLES
sub-SD017_ses-01_task-PassiveListen,C120,OTHER,uV,SI volts for voltage channels,587008,0,1.3292133974209717e-07,0.008711,False,README_UNUSED_C_PREFIX;OFFICIAL_BAD:noise;NOT_NEURAL_CHANNEL,ALL_SAMPLES
sub-SD017_ses-01_task-PassiveListen,C121,OTHER,uV,SI volts for voltage channels,587008,0,1.3292133974209717e-07,0.008711,False,README_UNUSED_C_PREFIX;OFFICIAL_BAD:noise;NOT_NEURAL_CHANNEL,ALL_SAMPLES
sub-SD017_ses-01_task-PassiveListen,C122,OTHER,uV,SI volts for voltage channels,587008,0,1.3292133974209717e-07,0.008711,False,README_UNUSED_C_PREFIX;OFFICIAL_BAD:noise;NOT_NEURAL_CHANNEL,ALL_SAMPLES
sub-SD017_ses-01_task-PassiveListen,C123,OTHER,uV,SI volts for voltage channels,587008,0,1.3292133974209717e-07,0.008711,False,README_UNUSED_C_PREFIX;OFFICIAL_BAD:noise;NOT_NEURAL_CHANNEL,ALL_SAMPLES
sub-SD017_ses-01_task-PassiveListen,C124,OTHER,uV,SI volts for voltage channels,587008,0,1.3292133974209717e-07,0.008711,False,README_UNUSED_C_PREFIX;OFFICIAL_BAD:noise;NOT_NEURAL_CHANNEL,ALL_SAMPLES
sub-SD017_ses-01_task-PassiveListen,C125,OTHER,uV,SI volts for voltage channels,587008,0,1.3292133974209717e-07,0.008711,False,README_UNUSED_C_PREFIX;OFFICIAL_BAD:noise;NOT_NEURAL_CHANNEL,ALL_SAMPLES
sub-SD017_ses-01_task-PassiveListen,C126,OTHER,uV,SI volts for voltage channels,587008,0,1.3292133974209717e-07,0.008711,False,README_UNUSED_C_PREFIX;OFFICIAL_BAD:noise;NOT_NEURAL_CHANNEL,ALL_SAMPLES
sub-SD017_ses-01_task-PassiveListen,C127,OTHER,uV,SI volts for voltage channels,587008,0,1.3292133974209717e-07,0.008711,False,README_UNUSED_C_PREFIX;OFFICIAL_BAD:noise;NOT_NEURAL_CHANNEL,ALL_SAMPLES
sub-SD017_ses-01_task-PassiveListen,C128,OTHER,uV,SI volts for voltage channels,587008,0,1.3292133974209717e-07,0.008711,False,README_UNUSED_C_PREFIX;OFFICIAL_BAD:noise;NOT_NEURAL_CHANNEL,ALL_SAMPLES
sub-SD017_ses-01_task-PassiveListen,DC1,MISC,n/a,SI volts for voltage channels,587008,0,-0.929072410162509,1.1144309636072325,False,UNKNOWN_CHANNEL_METADATA_OR_UNIT;NOT_NEURAL_CHANNEL,ALL_SAMPLES
sub-SD017_ses-01_task-PassiveListen,DC2,MISC,n/a,SI volts for voltage channels,587008,0,-0.5333578393224998,0.41308702220187654,False,UNKNOWN_CHANNEL_METADATA_OR_UNIT;OFFICIAL_BAD:noise;NOT_NEURAL_CHANNEL,ALL_SAMPLES
sub-SD017_ses-01_task-PassiveListen,DC3,MISC,n/a,SI volts for voltage channels,587008,0,-7.860837720334529e-05,0.050073536278324234,False,UNKNOWN_CHANNEL_METADATA_OR_UNIT;OFFICIAL_BAD:noise;NOT_NEURAL_CHANNEL,ALL_SAMPLES
sub-SD017_ses-01_task-PassiveListen,DC4,MISC,n/a,SI volts for voltage channels,587008,0,-7.860837720334529e-05,0.037338979171434784,False,UNKNOWN_CHANNEL_METADATA_OR_UNIT;OFFICIAL_BAD:noise;NOT_NEURAL_CHANNEL,ALL_SAMPLES
sub-SD017_ses-01_task-PassiveListen,DC5,MISC,n/a,SI volts for voltage channels,587008,0,-7.860837720334529e-05,0.08717669031815029,False,UNKNOWN_CHANNEL_METADATA_OR_UNIT;OFFICIAL_BAD:noise;NOT_NEURAL_CHANNEL,ALL_SAMPLES
sub-SD017_ses-01_task-PassiveListen,DC6,MISC,n/a,SI volts for voltage channels,587008,0,-7.860837720334529e-05,0.04488538338292483,False,UNKNOWN_CHANNEL_METADATA_OR_UNIT;OFFICIAL_BAD:noise;NOT_NEURAL_CHANNEL,ALL_SAMPLES
sub-SD017_ses-01_task-PassiveListen,DC7,MISC,n/a,SI volts for voltage channels,587008,0,-1.0502865278095677,0.9523404898146026,False,UNKNOWN_CHANNEL_METADATA_OR_UNIT;OFFICIAL_BAD:noise;NOT_NEURAL_CHANNEL,ALL_SAMPLES
sub-SD017_ses-01_task-PassiveListen,DC8,MISC,n/a,SI volts for voltage channels,587008,0,-0.020831219958800967,0.07444213321126084,False,UNKNOWN_CHANNEL_METADATA_OR_UNIT;OFFICIAL_BAD:noise;NOT_NEURAL_CHANNEL,ALL_SAMPLES
sub-SD017_ses-01_task-PassiveListen,DC9,MISC,n/a,SI volts for voltage channels,587008,0,-7.860837720334529e-05,0.04677198443579734,False,UNKNOWN_CHANNEL_METADATA_OR_UNIT;OFFICIAL_BAD:noise;NOT_NEURAL_CHANNEL,ALL_SAMPLES
sub-SD017_ses-01_task-PassiveListen,DC10,MISC,n/a,SI volts for voltage channels,587008,0,-7.860837720334529e-05,0.05494725566491156,False,UNKNOWN_CHANNEL_METADATA_OR_UNIT;OFFICIAL_BAD:noise;NOT_NEURAL_CHANNEL,ALL_SAMPLES
sub-SD017_ses-01_task-PassiveListen,DC11,MISC,n/a,SI volts for voltage channels,587008,0,-7.860837720334529e-05,0.025390505836575553,False,UNKNOWN_CHANNEL_METADATA_OR_UNIT;OFFICIAL_BAD:noise;NOT_NEURAL_CHANNEL,ALL_SAMPLES
sub-SD017_ses-01_task-PassiveListen,DC12,MISC,n/a,SI volts for voltage channels,587008,0,-7.860837720334529e-05,0.037338979171434784,False,UNKNOWN_CHANNEL_METADATA_OR_UNIT;OFFICIAL_BAD:noise;NOT_NEURAL_CHANNEL,ALL_SAMPLES
sub-SD017_ses-01_task-PassiveListen,DC13,MISC,n/a,SI volts for voltage channels,587008,0,-7.860837720334529e-05,0.024918855573357424,False,UNKNOWN_CHANNEL_METADATA_OR_UNIT;OFFICIAL_BAD:noise;NOT_NEURAL_CHANNEL,ALL_SAMPLES
sub-SD017_ses-01_task-PassiveListen,DC14,MISC,n/a,SI volts for voltage channels,587008,0,-0.0058956282902269215,-7.860837720334529e-05,False,UNKNOWN_CHANNEL_METADATA_OR_UNIT;OFFICIAL_BAD:noise;NOT_NEURAL_CHANNEL,ALL_SAMPLES
sub-SD017_ses-01_task-PassiveListen,DC15,MISC,n/a,SI volts for voltage channels,587008,0,-7.860837720334529e-05,0.011398214694437763,False,UNKNOWN_CHANNEL_METADATA_OR_UNIT;OFFICIAL_BAD:noise;NOT_NEURAL_CHANNEL,ALL_SAMPLES
sub-SD017_ses-01_task-PassiveListen,DC16,MISC,n/a,SI volts for voltage channels,587008,0,-7.860837720334529e-05,0.015171416800182785,False,UNKNOWN_CHANNEL_METADATA_OR_UNIT;OFFICIAL_BAD:noise;NOT_NEURAL_CHANNEL,ALL_SAMPLES
sub-SD017_ses-01_task-PassiveListen,TRIG,TRIG,n/a,SI volts for voltage channels,587008,0,-7.860837720334529e-05,-7.860837720334529e-05,False,UNKNOWN_CHANNEL_METADATA_OR_UNIT;OFFICIAL_BAD:noise;NOT_NEURAL_CHANNEL;FLAT_EXACT,ALL_SAMPLES
sub-SD017_ses-01_task-PassiveListen,OSAT,MISC,n/a,SI volts for voltage channels,587008,0,0.0,0.0,False,UNKNOWN_CHANNEL_METADATA_OR_UNIT;OFFICIAL_BAD:noise;NOT_NEURAL_CHANNEL;FLAT_EXACT,ALL_SAMPLES
sub-SD017_ses-01_task-PassiveListen,PR,MISC,n/a,SI volts for voltage channels,587008,0,0.0,0.0,False,UNKNOWN_CHANNEL_METADATA_OR_UNIT;OFFICIAL_BAD:noise;NOT_NEURAL_CHANNEL;FLAT_EXACT,ALL_SAMPLES
sub-SD017_ses-01_task-PassiveListen,Pleth,UNKNOWN,UNKNOWN,SI volts for voltage channels,587008,0,0.03276699999976158,2144.9836531480278,False,UNKNOWN_CHANNEL_METADATA_OR_UNIT;NOT_NEURAL_CHANNEL,ALL_SAMPLES
sub-SD018_ses-01_task-PassiveListen,Macro 1,SEEG,uV,SI volts for voltage channels,1470016,0,-0.0010496798199435416,0.0015577051804379338,True,,ALL_SAMPLES
sub-SD018_ses-01_task-PassiveListen,Macro 2,SEEG,uV,SI volts for voltage channels,1470016,0,-0.0009537106126497292,0.0019990040283817804,True,,ALL_SAMPLES
sub-SD018_ses-01_task-PassiveListen,Macro 3,SEEG,uV,SI volts for voltage channels,1470016,0,-0.001031602517738613,0.0028980839703974972,True,,ALL_SAMPLES
sub-SD018_ses-01_task-PassiveListen,Macro 4,SEEG,uV,SI volts for voltage channels,1470016,0,-0.0009539764553292134,0.0019990040283817804,True,,ALL_SAMPLES
sub-SD018_ses-01_task-PassiveListen,Macro 5,SEEG,uV,SI volts for voltage channels,1470016,0,-0.0004145816586556802,0.0006400162508583199,True,,ALL_SAMPLES
sub-SD018_ses-01_task-PassiveListen,Macro 6,SEEG,uV,SI volts for voltage channels,1470016,0,-0.000548832211795224,0.0011203939726863506,True,,ALL_SAMPLES
sub-SD018_ses-01_task-PassiveListen,Macro 7,SEEG,uV,SI volts for voltage channels,1470016,0,-0.0002952182955672542,0.0001984515602349889,True,,ALL_SAMPLES
sub-SD018_ses-01_task-PassiveListen,LHSTG1,SEEG,uV,SI volts for voltage channels,1470016,0,-0.0038920697489890897,0.0031022511482413978,True,,ALL_SAMPLES
sub-SD018_ses-01_task-PassiveListen,LHSTG2,SEEG,uV,SI volts for voltage channels,1470016,0,-0.001536969451438163,0.0019684321202410923,True,,ALL_SAMPLES
sub-SD018_ses-01_task-PassiveListen,LHSTG3,SEEG,uV,SI volts for voltage channels,1470016,0,-0.001811850782024872,0.0008324863508049133,True,,ALL_SAMPLES
sub-SD018_ses-01_task-PassiveListen,LHSTG4,SEEG,uV,SI volts for voltage channels,1470016,0,-0.0015874795605401693,0.0006634104066529335,True,,ALL_SAMPLES
sub-SD018_ses-01_task-PassiveListen,LHSTG5,SEEG,uV,SI volts for voltage channels,1470016,0,-0.0014162768749523156,0.0006559668116273747,True,,ALL_SAMPLES
sub-SD018_ses-01_task-PassiveListen,LHSTG6,SEEG,uV,SI volts for voltage channels,1470016,0,-0.0009656735332265202,0.0005825942320897231,True,,ALL_SAMPLES
sub-SD018_ses-01_task-PassiveListen,LHSTG7,SEEG,uV,SI volts for voltage channels,1470016,0,-0.0006240656900892653,0.0006333701838712138,True,,ALL_SAMPLES
sub-SD018_ses-01_task-PassiveListen,LHSTG8,SEEG,uV,SI volts for voltage channels,1470016,0,-0.00044568525215533684,0.000530489066910811,True,,ALL_SAMPLES
sub-SD018_ses-01_task-PassiveListen,LHSTG9,SEEG,uV,SI volts for voltage channels,1470016,0,-0.0004007578393224995,0.000796331746395056,True,,ALL_SAMPLES
sub-SD018_ses-01_task-PassiveListen,LHSTG10,SEEG,uV,SI volts for voltage channels,1470016,0,-0.00041484750133516444,0.0007184398413061723,True,,ALL_SAMPLES
sub-SD018_ses-01_task-PassiveListen,LHSTG11,SEEG,uV,SI volts for voltage channels,1470016,0,-0.0004735987335011826,0.0007516701762417028,True,,ALL_SAMPLES
sub-SD018_ses-01_task-PassiveListen,LHSTG12,SEEG,uV,SI volts for voltage channels,1470016,0,-0.0005770115358205539,0.0009255312886243992,True,,ALL_SAMPLES
sub-SD018_ses-01_task-PassiveListen,LHSTG13,SEEG,uV,SI volts for voltage channels,1470016,0,-0.0005381985046158541,0.0009523813992523078,True,,ALL_SAMPLES
sub-SD018_ses-01_task-PassiveListen,LHSTG14,SEEG,uV,SI volts for voltage channels,1470016,0,-0.0004374441290913253,0.0009074539864194705,True,,ALL_SAMPLES
sub-SD018_ses-01_task-PassiveListen,LA1,SEEG,uV,SI volts for voltage channels,1470016,0,-0.000788622308690013,0.0005698337834744791,True,,ALL_SAMPLES
sub-SD018_ses-01_task-PassiveListen,LA2,SEEG,uV,SI volts for voltage channels,1470016,0,-0.0009656735332265202,0.0005881769283588921,True,,ALL_SAMPLES
sub-SD018_ses-01_task-PassiveListen,LA3,SEEG,uV,SI volts for voltage channels,1470016,0,-0.0008582730907148851,0.0006299142290379186,True,,ALL_SAMPLES
sub-SD018_ses-01_task-PassiveListen,LA4,SEEG,uV,SI volts for voltage channels,1470016,0,-0.0008766162355992981,0.0006463964751659418,True,,ALL_SAMPLES
sub-SD018_ses-01_task-PassiveListen,LA5,SEEG,uV,SI volts for voltage channels,1470016,0,-0.000768152422369726,0.0006961090562294957,True,,ALL_SAMPLES
sub-SD018_ses-01_task-PassiveListen,LA6,SEEG,uV,SI volts for voltage channels,1470016,0,-0.0006588910811017014,0.0007519360189211871,True,,ALL_SAMPLES
sub-SD018_ses-01_task-PassiveListen,LA7,SEEG,uV,SI volts for voltage channels,1470016,0,-0.0005405910887312124,0.0008582730907148851,True,,ALL_SAMPLES
sub-SD018_ses-01_task-PassiveListen,LA8,SEEG,uV,SI volts for voltage channels,1470016,0,-0.0004959295185778591,0.0008944276951247424,True,,ALL_SAMPLES
sub-SD018_ses-01_task-PassiveListen,LA9,SEEG,uV,SI volts for voltage channels,1470016,0,-0.0005546807507438773,0.0005964180514229037,True,,ALL_SAMPLES
sub-SD018_ses-01_task-PassiveListen,LA10,SEEG,uV,SI volts for voltage channels,1470016,0,-0.00045525558861676964,0.0006219389486533912,True,,ALL_SAMPLES
sub-SD018_ses-01_task-PassiveListen,LA11,SEEG,uV,SI volts for voltage channels,1470016,0,-0.0006275216449225605,0.001042502067597467,True,,ALL_SAMPLES
sub-SD018_ses-01_task-PassiveListen,LA12,SEEG,uV,SI volts for voltage channels,1470016,0,-0.0006455989471274891,0.0009786998245212481,True,,ALL_SAMPLES
sub-SD018_ses-01_task-PassiveListen,LA13,SEEG,uV,SI volts for voltage channels,1470016,0,-0.0007660256809338522,0.0011201281300068666,True,,ALL_SAMPLES
sub-SD018_ses-01_task-PassiveListen,LA14,SEEG,uV,SI volts for voltage channels,1470016,0,-0.0011137479056992446,0.0014713063096055542,True,,ALL_SAMPLES
sub-SD018_ses-01_task-PassiveListen,LA15,SEEG,uV,SI volts for voltage channels,1470016,0,-0.0012562395819028,0.0015736557412069886,True,,ALL_SAMPLES
sub-SD018_ses-01_task-PassiveListen,LA16,SEEG,uV,SI volts for voltage channels,1470016,0,-0.0011908422827496758,0.0014978905775539788,True,,ALL_SAMPLES
sub-SD018_ses-01_task-PassiveListen,LAC1,SEEG,uV,SI volts for voltage channels,1470016,0,-0.0005078924391546502,0.0004953978332188907,True,,ALL_SAMPLES
sub-SD018_ses-01_task-PassiveListen,LAC2,SEEG,uV,SI volts for voltage channels,1470016,0,-0.0003053203173876554,0.0006751074845502403,True,,ALL_SAMPLES
sub-SD018_ses-01_task-PassiveListen,LAC3,SEEG,uV,SI volts for voltage channels,1470016,0,-0.00030558616006713966,0.0005291598535133897,True,,ALL_SAMPLES
sub-SD018_ses-01_task-PassiveListen,LAC4,SEEG,uV,SI volts for voltage channels,1470016,0,-0.0003013326771953918,0.0003991627832455939,True,,ALL_SAMPLES
sub-SD018_ses-01_task-PassiveListen,LAC5,SEEG,uV,SI volts for voltage channels,1470016,0,-0.00030372526131074997,0.00038268053711757073,True,,ALL_SAMPLES
sub-SD018_ses-01_task-PassiveListen,LAC6,SEEG,uV,SI volts for voltage channels,1470016,0,-0.0003039911039902342,0.00037523694209201186,True,,ALL_SAMPLES
sub-SD018_ses-01_task-PassiveListen,LAC7,SEEG,uV,SI volts for voltage channels,1470016,0,-0.00030744705882352946,0.0003699200885023269,True,,ALL_SAMPLES
sub-SD018_ses-01_task-PassiveListen,LAC8,SEEG,uV,SI volts for voltage channels,1470016,0,-0.0003066495307850767,0.0003720468299382009,True,,ALL_SAMPLES
sub-SD018_ses-01_task-PassiveListen,LAC9,SEEG,uV,SI volts for voltage channels,1470016,0,-0.00030159851987487604,0.00038081963836118104,True,,ALL_SAMPLES
sub-SD018_ses-01_task-PassiveListen,LAC10,SEEG,uV,SI volts for voltage channels,1470016,0,-0.0003018643625543603,0.0004108598611429007,True,,ALL_SAMPLES
sub-SD018_ses-01_task-PassiveListen,LAC11,SEEG,uV,SI volts for voltage channels,1470016,0,-0.00030930795757991915,0.0004398367132066834,True,,ALL_SAMPLES
sub-SD018_ses-01_task-PassiveListen,LAC12,SEEG,uV,SI volts for voltage channels,1470016,0,-0.0003124980697337301,0.00047466210421911954,True,,ALL_SAMPLES
sub-SD018_ses-01_task-PassiveListen,LAC13,SEEG,uV,SI volts for voltage channels,1470016,0,-0.0003013326771953918,0.00046083828488593877,True,,ALL_SAMPLES
sub-SD018_ses-01_task-PassiveListen,LAC14,SEEG,uV,SI volts for voltage channels,1470016,0,-0.00034652593270771345,0.0005493638971541924,True,,ALL_SAMPLES
sub-SD018_ses-01_task-PassiveListen,LAC15,SEEG,uV,SI volts for voltage channels,1470016,0,-0.0003239293049515526,0.0006437380483710994,True,,ALL_SAMPLES
sub-SD018_ses-01_task-PassiveListen,LAC16,SEEG,uV,SI volts for voltage channels,1470016,0,-0.0003039911039902342,0.00038347806515602346,True,,ALL_SAMPLES
sub-SD018_ses-01_task-PassiveListen,LOF1,SEEG,uV,SI volts for voltage channels,1470016,0,-0.0005387301899748226,0.0003531719996948195,True,,ALL_SAMPLES
sub-SD018_ses-01_task-PassiveListen,LOF2,SEEG,uV,SI volts for voltage channels,1470016,0,-0.0005584025482566568,0.00032047335011825735,True,,ALL_SAMPLES
sub-SD018_ses-01_task-PassiveListen,LOF3,SEEG,uV,SI volts for voltage channels,1470016,0,-0.0003095738002594034,0.0007434290531776912,True,,ALL_SAMPLES
sub-SD018_ses-01_task-PassiveListen,LOF4,SEEG,uV,SI volts for voltage channels,1470016,0,-0.0003425382925154498,0.0008957569085221637,True,,ALL_SAMPLES
sub-SD018_ses-01_task-PassiveListen,LOF5,SEEG,uV,SI volts for voltage channels,1470016,0,-0.0003385506523231861,0.0008037753414206149,True,,ALL_SAMPLES
sub-SD018_ses-01_task-PassiveListen,LOF6,SEEG,uV,SI volts for voltage channels,1470016,0,-0.0003241951476310369,0.0007200348973830776,True,,ALL_SAMPLES
sub-SD018_ses-01_task-PassiveListen,LOF7,SEEG,uV,SI volts for voltage channels,1470016,0,-0.0003204733501182574,0.0006862728770885786,True,,ALL_SAMPLES
sub-SD018_ses-01_task-PassiveListen,LOF8,SEEG,uV,SI volts for voltage channels,1470016,0,-0.00032871447318226905,0.0006551692835889218,True,,ALL_SAMPLES
sub-SD018_ses-01_task-PassiveListen,LOF9,SEEG,uV,SI volts for voltage channels,1470016,0,-0.0003425382925154498,0.0006004056916151674,True,,ALL_SAMPLES
sub-SD018_ses-01_task-PassiveListen,LOF10,SEEG,uV,SI volts for voltage channels,1470016,0,-0.00033695559624628065,0.0005265014267185473,True,,ALL_SAMPLES
sub-SD018_ses-01_task-PassiveListen,LOF11,SEEG,uV,SI volts for voltage channels,1470016,0,-0.0003252585183489738,0.0004770546883344777,True,,ALL_SAMPLES
sub-SD018_ses-01_task-PassiveListen,LOF12,SEEG,uV,SI volts for voltage channels,1470016,0,-0.0003332337987335012,0.0004539263752193484,True,,ALL_SAMPLES
sub-SD018_ses-01_task-PassiveListen,LOF13,SEEG,uV,SI volts for voltage channels,1470016,0,-0.0003231317769130999,0.0004895492942702372,True,,ALL_SAMPLES
sub-SD018_ses-01_task-PassiveListen,LOF14,SEEG,uV,SI volts for voltage channels,1470016,0,-0.00032286593423361563,0.0004959295185778591,True,,ALL_SAMPLES
sub-SD018_ses-01_task-PassiveListen,LOF15,SEEG,uV,SI volts for voltage channels,1470016,0,-0.0017945710078583962,0.00022184571602960247,True,,ALL_SAMPLES
sub-SD018_ses-01_task-PassiveListen,LOF16,SEEG,uV,SI volts for voltage channels,1470016,0,-0.0003241951476310369,0.00042707626459143966,True,,ALL_SAMPLES
sub-SD018_ses-01_task-PassiveListen,C70,OTHER,uV,SI volts for voltage channels,1470016,0,-0.008711,0.008711,False,README_UNUSED_C_PREFIX;OFFICIAL_BAD:noise;NOT_NEURAL_CHANNEL,ALL_SAMPLES
sub-SD018_ses-01_task-PassiveListen,C71,OTHER,uV,SI volts for voltage channels,1470016,0,-0.008711,0.008711,False,README_UNUSED_C_PREFIX;OFFICIAL_BAD:noise;NOT_NEURAL_CHANNEL,ALL_SAMPLES
sub-SD018_ses-01_task-PassiveListen,C72,OTHER,uV,SI volts for voltage channels,1470016,0,-0.008711,0.008711,False,README_UNUSED_C_PREFIX;OFFICIAL_BAD:noise;NOT_NEURAL_CHANNEL,ALL_SAMPLES
sub-SD018_ses-01_task-PassiveListen,C73,OTHER,uV,SI volts for voltage channels,1470016,0,-0.008711,0.008711,False,README_UNUSED_C_PREFIX;OFFICIAL_BAD:noise;NOT_NEURAL_CHANNEL,ALL_SAMPLES
sub-SD018_ses-01_task-PassiveListen,C74,OTHER,uV,SI volts for voltage channels,1470016,0,-0.008711,0.008711,False,README_UNUSED_C_PREFIX;OFFICIAL_BAD:noise;NOT_NEURAL_CHANNEL,ALL_SAMPLES
sub-SD018_ses-01_task-PassiveListen,C75,OTHER,uV,SI volts for voltage channels,1470016,0,-0.008711,0.008711,False,README_UNUSED_C_PREFIX;OFFICIAL_BAD:noise;NOT_NEURAL_CHANNEL,ALL_SAMPLES
sub-SD018_ses-01_task-PassiveListen,C76,OTHER,uV,SI volts for voltage channels,1470016,0,-0.008711,0.008711,False,README_UNUSED_C_PREFIX;OFFICIAL_BAD:noise;NOT_NEURAL_CHANNEL,ALL_SAMPLES
sub-SD018_ses-01_task-PassiveListen,C77,OTHER,uV,SI volts for voltage channels,1470016,0,-0.008711,0.008711,False,README_UNUSED_C_PREFIX;OFFICIAL_BAD:noise;NOT_NEURAL_CHANNEL,ALL_SAMPLES
sub-SD018_ses-01_task-PassiveListen,C78,OTHER,uV,SI volts for voltage channels,1470016,0,-0.008711,0.008711,False,README_UNUSED_C_PREFIX;OFFICIAL_BAD:noise;NOT_NEURAL_CHANNEL,ALL_SAMPLES
sub-SD018_ses-01_task-PassiveListen,C79,OTHER,uV,SI volts for voltage channels,1470016,0,-0.008711,0.008711,False,README_UNUSED_C_PREFIX;OFFICIAL_BAD:noise;NOT_NEURAL_CHANNEL,ALL_SAMPLES
sub-SD018_ses-01_task-PassiveListen,C80,OTHER,uV,SI volts for voltage channels,1470016,0,-0.008711,0.008711,False,README_UNUSED_C_PREFIX;OFFICIAL_BAD:noise;NOT_NEURAL_CHANNEL,ALL_SAMPLES
sub-SD018_ses-01_task-PassiveListen,C81,OTHER,uV,SI volts for voltage channels,1470016,0,-0.008711,0.008711,False,README_UNUSED_C_PREFIX;OFFICIAL_BAD:noise;NOT_NEURAL_CHANNEL,ALL_SAMPLES
sub-SD018_ses-01_task-PassiveListen,C82,OTHER,uV,SI volts for voltage channels,1470016,0,-0.008711,0.008711,False,README_UNUSED_C_PREFIX;OFFICIAL_BAD:noise;NOT_NEURAL_CHANNEL,ALL_SAMPLES
sub-SD018_ses-01_task-PassiveListen,C83,OTHER,uV,SI volts for voltage channels,1470016,0,-0.008711,0.008711,False,README_UNUSED_C_PREFIX;OFFICIAL_BAD:noise;NOT_NEURAL_CHANNEL,ALL_SAMPLES
sub-SD018_ses-01_task-PassiveListen,C84,OTHER,uV,SI volts for voltage channels,1470016,0,-0.008711,0.008711,False,README_UNUSED_C_PREFIX;OFFICIAL_BAD:noise;NOT_NEURAL_CHANNEL,ALL_SAMPLES
sub-SD018_ses-01_task-PassiveListen,C85,OTHER,uV,SI volts for voltage channels,1470016,0,-0.008711,0.008711,False,README_UNUSED_C_PREFIX;OFFICIAL_BAD:noise;NOT_NEURAL_CHANNEL,ALL_SAMPLES
sub-SD018_ses-01_task-PassiveListen,ROF1,SEEG,uV,SI volts for voltage channels,1470016,0,-0.00035343784237430384,0.000979763195239185,True,,ALL_SAMPLES
sub-SD018_ses-01_task-PassiveListen,ROF2,SEEG,uV,SI volts for voltage channels,1470016,0,-0.0003263218890669108,0.0008832623025864042,True,,ALL_SAMPLES
sub-SD018_ses-01_task-PassiveListen,ROF3,SEEG,uV,SI volts for voltage channels,1470016,0,-0.0003212708781567102,0.0007737351186388952,True,,ALL_SAMPLES
sub-SD018_ses-01_task-PassiveListen,ROF4,SEEG,uV,SI volts for voltage channels,1470016,0,-0.0003186124513618677,0.0007117937743190661,True,,ALL_SAMPLES
sub-SD018_ses-01_task-PassiveListen,ROF5,SEEG,uV,SI volts for voltage channels,1470016,0,-0.0003164857099259938,0.0006753733272297245,True,,ALL_SAMPLES
sub-SD018_ses-01_task-PassiveListen,ROF6,SEEG,uV,SI volts for voltage channels,1470016,0,-0.00031223222705424586,0.0006179513084611276,True,,ALL_SAMPLES
sub-SD018_ses-01_task-PassiveListen,ROF7,SEEG,uV,SI volts for voltage channels,1470016,0,-0.0003069153734645609,0.0005552124361028458,True,,ALL_SAMPLES
sub-SD018_ses-01_task-PassiveListen,ROF8,SEEG,uV,SI volts for voltage channels,1470016,0,-0.0002954841382467384,0.0005025755855649652,True,,ALL_SAMPLES
sub-SD018_ses-01_task-PassiveListen,ROF9,SEEG,uV,SI volts for voltage channels,1470016,0,-0.00028511627374685285,0.0005219821011673151,True,,ALL_SAMPLES
sub-SD018_ses-01_task-PassiveListen,ROF10,SEEG,uV,SI volts for voltage channels,1470016,0,-0.00028458458838788437,0.0004839665980010681,True,,ALL_SAMPLES
sub-SD018_ses-01_task-PassiveListen,ROF11,SEEG,uV,SI volts for voltage channels,1470016,0,-0.0002548102082856489,0.0004435585107194628,True,,ALL_SAMPLES
sub-SD018_ses-01_task-PassiveListen,ROF12,SEEG,uV,SI volts for voltage channels,1470016,0,-0.00026517807278553446,0.0005767456931410696,True,,ALL_SAMPLES
sub-SD018_ses-01_task-PassiveListen,ROF13,SEEG,uV,SI volts for voltage channels,1470016,0,-0.0002500250400549325,0.00021147785152971692,True,,ALL_SAMPLES
sub-SD018_ses-01_task-PassiveListen,ROF14,SEEG,uV,SI volts for voltage channels,1470016,0,-0.0003433358205539025,0.00031037132829785606,True,,ALL_SAMPLES
sub-SD018_ses-01_task-PassiveListen,ROF15,SEEG,uV,SI volts for voltage channels,1470016,0,-0.0005089558098725871,0.0004852958113984893,True,,ALL_SAMPLES
sub-SD018_ses-01_task-PassiveListen,ROF16,SEEG,uV,SI volts for voltage channels,1470016,0,-0.0005206528877698939,0.0005796699626153964,True,,ALL_SAMPLES
sub-SD018_ses-01_task-PassiveListen,RAC1,SEEG,uV,SI volts for voltage channels,1470016,0,-0.00030239604791332876,0.0005020439002059967,True,,ALL_SAMPLES
sub-SD018_ses-01_task-PassiveListen,RAC2,SEEG,uV,SI volts for voltage channels,1470016,0,-0.00030372526131074997,0.00045366053253986414,True,,ALL_SAMPLES
sub-SD018_ses-01_task-PassiveListen,RAC3,SEEG,uV,SI volts for voltage channels,1470016,0,-0.0002875088578622111,0.00043186143282215606,True,,ALL_SAMPLES
sub-SD018_ses-01_task-PassiveListen,RAC4,SEEG,uV,SI volts for voltage channels,1470016,0,-0.00028352121766994735,0.0004119232318608377,True,,ALL_SAMPLES
sub-SD018_ses-01_task-PassiveListen,RAC5,SEEG,uV,SI volts for voltage channels,1470016,0,-0.00028830638590066375,0.000407935591668574,True,,ALL_SAMPLES
sub-SD018_ses-01_task-PassiveListen,RAC6,SEEG,uV,SI volts for voltage channels,1470016,0,-0.00029123065537499046,0.0004044796368352788,True,,ALL_SAMPLES
sub-SD018_ses-01_task-PassiveListen,RAC7,SEEG,uV,SI volts for voltage channels,1470016,0,-0.00030372526131074997,0.00040580885023270007,True,,ALL_SAMPLES
sub-SD018_ses-01_task-PassiveListen,RAC8,SEEG,uV,SI volts for voltage channels,1470016,0,-0.0003119663843747616,0.0003973018844892042,True,,ALL_SAMPLES
sub-SD018_ses-01_task-PassiveListen,RAC9,SEEG,uV,SI volts for voltage channels,1470016,0,-0.0003226000915541314,0.00043186143282215606,True,,ALL_SAMPLES
sub-SD018_ses-01_task-PassiveListen,RAC10,SEEG,uV,SI volts for voltage channels,1470016,0,-0.00034120907911802857,0.00041936682688639655,True,,ALL_SAMPLES
sub-SD018_ses-01_task-PassiveListen,RAC11,SEEG,uV,SI volts for voltage channels,1470016,0,-0.00034174076447699705,0.000423088624399176,True,,ALL_SAMPLES
sub-SD018_ses-01_task-PassiveListen,RAC12,SEEG,uV,SI volts for voltage channels,1470016,0,-0.0003661982909895476,0.00039863109788662544,True,,ALL_SAMPLES
sub-SD018_ses-01_task-PassiveListen,RAC13,SEEG,uV,SI volts for voltage channels,1470016,0,-0.00033722143892576484,0.0003707176165407797,True,,ALL_SAMPLES
sub-SD018_ses-01_task-PassiveListen,RAC14,SEEG,uV,SI volts for voltage channels,1470016,0,-0.0005770115358205539,0.0002526834668497749,True,,ALL_SAMPLES
sub-SD018_ses-01_task-PassiveListen,RAC15,SEEG,uV,SI volts for voltage channels,1470016,0,-0.008711,0.008711,True,,ALL_SAMPLES
sub-SD018_ses-01_task-PassiveListen,RAC16,SEEG,uV,SI volts for voltage channels,1470016,0,-0.008711,0.00033163874265659566,True,,ALL_SAMPLES
sub-SD018_ses-01_task-PassiveListen,RPC1,SEEG,uV,SI volts for voltage channels,1470016,0,-0.00044435603875791563,0.00028485043106736855,True,,ALL_SAMPLES
sub-SD018_ses-01_task-PassiveListen,RPC2,SEEG,uV,SI volts for voltage channels,1470016,0,-0.00039623851377126727,0.0015098534981307697,True,,ALL_SAMPLES
sub-SD018_ses-01_task-PassiveListen,RPC3,SEEG,uV,SI volts for voltage channels,1470016,0,-0.0003856048065918975,0.00048370075532158386,True,,ALL_SAMPLES
sub-SD018_ses-01_task-PassiveListen,RPC4,SEEG,uV,SI volts for voltage channels,1470016,0,-0.0002779385214007782,0.0002609245899137865,True,,ALL_SAMPLES
sub-SD018_ses-01_task-PassiveListen,RPC5,SEEG,uV,SI volts for voltage channels,1470016,0,-0.0002659756008239872,0.0002165288624399176,True,,ALL_SAMPLES
sub-SD018_ses-01_task-PassiveListen,RPC6,SEEG,uV,SI volts for voltage channels,1470016,0,-0.00025268346684977495,0.00021759223315785455,True,,ALL_SAMPLES
sub-SD018_ses-01_task-PassiveListen,RPC7,SEEG,uV,SI volts for voltage channels,1470016,0,-0.0002566711070420386,0.00022583335622186615,True,,ALL_SAMPLES
sub-SD018_ses-01_task-PassiveListen,RPC8,SEEG,uV,SI volts for voltage channels,1470016,0,-0.0002465690852216373,0.0002085535820553902,True,,ALL_SAMPLES
sub-SD018_ses-01_task-PassiveListen,RPC9,SEEG,uV,SI volts for voltage channels,1470016,0,-0.0002455057145037003,0.00021546549172198057,True,,ALL_SAMPLES
sub-SD018_ses-01_task-PassiveListen,RPC10,SEEG,uV,SI volts for voltage channels,1470016,0,-0.00026092458991378655,0.00019871740291447314,True,,ALL_SAMPLES
sub-SD018_ses-01_task-PassiveListen,RPC11,SEEG,uV,SI volts for voltage channels,1470016,0,-0.0002436448157473106,0.0002189214465552758,True,,ALL_SAMPLES
sub-SD018_ses-01_task-PassiveListen,RPC12,SEEG,uV,SI volts for voltage channels,1470016,0,-0.00025853200579842837,0.0004169742427710383,True,,ALL_SAMPLES
sub-SD018_ses-01_task-PassiveListen,RPC13,SEEG,uV,SI volts for voltage channels,1470016,0,-0.0003021302052338445,0.00023779627679865715,True,,ALL_SAMPLES
sub-SD018_ses-01_task-PassiveListen,RPC14,SEEG,uV,SI volts for voltage channels,1470016,0,-0.000262519645990692,0.0002558735790035858,True,,ALL_SAMPLES
sub-SD018_ses-01_task-PassiveListen,RHT1,SEEG,uV,SI volts for voltage channels,1470016,0,-0.0003539695277332723,0.00048742255283436324,True,,ALL_SAMPLES
sub-SD018_ses-01_task-PassiveListen,RHT2,SEEG,uV,SI volts for voltage channels,1470016,0,-0.0013880975509269855,0.0007652281528953993,True,,ALL_SAMPLES
sub-SD018_ses-01_task-PassiveListen,RHT3,SEEG,uV,SI volts for voltage channels,1470016,0,-0.0021473442435339892,0.002756389822232395,True,,ALL_SAMPLES
sub-SD018_ses-01_task-PassiveListen,RHT4,SEEG,uV,SI volts for voltage channels,1470016,0,-0.0021821696345464257,0.003884891996643015,True,,ALL_SAMPLES
sub-SD018_ses-01_task-PassiveListen,RHT5,SEEG,uV,SI volts for voltage channels,1470016,0,-0.00038028795300221256,0.001415745189593347,True,,ALL_SAMPLES
sub-SD018_ses-01_task-PassiveListen,RHT6,SEEG,uV,SI volts for voltage channels,1470016,0,-0.0004964612039368277,0.0007168447852292667,True,,ALL_SAMPLES
sub-SD018_ses-01_task-PassiveListen,RHT7,SEEG,uV,SI volts for voltage channels,1470016,0,-0.0003550328984512093,0.0007288077058060577,True,,ALL_SAMPLES
sub-SD018_ses-01_task-PassiveListen,RHT8,SEEG,uV,SI volts for voltage channels,1470016,0,-0.0003848072785534447,0.0007904832074464025,True,,ALL_SAMPLES
sub-SD018_ses-01_task-PassiveListen,RHT9,SEEG,uV,SI volts for voltage channels,1470016,0,-0.0004930052491035324,0.0009327090409704737,True,,ALL_SAMPLES
sub-SD018_ses-01_task-PassiveListen,RHT10,SEEG,uV,SI volts for voltage channels,1470016,0,-0.000581530861371786,0.0010520724040588997,True,,ALL_SAMPLES
sub-SD018_ses-01_task-PassiveListen,RHT11,SEEG,uV,SI volts for voltage channels,1470016,0,-0.0006979699549858854,0.0011225207141222246,True,,ALL_SAMPLES
sub-SD018_ses-01_task-PassiveListen,RHT12,SEEG,uV,SI volts for voltage channels,1470016,0,-0.0007819762417029069,0.0011823353170061798,True,,ALL_SAMPLES
sub-SD018_ses-01_task-PassiveListen,RHT13,SEEG,uV,SI volts for voltage channels,1470016,0,-0.0006897288319218739,0.0010353243152513923,True,,ALL_SAMPLES
sub-SD018_ses-01_task-PassiveListen,RHT14,SEEG,uV,SI volts for voltage channels,1470016,0,-0.0006915897306782635,0.001034792629892424,True,,ALL_SAMPLES
sub-SD018_ses-01_task-PassiveListen,RHBMTG1,SEEG,uV,SI volts for voltage channels,1470016,0,-0.00026039290455481806,0.0003327021133745326,True,,ALL_SAMPLES
sub-SD018_ses-01_task-PassiveListen,RHBMTG2,SEEG,uV,SI volts for voltage channels,1470016,0,-0.00033881649500267034,0.00045711648737315933,True,,ALL_SAMPLES
sub-SD018_ses-01_task-PassiveListen,RHBMTG3,SEEG,uV,SI volts for voltage channels,1470016,0,-0.0005802016479743648,0.0014912445105668725,True,,ALL_SAMPLES
sub-SD018_ses-01_task-PassiveListen,RHBMTG4,SEEG,uV,SI volts for voltage channels,1470016,0,-0.0006788292820630198,0.0017294395513847561,True,,ALL_SAMPLES
sub-SD018_ses-01_task-PassiveListen,RHBMTG5,SEEG,uV,SI volts for voltage channels,1470016,0,-0.0014630651865415428,0.0022244386205844207,True,,ALL_SAMPLES
sub-SD018_ses-01_task-PassiveListen,RHBMTG6,SEEG,uV,SI volts for voltage channels,1470016,0,-0.0017049820248722057,0.0017600114595254443,True,,ALL_SAMPLES
sub-SD018_ses-01_task-PassiveListen,RHBMTG7,SEEG,uV,SI volts for voltage channels,1470016,0,-0.001390755977721828,0.0008303596093690393,True,,ALL_SAMPLES
sub-SD018_ses-01_task-PassiveListen,RHBMTG8,SEEG,uV,SI volts for voltage channels,1470016,0,-0.000735453772793164,0.0008314229800869764,True,,ALL_SAMPLES
sub-SD018_ses-01_task-PassiveListen,RHBMTG9,SEEG,uV,SI volts for voltage channels,1470016,0,-0.00046243334096284427,0.000811484779125658,True,,ALL_SAMPLES
sub-SD018_ses-01_task-PassiveListen,RHBMTG10,SEEG,uV,SI volts for voltage channels,1470016,0,-0.000448077836270695,0.0008510953383688105,True,,ALL_SAMPLES
sub-SD018_ses-01_task-PassiveListen,RHBMTG11,SEEG,uV,SI volts for voltage channels,1470016,0,-0.0005639852445258259,0.0009603566796368352,True,,ALL_SAMPLES
sub-SD018_ses-01_task-PassiveListen,RHBMTG12,SEEG,uV,SI volts for voltage channels,1470016,0,-0.0006344335545891509,0.0010547308308537422,True,,ALL_SAMPLES
sub-SD018_ses-01_task-PassiveListen,RHBMTG13,SEEG,uV,SI volts for voltage channels,1470016,0,-0.000691058045319295,0.0008173333180743113,True,,ALL_SAMPLES
sub-SD018_ses-01_task-PassiveListen,RHBMTG14,SEEG,uV,SI volts for voltage channels,1470016,0,-0.0009063906157015335,0.0007487459067673761,True,,ALL_SAMPLES
sub-SD018_ses-01_task-PassiveListen,RHBMTG15,SEEG,uV,SI volts for voltage channels,1470016,0,-0.0005905695124742504,0.0005653144579232471,True,,ALL_SAMPLES
sub-SD018_ses-01_task-PassiveListen,RHBMTG16,SEEG,uV,SI volts for voltage channels,1470016,0,-0.0006495865873197529,0.0005974814221408407,True,,ALL_SAMPLES
sub-SD018_ses-01_task-PassiveListen,RHHSTG1,SEEG,uV,SI volts for voltage channels,1470016,0,-0.003249527992675669,0.0037259180743114363,True,,ALL_SAMPLES
sub-SD018_ses-01_task-PassiveListen,RHHSTG2,SEEG,uV,SI volts for voltage channels,1470016,0,-0.003762604364080262,0.0029044641947051195,True,,ALL_SAMPLES
sub-SD018_ses-01_task-PassiveListen,RHHSTG3,SEEG,uV,SI volts for voltage channels,1470016,0,-0.003477886854352636,0.0019296190890363927,True,,ALL_SAMPLES
sub-SD018_ses-01_task-PassiveListen,RHHSTG4,SEEG,uV,SI volts for voltage channels,1470016,0,-0.0027579848783093,0.0014463170977340352,True,,ALL_SAMPLES
sub-SD018_ses-01_task-PassiveListen,RHHSTG5,SEEG,uV,SI volts for voltage channels,1470016,0,-0.0018737921263447012,0.0009989038681620507,True,,ALL_SAMPLES
sub-SD018_ses-01_task-PassiveListen,RHHSTG6,SEEG,uV,SI volts for voltage channels,1470016,0,-0.0014736988937209124,0.0007418339971007858,True,,ALL_SAMPLES
sub-SD018_ses-01_task-PassiveListen,RHHSTG7,SEEG,uV,SI volts for voltage channels,1470016,0,-0.0007553919737544823,0.000730136919203479,True,,ALL_SAMPLES
sub-SD018_ses-01_task-PassiveListen,RHHSTG8,SEEG,uV,SI volts for voltage channels,1470016,0,-0.0005403252460517281,0.0007168447852292667,True,,ALL_SAMPLES
sub-SD018_ses-01_task-PassiveListen,RHHSTG9,SEEG,uV,SI volts for voltage channels,1470016,0,-0.0005169310902571145,0.0007075402914473181,True,,ALL_SAMPLES
sub-SD018_ses-01_task-PassiveListen,RHHSTG10,SEEG,uV,SI volts for voltage channels,1470016,0,-0.0005193236743724727,0.0007048818646524758,True,,ALL_SAMPLES
sub-SD018_ses-01_task-PassiveListen,RHHSTG11,SEEG,uV,SI volts for voltage channels,1470016,0,-0.0007253517509727627,0.0008292962386511023,True,,ALL_SAMPLES
sub-SD018_ses-01_task-PassiveListen,RHHSTG12,SEEG,uV,SI volts for voltage channels,1470016,0,-0.0008154724193179218,0.0006594227664606699,True,,ALL_SAMPLES
sub-SD018_ses-01_task-PassiveListen,RHHSTG13,SEEG,uV,SI volts for voltage channels,1470016,0,-0.0006979699549858854,0.000991460273136492,True,,ALL_SAMPLES
sub-SD018_ses-01_task-PassiveListen,RHHSTG14,SEEG,uV,SI volts for voltage channels,1470016,0,-0.0005435153582055391,0.00040660637827115274,True,,ALL_SAMPLES
sub-SD018_ses-01_task-PassiveListen,RHHSTG15,SEEG,uV,SI volts for voltage channels,1470016,0,-0.0005437812008850233,0.0004916760357061112,True,,ALL_SAMPLES
sub-SD018_ses-01_task-PassiveListen,RHHSTG16,SEEG,uV,SI volts for voltage channels,1470016,0,-0.0005626560311284047,0.0005145385061417563,True,,ALL_SAMPLES
sub-SD018_ses-01_task-PassiveListen,RA1,SEEG,uV,SI volts for voltage channels,1470016,0,-0.0004975245746547646,0.0004852958113984893,True,,ALL_SAMPLES
sub-SD018_ses-01_task-PassiveListen,RA2,SEEG,uV,SI volts for voltage channels,1470016,0,-0.0013532721599145495,0.0015414887769893948,True,,ALL_SAMPLES
sub-SD018_ses-01_task-PassiveListen,RA3,SEEG,uV,SI volts for voltage channels,1470016,0,-0.0014226570992599374,0.0012828238498512243,True,,ALL_SAMPLES
sub-SD018_ses-01_task-PassiveListen,RA4,SEEG,uV,SI volts for voltage channels,1470016,0,-0.002232413900968948,0.0019173903257801174,True,,ALL_SAMPLES
sub-SD018_ses-01_task-PassiveListen,RA5,SEEG,uV,SI volts for voltage channels,1470016,0,-0.0017762278629739833,0.0018065339284351874,True,,ALL_SAMPLES
sub-SD018_ses-01_task-PassiveListen,RA6,SEEG,uV,SI volts for voltage channels,1470016,0,-0.0010132593728542,0.0013522087891966125,True,,ALL_SAMPLES
sub-SD018_ses-01_task-PassiveListen,RA7,SEEG,uV,SI volts for voltage channels,1470016,0,-0.0007285418631265736,0.0007580504005493247,True,,ALL_SAMPLES
sub-SD018_ses-01_task-PassiveListen,RA8,SEEG,uV,SI volts for voltage channels,1470016,0,-0.0005942913099870298,0.0012397573357747767,True,,ALL_SAMPLES
sub-SD018_ses-01_task-PassiveListen,RA9,SEEG,uV,SI volts for voltage channels,1470016,0,-0.0006004056916151674,0.001058718471046006,True,,ALL_SAMPLES
sub-SD018_ses-01_task-PassiveListen,RA10,SEEG,uV,SI volts for voltage channels,1470016,0,-0.000623799847409781,0.0010209688105592431,True,,ALL_SAMPLES
sub-SD018_ses-01_task-PassiveListen,RA11,SEEG,uV,SI volts for voltage channels,1470016,0,-0.000623799847409781,0.0012137047531853209,True,,ALL_SAMPLES
sub-SD018_ses-01_task-PassiveListen,RA12,SEEG,uV,SI volts for voltage channels,1470016,0,-0.0007120596169985504,0.0013787930571450369,True,,ALL_SAMPLES
sub-SD018_ses-01_task-PassiveListen,RA13,SEEG,uV,SI volts for voltage channels,1470016,0,-0.0007742668039978637,0.0013535380025940338,True,,ALL_SAMPLES
sub-SD018_ses-01_task-PassiveListen,RA14,SEEG,uV,SI volts for voltage channels,1470016,0,-0.0007716083772030212,0.001128369253070878,True,,ALL_SAMPLES
sub-SD018_ses-01_task-PassiveListen,Fp1,EEG,uV,SI volts for voltage channels,1470016,0,-0.0005985447928587778,0.0005145385061417563,False,OFFICIAL_BAD:noise,ALL_SAMPLES
sub-SD018_ses-01_task-PassiveListen,F7,EEG,uV,SI volts for voltage channels,1470016,0,-0.000747416693369955,0.0004002261539635309,False,OFFICIAL_BAD:noise,ALL_SAMPLES
sub-SD018_ses-01_task-PassiveListen,T3,EEG,uV,SI volts for voltage channels,1470016,0,-0.00034120907911802857,0.00031037132829785606,False,OFFICIAL_BAD:noise,ALL_SAMPLES
sub-SD018_ses-01_task-PassiveListen,T5,EEG,uV,SI volts for voltage channels,1470016,0,-0.0003592863813229572,0.0003534378423743038,False,OFFICIAL_BAD:noise,ALL_SAMPLES
sub-SD018_ses-01_task-PassiveListen,A1,EEG,uV,SI volts for voltage channels,1470016,0,-0.008711,0.008711,False,OFFICIAL_BAD:noise,ALL_SAMPLES
sub-SD018_ses-01_task-PassiveListen,F3,EEG,uV,SI volts for voltage channels,1470016,0,-0.0004470144655527581,0.0003034594186312657,False,OFFICIAL_BAD:noise,ALL_SAMPLES
sub-SD018_ses-01_task-PassiveListen,C3,EEG,uV,SI volts for voltage channels,1470016,0,-0.00024018886091401544,0.00041989851224536503,False,README_UNUSED_C_PREFIX;OFFICIAL_BAD:noise,ALL_SAMPLES
sub-SD018_ses-01_task-PassiveListen,P3,EEG,uV,SI volts for voltage channels,1470016,0,-0.0002417839169909209,0.00017319650568398563,False,OFFICIAL_BAD:noise,ALL_SAMPLES
sub-SD018_ses-01_task-PassiveListen,O1,EEG,uV,SI volts for voltage channels,1470016,0,-0.000776659388113222,0.0005653144579232471,False,OFFICIAL_BAD:noise,ALL_SAMPLES
sub-SD018_ses-01_task-PassiveListen,Fz,EEG,uV,SI volts for voltage channels,1470016,0,-0.007702392874036774,0.0003858706492713817,False,OFFICIAL_BAD:noise,ALL_SAMPLES
sub-SD018_ses-01_task-PassiveListen,Cz,EEG,uV,SI volts for voltage channels,1470016,0,-0.0002619879606317235,0.00030133267719539174,False,README_UNUSED_C_PREFIX;OFFICIAL_BAD:noise,ALL_SAMPLES
sub-SD018_ses-01_task-PassiveListen,Pz,EEG,uV,SI volts for voltage channels,1470016,0,-0.00022796009765774016,0.00017984257267109174,False,OFFICIAL_BAD:noise,ALL_SAMPLES
sub-SD018_ses-01_task-PassiveListen,Fp2,EEG,uV,SI volts for voltage channels,1470016,0,-0.0005631877164873732,0.0004993854734111542,False,OFFICIAL_BAD:noise,ALL_SAMPLES
sub-SD018_ses-01_task-PassiveListen,F8,EEG,uV,SI volts for voltage channels,1470016,0,-0.0003451967193102922,0.0022297554741741053,False,OFFICIAL_BAD:noise,ALL_SAMPLES
sub-SD018_ses-01_task-PassiveListen,T4,EEG,uV,SI volts for voltage channels,1470016,0,-0.0005209187304493783,0.00029920593575951776,False,OFFICIAL_BAD:noise,ALL_SAMPLES
sub-SD018_ses-01_task-PassiveListen,T6,EEG,uV,SI volts for voltage channels,1470016,0,-0.00030744705882352946,0.00021307290760662237,False,OFFICIAL_BAD:noise,ALL_SAMPLES
sub-SD018_ses-01_task-PassiveListen,A2,EEG,uV,SI volts for voltage channels,1470016,0,-0.008711,0.008711,False,OFFICIAL_BAD:noise,ALL_SAMPLES
sub-SD018_ses-01_task-PassiveListen,F4,EEG,uV,SI volts for voltage channels,1470016,0,-0.000693184786755169,0.00032339761959258406,False,OFFICIAL_BAD:noise,ALL_SAMPLES
sub-SD018_ses-01_task-PassiveListen,C4,EEG,uV,SI volts for voltage channels,1470016,0,-0.008711,0.008711,False,README_UNUSED_C_PREFIX;OFFICIAL_BAD:noise,ALL_SAMPLES
sub-SD018_ses-01_task-PassiveListen,P4,EEG,uV,SI volts for voltage channels,1470016,0,-0.0008106872510872053,0.0003305753719386587,False,OFFICIAL_BAD:noise,ALL_SAMPLES
sub-SD018_ses-01_task-PassiveListen,O2,EEG,uV,SI volts for voltage channels,1470016,0,-0.00027740683604180974,0.00022982099641412983,False,OFFICIAL_BAD:noise,ALL_SAMPLES
sub-SD018_ses-01_task-PassiveListen,EKG2,ECG,uV,SI volts for voltage channels,1470016,0,-0.002493737254901961,0.0033938805676356145,False,NOT_NEURAL_CHANNEL,ALL_SAMPLES
sub-SD018_ses-01_task-PassiveListen,EKG4,ECG,uV,SI volts for voltage channels,1470016,0,-0.001837637521934844,0.00402047176317998,False,NOT_NEURAL_CHANNEL,ALL_SAMPLES
sub-SD018_ses-01_task-PassiveListen,C215,OTHER,uV,SI volts for voltage channels,1470016,0,1.3292133974209717e-07,0.008711,False,README_UNUSED_C_PREFIX;OFFICIAL_BAD:noise;NOT_NEURAL_CHANNEL,ALL_SAMPLES
sub-SD018_ses-01_task-PassiveListen,C216,OTHER,uV,SI volts for voltage channels,1470016,0,1.3292133974209717e-07,0.008711,False,README_UNUSED_C_PREFIX;OFFICIAL_BAD:noise;NOT_NEURAL_CHANNEL,ALL_SAMPLES
sub-SD018_ses-01_task-PassiveListen,C217,OTHER,uV,SI volts for voltage channels,1470016,0,1.3292133974209717e-07,0.008711,False,README_UNUSED_C_PREFIX;OFFICIAL_BAD:noise;NOT_NEURAL_CHANNEL,ALL_SAMPLES
sub-SD018_ses-01_task-PassiveListen,C218,OTHER,uV,SI volts for voltage channels,1470016,0,1.3292133974209717e-07,0.008711,False,README_UNUSED_C_PREFIX;OFFICIAL_BAD:noise;NOT_NEURAL_CHANNEL,ALL_SAMPLES
sub-SD018_ses-01_task-PassiveListen,C219,OTHER,uV,SI volts for voltage channels,1470016,0,1.3292133974209717e-07,0.008711,False,README_UNUSED_C_PREFIX;OFFICIAL_BAD:noise;NOT_NEURAL_CHANNEL,ALL_SAMPLES
sub-SD018_ses-01_task-PassiveListen,C220,OTHER,uV,SI volts for voltage channels,1470016,0,1.3292133974209717e-07,0.008711,False,README_UNUSED_C_PREFIX;OFFICIAL_BAD:noise;NOT_NEURAL_CHANNEL,ALL_SAMPLES
sub-SD018_ses-01_task-PassiveListen,C221,OTHER,uV,SI volts for voltage channels,1470016,0,1.3292133974209717e-07,0.008711,False,README_UNUSED_C_PREFIX;OFFICIAL_BAD:noise;NOT_NEURAL_CHANNEL,ALL_SAMPLES
sub-SD018_ses-01_task-PassiveListen,C222,OTHER,uV,SI volts for voltage channels,1470016,0,1.3292133974209717e-07,0.008711,False,README_UNUSED_C_PREFIX;OFFICIAL_BAD:noise;NOT_NEURAL_CHANNEL,ALL_SAMPLES
sub-SD018_ses-01_task-PassiveListen,C223,OTHER,uV,SI volts for voltage channels,1470016,0,1.3292133974209717e-07,0.008711,False,README_UNUSED_C_PREFIX;OFFICIAL_BAD:noise;NOT_NEURAL_CHANNEL,ALL_SAMPLES
sub-SD018_ses-01_task-PassiveListen,C224,OTHER,uV,SI volts for voltage channels,1470016,0,1.3292133974209717e-07,0.008711,False,README_UNUSED_C_PREFIX;OFFICIAL_BAD:noise;NOT_NEURAL_CHANNEL,ALL_SAMPLES
sub-SD018_ses-01_task-PassiveListen,C225,OTHER,uV,SI volts for voltage channels,1470016,0,1.3292133974209717e-07,0.008711,False,README_UNUSED_C_PREFIX;OFFICIAL_BAD:noise;NOT_NEURAL_CHANNEL,ALL_SAMPLES
sub-SD018_ses-01_task-PassiveListen,C226,OTHER,uV,SI volts for voltage channels,1470016,0,1.3292133974209717e-07,0.008711,False,README_UNUSED_C_PREFIX;OFFICIAL_BAD:noise;NOT_NEURAL_CHANNEL,ALL_SAMPLES
sub-SD018_ses-01_task-PassiveListen,C227,OTHER,uV,SI volts for voltage channels,1470016,0,1.3292133974209717e-07,0.008711,False,README_UNUSED_C_PREFIX;OFFICIAL_BAD:noise;NOT_NEURAL_CHANNEL,ALL_SAMPLES
sub-SD018_ses-01_task-PassiveListen,C228,OTHER,uV,SI volts for voltage channels,1470016,0,1.3292133974209717e-07,0.008711,False,README_UNUSED_C_PREFIX;OFFICIAL_BAD:noise;NOT_NEURAL_CHANNEL,ALL_SAMPLES
sub-SD018_ses-01_task-PassiveListen,C229,OTHER,uV,SI volts for voltage channels,1470016,0,1.3292133974209717e-07,0.008711,False,README_UNUSED_C_PREFIX;OFFICIAL_BAD:noise;NOT_NEURAL_CHANNEL,ALL_SAMPLES
sub-SD018_ses-01_task-PassiveListen,C230,OTHER,uV,SI volts for voltage channels,1470016,0,1.3292133974209717e-07,0.008711,False,README_UNUSED_C_PREFIX;OFFICIAL_BAD:noise;NOT_NEURAL_CHANNEL,ALL_SAMPLES
sub-SD018_ses-01_task-PassiveListen,C231,OTHER,uV,SI volts for voltage channels,1470016,0,1.3292133974209717e-07,0.008711,False,README_UNUSED_C_PREFIX;OFFICIAL_BAD:noise;NOT_NEURAL_CHANNEL,ALL_SAMPLES
sub-SD018_ses-01_task-PassiveListen,C232,OTHER,uV,SI volts for voltage channels,1470016,0,1.3292133974209717e-07,0.008711,False,README_UNUSED_C_PREFIX;OFFICIAL_BAD:noise;NOT_NEURAL_CHANNEL,ALL_SAMPLES
sub-SD018_ses-01_task-PassiveListen,C233,OTHER,uV,SI volts for voltage channels,1470016,0,1.3292133974209717e-07,0.008711,False,README_UNUSED_C_PREFIX;OFFICIAL_BAD:noise;NOT_NEURAL_CHANNEL,ALL_SAMPLES
sub-SD018_ses-01_task-PassiveListen,C234,OTHER,uV,SI volts for voltage channels,1470016,0,1.3292133974209717e-07,0.008711,False,README_UNUSED_C_PREFIX;OFFICIAL_BAD:noise;NOT_NEURAL_CHANNEL,ALL_SAMPLES
sub-SD018_ses-01_task-PassiveListen,C235,OTHER,uV,SI volts for voltage channels,1470016,0,1.3292133974209717e-07,0.008711,False,README_UNUSED_C_PREFIX;OFFICIAL_BAD:noise;NOT_NEURAL_CHANNEL,ALL_SAMPLES
sub-SD018_ses-01_task-PassiveListen,C236,OTHER,uV,SI volts for voltage channels,1470016,0,1.3292133974209717e-07,0.008711,False,README_UNUSED_C_PREFIX;OFFICIAL_BAD:noise;NOT_NEURAL_CHANNEL,ALL_SAMPLES
sub-SD018_ses-01_task-PassiveListen,C237,OTHER,uV,SI volts for voltage channels,1470016,0,1.3292133974209717e-07,0.008711,False,README_UNUSED_C_PREFIX;OFFICIAL_BAD:noise;NOT_NEURAL_CHANNEL,ALL_SAMPLES
sub-SD018_ses-01_task-PassiveListen,C238,OTHER,uV,SI volts for voltage channels,1470016,0,1.3292133974209717e-07,0.008711,False,README_UNUSED_C_PREFIX;OFFICIAL_BAD:noise;NOT_NEURAL_CHANNEL,ALL_SAMPLES
sub-SD018_ses-01_task-PassiveListen,C239,OTHER,uV,SI volts for voltage channels,1470016,0,1.3292133974209717e-07,0.008711,False,README_UNUSED_C_PREFIX;OFFICIAL_BAD:noise;NOT_NEURAL_CHANNEL,ALL_SAMPLES
sub-SD018_ses-01_task-PassiveListen,C240,OTHER,uV,SI volts for voltage channels,1470016,0,1.3292133974209717e-07,0.008711,False,README_UNUSED_C_PREFIX;OFFICIAL_BAD:noise;NOT_NEURAL_CHANNEL,ALL_SAMPLES
sub-SD018_ses-01_task-PassiveListen,C241,OTHER,uV,SI volts for voltage channels,1470016,0,1.3292133974209717e-07,0.008711,False,README_UNUSED_C_PREFIX;OFFICIAL_BAD:noise;NOT_NEURAL_CHANNEL,ALL_SAMPLES
sub-SD018_ses-01_task-PassiveListen,C242,OTHER,uV,SI volts for voltage channels,1470016,0,1.3292133974209717e-07,0.008711,False,README_UNUSED_C_PREFIX;OFFICIAL_BAD:noise;NOT_NEURAL_CHANNEL,ALL_SAMPLES
sub-SD018_ses-01_task-PassiveListen,C243,OTHER,uV,SI volts for voltage channels,1470016,0,1.3292133974209717e-07,0.008711,False,README_UNUSED_C_PREFIX;OFFICIAL_BAD:noise;NOT_NEURAL_CHANNEL,ALL_SAMPLES
sub-SD018_ses-01_task-PassiveListen,C244,OTHER,uV,SI volts for voltage channels,1470016,0,1.3292133974209717e-07,0.008711,False,README_UNUSED_C_PREFIX;OFFICIAL_BAD:noise;NOT_NEURAL_CHANNEL,ALL_SAMPLES
sub-SD018_ses-01_task-PassiveListen,C245,OTHER,uV,SI volts for voltage channels,1470016,0,1.3292133974209717e-07,0.008711,False,README_UNUSED_C_PREFIX;OFFICIAL_BAD:noise;NOT_NEURAL_CHANNEL,ALL_SAMPLES
sub-SD018_ses-01_task-PassiveListen,C246,OTHER,uV,SI volts for voltage channels,1470016,0,1.3292133974209717e-07,0.008711,False,README_UNUSED_C_PREFIX;OFFICIAL_BAD:noise;NOT_NEURAL_CHANNEL,ALL_SAMPLES
sub-SD018_ses-01_task-PassiveListen,C247,OTHER,uV,SI volts for voltage channels,1470016,0,1.3292133974209717e-07,0.008711,False,README_UNUSED_C_PREFIX;OFFICIAL_BAD:noise;NOT_NEURAL_CHANNEL,ALL_SAMPLES
sub-SD018_ses-01_task-PassiveListen,C248,OTHER,uV,SI volts for voltage channels,1470016,0,1.3292133974209717e-07,0.008711,False,README_UNUSED_C_PREFIX;OFFICIAL_BAD:noise;NOT_NEURAL_CHANNEL,ALL_SAMPLES
sub-SD018_ses-01_task-PassiveListen,C249,OTHER,uV,SI volts for voltage channels,1470016,0,1.3292133974209717e-07,0.008711,False,README_UNUSED_C_PREFIX;OFFICIAL_BAD:noise;NOT_NEURAL_CHANNEL,ALL_SAMPLES
sub-SD018_ses-01_task-PassiveListen,C250,OTHER,uV,SI volts for voltage channels,1470016,0,1.3292133974209717e-07,0.008711,False,README_UNUSED_C_PREFIX;OFFICIAL_BAD:noise;NOT_NEURAL_CHANNEL,ALL_SAMPLES
sub-SD018_ses-01_task-PassiveListen,C251,OTHER,uV,SI volts for voltage channels,1470016,0,1.3292133974209717e-07,0.008711,False,README_UNUSED_C_PREFIX;OFFICIAL_BAD:noise;NOT_NEURAL_CHANNEL,ALL_SAMPLES
sub-SD018_ses-01_task-PassiveListen,C252,OTHER,uV,SI volts for voltage channels,1470016,0,1.3292133974209717e-07,0.008711,False,README_UNUSED_C_PREFIX;OFFICIAL_BAD:noise;NOT_NEURAL_CHANNEL,ALL_SAMPLES
sub-SD018_ses-01_task-PassiveListen,C253,OTHER,uV,SI volts for voltage channels,1470016,0,1.3292133974209717e-07,0.008711,False,README_UNUSED_C_PREFIX;OFFICIAL_BAD:noise;NOT_NEURAL_CHANNEL,ALL_SAMPLES
sub-SD018_ses-01_task-PassiveListen,C254,OTHER,uV,SI volts for voltage channels,1470016,0,1.3292133974209717e-07,0.008711,False,README_UNUSED_C_PREFIX;OFFICIAL_BAD:noise;NOT_NEURAL_CHANNEL,ALL_SAMPLES
sub-SD018_ses-01_task-PassiveListen,C255,OTHER,uV,SI volts for voltage channels,1470016,0,1.3292133974209717e-07,0.008711,False,README_UNUSED_C_PREFIX;OFFICIAL_BAD:noise;NOT_NEURAL_CHANNEL,ALL_SAMPLES
sub-SD018_ses-01_task-PassiveListen,C256,OTHER,uV,SI volts for voltage channels,1470016,0,1.3292133974209717e-07,0.008711,False,README_UNUSED_C_PREFIX;OFFICIAL_BAD:noise;NOT_NEURAL_CHANNEL,ALL_SAMPLES
sub-SD018_ses-01_task-PassiveListen,DC1,MISC,n/a,SI volts for voltage channels,1470016,0,-1.177003231860838,1.3815422293430988,False,UNKNOWN_CHANNEL_METADATA_OR_UNIT;NOT_NEURAL_CHANNEL,ALL_SAMPLES
sub-SD018_ses-01_task-PassiveListen,DC2,MISC,n/a,SI volts for voltage channels,1470016,0,-0.5176361638818955,0.6339765621423664,False,UNKNOWN_CHANNEL_METADATA_OR_UNIT;OFFICIAL_BAD:noise;NOT_NEURAL_CHANNEL,ALL_SAMPLES
sub-SD018_ses-01_task-PassiveListen,DC3,MISC,n/a,SI volts for voltage channels,1470016,0,-7.860837720334529e-05,0.0414266147859919,False,UNKNOWN_CHANNEL_METADATA_OR_UNIT;OFFICIAL_BAD:noise;NOT_NEURAL_CHANNEL,ALL_SAMPLES
sub-SD018_ses-01_task-PassiveListen,DC4,MISC,n/a,SI volts for voltage channels,1470016,0,-7.860837720334529e-05,0.03136474250400517,False,UNKNOWN_CHANNEL_METADATA_OR_UNIT;OFFICIAL_BAD:noise;NOT_NEURAL_CHANNEL,ALL_SAMPLES
sub-SD018_ses-01_task-PassiveListen,DC5,MISC,n/a,SI volts for voltage channels,1470016,0,-7.860837720334529e-05,0.002279642938887293,False,UNKNOWN_CHANNEL_METADATA_OR_UNIT;OFFICIAL_BAD:noise;NOT_NEURAL_CHANNEL,ALL_SAMPLES
sub-SD018_ses-01_task-PassiveListen,DC6,MISC,n/a,SI volts for voltage channels,1470016,0,-7.860837720334529e-05,0.0392255802243073,False,UNKNOWN_CHANNEL_METADATA_OR_UNIT;OFFICIAL_BAD:noise;NOT_NEURAL_CHANNEL,ALL_SAMPLES
sub-SD018_ses-01_task-PassiveListen,DC7,MISC,n/a,SI volts for voltage channels,1470016,0,-1.162539290455482,1.382328313115129,False,UNKNOWN_CHANNEL_METADATA_OR_UNIT;OFFICIAL_BAD:noise;NOT_NEURAL_CHANNEL,ALL_SAMPLES
sub-SD018_ses-01_task-PassiveListen,DC8,MISC,n/a,SI volts for voltage channels,1470016,0,-7.860837720334529e-05,0.07412769970244874,False,UNKNOWN_CHANNEL_METADATA_OR_UNIT;OFFICIAL_BAD:noise;NOT_NEURAL_CHANNEL,ALL_SAMPLES
sub-SD018_ses-01_task-PassiveListen,DC9,MISC,n/a,SI volts for voltage channels,1470016,0,-7.860837720334529e-05,0.00998326390478338,False,UNKNOWN_CHANNEL_METADATA_OR_UNIT;OFFICIAL_BAD:noise;NOT_NEURAL_CHANNEL,ALL_SAMPLES
sub-SD018_ses-01_task-PassiveListen,DC10,MISC,n/a,SI volts for voltage channels,1470016,0,-7.860837720334529e-05,0.04802971847104568,False,UNKNOWN_CHANNEL_METADATA_OR_UNIT;OFFICIAL_BAD:noise;NOT_NEURAL_CHANNEL,ALL_SAMPLES
sub-SD018_ses-01_task-PassiveListen,DC11,MISC,n/a,SI volts for voltage channels,1470016,0,-7.860837720334529e-05,0.023346688029296996,False,UNKNOWN_CHANNEL_METADATA_OR_UNIT;OFFICIAL_BAD:noise;NOT_NEURAL_CHANNEL,ALL_SAMPLES
sub-SD018_ses-01_task-PassiveListen,DC12,MISC,n/a,SI volts for voltage channels,1470016,0,-7.860837720334529e-05,0.012027081712061934,False,UNKNOWN_CHANNEL_METADATA_OR_UNIT;OFFICIAL_BAD:noise;NOT_NEURAL_CHANNEL,ALL_SAMPLES
sub-SD018_ses-01_task-PassiveListen,DC13,MISC,n/a,SI volts for voltage channels,1470016,0,-7.860837720334529e-05,0.028063190661478277,False,UNKNOWN_CHANNEL_METADATA_OR_UNIT;OFFICIAL_BAD:noise;NOT_NEURAL_CHANNEL,ALL_SAMPLES
sub-SD018_ses-01_task-PassiveListen,DC14,MISC,n/a,SI volts for voltage channels,1470016,0,-7.860837720334529e-05,0.019573485923551976,False,UNKNOWN_CHANNEL_METADATA_OR_UNIT;OFFICIAL_BAD:noise;NOT_NEURAL_CHANNEL,ALL_SAMPLES
sub-SD018_ses-01_task-PassiveListen,DC15,MISC,n/a,SI volts for voltage channels,1470016,0,-7.860837720334529e-05,0.010140480659189422,False,UNKNOWN_CHANNEL_METADATA_OR_UNIT;OFFICIAL_BAD:noise;NOT_NEURAL_CHANNEL,ALL_SAMPLES
sub-SD018_ses-01_task-PassiveListen,DC16,MISC,n/a,SI volts for voltage channels,1470016,0,-7.860837720334529e-05,0.028692057679102444,False,UNKNOWN_CHANNEL_METADATA_OR_UNIT;OFFICIAL_BAD:noise;NOT_NEURAL_CHANNEL,ALL_SAMPLES
sub-SD018_ses-01_task-PassiveListen,TRIG,TRIG,n/a,SI volts for voltage channels,1470016,0,-7.860837720334529e-05,-7.860837720334529e-05,False,UNKNOWN_CHANNEL_METADATA_OR_UNIT;OFFICIAL_BAD:noise;NOT_NEURAL_CHANNEL;FLAT_EXACT,ALL_SAMPLES
sub-SD018_ses-01_task-PassiveListen,OSAT,MISC,n/a,SI volts for voltage channels,1470016,0,0.0,0.0,False,UNKNOWN_CHANNEL_METADATA_OR_UNIT;OFFICIAL_BAD:noise;NOT_NEURAL_CHANNEL;FLAT_EXACT,ALL_SAMPLES
sub-SD018_ses-01_task-PassiveListen,PR,MISC,n/a,SI volts for voltage channels,1470016,0,0.0,0.0,False,UNKNOWN_CHANNEL_METADATA_OR_UNIT;OFFICIAL_BAD:noise;NOT_NEURAL_CHANNEL;FLAT_EXACT,ALL_SAMPLES
sub-SD018_ses-01_task-PassiveListen,Pleth,MISC,n/a,SI volts for voltage channels,1470016,0,0.03276699999976158,2144.9836531480278,False,UNKNOWN_CHANNEL_METADATA_OR_UNIT;OFFICIAL_BAD:noise;NOT_NEURAL_CHANNEL,ALL_SAMPLES
sub-SD019_ses-01_task-PassiveListen,Trigger Event,UNKNOWN,UNKNOWN,SI volts for voltage channels,3882048,0,0.0,0.0,False,UNKNOWN_CHANNEL_METADATA_OR_UNIT;NOT_NEURAL_CHANNEL;FLAT_EXACT,ALL_SAMPLES
sub-SD019_ses-01_task-PassiveListen,Patient Event,UNKNOWN,UNKNOWN,SI volts for voltage channels,3882048,0,0.0,1.0,False,UNKNOWN_CHANNEL_METADATA_OR_UNIT;NOT_NEURAL_CHANNEL,ALL_SAMPLES
sub-SD019_ses-01_task-PassiveListen,LIP1,SEEG,uV,SI volts for voltage channels,3882048,0,-0.0010167153276874953,0.001568870572976272,True,,ALL_SAMPLES
sub-SD019_ses-01_task-PassiveListen,LIP2,SEEG,uV,SI volts for voltage channels,3882048,0,-0.00040022615396353094,0.0005145385061417563,True,,ALL_SAMPLES
sub-SD019_ses-01_task-PassiveListen,LIP3,SEEG,uV,SI volts for voltage channels,3882048,0,-0.00040315042343785765,0.0005291598535133897,True,,ALL_SAMPLES
sub-SD019_ses-01_task-PassiveListen,LIP4,SEEG,uV,SI volts for voltage channels,3882048,0,-0.00047333289082169834,0.0007317319752803845,True,,ALL_SAMPLES
sub-SD019_ses-01_task-PassiveListen,LIP5,SEEG,uV,SI volts for voltage channels,3882048,0,-0.0005956205233844511,0.0008024461280231936,True,,ALL_SAMPLES
sub-SD019_ses-01_task-PassiveListen,LIP6,SEEG,uV,SI volts for voltage channels,3882048,0,-0.0008872499427786679,0.0008795405050736248,True,,ALL_SAMPLES
sub-SD019_ses-01_task-PassiveListen,LIP7,SEEG,uV,SI volts for voltage channels,3882048,0,-0.00039836525520714125,0.0005488322117952239,True,,ALL_SAMPLES
sub-SD019_ses-01_task-PassiveListen,LIP8,SEEG,uV,SI volts for voltage channels,3882048,0,-0.0003882632333867399,0.0004972587319752803,True,,ALL_SAMPLES
sub-SD019_ses-01_task-PassiveListen,LIP9,SEEG,uV,SI volts for voltage channels,3882048,0,-0.00034306997787441826,0.00039118750286106657,True,,ALL_SAMPLES
sub-SD019_ses-01_task-PassiveListen,LIP10,SEEG,uV,SI volts for voltage channels,3882048,0,-0.0003268535744258793,0.00043558323033493544,True,,ALL_SAMPLES
sub-SD019_ses-01_task-PassiveListen,LIP11,SEEG,uV,SI volts for voltage channels,3882048,0,-0.00032499267566948956,0.0004292030060273136,True,,ALL_SAMPLES
sub-SD019_ses-01_task-PassiveListen,LIP12,SEEG,uV,SI volts for voltage channels,3882048,0,-0.00035423537041275656,0.0004111257038223849,True,,ALL_SAMPLES
sub-SD019_ses-01_task-PassiveListen,LIP13,SEEG,uV,SI volts for voltage channels,3882048,0,-0.0003332337987335012,0.00043930502784771493,True,,ALL_SAMPLES
sub-SD019_ses-01_task-PassiveListen,LIP14,SEEG,uV,SI volts for voltage channels,3882048,0,-0.00032180256351567867,0.0004496728923476005,True,,ALL_SAMPLES
sub-SD019_ses-01_task-PassiveListen,LIP15,SEEG,uV,SI volts for voltage channels,3882048,0,-0.0003345630121309224,0.00042601289387350264,True,,ALL_SAMPLES
sub-SD019_ses-01_task-PassiveListen,LIP16,SEEG,uV,SI volts for voltage channels,3882048,0,-0.00034785514610513466,0.00043053221942473486,True,,ALL_SAMPLES
sub-SD019_ses-01_task-PassiveListen,LIM1,SEEG,uV,SI volts for voltage channels,3882048,0,-0.0006208755779354543,0.00044063424124513614,True,,ALL_SAMPLES
sub-SD019_ses-01_task-PassiveListen,LIM2,SEEG,uV,SI volts for voltage channels,3882048,0,-0.0007572528725108721,0.0003925167162584878,True,,ALL_SAMPLES
sub-SD019_ses-01_task-PassiveListen,LIM3,SEEG,uV,SI volts for voltage channels,3882048,0,-0.0007535310749980926,0.0003837439078355077,True,,ALL_SAMPLES
sub-SD019_ses-01_task-PassiveListen,LIM4,SEEG,uV,SI volts for voltage channels,3882048,0,-0.00041404997329671166,0.0003489185168230716,True,,ALL_SAMPLES
sub-SD019_ses-01_task-PassiveListen,LIM5,SEEG,uV,SI volts for voltage channels,3882048,0,-0.0004055430075532159,0.00035104525825894556,True,,ALL_SAMPLES
sub-SD019_ses-01_task-PassiveListen,LIM6,SEEG,uV,SI volts for voltage channels,3882048,0,-0.000369920088502327,0.000354767055771725,True,,ALL_SAMPLES
sub-SD019_ses-01_task-PassiveListen,LIM7,SEEG,uV,SI volts for voltage channels,3882048,0,-0.0003704517738612955,0.00034041155107957573,True,,ALL_SAMPLES
sub-SD019_ses-01_task-PassiveListen,LIM8,SEEG,uV,SI volts for voltage channels,3882048,0,-0.00036965424582284274,0.0003422724498359654,True,,ALL_SAMPLES
sub-SD019_ses-01_task-PassiveListen,LIM9,SEEG,uV,SI volts for voltage channels,3882048,0,-0.000366729976348516,0.00039225087357900354,True,,ALL_SAMPLES
sub-SD019_ses-01_task-PassiveListen,LIM10,SEEG,uV,SI volts for voltage channels,3882048,0,-0.00035529874113069353,0.00043744412909132524,True,,ALL_SAMPLES
sub-SD019_ses-01_task-PassiveListen,LIM11,SEEG,uV,SI volts for voltage channels,3882048,0,-0.0003661982909895476,0.0004693452506294346,True,,ALL_SAMPLES
sub-SD019_ses-01_task-PassiveListen,LIM12,SEEG,uV,SI volts for voltage channels,3882048,0,-0.0004448877241168841,0.0005642510872053101,True,,ALL_SAMPLES
sub-SD019_ses-01_task-PassiveListen,LIM13,SEEG,uV,SI volts for voltage channels,3882048,0,-0.00042494952315556573,0.0006168879377431906,True,,ALL_SAMPLES
sub-SD019_ses-01_task-PassiveListen,LIM14,SEEG,uV,SI volts for voltage channels,3882048,0,-0.0004004919966430152,0.0006673980468451971,True,,ALL_SAMPLES
sub-SD019_ses-01_task-PassiveListen,LIM15,SEEG,uV,SI volts for voltage channels,3882048,0,-0.00046190165560387584,0.0006134319829098954,True,,ALL_SAMPLES
sub-SD019_ses-01_task-PassiveListen,LIM16,SEEG,uV,SI volts for voltage channels,3882048,0,-0.00038294637979705503,0.0003659324483100633,True,,ALL_SAMPLES
sub-SD019_ses-01_task-PassiveListen,LIA1,SEEG,uV,SI volts for voltage channels,3882048,0,-0.000528362325474937,0.0016733467460135804,True,,ALL_SAMPLES
sub-SD019_ses-01_task-PassiveListen,LIA2,SEEG,uV,SI volts for voltage channels,3882048,0,-0.0003789587396047913,0.001597049897001602,True,,ALL_SAMPLES
sub-SD019_ses-01_task-PassiveListen,LIA3,SEEG,uV,SI volts for voltage channels,3882048,0,-0.0003826805371175708,0.001339980025940337,True,,ALL_SAMPLES
sub-SD019_ses-01_task-PassiveListen,LIA4,SEEG,uV,SI volts for voltage channels,3882048,0,-0.00045871154345006484,0.0009321773556115053,True,,ALL_SAMPLES
sub-SD019_ses-01_task-PassiveListen,LIA5,SEEG,uV,SI volts for voltage channels,3882048,0,-0.00048396659800106816,0.0005190578316929884,True,,ALL_SAMPLES
sub-SD019_ses-01_task-PassiveListen,LIA6,SEEG,uV,SI volts for voltage channels,3882048,0,-0.0003800221103227283,0.00044329266803997856,True,,ALL_SAMPLES
sub-SD019_ses-01_task-PassiveListen,LIA7,SEEG,uV,SI volts for voltage channels,3882048,0,-0.0003778953688868544,0.0003707176165407797,True,,ALL_SAMPLES
sub-SD019_ses-01_task-PassiveListen,LIA8,SEEG,uV,SI volts for voltage channels,3882048,0,-0.0003733760433356222,0.00035184278629739834,True,,ALL_SAMPLES
sub-SD019_ses-01_task-PassiveListen,LIA9,SEEG,uV,SI volts for voltage channels,3882048,0,-0.00036221065079728386,0.0003555645838101777,True,,ALL_SAMPLES
sub-SD019_ses-01_task-PassiveListen,LIA10,SEEG,uV,SI volts for voltage channels,3882048,0,-0.0003656666056305791,0.00038480727855344466,True,,ALL_SAMPLES
sub-SD019_ses-01_task-PassiveListen,LIA11,SEEG,uV,SI volts for voltage channels,3882048,0,-0.00044276098268101013,0.0003616789654383154,True,,ALL_SAMPLES
sub-SD019_ses-01_task-PassiveListen,LIA12,SEEG,uV,SI volts for voltage channels,3882048,0,-0.0003390823376821546,0.0010215004959182115,True,,ALL_SAMPLES
sub-SD019_ses-01_task-PassiveListen,LIA13,SEEG,uV,SI volts for voltage channels,3882048,0,-0.00042149356832227054,0.0009433427481498435,True,,ALL_SAMPLES
sub-SD019_ses-01_task-PassiveListen,LIA14,SEEG,uV,SI volts for voltage channels,3882048,0,-0.0005440470435645076,0.000687867933165484,True,,ALL_SAMPLES
sub-SD019_ses-01_task-PassiveListen,LIA15,SEEG,uV,SI volts for voltage channels,3882048,0,-0.0004459510948348211,0.00036460323491264204,True,,ALL_SAMPLES
sub-SD019_ses-01_task-PassiveListen,LIA16,SEEG,uV,SI volts for voltage channels,3882048,0,-0.0007569870298313879,0.0003768319981689173,True,,ALL_SAMPLES
sub-SD019_ses-01_task-PassiveListen,LPC1,SEEG,uV,SI volts for voltage channels,3882048,0,-0.00104143869687953,0.0005057656977187762,True,,ALL_SAMPLES
sub-SD019_ses-01_task-PassiveListen,LPC2,SEEG,uV,SI volts for voltage channels,3882048,0,-0.0003781612115663386,0.0007705450064850843,True,,ALL_SAMPLES
sub-SD019_ses-01_task-PassiveListen,LPC3,SEEG,uV,SI volts for voltage channels,3882048,0,-0.0004584457007705806,0.00047652300297550923,True,,ALL_SAMPLES
sub-SD019_ses-01_task-PassiveListen,LPC4,SEEG,uV,SI volts for voltage channels,3882048,0,-0.0003481209887846189,0.0005081582818341344,True,,ALL_SAMPLES
sub-SD019_ses-01_task-PassiveListen,LPC5,SEEG,uV,SI volts for voltage channels,3882048,0,-0.000343867505912871,0.00036141312275883114,True,,ALL_SAMPLES
sub-SD019_ses-01_task-PassiveListen,LPC6,SEEG,uV,SI volts for voltage channels,3882048,0,-0.0003393481803616389,0.0003755027847714961,True,,ALL_SAMPLES
sub-SD019_ses-01_task-PassiveListen,LPC7,SEEG,uV,SI volts for voltage channels,3882048,0,-0.0003271194171053636,0.0003489185168230716,True,,ALL_SAMPLES
sub-SD019_ses-01_task-PassiveListen,LPC8,SEEG,uV,SI volts for voltage channels,3882048,0,-0.00030638368810559244,0.0003996944686045624,True,,ALL_SAMPLES
sub-SD019_ses-01_task-PassiveListen,LPC9,SEEG,uV,SI volts for voltage channels,3882048,0,-0.0003414749217975128,0.0006097101853971159,True,,ALL_SAMPLES
sub-SD019_ses-01_task-PassiveListen,LPC10,SEEG,uV,SI volts for voltage channels,3882048,0,-0.0004690794079499504,0.0008965544365606164,True,,ALL_SAMPLES
sub-SD019_ses-01_task-PassiveListen,LPC11,SEEG,uV,SI volts for voltage channels,3882048,0,-0.0004145816586556802,0.0011400663309681848,True,,ALL_SAMPLES
sub-SD019_ses-01_task-PassiveListen,LPC12,SEEG,uV,SI volts for voltage channels,3882048,0,-0.0004549897459372854,0.00132137103837644,True,,ALL_SAMPLES
sub-SD019_ses-01_task-PassiveListen,LPC13,SEEG,uV,SI volts for voltage channels,3882048,0,-0.0004613699702449073,0.001424517998016327,True,,ALL_SAMPLES
sub-SD019_ses-01_task-PassiveListen,LPC14,SEEG,uV,SI volts for voltage channels,3882048,0,-0.00038587064927138174,0.0005347425497825589,True,,ALL_SAMPLES
sub-SD019_ses-01_task-PassiveListen,C63,OTHER,uV,SI volts for voltage channels,3882048,0,-0.008711,0.008711,False,README_UNUSED_C_PREFIX;OFFICIAL_BAD:noise;NOT_NEURAL_CHANNEL,ALL_SAMPLES
sub-SD019_ses-01_task-PassiveListen,C64,OTHER,uV,SI volts for voltage channels,3882048,0,-0.008711,0.008711,False,README_UNUSED_C_PREFIX;OFFICIAL_BAD:noise;NOT_NEURAL_CHANNEL,ALL_SAMPLES
sub-SD019_ses-01_task-PassiveListen,RIP1,SEEG,uV,SI volts for voltage channels,3882048,0,-0.00042388615243762876,0.00046535761043717093,True,,ALL_SAMPLES
sub-SD019_ses-01_task-PassiveListen,RIP2,SEEG,uV,SI volts for voltage channels,3882048,0,-0.0004323931181811246,0.0007027551232166017,True,,ALL_SAMPLES
sub-SD019_ses-01_task-PassiveListen,RIP3,SEEG,uV,SI volts for voltage channels,3882048,0,-0.0004105940184634165,0.0004044796368352788,True,,ALL_SAMPLES
sub-SD019_ses-01_task-PassiveListen,RIP4,SEEG,uV,SI volts for voltage channels,3882048,0,-0.0003965043564507515,0.0003292461585412375,True,,ALL_SAMPLES
sub-SD019_ses-01_task-PassiveListen,RIP5,SEEG,uV,SI volts for voltage channels,3882048,0,-0.0004626991836423285,0.0004852958113984893,True,,ALL_SAMPLES
sub-SD019_ses-01_task-PassiveListen,RIP6,SEEG,uV,SI volts for voltage channels,3882048,0,-0.0004135182879377432,0.00034280413519493396,True,,ALL_SAMPLES
sub-SD019_ses-01_task-PassiveListen,RIP7,SEEG,uV,SI volts for voltage channels,3882048,0,-0.00042096188296330205,0.00033482885481040666,True,,ALL_SAMPLES
sub-SD019_ses-01_task-PassiveListen,RIP8,SEEG,uV,SI volts for voltage channels,3882048,0,-0.0004047454795147631,0.00034439919127183947,True,,ALL_SAMPLES
sub-SD019_ses-01_task-PassiveListen,RIP9,SEEG,uV,SI volts for voltage channels,3882048,0,-0.00038321222247653927,0.000337487281605249,True,,ALL_SAMPLES
sub-SD019_ses-01_task-PassiveListen,RIP10,SEEG,uV,SI volts for voltage channels,3882048,0,-0.0003786928969253071,0.0003531719996948195,True,,ALL_SAMPLES
sub-SD019_ses-01_task-PassiveListen,RIP11,SEEG,uV,SI volts for voltage channels,3882048,0,-0.00036912256046387425,0.00037337604333562217,True,,ALL_SAMPLES
sub-SD019_ses-01_task-PassiveListen,RIP12,SEEG,uV,SI volts for voltage channels,3882048,0,-0.0003632740215152209,0.0006830827649347675,True,,ALL_SAMPLES
sub-SD019_ses-01_task-PassiveListen,RIP13,SEEG,uV,SI volts for voltage channels,3882048,0,-0.0004366466010528725,0.0011701065537499046,True,,ALL_SAMPLES
sub-SD019_ses-01_task-PassiveListen,RIP14,SEEG,uV,SI volts for voltage channels,3882048,0,-0.00040208705271992063,0.0008750211795223925,True,,ALL_SAMPLES
sub-SD019_ses-01_task-PassiveListen,RIP15,SEEG,uV,SI volts for voltage channels,3882048,0,-0.0004270762645914397,0.0003890607614251926,True,,ALL_SAMPLES
sub-SD019_ses-01_task-PassiveListen,RIP16,SEEG,uV,SI volts for voltage channels,3882048,0,-0.00038241469443808654,0.00033722143892576484,True,,ALL_SAMPLES
sub-SD019_ses-01_task-PassiveListen,RIA1,SEEG,uV,SI volts for voltage channels,3882048,0,-0.0005129434500648508,0.0008877816281376363,True,,ALL_SAMPLES
sub-SD019_ses-01_task-PassiveListen,RIA2,SEEG,uV,SI volts for voltage channels,3882048,0,-0.000531552437628748,0.0009771047684443426,True,,ALL_SAMPLES
sub-SD019_ses-01_task-PassiveListen,RIA3,SEEG,uV,SI volts for voltage channels,3882048,0,-0.0004882200808728161,0.0006182171511406118,True,,ALL_SAMPLES
sub-SD019_ses-01_task-PassiveListen,RIA4,SEEG,uV,SI volts for voltage channels,3882048,0,-0.00044302682536049437,0.0003919850308995193,True,,ALL_SAMPLES
sub-SD019_ses-01_task-PassiveListen,RIA5,SEEG,uV,SI volts for voltage channels,3882048,0,-0.00035742548256656746,0.00037762952620737003,True,,ALL_SAMPLES
sub-SD019_ses-01_task-PassiveListen,RIA6,SEEG,uV,SI volts for voltage channels,3882048,0,-0.00041591087205310136,0.0003659324483100633,True,,ALL_SAMPLES
sub-SD019_ses-01_task-PassiveListen,RIA7,SEEG,uV,SI volts for voltage channels,3882048,0,-0.0004108598611429007,0.0003643373922331578,True,,ALL_SAMPLES
sub-SD019_ses-01_task-PassiveListen,RIA8,SEEG,uV,SI volts for voltage channels,3882048,0,-0.00040527716487373164,0.0003595522240024414,True,,ALL_SAMPLES
sub-SD019_ses-01_task-PassiveListen,RIA9,SEEG,uV,SI volts for voltage channels,3882048,0,-0.00038906076142519264,0.0003842755931944762,True,,ALL_SAMPLES
sub-SD019_ses-01_task-PassiveListen,RIA10,SEEG,uV,SI volts for voltage channels,3882048,0,-0.0003909216601815824,0.0004467486228732738,True,,ALL_SAMPLES
sub-SD019_ses-01_task-PassiveListen,RIA11,SEEG,uV,SI volts for voltage channels,3882048,0,-0.00032180256351567867,0.00041724008545052256,True,,ALL_SAMPLES
sub-SD019_ses-01_task-PassiveListen,RIA12,SEEG,uV,SI volts for voltage channels,3882048,0,-0.0004900809796292057,0.0004943344625009536,True,,ALL_SAMPLES
sub-SD019_ses-01_task-PassiveListen,RIA13,SEEG,uV,SI volts for voltage channels,3882048,0,-0.0005634535591668573,0.0012756460975051496,True,,ALL_SAMPLES
sub-SD019_ses-01_task-PassiveListen,RIA14,SEEG,uV,SI volts for voltage channels,3882048,0,-0.0003393481803616389,0.00047599131761654075,True,,ALL_SAMPLES
sub-SD019_ses-01_task-PassiveListen,RIA15,SEEG,uV,SI volts for voltage channels,3882048,0,-0.00033961402304112306,0.0003513111009384298,True,,ALL_SAMPLES
sub-SD019_ses-01_task-PassiveListen,RIA16,SEEG,uV,SI volts for voltage channels,3882048,0,-0.0004066063782711528,0.0003257902037079423,True,,ALL_SAMPLES
sub-SD019_ses-01_task-PassiveListen,RPC1,SEEG,uV,SI volts for voltage channels,3882048,0,-0.000612900297550927,0.0023863368123903253,True,,ALL_SAMPLES
sub-SD019_ses-01_task-PassiveListen,RPC2,SEEG,uV,SI volts for voltage channels,3882048,0,-0.00041963266956588085,0.0013599182269016556,True,,ALL_SAMPLES
sub-SD019_ses-01_task-PassiveListen,RPC3,SEEG,uV,SI volts for voltage channels,3882048,0,-0.00042096188296330205,0.0004387733424887464,True,,ALL_SAMPLES
sub-SD019_ses-01_task-PassiveListen,RPC4,SEEG,uV,SI volts for voltage channels,3882048,0,-0.000423088624399176,0.0003494502021820401,True,,ALL_SAMPLES
sub-SD019_ses-01_task-PassiveListen,RPC5,SEEG,uV,SI volts for voltage channels,3882048,0,-0.0004145816586556802,0.0003590205386434729,True,,ALL_SAMPLES
sub-SD019_ses-01_task-PassiveListen,RPC6,SEEG,uV,SI volts for voltage channels,3882048,0,-0.00041404997329671166,0.0003494502021820401,True,,ALL_SAMPLES
sub-SD019_ses-01_task-PassiveListen,RPC7,SEEG,uV,SI volts for voltage channels,3882048,0,-0.0004145816586556802,0.000356893797207599,True,,ALL_SAMPLES
sub-SD019_ses-01_task-PassiveListen,RPC8,SEEG,uV,SI volts for voltage channels,3882048,0,-0.00042494952315556573,0.0003643373922331578,True,,ALL_SAMPLES
sub-SD019_ses-01_task-PassiveListen,RPC9,SEEG,uV,SI volts for voltage channels,3882048,0,-0.00041591087205310136,0.0003638057068741893,True,,ALL_SAMPLES
sub-SD019_ses-01_task-PassiveListen,RPC10,SEEG,uV,SI volts for voltage channels,3882048,0,-0.00042388615243762876,0.00033722143892576484,True,,ALL_SAMPLES
sub-SD019_ses-01_task-PassiveListen,RPC11,SEEG,uV,SI volts for voltage channels,3882048,0,-0.0004185692988479438,0.00040687222095063704,True,,ALL_SAMPLES
sub-SD019_ses-01_task-PassiveListen,RPC12,SEEG,uV,SI volts for voltage channels,3882048,0,-0.0004055430075532159,0.0006203438925764858,True,,ALL_SAMPLES
sub-SD019_ses-01_task-PassiveListen,RPC13,SEEG,uV,SI volts for voltage channels,3882048,0,-0.0003866681773098344,0.000730136919203479,True,,ALL_SAMPLES
sub-SD019_ses-01_task-PassiveListen,RPC14,SEEG,uV,SI volts for voltage channels,3882048,0,-0.00038985828946364536,0.0008960227512016479,True,,ALL_SAMPLES
sub-SD019_ses-01_task-PassiveListen,RPC15,SEEG,uV,SI volts for voltage channels,3882048,0,-0.00042149356832227054,0.0007096670328831921,True,,ALL_SAMPLES
sub-SD019_ses-01_task-PassiveListen,RPC16,SEEG,uV,SI volts for voltage channels,3882048,0,-0.0011169380178530557,0.0005911011978332188,True,,ALL_SAMPLES
sub-SD019_ses-01_task-PassiveListen,LOF1,SEEG,uV,SI volts for voltage channels,3882048,0,-0.0005068290684367132,0.0005334133363851377,True,,ALL_SAMPLES
sub-SD019_ses-01_task-PassiveListen,LOF2,SEEG,uV,SI volts for voltage channels,3882048,0,-0.0005440470435645076,0.0012264652018005645,True,,ALL_SAMPLES
sub-SD019_ses-01_task-PassiveListen,LOF3,SEEG,uV,SI volts for voltage channels,3882048,0,-0.0005762140077821012,0.001197754192416266,True,,ALL_SAMPLES
sub-SD019_ses-01_task-PassiveListen,LOF4,SEEG,uV,SI volts for voltage channels,3882048,0,-0.0005868477149614709,0.0012142364385442893,True,,ALL_SAMPLES
sub-SD019_ses-01_task-PassiveListen,LOF5,SEEG,uV,SI volts for voltage channels,3882048,0,-0.0007019575951781491,0.0013346631723506522,True,,ALL_SAMPLES
sub-SD019_ses-01_task-PassiveListen,LOF6,SEEG,uV,SI volts for voltage channels,3882048,0,-0.0003675275043869688,0.0003507794155794613,True,,ALL_SAMPLES
sub-SD019_ses-01_task-PassiveListen,LOF7,SEEG,uV,SI volts for voltage channels,3882048,0,-0.00034572840466926073,0.0007583162432288089,True,,ALL_SAMPLES
sub-SD019_ses-01_task-PassiveListen,LOF8,SEEG,uV,SI volts for voltage channels,3882048,0,-0.00039623851377126727,0.0008997445487144274,True,,ALL_SAMPLES
sub-SD019_ses-01_task-PassiveListen,LOF9,SEEG,uV,SI volts for voltage channels,3882048,0,-0.0004068722209506371,0.0003170173952849622,True,,ALL_SAMPLES
sub-SD019_ses-01_task-PassiveListen,LOF10,SEEG,uV,SI volts for voltage channels,3882048,0,-0.00046110412756542306,0.0003196758220798047,True,,ALL_SAMPLES
sub-SD019_ses-01_task-PassiveListen,LOF11,SEEG,uV,SI volts for voltage channels,3882048,0,-0.000448077836270695,0.00032685357442587925,True,,ALL_SAMPLES
sub-SD019_ses-01_task-PassiveListen,LOF12,SEEG,uV,SI volts for voltage channels,3882048,0,-0.0004323931181811246,0.0003313728999771114,True,,ALL_SAMPLES
sub-SD019_ses-01_task-PassiveListen,LOF13,SEEG,uV,SI volts for voltage channels,3882048,0,-0.0004124549172198062,0.0003074470588235294,True,,ALL_SAMPLES
sub-SD019_ses-01_task-PassiveListen,LOF14,SEEG,uV,SI volts for voltage channels,3882048,0,-0.00039836525520714125,0.0003130297550926985,True,,ALL_SAMPLES
sub-SD019_ses-01_task-PassiveListen,LOF15,SEEG,uV,SI volts for voltage channels,3882048,0,-0.0003616789654383154,0.0006105077134355688,True,,ALL_SAMPLES
sub-SD019_ses-01_task-PassiveListen,LOF16,SEEG,uV,SI volts for voltage channels,3882048,0,-0.00035609626916914626,0.0004424951400015259,True,,ALL_SAMPLES
sub-SD019_ses-01_task-PassiveListen,LHB1,SEEG,uV,SI volts for voltage channels,3882048,0,-0.0029815585717555505,0.001964976165407797,True,,ALL_SAMPLES
sub-SD019_ses-01_task-PassiveListen,LHB2,SEEG,uV,SI volts for voltage channels,3882048,0,-0.00337606910811017,0.004596552849622339,True,,ALL_SAMPLES
sub-SD019_ses-01_task-PassiveListen,LHB3,SEEG,uV,SI volts for voltage channels,3882048,0,-0.0014356833905546655,0.005853191195544365,True,,ALL_SAMPLES
sub-SD019_ses-01_task-PassiveListen,LHB4,SEEG,uV,SI volts for voltage channels,3882048,0,-0.0011895130693522543,0.0007846346684977493,True,,ALL_SAMPLES
sub-SD019_ses-01_task-PassiveListen,LHB5,SEEG,uV,SI volts for voltage channels,3882048,0,-0.0008090921950102999,0.0007107304036011291,True,,ALL_SAMPLES
sub-SD019_ses-01_task-PassiveListen,LHB6,SEEG,uV,SI volts for voltage channels,3882048,0,-0.0004977904173342489,0.0007623038834210726,True,,ALL_SAMPLES
sub-SD019_ses-01_task-PassiveListen,LHB7,SEEG,uV,SI volts for voltage channels,3882048,0,-0.00044754615091172653,0.0008582730907148851,True,,ALL_SAMPLES
sub-SD019_ses-01_task-PassiveListen,LHB8,SEEG,uV,SI volts for voltage channels,3882048,0,-0.0004704086213473716,0.0010071449912260623,True,,ALL_SAMPLES
sub-SD019_ses-01_task-PassiveListen,LHB9,SEEG,uV,SI volts for voltage channels,3882048,0,-0.0004656234531166552,0.0007519360189211871,True,,ALL_SAMPLES
sub-SD019_ses-01_task-PassiveListen,LHB10,SEEG,uV,SI volts for voltage channels,3882048,0,-0.0004717378347447929,0.0008117506218051422,True,,ALL_SAMPLES
sub-SD019_ses-01_task-PassiveListen,LHB11,SEEG,uV,SI volts for voltage channels,3882048,0,-0.0006160904097047379,0.001271392614633402,True,,ALL_SAMPLES
sub-SD019_ses-01_task-PassiveListen,LHB12,SEEG,uV,SI volts for voltage channels,3882048,0,-0.0008630582589456016,0.0017204009002822916,True,,ALL_SAMPLES
sub-SD019_ses-01_task-PassiveListen,LHB13,SEEG,uV,SI volts for voltage channels,3882048,0,-0.0006426746776531624,0.0011647897001602198,True,,ALL_SAMPLES
sub-SD019_ses-01_task-PassiveListen,LHB14,SEEG,uV,SI volts for voltage channels,3882048,0,-0.00044648278019378956,0.0009848142061493856,True,,ALL_SAMPLES
sub-SD019_ses-01_task-PassiveListen,LHH1,SEEG,uV,SI volts for voltage channels,3882048,0,-0.002108797055008774,0.001758682246128023,True,,ALL_SAMPLES
sub-SD019_ses-01_task-PassiveListen,LHH2,SEEG,uV,SI volts for voltage channels,3882048,0,-0.0016871705653467614,0.0014067065384908825,True,,ALL_SAMPLES
sub-SD019_ses-01_task-PassiveListen,LHH3,SEEG,uV,SI volts for voltage channels,3882048,0,-0.001561161135271229,0.001585884504463264,True,,ALL_SAMPLES
sub-SD019_ses-01_task-PassiveListen,LHH4,SEEG,uV,SI volts for voltage channels,3882048,0,-0.001417074402990768,0.0015295258564126037,True,,ALL_SAMPLES
sub-SD019_ses-01_task-PassiveListen,LHH5,SEEG,uV,SI volts for voltage channels,3882048,0,-0.0014152135042343787,0.0012642148622873273,True,,ALL_SAMPLES
sub-SD019_ses-01_task-PassiveListen,LHH6,SEEG,uV,SI volts for voltage channels,3882048,0,-0.0013009011520561532,0.0009946503852903028,True,,ALL_SAMPLES
sub-SD019_ses-01_task-PassiveListen,LHH7,SEEG,uV,SI volts for voltage channels,3882048,0,-0.0009957137560082398,0.0009701928587777523,True,,ALL_SAMPLES
sub-SD019_ses-01_task-PassiveListen,LHH8,SEEG,uV,SI volts for voltage channels,3882048,0,-0.0007915465781643397,0.0009739146562905317,True,,ALL_SAMPLES
sub-SD019_ses-01_task-PassiveListen,LHH9,SEEG,uV,SI volts for voltage channels,3882048,0,-0.000600937376974136,0.0010238930800335697,True,,ALL_SAMPLES
sub-SD019_ses-01_task-PassiveListen,LHH10,SEEG,uV,SI volts for voltage channels,3882048,0,-0.0006631445639734493,0.0010962022888532845,True,,ALL_SAMPLES
sub-SD019_ses-01_task-PassiveListen,LHH11,SEEG,uV,SI volts for voltage channels,3882048,0,-0.0006992991683833067,0.0011942982375829708,True,,ALL_SAMPLES
sub-SD019_ses-01_task-PassiveListen,LHH12,SEEG,uV,SI volts for voltage channels,3882048,0,-0.0019846485236896315,0.005299175051499199,True,,ALL_SAMPLES
sub-SD019_ses-01_task-PassiveListen,LHH13,SEEG,uV,SI volts for voltage channels,3882048,0,-0.0007692157930876631,0.001645699107347219,True,,ALL_SAMPLES
sub-SD019_ses-01_task-PassiveListen,LHH14,SEEG,uV,SI volts for voltage channels,3882048,0,-0.001695677531090257,0.004467353307392996,True,,ALL_SAMPLES
sub-SD019_ses-01_task-PassiveListen,LHH15,SEEG,uV,SI volts for voltage channels,3882048,0,-0.0018397642633707178,0.0014729013656824598,True,,ALL_SAMPLES
sub-SD019_ses-01_task-PassiveListen,LHH16,SEEG,uV,SI volts for voltage channels,3882048,0,-0.0006251290608072024,0.0011950957656214236,True,,ALL_SAMPLES
sub-SD019_ses-01_task-PassiveListen,LA1,SEEG,uV,SI volts for voltage channels,3882048,0,-0.001972419760433356,0.0009194169069962616,True,,ALL_SAMPLES
sub-SD019_ses-01_task-PassiveListen,LA2,SEEG,uV,SI volts for voltage channels,3882048,0,-0.0014859276569771877,0.0008792746623941404,True,,ALL_SAMPLES
sub-SD019_ses-01_task-PassiveListen,LA3,SEEG,uV,SI volts for voltage channels,3882048,0,-0.0008160041046768903,0.000858007248035401,True,,ALL_SAMPLES
sub-SD019_ses-01_task-PassiveListen,LA4,SEEG,uV,SI volts for voltage channels,3882048,0,-0.0007232250095368887,0.0008944276951247424,True,,ALL_SAMPLES
sub-SD019_ses-01_task-PassiveListen,LA5,SEEG,uV,SI volts for voltage channels,3882048,0,-0.0005613268177309835,0.0009747121843289845,True,,ALL_SAMPLES
sub-SD019_ses-01_task-PassiveListen,LA6,SEEG,uV,SI volts for voltage channels,3882048,0,-0.0006174196231021592,0.0010438312809948882,True,,ALL_SAMPLES
sub-SD019_ses-01_task-PassiveListen,LA7,SEEG,uV,SI volts for voltage channels,3882048,0,-0.0007657598382543678,0.0011469782406347752,True,,ALL_SAMPLES
sub-SD019_ses-01_task-PassiveListen,LA8,SEEG,uV,SI volts for voltage channels,3882048,0,-0.0007540627603570612,0.0012355038529030288,True,,ALL_SAMPLES
sub-SD019_ses-01_task-PassiveListen,LA9,SEEG,uV,SI volts for voltage channels,3882048,0,-0.0007912807354848554,0.001310471488517586,True,,ALL_SAMPLES
sub-SD019_ses-01_task-PassiveListen,LA10,SEEG,uV,SI volts for voltage channels,3882048,0,-0.0008489685969329366,0.0013437018234531168,True,,ALL_SAMPLES
sub-SD019_ses-01_task-PassiveListen,LA11,SEEG,uV,SI volts for voltage channels,3882048,0,-0.0008798063477531091,0.0013024962081330585,True,,ALL_SAMPLES
sub-SD019_ses-01_task-PassiveListen,LA12,SEEG,uV,SI volts for voltage channels,3882048,0,-0.0007737351186388953,0.0010286782482642862,True,,ALL_SAMPLES
sub-SD019_ses-01_task-PassiveListen,LA13,SEEG,uV,SI volts for voltage channels,3882048,0,-0.0007708108491645686,0.001026285664148928,True,,ALL_SAMPLES
sub-SD019_ses-01_task-PassiveListen,LA14,SEEG,uV,SI volts for voltage channels,3882048,0,-0.0007559236591134508,0.0010169811703669793,True,,ALL_SAMPLES
sub-SD019_ses-01_task-PassiveListen,LA15,SEEG,uV,SI volts for voltage channels,3882048,0,-0.0007389097276264591,0.0010161836423285267,True,,ALL_SAMPLES
sub-SD019_ses-01_task-PassiveListen,LA16,SEEG,uV,SI volts for voltage channels,3882048,0,-0.0007232250095368887,0.0011820694743266955,True,,ALL_SAMPLES
sub-SD019_ses-01_task-PassiveListen,ROF1,SEEG,uV,SI volts for voltage channels,3882048,0,-0.00043824165712977797,0.00039118750286106657,True,,ALL_SAMPLES
sub-SD019_ses-01_task-PassiveListen,ROF2,SEEG,uV,SI volts for voltage channels,3882048,0,-0.0006200780498970016,0.001053401617456321,True,,ALL_SAMPLES
sub-SD019_ses-01_task-PassiveListen,ROF3,SEEG,uV,SI volts for voltage channels,3882048,0,-0.000635762767986572,0.0008994787060349431,True,,ALL_SAMPLES
sub-SD019_ses-01_task-PassiveListen,ROF4,SEEG,uV,SI volts for voltage channels,3882048,0,-0.00048768839551384754,0.0009109099412527656,True,,ALL_SAMPLES
sub-SD019_ses-01_task-PassiveListen,ROF5,SEEG,uV,SI volts for voltage channels,3882048,0,-0.0004422292973220417,0.0008351447775997558,True,,ALL_SAMPLES
sub-SD019_ses-01_task-PassiveListen,ROF6,SEEG,uV,SI volts for voltage channels,3882048,0,-0.00046721850919356067,0.0007992560158693827,True,,ALL_SAMPLES
sub-SD019_ses-01_task-PassiveListen,ROF7,SEEG,uV,SI volts for voltage channels,3882048,0,-0.0004206960402838178,0.0005903036697947661,True,,ALL_SAMPLES
sub-SD019_ses-01_task-PassiveListen,ROF8,SEEG,uV,SI volts for voltage channels,3882048,0,-0.00039730188448920423,0.0007407706263828488,True,,ALL_SAMPLES
sub-SD019_ses-01_task-PassiveListen,ROF9,SEEG,uV,SI volts for voltage channels,3882048,0,-0.0004730670481422141,0.0009045297169451438,True,,ALL_SAMPLES
sub-SD019_ses-01_task-PassiveListen,ROF10,SEEG,uV,SI volts for voltage channels,3882048,0,-0.00045206547646295874,0.001232579583428702,True,,ALL_SAMPLES
sub-SD019_ses-01_task-PassiveListen,ROF11,SEEG,uV,SI volts for voltage channels,3882048,0,-0.0004759913176165408,0.0006200780498970016,True,,ALL_SAMPLES
sub-SD019_ses-01_task-PassiveListen,ROF12,SEEG,uV,SI volts for voltage channels,3882048,0,-0.0004531288471808957,0.0005498955825131609,True,,ALL_SAMPLES
sub-SD019_ses-01_task-PassiveListen,ROF13,SEEG,uV,SI volts for voltage channels,3882048,0,-0.00047944727244983595,0.000581530861371786,True,,ALL_SAMPLES
sub-SD019_ses-01_task-PassiveListen,ROF14,SEEG,uV,SI volts for voltage channels,3882048,0,-0.0004507362630655375,0.00033987986572060725,True,,ALL_SAMPLES
sub-SD019_ses-01_task-PassiveListen,C189,OTHER,uV,SI volts for voltage channels,3882048,0,-0.008711,0.005155354161898222,False,README_UNUSED_C_PREFIX;OFFICIAL_BAD:noise;NOT_NEURAL_CHANNEL,ALL_SAMPLES
sub-SD019_ses-01_task-PassiveListen,C190,OTHER,uV,SI volts for voltage channels,3882048,0,-0.008711,0.008711,False,README_UNUSED_C_PREFIX;OFFICIAL_BAD:noise;NOT_NEURAL_CHANNEL,ALL_SAMPLES
sub-SD019_ses-01_task-PassiveListen,C191,OTHER,uV,SI volts for voltage channels,3882048,0,-0.004924602716105897,0.0032168293430991073,False,README_UNUSED_C_PREFIX;OFFICIAL_BAD:noise;NOT_NEURAL_CHANNEL,ALL_SAMPLES
sub-SD019_ses-01_task-PassiveListen,C192,OTHER,uV,SI volts for voltage channels,3882048,0,-0.004671520485236896,0.004021800976577401,False,README_UNUSED_C_PREFIX;OFFICIAL_BAD:noise;NOT_NEURAL_CHANNEL,ALL_SAMPLES
sub-SD019_ses-01_task-PassiveListen,RHB1,SEEG,uV,SI volts for voltage channels,3882048,0,-0.0027470853284504463,0.003346826413366903,True,,ALL_SAMPLES
sub-SD019_ses-01_task-PassiveListen,RHB2,SEEG,uV,SI volts for voltage channels,3882048,0,-0.003814177843900206,0.003834913572899977,True,,ALL_SAMPLES
sub-SD019_ses-01_task-PassiveListen,RHB3,SEEG,uV,SI volts for voltage channels,3882048,0,-0.0005065632257572289,0.0008141432059205004,True,,ALL_SAMPLES
sub-SD019_ses-01_task-PassiveListen,RHB4,SEEG,uV,SI volts for voltage channels,3882048,0,-0.0005116142366674295,0.0006511816433966582,True,,ALL_SAMPLES
sub-SD019_ses-01_task-PassiveListen,RHB5,SEEG,uV,SI volts for voltage channels,3882048,0,-0.0005331474937056534,0.000718173998626688,True,,ALL_SAMPLES
sub-SD019_ses-01_task-PassiveListen,RHB6,SEEG,uV,SI volts for voltage channels,3882048,0,-0.0005198553597314412,0.000658625238422217,True,,ALL_SAMPLES
sub-SD019_ses-01_task-PassiveListen,RHB7,SEEG,uV,SI volts for voltage channels,3882048,0,-0.0005392618753337912,0.0007141863584344243,True,,ALL_SAMPLES
sub-SD019_ses-01_task-PassiveListen,RHB8,SEEG,uV,SI volts for voltage channels,3882048,0,-0.0005262355840390631,0.0007468850080109864,True,,ALL_SAMPLES
sub-SD019_ses-01_task-PassiveListen,RHB9,SEEG,uV,SI volts for voltage channels,3882048,0,-0.0005403252460517281,0.0008718310673685816,True,,ALL_SAMPLES
sub-SD019_ses-01_task-PassiveListen,RHB10,SEEG,uV,SI volts for voltage channels,3882048,0,-0.0005480346837567711,0.0010395777981231404,True,,ALL_SAMPLES
sub-SD019_ses-01_task-PassiveListen,RHB11,SEEG,uV,SI volts for voltage channels,3882048,0,-0.0006325726558327611,0.0011211915007248035,True,,ALL_SAMPLES
sub-SD019_ses-01_task-PassiveListen,RHB12,SEEG,uV,SI volts for voltage channels,3882048,0,-0.008711,0.008711,True,,ALL_SAMPLES
sub-SD019_ses-01_task-PassiveListen,RHB13,SEEG,uV,SI volts for voltage channels,3882048,0,-0.0005366034485389487,0.002322534569314107,True,,ALL_SAMPLES
sub-SD019_ses-01_task-PassiveListen,RHB14,SEEG,uV,SI volts for voltage channels,3882048,0,-0.0005363376058594645,0.00634260756847486,True,,ALL_SAMPLES
sub-SD019_ses-01_task-PassiveListen,RHH1,SEEG,uV,SI volts for voltage channels,3882048,0,-0.0004759913176165408,0.0006440038910505837,True,,ALL_SAMPLES
sub-SD019_ses-01_task-PassiveListen,RHH2,SEEG,uV,SI volts for voltage channels,3882048,0,-0.0009122391546501869,0.0013282829480430304,True,,ALL_SAMPLES
sub-SD019_ses-01_task-PassiveListen,RHH3,SEEG,uV,SI volts for voltage channels,3882048,0,-0.001222477561608301,0.002004852567330434,True,,ALL_SAMPLES
sub-SD019_ses-01_task-PassiveListen,RHH4,SEEG,uV,SI volts for voltage channels,3882048,0,-0.0013880975509269855,0.0021029485160601207,True,,ALL_SAMPLES
sub-SD019_ses-01_task-PassiveListen,RHH5,SEEG,uV,SI volts for voltage channels,3882048,0,-0.001153092622262913,0.002984748683909361,True,,ALL_SAMPLES
sub-SD019_ses-01_task-PassiveListen,RHH6,SEEG,uV,SI volts for voltage channels,3882048,0,-0.0014944346227206836,0.0021183673914702064,True,,ALL_SAMPLES
sub-SD019_ses-01_task-PassiveListen,RHH7,SEEG,uV,SI volts for voltage channels,3882048,0,-0.000987206790264744,0.0014705087815671015,True,,ALL_SAMPLES
sub-SD019_ses-01_task-PassiveListen,RHH8,SEEG,uV,SI volts for voltage channels,3882048,0,-0.0008356764629587243,0.0010087400473029677,True,,ALL_SAMPLES
sub-SD019_ses-01_task-PassiveListen,RHH9,SEEG,uV,SI volts for voltage channels,3882048,0,-0.0006195463645380331,0.0008821989318684671,True,,ALL_SAMPLES
sub-SD019_ses-01_task-PassiveListen,RHH10,SEEG,uV,SI volts for voltage channels,3882048,0,-0.0005493638971541924,0.0006939823147936217,True,,ALL_SAMPLES
sub-SD019_ses-01_task-PassiveListen,RHH11,SEEG,uV,SI volts for voltage channels,3882048,0,-0.000651979171435111,0.0013056863202868696,True,,ALL_SAMPLES
sub-SD019_ses-01_task-PassiveListen,RHH12,SEEG,uV,SI volts for voltage channels,3882048,0,-0.0005825942320897231,0.0008274353398947127,True,,ALL_SAMPLES
sub-SD019_ses-01_task-PassiveListen,RHH13,SEEG,uV,SI volts for voltage channels,3882048,0,-0.0005613268177309835,0.0007769252307927062,True,,ALL_SAMPLES
sub-SD019_ses-01_task-PassiveListen,RHH14,SEEG,uV,SI volts for voltage channels,3882048,0,-0.0007878247806515602,0.0020056500953688867,True,,ALL_SAMPLES
sub-SD019_ses-01_task-PassiveListen,RHH15,SEEG,uV,SI volts for voltage channels,3882048,0,-0.0005272989547570001,0.00048556165407797355,True,,ALL_SAMPLES
sub-SD019_ses-01_task-PassiveListen,RHH16,SEEG,uV,SI volts for voltage channels,3882048,0,-0.0005004488441290913,0.0004895492942702372,True,,ALL_SAMPLES
sub-SD019_ses-01_task-PassiveListen,RA1,SEEG,uV,SI volts for voltage channels,3882048,0,-0.0021928033417257953,0.0011974883497367819,True,,ALL_SAMPLES
sub-SD019_ses-01_task-PassiveListen,RA2,SEEG,uV,SI volts for voltage channels,3882048,0,-0.0014649260852979322,0.0010180445410849163,True,,ALL_SAMPLES
sub-SD019_ses-01_task-PassiveListen,RA3,SEEG,uV,SI volts for voltage channels,3882048,0,-0.0015813651789120316,0.0012285919432364384,True,,ALL_SAMPLES
sub-SD019_ses-01_task-PassiveListen,RA4,SEEG,uV,SI volts for voltage channels,3882048,0,-0.0013782613717860685,0.001063237796597238,True,,ALL_SAMPLES
sub-SD019_ses-01_task-PassiveListen,RA5,SEEG,uV,SI volts for voltage channels,3882048,0,-0.0011448514991989013,0.0012187557640955214,True,,ALL_SAMPLES
sub-SD019_ses-01_task-PassiveListen,RA6,SEEG,uV,SI volts for voltage channels,3882048,0,-0.0010379827420462348,0.0010555283588921948,True,,ALL_SAMPLES
sub-SD019_ses-01_task-PassiveListen,RA7,SEEG,uV,SI volts for voltage channels,3882048,0,-0.0007779886015106431,0.0009680661173418782,True,,ALL_SAMPLES
sub-SD019_ses-01_task-PassiveListen,RA8,SEEG,uV,SI volts for voltage channels,3882048,0,-0.0006198122072175174,0.0008832623025864042,True,,ALL_SAMPLES
sub-SD019_ses-01_task-PassiveListen,RA9,SEEG,uV,SI volts for voltage channels,3882048,0,-0.0006352310826276035,0.0008136115205615319,True,,ALL_SAMPLES
sub-SD019_ses-01_task-PassiveListen,RA10,SEEG,uV,SI volts for voltage channels,3882048,0,-0.0010015622949568932,0.003040043961242084,True,,ALL_SAMPLES
sub-SD019_ses-01_task-PassiveListen,RA11,SEEG,uV,SI volts for voltage channels,3882048,0,-0.0008837939879453727,0.006483770031280994,True,,ALL_SAMPLES
sub-SD019_ses-01_task-PassiveListen,RA12,SEEG,uV,SI volts for voltage channels,3882048,0,-0.0008593364614328221,0.0017839373006790264,True,,ALL_SAMPLES
sub-SD019_ses-01_task-PassiveListen,RA13,SEEG,uV,SI volts for voltage channels,3882048,0,-0.0005703654688334478,0.0007662915236133364,True,,ALL_SAMPLES
sub-SD019_ses-01_task-PassiveListen,RA14,SEEG,uV,SI volts for voltage channels,3882048,0,-0.0009316456702525369,0.005746056595712214,True,,ALL_SAMPLES
sub-SD019_ses-01_task-PassiveListen,RA15,SEEG,uV,SI volts for voltage channels,3882048,0,-0.0010358560006103609,0.0032846192263675895,True,,ALL_SAMPLES
sub-SD019_ses-01_task-PassiveListen,RA16,SEEG,uV,SI volts for voltage channels,3882048,0,-0.0004435585107194629,0.00043717828641184095,True,,ALL_SAMPLES
sub-SD019_ses-01_task-PassiveListen,F7,EEG,uV,SI volts for voltage channels,3882048,0,-0.000636826138704509,0.00047120614938582435,False,OFFICIAL_BAD:noise,ALL_SAMPLES
sub-SD019_ses-01_task-PassiveListen,F8,EEG,uV,SI volts for voltage channels,3882048,0,-0.0022119440146486607,0.003605491340505073,False,OFFICIAL_BAD:noise,ALL_SAMPLES
sub-SD019_ses-01_task-PassiveListen,T3,EEG,uV,SI volts for voltage channels,3882048,0,-0.000875552864881361,0.0003521086289768825,False,OFFICIAL_BAD:noise,ALL_SAMPLES
sub-SD019_ses-01_task-PassiveListen,T4,EEG,uV,SI volts for voltage channels,3882048,0,-0.0016877022507057297,0.00043717828641184095,False,OFFICIAL_BAD:noise,ALL_SAMPLES
sub-SD019_ses-01_task-PassiveListen,T5,EEG,uV,SI volts for voltage channels,3882048,0,-0.003088161486228733,0.00029309155413138015,False,OFFICIAL_BAD:noise,ALL_SAMPLES
sub-SD019_ses-01_task-PassiveListen,T6,EEG,uV,SI volts for voltage channels,3882048,0,-0.0007692157930876631,0.000904795559624628,False,OFFICIAL_BAD:noise,ALL_SAMPLES
sub-SD019_ses-01_task-PassiveListen,F3,EEG,uV,SI volts for voltage channels,3882048,0,-0.0005509589532310978,0.00039437761501487747,False,OFFICIAL_BAD:noise,ALL_SAMPLES
sub-SD019_ses-01_task-PassiveListen,F4,EEG,uV,SI volts for voltage channels,3882048,0,-0.000545642099641413,0.00132137103837644,False,OFFICIAL_BAD:noise,ALL_SAMPLES
sub-SD019_ses-01_task-PassiveListen,C3,EEG,uV,SI volts for voltage channels,3882048,0,-0.0003103713282978561,0.0002609245899137865,False,README_UNUSED_C_PREFIX;OFFICIAL_BAD:noise,ALL_SAMPLES
sub-SD019_ses-01_task-PassiveListen,C4,EEG,uV,SI volts for voltage channels,3882048,0,-0.00040580885023270007,0.0005451104142824444,False,README_UNUSED_C_PREFIX;OFFICIAL_BAD:noise,ALL_SAMPLES
sub-SD019_ses-01_task-PassiveListen,P3,EEG,uV,SI volts for voltage channels,3882048,0,-0.0005416544594491493,0.0003560962691691462,False,OFFICIAL_BAD:noise,ALL_SAMPLES
sub-SD019_ses-01_task-PassiveListen,P4,EEG,uV,SI volts for voltage channels,3882048,0,-0.002151066041046769,0.0008231818570229647,False,OFFICIAL_BAD:noise,ALL_SAMPLES
sub-SD019_ses-01_task-PassiveListen,Fz,EEG,uV,SI volts for voltage channels,3882048,0,-0.0002704949263752194,0.0002582661631189441,False,OFFICIAL_BAD:noise,ALL_SAMPLES
sub-SD019_ses-01_task-PassiveListen,Cz,EEG,uV,SI volts for voltage channels,3882048,0,-0.00036114728007934695,0.00025879784847791256,False,README_UNUSED_C_PREFIX;OFFICIAL_BAD:noise,ALL_SAMPLES
sub-SD019_ses-01_task-PassiveListen,Pz,EEG,uV,SI volts for voltage channels,3882048,0,-0.0007747984893568322,0.0005501614251926451,False,OFFICIAL_BAD:noise,ALL_SAMPLES
sub-SD019_ses-01_task-PassiveListen,EKG2,ECG,uV,SI volts for voltage channels,3882048,0,-0.002079288517586023,0.004944275074387731,False,NOT_NEURAL_CHANNEL,ALL_SAMPLES
sub-SD019_ses-01_task-PassiveListen,EKG4,ECG,uV,SI volts for voltage channels,3882048,0,-0.0015085242847333485,0.0025431839932860303,False,NOT_NEURAL_CHANNEL,ALL_SAMPLES
sub-SD019_ses-01_task-PassiveListen,C256,OTHER,uV,SI volts for voltage channels,3882048,0,-0.008711,0.008711,False,README_UNUSED_C_PREFIX;OFFICIAL_BAD:noise;NOT_NEURAL_CHANNEL,ALL_SAMPLES
sub-SD019_ses-01_task-PassiveListen,DC1,MISC,n/a,SI volts for voltage channels,3882048,0,-1.1927249073014423,1.2180368047608146,False,UNKNOWN_CHANNEL_METADATA_OR_UNIT;NOT_NEURAL_CHANNEL,ALL_SAMPLES
sub-SD019_ses-01_task-PassiveListen,DC2,MISC,n/a,SI volts for voltage channels,3882048,0,-0.5745486289768829,0.6349198626688026,False,UNKNOWN_CHANNEL_METADATA_OR_UNIT;OFFICIAL_BAD:noise;NOT_NEURAL_CHANNEL,ALL_SAMPLES
sub-SD019_ses-01_task-PassiveListen,DC3,MISC,n/a,SI volts for voltage channels,3882048,0,-7.860837720334529e-05,0.030421441977568915,False,UNKNOWN_CHANNEL_METADATA_OR_UNIT;OFFICIAL_BAD:noise;NOT_NEURAL_CHANNEL,ALL_SAMPLES
sub-SD019_ses-01_task-PassiveListen,DC4,MISC,n/a,SI volts for voltage channels,3882048,0,-7.860837720334529e-05,0.03388021057450185,False,UNKNOWN_CHANNEL_METADATA_OR_UNIT;OFFICIAL_BAD:noise;NOT_NEURAL_CHANNEL,ALL_SAMPLES
sub-SD019_ses-01_task-PassiveListen,DC5,MISC,n/a,SI volts for voltage channels,3882048,0,-7.860837720334529e-05,0.0392255802243073,False,UNKNOWN_CHANNEL_METADATA_OR_UNIT;OFFICIAL_BAD:noise;NOT_NEURAL_CHANNEL,ALL_SAMPLES
sub-SD019_ses-01_task-PassiveListen,DC6,MISC,n/a,SI volts for voltage channels,3882048,0,-7.860837720334529e-05,0.033251343556877686,False,UNKNOWN_CHANNEL_METADATA_OR_UNIT;OFFICIAL_BAD:noise;NOT_NEURAL_CHANNEL,ALL_SAMPLES
sub-SD019_ses-01_task-PassiveListen,DC7,MISC,n/a,SI volts for voltage channels,3882048,0,-1.1535779354543378,1.21583577019913,False,UNKNOWN_CHANNEL_METADATA_OR_UNIT;OFFICIAL_BAD:noise;NOT_NEURAL_CHANNEL,ALL_SAMPLES
sub-SD019_ses-01_task-PassiveListen,DC8,MISC,n/a,SI volts for voltage channels,3882048,0,-0.005581194781414835,0.13025408102540595,False,UNKNOWN_CHANNEL_METADATA_OR_UNIT;OFFICIAL_BAD:noise;NOT_NEURAL_CHANNEL,ALL_SAMPLES
sub-SD019_ses-01_task-PassiveListen,DC9,MISC,n/a,SI volts for voltage channels,3882048,0,-7.860837720334529e-05,0.03891114671549521,False,UNKNOWN_CHANNEL_METADATA_OR_UNIT;OFFICIAL_BAD:noise;NOT_NEURAL_CHANNEL,ALL_SAMPLES
sub-SD019_ses-01_task-PassiveListen,DC10,MISC,n/a,SI volts for voltage channels,3882048,0,-7.860837720334529e-05,0.07695760128175752,False,UNKNOWN_CHANNEL_METADATA_OR_UNIT;OFFICIAL_BAD:noise;NOT_NEURAL_CHANNEL,ALL_SAMPLES
sub-SD019_ses-01_task-PassiveListen,DC11,MISC,n/a,SI volts for voltage channels,3882048,0,-7.860837720334529e-05,0.034194644083313935,False,UNKNOWN_CHANNEL_METADATA_OR_UNIT;OFFICIAL_BAD:noise;NOT_NEURAL_CHANNEL,ALL_SAMPLES
sub-SD019_ses-01_task-PassiveListen,DC12,MISC,n/a,SI volts for voltage channels,3882048,0,-7.860837720334529e-05,0.021302870222018443,False,UNKNOWN_CHANNEL_METADATA_OR_UNIT;OFFICIAL_BAD:noise;NOT_NEURAL_CHANNEL,ALL_SAMPLES
sub-SD019_ses-01_task-PassiveListen,DC13,MISC,n/a,SI volts for voltage channels,3882048,0,-7.860837720334529e-05,0.02837762417029036,False,UNKNOWN_CHANNEL_METADATA_OR_UNIT;OFFICIAL_BAD:noise;NOT_NEURAL_CHANNEL,ALL_SAMPLES
sub-SD019_ses-01_task-PassiveListen,DC14,MISC,n/a,SI volts for voltage channels,3882048,0,-7.860837720334529e-05,0.01988791943236406,False,UNKNOWN_CHANNEL_METADATA_OR_UNIT;OFFICIAL_BAD:noise;NOT_NEURAL_CHANNEL,ALL_SAMPLES
sub-SD019_ses-01_task-PassiveListen,DC15,MISC,n/a,SI volts for voltage channels,3882048,0,-7.860837720334529e-05,0.00998326390478338,False,UNKNOWN_CHANNEL_METADATA_OR_UNIT;OFFICIAL_BAD:noise;NOT_NEURAL_CHANNEL,ALL_SAMPLES
sub-SD019_ses-01_task-PassiveListen,DC16,MISC,n/a,SI volts for voltage channels,3882048,0,-7.860837720334529e-05,0.028849274433508487,False,UNKNOWN_CHANNEL_METADATA_OR_UNIT;OFFICIAL_BAD:noise;NOT_NEURAL_CHANNEL,ALL_SAMPLES
sub-SD019_ses-01_task-PassiveListen,TRIG,TRIG,n/a,SI volts for voltage channels,3882048,0,-7.860837720334529e-05,-7.860837720334529e-05,False,UNKNOWN_CHANNEL_METADATA_OR_UNIT;OFFICIAL_BAD:noise;NOT_NEURAL_CHANNEL;FLAT_EXACT,ALL_SAMPLES
sub-SD019_ses-01_task-PassiveListen,OSAT,MISC,n/a,SI volts for voltage channels,3882048,0,0.0,0.0,False,UNKNOWN_CHANNEL_METADATA_OR_UNIT;OFFICIAL_BAD:noise;NOT_NEURAL_CHANNEL;FLAT_EXACT,ALL_SAMPLES
sub-SD019_ses-01_task-PassiveListen,PR,MISC,n/a,SI volts for voltage channels,3882048,0,0.0,0.0,False,UNKNOWN_CHANNEL_METADATA_OR_UNIT;OFFICIAL_BAD:noise;NOT_NEURAL_CHANNEL;FLAT_EXACT,ALL_SAMPLES
sub-SD019_ses-01_task-PassiveListen,Pleth,MISC,n/a,SI volts for voltage channels,3882048,0,0.03276699999976158,2144.9836531480278,False,UNKNOWN_CHANNEL_METADATA_OR_UNIT;OFFICIAL_BAD:noise;NOT_NEURAL_CHANNEL,ALL_SAMPLES
sub-SD021_ses-01_task-PassiveListen,Trigger Event,MISC,n/a,SI volts for voltage channels,1742016,0,0.0,0.0,False,UNKNOWN_CHANNEL_METADATA_OR_UNIT;OFFICIAL_BAD:noise;NOT_NEURAL_CHANNEL;FLAT_EXACT,ALL_SAMPLES
sub-SD021_ses-01_task-PassiveListen,LMEG1,SEEG,uV,SI volts for voltage channels,1742016,0,-0.0005105508659494927,0.0009204802777141984,True,,ALL_SAMPLES
sub-SD021_ses-01_task-PassiveListen,LMEG2,SEEG,uV,SI volts for voltage channels,1742016,0,-0.0005841892881666285,0.0010366535286488135,True,,ALL_SAMPLES
sub-SD021_ses-01_task-PassiveListen,LMEG3,SEEG,uV,SI volts for voltage channels,1742016,0,-0.0006915897306782635,0.0011884496986343173,True,,ALL_SAMPLES
sub-SD021_ses-01_task-PassiveListen,LMEG4,SEEG,uV,SI volts for voltage channels,1742016,0,-0.000758316243228809,0.0012870773327229724,True,,ALL_SAMPLES
sub-SD021_ses-01_task-PassiveListen,LMEG5,SEEG,uV,SI volts for voltage channels,1742016,0,-0.0007819762417029069,0.0013335998016327153,True,,ALL_SAMPLES
sub-SD021_ses-01_task-PassiveListen,LMEG6,SEEG,uV,SI volts for voltage channels,1742016,0,-0.0007872930952925916,0.001322434409094377,True,,ALL_SAMPLES
sub-SD021_ses-01_task-PassiveListen,LMEG7,SEEG,uV,SI volts for voltage channels,1742016,0,-0.000775596017395285,0.001333068116273747,True,,ALL_SAMPLES
sub-SD021_ses-01_task-PassiveListen,LMEG8,SEEG,uV,SI volts for voltage channels,1742016,0,-0.0007870272526131074,0.0013335998016327153,True,,ALL_SAMPLES
sub-SD021_ses-01_task-PassiveListen,LMEG9,SEEG,uV,SI volts for voltage channels,1742016,0,-0.0008013827573052567,0.001341840924696727,True,,ALL_SAMPLES
sub-SD021_ses-01_task-PassiveListen,LMEG10,SEEG,uV,SI volts for voltage channels,1742016,0,-0.0008425883726253146,0.0013976678873884184,True,,ALL_SAMPLES
sub-SD021_ses-01_task-PassiveListen,LMEG11,SEEG,uV,SI volts for voltage channels,1742016,0,-0.0009207461203936827,0.0015234114747844662,True,,ALL_SAMPLES
sub-SD021_ses-01_task-PassiveListen,LMEG12,SEEG,uV,SI volts for voltage channels,1742016,0,-0.0011049750972762647,0.001930948302433814,True,,ALL_SAMPLES
sub-SD021_ses-01_task-PassiveListen,LMEG13,SEEG,uV,SI volts for voltage channels,1742016,0,-0.0014792815899900816,0.0028919695887693595,True,,ALL_SAMPLES
sub-SD021_ses-01_task-PassiveListen,LMEG14,SEEG,uV,SI volts for voltage channels,1742016,0,-0.0015930622568093385,0.0033619794460975046,True,,ALL_SAMPLES
sub-SD021_ses-01_task-PassiveListen,LMEG15,SEEG,uV,SI volts for voltage channels,1742016,0,-0.00146226765850309,0.003085237216754406,True,,ALL_SAMPLES
sub-SD021_ses-01_task-PassiveListen,LMEG16,SEEG,uV,SI volts for voltage channels,1742016,0,-0.000907985671778439,0.0015784409094377048,True,,ALL_SAMPLES
sub-SD021_ses-01_task-PassiveListen,LSMA1,SEEG,uV,SI volts for voltage channels,1742016,0,-0.0005424519874876021,0.0011291667811093309,True,,ALL_SAMPLES
sub-SD021_ses-01_task-PassiveListen,LSMA2,SEEG,uV,SI volts for voltage channels,1742016,0,-0.000581530861371786,0.0011086968947890438,True,,ALL_SAMPLES
sub-SD021_ses-01_task-PassiveListen,LSMA3,SEEG,uV,SI volts for voltage channels,1742016,0,-0.0006599544518196384,0.0011102919508659494,True,,ALL_SAMPLES
sub-SD021_ses-01_task-PassiveListen,LSMA4,SEEG,uV,SI volts for voltage channels,1742016,0,-0.0006655371480888075,0.0011302301518272679,True,,ALL_SAMPLES
sub-SD021_ses-01_task-PassiveListen,LSMA5,SEEG,uV,SI volts for voltage channels,1742016,0,-0.0006992991683833067,0.0011623971160448616,True,,ALL_SAMPLES
sub-SD021_ses-01_task-PassiveListen,LSMA6,SEEG,uV,SI volts for voltage channels,1742016,0,-0.0007559236591134508,0.0012432132906080719,True,,ALL_SAMPLES
sub-SD021_ses-01_task-PassiveListen,LSMA7,SEEG,uV,SI volts for voltage channels,1742016,0,-0.0008292962386511024,0.0013389166552224003,True,,ALL_SAMPLES
sub-SD021_ses-01_task-PassiveListen,LSMA8,SEEG,uV,SI volts for voltage channels,1742016,0,-0.0009026688181887541,0.0014388735027084762,True,,ALL_SAMPLES
sub-SD021_ses-01_task-PassiveListen,LSMA9,SEEG,uV,SI volts for voltage channels,1742016,0,-0.0010472872358281834,0.0016526110170138094,True,,ALL_SAMPLES
sub-SD021_ses-01_task-PassiveListen,LSMA10,SEEG,uV,SI volts for voltage channels,1742016,0,-0.001108696894789044,0.0018511954985885404,True,,ALL_SAMPLES
sub-SD021_ses-01_task-PassiveListen,LSMA11,SEEG,uV,SI volts for voltage channels,1742016,0,-0.0011730308232242314,0.0019944847028305485,True,,ALL_SAMPLES
sub-SD021_ses-01_task-PassiveListen,LSMA12,SEEG,uV,SI volts for voltage channels,1742016,0,-0.0011251791409170673,0.0019110101014724954,True,,ALL_SAMPLES
sub-SD021_ses-01_task-PassiveListen,LSMA13,SEEG,uV,SI volts for voltage channels,1742016,0,-0.0009228728618295568,0.0009207461203936827,True,,ALL_SAMPLES
sub-SD021_ses-01_task-PassiveListen,LSMA14,SEEG,uV,SI volts for voltage channels,1742016,0,-0.0008463101701380941,0.0003877315480277714,True,,ALL_SAMPLES
sub-SD021_ses-01_task-PassiveListen,LPPV1,SEEG,uV,SI volts for voltage channels,1742016,0,-0.0006214072632944228,0.0012862798046845195,True,,ALL_SAMPLES
sub-SD021_ses-01_task-PassiveListen,LPPV2,SEEG,uV,SI volts for voltage channels,1742016,0,-0.0006155587243457693,0.0011193306019684137,True,,ALL_SAMPLES
sub-SD021_ses-01_task-PassiveListen,LPPV3,SEEG,uV,SI volts for voltage channels,1742016,0,-0.0006753733272297246,0.0011323568932631418,True,,ALL_SAMPLES
sub-SD021_ses-01_task-PassiveListen,LPPV4,SEEG,uV,SI volts for voltage channels,1742016,0,-0.0006796268101014725,0.0011549535210193026,True,,ALL_SAMPLES
sub-SD021_ses-01_task-PassiveListen,LPPV5,SEEG,uV,SI volts for voltage channels,1742016,0,-0.000651979171435111,0.0011126845349813076,True,,ALL_SAMPLES
sub-SD021_ses-01_task-PassiveListen,LPPV6,SEEG,uV,SI volts for voltage channels,1742016,0,-0.0006320409704737926,0.001081580941481651,True,,ALL_SAMPLES
sub-SD021_ses-01_task-PassiveListen,LPPV7,SEEG,uV,SI volts for voltage channels,1742016,0,-0.0005849868162050812,0.0010353243152513923,True,,ALL_SAMPLES
sub-SD021_ses-01_task-PassiveListen,LPPV8,SEEG,uV,SI volts for voltage channels,1742016,0,-0.0005267672693980316,0.000972053757534142,True,,ALL_SAMPLES
sub-SD021_ses-01_task-PassiveListen,LPPV9,SEEG,uV,SI volts for voltage channels,1742016,0,-0.00044090008392462044,0.0009098465705348287,True,,ALL_SAMPLES
sub-SD021_ses-01_task-PassiveListen,LPPV10,SEEG,uV,SI volts for voltage channels,1742016,0,-0.00039384592965590904,0.0007591137712672617,True,,ALL_SAMPLES
sub-SD021_ses-01_task-PassiveListen,LPPV11,SEEG,uV,SI volts for voltage channels,1742016,0,-0.000357957167925536,0.0006862728770885786,True,,ALL_SAMPLES
sub-SD021_ses-01_task-PassiveListen,LPPV12,SEEG,uV,SI volts for voltage channels,1742016,0,-0.0004068722209506371,0.0006966407415884641,True,,ALL_SAMPLES
sub-SD021_ses-01_task-PassiveListen,LPPV13,SEEG,uV,SI volts for voltage channels,1742016,0,-0.0004105940184634165,0.0007343904020752269,True,,ALL_SAMPLES
sub-SD021_ses-01_task-PassiveListen,LPPV14,SEEG,uV,SI volts for voltage channels,1742016,0,-0.00043345648889906157,0.0008569438773174639,True,,ALL_SAMPLES
sub-SD021_ses-01_task-PassiveListen,LPPV15,SEEG,uV,SI volts for voltage channels,1742016,0,-0.0003241951476310369,0.0006426746776531624,True,,ALL_SAMPLES
sub-SD021_ses-01_task-PassiveListen,LPPV16,SEEG,uV,SI volts for voltage channels,1742016,0,-0.004019674235141527,0.0005480346837567711,True,,ALL_SAMPLES
sub-SD021_ses-01_task-PassiveListen,LTH1,SEEG,uV,SI volts for voltage channels,1742016,0,-0.000533679179064622,0.0011895130693522543,True,,ALL_SAMPLES
sub-SD021_ses-01_task-PassiveListen,LTH2,SEEG,uV,SI volts for voltage channels,1742016,0,-0.00048715671015487906,0.0009369625238422216,True,,ALL_SAMPLES
sub-SD021_ses-01_task-PassiveListen,LTH3,SEEG,uV,SI volts for voltage channels,1742016,0,-0.0004860933394369421,0.0007266809643701838,True,,ALL_SAMPLES
sub-SD021_ses-01_task-PassiveListen,LTH4,SEEG,uV,SI volts for voltage channels,1742016,0,-0.000491410193026627,0.0007825079270618753,True,,ALL_SAMPLES
sub-SD021_ses-01_task-PassiveListen,LTH5,SEEG,uV,SI volts for voltage channels,1742016,0,-0.0005291598535133898,0.0008707676966506447,True,,ALL_SAMPLES
sub-SD021_ses-01_task-PassiveListen,LTH6,SEEG,uV,SI volts for voltage channels,1742016,0,-0.0005432495155260548,0.0009537106126497291,True,,ALL_SAMPLES
sub-SD021_ses-01_task-PassiveListen,LTH7,SEEG,uV,SI volts for voltage channels,1742016,0,-0.0005528198519874876,0.0009779022964827955,True,,ALL_SAMPLES
sub-SD021_ses-01_task-PassiveListen,LTH8,SEEG,uV,SI volts for voltage channels,1742016,0,-0.0005788724345769436,0.0010486164492256045,True,,ALL_SAMPLES
sub-SD021_ses-01_task-PassiveListen,LTH9,SEEG,uV,SI volts for voltage channels,1742016,0,-0.0006222047913328756,0.001042767910276951,True,,ALL_SAMPLES
sub-SD021_ses-01_task-PassiveListen,LTH10,SEEG,uV,SI volts for voltage channels,1742016,0,-0.0006958432135500115,0.0011544218356603342,True,,ALL_SAMPLES
sub-SD021_ses-01_task-PassiveListen,LTH11,SEEG,uV,SI volts for voltage channels,1742016,0,-0.0008141432059205004,0.0013229660944533454,True,,ALL_SAMPLES
sub-SD021_ses-01_task-PassiveListen,LTH12,SEEG,uV,SI volts for voltage channels,1742016,0,-0.0008630582589456016,0.0014293031662470433,True,,ALL_SAMPLES
sub-SD021_ses-01_task-PassiveListen,LTH13,SEEG,uV,SI volts for voltage channels,1742016,0,-0.0007950025329976348,0.0014606726024261846,True,,ALL_SAMPLES
sub-SD021_ses-01_task-PassiveListen,LTH14,SEEG,uV,SI volts for voltage channels,1742016,0,-0.0007575187151903564,0.001501612375066758,True,,ALL_SAMPLES
sub-SD021_ses-01_task-PassiveListen,LTH15,SEEG,uV,SI volts for voltage channels,1742016,0,-0.0008550829785610743,0.0014747622644388492,True,,ALL_SAMPLES
sub-SD021_ses-01_task-PassiveListen,LTH16,SEEG,uV,SI volts for voltage channels,1742016,0,-0.0007955342183566033,0.0006442697337300679,True,,ALL_SAMPLES
sub-SD021_ses-01_task-PassiveListen,C63,OTHER,uV,SI volts for voltage channels,1742016,0,-0.0007423656824597543,0.0008795405050736248,False,README_UNUSED_C_PREFIX;OFFICIAL_BAD:noise;NOT_NEURAL_CHANNEL,ALL_SAMPLES
sub-SD021_ses-01_task-PassiveListen,C64,OTHER,uV,SI volts for voltage channels,1742016,0,-0.0011969566643778135,0.0012527836270695048,False,README_UNUSED_C_PREFIX;OFFICIAL_BAD:noise;NOT_NEURAL_CHANNEL,ALL_SAMPLES
sub-SD021_ses-01_task-PassiveListen,LMEGOF1,SEEG,uV,SI volts for voltage channels,1742016,0,-0.0006820193942168307,0.0006612836652170595,True,,ALL_SAMPLES
sub-SD021_ses-01_task-PassiveListen,LMEGOF2,SEEG,uV,SI volts for voltage channels,1742016,0,-0.0005802016479743648,0.0006277874876020447,True,,ALL_SAMPLES
sub-SD021_ses-01_task-PassiveListen,LMEGOF3,SEEG,uV,SI volts for voltage channels,1742016,0,-0.000878742977035172,0.0014098966506446936,True,,ALL_SAMPLES
sub-SD021_ses-01_task-PassiveListen,LMEGOF4,SEEG,uV,SI volts for voltage channels,1742016,0,-0.0012634173342488744,0.002191474128328374,True,,ALL_SAMPLES
sub-SD021_ses-01_task-PassiveListen,LMEGOF5,SEEG,uV,SI volts for voltage channels,1742016,0,-0.001306218005645838,0.002129798626688029,True,,ALL_SAMPLES
sub-SD021_ses-01_task-PassiveListen,LMEGOF6,SEEG,uV,SI volts for voltage channels,1742016,0,-0.001251986099031052,0.0020556285191119248,True,,ALL_SAMPLES
sub-SD021_ses-01_task-PassiveListen,LMEGOF7,SEEG,uV,SI volts for voltage channels,1742016,0,-0.001202805203326467,0.001966571221484703,True,,ALL_SAMPLES
sub-SD021_ses-01_task-PassiveListen,LMEGOF8,SEEG,uV,SI volts for voltage channels,1742016,0,-0.0011756892500190737,0.0019344042572671091,True,,ALL_SAMPLES
sub-SD021_ses-01_task-PassiveListen,LMEGOF9,SEEG,uV,SI volts for voltage channels,1742016,0,-0.00115415599298085,0.001935467627985046,True,,ALL_SAMPLES
sub-SD021_ses-01_task-PassiveListen,LMEGOF10,SEEG,uV,SI volts for voltage channels,1742016,0,-0.0010605793698023956,0.001889742687113756,True,,ALL_SAMPLES
sub-SD021_ses-01_task-PassiveListen,LMEGOF11,SEEG,uV,SI volts for voltage channels,1742016,0,-0.0009943845426108188,0.0018041413443198292,True,,ALL_SAMPLES
sub-SD021_ses-01_task-PassiveListen,LMEGOF12,SEEG,uV,SI volts for voltage channels,1742016,0,-0.001023095551995117,0.0017807471885252155,True,,ALL_SAMPLES
sub-SD021_ses-01_task-PassiveListen,LMEGOF13,SEEG,uV,SI volts for voltage channels,1742016,0,-0.0009135683680476081,0.001709767193102922,True,,ALL_SAMPLES
sub-SD021_ses-01_task-PassiveListen,LMEGOF14,SEEG,uV,SI volts for voltage channels,1742016,0,-0.000708337819485771,0.0014048456397344929,True,,ALL_SAMPLES
sub-SD021_ses-01_task-PassiveListen,LMEGOF15,SEEG,uV,SI volts for voltage channels,1742016,0,-0.0006841461356527046,0.0015715289997711146,True,,ALL_SAMPLES
sub-SD021_ses-01_task-PassiveListen,LMEGOF16,SEEG,uV,SI volts for voltage channels,1742016,0,-0.0006559668116273747,0.00043850749980926216,True,,ALL_SAMPLES
sub-SD021_ses-01_task-PassiveListen,RTH1,SEEG,uV,SI volts for voltage channels,1742016,0,-0.0005573391775387197,0.0007819762417029068,True,,ALL_SAMPLES
sub-SD021_ses-01_task-PassiveListen,RTH2,SEEG,uV,SI volts for voltage channels,1742016,0,-0.0005015122148470283,0.0006684614175631342,True,,ALL_SAMPLES
sub-SD021_ses-01_task-PassiveListen,RTH3,SEEG,uV,SI volts for voltage channels,1742016,0,-0.0005679728847180896,0.0007769252307927062,True,,ALL_SAMPLES
sub-SD021_ses-01_task-PassiveListen,RTH4,SEEG,uV,SI volts for voltage channels,1742016,0,-0.000593493781948577,0.000969927016098268,True,,ALL_SAMPLES
sub-SD021_ses-01_task-PassiveListen,RTH5,SEEG,uV,SI volts for voltage channels,1742016,0,-0.0005884427710383765,0.0010132593728542,True,,ALL_SAMPLES
sub-SD021_ses-01_task-PassiveListen,RTH6,SEEG,uV,SI volts for voltage channels,1742016,0,-0.0006174196231021592,0.001058718471046006,True,,ALL_SAMPLES
sub-SD021_ses-01_task-PassiveListen,RTH7,SEEG,uV,SI volts for voltage channels,1742016,0,-0.0006501182726787213,0.0011158746471351187,True,,ALL_SAMPLES
sub-SD021_ses-01_task-PassiveListen,RTH8,SEEG,uV,SI volts for voltage channels,1742016,0,-0.0006942481574731059,0.0012174265506981002,True,,ALL_SAMPLES
sub-SD021_ses-01_task-PassiveListen,RTH9,SEEG,uV,SI volts for voltage channels,1742016,0,-0.0007107304036011291,0.0013373215991454945,True,,ALL_SAMPLES
sub-SD021_ses-01_task-PassiveListen,RTH10,SEEG,uV,SI volts for voltage channels,1742016,0,-0.0008077629816128786,0.0014487096818493934,True,,ALL_SAMPLES
sub-SD021_ses-01_task-PassiveListen,RTH11,SEEG,uV,SI volts for voltage channels,1742016,0,-0.0008875157854581521,0.0014340883344777598,True,,ALL_SAMPLES
sub-SD021_ses-01_task-PassiveListen,RTH12,SEEG,uV,SI volts for voltage channels,1742016,0,-0.0008837939879453727,0.0014750281071183337,True,,ALL_SAMPLES
sub-SD021_ses-01_task-PassiveListen,RTH13,SEEG,uV,SI volts for voltage channels,1742016,0,-0.0008606656748302434,0.001622039108873121,True,,ALL_SAMPLES
sub-SD021_ses-01_task-PassiveListen,RTH14,SEEG,uV,SI volts for voltage channels,1742016,0,-0.0009531789272907607,0.0016709541618982221,True,,ALL_SAMPLES
sub-SD021_ses-01_task-PassiveListen,RTH15,SEEG,uV,SI volts for voltage channels,1742016,0,-0.000961154207675288,0.0016342678721293963,True,,ALL_SAMPLES
sub-SD021_ses-01_task-PassiveListen,RTH16,SEEG,uV,SI volts for voltage channels,1742016,0,-0.0007165789425497825,0.0010541991454947738,True,,ALL_SAMPLES
sub-SD021_ses-01_task-PassiveListen,RSMA1,SEEG,uV,SI volts for voltage channels,1742016,0,-0.0005942913099870298,0.0011679798123140305,True,,ALL_SAMPLES
sub-SD021_ses-01_task-PassiveListen,RSMA2,SEEG,uV,SI volts for voltage channels,1742016,0,-0.0006192805218585489,0.0010863661097123675,True,,ALL_SAMPLES
sub-SD021_ses-01_task-PassiveListen,RSMA3,SEEG,uV,SI volts for voltage channels,1742016,0,-0.0005065632257572289,0.0009358991531242846,True,,ALL_SAMPLES
sub-SD021_ses-01_task-PassiveListen,RSMA4,SEEG,uV,SI volts for voltage channels,1742016,0,-0.0005366034485389487,0.0008915034256504157,True,,ALL_SAMPLES
sub-SD021_ses-01_task-PassiveListen,RSMA5,SEEG,uV,SI volts for voltage channels,1742016,0,-0.0005809991760128176,0.0009016054474708171,True,,ALL_SAMPLES
sub-SD021_ses-01_task-PassiveListen,RSMA6,SEEG,uV,SI volts for voltage channels,1742016,0,-0.0005972155794613565,0.0009364308384832531,True,,ALL_SAMPLES
sub-SD021_ses-01_task-PassiveListen,RSMA7,SEEG,uV,SI volts for voltage channels,1742016,0,-0.0006434722056916152,0.0010661620660715647,True,,ALL_SAMPLES
sub-SD021_ses-01_task-PassiveListen,RSMA8,SEEG,uV,SI volts for voltage channels,1742016,0,-0.0007662915236133364,0.0013112690165560385,True,,ALL_SAMPLES
sub-SD021_ses-01_task-PassiveListen,RSMA9,SEEG,uV,SI volts for voltage channels,1742016,0,-0.0005655803006027314,0.0010478189211871518,True,,ALL_SAMPLES
sub-SD021_ses-01_task-PassiveListen,RSMA10,SEEG,uV,SI volts for voltage channels,1742016,0,-0.0009659393759060044,0.001416808560311284,True,,ALL_SAMPLES
sub-SD021_ses-01_task-PassiveListen,RSMA11,SEEG,uV,SI volts for voltage channels,1742016,0,-0.0010305391470206758,0.0014731672083619439,True,,ALL_SAMPLES
sub-SD021_ses-01_task-PassiveListen,RSMA12,SEEG,uV,SI volts for voltage channels,1742016,0,-0.0012131730678263523,0.0017068429236285953,True,,ALL_SAMPLES
sub-SD021_ses-01_task-PassiveListen,RSMA13,SEEG,uV,SI volts for voltage channels,1742016,0,-0.00146226765850309,0.0018727287556267642,True,,ALL_SAMPLES
sub-SD021_ses-01_task-PassiveListen,RSMA14,SEEG,uV,SI volts for voltage channels,1742016,0,-0.0016573961852445259,0.001940784481574731,True,,ALL_SAMPLES
sub-SD021_ses-01_task-PassiveListen,RSMA15,SEEG,uV,SI volts for voltage channels,1742016,0,-0.0017624040436408025,0.001995016388189517,True,,ALL_SAMPLES
sub-SD021_ses-01_task-PassiveListen,RSMA16,SEEG,uV,SI volts for voltage channels,1742016,0,-0.0006301800717174029,0.00036859087510490577,True,,ALL_SAMPLES
sub-SD021_ses-01_task-PassiveListen,RMEG1,SEEG,uV,SI volts for voltage channels,1742016,0,-0.000917821850919356,0.0015353743953612571,True,,ALL_SAMPLES
sub-SD021_ses-01_task-PassiveListen,RMEG2,SEEG,uV,SI volts for voltage channels,1742016,0,-0.0012841530632486458,0.002093644022278172,True,,ALL_SAMPLES
sub-SD021_ses-01_task-PassiveListen,RMEG3,SEEG,uV,SI volts for voltage channels,1742016,0,-0.0013599182269016556,0.002311103334096284,True,,ALL_SAMPLES
sub-SD021_ses-01_task-PassiveListen,RMEG4,SEEG,uV,SI volts for voltage channels,1742016,0,-0.0012397573357747769,0.001718274158846418,True,,ALL_SAMPLES
sub-SD021_ses-01_task-PassiveListen,RMEG5,SEEG,uV,SI volts for voltage channels,1742016,0,-0.0013607157549401082,0.0018955912260624093,True,,ALL_SAMPLES
sub-SD021_ses-01_task-PassiveListen,RMEG6,SEEG,uV,SI volts for voltage channels,1742016,0,-0.0013179150835431449,0.0018636901045243,True,,ALL_SAMPLES
sub-SD021_ses-01_task-PassiveListen,RMEG7,SEEG,uV,SI volts for voltage channels,1742016,0,-0.0014274422674906539,0.001792178423743038,True,,ALL_SAMPLES
sub-SD021_ses-01_task-PassiveListen,RMEG8,SEEG,uV,SI volts for voltage channels,1742016,0,-0.0012057294728007935,0.0017828739299610894,True,,ALL_SAMPLES
sub-SD021_ses-01_task-PassiveListen,RMEG9,SEEG,uV,SI volts for voltage channels,1742016,0,-0.0011491049820706494,0.001748846066987106,True,,ALL_SAMPLES
sub-SD021_ses-01_task-PassiveListen,RMEG10,SEEG,uV,SI volts for voltage channels,1742016,0,-0.0010850368963149463,0.0017124256198977645,True,,ALL_SAMPLES
sub-SD021_ses-01_task-PassiveListen,RMEG11,SEEG,uV,SI volts for voltage channels,1742016,0,-0.0010252222934309912,0.0016778660715648127,True,,ALL_SAMPLES
sub-SD021_ses-01_task-PassiveListen,RMEG12,SEEG,uV,SI volts for voltage channels,1742016,0,-0.0009164926375219349,0.0018102557259479667,True,,ALL_SAMPLES
sub-SD021_ses-01_task-PassiveListen,RMEG13,SEEG,uV,SI volts for voltage channels,1742016,0,-0.0008378032043945983,0.0014848642862592507,True,,ALL_SAMPLES
sub-SD021_ses-01_task-PassiveListen,RMEG14,SEEG,uV,SI volts for voltage channels,1742016,0,-0.0011631946440833142,0.0026431408407721064,True,,ALL_SAMPLES
sub-SD021_ses-01_task-PassiveListen,RMEG15,SEEG,uV,SI volts for voltage channels,1742016,0,-0.0014630651865415428,0.0027085381399252306,True,,ALL_SAMPLES
sub-SD021_ses-01_task-PassiveListen,RMEG16,SEEG,uV,SI volts for voltage channels,1742016,0,-0.0012828238498512245,0.0014848642862592507,True,,ALL_SAMPLES
sub-SD021_ses-01_task-PassiveListen,RFAC1,SEEG,uV,SI volts for voltage channels,1742016,0,-0.0006192805218585489,0.0011310276798657205,True,,ALL_SAMPLES
sub-SD021_ses-01_task-PassiveListen,RFAC2,SEEG,uV,SI volts for voltage channels,1742016,0,-0.0006655371480888075,0.0012748485694666972,True,,ALL_SAMPLES
sub-SD021_ses-01_task-PassiveListen,RFAC3,SEEG,uV,SI volts for voltage channels,1742016,0,-0.0009223411764705883,0.0016204440527962157,True,,ALL_SAMPLES
sub-SD021_ses-01_task-PassiveListen,RFAC4,SEEG,uV,SI volts for voltage channels,1742016,0,-0.0010225638666361487,0.001681322026398108,True,,ALL_SAMPLES
sub-SD021_ses-01_task-PassiveListen,RFAC5,SEEG,uV,SI volts for voltage channels,1742016,0,-0.0010193737544823378,0.0016605862973983366,True,,ALL_SAMPLES
sub-SD021_ses-01_task-PassiveListen,RFAC6,SEEG,uV,SI volts for voltage channels,1742016,0,-0.0009765730830853742,0.0016494209048599983,True,,ALL_SAMPLES
sub-SD021_ses-01_task-PassiveListen,RFAC7,SEEG,uV,SI volts for voltage channels,1742016,0,-0.0009864092622262912,0.0016023667505912869,True,,ALL_SAMPLES
sub-SD021_ses-01_task-PassiveListen,RFAC8,SEEG,uV,SI volts for voltage channels,1742016,0,-0.0009539764553292134,0.001518892149233234,True,,ALL_SAMPLES
sub-SD021_ses-01_task-PassiveListen,RFAC9,SEEG,uV,SI volts for voltage channels,1742016,0,-0.0015356402380407416,0.0023089765926604102,True,,ALL_SAMPLES
sub-SD021_ses-01_task-PassiveListen,RFAC10,SEEG,uV,SI volts for voltage channels,1742016,0,-0.0015119802395666437,0.002686473197528038,True,,ALL_SAMPLES
sub-SD021_ses-01_task-PassiveListen,RFAC11,SEEG,uV,SI volts for voltage channels,1742016,0,-0.0011706382391088732,0.0023448653543907834,True,,ALL_SAMPLES
sub-SD021_ses-01_task-PassiveListen,RFAC12,SEEG,uV,SI volts for voltage channels,1742016,0,-0.0011655872281986722,0.0020644013275349046,True,,ALL_SAMPLES
sub-SD021_ses-01_task-PassiveListen,RFAC13,SEEG,uV,SI volts for voltage channels,1742016,0,-0.0009284555580987259,0.0016552694438086517,True,,ALL_SAMPLES
sub-SD021_ses-01_task-PassiveListen,RFAC14,SEEG,uV,SI volts for voltage channels,1742016,0,-0.0005562758068207828,0.0008986811779964904,True,,ALL_SAMPLES
sub-SD021_ses-01_task-PassiveListen,RFAC15,SEEG,uV,SI volts for voltage channels,1742016,0,-0.000593493781948577,0.0005562758068207828,True,,ALL_SAMPLES
sub-SD021_ses-01_task-PassiveListen,RFAC16,SEEG,uV,SI volts for voltage channels,1742016,0,-0.0017246543831540397,0.00043451985961699853,True,,ALL_SAMPLES
sub-SD021_ses-01_task-PassiveListen,EKG1,ECG,uV,SI volts for voltage channels,1742016,0,-0.008711,0.008711,False,NOT_NEURAL_CHANNEL,ALL_SAMPLES
sub-SD021_ses-01_task-PassiveListen,EKG2,ECG,uV,SI volts for voltage channels,1742016,0,-0.0016983359578850994,0.0027609091477836267,False,NOT_NEURAL_CHANNEL,ALL_SAMPLES
sub-SD021_ses-01_task-PassiveListen,EKG3,ECG,uV,SI volts for voltage channels,1742016,0,-0.0015380328221560999,0.0017246543831540397,False,NOT_NEURAL_CHANNEL,ALL_SAMPLES
sub-SD021_ses-01_task-PassiveListen,EKG4,ECG,uV,SI volts for voltage channels,1742016,0,-0.0011935007095445183,0.001356993957427329,False,NOT_NEURAL_CHANNEL,ALL_SAMPLES
sub-SD021_ses-01_task-PassiveListen,T3,EEG,uV,SI volts for voltage channels,1742016,0,-0.00030239604791332876,0.000301598519874876,False,OFFICIAL_BAD:noise,ALL_SAMPLES
sub-SD021_ses-01_task-PassiveListen,T4,EEG,uV,SI volts for voltage channels,1742016,0,-0.0005217162584878309,0.00035157694361791404,False,OFFICIAL_BAD:noise,ALL_SAMPLES
sub-SD021_ses-01_task-PassiveListen,T5,EEG,uV,SI volts for voltage channels,1742016,0,-0.0003680591897459373,0.00041059401846341647,False,OFFICIAL_BAD:noise,ALL_SAMPLES
sub-SD021_ses-01_task-PassiveListen,T6,EEG,uV,SI volts for voltage channels,1742016,0,-0.0005921645685511559,0.0003861364919508659,False,OFFICIAL_BAD:noise,ALL_SAMPLES
sub-SD021_ses-01_task-PassiveListen,O1,EEG,uV,SI volts for voltage channels,1742016,0,-0.00035131110093842985,0.00031435896849011974,False,OFFICIAL_BAD:noise,ALL_SAMPLES
sub-SD021_ses-01_task-PassiveListen,O2,EEG,uV,SI volts for voltage channels,1742016,0,-0.0005602634470130465,0.00034147492179751275,False,OFFICIAL_BAD:noise,ALL_SAMPLES
sub-SD021_ses-01_task-PassiveListen,F3,EEG,uV,SI volts for voltage channels,1742016,0,-0.0005161335622186618,0.0003311070572976272,False,OFFICIAL_BAD:noise,ALL_SAMPLES
sub-SD021_ses-01_task-PassiveListen,F4,EEG,uV,SI volts for voltage channels,1742016,0,-0.0003186124513618677,0.00029335739681086434,False,OFFICIAL_BAD:noise,ALL_SAMPLES
sub-SD021_ses-01_task-PassiveListen,C3,EEG,uV,SI volts for voltage channels,1742016,0,-0.00045631895933470666,0.00025454436560616464,False,README_UNUSED_C_PREFIX;OFFICIAL_BAD:noise,ALL_SAMPLES
sub-SD021_ses-01_task-PassiveListen,C4,EEG,uV,SI volts for voltage channels,1742016,0,-0.0003446650339513237,0.00018569111161974514,False,README_UNUSED_C_PREFIX;OFFICIAL_BAD:noise,ALL_SAMPLES
sub-SD021_ses-01_task-PassiveListen,P3,EEG,uV,SI volts for voltage channels,1742016,0,-0.0001939322346837568,0.0003093079575799191,False,OFFICIAL_BAD:noise,ALL_SAMPLES
sub-SD021_ses-01_task-PassiveListen,P4,EEG,uV,SI volts for voltage channels,1742016,0,-0.00023992301823453117,0.0002845845883878843,False,OFFICIAL_BAD:noise,ALL_SAMPLES
sub-SD021_ses-01_task-PassiveListen,Fz,EEG,uV,SI volts for voltage channels,1742016,0,-0.00014767560845349814,0.00015751178759441519,False,OFFICIAL_BAD:noise,ALL_SAMPLES
sub-SD021_ses-01_task-PassiveListen,Cz,EEG,uV,SI volts for voltage channels,1742016,0,-0.0001614994277866789,0.000221314030670634,False,README_UNUSED_C_PREFIX;OFFICIAL_BAD:noise,ALL_SAMPLES
sub-SD021_ses-01_task-PassiveListen,Pz,EEG,uV,SI volts for voltage channels,1742016,0,-0.00043345648889906157,0.000290698970016022,False,OFFICIAL_BAD:noise,ALL_SAMPLES
sub-SD021_ses-01_task-PassiveListen,C164,OTHER,uV,SI volts for voltage channels,1742016,0,1.3292133974209717e-07,0.008711,False,README_UNUSED_C_PREFIX;OFFICIAL_BAD:noise;NOT_NEURAL_CHANNEL,ALL_SAMPLES
sub-SD021_ses-01_task-PassiveListen,C165,OTHER,uV,SI volts for voltage channels,1742016,0,1.3292133974209717e-07,0.008711,False,README_UNUSED_C_PREFIX;OFFICIAL_BAD:noise;NOT_NEURAL_CHANNEL,ALL_SAMPLES
sub-SD021_ses-01_task-PassiveListen,C166,OTHER,uV,SI volts for voltage channels,1742016,0,1.3292133974209717e-07,0.008711,False,README_UNUSED_C_PREFIX;OFFICIAL_BAD:noise;NOT_NEURAL_CHANNEL,ALL_SAMPLES
sub-SD021_ses-01_task-PassiveListen,C167,OTHER,uV,SI volts for voltage channels,1742016,0,1.3292133974209717e-07,0.008711,False,README_UNUSED_C_PREFIX;OFFICIAL_BAD:noise;NOT_NEURAL_CHANNEL,ALL_SAMPLES
sub-SD021_ses-01_task-PassiveListen,C168,OTHER,uV,SI volts for voltage channels,1742016,0,1.3292133974209717e-07,0.008711,False,README_UNUSED_C_PREFIX;OFFICIAL_BAD:noise;NOT_NEURAL_CHANNEL,ALL_SAMPLES
sub-SD021_ses-01_task-PassiveListen,C169,OTHER,uV,SI volts for voltage channels,1742016,0,1.3292133974209717e-07,0.008711,False,README_UNUSED_C_PREFIX;OFFICIAL_BAD:noise;NOT_NEURAL_CHANNEL,ALL_SAMPLES
sub-SD021_ses-01_task-PassiveListen,C170,OTHER,uV,SI volts for voltage channels,1742016,0,1.3292133974209717e-07,0.008711,False,README_UNUSED_C_PREFIX;OFFICIAL_BAD:noise;NOT_NEURAL_CHANNEL,ALL_SAMPLES
sub-SD021_ses-01_task-PassiveListen,C171,OTHER,uV,SI volts for voltage channels,1742016,0,1.3292133974209717e-07,0.008711,False,README_UNUSED_C_PREFIX;OFFICIAL_BAD:noise;NOT_NEURAL_CHANNEL,ALL_SAMPLES
sub-SD021_ses-01_task-PassiveListen,C172,OTHER,uV,SI volts for voltage channels,1742016,0,1.3292133974209717e-07,0.008711,False,README_UNUSED_C_PREFIX;OFFICIAL_BAD:noise;NOT_NEURAL_CHANNEL,ALL_SAMPLES
sub-SD021_ses-01_task-PassiveListen,C173,OTHER,uV,SI volts for voltage channels,1742016,0,1.3292133974209717e-07,0.008711,False,README_UNUSED_C_PREFIX;OFFICIAL_BAD:noise;NOT_NEURAL_CHANNEL,ALL_SAMPLES
sub-SD021_ses-01_task-PassiveListen,C174,OTHER,uV,SI volts for voltage channels,1742016,0,1.3292133974209717e-07,0.008711,False,README_UNUSED_C_PREFIX;OFFICIAL_BAD:noise;NOT_NEURAL_CHANNEL,ALL_SAMPLES
sub-SD021_ses-01_task-PassiveListen,C175,OTHER,uV,SI volts for voltage channels,1742016,0,1.3292133974209717e-07,0.008711,False,README_UNUSED_C_PREFIX;OFFICIAL_BAD:noise;NOT_NEURAL_CHANNEL,ALL_SAMPLES
sub-SD021_ses-01_task-PassiveListen,C176,OTHER,uV,SI volts for voltage channels,1742016,0,1.3292133974209717e-07,0.008711,False,README_UNUSED_C_PREFIX;OFFICIAL_BAD:noise;NOT_NEURAL_CHANNEL,ALL_SAMPLES
sub-SD021_ses-01_task-PassiveListen,C177,OTHER,uV,SI volts for voltage channels,1742016,0,1.3292133974209717e-07,0.008711,False,README_UNUSED_C_PREFIX;OFFICIAL_BAD:noise;NOT_NEURAL_CHANNEL,ALL_SAMPLES
sub-SD021_ses-01_task-PassiveListen,C178,OTHER,uV,SI volts for voltage channels,1742016,0,1.3292133974209717e-07,0.008711,False,README_UNUSED_C_PREFIX;OFFICIAL_BAD:noise;NOT_NEURAL_CHANNEL,ALL_SAMPLES
sub-SD021_ses-01_task-PassiveListen,C179,OTHER,uV,SI volts for voltage channels,1742016,0,1.3292133974209717e-07,0.008711,False,README_UNUSED_C_PREFIX;OFFICIAL_BAD:noise;NOT_NEURAL_CHANNEL,ALL_SAMPLES
sub-SD021_ses-01_task-PassiveListen,C180,OTHER,uV,SI volts for voltage channels,1742016,0,1.3292133974209717e-07,0.008711,False,README_UNUSED_C_PREFIX;OFFICIAL_BAD:noise;NOT_NEURAL_CHANNEL,ALL_SAMPLES
sub-SD021_ses-01_task-PassiveListen,C181,OTHER,uV,SI volts for voltage channels,1742016,0,1.3292133974209717e-07,0.008711,False,README_UNUSED_C_PREFIX;OFFICIAL_BAD:noise;NOT_NEURAL_CHANNEL,ALL_SAMPLES
sub-SD021_ses-01_task-PassiveListen,C182,OTHER,uV,SI volts for voltage channels,1742016,0,1.3292133974209717e-07,0.008711,False,README_UNUSED_C_PREFIX;OFFICIAL_BAD:noise;NOT_NEURAL_CHANNEL,ALL_SAMPLES
sub-SD021_ses-01_task-PassiveListen,C183,OTHER,uV,SI volts for voltage channels,1742016,0,1.3292133974209717e-07,0.008711,False,README_UNUSED_C_PREFIX;OFFICIAL_BAD:noise;NOT_NEURAL_CHANNEL,ALL_SAMPLES
sub-SD021_ses-01_task-PassiveListen,C184,OTHER,uV,SI volts for voltage channels,1742016,0,1.3292133974209717e-07,0.008711,False,README_UNUSED_C_PREFIX;OFFICIAL_BAD:noise;NOT_NEURAL_CHANNEL,ALL_SAMPLES
sub-SD021_ses-01_task-PassiveListen,C185,OTHER,uV,SI volts for voltage channels,1742016,0,1.3292133974209717e-07,0.008711,False,README_UNUSED_C_PREFIX;OFFICIAL_BAD:noise;NOT_NEURAL_CHANNEL,ALL_SAMPLES
sub-SD021_ses-01_task-PassiveListen,C186,OTHER,uV,SI volts for voltage channels,1742016,0,1.3292133974209717e-07,0.008711,False,README_UNUSED_C_PREFIX;OFFICIAL_BAD:noise;NOT_NEURAL_CHANNEL,ALL_SAMPLES
sub-SD021_ses-01_task-PassiveListen,C187,OTHER,uV,SI volts for voltage channels,1742016,0,1.3292133974209717e-07,0.008711,False,README_UNUSED_C_PREFIX;OFFICIAL_BAD:noise;NOT_NEURAL_CHANNEL,ALL_SAMPLES
sub-SD021_ses-01_task-PassiveListen,C188,OTHER,uV,SI volts for voltage channels,1742016,0,1.3292133974209717e-07,0.008711,False,README_UNUSED_C_PREFIX;OFFICIAL_BAD:noise;NOT_NEURAL_CHANNEL,ALL_SAMPLES
sub-SD021_ses-01_task-PassiveListen,C189,OTHER,uV,SI volts for voltage channels,1742016,0,1.3292133974209717e-07,0.008711,False,README_UNUSED_C_PREFIX;OFFICIAL_BAD:noise;NOT_NEURAL_CHANNEL,ALL_SAMPLES
sub-SD021_ses-01_task-PassiveListen,C190,OTHER,uV,SI volts for voltage channels,1742016,0,1.3292133974209717e-07,0.008711,False,README_UNUSED_C_PREFIX;OFFICIAL_BAD:noise;NOT_NEURAL_CHANNEL,ALL_SAMPLES
sub-SD021_ses-01_task-PassiveListen,C191,OTHER,uV,SI volts for voltage channels,1742016,0,1.3292133974209717e-07,0.008711,False,README_UNUSED_C_PREFIX;OFFICIAL_BAD:noise;NOT_NEURAL_CHANNEL,ALL_SAMPLES
sub-SD021_ses-01_task-PassiveListen,C192,OTHER,uV,SI volts for voltage channels,1742016,0,1.3292133974209717e-07,0.008711,False,README_UNUSED_C_PREFIX;OFFICIAL_BAD:noise;NOT_NEURAL_CHANNEL,ALL_SAMPLES
sub-SD021_ses-01_task-PassiveListen,C193,OTHER,uV,SI volts for voltage channels,1742016,0,1.3292133974209717e-07,0.008711,False,README_UNUSED_C_PREFIX;OFFICIAL_BAD:noise;NOT_NEURAL_CHANNEL,ALL_SAMPLES
sub-SD021_ses-01_task-PassiveListen,C194,OTHER,uV,SI volts for voltage channels,1742016,0,1.3292133974209717e-07,0.008711,False,README_UNUSED_C_PREFIX;OFFICIAL_BAD:noise;NOT_NEURAL_CHANNEL,ALL_SAMPLES
sub-SD021_ses-01_task-PassiveListen,C195,OTHER,uV,SI volts for voltage channels,1742016,0,1.3292133974209717e-07,0.008711,False,README_UNUSED_C_PREFIX;OFFICIAL_BAD:noise;NOT_NEURAL_CHANNEL,ALL_SAMPLES
sub-SD021_ses-01_task-PassiveListen,C196,OTHER,uV,SI volts for voltage channels,1742016,0,1.3292133974209717e-07,0.008711,False,README_UNUSED_C_PREFIX;OFFICIAL_BAD:noise;NOT_NEURAL_CHANNEL,ALL_SAMPLES
sub-SD021_ses-01_task-PassiveListen,C197,OTHER,uV,SI volts for voltage channels,1742016,0,1.3292133974209717e-07,0.008711,False,README_UNUSED_C_PREFIX;OFFICIAL_BAD:noise;NOT_NEURAL_CHANNEL,ALL_SAMPLES
sub-SD021_ses-01_task-PassiveListen,C198,OTHER,uV,SI volts for voltage channels,1742016,0,1.3292133974209717e-07,0.008711,False,README_UNUSED_C_PREFIX;OFFICIAL_BAD:noise;NOT_NEURAL_CHANNEL,ALL_SAMPLES
sub-SD021_ses-01_task-PassiveListen,C199,OTHER,uV,SI volts for voltage channels,1742016,0,1.3292133974209717e-07,0.008711,False,README_UNUSED_C_PREFIX;OFFICIAL_BAD:noise;NOT_NEURAL_CHANNEL,ALL_SAMPLES
sub-SD021_ses-01_task-PassiveListen,C200,OTHER,uV,SI volts for voltage channels,1742016,0,1.3292133974209717e-07,0.008711,False,README_UNUSED_C_PREFIX;OFFICIAL_BAD:noise;NOT_NEURAL_CHANNEL,ALL_SAMPLES
sub-SD021_ses-01_task-PassiveListen,C201,OTHER,uV,SI volts for voltage channels,1742016,0,1.3292133974209717e-07,0.008711,False,README_UNUSED_C_PREFIX;OFFICIAL_BAD:noise;NOT_NEURAL_CHANNEL,ALL_SAMPLES
sub-SD021_ses-01_task-PassiveListen,C202,OTHER,uV,SI volts for voltage channels,1742016,0,1.3292133974209717e-07,0.008711,False,README_UNUSED_C_PREFIX;OFFICIAL_BAD:noise;NOT_NEURAL_CHANNEL,ALL_SAMPLES
sub-SD021_ses-01_task-PassiveListen,C203,OTHER,uV,SI volts for voltage channels,1742016,0,1.3292133974209717e-07,0.008711,False,README_UNUSED_C_PREFIX;OFFICIAL_BAD:noise;NOT_NEURAL_CHANNEL,ALL_SAMPLES
sub-SD021_ses-01_task-PassiveListen,C204,OTHER,uV,SI volts for voltage channels,1742016,0,1.3292133974209717e-07,0.008711,False,README_UNUSED_C_PREFIX;OFFICIAL_BAD:noise;NOT_NEURAL_CHANNEL,ALL_SAMPLES
sub-SD021_ses-01_task-PassiveListen,C205,OTHER,uV,SI volts for voltage channels,1742016,0,1.3292133974209717e-07,0.008711,False,README_UNUSED_C_PREFIX;OFFICIAL_BAD:noise;NOT_NEURAL_CHANNEL,ALL_SAMPLES
sub-SD021_ses-01_task-PassiveListen,C206,OTHER,uV,SI volts for voltage channels,1742016,0,1.3292133974209717e-07,0.008711,False,README_UNUSED_C_PREFIX;OFFICIAL_BAD:noise;NOT_NEURAL_CHANNEL,ALL_SAMPLES
sub-SD021_ses-01_task-PassiveListen,C207,OTHER,uV,SI volts for voltage channels,1742016,0,1.3292133974209717e-07,0.008711,False,README_UNUSED_C_PREFIX;OFFICIAL_BAD:noise;NOT_NEURAL_CHANNEL,ALL_SAMPLES
sub-SD021_ses-01_task-PassiveListen,C208,OTHER,uV,SI volts for voltage channels,1742016,0,1.3292133974209717e-07,0.008711,False,README_UNUSED_C_PREFIX;OFFICIAL_BAD:noise;NOT_NEURAL_CHANNEL,ALL_SAMPLES
sub-SD021_ses-01_task-PassiveListen,C209,OTHER,uV,SI volts for voltage channels,1742016,0,1.3292133974209717e-07,0.008711,False,README_UNUSED_C_PREFIX;OFFICIAL_BAD:noise;NOT_NEURAL_CHANNEL,ALL_SAMPLES
sub-SD021_ses-01_task-PassiveListen,C210,OTHER,uV,SI volts for voltage channels,1742016,0,1.3292133974209717e-07,0.008711,False,README_UNUSED_C_PREFIX;OFFICIAL_BAD:noise;NOT_NEURAL_CHANNEL,ALL_SAMPLES
sub-SD021_ses-01_task-PassiveListen,C211,OTHER,uV,SI volts for voltage channels,1742016,0,1.3292133974209717e-07,0.008711,False,README_UNUSED_C_PREFIX;OFFICIAL_BAD:noise;NOT_NEURAL_CHANNEL,ALL_SAMPLES
sub-SD021_ses-01_task-PassiveListen,C212,OTHER,uV,SI volts for voltage channels,1742016,0,1.3292133974209717e-07,0.008711,False,README_UNUSED_C_PREFIX;OFFICIAL_BAD:noise;NOT_NEURAL_CHANNEL,ALL_SAMPLES
sub-SD021_ses-01_task-PassiveListen,C213,OTHER,uV,SI volts for voltage channels,1742016,0,1.3292133974209717e-07,0.008711,False,README_UNUSED_C_PREFIX;OFFICIAL_BAD:noise;NOT_NEURAL_CHANNEL,ALL_SAMPLES
sub-SD021_ses-01_task-PassiveListen,C214,OTHER,uV,SI volts for voltage channels,1742016,0,1.3292133974209717e-07,0.008711,False,README_UNUSED_C_PREFIX;OFFICIAL_BAD:noise;NOT_NEURAL_CHANNEL,ALL_SAMPLES
sub-SD021_ses-01_task-PassiveListen,C215,OTHER,uV,SI volts for voltage channels,1742016,0,1.3292133974209717e-07,0.008711,False,README_UNUSED_C_PREFIX;OFFICIAL_BAD:noise;NOT_NEURAL_CHANNEL,ALL_SAMPLES
sub-SD021_ses-01_task-PassiveListen,C216,OTHER,uV,SI volts for voltage channels,1742016,0,1.3292133974209717e-07,0.008711,False,README_UNUSED_C_PREFIX;OFFICIAL_BAD:noise;NOT_NEURAL_CHANNEL,ALL_SAMPLES
sub-SD021_ses-01_task-PassiveListen,C217,OTHER,uV,SI volts for voltage channels,1742016,0,1.3292133974209717e-07,0.008711,False,README_UNUSED_C_PREFIX;OFFICIAL_BAD:noise;NOT_NEURAL_CHANNEL,ALL_SAMPLES
sub-SD021_ses-01_task-PassiveListen,C218,OTHER,uV,SI volts for voltage channels,1742016,0,1.3292133974209717e-07,0.008711,False,README_UNUSED_C_PREFIX;OFFICIAL_BAD:noise;NOT_NEURAL_CHANNEL,ALL_SAMPLES
sub-SD021_ses-01_task-PassiveListen,C219,OTHER,uV,SI volts for voltage channels,1742016,0,1.3292133974209717e-07,0.008711,False,README_UNUSED_C_PREFIX;OFFICIAL_BAD:noise;NOT_NEURAL_CHANNEL,ALL_SAMPLES
sub-SD021_ses-01_task-PassiveListen,C220,OTHER,uV,SI volts for voltage channels,1742016,0,1.3292133974209717e-07,0.008711,False,README_UNUSED_C_PREFIX;OFFICIAL_BAD:noise;NOT_NEURAL_CHANNEL,ALL_SAMPLES
sub-SD021_ses-01_task-PassiveListen,C221,OTHER,uV,SI volts for voltage channels,1742016,0,1.3292133974209717e-07,0.008711,False,README_UNUSED_C_PREFIX;OFFICIAL_BAD:noise;NOT_NEURAL_CHANNEL,ALL_SAMPLES
sub-SD021_ses-01_task-PassiveListen,C222,OTHER,uV,SI volts for voltage channels,1742016,0,1.3292133974209717e-07,0.008711,False,README_UNUSED_C_PREFIX;OFFICIAL_BAD:noise;NOT_NEURAL_CHANNEL,ALL_SAMPLES
sub-SD021_ses-01_task-PassiveListen,C223,OTHER,uV,SI volts for voltage channels,1742016,0,1.3292133974209717e-07,0.008711,False,README_UNUSED_C_PREFIX;OFFICIAL_BAD:noise;NOT_NEURAL_CHANNEL,ALL_SAMPLES
sub-SD021_ses-01_task-PassiveListen,C224,OTHER,uV,SI volts for voltage channels,1742016,0,1.3292133974209717e-07,0.008711,False,README_UNUSED_C_PREFIX;OFFICIAL_BAD:noise;NOT_NEURAL_CHANNEL,ALL_SAMPLES
sub-SD021_ses-01_task-PassiveListen,C225,OTHER,uV,SI volts for voltage channels,1742016,0,1.3292133974209717e-07,0.008711,False,README_UNUSED_C_PREFIX;OFFICIAL_BAD:noise;NOT_NEURAL_CHANNEL,ALL_SAMPLES
sub-SD021_ses-01_task-PassiveListen,C226,OTHER,uV,SI volts for voltage channels,1742016,0,1.3292133974209717e-07,0.008711,False,README_UNUSED_C_PREFIX;OFFICIAL_BAD:noise;NOT_NEURAL_CHANNEL,ALL_SAMPLES
sub-SD021_ses-01_task-PassiveListen,C227,OTHER,uV,SI volts for voltage channels,1742016,0,1.3292133974209717e-07,0.008711,False,README_UNUSED_C_PREFIX;OFFICIAL_BAD:noise;NOT_NEURAL_CHANNEL,ALL_SAMPLES
sub-SD021_ses-01_task-PassiveListen,C228,OTHER,uV,SI volts for voltage channels,1742016,0,1.3292133974209717e-07,0.008711,False,README_UNUSED_C_PREFIX;OFFICIAL_BAD:noise;NOT_NEURAL_CHANNEL,ALL_SAMPLES
sub-SD021_ses-01_task-PassiveListen,C229,OTHER,uV,SI volts for voltage channels,1742016,0,1.3292133974209717e-07,0.008711,False,README_UNUSED_C_PREFIX;OFFICIAL_BAD:noise;NOT_NEURAL_CHANNEL,ALL_SAMPLES
sub-SD021_ses-01_task-PassiveListen,C230,OTHER,uV,SI volts for voltage channels,1742016,0,1.3292133974209717e-07,0.008711,False,README_UNUSED_C_PREFIX;OFFICIAL_BAD:noise;NOT_NEURAL_CHANNEL,ALL_SAMPLES
sub-SD021_ses-01_task-PassiveListen,C231,OTHER,uV,SI volts for voltage channels,1742016,0,1.3292133974209717e-07,0.008711,False,README_UNUSED_C_PREFIX;OFFICIAL_BAD:noise;NOT_NEURAL_CHANNEL,ALL_SAMPLES
sub-SD021_ses-01_task-PassiveListen,C232,OTHER,uV,SI volts for voltage channels,1742016,0,1.3292133974209717e-07,0.008711,False,README_UNUSED_C_PREFIX;OFFICIAL_BAD:noise;NOT_NEURAL_CHANNEL,ALL_SAMPLES
sub-SD021_ses-01_task-PassiveListen,C233,OTHER,uV,SI volts for voltage channels,1742016,0,1.3292133974209717e-07,0.008711,False,README_UNUSED_C_PREFIX;OFFICIAL_BAD:noise;NOT_NEURAL_CHANNEL,ALL_SAMPLES
sub-SD021_ses-01_task-PassiveListen,C234,OTHER,uV,SI volts for voltage channels,1742016,0,1.3292133974209717e-07,0.008711,False,README_UNUSED_C_PREFIX;OFFICIAL_BAD:noise;NOT_NEURAL_CHANNEL,ALL_SAMPLES
sub-SD021_ses-01_task-PassiveListen,C235,OTHER,uV,SI volts for voltage channels,1742016,0,1.3292133974209717e-07,0.008711,False,README_UNUSED_C_PREFIX;OFFICIAL_BAD:noise;NOT_NEURAL_CHANNEL,ALL_SAMPLES
sub-SD021_ses-01_task-PassiveListen,C236,OTHER,uV,SI volts for voltage channels,1742016,0,1.3292133974209717e-07,0.008711,False,README_UNUSED_C_PREFIX;OFFICIAL_BAD:noise;NOT_NEURAL_CHANNEL,ALL_SAMPLES
sub-SD021_ses-01_task-PassiveListen,C237,OTHER,uV,SI volts for voltage channels,1742016,0,1.3292133974209717e-07,0.008711,False,README_UNUSED_C_PREFIX;OFFICIAL_BAD:noise;NOT_NEURAL_CHANNEL,ALL_SAMPLES
sub-SD021_ses-01_task-PassiveListen,C238,OTHER,uV,SI volts for voltage channels,1742016,0,1.3292133974209717e-07,0.008711,False,README_UNUSED_C_PREFIX;OFFICIAL_BAD:noise;NOT_NEURAL_CHANNEL,ALL_SAMPLES
sub-SD021_ses-01_task-PassiveListen,C239,OTHER,uV,SI volts for voltage channels,1742016,0,1.3292133974209717e-07,0.008711,False,README_UNUSED_C_PREFIX;OFFICIAL_BAD:noise;NOT_NEURAL_CHANNEL,ALL_SAMPLES
sub-SD021_ses-01_task-PassiveListen,C240,OTHER,uV,SI volts for voltage channels,1742016,0,1.3292133974209717e-07,0.008711,False,README_UNUSED_C_PREFIX;OFFICIAL_BAD:noise;NOT_NEURAL_CHANNEL,ALL_SAMPLES
sub-SD021_ses-01_task-PassiveListen,C241,OTHER,uV,SI volts for voltage channels,1742016,0,1.3292133974209717e-07,0.008711,False,README_UNUSED_C_PREFIX;OFFICIAL_BAD:noise;NOT_NEURAL_CHANNEL,ALL_SAMPLES
sub-SD021_ses-01_task-PassiveListen,C242,OTHER,uV,SI volts for voltage channels,1742016,0,1.3292133974209717e-07,0.008711,False,README_UNUSED_C_PREFIX;OFFICIAL_BAD:noise;NOT_NEURAL_CHANNEL,ALL_SAMPLES
sub-SD021_ses-01_task-PassiveListen,C243,OTHER,uV,SI volts for voltage channels,1742016,0,1.3292133974209717e-07,0.008711,False,README_UNUSED_C_PREFIX;OFFICIAL_BAD:noise;NOT_NEURAL_CHANNEL,ALL_SAMPLES
sub-SD021_ses-01_task-PassiveListen,C244,OTHER,uV,SI volts for voltage channels,1742016,0,1.3292133974209717e-07,0.008711,False,README_UNUSED_C_PREFIX;OFFICIAL_BAD:noise;NOT_NEURAL_CHANNEL,ALL_SAMPLES
sub-SD021_ses-01_task-PassiveListen,C245,OTHER,uV,SI volts for voltage channels,1742016,0,1.3292133974209717e-07,0.008711,False,README_UNUSED_C_PREFIX;OFFICIAL_BAD:noise;NOT_NEURAL_CHANNEL,ALL_SAMPLES
sub-SD021_ses-01_task-PassiveListen,C246,OTHER,uV,SI volts for voltage channels,1742016,0,1.3292133974209717e-07,0.008711,False,README_UNUSED_C_PREFIX;OFFICIAL_BAD:noise;NOT_NEURAL_CHANNEL,ALL_SAMPLES
sub-SD021_ses-01_task-PassiveListen,C247,OTHER,uV,SI volts for voltage channels,1742016,0,1.3292133974209717e-07,0.008711,False,README_UNUSED_C_PREFIX;OFFICIAL_BAD:noise;NOT_NEURAL_CHANNEL,ALL_SAMPLES
sub-SD021_ses-01_task-PassiveListen,C248,OTHER,uV,SI volts for voltage channels,1742016,0,1.3292133974209717e-07,0.008711,False,README_UNUSED_C_PREFIX;OFFICIAL_BAD:noise;NOT_NEURAL_CHANNEL,ALL_SAMPLES
sub-SD021_ses-01_task-PassiveListen,C249,OTHER,uV,SI volts for voltage channels,1742016,0,1.3292133974209717e-07,0.008711,False,README_UNUSED_C_PREFIX;OFFICIAL_BAD:noise;NOT_NEURAL_CHANNEL,ALL_SAMPLES
sub-SD021_ses-01_task-PassiveListen,C250,OTHER,uV,SI volts for voltage channels,1742016,0,1.3292133974209717e-07,0.008711,False,README_UNUSED_C_PREFIX;OFFICIAL_BAD:noise;NOT_NEURAL_CHANNEL,ALL_SAMPLES
sub-SD021_ses-01_task-PassiveListen,C251,OTHER,uV,SI volts for voltage channels,1742016,0,1.3292133974209717e-07,0.008711,False,README_UNUSED_C_PREFIX;OFFICIAL_BAD:noise;NOT_NEURAL_CHANNEL,ALL_SAMPLES
sub-SD021_ses-01_task-PassiveListen,C252,OTHER,uV,SI volts for voltage channels,1742016,0,1.3292133974209717e-07,0.008711,False,README_UNUSED_C_PREFIX;OFFICIAL_BAD:noise;NOT_NEURAL_CHANNEL,ALL_SAMPLES
sub-SD021_ses-01_task-PassiveListen,C253,OTHER,uV,SI volts for voltage channels,1742016,0,1.3292133974209717e-07,0.008711,False,README_UNUSED_C_PREFIX;OFFICIAL_BAD:noise;NOT_NEURAL_CHANNEL,ALL_SAMPLES
sub-SD021_ses-01_task-PassiveListen,C254,OTHER,uV,SI volts for voltage channels,1742016,0,1.3292133974209717e-07,0.008711,False,README_UNUSED_C_PREFIX;OFFICIAL_BAD:noise;NOT_NEURAL_CHANNEL,ALL_SAMPLES
sub-SD021_ses-01_task-PassiveListen,C255,OTHER,uV,SI volts for voltage channels,1742016,0,1.3292133974209717e-07,0.008711,False,README_UNUSED_C_PREFIX;OFFICIAL_BAD:noise;NOT_NEURAL_CHANNEL,ALL_SAMPLES
sub-SD021_ses-01_task-PassiveListen,C256,OTHER,uV,SI volts for voltage channels,1742016,0,1.3292133974209717e-07,0.008711,False,README_UNUSED_C_PREFIX;OFFICIAL_BAD:noise;NOT_NEURAL_CHANNEL,ALL_SAMPLES
sub-SD021_ses-01_task-PassiveListen,DC1,MISC,n/a,SI volts for voltage channels,1742016,0,-0.20650420691233723,0.403654016937514,False,UNKNOWN_CHANNEL_METADATA_OR_UNIT;NOT_NEURAL_CHANNEL,ALL_SAMPLES
sub-SD021_ses-01_task-PassiveListen,DC2,MISC,n/a,SI volts for voltage channels,1742016,0,-5.151600000000001,-7.860837720334529e-05,False,UNKNOWN_CHANNEL_METADATA_OR_UNIT;OFFICIAL_BAD:noise;NOT_NEURAL_CHANNEL,ALL_SAMPLES
sub-SD021_ses-01_task-PassiveListen,DC3,MISC,n/a,SI volts for voltage channels,1742016,0,-5.151600000000001,-7.860837720334529e-05,False,UNKNOWN_CHANNEL_METADATA_OR_UNIT;OFFICIAL_BAD:noise;NOT_NEURAL_CHANNEL,ALL_SAMPLES
sub-SD021_ses-01_task-PassiveListen,DC4,MISC,n/a,SI volts for voltage channels,1742016,0,-5.151600000000001,-7.860837720334529e-05,False,UNKNOWN_CHANNEL_METADATA_OR_UNIT;OFFICIAL_BAD:noise;NOT_NEURAL_CHANNEL,ALL_SAMPLES
sub-SD021_ses-01_task-PassiveListen,DC5,MISC,n/a,SI volts for voltage channels,1742016,0,-5.151600000000001,-7.860837720334529e-05,False,UNKNOWN_CHANNEL_METADATA_OR_UNIT;OFFICIAL_BAD:noise;NOT_NEURAL_CHANNEL,ALL_SAMPLES
sub-SD021_ses-01_task-PassiveListen,DC6,MISC,n/a,SI volts for voltage channels,1742016,0,-5.151600000000001,-7.860837720334529e-05,False,UNKNOWN_CHANNEL_METADATA_OR_UNIT;OFFICIAL_BAD:noise;NOT_NEURAL_CHANNEL,ALL_SAMPLES
sub-SD021_ses-01_task-PassiveListen,DC7,MISC,n/a,SI volts for voltage channels,1742016,0,-5.151600000000001,-7.860837720334529e-05,False,UNKNOWN_CHANNEL_METADATA_OR_UNIT;OFFICIAL_BAD:noise;NOT_NEURAL_CHANNEL,ALL_SAMPLES
sub-SD021_ses-01_task-PassiveListen,DC8,MISC,n/a,SI volts for voltage channels,1742016,0,-5.151600000000001,-7.860837720334529e-05,False,UNKNOWN_CHANNEL_METADATA_OR_UNIT;OFFICIAL_BAD:noise;NOT_NEURAL_CHANNEL,ALL_SAMPLES
sub-SD021_ses-01_task-PassiveListen,DC9,MISC,n/a,SI volts for voltage channels,1742016,0,-5.151600000000001,-7.860837720334529e-05,False,UNKNOWN_CHANNEL_METADATA_OR_UNIT;OFFICIAL_BAD:noise;NOT_NEURAL_CHANNEL,ALL_SAMPLES
sub-SD021_ses-01_task-PassiveListen,DC10,MISC,n/a,SI volts for voltage channels,1742016,0,-5.151600000000001,-7.860837720334529e-05,False,UNKNOWN_CHANNEL_METADATA_OR_UNIT;OFFICIAL_BAD:noise;NOT_NEURAL_CHANNEL,ALL_SAMPLES
sub-SD021_ses-01_task-PassiveListen,DC11,MISC,n/a,SI volts for voltage channels,1742016,0,-5.151600000000001,-7.860837720334529e-05,False,UNKNOWN_CHANNEL_METADATA_OR_UNIT;OFFICIAL_BAD:noise;NOT_NEURAL_CHANNEL,ALL_SAMPLES
sub-SD021_ses-01_task-PassiveListen,DC12,MISC,n/a,SI volts for voltage channels,1742016,0,-5.151600000000001,-7.860837720334529e-05,False,UNKNOWN_CHANNEL_METADATA_OR_UNIT;OFFICIAL_BAD:noise;NOT_NEURAL_CHANNEL,ALL_SAMPLES
sub-SD021_ses-01_task-PassiveListen,DC13,MISC,n/a,SI volts for voltage channels,1742016,0,-5.151600000000001,-7.860837720334529e-05,False,UNKNOWN_CHANNEL_METADATA_OR_UNIT;OFFICIAL_BAD:noise;NOT_NEURAL_CHANNEL,ALL_SAMPLES
sub-SD021_ses-01_task-PassiveListen,DC14,MISC,n/a,SI volts for voltage channels,1742016,0,-5.151600000000001,-7.860837720334529e-05,False,UNKNOWN_CHANNEL_METADATA_OR_UNIT;OFFICIAL_BAD:noise;NOT_NEURAL_CHANNEL,ALL_SAMPLES
sub-SD021_ses-01_task-PassiveListen,DC15,MISC,n/a,SI volts for voltage channels,1742016,0,-5.151600000000001,-7.860837720334529e-05,False,UNKNOWN_CHANNEL_METADATA_OR_UNIT;OFFICIAL_BAD:noise;NOT_NEURAL_CHANNEL,ALL_SAMPLES
sub-SD021_ses-01_task-PassiveListen,DC16,MISC,n/a,SI volts for voltage channels,1742016,0,-5.151600000000001,-7.860837720334529e-05,False,UNKNOWN_CHANNEL_METADATA_OR_UNIT;OFFICIAL_BAD:noise;NOT_NEURAL_CHANNEL,ALL_SAMPLES
sub-SD021_ses-01_task-PassiveListen,TRIG,TRIG,n/a,SI volts for voltage channels,1742016,0,-5.151600000000001,-7.860837720334529e-05,False,UNKNOWN_CHANNEL_METADATA_OR_UNIT;OFFICIAL_BAD:noise;NOT_NEURAL_CHANNEL,ALL_SAMPLES
sub-SD021_ses-01_task-PassiveListen,OSAT,MISC,n/a,SI volts for voltage channels,1742016,0,0.0,102.3,False,UNKNOWN_CHANNEL_METADATA_OR_UNIT;OFFICIAL_BAD:noise;NOT_NEURAL_CHANNEL,ALL_SAMPLES
sub-SD021_ses-01_task-PassiveListen,PR,MISC,n/a,SI volts for voltage channels,1742016,0,0.0,1023.0,False,UNKNOWN_CHANNEL_METADATA_OR_UNIT;OFFICIAL_BAD:noise;NOT_NEURAL_CHANNEL,ALL_SAMPLES
sub-SD021_ses-01_task-PassiveListen,Pleth,MISC,n/a,SI volts for voltage channels,1742016,0,0.03276699999976158,0.03276699999976158,False,UNKNOWN_CHANNEL_METADATA_OR_UNIT;OFFICIAL_BAD:noise;NOT_NEURAL_CHANNEL;FLAT_EXACT,ALL_SAMPLES
sub-SD022_ses-01_task-PassiveListen,Trigger Event,MISC,n/a,SI volts for voltage channels,3341056,0,0.0,0.0,False,UNKNOWN_CHANNEL_METADATA_OR_UNIT;OFFICIAL_BAD:noise;NOT_NEURAL_CHANNEL;FLAT_EXACT,ALL_SAMPLES
sub-SD022_ses-01_task-PassiveListen,Patient Event,MISC,n/a,SI volts for voltage channels,3341056,0,0.0,0.0,False,UNKNOWN_CHANNEL_METADATA_OR_UNIT;OFFICIAL_BAD:noise;NOT_NEURAL_CHANNEL;FLAT_EXACT,ALL_SAMPLES
sub-SD022_ses-01_task-PassiveListen,RPIN1,SEEG,uV,SI volts for voltage channels,3341056,0,-0.0009491912870984969,0.0013123323872739755,True,,ALL_SAMPLES
sub-SD022_ses-01_task-PassiveListen,RPIN2,SEEG,uV,SI volts for voltage channels,3341056,0,-0.0010850368963149463,0.0011762209353780421,True,,ALL_SAMPLES
sub-SD022_ses-01_task-PassiveListen,RPIN3,SEEG,uV,SI volts for voltage channels,3341056,0,-0.0010462238651102462,0.0012168948653391316,True,,ALL_SAMPLES
sub-SD022_ses-01_task-PassiveListen,RPIN4,SEEG,uV,SI volts for voltage channels,3341056,0,-0.001043565438315404,0.001157611947814145,True,,ALL_SAMPLES
sub-SD022_ses-01_task-PassiveListen,RPIN5,SEEG,uV,SI volts for voltage channels,3341056,0,-0.0010496798199435416,0.00115229509422446,True,,ALL_SAMPLES
sub-SD022_ses-01_task-PassiveListen,RPIN6,SEEG,uV,SI volts for voltage channels,3341056,0,-0.0010603135271229113,0.001157611947814145,True,,ALL_SAMPLES
sub-SD022_ses-01_task-PassiveListen,RPIN7,SEEG,uV,SI volts for voltage channels,3341056,0,-0.0010039548790722515,0.0011448514991989013,True,,ALL_SAMPLES
sub-SD022_ses-01_task-PassiveListen,RPIN8,SEEG,uV,SI volts for voltage channels,3341056,0,-0.0010161836423285267,0.0011241157701991301,True,,ALL_SAMPLES
sub-SD022_ses-01_task-PassiveListen,RPIN9,SEEG,uV,SI volts for voltage channels,3341056,0,-0.001014322743572137,0.0011429906004425114,True,,ALL_SAMPLES
sub-SD022_ses-01_task-PassiveListen,RPIN10,SEEG,uV,SI volts for voltage channels,3341056,0,-0.0010257539787899596,0.0011363445334554056,True,,ALL_SAMPLES
sub-SD022_ses-01_task-PassiveListen,RPIN11,SEEG,uV,SI volts for voltage channels,3341056,0,-0.0009553056687266345,0.0013968703593499655,True,,ALL_SAMPLES
sub-SD022_ses-01_task-PassiveListen,RPIN12,SEEG,uV,SI volts for voltage channels,3341056,0,-0.0009654076905470359,0.0013110031738765545,True,,ALL_SAMPLES
sub-SD022_ses-01_task-PassiveListen,RPIN13,SEEG,uV,SI volts for voltage channels,3341056,0,-0.0009624834210727092,0.000756189501792935,True,,ALL_SAMPLES
sub-SD022_ses-01_task-PassiveListen,RPIN14,SEEG,uV,SI volts for voltage channels,3341056,0,-0.008711,0.008711,True,,ALL_SAMPLES
sub-SD022_ses-01_task-PassiveListen,RPIN15,SEEG,uV,SI volts for voltage channels,3341056,0,-0.0012394914930952924,0.008711,True,,ALL_SAMPLES
sub-SD022_ses-01_task-PassiveListen,RPIN16,SEEG,uV,SI volts for voltage channels,3341056,0,-0.0022991404135194933,0.008711,True,,ALL_SAMPLES
sub-SD022_ses-01_task-PassiveListen,RMIN1,SEEG,uV,SI volts for voltage channels,3341056,0,-0.0010637694819562065,0.0013785272144655528,True,,ALL_SAMPLES
sub-SD022_ses-01_task-PassiveListen,RMIN2,SEEG,uV,SI volts for voltage channels,3341056,0,-0.0010603135271229113,0.0009550398260471503,True,,ALL_SAMPLES
sub-SD022_ses-01_task-PassiveListen,RMIN3,SEEG,uV,SI volts for voltage channels,3341056,0,-0.0010637694819562065,0.001271658457312886,True,,ALL_SAMPLES
sub-SD022_ses-01_task-PassiveListen,RMIN4,SEEG,uV,SI volts for voltage channels,3341056,0,-0.0010302733043411917,0.001236567223620966,True,,ALL_SAMPLES
sub-SD022_ses-01_task-PassiveListen,RMIN5,SEEG,uV,SI volts for voltage channels,3341056,0,-0.0010342609445334553,0.001034792629892424,True,,ALL_SAMPLES
sub-SD022_ses-01_task-PassiveListen,RMIN6,SEEG,uV,SI volts for voltage channels,3341056,0,-0.0009965112840466925,0.0010238930800335697,True,,ALL_SAMPLES
sub-SD022_ses-01_task-PassiveListen,RMIN7,SEEG,uV,SI volts for voltage channels,3341056,0,-0.0011047092545967802,0.0011323568932631418,True,,ALL_SAMPLES
sub-SD022_ses-01_task-PassiveListen,RMIN8,SEEG,uV,SI volts for voltage channels,3341056,0,-0.0010539333028152895,0.0012623539635309375,True,,ALL_SAMPLES
sub-SD022_ses-01_task-PassiveListen,RMIN9,SEEG,uV,SI volts for voltage channels,3341056,0,-0.0010584526283665217,0.0012360355382619972,True,,ALL_SAMPLES
sub-SD022_ses-01_task-PassiveListen,RMIN10,SEEG,uV,SI volts for voltage channels,3341056,0,-0.001104443411917296,0.0012121096971084153,True,,ALL_SAMPLES
sub-SD022_ses-01_task-PassiveListen,RMIN11,SEEG,uV,SI volts for voltage channels,3341056,0,-0.0010595159990844586,0.0012059953154802776,True,,ALL_SAMPLES
sub-SD022_ses-01_task-PassiveListen,RMIN12,SEEG,uV,SI volts for voltage channels,3341056,0,-0.001103380041199359,0.0012828238498512243,True,,ALL_SAMPLES
sub-SD022_ses-01_task-PassiveListen,RMIN13,SEEG,uV,SI volts for voltage channels,3341056,0,-0.0011116211642633706,0.0014380759746700235,True,,ALL_SAMPLES
sub-SD022_ses-01_task-PassiveListen,RMIN14,SEEG,uV,SI volts for voltage channels,3341056,0,-0.0011706382391088732,0.0017039186541542687,True,,ALL_SAMPLES
sub-SD022_ses-01_task-PassiveListen,RMIN15,SEEG,uV,SI volts for voltage channels,3341056,0,-0.0012264652018005645,0.002038614587624933,True,,ALL_SAMPLES
sub-SD022_ses-01_task-PassiveListen,RMIN16,SEEG,uV,SI volts for voltage channels,3341056,0,-0.001283355535210193,0.0022058296330205234,True,,ALL_SAMPLES
sub-SD022_ses-01_task-PassiveListen,RAIN1,SEEG,uV,SI volts for voltage channels,3341056,0,-0.0009688636453803311,0.0012939892423895628,True,,ALL_SAMPLES
sub-SD022_ses-01_task-PassiveListen,RAIN2,SEEG,uV,SI volts for voltage channels,3341056,0,-0.0010823784695201037,0.0013628424963759824,True,,ALL_SAMPLES
sub-SD022_ses-01_task-PassiveListen,RAIN3,SEEG,uV,SI volts for voltage channels,3341056,0,-0.0010547308308537422,0.0013862366521705956,True,,ALL_SAMPLES
sub-SD022_ses-01_task-PassiveListen,RAIN4,SEEG,uV,SI volts for voltage channels,3341056,0,-0.0010568575722896161,0.0013471577782864117,True,,ALL_SAMPLES
sub-SD022_ses-01_task-PassiveListen,RAIN5,SEEG,uV,SI volts for voltage channels,3341056,0,-0.00106961802090486,0.0013437018234531168,True,,ALL_SAMPLES
sub-SD022_ses-01_task-PassiveListen,RAIN6,SEEG,uV,SI volts for voltage channels,3341056,0,-0.001142193072404059,0.0013944777752346073,True,,ALL_SAMPLES
sub-SD022_ses-01_task-PassiveListen,RAIN7,SEEG,uV,SI volts for voltage channels,3341056,0,-0.0010938097047379263,0.001466521141374838,True,,ALL_SAMPLES
sub-SD022_ses-01_task-PassiveListen,RAIN8,SEEG,uV,SI volts for voltage channels,3341056,0,-0.0011150771190966658,0.001570731471732662,True,,ALL_SAMPLES
sub-SD022_ses-01_task-PassiveListen,RAIN9,SEEG,uV,SI volts for voltage channels,3341056,0,-0.001128103410391394,0.001715349889372091,True,,ALL_SAMPLES
sub-SD022_ses-01_task-PassiveListen,RAIN10,SEEG,uV,SI volts for voltage channels,3341056,0,-0.0012179582360570685,0.0017613406729228656,True,,ALL_SAMPLES
sub-SD022_ses-01_task-PassiveListen,RAIN11,SEEG,uV,SI volts for voltage channels,3341056,0,-0.0012070586861982146,0.001776759548332952,True,,ALL_SAMPLES
sub-SD022_ses-01_task-PassiveListen,RAIN12,SEEG,uV,SI volts for voltage channels,3341056,0,-0.0012892040741588463,0.0018190285343709467,True,,ALL_SAMPLES
sub-SD022_ses-01_task-PassiveListen,RAIN13,SEEG,uV,SI volts for voltage channels,3341056,0,-0.0012671391317616541,0.0017804813458457312,True,,ALL_SAMPLES
sub-SD022_ses-01_task-PassiveListen,RAIN14,SEEG,uV,SI volts for voltage channels,3341056,0,-0.0012644807049668116,0.0018211552758068206,True,,ALL_SAMPLES
sub-SD022_ses-01_task-PassiveListen,RAIN15,SEEG,uV,SI volts for voltage channels,3341056,0,-0.0012054636301213092,0.0016193806820782787,True,,ALL_SAMPLES
sub-SD022_ses-01_task-PassiveListen,RAIN16,SEEG,uV,SI volts for voltage channels,3341056,0,-0.0009324431982909896,0.0007492775921263446,True,,ALL_SAMPLES
sub-SD022_ses-01_task-PassiveListen,RAC1,SEEG,uV,SI volts for voltage channels,3341056,0,-0.0010547308308537422,0.0013125982299534598,True,,ALL_SAMPLES
sub-SD022_ses-01_task-PassiveListen,RAC2,SEEG,uV,SI volts for voltage channels,3341056,0,-0.0010956706034943161,0.0014051114824139772,True,,ALL_SAMPLES
sub-SD022_ses-01_task-PassiveListen,RAC3,SEEG,uV,SI volts for voltage channels,3341056,0,-0.0011214573434042876,0.0014840667582207978,True,,ALL_SAMPLES
sub-SD022_ses-01_task-PassiveListen,RAC4,SEEG,uV,SI volts for voltage channels,3341056,0,-0.0010882270084687572,0.0015414887769893948,True,,ALL_SAMPLES
sub-SD022_ses-01_task-PassiveListen,RAC5,SEEG,uV,SI volts for voltage channels,3341056,0,-0.0011222548714427405,0.0015678072022583351,True,,ALL_SAMPLES
sub-SD022_ses-01_task-PassiveListen,RAC6,SEEG,uV,SI volts for voltage channels,3341056,0,-0.0011584094758525978,0.0016300143892576486,True,,ALL_SAMPLES
sub-SD022_ses-01_task-PassiveListen,RAC7,SEEG,uV,SI volts for voltage channels,3341056,0,-0.001179145204852369,0.0017028552834363318,True,,ALL_SAMPLES
sub-SD022_ses-01_task-PassiveListen,RAC8,SEEG,uV,SI volts for voltage channels,3341056,0,-0.0012099829556725414,0.0017536312352178223,True,,ALL_SAMPLES
sub-SD022_ses-01_task-PassiveListen,RAC9,SEEG,uV,SI volts for voltage channels,3341056,0,-0.0012570371099412526,0.0017852665140764476,True,,ALL_SAMPLES
sub-SD022_ses-01_task-PassiveListen,RAC10,SEEG,uV,SI volts for voltage channels,3341056,0,-0.0013173833981841765,0.0018123824673838408,True,,ALL_SAMPLES
sub-SD022_ses-01_task-PassiveListen,RAC11,SEEG,uV,SI volts for voltage channels,3341056,0,-0.0012977110399023423,0.0018240795452811472,True,,ALL_SAMPLES
sub-SD022_ses-01_task-PassiveListen,RAC12,SEEG,uV,SI volts for voltage channels,3341056,0,-0.0013958069886320285,0.0018623608911268786,True,,ALL_SAMPLES
sub-SD022_ses-01_task-PassiveListen,RAC13,SEEG,uV,SI volts for voltage channels,3341056,0,-0.0011552193636987869,0.0012006784618905928,True,,ALL_SAMPLES
sub-SD022_ses-01_task-PassiveListen,RAC14,SEEG,uV,SI volts for voltage channels,3341056,0,-0.001153092622262913,0.0008816672465094986,True,,ALL_SAMPLES
sub-SD022_ses-01_task-PassiveListen,C63,OTHER,uV,SI volts for voltage channels,3341056,0,-8.201246662088962e-05,0.00010833089188982984,False,README_UNUSED_C_PREFIX;OFFICIAL_BAD:noise;NOT_NEURAL_CHANNEL,ALL_SAMPLES
sub-SD022_ses-01_task-PassiveListen,C64,OTHER,uV,SI volts for voltage channels,3341056,0,-0.0001644236972610056,0.00020509762722209504,False,README_UNUSED_C_PREFIX;OFFICIAL_BAD:noise;NOT_NEURAL_CHANNEL,ALL_SAMPLES
sub-SD022_ses-01_task-PassiveListen,RHC1,SEEG,uV,SI volts for voltage channels,3341056,0,-0.001715349889372091,0.0012982427252613107,True,,ALL_SAMPLES
sub-SD022_ses-01_task-PassiveListen,RHC2,SEEG,uV,SI volts for voltage channels,3341056,0,-0.0018597024643320361,0.001145649027237354,True,,ALL_SAMPLES
sub-SD022_ses-01_task-PassiveListen,RHC3,SEEG,uV,SI volts for voltage channels,3341056,0,-0.001082910154879072,0.001082910154879072,True,,ALL_SAMPLES
sub-SD022_ses-01_task-PassiveListen,RHC4,SEEG,uV,SI volts for voltage channels,3341056,0,-0.000987206790264744,0.0011483074540321965,True,,ALL_SAMPLES
sub-SD022_ses-01_task-PassiveListen,RHC5,SEEG,uV,SI volts for voltage channels,3341056,0,-0.0010831759975585564,0.0012538469977874417,True,,ALL_SAMPLES
sub-SD022_ses-01_task-PassiveListen,RHC6,SEEG,uV,SI volts for voltage channels,3341056,0,-0.0010752007171740293,0.001316054184786755,True,,ALL_SAMPLES
sub-SD022_ses-01_task-PassiveListen,RHC7,SEEG,uV,SI volts for voltage channels,3341056,0,-0.0011347494773785,0.0013314730601968413,True,,ALL_SAMPLES
sub-SD022_ses-01_task-PassiveListen,RHC8,SEEG,uV,SI volts for voltage channels,3341056,0,-0.00152739911497673,0.0018777797665369648,True,,ALL_SAMPLES
sub-SD022_ses-01_task-PassiveListen,RHC9,SEEG,uV,SI volts for voltage channels,3341056,0,-0.0016018350652323185,0.0019979406576638437,True,,ALL_SAMPLES
sub-SD022_ses-01_task-PassiveListen,RHC10,SEEG,uV,SI volts for voltage channels,3341056,0,-0.001217160708018616,0.0010297416189822231,True,,ALL_SAMPLES
sub-SD022_ses-01_task-PassiveListen,RHC11,SEEG,uV,SI volts for voltage channels,3341056,0,-0.0011605362172884717,0.0010555283588921948,True,,ALL_SAMPLES
sub-SD022_ses-01_task-PassiveListen,RHC12,SEEG,uV,SI volts for voltage channels,3341056,0,-0.0013450310368505378,0.0013118007019150071,True,,ALL_SAMPLES
sub-SD022_ses-01_task-PassiveListen,RHC13,SEEG,uV,SI volts for voltage channels,3341056,0,-0.0016363946135652704,0.0018735262836652169,True,,ALL_SAMPLES
sub-SD022_ses-01_task-PassiveListen,RHC14,SEEG,uV,SI volts for voltage channels,3341056,0,-0.0012860139620050354,0.001272455985351339,True,,ALL_SAMPLES
sub-SD022_ses-01_task-PassiveListen,RHC15,SEEG,uV,SI volts for voltage channels,3341056,0,-0.001093543862058442,0.0009792315098802167,True,,ALL_SAMPLES
sub-SD022_ses-01_task-PassiveListen,RHC16,SEEG,uV,SI volts for voltage channels,3341056,0,-0.0010254881361104753,0.0009574324101625085,True,,ALL_SAMPLES
sub-SD022_ses-01_task-PassiveListen,RA1,SEEG,uV,SI volts for voltage channels,3341056,0,-0.0010262856641489282,0.001094607232776379,True,,ALL_SAMPLES
sub-SD022_ses-01_task-PassiveListen,RA2,SEEG,uV,SI volts for voltage channels,3341056,0,-0.001047818921187152,0.0011560168917372396,True,,ALL_SAMPLES
sub-SD022_ses-01_task-PassiveListen,RA3,SEEG,uV,SI volts for voltage channels,3341056,0,-0.0010962022888532845,0.0012022735179674981,True,,ALL_SAMPLES
sub-SD022_ses-01_task-PassiveListen,RA4,SEEG,uV,SI volts for voltage channels,3341056,0,-0.0010345267872129398,0.0012384281223773554,True,,ALL_SAMPLES
sub-SD022_ses-01_task-PassiveListen,RA5,SEEG,uV,SI volts for voltage channels,3341056,0,-0.001077061615930419,0.001274582726787213,True,,ALL_SAMPLES
sub-SD022_ses-01_task-PassiveListen,RA6,SEEG,uV,SI volts for voltage channels,3341056,0,-0.0010868977950713359,0.0013118007019150071,True,,ALL_SAMPLES
sub-SD022_ses-01_task-PassiveListen,RA7,SEEG,uV,SI volts for voltage channels,3341056,0,-0.0010616427405203326,0.0013455627222095062,True,,ALL_SAMPLES
sub-SD022_ses-01_task-PassiveListen,RA8,SEEG,uV,SI volts for voltage channels,3341056,0,-0.0010871636377508202,0.0013944777752346073,True,,ALL_SAMPLES
sub-SD022_ses-01_task-PassiveListen,RA9,SEEG,uV,SI volts for voltage channels,3341056,0,-0.0010983290302891584,0.0011177355458915083,True,,ALL_SAMPLES
sub-SD022_ses-01_task-PassiveListen,RA10,SEEG,uV,SI volts for voltage channels,3341056,0,-0.0011764867780575266,0.0010919488059815364,True,,ALL_SAMPLES
sub-SD022_ses-01_task-PassiveListen,RA11,SEEG,uV,SI volts for voltage channels,3341056,0,-0.0010549966735332265,0.0009021371328297856,True,,ALL_SAMPLES
sub-SD022_ses-01_task-PassiveListen,RA12,SEEG,uV,SI volts for voltage channels,3341056,0,-0.0012091854276340887,0.0011863229571984436,True,,ALL_SAMPLES
sub-SD022_ses-01_task-PassiveListen,RA13,SEEG,uV,SI volts for voltage channels,3341056,0,-0.0010752007171740293,0.0009733829709315632,True,,ALL_SAMPLES
sub-SD022_ses-01_task-PassiveListen,RA14,SEEG,uV,SI volts for voltage channels,3341056,0,-0.0010302733043411917,0.0007038184939345387,True,,ALL_SAMPLES
sub-SD022_ses-01_task-PassiveListen,RA15,SEEG,uV,SI volts for voltage channels,3341056,0,-0.0009574324101625086,0.0006291167009994659,True,,ALL_SAMPLES
sub-SD022_ses-01_task-PassiveListen,RA16,SEEG,uV,SI volts for voltage channels,3341056,0,-0.0009640784771496147,0.0006588910811017014,True,,ALL_SAMPLES
sub-SD022_ses-01_task-PassiveListen,Grid1,ECOG,uV,SI volts for voltage channels,3341056,0,-0.0010568575722896161,0.0008003193865873197,True,,ALL_SAMPLES
sub-SD022_ses-01_task-PassiveListen,Grid2,ECOG,uV,SI volts for voltage channels,3341056,0,-0.0010119301594567788,0.0006992991683833066,True,,ALL_SAMPLES
sub-SD022_ses-01_task-PassiveListen,Grid3,ECOG,uV,SI volts for voltage channels,3341056,0,-0.0010140569008926527,0.000772405905241474,True,,ALL_SAMPLES
sub-SD022_ses-01_task-PassiveListen,Grid4,ECOG,uV,SI volts for voltage channels,3341056,0,-0.0009789656672007324,0.0006684614175631342,True,,ALL_SAMPLES
sub-SD022_ses-01_task-PassiveListen,Grid5,ECOG,uV,SI volts for voltage channels,3341056,0,-0.00104143869687953,0.0006365602960250247,True,,ALL_SAMPLES
sub-SD022_ses-01_task-PassiveListen,Grid6,ECOG,uV,SI volts for voltage channels,3341056,0,-0.0010767957732509346,0.0008837939879453727,True,,ALL_SAMPLES
sub-SD022_ses-01_task-PassiveListen,Grid7,ECOG,uV,SI volts for voltage channels,3341056,0,-0.001093278019378958,0.000691058045319295,True,,ALL_SAMPLES
sub-SD022_ses-01_task-PassiveListen,Grid8,ECOG,uV,SI volts for voltage channels,3341056,0,-0.0010361218432898452,0.0009218094911116197,True,,ALL_SAMPLES
sub-SD022_ses-01_task-PassiveListen,Grid9,ECOG,uV,SI volts for voltage channels,3341056,0,-0.0012612905928130007,0.0009013396047913328,True,,ALL_SAMPLES
sub-SD022_ses-01_task-PassiveListen,Grid10,ECOG,uV,SI volts for voltage channels,3341056,0,-0.0010839735255970093,0.0009212778057526512,True,,ALL_SAMPLES
sub-SD022_ses-01_task-PassiveListen,Grid11,ECOG,uV,SI volts for voltage channels,3341056,0,-0.0010217663385976958,0.0006426746776531624,True,,ALL_SAMPLES
sub-SD022_ses-01_task-PassiveListen,Grid12,ECOG,uV,SI volts for voltage channels,3341056,0,-0.0013014328374151216,0.0008138773632410162,True,,ALL_SAMPLES
sub-SD022_ses-01_task-PassiveListen,Grid13,ECOG,uV,SI volts for voltage channels,3341056,0,-0.0012285919432364384,0.0008364739909971769,True,,ALL_SAMPLES
sub-SD022_ses-01_task-PassiveListen,Grid14,ECOG,uV,SI volts for voltage channels,3341056,0,-0.0014697112535286487,0.0010547308308537422,True,,ALL_SAMPLES
sub-SD022_ses-01_task-PassiveListen,Grid15,ECOG,uV,SI volts for voltage channels,3341056,0,-0.0010645670099946594,0.0009404184786755168,True,,ALL_SAMPLES
sub-SD022_ses-01_task-PassiveListen,Grid16,ECOG,uV,SI volts for voltage channels,3341056,0,-0.000998106340123598,0.0006713856870374609,True,,ALL_SAMPLES
sub-SD022_ses-01_task-PassiveListen,Grid17,ECOG,uV,SI volts for voltage channels,3341056,0,-0.0017828739299610894,0.001161865430685893,True,,ALL_SAMPLES
sub-SD022_ses-01_task-PassiveListen,Grid18,ECOG,uV,SI volts for voltage channels,3341056,0,-0.0010451604943923093,0.0006458647898069733,True,,ALL_SAMPLES
sub-SD022_ses-01_task-PassiveListen,Grid19,ECOG,uV,SI volts for voltage channels,3341056,0,-0.0012275285725185014,0.0008888449988555733,True,,ALL_SAMPLES
sub-SD022_ses-01_task-PassiveListen,Grid20,ECOG,uV,SI volts for voltage channels,3341056,0,-0.0011289009384298466,0.0009122391546501869,True,,ALL_SAMPLES
sub-SD022_ses-01_task-PassiveListen,EKG1,ECG,uV,SI volts for voltage channels,3341056,0,-0.00309613676661326,0.008711,False,NOT_NEURAL_CHANNEL,ALL_SAMPLES
sub-SD022_ses-01_task-PassiveListen,EKG2,ECG,uV,SI volts for voltage channels,3341056,0,-9.344370183871215e-05,0.0001288007782101167,False,NOT_NEURAL_CHANNEL,ALL_SAMPLES
sub-SD022_ses-01_task-PassiveListen,EKG3,ECG,uV,SI volts for voltage channels,3341056,0,-0.00011338190280003054,0.0001583093156328679,False,NOT_NEURAL_CHANNEL,ALL_SAMPLES
sub-SD022_ses-01_task-PassiveListen,EKG4,ECG,uV,SI volts for voltage channels,3341056,0,-0.0001439538109407187,0.00021307290760662237,False,NOT_NEURAL_CHANNEL,ALL_SAMPLES
sub-SD022_ses-01_task-PassiveListen,F7,EEG,uV,SI volts for voltage channels,3341056,0,-0.008711,0.008711,False,OFFICIAL_BAD:noise,ALL_SAMPLES
sub-SD022_ses-01_task-PassiveListen,T3,EEG,uV,SI volts for voltage channels,3341056,0,-0.008711,0.008711,False,OFFICIAL_BAD:noise,ALL_SAMPLES
sub-SD022_ses-01_task-PassiveListen,T5,EEG,uV,SI volts for voltage channels,3341056,0,-0.008711,0.008711,False,OFFICIAL_BAD:noise,ALL_SAMPLES
sub-SD022_ses-01_task-PassiveListen,C3,EEG,uV,SI volts for voltage channels,3341056,0,-0.0011102919508659494,0.000624863218127718,False,README_UNUSED_C_PREFIX;OFFICIAL_BAD:noise,ALL_SAMPLES
sub-SD022_ses-01_task-PassiveListen,P3,EEG,uV,SI volts for voltage channels,3341056,0,-0.0010861002670328832,0.0006323068131532768,False,OFFICIAL_BAD:noise,ALL_SAMPLES
sub-SD022_ses-01_task-PassiveListen,Fz,EEG,uV,SI volts for voltage channels,3341056,0,-0.0010148544289311054,0.0005623901884489204,False,OFFICIAL_BAD:noise,ALL_SAMPLES
sub-SD022_ses-01_task-PassiveListen,Cz,EEG,uV,SI volts for voltage channels,3341056,0,-0.001132356893263142,0.0005860501869230183,False,README_UNUSED_C_PREFIX;OFFICIAL_BAD:noise,ALL_SAMPLES
sub-SD022_ses-01_task-PassiveListen,Pz,EEG,uV,SI volts for voltage channels,3341056,0,-0.001177018463416495,0.0006017349050125887,False,OFFICIAL_BAD:noise,ALL_SAMPLES
sub-SD022_ses-01_task-PassiveListen,F8,EEG,uV,SI volts for voltage channels,3341056,0,-0.0010541991454947738,0.00048263738460364684,False,OFFICIAL_BAD:noise,ALL_SAMPLES
sub-SD022_ses-01_task-PassiveListen,T4,EEG,uV,SI volts for voltage channels,3341056,0,-0.0001261423514152743,0.00016628459601739526,False,OFFICIAL_BAD:noise,ALL_SAMPLES
sub-SD022_ses-01_task-PassiveListen,T6,EEG,uV,SI volts for voltage channels,3341056,0,-0.0009951820706492714,0.00047944727244983595,False,OFFICIAL_BAD:noise,ALL_SAMPLES
sub-SD022_ses-01_task-PassiveListen,C4,EEG,uV,SI volts for voltage channels,3341056,0,-0.000942811062790875,0.0018038755016403446,False,README_UNUSED_C_PREFIX;OFFICIAL_BAD:noise,ALL_SAMPLES
sub-SD022_ses-01_task-PassiveListen,P4,EEG,uV,SI volts for voltage channels,3341056,0,-0.0009646101625085832,0.0005403252460517281,False,OFFICIAL_BAD:noise,ALL_SAMPLES
sub-SD022_ses-01_task-PassiveListen,F3,EEG,uV,SI volts for voltage channels,3341056,0,-0.008711,0.008711,False,OFFICIAL_BAD:noise,ALL_SAMPLES
sub-SD022_ses-01_task-PassiveListen,F4,EEG,uV,SI volts for voltage channels,3341056,0,-0.0012168948653391316,0.00046349671168078124,False,OFFICIAL_BAD:noise,ALL_SAMPLES
sub-SD022_ses-01_task-PassiveListen,RMTP1,SEEG,uV,SI volts for voltage channels,3341056,0,-0.001263683176928359,0.0012251359884031432,True,,ALL_SAMPLES
sub-SD022_ses-01_task-PassiveListen,RMTP2,SEEG,uV,SI volts for voltage channels,3341056,0,-0.001067491279468986,0.0010571234149691004,True,,ALL_SAMPLES
sub-SD022_ses-01_task-PassiveListen,RMTP3,SEEG,uV,SI volts for voltage channels,3341056,0,-0.001398465415426871,0.0012025393606469824,True,,ALL_SAMPLES
sub-SD022_ses-01_task-PassiveListen,RMTP4,SEEG,uV,SI volts for voltage channels,3341056,0,-0.0019814584115358204,0.0008675775844968338,True,,ALL_SAMPLES
sub-SD022_ses-01_task-PassiveListen,RMTP5,SEEG,uV,SI volts for voltage channels,3341056,0,-0.001362576653696498,0.0007737351186388952,True,,ALL_SAMPLES
sub-SD022_ses-01_task-PassiveListen,RMTP6,SEEG,uV,SI volts for voltage channels,3341056,0,-0.0009223411764705883,0.0007617721980621041,True,,ALL_SAMPLES
sub-SD022_ses-01_task-PassiveListen,RMTP7,SEEG,uV,SI volts for voltage channels,3341056,0,-0.0010010306095979248,0.0008080288242923628,True,,ALL_SAMPLES
sub-SD022_ses-01_task-PassiveListen,RMTP8,SEEG,uV,SI volts for voltage channels,3341056,0,-0.0008774137636377509,0.0008970861219195848,True,,ALL_SAMPLES
sub-SD022_ses-01_task-PassiveListen,RMTP9,SEEG,uV,SI volts for voltage channels,3341056,0,-0.0009510521858548867,0.0009755097123674372,True,,ALL_SAMPLES
sub-SD022_ses-01_task-PassiveListen,RMTP10,SEEG,uV,SI volts for voltage channels,3341056,0,-0.0012347063248645761,0.001178081834134432,True,,ALL_SAMPLES
sub-SD022_ses-01_task-PassiveListen,RPIT1,SEEG,uV,SI volts for voltage channels,3341056,0,-0.0012937233997100785,0.0010693521782253758,True,,ALL_SAMPLES
sub-SD022_ses-01_task-PassiveListen,RPIT2,SEEG,uV,SI volts for voltage channels,3341056,0,-0.0011557510490577553,0.00124560587472343,True,,ALL_SAMPLES
sub-SD022_ses-01_task-PassiveListen,RPIT3,SEEG,uV,SI volts for voltage channels,3341056,0,-0.0011467123979552912,0.0013535380025940338,True,,ALL_SAMPLES
sub-SD022_ses-01_task-PassiveListen,RPIT4,SEEG,uV,SI volts for voltage channels,3341056,0,-0.0010116643167772945,0.0014564191195544365,True,,ALL_SAMPLES
sub-SD022_ses-01_task-PassiveListen,RPIT5,SEEG,uV,SI volts for voltage channels,3341056,0,-0.0010855685816739146,0.0010300074616617074,True,,ALL_SAMPLES
sub-SD022_ses-01_task-PassiveListen,RPIT6,SEEG,uV,SI volts for voltage channels,3341056,0,-0.0010818467841611351,0.0008925667963683528,True,,ALL_SAMPLES
sub-SD022_ses-01_task-PassiveListen,RPIT7,SEEG,uV,SI volts for voltage channels,3341056,0,-0.0010900879072251468,0.0007856980392156862,True,,ALL_SAMPLES
sub-SD022_ses-01_task-PassiveListen,RPIT8,SEEG,uV,SI volts for voltage channels,3341056,0,-0.0011124186923018235,0.0008284987106126497,True,,ALL_SAMPLES
sub-SD022_ses-01_task-PassiveListen,RPST1,SEEG,uV,SI volts for voltage channels,3341056,0,-0.0010300074616617074,0.00119110812542916,True,,ALL_SAMPLES
sub-SD022_ses-01_task-PassiveListen,RPST2,SEEG,uV,SI volts for voltage channels,3341056,0,-0.001536437766079194,0.0012870773327229724,True,,ALL_SAMPLES
sub-SD022_ses-01_task-PassiveListen,RPST3,SEEG,uV,SI volts for voltage channels,3341056,0,-0.0016015692225528344,0.0014444561989776453,True,,ALL_SAMPLES
sub-SD022_ses-01_task-PassiveListen,RPST4,SEEG,uV,SI volts for voltage channels,3341056,0,-0.001356196429388876,0.0011198622873273823,True,,ALL_SAMPLES
sub-SD022_ses-01_task-PassiveListen,RPST5,SEEG,uV,SI volts for voltage channels,3341056,0,-0.0011828670023651484,0.0007370488288700694,True,,ALL_SAMPLES
sub-SD022_ses-01_task-PassiveListen,RPST6,SEEG,uV,SI volts for voltage channels,3341056,0,-0.0008290303959716181,0.0010286782482642862,True,,ALL_SAMPLES
sub-SD022_ses-01_task-PassiveListen,RPST7,SEEG,uV,SI volts for voltage channels,3341056,0,-0.0008601339894712749,0.0007817103990234226,True,,ALL_SAMPLES
sub-SD022_ses-01_task-PassiveListen,RPST8,SEEG,uV,SI volts for voltage channels,3341056,0,-0.0010789225146868085,0.0015396278782330052,True,,ALL_SAMPLES
sub-SD022_ses-01_task-PassiveListen,RSF1,SEEG,uV,SI volts for voltage channels,3341056,0,-0.0013242953078507667,0.0011177355458915083,True,,ALL_SAMPLES
sub-SD022_ses-01_task-PassiveListen,RSF2,SEEG,uV,SI volts for voltage channels,3341056,0,-0.0009888018463416494,0.0014221254139009688,True,,ALL_SAMPLES
sub-SD022_ses-01_task-PassiveListen,RSF3,SEEG,uV,SI volts for voltage channels,3341056,0,-0.0012479984588387885,0.0010938097047379263,True,,ALL_SAMPLES
sub-SD022_ses-01_task-PassiveListen,RSF4,SEEG,uV,SI volts for voltage channels,3341056,0,-0.0014316957503624017,0.0011243816128786144,True,,ALL_SAMPLES
sub-SD022_ses-01_task-PassiveListen,RSF5,SEEG,uV,SI volts for voltage channels,3341056,0,-0.0014904469825284198,0.0014067065384908825,True,,ALL_SAMPLES
sub-SD022_ses-01_task-PassiveListen,RSF6,SEEG,uV,SI volts for voltage channels,3341056,0,-0.0013442335088120851,0.0011265083543144884,True,,ALL_SAMPLES
sub-SD022_ses-01_task-PassiveListen,RAG1,SEEG,uV,SI volts for voltage channels,3341056,0,-0.0012543786831464103,0.0010233613946746014,True,,ALL_SAMPLES
sub-SD022_ses-01_task-PassiveListen,RAG2,SEEG,uV,SI volts for voltage channels,3341056,0,-0.000987206790264744,0.0008736919661249714,True,,ALL_SAMPLES
sub-SD022_ses-01_task-PassiveListen,RAG3,SEEG,uV,SI volts for voltage channels,3341056,0,-0.001333333958953231,0.0011916398107881285,True,,ALL_SAMPLES
sub-SD022_ses-01_task-PassiveListen,RAG4,SEEG,uV,SI volts for voltage channels,3341056,0,-0.0015204872053101396,0.001270329243915465,True,,ALL_SAMPLES
sub-SD022_ses-01_task-PassiveListen,RAG5,SEEG,uV,SI volts for voltage channels,3341056,0,-0.0011371420614938582,0.0010385144274052034,True,,ALL_SAMPLES
sub-SD022_ses-01_task-PassiveListen,RAG6,SEEG,uV,SI volts for voltage channels,3341056,0,-0.0009260629739833677,0.0008806038757915617,True,,ALL_SAMPLES
sub-SD022_ses-01_task-PassiveListen,RPG1,SEEG,uV,SI volts for voltage channels,3341056,0,-0.0012900016021972992,0.0008915034256504157,True,,ALL_SAMPLES
sub-SD022_ses-01_task-PassiveListen,RPG2,SEEG,uV,SI volts for voltage channels,3341056,0,-0.0011810061036087586,0.0008223843289845121,True,,ALL_SAMPLES
sub-SD022_ses-01_task-PassiveListen,RPG3,SEEG,uV,SI volts for voltage channels,3341056,0,-0.0009954479133287557,0.000998106340123598,True,,ALL_SAMPLES
sub-SD022_ses-01_task-PassiveListen,RPG4,SEEG,uV,SI volts for voltage channels,3341056,0,-0.0010172470130464636,0.0008888449988555733,True,,ALL_SAMPLES
sub-SD022_ses-01_task-PassiveListen,RPG5,SEEG,uV,SI volts for voltage channels,3341056,0,-0.0010417045395590143,0.001390755977721828,True,,ALL_SAMPLES
sub-SD022_ses-01_task-PassiveListen,RPG6,SEEG,uV,SI volts for voltage channels,3341056,0,-0.0008603998321507591,0.0017647966277561608,True,,ALL_SAMPLES
sub-SD022_ses-01_task-PassiveListen,ROF1,SEEG,uV,SI volts for voltage channels,3341056,0,-0.0010603135271229113,0.0012208825055313953,True,,ALL_SAMPLES
sub-SD022_ses-01_task-PassiveListen,ROF2,SEEG,uV,SI volts for voltage channels,3341056,0,-0.0010752007171740293,0.000917821850919356,True,,ALL_SAMPLES
sub-SD022_ses-01_task-PassiveListen,ROF3,SEEG,uV,SI volts for voltage channels,3341056,0,-0.001481940016784924,0.0011722332951857786,True,,ALL_SAMPLES
sub-SD022_ses-01_task-PassiveListen,ROF4,SEEG,uV,SI volts for voltage channels,3341056,0,-0.0016879680933852138,0.0015207530479896237,True,,ALL_SAMPLES
sub-SD022_ses-01_task-PassiveListen,ROF5,SEEG,uV,SI volts for voltage channels,3341056,0,-0.0012275285725185014,0.0025976817425803003,True,,ALL_SAMPLES
sub-SD022_ses-01_task-PassiveListen,ROF6,SEEG,uV,SI volts for voltage channels,3341056,0,-0.0011631946440833142,0.001485130128938735,True,,ALL_SAMPLES
sub-SD022_ses-01_task-PassiveListen,RIT1,SEEG,uV,SI volts for voltage channels,3341056,0,-0.001058718471046006,0.0008731602807660028,True,,ALL_SAMPLES
sub-SD022_ses-01_task-PassiveListen,RIT2,SEEG,uV,SI volts for voltage channels,3341056,0,-0.0011211915007248035,0.0008439175860227359,True,,ALL_SAMPLES
sub-SD022_ses-01_task-PassiveListen,RIT3,SEEG,uV,SI volts for voltage channels,3341056,0,-0.0010305391470206758,0.0007011600671396963,True,,ALL_SAMPLES
sub-SD022_ses-01_task-PassiveListen,RIT4,SEEG,uV,SI volts for voltage channels,3341056,0,-0.0007242883802548257,0.000718173998626688,True,,ALL_SAMPLES
sub-SD022_ses-01_task-PassiveListen,C190,OTHER,uV,SI volts for voltage channels,3341056,0,-0.0001367760585946441,0.00022423830014496067,False,README_UNUSED_C_PREFIX;OFFICIAL_BAD:noise;NOT_NEURAL_CHANNEL,ALL_SAMPLES
sub-SD022_ses-01_task-PassiveListen,C191,OTHER,uV,SI volts for voltage channels,3341056,0,-0.0001309275196459907,0.0001747915617608911,False,README_UNUSED_C_PREFIX;OFFICIAL_BAD:noise;NOT_NEURAL_CHANNEL,ALL_SAMPLES
sub-SD022_ses-01_task-PassiveListen,C192,OTHER,uV,SI volts for voltage channels,3341056,0,-0.00024337897306782636,0.00022689672693980312,False,README_UNUSED_C_PREFIX;OFFICIAL_BAD:noise;NOT_NEURAL_CHANNEL,ALL_SAMPLES
sub-SD022_ses-01_task-PassiveListen,RABT1,SEEG,uV,SI volts for voltage channels,3341056,0,-0.0010736056610971235,0.0009989038681620507,True,,ALL_SAMPLES
sub-SD022_ses-01_task-PassiveListen,RABT2,SEEG,uV,SI volts for voltage channels,3341056,0,-0.0012200849774929427,0.0010193737544823376,True,,ALL_SAMPLES
sub-SD022_ses-01_task-PassiveListen,RABT3,SEEG,uV,SI volts for voltage channels,3341056,0,-0.0009085173571374075,0.0009997013962005034,True,,ALL_SAMPLES
sub-SD022_ses-01_task-PassiveListen,RABT4,SEEG,uV,SI volts for voltage channels,3341056,0,-0.0008731602807660028,0.0009539764553292134,True,,ALL_SAMPLES
sub-SD022_ses-01_task-PassiveListen,RPBT1,SEEG,uV,SI volts for voltage channels,3341056,0,-0.0012838872205691615,0.001436215075913634,True,,ALL_SAMPLES
sub-SD022_ses-01_task-PassiveListen,RPBT2,SEEG,uV,SI volts for voltage channels,3341056,0,-0.001467584512092775,0.0012642148622873273,True,,ALL_SAMPLES
sub-SD022_ses-01_task-PassiveListen,RPBT3,SEEG,uV,SI volts for voltage channels,3341056,0,-0.0015640854047455559,0.0013078130617227434,True,,ALL_SAMPLES
sub-SD022_ses-01_task-PassiveListen,RPBT4,SEEG,uV,SI volts for voltage channels,3341056,0,-0.0013304096894789044,0.0012769753109025711,True,,ALL_SAMPLES
sub-SD022_ses-01_task-PassiveListen,C201,OTHER,uV,SI volts for voltage channels,3341056,0,-0.00030026930647745483,0.00032711941710536355,False,README_UNUSED_C_PREFIX;OFFICIAL_BAD:noise;NOT_NEURAL_CHANNEL,ALL_SAMPLES
sub-SD022_ses-01_task-PassiveListen,C202,OTHER,uV,SI volts for voltage channels,3341056,0,-0.00033057537193865874,0.00036859087510490577,False,README_UNUSED_C_PREFIX;OFFICIAL_BAD:noise;NOT_NEURAL_CHANNEL,ALL_SAMPLES
sub-SD022_ses-01_task-PassiveListen,C203,OTHER,uV,SI volts for voltage channels,3341056,0,-0.0004470144655527581,0.0004725353627832455,False,README_UNUSED_C_PREFIX;OFFICIAL_BAD:noise;NOT_NEURAL_CHANNEL,ALL_SAMPLES
sub-SD022_ses-01_task-PassiveListen,C204,OTHER,uV,SI volts for voltage channels,3341056,0,-0.0004507362630655375,0.0004515337911039902,False,README_UNUSED_C_PREFIX;OFFICIAL_BAD:noise;NOT_NEURAL_CHANNEL,ALL_SAMPLES
sub-SD022_ses-01_task-PassiveListen,C205,OTHER,uV,SI volts for voltage channels,3341056,0,-0.00041910098420691236,0.0003837439078355077,False,README_UNUSED_C_PREFIX;OFFICIAL_BAD:noise;NOT_NEURAL_CHANNEL,ALL_SAMPLES
sub-SD022_ses-01_task-PassiveListen,C206,OTHER,uV,SI volts for voltage channels,3341056,0,-0.0004440901960784314,0.0003321704280155642,False,README_UNUSED_C_PREFIX;OFFICIAL_BAD:noise;NOT_NEURAL_CHANNEL,ALL_SAMPLES
sub-SD022_ses-01_task-PassiveListen,C207,OTHER,uV,SI volts for voltage channels,3341056,0,-0.0005158677195391775,0.0003640715495536736,False,README_UNUSED_C_PREFIX;OFFICIAL_BAD:noise;NOT_NEURAL_CHANNEL,ALL_SAMPLES
sub-SD022_ses-01_task-PassiveListen,C208,OTHER,uV,SI volts for voltage channels,3341056,0,-0.001631609445334554,0.0013386508125429158,False,README_UNUSED_C_PREFIX;OFFICIAL_BAD:noise;NOT_NEURAL_CHANNEL,ALL_SAMPLES
sub-SD022_ses-01_task-PassiveListen,C209,OTHER,uV,SI volts for voltage channels,3341056,0,-0.0005392618753337912,0.0003560962691691462,False,README_UNUSED_C_PREFIX;OFFICIAL_BAD:noise;NOT_NEURAL_CHANNEL,ALL_SAMPLES
sub-SD022_ses-01_task-PassiveListen,C210,OTHER,uV,SI volts for voltage channels,3341056,0,-0.00014182706950484475,8.839269092851146e-05,False,README_UNUSED_C_PREFIX;OFFICIAL_BAD:noise;NOT_NEURAL_CHANNEL,ALL_SAMPLES
sub-SD022_ses-01_task-PassiveListen,C211,OTHER,uV,SI volts for voltage channels,3341056,0,-8.865853360799575e-05,9.051943236438542e-05,False,README_UNUSED_C_PREFIX;OFFICIAL_BAD:noise;NOT_NEURAL_CHANNEL,ALL_SAMPLES
sub-SD022_ses-01_task-PassiveListen,C212,OTHER,uV,SI volts for voltage channels,3341056,0,-6.898617532616161e-05,9.131696040283814e-05,False,README_UNUSED_C_PREFIX;OFFICIAL_BAD:noise;NOT_NEURAL_CHANNEL,ALL_SAMPLES
sub-SD022_ses-01_task-PassiveListen,C213,OTHER,uV,SI volts for voltage channels,3341056,0,-7.29738155184253e-05,8.759516289005872e-05,False,README_UNUSED_C_PREFIX;OFFICIAL_BAD:noise;NOT_NEURAL_CHANNEL,ALL_SAMPLES
sub-SD022_ses-01_task-PassiveListen,C214,OTHER,uV,SI volts for voltage channels,3341056,0,-7.00495460440986e-05,8.600010681315324e-05,False,README_UNUSED_C_PREFIX;OFFICIAL_BAD:noise;NOT_NEURAL_CHANNEL,ALL_SAMPLES
sub-SD022_ses-01_task-PassiveListen,C215,OTHER,uV,SI volts for voltage channels,3341056,0,-7.589808499275198e-05,9.238033112077513e-05,False,README_UNUSED_C_PREFIX;OFFICIAL_BAD:noise;NOT_NEURAL_CHANNEL,ALL_SAMPLES
sub-SD022_ses-01_task-PassiveListen,C216,OTHER,uV,SI volts for voltage channels,3341056,0,-8.653179217212179e-05,0.00010540662241550313,False,README_UNUSED_C_PREFIX;OFFICIAL_BAD:noise;NOT_NEURAL_CHANNEL,ALL_SAMPLES
sub-SD022_ses-01_task-PassiveListen,C217,OTHER,uV,SI volts for voltage channels,3341056,0,-0.00010859673456931414,9.317785915922786e-05,False,README_UNUSED_C_PREFIX;OFFICIAL_BAD:noise;NOT_NEURAL_CHANNEL,ALL_SAMPLES
sub-SD022_ses-01_task-PassiveListen,C218,OTHER,uV,SI volts for voltage channels,3341056,0,-0.0003342971694514382,0.0003582230106050202,False,README_UNUSED_C_PREFIX;OFFICIAL_BAD:noise;NOT_NEURAL_CHANNEL,ALL_SAMPLES
sub-SD022_ses-01_task-PassiveListen,C219,OTHER,uV,SI volts for voltage channels,3341056,0,-0.00010168482490272376,9.15828030823224e-05,False,README_UNUSED_C_PREFIX;OFFICIAL_BAD:noise;NOT_NEURAL_CHANNEL,ALL_SAMPLES
sub-SD022_ses-01_task-PassiveListen,C220,OTHER,uV,SI volts for voltage channels,3341056,0,-0.00023247942320897232,0.00021068032349126417,False,README_UNUSED_C_PREFIX;OFFICIAL_BAD:noise;NOT_NEURAL_CHANNEL,ALL_SAMPLES
sub-SD022_ses-01_task-PassiveListen,C221,OTHER,uV,SI volts for voltage channels,3341056,0,-0.0001101917906462196,0.00010354572365911341,False,README_UNUSED_C_PREFIX;OFFICIAL_BAD:noise;NOT_NEURAL_CHANNEL,ALL_SAMPLES
sub-SD022_ses-01_task-PassiveListen,C222,OTHER,uV,SI volts for voltage channels,3341056,0,-0.00011045763332570384,8.094909590295259e-05,False,README_UNUSED_C_PREFIX;OFFICIAL_BAD:noise;NOT_NEURAL_CHANNEL,ALL_SAMPLES
sub-SD022_ses-01_task-PassiveListen,C223,OTHER,uV,SI volts for voltage channels,3341056,0,-0.000116040329594873,8.387336537727928e-05,False,README_UNUSED_C_PREFIX;OFFICIAL_BAD:noise;NOT_NEURAL_CHANNEL,ALL_SAMPLES
sub-SD022_ses-01_task-PassiveListen,C224,OTHER,uV,SI volts for voltage channels,3341056,0,-0.0002704949263752194,0.00016415785458152128,False,README_UNUSED_C_PREFIX;OFFICIAL_BAD:noise;NOT_NEURAL_CHANNEL,ALL_SAMPLES
sub-SD022_ses-01_task-PassiveListen,C225,OTHER,uV,SI volts for voltage channels,3341056,0,-0.0004688135652704662,0.0003962385137712672,False,README_UNUSED_C_PREFIX;OFFICIAL_BAD:noise;NOT_NEURAL_CHANNEL,ALL_SAMPLES
sub-SD022_ses-01_task-PassiveListen,C226,OTHER,uV,SI volts for voltage channels,3341056,0,-0.00020004661631189442,0.00015219493400473027,False,README_UNUSED_C_PREFIX;OFFICIAL_BAD:noise;NOT_NEURAL_CHANNEL,ALL_SAMPLES
sub-SD022_ses-01_task-PassiveListen,C227,OTHER,uV,SI volts for voltage channels,3341056,0,-0.00012906662088960102,0.00010540662241550313,False,README_UNUSED_C_PREFIX;OFFICIAL_BAD:noise;NOT_NEURAL_CHANNEL,ALL_SAMPLES
sub-SD022_ses-01_task-PassiveListen,C228,OTHER,uV,SI volts for voltage channels,3341056,0,-0.00010035561150530253,8.945606164644842e-05,False,README_UNUSED_C_PREFIX;OFFICIAL_BAD:noise;NOT_NEURAL_CHANNEL,ALL_SAMPLES
sub-SD022_ses-01_task-PassiveListen,C229,OTHER,uV,SI volts for voltage channels,3341056,0,-7.510055695429924e-05,8.892437628747994e-05,False,README_UNUSED_C_PREFIX;OFFICIAL_BAD:noise;NOT_NEURAL_CHANNEL,ALL_SAMPLES
sub-SD022_ses-01_task-PassiveListen,C230,OTHER,uV,SI volts for voltage channels,3341056,0,-7.430302891584652e-05,8.892437628747994e-05,False,README_UNUSED_C_PREFIX;OFFICIAL_BAD:noise;NOT_NEURAL_CHANNEL,ALL_SAMPLES
sub-SD022_ses-01_task-PassiveListen,C231,OTHER,uV,SI volts for voltage channels,3341056,0,-6.712527656977189e-05,8.91902189669642e-05,False,README_UNUSED_C_PREFIX;OFFICIAL_BAD:noise;NOT_NEURAL_CHANNEL,ALL_SAMPLES
sub-SD022_ses-01_task-PassiveListen,C232,OTHER,uV,SI volts for voltage channels,3341056,0,-7.323965819790953e-05,8.174662394140532e-05,False,README_UNUSED_C_PREFIX;OFFICIAL_BAD:noise;NOT_NEURAL_CHANNEL,ALL_SAMPLES
sub-SD022_ses-01_task-PassiveListen,C233,OTHER,uV,SI volts for voltage channels,3341056,0,-8.998774700541697e-05,0.00010062145418478673,False,README_UNUSED_C_PREFIX;OFFICIAL_BAD:noise;NOT_NEURAL_CHANNEL,ALL_SAMPLES
sub-SD022_ses-01_task-PassiveListen,C234,OTHER,uV,SI volts for voltage channels,3341056,0,-6.606190585183492e-05,7.536639963378345e-05,False,README_UNUSED_C_PREFIX;OFFICIAL_BAD:noise;NOT_NEURAL_CHANNEL,ALL_SAMPLES
sub-SD022_ses-01_task-PassiveListen,C235,OTHER,uV,SI volts for voltage channels,3341056,0,-6.632774853131917e-05,8.28099946593423e-05,False,README_UNUSED_C_PREFIX;OFFICIAL_BAD:noise;NOT_NEURAL_CHANNEL,ALL_SAMPLES
sub-SD022_ses-01_task-PassiveListen,C236,OTHER,uV,SI volts for voltage channels,3341056,0,-6.739111924925615e-05,7.323965819790949e-05,False,README_UNUSED_C_PREFIX;OFFICIAL_BAD:noise;NOT_NEURAL_CHANNEL,ALL_SAMPLES
sub-SD022_ses-01_task-PassiveListen,C237,OTHER,uV,SI volts for voltage channels,3341056,0,-6.739111924925615e-05,7.616392767223618e-05,False,README_UNUSED_C_PREFIX;OFFICIAL_BAD:noise;NOT_NEURAL_CHANNEL,ALL_SAMPLES
sub-SD022_ses-01_task-PassiveListen,C238,OTHER,uV,SI volts for voltage channels,3341056,0,-6.765696192874039e-05,7.589808499275193e-05,False,README_UNUSED_C_PREFIX;OFFICIAL_BAD:noise;NOT_NEURAL_CHANNEL,ALL_SAMPLES
sub-SD022_ses-01_task-PassiveListen,C239,OTHER,uV,SI volts for voltage channels,3341056,0,-7.164460212100406e-05,7.616392767223618e-05,False,README_UNUSED_C_PREFIX;OFFICIAL_BAD:noise;NOT_NEURAL_CHANNEL,ALL_SAMPLES
sub-SD022_ses-01_task-PassiveListen,C240,OTHER,uV,SI volts for voltage channels,3341056,0,-8.121493858243688e-05,0.00013039583428702217,False,README_UNUSED_C_PREFIX;OFFICIAL_BAD:noise;NOT_NEURAL_CHANNEL,ALL_SAMPLES
sub-SD022_ses-01_task-PassiveListen,C241,OTHER,uV,SI volts for voltage channels,3341056,0,-0.0005323499656672007,0.0005211845731288625,False,README_UNUSED_C_PREFIX;OFFICIAL_BAD:noise;NOT_NEURAL_CHANNEL,ALL_SAMPLES
sub-SD022_ses-01_task-PassiveListen,C242,OTHER,uV,SI volts for voltage channels,3341056,0,-0.0003749710994125277,0.0003919850308995193,False,README_UNUSED_C_PREFIX;OFFICIAL_BAD:noise;NOT_NEURAL_CHANNEL,ALL_SAMPLES
sub-SD022_ses-01_task-PassiveListen,C243,OTHER,uV,SI volts for voltage channels,3341056,0,-0.00031808076600289923,0.00033668975356679635,False,README_UNUSED_C_PREFIX;OFFICIAL_BAD:noise;NOT_NEURAL_CHANNEL,ALL_SAMPLES
sub-SD022_ses-01_task-PassiveListen,C244,OTHER,uV,SI volts for voltage channels,3341056,0,-0.0002502908827344167,0.0002508225680933852,False,README_UNUSED_C_PREFIX;OFFICIAL_BAD:noise;NOT_NEURAL_CHANNEL,ALL_SAMPLES
sub-SD022_ses-01_task-PassiveListen,C245,OTHER,uV,SI volts for voltage channels,3341056,0,-0.00022211155870908677,0.00026198796063172346,False,README_UNUSED_C_PREFIX;OFFICIAL_BAD:noise;NOT_NEURAL_CHANNEL,ALL_SAMPLES
sub-SD022_ses-01_task-PassiveListen,C246,OTHER,uV,SI volts for voltage channels,3341056,0,-0.0001981857175555047,0.0002444423437857633,False,README_UNUSED_C_PREFIX;OFFICIAL_BAD:noise;NOT_NEURAL_CHANNEL,ALL_SAMPLES
sub-SD022_ses-01_task-PassiveListen,C247,OTHER,uV,SI volts for voltage channels,3341056,0,-0.0001870203250171664,0.00023460616464484623,False,README_UNUSED_C_PREFIX;OFFICIAL_BAD:noise;NOT_NEURAL_CHANNEL,ALL_SAMPLES
sub-SD022_ses-01_task-PassiveListen,C248,OTHER,uV,SI volts for voltage channels,3341056,0,-0.000169208865491722,0.00021387043564507512,False,README_UNUSED_C_PREFIX;OFFICIAL_BAD:noise;NOT_NEURAL_CHANNEL,ALL_SAMPLES
sub-SD022_ses-01_task-PassiveListen,C249,OTHER,uV,SI volts for voltage channels,3341056,0,-0.000169208865491722,0.00018675448233768213,False,README_UNUSED_C_PREFIX;OFFICIAL_BAD:noise;NOT_NEURAL_CHANNEL,ALL_SAMPLES
sub-SD022_ses-01_task-PassiveListen,C250,OTHER,uV,SI volts for voltage channels,3341056,0,-0.00019685650415808347,0.00023832796215762566,False,README_UNUSED_C_PREFIX;OFFICIAL_BAD:noise;NOT_NEURAL_CHANNEL,ALL_SAMPLES
sub-SD022_ses-01_task-PassiveListen,C251,OTHER,uV,SI volts for voltage channels,3341056,0,-0.0001285349355306325,0.00019180549324788278,False,README_UNUSED_C_PREFIX;OFFICIAL_BAD:noise;NOT_NEURAL_CHANNEL,ALL_SAMPLES
sub-SD022_ses-01_task-PassiveListen,C252,OTHER,uV,SI volts for voltage channels,3341056,0,-0.00012800325017166403,0.00020217335774776833,False,README_UNUSED_C_PREFIX;OFFICIAL_BAD:noise;NOT_NEURAL_CHANNEL,ALL_SAMPLES
sub-SD022_ses-01_task-PassiveListen,C253,OTHER,uV,SI volts for voltage channels,3341056,0,-0.0001184329137102312,0.00015751178759441519,False,README_UNUSED_C_PREFIX;OFFICIAL_BAD:noise;NOT_NEURAL_CHANNEL,ALL_SAMPLES
sub-SD022_ses-01_task-PassiveListen,C254,OTHER,uV,SI volts for voltage channels,3341056,0,-0.00010833089188982988,0.0001495365072098878,False,README_UNUSED_C_PREFIX;OFFICIAL_BAD:noise;NOT_NEURAL_CHANNEL,ALL_SAMPLES
sub-SD022_ses-01_task-PassiveListen,C255,OTHER,uV,SI volts for voltage channels,3341056,0,-0.00010115313954375527,0.00016442369726100555,False,README_UNUSED_C_PREFIX;OFFICIAL_BAD:noise;NOT_NEURAL_CHANNEL,ALL_SAMPLES
sub-SD022_ses-01_task-PassiveListen,C256,OTHER,uV,SI volts for voltage channels,3341056,0,-0.00014475133897917146,0.0002718241397726405,False,README_UNUSED_C_PREFIX;OFFICIAL_BAD:noise;NOT_NEURAL_CHANNEL,ALL_SAMPLES
sub-SD022_ses-01_task-PassiveListen,DC1,MISC,n/a,SI volts for voltage channels,3341056,0,-1.0446267246509502,1.1542068024719614,False,UNKNOWN_CHANNEL_METADATA_OR_UNIT;NOT_NEURAL_CHANNEL,ALL_SAMPLES
sub-SD022_ses-01_task-PassiveListen,DC2,MISC,n/a,SI volts for voltage channels,3341056,0,-7.860837720334529e-05,0.01894461890592781,False,UNKNOWN_CHANNEL_METADATA_OR_UNIT;OFFICIAL_BAD:noise;NOT_NEURAL_CHANNEL,ALL_SAMPLES
sub-SD022_ses-01_task-PassiveListen,DC3,MISC,n/a,SI volts for voltage channels,3341056,0,-7.860837720334529e-05,0.028692057679102444,False,UNKNOWN_CHANNEL_METADATA_OR_UNIT;OFFICIAL_BAD:noise;NOT_NEURAL_CHANNEL,ALL_SAMPLES
sub-SD022_ses-01_task-PassiveListen,DC4,MISC,n/a,SI volts for voltage channels,3341056,0,-7.860837720334529e-05,0.04787250171663964,False,UNKNOWN_CHANNEL_METADATA_OR_UNIT;OFFICIAL_BAD:noise;NOT_NEURAL_CHANNEL,ALL_SAMPLES
sub-SD022_ses-01_task-PassiveListen,DC5,MISC,n/a,SI volts for voltage channels,3341056,0,-7.860837720334529e-05,0.058720457770656584,False,UNKNOWN_CHANNEL_METADATA_OR_UNIT;OFFICIAL_BAD:noise;NOT_NEURAL_CHANNEL,ALL_SAMPLES
sub-SD022_ses-01_task-PassiveListen,DC6,MISC,n/a,SI volts for voltage channels,3341056,0,-7.860837720334529e-05,0.014699766536964656,False,UNKNOWN_CHANNEL_METADATA_OR_UNIT;OFFICIAL_BAD:noise;NOT_NEURAL_CHANNEL,ALL_SAMPLES
sub-SD022_ses-01_task-PassiveListen,DC7,MISC,n/a,SI volts for voltage channels,3341056,0,-1.0257607141222251,1.042897340352483,False,UNKNOWN_CHANNEL_METADATA_OR_UNIT;OFFICIAL_BAD:noise;NOT_NEURAL_CHANNEL,ALL_SAMPLES
sub-SD022_ses-01_task-PassiveListen,DC8,MISC,n/a,SI volts for voltage channels,3341056,0,-7.860837720334529e-05,0.04268434882124023,False,UNKNOWN_CHANNEL_METADATA_OR_UNIT;OFFICIAL_BAD:noise;NOT_NEURAL_CHANNEL,ALL_SAMPLES
sub-SD022_ses-01_task-PassiveListen,DC9,MISC,n/a,SI volts for voltage channels,3341056,0,-7.860837720334529e-05,0.03938279697871334,False,UNKNOWN_CHANNEL_METADATA_OR_UNIT;OFFICIAL_BAD:noise;NOT_NEURAL_CHANNEL,ALL_SAMPLES
sub-SD022_ses-01_task-PassiveListen,DC10,MISC,n/a,SI volts for voltage channels,3341056,0,-7.860837720334529e-05,0.016743584344243213,False,UNKNOWN_CHANNEL_METADATA_OR_UNIT;OFFICIAL_BAD:noise;NOT_NEURAL_CHANNEL,ALL_SAMPLES
sub-SD022_ses-01_task-PassiveListen,DC11,MISC,n/a,SI volts for voltage channels,3341056,0,-7.860837720334529e-05,0.014070899519340487,False,UNKNOWN_CHANNEL_METADATA_OR_UNIT;OFFICIAL_BAD:noise;NOT_NEURAL_CHANNEL,ALL_SAMPLES
sub-SD022_ses-01_task-PassiveListen,DC12,MISC,n/a,SI volts for voltage channels,3341056,0,-7.860837720334529e-05,0.043784866102082536,False,UNKNOWN_CHANNEL_METADATA_OR_UNIT;OFFICIAL_BAD:noise;NOT_NEURAL_CHANNEL,ALL_SAMPLES
sub-SD022_ses-01_task-PassiveListen,DC13,MISC,n/a,SI volts for voltage channels,3341056,0,-7.860837720334529e-05,0.028849274433508487,False,UNKNOWN_CHANNEL_METADATA_OR_UNIT;OFFICIAL_BAD:noise;NOT_NEURAL_CHANNEL,ALL_SAMPLES
sub-SD022_ses-01_task-PassiveListen,DC14,MISC,n/a,SI volts for voltage channels,3341056,0,-7.860837720334529e-05,0.020674003204394276,False,UNKNOWN_CHANNEL_METADATA_OR_UNIT;OFFICIAL_BAD:noise;NOT_NEURAL_CHANNEL,ALL_SAMPLES
sub-SD022_ses-01_task-PassiveListen,DC15,MISC,n/a,SI volts for voltage channels,3341056,0,-7.860837720334529e-05,0.010769347676813593,False,UNKNOWN_CHANNEL_METADATA_OR_UNIT;OFFICIAL_BAD:noise;NOT_NEURAL_CHANNEL,ALL_SAMPLES
sub-SD022_ses-01_task-PassiveListen,DC16,MISC,n/a,SI volts for voltage channels,3341056,0,-7.860837720334529e-05,0.0296353582055387,False,UNKNOWN_CHANNEL_METADATA_OR_UNIT;OFFICIAL_BAD:noise;NOT_NEURAL_CHANNEL,ALL_SAMPLES
sub-SD022_ses-01_task-PassiveListen,TRIG,TRIG,n/a,SI volts for voltage channels,3341056,0,-0.0401688807507442,-7.860837720334529e-05,False,UNKNOWN_CHANNEL_METADATA_OR_UNIT;OFFICIAL_BAD:noise;NOT_NEURAL_CHANNEL,ALL_SAMPLES
sub-SD022_ses-01_task-PassiveListen,OSAT,MISC,n/a,SI volts for voltage channels,3341056,0,0.0,0.0,False,UNKNOWN_CHANNEL_METADATA_OR_UNIT;OFFICIAL_BAD:noise;NOT_NEURAL_CHANNEL;FLAT_EXACT,ALL_SAMPLES
sub-SD022_ses-01_task-PassiveListen,PR,MISC,n/a,SI volts for voltage channels,3341056,0,0.0,0.0,False,UNKNOWN_CHANNEL_METADATA_OR_UNIT;OFFICIAL_BAD:noise;NOT_NEURAL_CHANNEL;FLAT_EXACT,ALL_SAMPLES
sub-SD022_ses-01_task-PassiveListen,Pleth,MISC,n/a,SI volts for voltage channels,3341056,0,0.03276699999976158,2144.9836531480278,False,UNKNOWN_CHANNEL_METADATA_OR_UNIT;OFFICIAL_BAD:noise;NOT_NEURAL_CHANNEL,ALL_SAMPLES
