dataset,sample_key,neural_source,audio_or_envelope,story,pairing,status,reason
ds004703,sub-SD010_ses-01_task-PassiveListen__trial-0,/home/fanyu/auditory_simulation_m6a/data/ds004703/v1.1.0/sub-SD010/ses-01/ieeg/sub-SD010_ses-01_task-PassiveListen_ieeg.edf,/home/fanyu/auditory_simulation_m6a/data/ds004703/v1.1.0/stimuli/welcome_normed.wav,welcome,METADATA_ONLY,EXCLUDED,CONTROL_NOT_PASSAGE
ds004703,sub-SD010_ses-01_task-PassiveListen__trial-1,/home/fanyu/auditory_simulation_m6a/data/ds004703/v1.1.0/sub-SD010/ses-01/ieeg/sub-SD010_ses-01_task-PassiveListen_ieeg.edf,/home/fanyu/auditory_simulation_m6a/data/ds004703/v1.1.0/stimuli/instructions1_normed.wav,instructions1,METADATA_ONLY,EXCLUDED,CONTROL_NOT_PASSAGE
ds004703,sub-SD010_ses-01_task-PassiveListen__trial-2,/home/fanyu/auditory_simulation_m6a/data/ds004703/v1.1.0/sub-SD010/ses-01/ieeg/sub-SD010_ses-01_task-PassiveListen_ieeg.edf,/home/fanyu/auditory_simulation_m6a/data/ds004703/v1.1.0/stimuli/instructions3_normed.wav,instructions3,METADATA_ONLY,EXCLUDED,CONTROL_NOT_PASSAGE
ds004703,sub-SD010_ses-01_task-PassiveListen__trial-3,/home/fanyu/auditory_simulation_m6a/data/ds004703/v1.1.0/sub-SD010/ses-01/ieeg/sub-SD010_ses-01_task-PassiveListen_ieeg.edf,/home/fanyu/auditory_simulation_m6a/data/ds004703/v1.1.0/stimuli/excerpts/Block 1/s3602b-ex01_normed.wav,s3602b-ex01,METADATA_ONLY,PASS_WITH_LIMITATION,
ds004703,sub-SD010_ses-01_task-PassiveListen__trial-4,/home/fanyu/auditory_simulation_m6a/data/ds004703/v1.1.0/sub-SD010/ses-01/ieeg/sub-SD010_ses-01_task-PassiveListen_ieeg.edf,/home/fanyu/auditory_simulation_m6a/data/ds004703/v1.1.0/stimuli/pleasePressSpace_normed.wav,pleasePressSpace,METADATA_ONLY,EXCLUDED,CONTROL_NOT_PASSAGE
ds004703,sub-SD010_ses-01_task-PassiveListen__trial-5,/home/fanyu/auditory_simulation_m6a/data/ds004703/v1.1.0/sub-SD010/ses-01/ieeg/sub-SD010_ses-01_task-PassiveListen_ieeg.edf,/home/fanyu/auditory_simulation_m6a/data/ds004703/v1.1.0/stimuli/excerpts/Block 1/catalan-m01_normed.wav,catalan-m01,METADATA_ONLY,EXCLUDED,CATALAN_PLAYED_AUDIO_PROVENANCE_CONFLICT;AUDIO_TEMPLATE_DURATION
ds004703,sub-SD010_ses-01_task-PassiveListen__trial-6,/home/fanyu/auditory_simulation_m6a/data/ds004703/v1.1.0/sub-SD010/ses-01/ieeg/sub-SD010_ses-01_task-PassiveListen_ieeg.edf,/home/fanyu/auditory_simulation_m6a/data/ds004703/v1.1.0/stimuli/excerpts/Block 1/s4002b-ex01_normed.wav,s4002b-ex01,METADATA_ONLY,PASS_WITH_LIMITATION,
ds004703,sub-SD010_ses-01_task-PassiveListen__trial-7,/home/fanyu/auditory_simulation_m6a/data/ds004703/v1.1.0/sub-SD010/ses-01/ieeg/sub-SD010_ses-01_task-PassiveListen_ieeg.edf,/home/fanyu/auditory_simulation_m6a/data/ds004703/v1.1.0/stimuli/excerpts/Block 1/s3001b-ex01_normed.wav,s3001b-ex01,METADATA_ONLY,PASS_WITH_LIMITATION,
ds004703,sub-SD010_ses-01_task-PassiveListen__trial-8,/home/fanyu/auditory_simulation_m6a/data/ds004703/v1.1.0/sub-SD010/ses-01/ieeg/sub-SD010_ses-01_task-PassiveListen_ieeg.edf,/home/fanyu/auditory_simulation_m6a/data/ds004703/v1.1.0/stimuli/excerpts/Block 1/s1401a-ex01_normed.wav,s1401a-ex01,METADATA_ONLY,PASS_WITH_LIMITATION,
ds004703,sub-SD010_ses-01_task-PassiveListen__trial-9,/home/fanyu/auditory_simulation_m6a/data/ds004703/v1.1.0/sub-SD010/ses-01/ieeg/sub-SD010_ses-01_task-PassiveListen_ieeg.edf,/home/fanyu/auditory_simulation_m6a/data/ds004703/v1.1.0/stimuli/excerpts/Block 1/s1303a-ex01_normed.wav,s1303a-ex01,METADATA_ONLY,PASS_WITH_LIMITATION,
ds004703,sub-SD010_ses-01_task-PassiveListen__trial-10,/home/fanyu/auditory_simulation_m6a/data/ds004703/v1.1.0/sub-SD010/ses-01/ieeg/sub-SD010_ses-01_task-PassiveListen_ieeg.edf,/home/fanyu/auditory_simulation_m6a/data/ds004703/v1.1.0/stimuli/excerpts/Block 1/s2102a-ex01_normed.wav,s2102a-ex01,METADATA_ONLY,PASS_WITH_LIMITATION,
ds004703,sub-SD010_ses-01_task-PassiveListen__trial-11,/home/fanyu/auditory_simulation_m6a/data/ds004703/v1.1.0/sub-SD010/ses-01/ieeg/sub-SD010_ses-01_task-PassiveListen_ieeg.edf,/home/fanyu/auditory_simulation_m6a/data/ds004703/v1.1.0/stimuli/excerpts/Block 1/s2301a-ex01_normed.wav,s2301a-ex01,METADATA_ONLY,PASS_WITH_LIMITATION,
ds004703,sub-SD010_ses-01_task-PassiveListen__trial-12,/home/fanyu/auditory_simulation_m6a/data/ds004703/v1.1.0/sub-SD010/ses-01/ieeg/sub-SD010_ses-01_task-PassiveListen_ieeg.edf,/home/fanyu/auditory_simulation_m6a/data/ds004703/v1.1.0/stimuli/excerpts/Block 1/s1901b-ex01_normed.wav,s1901b-ex01,METADATA_ONLY,PASS_WITH_LIMITATION,
ds004703,sub-SD010_ses-01_task-PassiveListen__trial-13,/home/fanyu/auditory_simulation_m6a/data/ds004703/v1.1.0/sub-SD010/ses-01/ieeg/sub-SD010_ses-01_task-PassiveListen_ieeg.edf,/home/fanyu/auditory_simulation_m6a/data/ds004703/v1.1.0/stimuli/excerpts/Block 2/s3301a-ex01_normed.wav,s3301a-ex01,METADATA_ONLY,PASS_WITH_LIMITATION,
ds004703,sub-SD010_ses-01_task-PassiveListen__trial-14,/home/fanyu/auditory_simulation_m6a/data/ds004703/v1.1.0/sub-SD010/ses-01/ieeg/sub-SD010_ses-01_task-PassiveListen_ieeg.edf,/home/fanyu/auditory_simulation_m6a/data/ds004703/v1.1.0/stimuli/excerpts/Block 2/s0703b-ex01_normed.wav,s0703b-ex01,METADATA_ONLY,PASS_WITH_LIMITATION,
ds004703,sub-SD010_ses-01_task-PassiveListen__trial-15,/home/fanyu/auditory_simulation_m6a/data/ds004703/v1.1.0/sub-SD010/ses-01/ieeg/sub-SD010_ses-01_task-PassiveListen_ieeg.edf,/home/fanyu/auditory_simulation_m6a/data/ds004703/v1.1.0/stimuli/excerpts/Block 2/s4003b-ex01_normed.wav,s4003b-ex01,METADATA_ONLY,PASS_WITH_LIMITATION,
ds004703,sub-SD010_ses-01_task-PassiveListen__trial-16,/home/fanyu/auditory_simulation_m6a/data/ds004703/v1.1.0/sub-SD010/ses-01/ieeg/sub-SD010_ses-01_task-PassiveListen_ieeg.edf,/home/fanyu/auditory_simulation_m6a/data/ds004703/v1.1.0/stimuli/excerpts/Block 2/s3602b-ex02_normed.wav,s3602b-ex02,METADATA_ONLY,PASS_WITH_LIMITATION,
ds004703,sub-SD010_ses-01_task-PassiveListen__trial-17,/home/fanyu/auditory_simulation_m6a/data/ds004703/v1.1.0/sub-SD010/ses-01/ieeg/sub-SD010_ses-01_task-PassiveListen_ieeg.edf,/home/fanyu/auditory_simulation_m6a/data/ds004703/v1.1.0/stimuli/excerpts/Block 2/s2102a-ex02_normed.wav,s2102a-ex02,METADATA_ONLY,PASS_WITH_LIMITATION,
ds004703,sub-SD010_ses-01_task-PassiveListen__trial-18,/home/fanyu/auditory_simulation_m6a/data/ds004703/v1.1.0/sub-SD010/ses-01/ieeg/sub-SD010_ses-01_task-PassiveListen_ieeg.edf,/home/fanyu/auditory_simulation_m6a/data/ds004703/v1.1.0/stimuli/excerpts/Block 2/s3903b-ex01_normed.wav,s3903b-ex01,METADATA_ONLY,PASS_WITH_LIMITATION,
ds004703,sub-SD010_ses-01_task-PassiveListen__trial-19,/home/fanyu/auditory_simulation_m6a/data/ds004703/v1.1.0/sub-SD010/ses-01/ieeg/sub-SD010_ses-01_task-PassiveListen_ieeg.edf,/home/fanyu/auditory_simulation_m6a/data/ds004703/v1.1.0/stimuli/excerpts/Block 2/s2202b-ex02_normed.wav,s2202b-ex02,METADATA_ONLY,PASS_WITH_LIMITATION,
ds004703,sub-SD010_ses-01_task-PassiveListen__trial-20,/home/fanyu/auditory_simulation_m6a/data/ds004703/v1.1.0/sub-SD010/ses-01/ieeg/sub-SD010_ses-01_task-PassiveListen_ieeg.edf,/home/fanyu/auditory_simulation_m6a/data/ds004703/v1.1.0/stimuli/excerpts/Block 2/s1201a-ex01_normed.wav,s1201a-ex01,METADATA_ONLY,PASS_WITH_LIMITATION,
ds004703,sub-SD010_ses-01_task-PassiveListen__trial-21,/home/fanyu/auditory_simulation_m6a/data/ds004703/v1.1.0/sub-SD010/ses-01/ieeg/sub-SD010_ses-01_task-PassiveListen_ieeg.edf,/home/fanyu/auditory_simulation_m6a/data/ds004703/v1.1.0/stimuli/pleasePressSpace_normed.wav,pleasePressSpace,METADATA_ONLY,EXCLUDED,CONTROL_NOT_PASSAGE
ds004703,sub-SD010_ses-01_task-PassiveListen__trial-22,/home/fanyu/auditory_simulation_m6a/data/ds004703/v1.1.0/sub-SD010/ses-01/ieeg/sub-SD010_ses-01_task-PassiveListen_ieeg.edf,/home/fanyu/auditory_simulation_m6a/data/ds004703/v1.1.0/stimuli/excerpts/Block 2/catalan-f01_normed.wav,catalan-f01,METADATA_ONLY,EXCLUDED,CATALAN_PLAYED_AUDIO_PROVENANCE_CONFLICT;AUDIO_TEMPLATE_DURATION
ds004703,sub-SD010_ses-01_task-PassiveListen__trial-23,/home/fanyu/auditory_simulation_m6a/data/ds004703/v1.1.0/sub-SD010/ses-01/ieeg/sub-SD010_ses-01_task-PassiveListen_ieeg.edf,/home/fanyu/auditory_simulation_m6a/data/ds004703/v1.1.0/stimuli/excerpts/Block 3/s1303a-ex02_normed.wav,s1303a-ex02,METADATA_ONLY,PASS_WITH_LIMITATION,
ds004703,sub-SD010_ses-01_task-PassiveListen__trial-24,/home/fanyu/auditory_simulation_m6a/data/ds004703/v1.1.0/sub-SD010/ses-01/ieeg/sub-SD010_ses-01_task-PassiveListen_ieeg.edf,/home/fanyu/auditory_simulation_m6a/data/ds004703/v1.1.0/stimuli/excerpts/Block 3/s1501a-ex01_normed.wav,s1501a-ex01,METADATA_ONLY,PASS_WITH_LIMITATION,
ds004703,sub-SD010_ses-01_task-PassiveListen__trial-25,/home/fanyu/auditory_simulation_m6a/data/ds004703/v1.1.0/sub-SD010/ses-01/ieeg/sub-SD010_ses-01_task-PassiveListen_ieeg.edf,/home/fanyu/auditory_simulation_m6a/data/ds004703/v1.1.0/stimuli/excerpts/Block 3/s3201a-ex01_normed.wav,s3201a-ex01,METADATA_ONLY,PASS_WITH_LIMITATION,
ds004703,sub-SD010_ses-01_task-PassiveListen__trial-26,/home/fanyu/auditory_simulation_m6a/data/ds004703/v1.1.0/sub-SD010/ses-01/ieeg/sub-SD010_ses-01_task-PassiveListen_ieeg.edf,/home/fanyu/auditory_simulation_m6a/data/ds004703/v1.1.0/stimuli/excerpts/Block 3/s3903b-ex02_normed.wav,s3903b-ex02,METADATA_ONLY,PASS_WITH_LIMITATION,
ds004703,sub-SD010_ses-01_task-PassiveListen__trial-27,/home/fanyu/auditory_simulation_m6a/data/ds004703/v1.1.0/sub-SD010/ses-01/ieeg/sub-SD010_ses-01_task-PassiveListen_ieeg.edf,/home/fanyu/auditory_simulation_m6a/data/ds004703/v1.1.0/stimuli/pleasePressSpace_normed.wav,pleasePressSpace,METADATA_ONLY,EXCLUDED,CONTROL_NOT_PASSAGE
ds004703,sub-SD010_ses-01_task-PassiveListen__trial-28,/home/fanyu/auditory_simulation_m6a/data/ds004703/v1.1.0/sub-SD010/ses-01/ieeg/sub-SD010_ses-01_task-PassiveListen_ieeg.edf,/home/fanyu/auditory_simulation_m6a/data/ds004703/v1.1.0/stimuli/excerpts/Block 3/catalan-m02_normed.wav,catalan-m02,METADATA_ONLY,EXCLUDED,CATALAN_PLAYED_AUDIO_PROVENANCE_CONFLICT;AUDIO_TEMPLATE_DURATION
ds004703,sub-SD010_ses-01_task-PassiveListen__trial-29,/home/fanyu/auditory_simulation_m6a/data/ds004703/v1.1.0/sub-SD010/ses-01/ieeg/sub-SD010_ses-01_task-PassiveListen_ieeg.edf,/home/fanyu/auditory_simulation_m6a/data/ds004703/v1.1.0/stimuli/excerpts/Block 3/s1001a-ex01_normed.wav,s1001a-ex01,METADATA_ONLY,PASS_WITH_LIMITATION,
ds004703,sub-SD010_ses-01_task-PassiveListen__trial-30,/home/fanyu/auditory_simulation_m6a/data/ds004703/v1.1.0/sub-SD010/ses-01/ieeg/sub-SD010_ses-01_task-PassiveListen_ieeg.edf,/home/fanyu/auditory_simulation_m6a/data/ds004703/v1.1.0/stimuli/excerpts/Block 3/s1401a-ex02_normed.wav,s1401a-ex02,METADATA_ONLY,PASS_WITH_LIMITATION,
ds004703,sub-SD010_ses-01_task-PassiveListen__trial-31,/home/fanyu/auditory_simulation_m6a/data/ds004703/v1.1.0/sub-SD010/ses-01/ieeg/sub-SD010_ses-01_task-PassiveListen_ieeg.edf,/home/fanyu/auditory_simulation_m6a/data/ds004703/v1.1.0/stimuli/excerpts/Block 3/s3703b-ex01_normed.wav,s3703b-ex01,METADATA_ONLY,PASS_WITH_LIMITATION,
ds004703,sub-SD010_ses-01_task-PassiveListen__trial-32,/home/fanyu/auditory_simulation_m6a/data/ds004703/v1.1.0/sub-SD010/ses-01/ieeg/sub-SD010_ses-01_task-PassiveListen_ieeg.edf,/home/fanyu/auditory_simulation_m6a/data/ds004703/v1.1.0/stimuli/excerpts/Block 3/s3301a-ex02_normed.wav,s3301a-ex02,METADATA_ONLY,PASS_WITH_LIMITATION,
ds004703,sub-SD010_ses-01_task-PassiveListen__trial-33,/home/fanyu/auditory_simulation_m6a/data/ds004703/v1.1.0/sub-SD010/ses-01/ieeg/sub-SD010_ses-01_task-PassiveListen_ieeg.edf,/home/fanyu/auditory_simulation_m6a/data/ds004703/v1.1.0/stimuli/pleasePressSpace_normed.wav,pleasePressSpace,METADATA_ONLY,EXCLUDED,CONTROL_NOT_PASSAGE
ds004703,sub-SD010_ses-01_task-PassiveListen__trial-34,/home/fanyu/auditory_simulation_m6a/data/ds004703/v1.1.0/sub-SD010/ses-01/ieeg/sub-SD010_ses-01_task-PassiveListen_ieeg.edf,/home/fanyu/auditory_simulation_m6a/data/ds004703/v1.1.0/stimuli/excerpts/Block 4/catalan-f02_normed.wav,catalan-f02,METADATA_ONLY,EXCLUDED,CATALAN_PLAYED_AUDIO_PROVENANCE_CONFLICT;AUDIO_TEMPLATE_DURATION
ds004703,sub-SD010_ses-01_task-PassiveListen__trial-35,/home/fanyu/auditory_simulation_m6a/data/ds004703/v1.1.0/sub-SD010/ses-01/ieeg/sub-SD010_ses-01_task-PassiveListen_ieeg.edf,/home/fanyu/auditory_simulation_m6a/data/ds004703/v1.1.0/stimuli/excerpts/Block 4/s3102b-ex01_normed.wav,s3102b-ex01,METADATA_ONLY,PASS_WITH_LIMITATION,
ds004703,sub-SD010_ses-01_task-PassiveListen__trial-36,/home/fanyu/auditory_simulation_m6a/data/ds004703/v1.1.0/sub-SD010/ses-01/ieeg/sub-SD010_ses-01_task-PassiveListen_ieeg.edf,/home/fanyu/auditory_simulation_m6a/data/ds004703/v1.1.0/stimuli/excerpts/Block 4/s0702a-ex01_normed.wav,s0702a-ex01,METADATA_ONLY,PASS_WITH_LIMITATION,
ds004703,sub-SD010_ses-01_task-PassiveListen__trial-37,/home/fanyu/auditory_simulation_m6a/data/ds004703/v1.1.0/sub-SD010/ses-01/ieeg/sub-SD010_ses-01_task-PassiveListen_ieeg.edf,/home/fanyu/auditory_simulation_m6a/data/ds004703/v1.1.0/stimuli/excerpts/Block 4/s0202b-ex01_normed.wav,s0202b-ex01,METADATA_ONLY,PASS_WITH_LIMITATION,
ds004703,sub-SD010_ses-01_task-PassiveListen__trial-38,/home/fanyu/auditory_simulation_m6a/data/ds004703/v1.1.0/sub-SD010/ses-01/ieeg/sub-SD010_ses-01_task-PassiveListen_ieeg.edf,/home/fanyu/auditory_simulation_m6a/data/ds004703/v1.1.0/stimuli/excerpts/Block 4/s1604a-ex01_normed.wav,s1604a-ex01,METADATA_ONLY,PASS_WITH_LIMITATION,
ds004703,sub-SD010_ses-01_task-PassiveListen__trial-39,/home/fanyu/auditory_simulation_m6a/data/ds004703/v1.1.0/sub-SD010/ses-01/ieeg/sub-SD010_ses-01_task-PassiveListen_ieeg.edf,/home/fanyu/auditory_simulation_m6a/data/ds004703/v1.1.0/stimuli/excerpts/Block 4/s2801a-ex01_normed.wav,s2801a-ex01,METADATA_ONLY,PASS_WITH_LIMITATION,
ds004703,sub-SD010_ses-01_task-PassiveListen__trial-40,/home/fanyu/auditory_simulation_m6a/data/ds004703/v1.1.0/sub-SD010/ses-01/ieeg/sub-SD010_ses-01_task-PassiveListen_ieeg.edf,/home/fanyu/auditory_simulation_m6a/data/ds004703/v1.1.0/stimuli/excerpts/Block 4/s3802a-ex01_normed.wav,s3802a-ex01,METADATA_ONLY,PASS_WITH_LIMITATION,
ds004703,sub-SD010_ses-01_task-PassiveListen__trial-41,/home/fanyu/auditory_simulation_m6a/data/ds004703/v1.1.0/sub-SD010/ses-01/ieeg/sub-SD010_ses-01_task-PassiveListen_ieeg.edf,/home/fanyu/auditory_simulation_m6a/data/ds004703/v1.1.0/stimuli/excerpts/Block 4/s3902a-ex01_normed.wav,s3902a-ex01,METADATA_ONLY,PASS_WITH_LIMITATION,
ds004703,sub-SD010_ses-01_task-PassiveListen__trial-42,/home/fanyu/auditory_simulation_m6a/data/ds004703/v1.1.0/sub-SD010/ses-01/ieeg/sub-SD010_ses-01_task-PassiveListen_ieeg.edf,/home/fanyu/auditory_simulation_m6a/data/ds004703/v1.1.0/stimuli/excerpts/Block 4/s2102a-ex03_normed.wav,s2102a-ex03,METADATA_ONLY,PASS_WITH_LIMITATION,
ds004703,sub-SD011_ses-01_task-PassiveListen__trial-0,/home/fanyu/auditory_simulation_m6a/data/ds004703/v1.1.0/sub-SD011/ses-01/ieeg/sub-SD011_ses-01_task-PassiveListen_ieeg.edf,/home/fanyu/auditory_simulation_m6a/data/ds004703/v1.1.0/stimuli/welcome_normed.wav,welcome,METADATA_ONLY,EXCLUDED,CONTROL_NOT_PASSAGE
ds004703,sub-SD011_ses-01_task-PassiveListen__trial-1,/home/fanyu/auditory_simulation_m6a/data/ds004703/v1.1.0/sub-SD011/ses-01/ieeg/sub-SD011_ses-01_task-PassiveListen_ieeg.edf,/home/fanyu/auditory_simulation_m6a/data/ds004703/v1.1.0/stimuli/instructions1_normed.wav,instructions1,METADATA_ONLY,EXCLUDED,CONTROL_NOT_PASSAGE
ds004703,sub-SD011_ses-01_task-PassiveListen__trial-2,/home/fanyu/auditory_simulation_m6a/data/ds004703/v1.1.0/sub-SD011/ses-01/ieeg/sub-SD011_ses-01_task-PassiveListen_ieeg.edf,/home/fanyu/auditory_simulation_m6a/data/ds004703/v1.1.0/stimuli/instructions3_normed.wav,instructions3,METADATA_ONLY,EXCLUDED,CONTROL_NOT_PASSAGE
ds004703,sub-SD011_ses-01_task-PassiveListen__trial-3,/home/fanyu/auditory_simulation_m6a/data/ds004703/v1.1.0/sub-SD011/ses-01/ieeg/sub-SD011_ses-01_task-PassiveListen_ieeg.edf,/home/fanyu/auditory_simulation_m6a/data/ds004703/v1.1.0/stimuli/excerpts/Block 1/s3602b-ex01_normed.wav,s3602b-ex01,METADATA_ONLY,PASS_WITH_LIMITATION,
ds004703,sub-SD011_ses-01_task-PassiveListen__trial-4,/home/fanyu/auditory_simulation_m6a/data/ds004703/v1.1.0/sub-SD011/ses-01/ieeg/sub-SD011_ses-01_task-PassiveListen_ieeg.edf,/home/fanyu/auditory_simulation_m6a/data/ds004703/v1.1.0/stimuli/excerpts/Block 1/s1901b-ex01_normed.wav,s1901b-ex01,METADATA_ONLY,PASS_WITH_LIMITATION,
ds004703,sub-SD011_ses-01_task-PassiveListen__trial-5,/home/fanyu/auditory_simulation_m6a/data/ds004703/v1.1.0/sub-SD011/ses-01/ieeg/sub-SD011_ses-01_task-PassiveListen_ieeg.edf,/home/fanyu/auditory_simulation_m6a/data/ds004703/v1.1.0/stimuli/excerpts/Block 1/s2102a-ex01_normed.wav,s2102a-ex01,METADATA_ONLY,PASS_WITH_LIMITATION,
ds004703,sub-SD011_ses-01_task-PassiveListen__trial-6,/home/fanyu/auditory_simulation_m6a/data/ds004703/v1.1.0/sub-SD011/ses-01/ieeg/sub-SD011_ses-01_task-PassiveListen_ieeg.edf,/home/fanyu/auditory_simulation_m6a/data/ds004703/v1.1.0/stimuli/excerpts/Block 1/s3001b-ex01_normed.wav,s3001b-ex01,METADATA_ONLY,PASS_WITH_LIMITATION,
ds004703,sub-SD011_ses-01_task-PassiveListen__trial-7,/home/fanyu/auditory_simulation_m6a/data/ds004703/v1.1.0/sub-SD011/ses-01/ieeg/sub-SD011_ses-01_task-PassiveListen_ieeg.edf,/home/fanyu/auditory_simulation_m6a/data/ds004703/v1.1.0/stimuli/excerpts/Block 1/s2301a-ex01_normed.wav,s2301a-ex01,METADATA_ONLY,PASS_WITH_LIMITATION,
ds004703,sub-SD011_ses-01_task-PassiveListen__trial-8,/home/fanyu/auditory_simulation_m6a/data/ds004703/v1.1.0/sub-SD011/ses-01/ieeg/sub-SD011_ses-01_task-PassiveListen_ieeg.edf,/home/fanyu/auditory_simulation_m6a/data/ds004703/v1.1.0/stimuli/excerpts/Block 1/s4002b-ex01_normed.wav,s4002b-ex01,METADATA_ONLY,PASS_WITH_LIMITATION,
ds004703,sub-SD011_ses-01_task-PassiveListen__trial-9,/home/fanyu/auditory_simulation_m6a/data/ds004703/v1.1.0/sub-SD011/ses-01/ieeg/sub-SD011_ses-01_task-PassiveListen_ieeg.edf,/home/fanyu/auditory_simulation_m6a/data/ds004703/v1.1.0/stimuli/excerpts/Block 1/s1401a-ex01_normed.wav,s1401a-ex01,METADATA_ONLY,PASS_WITH_LIMITATION,
ds004703,sub-SD011_ses-01_task-PassiveListen__trial-10,/home/fanyu/auditory_simulation_m6a/data/ds004703/v1.1.0/sub-SD011/ses-01/ieeg/sub-SD011_ses-01_task-PassiveListen_ieeg.edf,/home/fanyu/auditory_simulation_m6a/data/ds004703/v1.1.0/stimuli/pleasePressSpace_normed.wav,pleasePressSpace,METADATA_ONLY,EXCLUDED,CONTROL_NOT_PASSAGE
ds004703,sub-SD011_ses-01_task-PassiveListen__trial-11,/home/fanyu/auditory_simulation_m6a/data/ds004703/v1.1.0/sub-SD011/ses-01/ieeg/sub-SD011_ses-01_task-PassiveListen_ieeg.edf,/home/fanyu/auditory_simulation_m6a/data/ds004703/v1.1.0/stimuli/excerpts/Block 1/catalan-m01_normed.wav,catalan-m01,METADATA_ONLY,EXCLUDED,CATALAN_PLAYED_AUDIO_PROVENANCE_CONFLICT;AUDIO_TEMPLATE_DURATION
ds004703,sub-SD011_ses-01_task-PassiveListen__trial-12,/home/fanyu/auditory_simulation_m6a/data/ds004703/v1.1.0/sub-SD011/ses-01/ieeg/sub-SD011_ses-01_task-PassiveListen_ieeg.edf,/home/fanyu/auditory_simulation_m6a/data/ds004703/v1.1.0/stimuli/excerpts/Block 1/s1303a-ex01_normed.wav,s1303a-ex01,METADATA_ONLY,PASS_WITH_LIMITATION,
ds004703,sub-SD011_ses-01_task-PassiveListen__trial-13,/home/fanyu/auditory_simulation_m6a/data/ds004703/v1.1.0/sub-SD011/ses-01/ieeg/sub-SD011_ses-01_task-PassiveListen_ieeg.edf,/home/fanyu/auditory_simulation_m6a/data/ds004703/v1.1.0/stimuli/excerpts/Block 2/s3903b-ex01_normed.wav,s3903b-ex01,METADATA_ONLY,PASS_WITH_LIMITATION,
ds004703,sub-SD011_ses-01_task-PassiveListen__trial-14,/home/fanyu/auditory_simulation_m6a/data/ds004703/v1.1.0/sub-SD011/ses-01/ieeg/sub-SD011_ses-01_task-PassiveListen_ieeg.edf,/home/fanyu/auditory_simulation_m6a/data/ds004703/v1.1.0/stimuli/excerpts/Block 2/s0703b-ex01_normed.wav,s0703b-ex01,METADATA_ONLY,PASS_WITH_LIMITATION,
ds004703,sub-SD011_ses-01_task-PassiveListen__trial-15,/home/fanyu/auditory_simulation_m6a/data/ds004703/v1.1.0/sub-SD011/ses-01/ieeg/sub-SD011_ses-01_task-PassiveListen_ieeg.edf,/home/fanyu/auditory_simulation_m6a/data/ds004703/v1.1.0/stimuli/excerpts/Block 2/s2102a-ex02_normed.wav,s2102a-ex02,METADATA_ONLY,PASS_WITH_LIMITATION,
ds004703,sub-SD011_ses-01_task-PassiveListen__trial-16,/home/fanyu/auditory_simulation_m6a/data/ds004703/v1.1.0/sub-SD011/ses-01/ieeg/sub-SD011_ses-01_task-PassiveListen_ieeg.edf,/home/fanyu/auditory_simulation_m6a/data/ds004703/v1.1.0/stimuli/excerpts/Block 2/s3301a-ex01_normed.wav,s3301a-ex01,METADATA_ONLY,PASS_WITH_LIMITATION,
ds004703,sub-SD011_ses-01_task-PassiveListen__trial-17,/home/fanyu/auditory_simulation_m6a/data/ds004703/v1.1.0/sub-SD011/ses-01/ieeg/sub-SD011_ses-01_task-PassiveListen_ieeg.edf,/home/fanyu/auditory_simulation_m6a/data/ds004703/v1.1.0/stimuli/excerpts/Block 2/s4003b-ex01_normed.wav,s4003b-ex01,METADATA_ONLY,PASS_WITH_LIMITATION,
ds004703,sub-SD011_ses-01_task-PassiveListen__trial-18,/home/fanyu/auditory_simulation_m6a/data/ds004703/v1.1.0/sub-SD011/ses-01/ieeg/sub-SD011_ses-01_task-PassiveListen_ieeg.edf,/home/fanyu/auditory_simulation_m6a/data/ds004703/v1.1.0/stimuli/excerpts/Block 2/s2202b-ex02_normed.wav,s2202b-ex02,METADATA_ONLY,PASS_WITH_LIMITATION,
ds004703,sub-SD011_ses-01_task-PassiveListen__trial-19,/home/fanyu/auditory_simulation_m6a/data/ds004703/v1.1.0/sub-SD011/ses-01/ieeg/sub-SD011_ses-01_task-PassiveListen_ieeg.edf,/home/fanyu/auditory_simulation_m6a/data/ds004703/v1.1.0/stimuli/excerpts/Block 2/s3602b-ex02_normed.wav,s3602b-ex02,METADATA_ONLY,PASS_WITH_LIMITATION,
ds004703,sub-SD011_ses-01_task-PassiveListen__trial-20,/home/fanyu/auditory_simulation_m6a/data/ds004703/v1.1.0/sub-SD011/ses-01/ieeg/sub-SD011_ses-01_task-PassiveListen_ieeg.edf,/home/fanyu/auditory_simulation_m6a/data/ds004703/v1.1.0/stimuli/excerpts/Block 2/s1201a-ex01_normed.wav,s1201a-ex01,METADATA_ONLY,PASS_WITH_LIMITATION,
ds004703,sub-SD011_ses-01_task-PassiveListen__trial-21,/home/fanyu/auditory_simulation_m6a/data/ds004703/v1.1.0/sub-SD011/ses-01/ieeg/sub-SD011_ses-01_task-PassiveListen_ieeg.edf,/home/fanyu/auditory_simulation_m6a/data/ds004703/v1.1.0/stimuli/pleasePressSpace_normed.wav,pleasePressSpace,METADATA_ONLY,EXCLUDED,CONTROL_NOT_PASSAGE
ds004703,sub-SD011_ses-01_task-PassiveListen__trial-22,/home/fanyu/auditory_simulation_m6a/data/ds004703/v1.1.0/sub-SD011/ses-01/ieeg/sub-SD011_ses-01_task-PassiveListen_ieeg.edf,/home/fanyu/auditory_simulation_m6a/data/ds004703/v1.1.0/stimuli/excerpts/Block 2/catalan-f01_normed.wav,catalan-f01,METADATA_ONLY,EXCLUDED,CATALAN_PLAYED_AUDIO_PROVENANCE_CONFLICT;AUDIO_TEMPLATE_DURATION
ds004703,sub-SD011_ses-01_task-PassiveListen__trial-23,/home/fanyu/auditory_simulation_m6a/data/ds004703/v1.1.0/sub-SD011/ses-01/ieeg/sub-SD011_ses-01_task-PassiveListen_ieeg.edf,/home/fanyu/auditory_simulation_m6a/data/ds004703/v1.1.0/stimuli/excerpts/Block 3/s1303a-ex02_normed.wav,s1303a-ex02,METADATA_ONLY,PASS_WITH_LIMITATION,
ds004703,sub-SD011_ses-01_task-PassiveListen__trial-24,/home/fanyu/auditory_simulation_m6a/data/ds004703/v1.1.0/sub-SD011/ses-01/ieeg/sub-SD011_ses-01_task-PassiveListen_ieeg.edf,/home/fanyu/auditory_simulation_m6a/data/ds004703/v1.1.0/stimuli/excerpts/Block 3/s3301a-ex02_normed.wav,s3301a-ex02,METADATA_ONLY,PASS_WITH_LIMITATION,
ds004703,sub-SD011_ses-01_task-PassiveListen__trial-25,/home/fanyu/auditory_simulation_m6a/data/ds004703/v1.1.0/sub-SD011/ses-01/ieeg/sub-SD011_ses-01_task-PassiveListen_ieeg.edf,/home/fanyu/auditory_simulation_m6a/data/ds004703/v1.1.0/stimuli/excerpts/Block 3/s1501a-ex01_normed.wav,s1501a-ex01,METADATA_ONLY,PASS_WITH_LIMITATION,
ds004703,sub-SD011_ses-01_task-PassiveListen__trial-26,/home/fanyu/auditory_simulation_m6a/data/ds004703/v1.1.0/sub-SD011/ses-01/ieeg/sub-SD011_ses-01_task-PassiveListen_ieeg.edf,/home/fanyu/auditory_simulation_m6a/data/ds004703/v1.1.0/stimuli/excerpts/Block 3/s1401a-ex02_normed.wav,s1401a-ex02,METADATA_ONLY,PASS_WITH_LIMITATION,
ds004703,sub-SD011_ses-01_task-PassiveListen__trial-27,/home/fanyu/auditory_simulation_m6a/data/ds004703/v1.1.0/sub-SD011/ses-01/ieeg/sub-SD011_ses-01_task-PassiveListen_ieeg.edf,/home/fanyu/auditory_simulation_m6a/data/ds004703/v1.1.0/stimuli/excerpts/Block 3/s3903b-ex02_normed.wav,s3903b-ex02,METADATA_ONLY,PASS_WITH_LIMITATION,
ds004703,sub-SD011_ses-01_task-PassiveListen__trial-28,/home/fanyu/auditory_simulation_m6a/data/ds004703/v1.1.0/sub-SD011/ses-01/ieeg/sub-SD011_ses-01_task-PassiveListen_ieeg.edf,/home/fanyu/auditory_simulation_m6a/data/ds004703/v1.1.0/stimuli/excerpts/Block 3/s3201a-ex01_normed.wav,s3201a-ex01,METADATA_ONLY,PASS_WITH_LIMITATION,
ds004703,sub-SD011_ses-01_task-PassiveListen__trial-29,/home/fanyu/auditory_simulation_m6a/data/ds004703/v1.1.0/sub-SD011/ses-01/ieeg/sub-SD011_ses-01_task-PassiveListen_ieeg.edf,/home/fanyu/auditory_simulation_m6a/data/ds004703/v1.1.0/stimuli/pleasePressSpace_normed.wav,pleasePressSpace,METADATA_ONLY,EXCLUDED,CONTROL_NOT_PASSAGE
ds004703,sub-SD011_ses-01_task-PassiveListen__trial-30,/home/fanyu/auditory_simulation_m6a/data/ds004703/v1.1.0/sub-SD011/ses-01/ieeg/sub-SD011_ses-01_task-PassiveListen_ieeg.edf,/home/fanyu/auditory_simulation_m6a/data/ds004703/v1.1.0/stimuli/excerpts/Block 3/catalan-m02_normed.wav,catalan-m02,METADATA_ONLY,EXCLUDED,CATALAN_PLAYED_AUDIO_PROVENANCE_CONFLICT;AUDIO_TEMPLATE_DURATION
ds004703,sub-SD011_ses-01_task-PassiveListen__trial-31,/home/fanyu/auditory_simulation_m6a/data/ds004703/v1.1.0/sub-SD011/ses-01/ieeg/sub-SD011_ses-01_task-PassiveListen_ieeg.edf,/home/fanyu/auditory_simulation_m6a/data/ds004703/v1.1.0/stimuli/excerpts/Block 3/s1001a-ex01_normed.wav,s1001a-ex01,METADATA_ONLY,PASS_WITH_LIMITATION,
ds004703,sub-SD011_ses-01_task-PassiveListen__trial-32,/home/fanyu/auditory_simulation_m6a/data/ds004703/v1.1.0/sub-SD011/ses-01/ieeg/sub-SD011_ses-01_task-PassiveListen_ieeg.edf,/home/fanyu/auditory_simulation_m6a/data/ds004703/v1.1.0/stimuli/excerpts/Block 3/s3703b-ex01_normed.wav,s3703b-ex01,METADATA_ONLY,PASS_WITH_LIMITATION,
ds004703,sub-SD011_ses-01_task-PassiveListen__trial-33,/home/fanyu/auditory_simulation_m6a/data/ds004703/v1.1.0/sub-SD011/ses-01/ieeg/sub-SD011_ses-01_task-PassiveListen_ieeg.edf,/home/fanyu/auditory_simulation_m6a/data/ds004703/v1.1.0/stimuli/excerpts/Block 4/s2801a-ex01_normed.wav,s2801a-ex01,METADATA_ONLY,PASS_WITH_LIMITATION,
ds004703,sub-SD011_ses-01_task-PassiveListen__trial-34,/home/fanyu/auditory_simulation_m6a/data/ds004703/v1.1.0/sub-SD011/ses-01/ieeg/sub-SD011_ses-01_task-PassiveListen_ieeg.edf,/home/fanyu/auditory_simulation_m6a/data/ds004703/v1.1.0/stimuli/excerpts/Block 4/s1604a-ex01_normed.wav,s1604a-ex01,METADATA_ONLY,PASS_WITH_LIMITATION,
ds004703,sub-SD011_ses-01_task-PassiveListen__trial-35,/home/fanyu/auditory_simulation_m6a/data/ds004703/v1.1.0/sub-SD011/ses-01/ieeg/sub-SD011_ses-01_task-PassiveListen_ieeg.edf,/home/fanyu/auditory_simulation_m6a/data/ds004703/v1.1.0/stimuli/excerpts/Block 4/s0702a-ex01_normed.wav,s0702a-ex01,METADATA_ONLY,PASS_WITH_LIMITATION,
ds004703,sub-SD011_ses-01_task-PassiveListen__trial-36,/home/fanyu/auditory_simulation_m6a/data/ds004703/v1.1.0/sub-SD011/ses-01/ieeg/sub-SD011_ses-01_task-PassiveListen_ieeg.edf,/home/fanyu/auditory_simulation_m6a/data/ds004703/v1.1.0/stimuli/excerpts/Block 4/s3902a-ex01_normed.wav,s3902a-ex01,METADATA_ONLY,PASS_WITH_LIMITATION,
ds004703,sub-SD011_ses-01_task-PassiveListen__trial-37,/home/fanyu/auditory_simulation_m6a/data/ds004703/v1.1.0/sub-SD011/ses-01/ieeg/sub-SD011_ses-01_task-PassiveListen_ieeg.edf,/home/fanyu/auditory_simulation_m6a/data/ds004703/v1.1.0/stimuli/excerpts/Block 4/s3802a-ex01_normed.wav,s3802a-ex01,METADATA_ONLY,PASS_WITH_LIMITATION,
ds004703,sub-SD011_ses-01_task-PassiveListen__trial-38,/home/fanyu/auditory_simulation_m6a/data/ds004703/v1.1.0/sub-SD011/ses-01/ieeg/sub-SD011_ses-01_task-PassiveListen_ieeg.edf,/home/fanyu/auditory_simulation_m6a/data/ds004703/v1.1.0/stimuli/excerpts/Block 4/s2102a-ex03_normed.wav,s2102a-ex03,METADATA_ONLY,PASS_WITH_LIMITATION,
ds004703,sub-SD011_ses-01_task-PassiveListen__trial-39,/home/fanyu/auditory_simulation_m6a/data/ds004703/v1.1.0/sub-SD011/ses-01/ieeg/sub-SD011_ses-01_task-PassiveListen_ieeg.edf,/home/fanyu/auditory_simulation_m6a/data/ds004703/v1.1.0/stimuli/pleasePressSpace_normed.wav,pleasePressSpace,METADATA_ONLY,EXCLUDED,CONTROL_NOT_PASSAGE
ds004703,sub-SD011_ses-01_task-PassiveListen__trial-40,/home/fanyu/auditory_simulation_m6a/data/ds004703/v1.1.0/sub-SD011/ses-01/ieeg/sub-SD011_ses-01_task-PassiveListen_ieeg.edf,/home/fanyu/auditory_simulation_m6a/data/ds004703/v1.1.0/stimuli/excerpts/Block 4/catalan-f02_normed.wav,catalan-f02,METADATA_ONLY,EXCLUDED,CATALAN_PLAYED_AUDIO_PROVENANCE_CONFLICT;AUDIO_TEMPLATE_DURATION
ds004703,sub-SD011_ses-01_task-PassiveListen__trial-41,/home/fanyu/auditory_simulation_m6a/data/ds004703/v1.1.0/sub-SD011/ses-01/ieeg/sub-SD011_ses-01_task-PassiveListen_ieeg.edf,/home/fanyu/auditory_simulation_m6a/data/ds004703/v1.1.0/stimuli/excerpts/Block 4/s0202b-ex01_normed.wav,s0202b-ex01,METADATA_ONLY,PASS_WITH_LIMITATION,
ds004703,sub-SD011_ses-01_task-PassiveListen__trial-42,/home/fanyu/auditory_simulation_m6a/data/ds004703/v1.1.0/sub-SD011/ses-01/ieeg/sub-SD011_ses-01_task-PassiveListen_ieeg.edf,/home/fanyu/auditory_simulation_m6a/data/ds004703/v1.1.0/stimuli/excerpts/Block 4/s3102b-ex01_normed.wav,s3102b-ex01,METADATA_ONLY,PASS_WITH_LIMITATION,
ds004703,sub-SD011_ses-01_task-PassiveListen__trial-43,/home/fanyu/auditory_simulation_m6a/data/ds004703/v1.1.0/sub-SD011/ses-01/ieeg/sub-SD011_ses-01_task-PassiveListen_ieeg.edf,/home/fanyu/auditory_simulation_m6a/data/ds004703/v1.1.0/stimuli/excerpts/Block 5/s1202b-ex01_normed.wav,s1202b-ex01,METADATA_ONLY,PASS_WITH_LIMITATION,
ds004703,sub-SD011_ses-01_task-PassiveListen__trial-44,/home/fanyu/auditory_simulation_m6a/data/ds004703/v1.1.0/sub-SD011/ses-01/ieeg/sub-SD011_ses-01_task-PassiveListen_ieeg.edf,/home/fanyu/auditory_simulation_m6a/data/ds004703/v1.1.0/stimuli/excerpts/Block 5/s1103a-ex01_normed.wav,s1103a-ex01,METADATA_ONLY,PASS_WITH_LIMITATION,
ds004703,sub-SD011_ses-01_task-PassiveListen__trial-45,/home/fanyu/auditory_simulation_m6a/data/ds004703/v1.1.0/sub-SD011/ses-01/ieeg/sub-SD011_ses-01_task-PassiveListen_ieeg.edf,/home/fanyu/auditory_simulation_m6a/data/ds004703/v1.1.0/stimuli/excerpts/Block 5/s1703b-ex01_normed.wav,s1703b-ex01,METADATA_ONLY,PASS_WITH_LIMITATION,
ds004703,sub-SD011_ses-01_task-PassiveListen__trial-46,/home/fanyu/auditory_simulation_m6a/data/ds004703/v1.1.0/sub-SD011/ses-01/ieeg/sub-SD011_ses-01_task-PassiveListen_ieeg.edf,/home/fanyu/auditory_simulation_m6a/data/ds004703/v1.1.0/stimuli/excerpts/Block 5/s0203b-ex01_normed.wav,s0203b-ex01,METADATA_ONLY,PASS_WITH_LIMITATION,
ds004703,sub-SD011_ses-01_task-PassiveListen__trial-47,/home/fanyu/auditory_simulation_m6a/data/ds004703/v1.1.0/sub-SD011/ses-01/ieeg/sub-SD011_ses-01_task-PassiveListen_ieeg.edf,/home/fanyu/auditory_simulation_m6a/data/ds004703/v1.1.0/stimuli/excerpts/Block 5/s1401b-ex01_normed.wav,s1401b-ex01,METADATA_ONLY,PASS_WITH_LIMITATION,
ds004703,sub-SD011_ses-01_task-PassiveListen__trial-48,/home/fanyu/auditory_simulation_m6a/data/ds004703/v1.1.0/sub-SD011/ses-01/ieeg/sub-SD011_ses-01_task-PassiveListen_ieeg.edf,/home/fanyu/auditory_simulation_m6a/data/ds004703/v1.1.0/stimuli/pleasePressSpace_normed.wav,pleasePressSpace,METADATA_ONLY,EXCLUDED,CONTROL_NOT_PASSAGE
ds004703,sub-SD011_ses-01_task-PassiveListen__trial-49,/home/fanyu/auditory_simulation_m6a/data/ds004703/v1.1.0/sub-SD011/ses-01/ieeg/sub-SD011_ses-01_task-PassiveListen_ieeg.edf,/home/fanyu/auditory_simulation_m6a/data/ds004703/v1.1.0/stimuli/excerpts/Block 5/catalan-m03_normed.wav,catalan-m03,METADATA_ONLY,EXCLUDED,CATALAN_PLAYED_AUDIO_PROVENANCE_CONFLICT;AUDIO_TEMPLATE_DURATION
ds004703,sub-SD011_ses-01_task-PassiveListen__trial-50,/home/fanyu/auditory_simulation_m6a/data/ds004703/v1.1.0/sub-SD011/ses-01/ieeg/sub-SD011_ses-01_task-PassiveListen_ieeg.edf,/home/fanyu/auditory_simulation_m6a/data/ds004703/v1.1.0/stimuli/excerpts/Block 5/s3003a-ex01_normed.wav,s3003a-ex01,METADATA_ONLY,PASS_WITH_LIMITATION,
ds004703,sub-SD011_ses-01_task-PassiveListen__trial-51,/home/fanyu/auditory_simulation_m6a/data/ds004703/v1.1.0/sub-SD011/ses-01/ieeg/sub-SD011_ses-01_task-PassiveListen_ieeg.edf,/home/fanyu/auditory_simulation_m6a/data/ds004703/v1.1.0/stimuli/excerpts/Block 5/s1503a-ex01_normed.wav,s1503a-ex01,METADATA_ONLY,PASS_WITH_LIMITATION,
ds004703,sub-SD011_ses-01_task-PassiveListen__trial-52,/home/fanyu/auditory_simulation_m6a/data/ds004703/v1.1.0/sub-SD011/ses-01/ieeg/sub-SD011_ses-01_task-PassiveListen_ieeg.edf,/home/fanyu/auditory_simulation_m6a/data/ds004703/v1.1.0/stimuli/excerpts/Block 5/s0802b-ex01_normed.wav,s0802b-ex01,METADATA_ONLY,PASS_WITH_LIMITATION,
ds004703,sub-SD011_ses-01_task-PassiveListen__trial-53,/home/fanyu/auditory_simulation_m6a/data/ds004703/v1.1.0/sub-SD011/ses-01/ieeg/sub-SD011_ses-01_task-PassiveListen_ieeg.edf,/home/fanyu/auditory_simulation_m6a/data/ds004703/v1.1.0/stimuli/excerpts/Block 6/s1702b-ex01_normed.wav,s1702b-ex01,METADATA_ONLY,PASS_WITH_LIMITATION,
ds004703,sub-SD011_ses-01_task-PassiveListen__trial-54,/home/fanyu/auditory_simulation_m6a/data/ds004703/v1.1.0/sub-SD011/ses-01/ieeg/sub-SD011_ses-01_task-PassiveListen_ieeg.edf,/home/fanyu/auditory_simulation_m6a/data/ds004703/v1.1.0/stimuli/excerpts/Block 6/s0901b-ex01_normed.wav,s0901b-ex01,METADATA_ONLY,PASS_WITH_LIMITATION,
ds004703,sub-SD011_ses-01_task-PassiveListen__trial-55,/home/fanyu/auditory_simulation_m6a/data/ds004703/v1.1.0/sub-SD011/ses-01/ieeg/sub-SD011_ses-01_task-PassiveListen_ieeg.edf,/home/fanyu/auditory_simulation_m6a/data/ds004703/v1.1.0/stimuli/excerpts/Block 6/s2302b-ex01_normed.wav,s2302b-ex01,METADATA_ONLY,PASS_WITH_LIMITATION,
ds004703,sub-SD011_ses-01_task-PassiveListen__trial-56,/home/fanyu/auditory_simulation_m6a/data/ds004703/v1.1.0/sub-SD011/ses-01/ieeg/sub-SD011_ses-01_task-PassiveListen_ieeg.edf,/home/fanyu/auditory_simulation_m6a/data/ds004703/v1.1.0/stimuli/excerpts/Block 6/s3801a-ex01_normed.wav,s3801a-ex01,METADATA_ONLY,PASS_WITH_LIMITATION,
ds004703,sub-SD011_ses-01_task-PassiveListen__trial-57,/home/fanyu/auditory_simulation_m6a/data/ds004703/v1.1.0/sub-SD011/ses-01/ieeg/sub-SD011_ses-01_task-PassiveListen_ieeg.edf,/home/fanyu/auditory_simulation_m6a/data/ds004703/v1.1.0/stimuli/excerpts/Block 6/s0305a-ex01_normed.wav,s0305a-ex01,METADATA_ONLY,PASS_WITH_LIMITATION,
ds004703,sub-SD011_ses-01_task-PassiveListen__trial-58,/home/fanyu/auditory_simulation_m6a/data/ds004703/v1.1.0/sub-SD011/ses-01/ieeg/sub-SD011_ses-01_task-PassiveListen_ieeg.edf,/home/fanyu/auditory_simulation_m6a/data/ds004703/v1.1.0/stimuli/excerpts/Block 6/s1503a-ex02_normed.wav,s1503a-ex02,METADATA_ONLY,PASS_WITH_LIMITATION,
ds004703,sub-SD011_ses-01_task-PassiveListen__trial-59,/home/fanyu/auditory_simulation_m6a/data/ds004703/v1.1.0/sub-SD011/ses-01/ieeg/sub-SD011_ses-01_task-PassiveListen_ieeg.edf,/home/fanyu/auditory_simulation_m6a/data/ds004703/v1.1.0/stimuli/excerpts/Block 6/s1203a-ex01_normed.wav,s1203a-ex01,METADATA_ONLY,PASS_WITH_LIMITATION,
ds004703,sub-SD011_ses-01_task-PassiveListen__trial-60,/home/fanyu/auditory_simulation_m6a/data/ds004703/v1.1.0/sub-SD011/ses-01/ieeg/sub-SD011_ses-01_task-PassiveListen_ieeg.edf,/home/fanyu/auditory_simulation_m6a/data/ds004703/v1.1.0/stimuli/pleasePressSpace_normed.wav,pleasePressSpace,METADATA_ONLY,EXCLUDED,CONTROL_NOT_PASSAGE
ds004703,sub-SD011_ses-01_task-PassiveListen__trial-61,/home/fanyu/auditory_simulation_m6a/data/ds004703/v1.1.0/sub-SD011/ses-01/ieeg/sub-SD011_ses-01_task-PassiveListen_ieeg.edf,/home/fanyu/auditory_simulation_m6a/data/ds004703/v1.1.0/stimuli/excerpts/Block 6/catalan-f03_normed.wav,catalan-f03,METADATA_ONLY,EXCLUDED,CATALAN_PLAYED_AUDIO_PROVENANCE_CONFLICT;AUDIO_TEMPLATE_DURATION
ds004703,sub-SD011_ses-01_task-PassiveListen__trial-62,/home/fanyu/auditory_simulation_m6a/data/ds004703/v1.1.0/sub-SD011/ses-01/ieeg/sub-SD011_ses-01_task-PassiveListen_ieeg.edf,/home/fanyu/auditory_simulation_m6a/data/ds004703/v1.1.0/stimuli/excerpts/Block 6/s3003a-ex02_normed.wav,s3003a-ex02,METADATA_ONLY,PASS_WITH_LIMITATION,
ds004703,sub-SD012_ses-01_task-PassiveListen__trial-0,/home/fanyu/auditory_simulation_m6a/data/ds004703/v1.1.0/sub-SD012/ses-01/ieeg/sub-SD012_ses-01_task-PassiveListen_ieeg.edf,/home/fanyu/auditory_simulation_m6a/data/ds004703/v1.1.0/stimuli/welcome_normed.wav,welcome,METADATA_ONLY,EXCLUDED,CONTROL_NOT_PASSAGE
ds004703,sub-SD012_ses-01_task-PassiveListen__trial-1,/home/fanyu/auditory_simulation_m6a/data/ds004703/v1.1.0/sub-SD012/ses-01/ieeg/sub-SD012_ses-01_task-PassiveListen_ieeg.edf,/home/fanyu/auditory_simulation_m6a/data/ds004703/v1.1.0/stimuli/instructions1_normed.wav,instructions1,METADATA_ONLY,EXCLUDED,CONTROL_NOT_PASSAGE
ds004703,sub-SD012_ses-01_task-PassiveListen__trial-2,/home/fanyu/auditory_simulation_m6a/data/ds004703/v1.1.0/sub-SD012/ses-01/ieeg/sub-SD012_ses-01_task-PassiveListen_ieeg.edf,/home/fanyu/auditory_simulation_m6a/data/ds004703/v1.1.0/stimuli/instructions3_normed.wav,instructions3,METADATA_ONLY,EXCLUDED,CONTROL_NOT_PASSAGE
ds004703,sub-SD012_ses-01_task-PassiveListen__trial-3,/home/fanyu/auditory_simulation_m6a/data/ds004703/v1.1.0/sub-SD012/ses-01/ieeg/sub-SD012_ses-01_task-PassiveListen_ieeg.edf,/home/fanyu/auditory_simulation_m6a/data/ds004703/v1.1.0/stimuli/excerpts/Block 1/s1401a-ex01_normed.wav,s1401a-ex01,METADATA_ONLY,PASS_WITH_LIMITATION,
ds004703,sub-SD012_ses-01_task-PassiveListen__trial-4,/home/fanyu/auditory_simulation_m6a/data/ds004703/v1.1.0/sub-SD012/ses-01/ieeg/sub-SD012_ses-01_task-PassiveListen_ieeg.edf,/home/fanyu/auditory_simulation_m6a/data/ds004703/v1.1.0/stimuli/pleasePressSpace_normed.wav,pleasePressSpace,METADATA_ONLY,EXCLUDED,CONTROL_NOT_PASSAGE
ds004703,sub-SD012_ses-01_task-PassiveListen__trial-5,/home/fanyu/auditory_simulation_m6a/data/ds004703/v1.1.0/sub-SD012/ses-01/ieeg/sub-SD012_ses-01_task-PassiveListen_ieeg.edf,/home/fanyu/auditory_simulation_m6a/data/ds004703/v1.1.0/stimuli/excerpts/Block 1/catalan-m01_normed.wav,catalan-m01,METADATA_ONLY,EXCLUDED,CATALAN_PLAYED_AUDIO_PROVENANCE_CONFLICT;AUDIO_TEMPLATE_DURATION
ds004703,sub-SD012_ses-01_task-PassiveListen__trial-6,/home/fanyu/auditory_simulation_m6a/data/ds004703/v1.1.0/sub-SD012/ses-01/ieeg/sub-SD012_ses-01_task-PassiveListen_ieeg.edf,/home/fanyu/auditory_simulation_m6a/data/ds004703/v1.1.0/stimuli/excerpts/Block 1/s3602b-ex01_normed.wav,s3602b-ex01,METADATA_ONLY,PASS_WITH_LIMITATION,
ds004703,sub-SD012_ses-02_task-PassiveListen__trial-0,/home/fanyu/auditory_simulation_m6a/data/ds004703/v1.1.0/sub-SD012/ses-02/ieeg/sub-SD012_ses-02_task-PassiveListen_ieeg.edf,/home/fanyu/auditory_simulation_m6a/data/ds004703/v1.1.0/stimuli/welcome_normed.wav,welcome,METADATA_ONLY,EXCLUDED,CONTROL_NOT_PASSAGE
ds004703,sub-SD012_ses-02_task-PassiveListen__trial-1,/home/fanyu/auditory_simulation_m6a/data/ds004703/v1.1.0/sub-SD012/ses-02/ieeg/sub-SD012_ses-02_task-PassiveListen_ieeg.edf,/home/fanyu/auditory_simulation_m6a/data/ds004703/v1.1.0/stimuli/instructions1_normed.wav,instructions1,METADATA_ONLY,EXCLUDED,CONTROL_NOT_PASSAGE
ds004703,sub-SD012_ses-02_task-PassiveListen__trial-2,/home/fanyu/auditory_simulation_m6a/data/ds004703/v1.1.0/sub-SD012/ses-02/ieeg/sub-SD012_ses-02_task-PassiveListen_ieeg.edf,/home/fanyu/auditory_simulation_m6a/data/ds004703/v1.1.0/stimuli/instructions3_normed.wav,instructions3,METADATA_ONLY,EXCLUDED,CONTROL_NOT_PASSAGE
ds004703,sub-SD012_ses-02_task-PassiveListen__trial-3,/home/fanyu/auditory_simulation_m6a/data/ds004703/v1.1.0/sub-SD012/ses-02/ieeg/sub-SD012_ses-02_task-PassiveListen_ieeg.edf,/home/fanyu/auditory_simulation_m6a/data/ds004703/v1.1.0/stimuli/excerpts/Block 1/s4002b-ex01_normed.wav,s4002b-ex01,METADATA_ONLY,PASS_WITH_LIMITATION,
ds004703,sub-SD012_ses-02_task-PassiveListen__trial-4,/home/fanyu/auditory_simulation_m6a/data/ds004703/v1.1.0/sub-SD012/ses-02/ieeg/sub-SD012_ses-02_task-PassiveListen_ieeg.edf,/home/fanyu/auditory_simulation_m6a/data/ds004703/v1.1.0/stimuli/excerpts/Block 1/s1401a-ex01_normed.wav,s1401a-ex01,METADATA_ONLY,PASS_WITH_LIMITATION,
ds004703,sub-SD012_ses-02_task-PassiveListen__trial-5,/home/fanyu/auditory_simulation_m6a/data/ds004703/v1.1.0/sub-SD012/ses-02/ieeg/sub-SD012_ses-02_task-PassiveListen_ieeg.edf,/home/fanyu/auditory_simulation_m6a/data/ds004703/v1.1.0/stimuli/excerpts/Block 1/s2301a-ex01_normed.wav,s2301a-ex01,METADATA_ONLY,PASS_WITH_LIMITATION,
ds004703,sub-SD012_ses-02_task-PassiveListen__trial-6,/home/fanyu/auditory_simulation_m6a/data/ds004703/v1.1.0/sub-SD012/ses-02/ieeg/sub-SD012_ses-02_task-PassiveListen_ieeg.edf,/home/fanyu/auditory_simulation_m6a/data/ds004703/v1.1.0/stimuli/excerpts/Block 1/s1303a-ex01_normed.wav,s1303a-ex01,METADATA_ONLY,PASS_WITH_LIMITATION,
ds004703,sub-SD012_ses-02_task-PassiveListen__trial-7,/home/fanyu/auditory_simulation_m6a/data/ds004703/v1.1.0/sub-SD012/ses-02/ieeg/sub-SD012_ses-02_task-PassiveListen_ieeg.edf,/home/fanyu/auditory_simulation_m6a/data/ds004703/v1.1.0/stimuli/pleasePressSpace_normed.wav,pleasePressSpace,METADATA_ONLY,EXCLUDED,CONTROL_NOT_PASSAGE
ds004703,sub-SD012_ses-02_task-PassiveListen__trial-8,/home/fanyu/auditory_simulation_m6a/data/ds004703/v1.1.0/sub-SD012/ses-02/ieeg/sub-SD012_ses-02_task-PassiveListen_ieeg.edf,/home/fanyu/auditory_simulation_m6a/data/ds004703/v1.1.0/stimuli/excerpts/Block 1/catalan-m01_normed.wav,catalan-m01,METADATA_ONLY,EXCLUDED,CATALAN_PLAYED_AUDIO_PROVENANCE_CONFLICT;AUDIO_TEMPLATE_DURATION
ds004703,sub-SD012_ses-02_task-PassiveListen__trial-9,/home/fanyu/auditory_simulation_m6a/data/ds004703/v1.1.0/sub-SD012/ses-02/ieeg/sub-SD012_ses-02_task-PassiveListen_ieeg.edf,/home/fanyu/auditory_simulation_m6a/data/ds004703/v1.1.0/stimuli/excerpts/Block 1/s2102a-ex01_normed.wav,s2102a-ex01,METADATA_ONLY,PASS_WITH_LIMITATION,
ds004703,sub-SD012_ses-02_task-PassiveListen__trial-10,/home/fanyu/auditory_simulation_m6a/data/ds004703/v1.1.0/sub-SD012/ses-02/ieeg/sub-SD012_ses-02_task-PassiveListen_ieeg.edf,/home/fanyu/auditory_simulation_m6a/data/ds004703/v1.1.0/stimuli/excerpts/Block 1/s3602b-ex01_normed.wav,s3602b-ex01,METADATA_ONLY,PASS_WITH_LIMITATION,
ds004703,sub-SD012_ses-02_task-PassiveListen__trial-11,/home/fanyu/auditory_simulation_m6a/data/ds004703/v1.1.0/sub-SD012/ses-02/ieeg/sub-SD012_ses-02_task-PassiveListen_ieeg.edf,/home/fanyu/auditory_simulation_m6a/data/ds004703/v1.1.0/stimuli/excerpts/Block 1/s1901b-ex01_normed.wav,s1901b-ex01,METADATA_ONLY,PASS_WITH_LIMITATION,
ds004703,sub-SD012_ses-02_task-PassiveListen__trial-12,/home/fanyu/auditory_simulation_m6a/data/ds004703/v1.1.0/sub-SD012/ses-02/ieeg/sub-SD012_ses-02_task-PassiveListen_ieeg.edf,/home/fanyu/auditory_simulation_m6a/data/ds004703/v1.1.0/stimuli/excerpts/Block 1/s3001b-ex01_normed.wav,s3001b-ex01,METADATA_ONLY,PASS_WITH_LIMITATION,
ds004703,sub-SD012_ses-02_task-PassiveListen__trial-13,/home/fanyu/auditory_simulation_m6a/data/ds004703/v1.1.0/sub-SD012/ses-02/ieeg/sub-SD012_ses-02_task-PassiveListen_ieeg.edf,/home/fanyu/auditory_simulation_m6a/data/ds004703/v1.1.0/stimuli/pleasePressSpace_normed.wav,pleasePressSpace,METADATA_ONLY,EXCLUDED,CONTROL_NOT_PASSAGE
ds004703,sub-SD012_ses-02_task-PassiveListen__trial-14,/home/fanyu/auditory_simulation_m6a/data/ds004703/v1.1.0/sub-SD012/ses-02/ieeg/sub-SD012_ses-02_task-PassiveListen_ieeg.edf,/home/fanyu/auditory_simulation_m6a/data/ds004703/v1.1.0/stimuli/excerpts/Block 2/catalan-f01_normed.wav,catalan-f01,METADATA_ONLY,EXCLUDED,CATALAN_PLAYED_AUDIO_PROVENANCE_CONFLICT;AUDIO_TEMPLATE_DURATION
ds004703,sub-SD012_ses-02_task-PassiveListen__trial-15,/home/fanyu/auditory_simulation_m6a/data/ds004703/v1.1.0/sub-SD012/ses-02/ieeg/sub-SD012_ses-02_task-PassiveListen_ieeg.edf,/home/fanyu/auditory_simulation_m6a/data/ds004703/v1.1.0/stimuli/excerpts/Block 2/s3602b-ex02_normed.wav,s3602b-ex02,METADATA_ONLY,PASS_WITH_LIMITATION,
ds004703,sub-SD012_ses-02_task-PassiveListen__trial-16,/home/fanyu/auditory_simulation_m6a/data/ds004703/v1.1.0/sub-SD012/ses-02/ieeg/sub-SD012_ses-02_task-PassiveListen_ieeg.edf,/home/fanyu/auditory_simulation_m6a/data/ds004703/v1.1.0/stimuli/excerpts/Block 2/s3903b-ex01_normed.wav,s3903b-ex01,METADATA_ONLY,PASS_WITH_LIMITATION,
ds004703,sub-SD012_ses-02_task-PassiveListen__trial-17,/home/fanyu/auditory_simulation_m6a/data/ds004703/v1.1.0/sub-SD012/ses-02/ieeg/sub-SD012_ses-02_task-PassiveListen_ieeg.edf,/home/fanyu/auditory_simulation_m6a/data/ds004703/v1.1.0/stimuli/excerpts/Block 2/s1201a-ex01_normed.wav,s1201a-ex01,METADATA_ONLY,PASS_WITH_LIMITATION,
ds004703,sub-SD012_ses-02_task-PassiveListen__trial-18,/home/fanyu/auditory_simulation_m6a/data/ds004703/v1.1.0/sub-SD012/ses-02/ieeg/sub-SD012_ses-02_task-PassiveListen_ieeg.edf,/home/fanyu/auditory_simulation_m6a/data/ds004703/v1.1.0/stimuli/excerpts/Block 2/s2202b-ex02_normed.wav,s2202b-ex02,METADATA_ONLY,PASS_WITH_LIMITATION,
ds004703,sub-SD012_ses-02_task-PassiveListen__trial-19,/home/fanyu/auditory_simulation_m6a/data/ds004703/v1.1.0/sub-SD012/ses-02/ieeg/sub-SD012_ses-02_task-PassiveListen_ieeg.edf,/home/fanyu/auditory_simulation_m6a/data/ds004703/v1.1.0/stimuli/excerpts/Block 2/s0703b-ex01_normed.wav,s0703b-ex01,METADATA_ONLY,PASS_WITH_LIMITATION,
ds004703,sub-SD012_ses-02_task-PassiveListen__trial-20,/home/fanyu/auditory_simulation_m6a/data/ds004703/v1.1.0/sub-SD012/ses-02/ieeg/sub-SD012_ses-02_task-PassiveListen_ieeg.edf,/home/fanyu/auditory_simulation_m6a/data/ds004703/v1.1.0/stimuli/excerpts/Block 2/s2102a-ex02_normed.wav,s2102a-ex02,METADATA_ONLY,PASS_WITH_LIMITATION,
ds004703,sub-SD012_ses-02_task-PassiveListen__trial-21,/home/fanyu/auditory_simulation_m6a/data/ds004703/v1.1.0/sub-SD012/ses-02/ieeg/sub-SD012_ses-02_task-PassiveListen_ieeg.edf,/home/fanyu/auditory_simulation_m6a/data/ds004703/v1.1.0/stimuli/excerpts/Block 2/s4003b-ex01_normed.wav,s4003b-ex01,METADATA_ONLY,PASS_WITH_LIMITATION,
ds004703,sub-SD012_ses-02_task-PassiveListen__trial-22,/home/fanyu/auditory_simulation_m6a/data/ds004703/v1.1.0/sub-SD012/ses-02/ieeg/sub-SD012_ses-02_task-PassiveListen_ieeg.edf,/home/fanyu/auditory_simulation_m6a/data/ds004703/v1.1.0/stimuli/excerpts/Block 2/s3301a-ex01_normed.wav,s3301a-ex01,METADATA_ONLY,PASS_WITH_LIMITATION,
ds004703,sub-SD012_ses-02_task-PassiveListen__trial-23,/home/fanyu/auditory_simulation_m6a/data/ds004703/v1.1.0/sub-SD012/ses-02/ieeg/sub-SD012_ses-02_task-PassiveListen_ieeg.edf,/home/fanyu/auditory_simulation_m6a/data/ds004703/v1.1.0/stimuli/excerpts/Block 3/s1501a-ex01_normed.wav,s1501a-ex01,METADATA_ONLY,PASS_WITH_LIMITATION,
ds004703,sub-SD012_ses-02_task-PassiveListen__trial-24,/home/fanyu/auditory_simulation_m6a/data/ds004703/v1.1.0/sub-SD012/ses-02/ieeg/sub-SD012_ses-02_task-PassiveListen_ieeg.edf,/home/fanyu/auditory_simulation_m6a/data/ds004703/v1.1.0/stimuli/excerpts/Block 3/s3301a-ex02_normed.wav,s3301a-ex02,METADATA_ONLY,PASS_WITH_LIMITATION,
ds004703,sub-SD012_ses-02_task-PassiveListen__trial-25,/home/fanyu/auditory_simulation_m6a/data/ds004703/v1.1.0/sub-SD012/ses-02/ieeg/sub-SD012_ses-02_task-PassiveListen_ieeg.edf,/home/fanyu/auditory_simulation_m6a/data/ds004703/v1.1.0/stimuli/excerpts/Block 3/s1303a-ex02_normed.wav,s1303a-ex02,METADATA_ONLY,PASS_WITH_LIMITATION,
ds004703,sub-SD012_ses-02_task-PassiveListen__trial-26,/home/fanyu/auditory_simulation_m6a/data/ds004703/v1.1.0/sub-SD012/ses-02/ieeg/sub-SD012_ses-02_task-PassiveListen_ieeg.edf,/home/fanyu/auditory_simulation_m6a/data/ds004703/v1.1.0/stimuli/excerpts/Block 3/s1001a-ex01_normed.wav,s1001a-ex01,METADATA_ONLY,PASS_WITH_LIMITATION,
ds004703,sub-SD012_ses-02_task-PassiveListen__trial-27,/home/fanyu/auditory_simulation_m6a/data/ds004703/v1.1.0/sub-SD012/ses-02/ieeg/sub-SD012_ses-02_task-PassiveListen_ieeg.edf,/home/fanyu/auditory_simulation_m6a/data/ds004703/v1.1.0/stimuli/excerpts/Block 3/s3201a-ex01_normed.wav,s3201a-ex01,METADATA_ONLY,PASS_WITH_LIMITATION,
ds004703,sub-SD012_ses-02_task-PassiveListen__trial-28,/home/fanyu/auditory_simulation_m6a/data/ds004703/v1.1.0/sub-SD012/ses-02/ieeg/sub-SD012_ses-02_task-PassiveListen_ieeg.edf,/home/fanyu/auditory_simulation_m6a/data/ds004703/v1.1.0/stimuli/excerpts/Block 3/s3703b-ex01_normed.wav,s3703b-ex01,METADATA_ONLY,PASS_WITH_LIMITATION,
ds004703,sub-SD012_ses-02_task-PassiveListen__trial-29,/home/fanyu/auditory_simulation_m6a/data/ds004703/v1.1.0/sub-SD012/ses-02/ieeg/sub-SD012_ses-02_task-PassiveListen_ieeg.edf,/home/fanyu/auditory_simulation_m6a/data/ds004703/v1.1.0/stimuli/excerpts/Block 3/s1401a-ex02_normed.wav,s1401a-ex02,METADATA_ONLY,PASS_WITH_LIMITATION,
ds004703,sub-SD012_ses-02_task-PassiveListen__trial-30,/home/fanyu/auditory_simulation_m6a/data/ds004703/v1.1.0/sub-SD012/ses-02/ieeg/sub-SD012_ses-02_task-PassiveListen_ieeg.edf,/home/fanyu/auditory_simulation_m6a/data/ds004703/v1.1.0/stimuli/excerpts/Block 3/s3903b-ex02_normed.wav,s3903b-ex02,METADATA_ONLY,PASS_WITH_LIMITATION,
ds004703,sub-SD012_ses-02_task-PassiveListen__trial-31,/home/fanyu/auditory_simulation_m6a/data/ds004703/v1.1.0/sub-SD012/ses-02/ieeg/sub-SD012_ses-02_task-PassiveListen_ieeg.edf,/home/fanyu/auditory_simulation_m6a/data/ds004703/v1.1.0/stimuli/pleasePressSpace_normed.wav,pleasePressSpace,METADATA_ONLY,EXCLUDED,CONTROL_NOT_PASSAGE
ds004703,sub-SD012_ses-02_task-PassiveListen__trial-32,/home/fanyu/auditory_simulation_m6a/data/ds004703/v1.1.0/sub-SD012/ses-02/ieeg/sub-SD012_ses-02_task-PassiveListen_ieeg.edf,/home/fanyu/auditory_simulation_m6a/data/ds004703/v1.1.0/stimuli/excerpts/Block 3/catalan-m02_normed.wav,catalan-m02,METADATA_ONLY,EXCLUDED,CATALAN_PLAYED_AUDIO_PROVENANCE_CONFLICT;AUDIO_TEMPLATE_DURATION
ds004703,sub-SD012_ses-02_task-PassiveListen__trial-33,/home/fanyu/auditory_simulation_m6a/data/ds004703/v1.1.0/sub-SD012/ses-02/ieeg/sub-SD012_ses-02_task-PassiveListen_ieeg.edf,/home/fanyu/auditory_simulation_m6a/data/ds004703/v1.1.0/stimuli/pleasePressSpace_normed.wav,pleasePressSpace,METADATA_ONLY,EXCLUDED,CONTROL_NOT_PASSAGE
ds004703,sub-SD012_ses-02_task-PassiveListen__trial-34,/home/fanyu/auditory_simulation_m6a/data/ds004703/v1.1.0/sub-SD012/ses-02/ieeg/sub-SD012_ses-02_task-PassiveListen_ieeg.edf,/home/fanyu/auditory_simulation_m6a/data/ds004703/v1.1.0/stimuli/excerpts/Block 4/catalan-f02_normed.wav,catalan-f02,METADATA_ONLY,EXCLUDED,CATALAN_PLAYED_AUDIO_PROVENANCE_CONFLICT;AUDIO_TEMPLATE_DURATION
ds004703,sub-SD012_ses-02_task-PassiveListen__trial-35,/home/fanyu/auditory_simulation_m6a/data/ds004703/v1.1.0/sub-SD012/ses-02/ieeg/sub-SD012_ses-02_task-PassiveListen_ieeg.edf,/home/fanyu/auditory_simulation_m6a/data/ds004703/v1.1.0/stimuli/excerpts/Block 4/s3902a-ex01_normed.wav,s3902a-ex01,METADATA_ONLY,PASS_WITH_LIMITATION,
ds004703,sub-SD012_ses-02_task-PassiveListen__trial-36,/home/fanyu/auditory_simulation_m6a/data/ds004703/v1.1.0/sub-SD012/ses-02/ieeg/sub-SD012_ses-02_task-PassiveListen_ieeg.edf,/home/fanyu/auditory_simulation_m6a/data/ds004703/v1.1.0/stimuli/excerpts/Block 4/s2102a-ex03_normed.wav,s2102a-ex03,METADATA_ONLY,PASS_WITH_LIMITATION,
ds004703,sub-SD012_ses-02_task-PassiveListen__trial-37,/home/fanyu/auditory_simulation_m6a/data/ds004703/v1.1.0/sub-SD012/ses-02/ieeg/sub-SD012_ses-02_task-PassiveListen_ieeg.edf,/home/fanyu/auditory_simulation_m6a/data/ds004703/v1.1.0/stimuli/excerpts/Block 4/s1604a-ex01_normed.wav,s1604a-ex01,METADATA_ONLY,PASS_WITH_LIMITATION,
ds004703,sub-SD012_ses-02_task-PassiveListen__trial-38,/home/fanyu/auditory_simulation_m6a/data/ds004703/v1.1.0/sub-SD012/ses-02/ieeg/sub-SD012_ses-02_task-PassiveListen_ieeg.edf,/home/fanyu/auditory_simulation_m6a/data/ds004703/v1.1.0/stimuli/excerpts/Block 4/s0202b-ex01_normed.wav,s0202b-ex01,METADATA_ONLY,PASS_WITH_LIMITATION,
ds004703,sub-SD012_ses-02_task-PassiveListen__trial-39,/home/fanyu/auditory_simulation_m6a/data/ds004703/v1.1.0/sub-SD012/ses-02/ieeg/sub-SD012_ses-02_task-PassiveListen_ieeg.edf,/home/fanyu/auditory_simulation_m6a/data/ds004703/v1.1.0/stimuli/excerpts/Block 4/s3102b-ex01_normed.wav,s3102b-ex01,METADATA_ONLY,PASS_WITH_LIMITATION,
ds004703,sub-SD012_ses-02_task-PassiveListen__trial-40,/home/fanyu/auditory_simulation_m6a/data/ds004703/v1.1.0/sub-SD012/ses-02/ieeg/sub-SD012_ses-02_task-PassiveListen_ieeg.edf,/home/fanyu/auditory_simulation_m6a/data/ds004703/v1.1.0/stimuli/excerpts/Block 4/s2801a-ex01_normed.wav,s2801a-ex01,METADATA_ONLY,PASS_WITH_LIMITATION,
ds004703,sub-SD012_ses-02_task-PassiveListen__trial-41,/home/fanyu/auditory_simulation_m6a/data/ds004703/v1.1.0/sub-SD012/ses-02/ieeg/sub-SD012_ses-02_task-PassiveListen_ieeg.edf,/home/fanyu/auditory_simulation_m6a/data/ds004703/v1.1.0/stimuli/excerpts/Block 4/s3802a-ex01_normed.wav,s3802a-ex01,METADATA_ONLY,PASS_WITH_LIMITATION,
ds004703,sub-SD012_ses-02_task-PassiveListen__trial-42,/home/fanyu/auditory_simulation_m6a/data/ds004703/v1.1.0/sub-SD012/ses-02/ieeg/sub-SD012_ses-02_task-PassiveListen_ieeg.edf,/home/fanyu/auditory_simulation_m6a/data/ds004703/v1.1.0/stimuli/excerpts/Block 4/s0702a-ex01_normed.wav,s0702a-ex01,METADATA_ONLY,PASS_WITH_LIMITATION,
ds004703,sub-SD012_ses-02_task-PassiveListen__trial-43,/home/fanyu/auditory_simulation_m6a/data/ds004703/v1.1.0/sub-SD012/ses-02/ieeg/sub-SD012_ses-02_task-PassiveListen_ieeg.edf,/home/fanyu/auditory_simulation_m6a/data/ds004703/v1.1.0/stimuli/excerpts/Block 5/s1401b-ex01_normed.wav,s1401b-ex01,METADATA_ONLY,PASS_WITH_LIMITATION,
ds004703,sub-SD012_ses-02_task-PassiveListen__trial-44,/home/fanyu/auditory_simulation_m6a/data/ds004703/v1.1.0/sub-SD012/ses-02/ieeg/sub-SD012_ses-02_task-PassiveListen_ieeg.edf,/home/fanyu/auditory_simulation_m6a/data/ds004703/v1.1.0/stimuli/excerpts/Block 5/s0802b-ex01_normed.wav,s0802b-ex01,METADATA_ONLY,PASS_WITH_LIMITATION,
ds004703,sub-SD012_ses-02_task-PassiveListen__trial-45,/home/fanyu/auditory_simulation_m6a/data/ds004703/v1.1.0/sub-SD012/ses-02/ieeg/sub-SD012_ses-02_task-PassiveListen_ieeg.edf,/home/fanyu/auditory_simulation_m6a/data/ds004703/v1.1.0/stimuli/excerpts/Block 5/s1703b-ex01_normed.wav,s1703b-ex01,METADATA_ONLY,PASS_WITH_LIMITATION,
ds004703,sub-SD012_ses-02_task-PassiveListen__trial-46,/home/fanyu/auditory_simulation_m6a/data/ds004703/v1.1.0/sub-SD012/ses-02/ieeg/sub-SD012_ses-02_task-PassiveListen_ieeg.edf,/home/fanyu/auditory_simulation_m6a/data/ds004703/v1.1.0/stimuli/excerpts/Block 5/s0203b-ex01_normed.wav,s0203b-ex01,METADATA_ONLY,PASS_WITH_LIMITATION,
ds004703,sub-SD012_ses-02_task-PassiveListen__trial-47,/home/fanyu/auditory_simulation_m6a/data/ds004703/v1.1.0/sub-SD012/ses-02/ieeg/sub-SD012_ses-02_task-PassiveListen_ieeg.edf,/home/fanyu/auditory_simulation_m6a/data/ds004703/v1.1.0/stimuli/excerpts/Block 5/s1202b-ex01_normed.wav,s1202b-ex01,METADATA_ONLY,PASS_WITH_LIMITATION,
ds004703,sub-SD012_ses-02_task-PassiveListen__trial-48,/home/fanyu/auditory_simulation_m6a/data/ds004703/v1.1.0/sub-SD012/ses-02/ieeg/sub-SD012_ses-02_task-PassiveListen_ieeg.edf,/home/fanyu/auditory_simulation_m6a/data/ds004703/v1.1.0/stimuli/excerpts/Block 5/s1503a-ex01_normed.wav,s1503a-ex01,METADATA_ONLY,PASS_WITH_LIMITATION,
ds004703,sub-SD012_ses-02_task-PassiveListen__trial-49,/home/fanyu/auditory_simulation_m6a/data/ds004703/v1.1.0/sub-SD012/ses-02/ieeg/sub-SD012_ses-02_task-PassiveListen_ieeg.edf,/home/fanyu/auditory_simulation_m6a/data/ds004703/v1.1.0/stimuli/pleasePressSpace_normed.wav,pleasePressSpace,METADATA_ONLY,EXCLUDED,CONTROL_NOT_PASSAGE
ds004703,sub-SD012_ses-02_task-PassiveListen__trial-50,/home/fanyu/auditory_simulation_m6a/data/ds004703/v1.1.0/sub-SD012/ses-02/ieeg/sub-SD012_ses-02_task-PassiveListen_ieeg.edf,/home/fanyu/auditory_simulation_m6a/data/ds004703/v1.1.0/stimuli/excerpts/Block 5/catalan-m03_normed.wav,catalan-m03,METADATA_ONLY,EXCLUDED,CATALAN_PLAYED_AUDIO_PROVENANCE_CONFLICT;AUDIO_TEMPLATE_DURATION
ds004703,sub-SD012_ses-02_task-PassiveListen__trial-51,/home/fanyu/auditory_simulation_m6a/data/ds004703/v1.1.0/sub-SD012/ses-02/ieeg/sub-SD012_ses-02_task-PassiveListen_ieeg.edf,/home/fanyu/auditory_simulation_m6a/data/ds004703/v1.1.0/stimuli/excerpts/Block 5/s1103a-ex01_normed.wav,s1103a-ex01,METADATA_ONLY,PASS_WITH_LIMITATION,
ds004703,sub-SD012_ses-02_task-PassiveListen__trial-52,/home/fanyu/auditory_simulation_m6a/data/ds004703/v1.1.0/sub-SD012/ses-02/ieeg/sub-SD012_ses-02_task-PassiveListen_ieeg.edf,/home/fanyu/auditory_simulation_m6a/data/ds004703/v1.1.0/stimuli/excerpts/Block 5/s3003a-ex01_normed.wav,s3003a-ex01,METADATA_ONLY,PASS_WITH_LIMITATION,
ds004703,sub-SD013_ses-01_task-PassiveListen__trial-0,/home/fanyu/auditory_simulation_m6a/data/ds004703/v1.1.0/sub-SD013/ses-01/ieeg/sub-SD013_ses-01_task-PassiveListen_ieeg.edf,/home/fanyu/auditory_simulation_m6a/data/ds004703/v1.1.0/stimuli/welcome_normed.wav,welcome,METADATA_ONLY,EXCLUDED,CONTROL_NOT_PASSAGE
ds004703,sub-SD013_ses-01_task-PassiveListen__trial-1,/home/fanyu/auditory_simulation_m6a/data/ds004703/v1.1.0/sub-SD013/ses-01/ieeg/sub-SD013_ses-01_task-PassiveListen_ieeg.edf,/home/fanyu/auditory_simulation_m6a/data/ds004703/v1.1.0/stimuli/instructions1_normed.wav,instructions1,METADATA_ONLY,EXCLUDED,CONTROL_NOT_PASSAGE
ds004703,sub-SD013_ses-01_task-PassiveListen__trial-2,/home/fanyu/auditory_simulation_m6a/data/ds004703/v1.1.0/sub-SD013/ses-01/ieeg/sub-SD013_ses-01_task-PassiveListen_ieeg.edf,/home/fanyu/auditory_simulation_m6a/data/ds004703/v1.1.0/stimuli/instructions3_normed.wav,instructions3,METADATA_ONLY,EXCLUDED,CONTROL_NOT_PASSAGE
ds004703,sub-SD013_ses-01_task-PassiveListen__trial-3,/home/fanyu/auditory_simulation_m6a/data/ds004703/v1.1.0/sub-SD013/ses-01/ieeg/sub-SD013_ses-01_task-PassiveListen_ieeg.edf,/home/fanyu/auditory_simulation_m6a/data/ds004703/v1.1.0/stimuli/excerpts/Block 1/s2102a-ex01_normed.wav,s2102a-ex01,METADATA_ONLY,PASS_WITH_LIMITATION,
ds004703,sub-SD013_ses-01_task-PassiveListen__trial-4,/home/fanyu/auditory_simulation_m6a/data/ds004703/v1.1.0/sub-SD013/ses-01/ieeg/sub-SD013_ses-01_task-PassiveListen_ieeg.edf,/home/fanyu/auditory_simulation_m6a/data/ds004703/v1.1.0/stimuli/excerpts/Block 1/s3001b-ex01_normed.wav,s3001b-ex01,METADATA_ONLY,PASS_WITH_LIMITATION,
ds004703,sub-SD013_ses-01_task-PassiveListen__trial-5,/home/fanyu/auditory_simulation_m6a/data/ds004703/v1.1.0/sub-SD013/ses-01/ieeg/sub-SD013_ses-01_task-PassiveListen_ieeg.edf,/home/fanyu/auditory_simulation_m6a/data/ds004703/v1.1.0/stimuli/excerpts/Block 1/s4002b-ex01_normed.wav,s4002b-ex01,METADATA_ONLY,PASS_WITH_LIMITATION,
ds004703,sub-SD013_ses-01_task-PassiveListen__trial-6,/home/fanyu/auditory_simulation_m6a/data/ds004703/v1.1.0/sub-SD013/ses-01/ieeg/sub-SD013_ses-01_task-PassiveListen_ieeg.edf,/home/fanyu/auditory_simulation_m6a/data/ds004703/v1.1.0/stimuli/excerpts/Block 1/s1303a-ex01_normed.wav,s1303a-ex01,METADATA_ONLY,PASS_WITH_LIMITATION,
ds004703,sub-SD013_ses-01_task-PassiveListen__trial-7,/home/fanyu/auditory_simulation_m6a/data/ds004703/v1.1.0/sub-SD013/ses-01/ieeg/sub-SD013_ses-01_task-PassiveListen_ieeg.edf,/home/fanyu/auditory_simulation_m6a/data/ds004703/v1.1.0/stimuli/excerpts/Block 1/s1401a-ex01_normed.wav,s1401a-ex01,METADATA_ONLY,PASS_WITH_LIMITATION,
ds004703,sub-SD013_ses-01_task-PassiveListen__trial-8,/home/fanyu/auditory_simulation_m6a/data/ds004703/v1.1.0/sub-SD013/ses-01/ieeg/sub-SD013_ses-01_task-PassiveListen_ieeg.edf,/home/fanyu/auditory_simulation_m6a/data/ds004703/v1.1.0/stimuli/excerpts/Block 1/s3602b-ex01_normed.wav,s3602b-ex01,METADATA_ONLY,PASS_WITH_LIMITATION,
ds004703,sub-SD013_ses-01_task-PassiveListen__trial-9,/home/fanyu/auditory_simulation_m6a/data/ds004703/v1.1.0/sub-SD013/ses-01/ieeg/sub-SD013_ses-01_task-PassiveListen_ieeg.edf,/home/fanyu/auditory_simulation_m6a/data/ds004703/v1.1.0/stimuli/excerpts/Block 1/s2301a-ex01_normed.wav,s2301a-ex01,METADATA_ONLY,PASS_WITH_LIMITATION,
ds004703,sub-SD013_ses-01_task-PassiveListen__trial-10,/home/fanyu/auditory_simulation_m6a/data/ds004703/v1.1.0/sub-SD013/ses-01/ieeg/sub-SD013_ses-01_task-PassiveListen_ieeg.edf,/home/fanyu/auditory_simulation_m6a/data/ds004703/v1.1.0/stimuli/excerpts/Block 1/s1901b-ex01_normed.wav,s1901b-ex01,METADATA_ONLY,PASS_WITH_LIMITATION,
ds004703,sub-SD013_ses-01_task-PassiveListen__trial-11,/home/fanyu/auditory_simulation_m6a/data/ds004703/v1.1.0/sub-SD013/ses-01/ieeg/sub-SD013_ses-01_task-PassiveListen_ieeg.edf,/home/fanyu/auditory_simulation_m6a/data/ds004703/v1.1.0/stimuli/excerpts/Block 1/catalan-m01_normed.wav,catalan-m01,METADATA_ONLY,EXCLUDED,CATALAN_PLAYED_AUDIO_PROVENANCE_CONFLICT;AUDIO_TEMPLATE_DURATION
ds004703,sub-SD013_ses-01_task-PassiveListen__trial-12,/home/fanyu/auditory_simulation_m6a/data/ds004703/v1.1.0/sub-SD013/ses-01/ieeg/sub-SD013_ses-01_task-PassiveListen_ieeg.edf,/home/fanyu/auditory_simulation_m6a/data/ds004703/v1.1.0/stimuli/excerpts/Block 2/s1201a-ex01_normed.wav,s1201a-ex01,METADATA_ONLY,PASS_WITH_LIMITATION,
ds004703,sub-SD013_ses-01_task-PassiveListen__trial-13,/home/fanyu/auditory_simulation_m6a/data/ds004703/v1.1.0/sub-SD013/ses-01/ieeg/sub-SD013_ses-01_task-PassiveListen_ieeg.edf,/home/fanyu/auditory_simulation_m6a/data/ds004703/v1.1.0/stimuli/excerpts/Block 2/s0703b-ex01_normed.wav,s0703b-ex01,METADATA_ONLY,PASS_WITH_LIMITATION,
ds004703,sub-SD013_ses-01_task-PassiveListen__trial-14,/home/fanyu/auditory_simulation_m6a/data/ds004703/v1.1.0/sub-SD013/ses-01/ieeg/sub-SD013_ses-01_task-PassiveListen_ieeg.edf,/home/fanyu/auditory_simulation_m6a/data/ds004703/v1.1.0/stimuli/excerpts/Block 2/s4003b-ex01_normed.wav,s4003b-ex01,METADATA_ONLY,PASS_WITH_LIMITATION,
ds004703,sub-SD013_ses-01_task-PassiveListen__trial-15,/home/fanyu/auditory_simulation_m6a/data/ds004703/v1.1.0/sub-SD013/ses-01/ieeg/sub-SD013_ses-01_task-PassiveListen_ieeg.edf,/home/fanyu/auditory_simulation_m6a/data/ds004703/v1.1.0/stimuli/excerpts/Block 2/catalan-f01_normed.wav,catalan-f01,METADATA_ONLY,EXCLUDED,CATALAN_PLAYED_AUDIO_PROVENANCE_CONFLICT;AUDIO_TEMPLATE_DURATION
ds004703,sub-SD013_ses-01_task-PassiveListen__trial-16,/home/fanyu/auditory_simulation_m6a/data/ds004703/v1.1.0/sub-SD013/ses-01/ieeg/sub-SD013_ses-01_task-PassiveListen_ieeg.edf,/home/fanyu/auditory_simulation_m6a/data/ds004703/v1.1.0/stimuli/excerpts/Block 2/s2102a-ex02_normed.wav,s2102a-ex02,METADATA_ONLY,PASS_WITH_LIMITATION,
ds004703,sub-SD013_ses-01_task-PassiveListen__trial-17,/home/fanyu/auditory_simulation_m6a/data/ds004703/v1.1.0/sub-SD013/ses-01/ieeg/sub-SD013_ses-01_task-PassiveListen_ieeg.edf,/home/fanyu/auditory_simulation_m6a/data/ds004703/v1.1.0/stimuli/excerpts/Block 2/s3301a-ex01_normed.wav,s3301a-ex01,METADATA_ONLY,PASS_WITH_LIMITATION,
ds004703,sub-SD013_ses-01_task-PassiveListen__trial-18,/home/fanyu/auditory_simulation_m6a/data/ds004703/v1.1.0/sub-SD013/ses-01/ieeg/sub-SD013_ses-01_task-PassiveListen_ieeg.edf,/home/fanyu/auditory_simulation_m6a/data/ds004703/v1.1.0/stimuli/excerpts/Block 2/s2202b-ex02_normed.wav,s2202b-ex02,METADATA_ONLY,PASS_WITH_LIMITATION,
ds004703,sub-SD013_ses-01_task-PassiveListen__trial-19,/home/fanyu/auditory_simulation_m6a/data/ds004703/v1.1.0/sub-SD013/ses-01/ieeg/sub-SD013_ses-01_task-PassiveListen_ieeg.edf,/home/fanyu/auditory_simulation_m6a/data/ds004703/v1.1.0/stimuli/excerpts/Block 2/s3602b-ex02_normed.wav,s3602b-ex02,METADATA_ONLY,PASS_WITH_LIMITATION,
ds004703,sub-SD013_ses-01_task-PassiveListen__trial-20,/home/fanyu/auditory_simulation_m6a/data/ds004703/v1.1.0/sub-SD013/ses-01/ieeg/sub-SD013_ses-01_task-PassiveListen_ieeg.edf,/home/fanyu/auditory_simulation_m6a/data/ds004703/v1.1.0/stimuli/excerpts/Block 2/s3903b-ex01_normed.wav,s3903b-ex01,METADATA_ONLY,PASS_WITH_LIMITATION,
ds004703,sub-SD015_ses-01_task-PassiveListen__trial-0,/home/fanyu/auditory_simulation_m6a/data/ds004703/v1.1.0/sub-SD015/ses-01/ieeg/sub-SD015_ses-01_task-PassiveListen_ieeg.edf,/home/fanyu/auditory_simulation_m6a/data/ds004703/v1.1.0/stimuli/welcome_normed.wav,welcome,METADATA_ONLY,EXCLUDED,CONTROL_NOT_PASSAGE
ds004703,sub-SD015_ses-01_task-PassiveListen__trial-1,/home/fanyu/auditory_simulation_m6a/data/ds004703/v1.1.0/sub-SD015/ses-01/ieeg/sub-SD015_ses-01_task-PassiveListen_ieeg.edf,/home/fanyu/auditory_simulation_m6a/data/ds004703/v1.1.0/stimuli/instructions1_normed.wav,instructions1,METADATA_ONLY,EXCLUDED,CONTROL_NOT_PASSAGE
ds004703,sub-SD015_ses-01_task-PassiveListen__trial-2,/home/fanyu/auditory_simulation_m6a/data/ds004703/v1.1.0/sub-SD015/ses-01/ieeg/sub-SD015_ses-01_task-PassiveListen_ieeg.edf,/home/fanyu/auditory_simulation_m6a/data/ds004703/v1.1.0/stimuli/pleasePressSpace_normed.wav,pleasePressSpace,METADATA_ONLY,EXCLUDED,CONTROL_NOT_PASSAGE
ds004703,sub-SD015_ses-01_task-PassiveListen__trial-3,/home/fanyu/auditory_simulation_m6a/data/ds004703/v1.1.0/sub-SD015/ses-01/ieeg/sub-SD015_ses-01_task-PassiveListen_ieeg.edf,/home/fanyu/auditory_simulation_m6a/data/ds004703/v1.1.0/stimuli/instructions3_normed.wav,instructions3,METADATA_ONLY,EXCLUDED,CONTROL_NOT_PASSAGE
ds004703,sub-SD015_ses-01_task-PassiveListen__trial-4,/home/fanyu/auditory_simulation_m6a/data/ds004703/v1.1.0/sub-SD015/ses-01/ieeg/sub-SD015_ses-01_task-PassiveListen_ieeg.edf,/home/fanyu/auditory_simulation_m6a/data/ds004703/v1.1.0/stimuli/excerpts/Block 1/s1401a-ex01_normed.wav,s1401a-ex01,METADATA_ONLY,PASS_WITH_LIMITATION,
ds004703,sub-SD015_ses-01_task-PassiveListen__trial-5,/home/fanyu/auditory_simulation_m6a/data/ds004703/v1.1.0/sub-SD015/ses-01/ieeg/sub-SD015_ses-01_task-PassiveListen_ieeg.edf,/home/fanyu/auditory_simulation_m6a/data/ds004703/v1.1.0/stimuli/excerpts/Block 1/s3001b-ex01_normed.wav,s3001b-ex01,METADATA_ONLY,PASS_WITH_LIMITATION,
ds004703,sub-SD015_ses-01_task-PassiveListen__trial-6,/home/fanyu/auditory_simulation_m6a/data/ds004703/v1.1.0/sub-SD015/ses-01/ieeg/sub-SD015_ses-01_task-PassiveListen_ieeg.edf,/home/fanyu/auditory_simulation_m6a/data/ds004703/v1.1.0/stimuli/excerpts/Block 1/s4002b-ex01_normed.wav,s4002b-ex01,METADATA_ONLY,PASS_WITH_LIMITATION,
ds004703,sub-SD015_ses-01_task-PassiveListen__trial-7,/home/fanyu/auditory_simulation_m6a/data/ds004703/v1.1.0/sub-SD015/ses-01/ieeg/sub-SD015_ses-01_task-PassiveListen_ieeg.edf,/home/fanyu/auditory_simulation_m6a/data/ds004703/v1.1.0/stimuli/excerpts/Block 1/s2102a-ex01_normed.wav,s2102a-ex01,METADATA_ONLY,PASS_WITH_LIMITATION,
ds004703,sub-SD015_ses-01_task-PassiveListen__trial-8,/home/fanyu/auditory_simulation_m6a/data/ds004703/v1.1.0/sub-SD015/ses-01/ieeg/sub-SD015_ses-01_task-PassiveListen_ieeg.edf,/home/fanyu/auditory_simulation_m6a/data/ds004703/v1.1.0/stimuli/pleasePressSpace_normed.wav,pleasePressSpace,METADATA_ONLY,EXCLUDED,CONTROL_NOT_PASSAGE
ds004703,sub-SD015_ses-01_task-PassiveListen__trial-9,/home/fanyu/auditory_simulation_m6a/data/ds004703/v1.1.0/sub-SD015/ses-01/ieeg/sub-SD015_ses-01_task-PassiveListen_ieeg.edf,/home/fanyu/auditory_simulation_m6a/data/ds004703/v1.1.0/stimuli/excerpts/Block 1/catalan-m01_normed.wav,catalan-m01,METADATA_ONLY,EXCLUDED,CATALAN_PLAYED_AUDIO_PROVENANCE_CONFLICT;AUDIO_TEMPLATE_DURATION
ds004703,sub-SD015_ses-01_task-PassiveListen__trial-10,/home/fanyu/auditory_simulation_m6a/data/ds004703/v1.1.0/sub-SD015/ses-01/ieeg/sub-SD015_ses-01_task-PassiveListen_ieeg.edf,/home/fanyu/auditory_simulation_m6a/data/ds004703/v1.1.0/stimuli/excerpts/Block 1/s2301a-ex01_normed.wav,s2301a-ex01,METADATA_ONLY,PASS_WITH_LIMITATION,
ds004703,sub-SD017_ses-01_task-PassiveListen__trial-0,/home/fanyu/auditory_simulation_m6a/data/ds004703/v1.1.0/sub-SD017/ses-01/ieeg/sub-SD017_ses-01_task-PassiveListen_ieeg.edf,/home/fanyu/auditory_simulation_m6a/data/ds004703/v1.1.0/stimuli/welcome_normed.wav,welcome,METADATA_ONLY,EXCLUDED,CONTROL_NOT_PASSAGE
ds004703,sub-SD017_ses-01_task-PassiveListen__trial-1,/home/fanyu/auditory_simulation_m6a/data/ds004703/v1.1.0/sub-SD017/ses-01/ieeg/sub-SD017_ses-01_task-PassiveListen_ieeg.edf,/home/fanyu/auditory_simulation_m6a/data/ds004703/v1.1.0/stimuli/instructions1_normed.wav,instructions1,METADATA_ONLY,EXCLUDED,CONTROL_NOT_PASSAGE
ds004703,sub-SD017_ses-01_task-PassiveListen__trial-2,/home/fanyu/auditory_simulation_m6a/data/ds004703/v1.1.0/sub-SD017/ses-01/ieeg/sub-SD017_ses-01_task-PassiveListen_ieeg.edf,/home/fanyu/auditory_simulation_m6a/data/ds004703/v1.1.0/stimuli/pleasePressSpace_normed.wav,pleasePressSpace,METADATA_ONLY,EXCLUDED,CONTROL_NOT_PASSAGE
ds004703,sub-SD017_ses-01_task-PassiveListen__trial-3,/home/fanyu/auditory_simulation_m6a/data/ds004703/v1.1.0/sub-SD017/ses-01/ieeg/sub-SD017_ses-01_task-PassiveListen_ieeg.edf,/home/fanyu/auditory_simulation_m6a/data/ds004703/v1.1.0/stimuli/instructions3_normed.wav,instructions3,METADATA_ONLY,EXCLUDED,CONTROL_NOT_PASSAGE
ds004703,sub-SD017_ses-01_task-PassiveListen__trial-4,/home/fanyu/auditory_simulation_m6a/data/ds004703/v1.1.0/sub-SD017/ses-01/ieeg/sub-SD017_ses-01_task-PassiveListen_ieeg.edf,/home/fanyu/auditory_simulation_m6a/data/ds004703/v1.1.0/stimuli/excerpts/Block 1/s2102a-ex01_normed.wav,s2102a-ex01,METADATA_ONLY,PASS_WITH_LIMITATION,
ds004703,sub-SD017_ses-01_task-PassiveListen__trial-5,/home/fanyu/auditory_simulation_m6a/data/ds004703/v1.1.0/sub-SD017/ses-01/ieeg/sub-SD017_ses-01_task-PassiveListen_ieeg.edf,/home/fanyu/auditory_simulation_m6a/data/ds004703/v1.1.0/stimuli/excerpts/Block 1/s3001b-ex01_normed.wav,s3001b-ex01,METADATA_ONLY,PASS_WITH_LIMITATION,
ds004703,sub-SD017_ses-01_task-PassiveListen__trial-6,/home/fanyu/auditory_simulation_m6a/data/ds004703/v1.1.0/sub-SD017/ses-01/ieeg/sub-SD017_ses-01_task-PassiveListen_ieeg.edf,/home/fanyu/auditory_simulation_m6a/data/ds004703/v1.1.0/stimuli/excerpts/Block 1/s1303a-ex01_normed.wav,s1303a-ex01,METADATA_ONLY,PASS_WITH_LIMITATION,
ds004703,sub-SD017_ses-01_task-PassiveListen__trial-7,/home/fanyu/auditory_simulation_m6a/data/ds004703/v1.1.0/sub-SD017/ses-01/ieeg/sub-SD017_ses-01_task-PassiveListen_ieeg.edf,/home/fanyu/auditory_simulation_m6a/data/ds004703/v1.1.0/stimuli/excerpts/Block 1/s3602b-ex01_normed.wav,s3602b-ex01,METADATA_ONLY,PASS_WITH_LIMITATION,
ds004703,sub-SD017_ses-01_task-PassiveListen__trial-8,/home/fanyu/auditory_simulation_m6a/data/ds004703/v1.1.0/sub-SD017/ses-01/ieeg/sub-SD017_ses-01_task-PassiveListen_ieeg.edf,/home/fanyu/auditory_simulation_m6a/data/ds004703/v1.1.0/stimuli/excerpts/Block 1/s1401a-ex01_normed.wav,s1401a-ex01,METADATA_ONLY,PASS_WITH_LIMITATION,
ds004703,sub-SD017_ses-01_task-PassiveListen__trial-9,/home/fanyu/auditory_simulation_m6a/data/ds004703/v1.1.0/sub-SD017/ses-01/ieeg/sub-SD017_ses-01_task-PassiveListen_ieeg.edf,/home/fanyu/auditory_simulation_m6a/data/ds004703/v1.1.0/stimuli/excerpts/Block 1/s4002b-ex01_normed.wav,s4002b-ex01,METADATA_ONLY,PASS_WITH_LIMITATION,
ds004703,sub-SD017_ses-01_task-PassiveListen__trial-10,/home/fanyu/auditory_simulation_m6a/data/ds004703/v1.1.0/sub-SD017/ses-01/ieeg/sub-SD017_ses-01_task-PassiveListen_ieeg.edf,/home/fanyu/auditory_simulation_m6a/data/ds004703/v1.1.0/stimuli/excerpts/Block 1/s1901b-ex01_normed.wav,s1901b-ex01,METADATA_ONLY,PASS_WITH_LIMITATION,
ds004703,sub-SD017_ses-01_task-PassiveListen__trial-11,/home/fanyu/auditory_simulation_m6a/data/ds004703/v1.1.0/sub-SD017/ses-01/ieeg/sub-SD017_ses-01_task-PassiveListen_ieeg.edf,/home/fanyu/auditory_simulation_m6a/data/ds004703/v1.1.0/stimuli/pleasePressSpace_normed.wav,pleasePressSpace,METADATA_ONLY,EXCLUDED,CONTROL_NOT_PASSAGE
ds004703,sub-SD017_ses-01_task-PassiveListen__trial-12,/home/fanyu/auditory_simulation_m6a/data/ds004703/v1.1.0/sub-SD017/ses-01/ieeg/sub-SD017_ses-01_task-PassiveListen_ieeg.edf,/home/fanyu/auditory_simulation_m6a/data/ds004703/v1.1.0/stimuli/excerpts/Block 1/catalan-m01_normed.wav,catalan-m01,METADATA_ONLY,EXCLUDED,CATALAN_PLAYED_AUDIO_PROVENANCE_CONFLICT;AUDIO_TEMPLATE_DURATION
ds004703,sub-SD017_ses-01_task-PassiveListen__trial-13,/home/fanyu/auditory_simulation_m6a/data/ds004703/v1.1.0/sub-SD017/ses-01/ieeg/sub-SD017_ses-01_task-PassiveListen_ieeg.edf,/home/fanyu/auditory_simulation_m6a/data/ds004703/v1.1.0/stimuli/excerpts/Block 1/s2301a-ex01_normed.wav,s2301a-ex01,METADATA_ONLY,PASS_WITH_LIMITATION,
ds004703,sub-SD017_ses-01_task-PassiveListen__trial-14,/home/fanyu/auditory_simulation_m6a/data/ds004703/v1.1.0/sub-SD017/ses-01/ieeg/sub-SD017_ses-01_task-PassiveListen_ieeg.edf,/home/fanyu/auditory_simulation_m6a/data/ds004703/v1.1.0/stimuli/excerpts/Block 2/s3602b-ex02_normed.wav,s3602b-ex02,METADATA_ONLY,PASS_WITH_LIMITATION,
ds004703,sub-SD017_ses-01_task-PassiveListen__trial-15,/home/fanyu/auditory_simulation_m6a/data/ds004703/v1.1.0/sub-SD017/ses-01/ieeg/sub-SD017_ses-01_task-PassiveListen_ieeg.edf,/home/fanyu/auditory_simulation_m6a/data/ds004703/v1.1.0/stimuli/excerpts/Block 2/s3301a-ex01_normed.wav,s3301a-ex01,METADATA_ONLY,PASS_WITH_LIMITATION,
ds004703,sub-SD017_ses-01_task-PassiveListen__trial-16,/home/fanyu/auditory_simulation_m6a/data/ds004703/v1.1.0/sub-SD017/ses-01/ieeg/sub-SD017_ses-01_task-PassiveListen_ieeg.edf,/home/fanyu/auditory_simulation_m6a/data/ds004703/v1.1.0/stimuli/pleasePressSpace_normed.wav,pleasePressSpace,METADATA_ONLY,EXCLUDED,CONTROL_NOT_PASSAGE
ds004703,sub-SD017_ses-01_task-PassiveListen__trial-17,/home/fanyu/auditory_simulation_m6a/data/ds004703/v1.1.0/sub-SD017/ses-01/ieeg/sub-SD017_ses-01_task-PassiveListen_ieeg.edf,/home/fanyu/auditory_simulation_m6a/data/ds004703/v1.1.0/stimuli/excerpts/Block 2/catalan-f01_normed.wav,catalan-f01,METADATA_ONLY,EXCLUDED,CATALAN_PLAYED_AUDIO_PROVENANCE_CONFLICT;AUDIO_TEMPLATE_DURATION
ds004703,sub-SD017_ses-01_task-PassiveListen__trial-18,/home/fanyu/auditory_simulation_m6a/data/ds004703/v1.1.0/sub-SD017/ses-01/ieeg/sub-SD017_ses-01_task-PassiveListen_ieeg.edf,/home/fanyu/auditory_simulation_m6a/data/ds004703/v1.1.0/stimuli/excerpts/Block 2/s3903b-ex01_normed.wav,s3903b-ex01,METADATA_ONLY,PASS_WITH_LIMITATION,
ds004703,sub-SD017_ses-01_task-PassiveListen__trial-19,/home/fanyu/auditory_simulation_m6a/data/ds004703/v1.1.0/sub-SD017/ses-01/ieeg/sub-SD017_ses-01_task-PassiveListen_ieeg.edf,/home/fanyu/auditory_simulation_m6a/data/ds004703/v1.1.0/stimuli/excerpts/Block 2/s2102a-ex02_normed.wav,s2102a-ex02,METADATA_ONLY,PASS_WITH_LIMITATION,
ds004703,sub-SD017_ses-01_task-PassiveListen__trial-20,/home/fanyu/auditory_simulation_m6a/data/ds004703/v1.1.0/sub-SD017/ses-01/ieeg/sub-SD017_ses-01_task-PassiveListen_ieeg.edf,/home/fanyu/auditory_simulation_m6a/data/ds004703/v1.1.0/stimuli/excerpts/Block 2/s0703b-ex01_normed.wav,s0703b-ex01,METADATA_ONLY,PASS_WITH_LIMITATION,
ds004703,sub-SD017_ses-01_task-PassiveListen__trial-21,/home/fanyu/auditory_simulation_m6a/data/ds004703/v1.1.0/sub-SD017/ses-01/ieeg/sub-SD017_ses-01_task-PassiveListen_ieeg.edf,/home/fanyu/auditory_simulation_m6a/data/ds004703/v1.1.0/stimuli/excerpts/Block 2/s4003b-ex01_normed.wav,s4003b-ex01,METADATA_ONLY,PASS_WITH_LIMITATION,
ds004703,sub-SD017_ses-01_task-PassiveListen__trial-22,/home/fanyu/auditory_simulation_m6a/data/ds004703/v1.1.0/sub-SD017/ses-01/ieeg/sub-SD017_ses-01_task-PassiveListen_ieeg.edf,/home/fanyu/auditory_simulation_m6a/data/ds004703/v1.1.0/stimuli/excerpts/Block 2/s2202b-ex02_normed.wav,s2202b-ex02,METADATA_ONLY,PASS_WITH_LIMITATION,
ds004703,sub-SD017_ses-01_task-PassiveListen__trial-23,/home/fanyu/auditory_simulation_m6a/data/ds004703/v1.1.0/sub-SD017/ses-01/ieeg/sub-SD017_ses-01_task-PassiveListen_ieeg.edf,/home/fanyu/auditory_simulation_m6a/data/ds004703/v1.1.0/stimuli/excerpts/Block 2/s1201a-ex01_normed.wav,s1201a-ex01,METADATA_ONLY,PASS_WITH_LIMITATION,
ds004703,sub-SD018_ses-01_task-PassiveListen__trial-0,/home/fanyu/auditory_simulation_m6a/data/ds004703/v1.1.0/sub-SD018/ses-01/ieeg/sub-SD018_ses-01_task-PassiveListen_ieeg.edf,/home/fanyu/auditory_simulation_m6a/data/ds004703/v1.1.0/stimuli/welcome_normed.wav,welcome,METADATA_ONLY,EXCLUDED,CONTROL_NOT_PASSAGE
ds004703,sub-SD018_ses-01_task-PassiveListen__trial-1,/home/fanyu/auditory_simulation_m6a/data/ds004703/v1.1.0/sub-SD018/ses-01/ieeg/sub-SD018_ses-01_task-PassiveListen_ieeg.edf,/home/fanyu/auditory_simulation_m6a/data/ds004703/v1.1.0/stimuli/instructions1_normed.wav,instructions1,METADATA_ONLY,EXCLUDED,CONTROL_NOT_PASSAGE
ds004703,sub-SD018_ses-01_task-PassiveListen__trial-2,/home/fanyu/auditory_simulation_m6a/data/ds004703/v1.1.0/sub-SD018/ses-01/ieeg/sub-SD018_ses-01_task-PassiveListen_ieeg.edf,/home/fanyu/auditory_simulation_m6a/data/ds004703/v1.1.0/stimuli/pleasePressSpace_normed.wav,pleasePressSpace,METADATA_ONLY,EXCLUDED,CONTROL_NOT_PASSAGE
ds004703,sub-SD018_ses-01_task-PassiveListen__trial-3,/home/fanyu/auditory_simulation_m6a/data/ds004703/v1.1.0/sub-SD018/ses-01/ieeg/sub-SD018_ses-01_task-PassiveListen_ieeg.edf,/home/fanyu/auditory_simulation_m6a/data/ds004703/v1.1.0/stimuli/instructions3_normed.wav,instructions3,METADATA_ONLY,EXCLUDED,CONTROL_NOT_PASSAGE
ds004703,sub-SD018_ses-01_task-PassiveListen__trial-4,/home/fanyu/auditory_simulation_m6a/data/ds004703/v1.1.0/sub-SD018/ses-01/ieeg/sub-SD018_ses-01_task-PassiveListen_ieeg.edf,/home/fanyu/auditory_simulation_m6a/data/ds004703/v1.1.0/stimuli/excerpts/Block 1/s2301a-ex01_normed.wav,s2301a-ex01,METADATA_ONLY,PASS_WITH_LIMITATION,
ds004703,sub-SD018_ses-01_task-PassiveListen__trial-5,/home/fanyu/auditory_simulation_m6a/data/ds004703/v1.1.0/sub-SD018/ses-01/ieeg/sub-SD018_ses-01_task-PassiveListen_ieeg.edf,/home/fanyu/auditory_simulation_m6a/data/ds004703/v1.1.0/stimuli/excerpts/Block 1/s2102a-ex01_normed.wav,s2102a-ex01,METADATA_ONLY,PASS_WITH_LIMITATION,
ds004703,sub-SD018_ses-01_task-PassiveListen__trial-6,/home/fanyu/auditory_simulation_m6a/data/ds004703/v1.1.0/sub-SD018/ses-01/ieeg/sub-SD018_ses-01_task-PassiveListen_ieeg.edf,/home/fanyu/auditory_simulation_m6a/data/ds004703/v1.1.0/stimuli/excerpts/Block 1/s3602b-ex01_normed.wav,s3602b-ex01,METADATA_ONLY,PASS_WITH_LIMITATION,
ds004703,sub-SD018_ses-01_task-PassiveListen__trial-7,/home/fanyu/auditory_simulation_m6a/data/ds004703/v1.1.0/sub-SD018/ses-01/ieeg/sub-SD018_ses-01_task-PassiveListen_ieeg.edf,/home/fanyu/auditory_simulation_m6a/data/ds004703/v1.1.0/stimuli/excerpts/Block 1/s3001b-ex01_normed.wav,s3001b-ex01,METADATA_ONLY,PASS_WITH_LIMITATION,
ds004703,sub-SD018_ses-01_task-PassiveListen__trial-8,/home/fanyu/auditory_simulation_m6a/data/ds004703/v1.1.0/sub-SD018/ses-01/ieeg/sub-SD018_ses-01_task-PassiveListen_ieeg.edf,/home/fanyu/auditory_simulation_m6a/data/ds004703/v1.1.0/stimuli/excerpts/Block 1/s4002b-ex01_normed.wav,s4002b-ex01,METADATA_ONLY,PASS_WITH_LIMITATION,
ds004703,sub-SD018_ses-01_task-PassiveListen__trial-9,/home/fanyu/auditory_simulation_m6a/data/ds004703/v1.1.0/sub-SD018/ses-01/ieeg/sub-SD018_ses-01_task-PassiveListen_ieeg.edf,/home/fanyu/auditory_simulation_m6a/data/ds004703/v1.1.0/stimuli/pleasePressSpace_normed.wav,pleasePressSpace,METADATA_ONLY,EXCLUDED,CONTROL_NOT_PASSAGE
ds004703,sub-SD018_ses-01_task-PassiveListen__trial-10,/home/fanyu/auditory_simulation_m6a/data/ds004703/v1.1.0/sub-SD018/ses-01/ieeg/sub-SD018_ses-01_task-PassiveListen_ieeg.edf,/home/fanyu/auditory_simulation_m6a/data/ds004703/v1.1.0/stimuli/excerpts/Block 1/catalan-m01_normed.wav,catalan-m01,METADATA_ONLY,EXCLUDED,CATALAN_PLAYED_AUDIO_PROVENANCE_CONFLICT;AUDIO_TEMPLATE_DURATION
ds004703,sub-SD018_ses-01_task-PassiveListen__trial-11,/home/fanyu/auditory_simulation_m6a/data/ds004703/v1.1.0/sub-SD018/ses-01/ieeg/sub-SD018_ses-01_task-PassiveListen_ieeg.edf,/home/fanyu/auditory_simulation_m6a/data/ds004703/v1.1.0/stimuli/excerpts/Block 1/s1901b-ex01_normed.wav,s1901b-ex01,METADATA_ONLY,PASS_WITH_LIMITATION,
ds004703,sub-SD018_ses-01_task-PassiveListen__trial-12,/home/fanyu/auditory_simulation_m6a/data/ds004703/v1.1.0/sub-SD018/ses-01/ieeg/sub-SD018_ses-01_task-PassiveListen_ieeg.edf,/home/fanyu/auditory_simulation_m6a/data/ds004703/v1.1.0/stimuli/excerpts/Block 1/s1401a-ex01_normed.wav,s1401a-ex01,METADATA_ONLY,PASS_WITH_LIMITATION,
ds004703,sub-SD018_ses-01_task-PassiveListen__trial-13,/home/fanyu/auditory_simulation_m6a/data/ds004703/v1.1.0/sub-SD018/ses-01/ieeg/sub-SD018_ses-01_task-PassiveListen_ieeg.edf,/home/fanyu/auditory_simulation_m6a/data/ds004703/v1.1.0/stimuli/excerpts/Block 1/s1303a-ex01_normed.wav,s1303a-ex01,METADATA_ONLY,PASS_WITH_LIMITATION,
ds004703,sub-SD018_ses-01_task-PassiveListen__trial-14,/home/fanyu/auditory_simulation_m6a/data/ds004703/v1.1.0/sub-SD018/ses-01/ieeg/sub-SD018_ses-01_task-PassiveListen_ieeg.edf,/home/fanyu/auditory_simulation_m6a/data/ds004703/v1.1.0/stimuli/pleasePressSpace_normed.wav,pleasePressSpace,METADATA_ONLY,EXCLUDED,CONTROL_NOT_PASSAGE
ds004703,sub-SD018_ses-01_task-PassiveListen__trial-15,/home/fanyu/auditory_simulation_m6a/data/ds004703/v1.1.0/sub-SD018/ses-01/ieeg/sub-SD018_ses-01_task-PassiveListen_ieeg.edf,/home/fanyu/auditory_simulation_m6a/data/ds004703/v1.1.0/stimuli/excerpts/Block 2/catalan-f01_normed.wav,catalan-f01,METADATA_ONLY,EXCLUDED,CATALAN_PLAYED_AUDIO_PROVENANCE_CONFLICT;AUDIO_TEMPLATE_DURATION
ds004703,sub-SD018_ses-01_task-PassiveListen__trial-16,/home/fanyu/auditory_simulation_m6a/data/ds004703/v1.1.0/sub-SD018/ses-01/ieeg/sub-SD018_ses-01_task-PassiveListen_ieeg.edf,/home/fanyu/auditory_simulation_m6a/data/ds004703/v1.1.0/stimuli/excerpts/Block 2/s3301a-ex01_normed.wav,s3301a-ex01,METADATA_ONLY,PASS_WITH_LIMITATION,
ds004703,sub-SD018_ses-01_task-PassiveListen__trial-17,/home/fanyu/auditory_simulation_m6a/data/ds004703/v1.1.0/sub-SD018/ses-01/ieeg/sub-SD018_ses-01_task-PassiveListen_ieeg.edf,/home/fanyu/auditory_simulation_m6a/data/ds004703/v1.1.0/stimuli/excerpts/Block 2/s3903b-ex01_normed.wav,s3903b-ex01,METADATA_ONLY,PASS_WITH_LIMITATION,
ds004703,sub-SD018_ses-01_task-PassiveListen__trial-18,/home/fanyu/auditory_simulation_m6a/data/ds004703/v1.1.0/sub-SD018/ses-01/ieeg/sub-SD018_ses-01_task-PassiveListen_ieeg.edf,/home/fanyu/auditory_simulation_m6a/data/ds004703/v1.1.0/stimuli/excerpts/Block 2/s2202b-ex02_normed.wav,s2202b-ex02,METADATA_ONLY,PASS_WITH_LIMITATION,
ds004703,sub-SD018_ses-01_task-PassiveListen__trial-19,/home/fanyu/auditory_simulation_m6a/data/ds004703/v1.1.0/sub-SD018/ses-01/ieeg/sub-SD018_ses-01_task-PassiveListen_ieeg.edf,/home/fanyu/auditory_simulation_m6a/data/ds004703/v1.1.0/stimuli/excerpts/Block 2/s4003b-ex01_normed.wav,s4003b-ex01,METADATA_ONLY,PASS_WITH_LIMITATION,
ds004703,sub-SD018_ses-01_task-PassiveListen__trial-20,/home/fanyu/auditory_simulation_m6a/data/ds004703/v1.1.0/sub-SD018/ses-01/ieeg/sub-SD018_ses-01_task-PassiveListen_ieeg.edf,/home/fanyu/auditory_simulation_m6a/data/ds004703/v1.1.0/stimuli/excerpts/Block 2/s1201a-ex01_normed.wav,s1201a-ex01,METADATA_ONLY,PASS_WITH_LIMITATION,
ds004703,sub-SD018_ses-01_task-PassiveListen__trial-21,/home/fanyu/auditory_simulation_m6a/data/ds004703/v1.1.0/sub-SD018/ses-01/ieeg/sub-SD018_ses-01_task-PassiveListen_ieeg.edf,/home/fanyu/auditory_simulation_m6a/data/ds004703/v1.1.0/stimuli/excerpts/Block 2/s3602b-ex02_normed.wav,s3602b-ex02,METADATA_ONLY,PASS_WITH_LIMITATION,
ds004703,sub-SD018_ses-01_task-PassiveListen__trial-22,/home/fanyu/auditory_simulation_m6a/data/ds004703/v1.1.0/sub-SD018/ses-01/ieeg/sub-SD018_ses-01_task-PassiveListen_ieeg.edf,/home/fanyu/auditory_simulation_m6a/data/ds004703/v1.1.0/stimuli/excerpts/Block 2/s2102a-ex02_normed.wav,s2102a-ex02,METADATA_ONLY,PASS_WITH_LIMITATION,
ds004703,sub-SD018_ses-01_task-PassiveListen__trial-23,/home/fanyu/auditory_simulation_m6a/data/ds004703/v1.1.0/sub-SD018/ses-01/ieeg/sub-SD018_ses-01_task-PassiveListen_ieeg.edf,/home/fanyu/auditory_simulation_m6a/data/ds004703/v1.1.0/stimuli/excerpts/Block 2/s0703b-ex01_normed.wav,s0703b-ex01,METADATA_ONLY,PASS_WITH_LIMITATION,
ds004703,sub-SD019_ses-01_task-PassiveListen__trial-0,/home/fanyu/auditory_simulation_m6a/data/ds004703/v1.1.0/sub-SD019/ses-01/ieeg/sub-SD019_ses-01_task-PassiveListen_ieeg.edf,/home/fanyu/auditory_simulation_m6a/data/ds004703/v1.1.0/stimuli/welcome_normed.wav,welcome,METADATA_ONLY,EXCLUDED,CONTROL_NOT_PASSAGE
ds004703,sub-SD019_ses-01_task-PassiveListen__trial-1,/home/fanyu/auditory_simulation_m6a/data/ds004703/v1.1.0/sub-SD019/ses-01/ieeg/sub-SD019_ses-01_task-PassiveListen_ieeg.edf,/home/fanyu/auditory_simulation_m6a/data/ds004703/v1.1.0/stimuli/instructions1_normed.wav,instructions1,METADATA_ONLY,EXCLUDED,CONTROL_NOT_PASSAGE
ds004703,sub-SD019_ses-01_task-PassiveListen__trial-2,/home/fanyu/auditory_simulation_m6a/data/ds004703/v1.1.0/sub-SD019/ses-01/ieeg/sub-SD019_ses-01_task-PassiveListen_ieeg.edf,/home/fanyu/auditory_simulation_m6a/data/ds004703/v1.1.0/stimuli/pleasePressSpace_normed.wav,pleasePressSpace,METADATA_ONLY,EXCLUDED,CONTROL_NOT_PASSAGE
ds004703,sub-SD019_ses-01_task-PassiveListen__trial-3,/home/fanyu/auditory_simulation_m6a/data/ds004703/v1.1.0/sub-SD019/ses-01/ieeg/sub-SD019_ses-01_task-PassiveListen_ieeg.edf,/home/fanyu/auditory_simulation_m6a/data/ds004703/v1.1.0/stimuli/instructions3_normed.wav,instructions3,METADATA_ONLY,EXCLUDED,CONTROL_NOT_PASSAGE
ds004703,sub-SD019_ses-01_task-PassiveListen__trial-4,/home/fanyu/auditory_simulation_m6a/data/ds004703/v1.1.0/sub-SD019/ses-01/ieeg/sub-SD019_ses-01_task-PassiveListen_ieeg.edf,/home/fanyu/auditory_simulation_m6a/data/ds004703/v1.1.0/stimuli/excerpts/Block 1/s3602b-ex01_normed.wav,s3602b-ex01,METADATA_ONLY,PASS_WITH_LIMITATION,
ds004703,sub-SD019_ses-01_task-PassiveListen__trial-5,/home/fanyu/auditory_simulation_m6a/data/ds004703/v1.1.0/sub-SD019/ses-01/ieeg/sub-SD019_ses-01_task-PassiveListen_ieeg.edf,/home/fanyu/auditory_simulation_m6a/data/ds004703/v1.1.0/stimuli/excerpts/Block 1/s1303a-ex01_normed.wav,s1303a-ex01,METADATA_ONLY,PASS_WITH_LIMITATION,
ds004703,sub-SD019_ses-01_task-PassiveListen__trial-6,/home/fanyu/auditory_simulation_m6a/data/ds004703/v1.1.0/sub-SD019/ses-01/ieeg/sub-SD019_ses-01_task-PassiveListen_ieeg.edf,/home/fanyu/auditory_simulation_m6a/data/ds004703/v1.1.0/stimuli/excerpts/Block 1/s1401a-ex01_normed.wav,s1401a-ex01,METADATA_ONLY,PASS_WITH_LIMITATION,
ds004703,sub-SD019_ses-01_task-PassiveListen__trial-7,/home/fanyu/auditory_simulation_m6a/data/ds004703/v1.1.0/sub-SD019/ses-01/ieeg/sub-SD019_ses-01_task-PassiveListen_ieeg.edf,/home/fanyu/auditory_simulation_m6a/data/ds004703/v1.1.0/stimuli/excerpts/Block 1/s2102a-ex01_normed.wav,s2102a-ex01,METADATA_ONLY,PASS_WITH_LIMITATION,
ds004703,sub-SD019_ses-01_task-PassiveListen__trial-8,/home/fanyu/auditory_simulation_m6a/data/ds004703/v1.1.0/sub-SD019/ses-01/ieeg/sub-SD019_ses-01_task-PassiveListen_ieeg.edf,/home/fanyu/auditory_simulation_m6a/data/ds004703/v1.1.0/stimuli/excerpts/Block 1/s4002b-ex01_normed.wav,s4002b-ex01,METADATA_ONLY,PASS_WITH_LIMITATION,
ds004703,sub-SD019_ses-01_task-PassiveListen__trial-9,/home/fanyu/auditory_simulation_m6a/data/ds004703/v1.1.0/sub-SD019/ses-01/ieeg/sub-SD019_ses-01_task-PassiveListen_ieeg.edf,/home/fanyu/auditory_simulation_m6a/data/ds004703/v1.1.0/stimuli/pleasePressSpace_normed.wav,pleasePressSpace,METADATA_ONLY,EXCLUDED,CONTROL_NOT_PASSAGE
ds004703,sub-SD019_ses-01_task-PassiveListen__trial-10,/home/fanyu/auditory_simulation_m6a/data/ds004703/v1.1.0/sub-SD019/ses-01/ieeg/sub-SD019_ses-01_task-PassiveListen_ieeg.edf,/home/fanyu/auditory_simulation_m6a/data/ds004703/v1.1.0/stimuli/excerpts/Block 1/catalan-m01_normed.wav,catalan-m01,METADATA_ONLY,EXCLUDED,CATALAN_PLAYED_AUDIO_PROVENANCE_CONFLICT;AUDIO_TEMPLATE_DURATION
ds004703,sub-SD019_ses-01_task-PassiveListen__trial-11,/home/fanyu/auditory_simulation_m6a/data/ds004703/v1.1.0/sub-SD019/ses-01/ieeg/sub-SD019_ses-01_task-PassiveListen_ieeg.edf,/home/fanyu/auditory_simulation_m6a/data/ds004703/v1.1.0/stimuli/excerpts/Block 1/s2301a-ex01_normed.wav,s2301a-ex01,METADATA_ONLY,PASS_WITH_LIMITATION,
ds004703,sub-SD019_ses-01_task-PassiveListen__trial-12,/home/fanyu/auditory_simulation_m6a/data/ds004703/v1.1.0/sub-SD019/ses-01/ieeg/sub-SD019_ses-01_task-PassiveListen_ieeg.edf,/home/fanyu/auditory_simulation_m6a/data/ds004703/v1.1.0/stimuli/excerpts/Block 1/s3001b-ex01_normed.wav,s3001b-ex01,METADATA_ONLY,PASS_WITH_LIMITATION,
ds004703,sub-SD019_ses-01_task-PassiveListen__trial-13,/home/fanyu/auditory_simulation_m6a/data/ds004703/v1.1.0/sub-SD019/ses-01/ieeg/sub-SD019_ses-01_task-PassiveListen_ieeg.edf,/home/fanyu/auditory_simulation_m6a/data/ds004703/v1.1.0/stimuli/excerpts/Block 1/s1901b-ex01_normed.wav,s1901b-ex01,METADATA_ONLY,PASS_WITH_LIMITATION,
ds004703,sub-SD019_ses-01_task-PassiveListen__trial-14,/home/fanyu/auditory_simulation_m6a/data/ds004703/v1.1.0/sub-SD019/ses-01/ieeg/sub-SD019_ses-01_task-PassiveListen_ieeg.edf,/home/fanyu/auditory_simulation_m6a/data/ds004703/v1.1.0/stimuli/excerpts/Block 2/s0703b-ex01_normed.wav,s0703b-ex01,METADATA_ONLY,PASS_WITH_LIMITATION,
ds004703,sub-SD019_ses-01_task-PassiveListen__trial-15,/home/fanyu/auditory_simulation_m6a/data/ds004703/v1.1.0/sub-SD019/ses-01/ieeg/sub-SD019_ses-01_task-PassiveListen_ieeg.edf,/home/fanyu/auditory_simulation_m6a/data/ds004703/v1.1.0/stimuli/excerpts/Block 2/s3903b-ex01_normed.wav,s3903b-ex01,METADATA_ONLY,PASS_WITH_LIMITATION,
ds004703,sub-SD019_ses-01_task-PassiveListen__trial-16,/home/fanyu/auditory_simulation_m6a/data/ds004703/v1.1.0/sub-SD019/ses-01/ieeg/sub-SD019_ses-01_task-PassiveListen_ieeg.edf,/home/fanyu/auditory_simulation_m6a/data/ds004703/v1.1.0/stimuli/excerpts/Block 2/s1201a-ex01_normed.wav,s1201a-ex01,METADATA_ONLY,PASS_WITH_LIMITATION,
ds004703,sub-SD019_ses-01_task-PassiveListen__trial-17,/home/fanyu/auditory_simulation_m6a/data/ds004703/v1.1.0/sub-SD019/ses-01/ieeg/sub-SD019_ses-01_task-PassiveListen_ieeg.edf,/home/fanyu/auditory_simulation_m6a/data/ds004703/v1.1.0/stimuli/excerpts/Block 2/s4003b-ex01_normed.wav,s4003b-ex01,METADATA_ONLY,PASS_WITH_LIMITATION,
ds004703,sub-SD019_ses-01_task-PassiveListen__trial-18,/home/fanyu/auditory_simulation_m6a/data/ds004703/v1.1.0/sub-SD019/ses-01/ieeg/sub-SD019_ses-01_task-PassiveListen_ieeg.edf,/home/fanyu/auditory_simulation_m6a/data/ds004703/v1.1.0/stimuli/excerpts/Block 2/s3602b-ex02_normed.wav,s3602b-ex02,METADATA_ONLY,PASS_WITH_LIMITATION,
ds004703,sub-SD019_ses-01_task-PassiveListen__trial-19,/home/fanyu/auditory_simulation_m6a/data/ds004703/v1.1.0/sub-SD019/ses-01/ieeg/sub-SD019_ses-01_task-PassiveListen_ieeg.edf,/home/fanyu/auditory_simulation_m6a/data/ds004703/v1.1.0/stimuli/excerpts/Block 2/s3301a-ex01_normed.wav,s3301a-ex01,METADATA_ONLY,PASS_WITH_LIMITATION,
ds004703,sub-SD019_ses-01_task-PassiveListen__trial-20,/home/fanyu/auditory_simulation_m6a/data/ds004703/v1.1.0/sub-SD019/ses-01/ieeg/sub-SD019_ses-01_task-PassiveListen_ieeg.edf,/home/fanyu/auditory_simulation_m6a/data/ds004703/v1.1.0/stimuli/excerpts/Block 2/s2102a-ex02_normed.wav,s2102a-ex02,METADATA_ONLY,PASS_WITH_LIMITATION,
ds004703,sub-SD019_ses-01_task-PassiveListen__trial-21,/home/fanyu/auditory_simulation_m6a/data/ds004703/v1.1.0/sub-SD019/ses-01/ieeg/sub-SD019_ses-01_task-PassiveListen_ieeg.edf,/home/fanyu/auditory_simulation_m6a/data/ds004703/v1.1.0/stimuli/pleasePressSpace_normed.wav,pleasePressSpace,METADATA_ONLY,EXCLUDED,CONTROL_NOT_PASSAGE
ds004703,sub-SD019_ses-01_task-PassiveListen__trial-22,/home/fanyu/auditory_simulation_m6a/data/ds004703/v1.1.0/sub-SD019/ses-01/ieeg/sub-SD019_ses-01_task-PassiveListen_ieeg.edf,/home/fanyu/auditory_simulation_m6a/data/ds004703/v1.1.0/stimuli/excerpts/Block 2/catalan-f01_normed.wav,catalan-f01,METADATA_ONLY,EXCLUDED,CATALAN_PLAYED_AUDIO_PROVENANCE_CONFLICT;AUDIO_TEMPLATE_DURATION
ds004703,sub-SD019_ses-01_task-PassiveListen__trial-23,/home/fanyu/auditory_simulation_m6a/data/ds004703/v1.1.0/sub-SD019/ses-01/ieeg/sub-SD019_ses-01_task-PassiveListen_ieeg.edf,/home/fanyu/auditory_simulation_m6a/data/ds004703/v1.1.0/stimuli/excerpts/Block 2/s2202b-ex02_normed.wav,s2202b-ex02,METADATA_ONLY,PASS_WITH_LIMITATION,
ds004703,sub-SD019_ses-01_task-PassiveListen__trial-24,/home/fanyu/auditory_simulation_m6a/data/ds004703/v1.1.0/sub-SD019/ses-01/ieeg/sub-SD019_ses-01_task-PassiveListen_ieeg.edf,/home/fanyu/auditory_simulation_m6a/data/ds004703/v1.1.0/stimuli/excerpts/Block 3/s3301a-ex02_normed.wav,s3301a-ex02,METADATA_ONLY,PASS_WITH_LIMITATION,
ds004703,sub-SD019_ses-01_task-PassiveListen__trial-25,/home/fanyu/auditory_simulation_m6a/data/ds004703/v1.1.0/sub-SD019/ses-01/ieeg/sub-SD019_ses-01_task-PassiveListen_ieeg.edf,/home/fanyu/auditory_simulation_m6a/data/ds004703/v1.1.0/stimuli/excerpts/Block 3/s3903b-ex02_normed.wav,s3903b-ex02,METADATA_ONLY,PASS_WITH_LIMITATION,
ds004703,sub-SD019_ses-01_task-PassiveListen__trial-26,/home/fanyu/auditory_simulation_m6a/data/ds004703/v1.1.0/sub-SD019/ses-01/ieeg/sub-SD019_ses-01_task-PassiveListen_ieeg.edf,/home/fanyu/auditory_simulation_m6a/data/ds004703/v1.1.0/stimuli/pleasePressSpace_normed.wav,pleasePressSpace,METADATA_ONLY,EXCLUDED,CONTROL_NOT_PASSAGE
ds004703,sub-SD019_ses-01_task-PassiveListen__trial-27,/home/fanyu/auditory_simulation_m6a/data/ds004703/v1.1.0/sub-SD019/ses-01/ieeg/sub-SD019_ses-01_task-PassiveListen_ieeg.edf,/home/fanyu/auditory_simulation_m6a/data/ds004703/v1.1.0/stimuli/excerpts/Block 3/catalan-m02_normed.wav,catalan-m02,METADATA_ONLY,EXCLUDED,CATALAN_PLAYED_AUDIO_PROVENANCE_CONFLICT;AUDIO_TEMPLATE_DURATION
ds004703,sub-SD019_ses-01_task-PassiveListen__trial-28,/home/fanyu/auditory_simulation_m6a/data/ds004703/v1.1.0/sub-SD019/ses-01/ieeg/sub-SD019_ses-01_task-PassiveListen_ieeg.edf,/home/fanyu/auditory_simulation_m6a/data/ds004703/v1.1.0/stimuli/excerpts/Block 3/s1401a-ex02_normed.wav,s1401a-ex02,METADATA_ONLY,PASS_WITH_LIMITATION,
ds004703,sub-SD019_ses-01_task-PassiveListen__trial-29,/home/fanyu/auditory_simulation_m6a/data/ds004703/v1.1.0/sub-SD019/ses-01/ieeg/sub-SD019_ses-01_task-PassiveListen_ieeg.edf,/home/fanyu/auditory_simulation_m6a/data/ds004703/v1.1.0/stimuli/excerpts/Block 3/s3201a-ex01_normed.wav,s3201a-ex01,METADATA_ONLY,PASS_WITH_LIMITATION,
ds004703,sub-SD019_ses-01_task-PassiveListen__trial-30,/home/fanyu/auditory_simulation_m6a/data/ds004703/v1.1.0/sub-SD019/ses-01/ieeg/sub-SD019_ses-01_task-PassiveListen_ieeg.edf,/home/fanyu/auditory_simulation_m6a/data/ds004703/v1.1.0/stimuli/excerpts/Block 3/s1303a-ex02_normed.wav,s1303a-ex02,METADATA_ONLY,PASS_WITH_LIMITATION,
ds004703,sub-SD019_ses-01_task-PassiveListen__trial-31,/home/fanyu/auditory_simulation_m6a/data/ds004703/v1.1.0/sub-SD019/ses-01/ieeg/sub-SD019_ses-01_task-PassiveListen_ieeg.edf,/home/fanyu/auditory_simulation_m6a/data/ds004703/v1.1.0/stimuli/excerpts/Block 3/s3703b-ex01_normed.wav,s3703b-ex01,METADATA_ONLY,PASS_WITH_LIMITATION,
ds004703,sub-SD019_ses-01_task-PassiveListen__trial-32,/home/fanyu/auditory_simulation_m6a/data/ds004703/v1.1.0/sub-SD019/ses-01/ieeg/sub-SD019_ses-01_task-PassiveListen_ieeg.edf,/home/fanyu/auditory_simulation_m6a/data/ds004703/v1.1.0/stimuli/excerpts/Block 3/s1501a-ex01_normed.wav,s1501a-ex01,METADATA_ONLY,PASS_WITH_LIMITATION,
ds004703,sub-SD019_ses-01_task-PassiveListen__trial-33,/home/fanyu/auditory_simulation_m6a/data/ds004703/v1.1.0/sub-SD019/ses-01/ieeg/sub-SD019_ses-01_task-PassiveListen_ieeg.edf,/home/fanyu/auditory_simulation_m6a/data/ds004703/v1.1.0/stimuli/excerpts/Block 3/s1001a-ex01_normed.wav,s1001a-ex01,METADATA_ONLY,PASS_WITH_LIMITATION,
ds004703,sub-SD019_ses-01_task-PassiveListen__trial-34,/home/fanyu/auditory_simulation_m6a/data/ds004703/v1.1.0/sub-SD019/ses-01/ieeg/sub-SD019_ses-01_task-PassiveListen_ieeg.edf,/home/fanyu/auditory_simulation_m6a/data/ds004703/v1.1.0/stimuli/excerpts/Block 4/s3902a-ex01_normed.wav,s3902a-ex01,METADATA_ONLY,PASS_WITH_LIMITATION,
ds004703,sub-SD019_ses-01_task-PassiveListen__trial-35,/home/fanyu/auditory_simulation_m6a/data/ds004703/v1.1.0/sub-SD019/ses-01/ieeg/sub-SD019_ses-01_task-PassiveListen_ieeg.edf,/home/fanyu/auditory_simulation_m6a/data/ds004703/v1.1.0/stimuli/excerpts/Block 4/s1604a-ex01_normed.wav,s1604a-ex01,METADATA_ONLY,PASS_WITH_LIMITATION,
ds004703,sub-SD019_ses-01_task-PassiveListen__trial-36,/home/fanyu/auditory_simulation_m6a/data/ds004703/v1.1.0/sub-SD019/ses-01/ieeg/sub-SD019_ses-01_task-PassiveListen_ieeg.edf,/home/fanyu/auditory_simulation_m6a/data/ds004703/v1.1.0/stimuli/excerpts/Block 4/s2801a-ex01_normed.wav,s2801a-ex01,METADATA_ONLY,PASS_WITH_LIMITATION,
ds004703,sub-SD019_ses-01_task-PassiveListen__trial-37,/home/fanyu/auditory_simulation_m6a/data/ds004703/v1.1.0/sub-SD019/ses-01/ieeg/sub-SD019_ses-01_task-PassiveListen_ieeg.edf,/home/fanyu/auditory_simulation_m6a/data/ds004703/v1.1.0/stimuli/excerpts/Block 4/s0702a-ex01_normed.wav,s0702a-ex01,METADATA_ONLY,PASS_WITH_LIMITATION,
ds004703,sub-SD019_ses-01_task-PassiveListen__trial-38,/home/fanyu/auditory_simulation_m6a/data/ds004703/v1.1.0/sub-SD019/ses-01/ieeg/sub-SD019_ses-01_task-PassiveListen_ieeg.edf,/home/fanyu/auditory_simulation_m6a/data/ds004703/v1.1.0/stimuli/excerpts/Block 4/s2102a-ex03_normed.wav,s2102a-ex03,METADATA_ONLY,PASS_WITH_LIMITATION,
ds004703,sub-SD019_ses-01_task-PassiveListen__trial-39,/home/fanyu/auditory_simulation_m6a/data/ds004703/v1.1.0/sub-SD019/ses-01/ieeg/sub-SD019_ses-01_task-PassiveListen_ieeg.edf,/home/fanyu/auditory_simulation_m6a/data/ds004703/v1.1.0/stimuli/excerpts/Block 4/s3802a-ex01_normed.wav,s3802a-ex01,METADATA_ONLY,PASS_WITH_LIMITATION,
ds004703,sub-SD019_ses-01_task-PassiveListen__trial-40,/home/fanyu/auditory_simulation_m6a/data/ds004703/v1.1.0/sub-SD019/ses-01/ieeg/sub-SD019_ses-01_task-PassiveListen_ieeg.edf,/home/fanyu/auditory_simulation_m6a/data/ds004703/v1.1.0/stimuli/excerpts/Block 4/s0202b-ex01_normed.wav,s0202b-ex01,METADATA_ONLY,PASS_WITH_LIMITATION,
ds004703,sub-SD019_ses-01_task-PassiveListen__trial-41,/home/fanyu/auditory_simulation_m6a/data/ds004703/v1.1.0/sub-SD019/ses-01/ieeg/sub-SD019_ses-01_task-PassiveListen_ieeg.edf,/home/fanyu/auditory_simulation_m6a/data/ds004703/v1.1.0/stimuli/excerpts/Block 4/s3102b-ex01_normed.wav,s3102b-ex01,METADATA_ONLY,PASS_WITH_LIMITATION,
ds004703,sub-SD019_ses-01_task-PassiveListen__trial-42,/home/fanyu/auditory_simulation_m6a/data/ds004703/v1.1.0/sub-SD019/ses-01/ieeg/sub-SD019_ses-01_task-PassiveListen_ieeg.edf,/home/fanyu/auditory_simulation_m6a/data/ds004703/v1.1.0/stimuli/pleasePressSpace_normed.wav,pleasePressSpace,METADATA_ONLY,EXCLUDED,CONTROL_NOT_PASSAGE
ds004703,sub-SD019_ses-01_task-PassiveListen__trial-43,/home/fanyu/auditory_simulation_m6a/data/ds004703/v1.1.0/sub-SD019/ses-01/ieeg/sub-SD019_ses-01_task-PassiveListen_ieeg.edf,/home/fanyu/auditory_simulation_m6a/data/ds004703/v1.1.0/stimuli/excerpts/Block 4/catalan-f02_normed.wav,catalan-f02,METADATA_ONLY,EXCLUDED,CATALAN_PLAYED_AUDIO_PROVENANCE_CONFLICT;AUDIO_TEMPLATE_DURATION
ds004703,sub-SD019_ses-01_task-PassiveListen__trial-44,/home/fanyu/auditory_simulation_m6a/data/ds004703/v1.1.0/sub-SD019/ses-01/ieeg/sub-SD019_ses-01_task-PassiveListen_ieeg.edf,/home/fanyu/auditory_simulation_m6a/data/ds004703/v1.1.0/stimuli/excerpts/Block 5/s1401b-ex01_normed.wav,s1401b-ex01,METADATA_ONLY,PASS_WITH_LIMITATION,
ds004703,sub-SD019_ses-01_task-PassiveListen__trial-45,/home/fanyu/auditory_simulation_m6a/data/ds004703/v1.1.0/sub-SD019/ses-01/ieeg/sub-SD019_ses-01_task-PassiveListen_ieeg.edf,/home/fanyu/auditory_simulation_m6a/data/ds004703/v1.1.0/stimuli/excerpts/Block 5/s0203b-ex01_normed.wav,s0203b-ex01,METADATA_ONLY,PASS_WITH_LIMITATION,
ds004703,sub-SD019_ses-01_task-PassiveListen__trial-46,/home/fanyu/auditory_simulation_m6a/data/ds004703/v1.1.0/sub-SD019/ses-01/ieeg/sub-SD019_ses-01_task-PassiveListen_ieeg.edf,/home/fanyu/auditory_simulation_m6a/data/ds004703/v1.1.0/stimuli/excerpts/Block 5/s1103a-ex01_normed.wav,s1103a-ex01,METADATA_ONLY,PASS_WITH_LIMITATION,
ds004703,sub-SD019_ses-01_task-PassiveListen__trial-47,/home/fanyu/auditory_simulation_m6a/data/ds004703/v1.1.0/sub-SD019/ses-01/ieeg/sub-SD019_ses-01_task-PassiveListen_ieeg.edf,/home/fanyu/auditory_simulation_m6a/data/ds004703/v1.1.0/stimuli/excerpts/Block 5/s0802b-ex01_normed.wav,s0802b-ex01,METADATA_ONLY,PASS_WITH_LIMITATION,
ds004703,sub-SD019_ses-01_task-PassiveListen__trial-48,/home/fanyu/auditory_simulation_m6a/data/ds004703/v1.1.0/sub-SD019/ses-01/ieeg/sub-SD019_ses-01_task-PassiveListen_ieeg.edf,/home/fanyu/auditory_simulation_m6a/data/ds004703/v1.1.0/stimuli/excerpts/Block 5/s1202b-ex01_normed.wav,s1202b-ex01,METADATA_ONLY,PASS_WITH_LIMITATION,
ds004703,sub-SD019_ses-01_task-PassiveListen__trial-49,/home/fanyu/auditory_simulation_m6a/data/ds004703/v1.1.0/sub-SD019/ses-01/ieeg/sub-SD019_ses-01_task-PassiveListen_ieeg.edf,/home/fanyu/auditory_simulation_m6a/data/ds004703/v1.1.0/stimuli/excerpts/Block 5/s3003a-ex01_normed.wav,s3003a-ex01,METADATA_ONLY,PASS_WITH_LIMITATION,
ds004703,sub-SD019_ses-01_task-PassiveListen__trial-50,/home/fanyu/auditory_simulation_m6a/data/ds004703/v1.1.0/sub-SD019/ses-01/ieeg/sub-SD019_ses-01_task-PassiveListen_ieeg.edf,/home/fanyu/auditory_simulation_m6a/data/ds004703/v1.1.0/stimuli/pleasePressSpace_normed.wav,pleasePressSpace,METADATA_ONLY,EXCLUDED,CONTROL_NOT_PASSAGE
ds004703,sub-SD019_ses-01_task-PassiveListen__trial-51,/home/fanyu/auditory_simulation_m6a/data/ds004703/v1.1.0/sub-SD019/ses-01/ieeg/sub-SD019_ses-01_task-PassiveListen_ieeg.edf,/home/fanyu/auditory_simulation_m6a/data/ds004703/v1.1.0/stimuli/excerpts/Block 5/catalan-m03_normed.wav,catalan-m03,METADATA_ONLY,EXCLUDED,CATALAN_PLAYED_AUDIO_PROVENANCE_CONFLICT;AUDIO_TEMPLATE_DURATION
ds004703,sub-SD019_ses-01_task-PassiveListen__trial-52,/home/fanyu/auditory_simulation_m6a/data/ds004703/v1.1.0/sub-SD019/ses-01/ieeg/sub-SD019_ses-01_task-PassiveListen_ieeg.edf,/home/fanyu/auditory_simulation_m6a/data/ds004703/v1.1.0/stimuli/excerpts/Block 5/s1703b-ex01_normed.wav,s1703b-ex01,METADATA_ONLY,PASS_WITH_LIMITATION,
ds004703,sub-SD019_ses-01_task-PassiveListen__trial-53,/home/fanyu/auditory_simulation_m6a/data/ds004703/v1.1.0/sub-SD019/ses-01/ieeg/sub-SD019_ses-01_task-PassiveListen_ieeg.edf,/home/fanyu/auditory_simulation_m6a/data/ds004703/v1.1.0/stimuli/excerpts/Block 5/s1503a-ex01_normed.wav,s1503a-ex01,METADATA_ONLY,PASS_WITH_LIMITATION,
ds004703,sub-SD019_ses-01_task-PassiveListen__trial-54,/home/fanyu/auditory_simulation_m6a/data/ds004703/v1.1.0/sub-SD019/ses-01/ieeg/sub-SD019_ses-01_task-PassiveListen_ieeg.edf,/home/fanyu/auditory_simulation_m6a/data/ds004703/v1.1.0/stimuli/pleasePressSpace_normed.wav,pleasePressSpace,METADATA_ONLY,EXCLUDED,CONTROL_NOT_PASSAGE
ds004703,sub-SD019_ses-01_task-PassiveListen__trial-55,/home/fanyu/auditory_simulation_m6a/data/ds004703/v1.1.0/sub-SD019/ses-01/ieeg/sub-SD019_ses-01_task-PassiveListen_ieeg.edf,/home/fanyu/auditory_simulation_m6a/data/ds004703/v1.1.0/stimuli/excerpts/Block 6/catalan-f03_normed.wav,catalan-f03,METADATA_ONLY,EXCLUDED,CATALAN_PLAYED_AUDIO_PROVENANCE_CONFLICT;AUDIO_TEMPLATE_DURATION
ds004703,sub-SD019_ses-01_task-PassiveListen__trial-56,/home/fanyu/auditory_simulation_m6a/data/ds004703/v1.1.0/sub-SD019/ses-01/ieeg/sub-SD019_ses-01_task-PassiveListen_ieeg.edf,/home/fanyu/auditory_simulation_m6a/data/ds004703/v1.1.0/stimuli/excerpts/Block 6/s1203a-ex01_normed.wav,s1203a-ex01,METADATA_ONLY,PASS_WITH_LIMITATION,
ds004703,sub-SD019_ses-01_task-PassiveListen__trial-57,/home/fanyu/auditory_simulation_m6a/data/ds004703/v1.1.0/sub-SD019/ses-01/ieeg/sub-SD019_ses-01_task-PassiveListen_ieeg.edf,/home/fanyu/auditory_simulation_m6a/data/ds004703/v1.1.0/stimuli/excerpts/Block 6/s1503a-ex02_normed.wav,s1503a-ex02,METADATA_ONLY,PASS_WITH_LIMITATION,
ds004703,sub-SD019_ses-01_task-PassiveListen__trial-58,/home/fanyu/auditory_simulation_m6a/data/ds004703/v1.1.0/sub-SD019/ses-01/ieeg/sub-SD019_ses-01_task-PassiveListen_ieeg.edf,/home/fanyu/auditory_simulation_m6a/data/ds004703/v1.1.0/stimuli/excerpts/Block 6/s0901b-ex01_normed.wav,s0901b-ex01,METADATA_ONLY,PASS_WITH_LIMITATION,
ds004703,sub-SD019_ses-01_task-PassiveListen__trial-59,/home/fanyu/auditory_simulation_m6a/data/ds004703/v1.1.0/sub-SD019/ses-01/ieeg/sub-SD019_ses-01_task-PassiveListen_ieeg.edf,/home/fanyu/auditory_simulation_m6a/data/ds004703/v1.1.0/stimuli/excerpts/Block 6/s3801a-ex01_normed.wav,s3801a-ex01,METADATA_ONLY,PASS_WITH_LIMITATION,
ds004703,sub-SD019_ses-01_task-PassiveListen__trial-60,/home/fanyu/auditory_simulation_m6a/data/ds004703/v1.1.0/sub-SD019/ses-01/ieeg/sub-SD019_ses-01_task-PassiveListen_ieeg.edf,/home/fanyu/auditory_simulation_m6a/data/ds004703/v1.1.0/stimuli/excerpts/Block 6/s3003a-ex02_normed.wav,s3003a-ex02,METADATA_ONLY,PASS_WITH_LIMITATION,
ds004703,sub-SD019_ses-01_task-PassiveListen__trial-61,/home/fanyu/auditory_simulation_m6a/data/ds004703/v1.1.0/sub-SD019/ses-01/ieeg/sub-SD019_ses-01_task-PassiveListen_ieeg.edf,/home/fanyu/auditory_simulation_m6a/data/ds004703/v1.1.0/stimuli/excerpts/Block 6/s0305a-ex01_normed.wav,s0305a-ex01,METADATA_ONLY,PASS_WITH_LIMITATION,
ds004703,sub-SD019_ses-01_task-PassiveListen__trial-62,/home/fanyu/auditory_simulation_m6a/data/ds004703/v1.1.0/sub-SD019/ses-01/ieeg/sub-SD019_ses-01_task-PassiveListen_ieeg.edf,/home/fanyu/auditory_simulation_m6a/data/ds004703/v1.1.0/stimuli/excerpts/Block 6/s1702b-ex01_normed.wav,s1702b-ex01,METADATA_ONLY,PASS_WITH_LIMITATION,
ds004703,sub-SD019_ses-01_task-PassiveListen__trial-63,/home/fanyu/auditory_simulation_m6a/data/ds004703/v1.1.0/sub-SD019/ses-01/ieeg/sub-SD019_ses-01_task-PassiveListen_ieeg.edf,/home/fanyu/auditory_simulation_m6a/data/ds004703/v1.1.0/stimuli/excerpts/Block 6/s2302b-ex01_normed.wav,s2302b-ex01,METADATA_ONLY,PASS_WITH_LIMITATION,
ds004703,sub-SD021_ses-01_task-PassiveListen__trial-0,/home/fanyu/auditory_simulation_m6a/data/ds004703/v1.1.0/sub-SD021/ses-01/ieeg/sub-SD021_ses-01_task-PassiveListen_ieeg.edf,/home/fanyu/auditory_simulation_m6a/data/ds004703/v1.1.0/stimuli/welcome_normed.wav,welcome,METADATA_ONLY,EXCLUDED,CONTROL_NOT_PASSAGE
ds004703,sub-SD021_ses-01_task-PassiveListen__trial-1,/home/fanyu/auditory_simulation_m6a/data/ds004703/v1.1.0/sub-SD021/ses-01/ieeg/sub-SD021_ses-01_task-PassiveListen_ieeg.edf,/home/fanyu/auditory_simulation_m6a/data/ds004703/v1.1.0/stimuli/instructions1_normed.wav,instructions1,METADATA_ONLY,EXCLUDED,CONTROL_NOT_PASSAGE
ds004703,sub-SD021_ses-01_task-PassiveListen__trial-2,/home/fanyu/auditory_simulation_m6a/data/ds004703/v1.1.0/sub-SD021/ses-01/ieeg/sub-SD021_ses-01_task-PassiveListen_ieeg.edf,/home/fanyu/auditory_simulation_m6a/data/ds004703/v1.1.0/stimuli/pleasePressSpace_normed.wav,pleasePressSpace,METADATA_ONLY,EXCLUDED,CONTROL_NOT_PASSAGE
ds004703,sub-SD021_ses-01_task-PassiveListen__trial-3,/home/fanyu/auditory_simulation_m6a/data/ds004703/v1.1.0/sub-SD021/ses-01/ieeg/sub-SD021_ses-01_task-PassiveListen_ieeg.edf,/home/fanyu/auditory_simulation_m6a/data/ds004703/v1.1.0/stimuli/instructions3_normed.wav,instructions3,METADATA_ONLY,EXCLUDED,CONTROL_NOT_PASSAGE
ds004703,sub-SD021_ses-01_task-PassiveListen__trial-4,/home/fanyu/auditory_simulation_m6a/data/ds004703/v1.1.0/sub-SD021/ses-01/ieeg/sub-SD021_ses-01_task-PassiveListen_ieeg.edf,/home/fanyu/auditory_simulation_m6a/data/ds004703/v1.1.0/stimuli/excerpts/Block 1/s2102a-ex01_normed.wav,s2102a-ex01,METADATA_ONLY,PASS_WITH_LIMITATION,
ds004703,sub-SD021_ses-01_task-PassiveListen__trial-5,/home/fanyu/auditory_simulation_m6a/data/ds004703/v1.1.0/sub-SD021/ses-01/ieeg/sub-SD021_ses-01_task-PassiveListen_ieeg.edf,/home/fanyu/auditory_simulation_m6a/data/ds004703/v1.1.0/stimuli/excerpts/Block 1/s3602b-ex01_normed.wav,s3602b-ex01,METADATA_ONLY,PASS_WITH_LIMITATION,
ds004703,sub-SD021_ses-01_task-PassiveListen__trial-6,/home/fanyu/auditory_simulation_m6a/data/ds004703/v1.1.0/sub-SD021/ses-01/ieeg/sub-SD021_ses-01_task-PassiveListen_ieeg.edf,/home/fanyu/auditory_simulation_m6a/data/ds004703/v1.1.0/stimuli/excerpts/Block 1/s2301a-ex01_normed.wav,s2301a-ex01,METADATA_ONLY,PASS_WITH_LIMITATION,
ds004703,sub-SD021_ses-01_task-PassiveListen__trial-7,/home/fanyu/auditory_simulation_m6a/data/ds004703/v1.1.0/sub-SD021/ses-01/ieeg/sub-SD021_ses-01_task-PassiveListen_ieeg.edf,/home/fanyu/auditory_simulation_m6a/data/ds004703/v1.1.0/stimuli/excerpts/Block 1/s3001b-ex01_normed.wav,s3001b-ex01,METADATA_ONLY,PASS_WITH_LIMITATION,
ds004703,sub-SD021_ses-01_task-PassiveListen__trial-8,/home/fanyu/auditory_simulation_m6a/data/ds004703/v1.1.0/sub-SD021/ses-01/ieeg/sub-SD021_ses-01_task-PassiveListen_ieeg.edf,/home/fanyu/auditory_simulation_m6a/data/ds004703/v1.1.0/stimuli/excerpts/Block 1/s1303a-ex01_normed.wav,s1303a-ex01,METADATA_ONLY,PASS_WITH_LIMITATION,
ds004703,sub-SD021_ses-01_task-PassiveListen__trial-9,/home/fanyu/auditory_simulation_m6a/data/ds004703/v1.1.0/sub-SD021/ses-01/ieeg/sub-SD021_ses-01_task-PassiveListen_ieeg.edf,/home/fanyu/auditory_simulation_m6a/data/ds004703/v1.1.0/stimuli/excerpts/Block 1/s1401a-ex01_normed.wav,s1401a-ex01,METADATA_ONLY,PASS_WITH_LIMITATION,
ds004703,sub-SD021_ses-01_task-PassiveListen__trial-10,/home/fanyu/auditory_simulation_m6a/data/ds004703/v1.1.0/sub-SD021/ses-01/ieeg/sub-SD021_ses-01_task-PassiveListen_ieeg.edf,/home/fanyu/auditory_simulation_m6a/data/ds004703/v1.1.0/stimuli/excerpts/Block 1/s4002b-ex01_normed.wav,s4002b-ex01,METADATA_ONLY,PASS_WITH_LIMITATION,
ds004703,sub-SD021_ses-01_task-PassiveListen__trial-11,/home/fanyu/auditory_simulation_m6a/data/ds004703/v1.1.0/sub-SD021/ses-01/ieeg/sub-SD021_ses-01_task-PassiveListen_ieeg.edf,/home/fanyu/auditory_simulation_m6a/data/ds004703/v1.1.0/stimuli/pleasePressSpace_normed.wav,pleasePressSpace,METADATA_ONLY,EXCLUDED,CONTROL_NOT_PASSAGE
ds004703,sub-SD021_ses-01_task-PassiveListen__trial-12,/home/fanyu/auditory_simulation_m6a/data/ds004703/v1.1.0/sub-SD021/ses-01/ieeg/sub-SD021_ses-01_task-PassiveListen_ieeg.edf,/home/fanyu/auditory_simulation_m6a/data/ds004703/v1.1.0/stimuli/excerpts/Block 1/catalan-m01_normed.wav,catalan-m01,METADATA_ONLY,EXCLUDED,CATALAN_PLAYED_AUDIO_PROVENANCE_CONFLICT;AUDIO_TEMPLATE_DURATION
ds004703,sub-SD021_ses-01_task-PassiveListen__trial-13,/home/fanyu/auditory_simulation_m6a/data/ds004703/v1.1.0/sub-SD021/ses-01/ieeg/sub-SD021_ses-01_task-PassiveListen_ieeg.edf,/home/fanyu/auditory_simulation_m6a/data/ds004703/v1.1.0/stimuli/excerpts/Block 1/s1901b-ex01_normed.wav,s1901b-ex01,METADATA_ONLY,PASS_WITH_LIMITATION,
ds004703,sub-SD021_ses-01_task-PassiveListen__trial-14,/home/fanyu/auditory_simulation_m6a/data/ds004703/v1.1.0/sub-SD021/ses-01/ieeg/sub-SD021_ses-01_task-PassiveListen_ieeg.edf,/home/fanyu/auditory_simulation_m6a/data/ds004703/v1.1.0/stimuli/excerpts/Block 2/s2102a-ex02_normed.wav,s2102a-ex02,METADATA_ONLY,PASS_WITH_LIMITATION,
ds004703,sub-SD021_ses-01_task-PassiveListen__trial-15,/home/fanyu/auditory_simulation_m6a/data/ds004703/v1.1.0/sub-SD021/ses-01/ieeg/sub-SD021_ses-01_task-PassiveListen_ieeg.edf,/home/fanyu/auditory_simulation_m6a/data/ds004703/v1.1.0/stimuli/excerpts/Block 2/s0703b-ex01_normed.wav,s0703b-ex01,METADATA_ONLY,PASS_WITH_LIMITATION,
ds004703,sub-SD021_ses-01_task-PassiveListen__trial-16,/home/fanyu/auditory_simulation_m6a/data/ds004703/v1.1.0/sub-SD021/ses-01/ieeg/sub-SD021_ses-01_task-PassiveListen_ieeg.edf,/home/fanyu/auditory_simulation_m6a/data/ds004703/v1.1.0/stimuli/excerpts/Block 2/s3301a-ex01_normed.wav,s3301a-ex01,METADATA_ONLY,PASS_WITH_LIMITATION,
ds004703,sub-SD021_ses-01_task-PassiveListen__trial-17,/home/fanyu/auditory_simulation_m6a/data/ds004703/v1.1.0/sub-SD021/ses-01/ieeg/sub-SD021_ses-01_task-PassiveListen_ieeg.edf,/home/fanyu/auditory_simulation_m6a/data/ds004703/v1.1.0/stimuli/excerpts/Block 2/s1201a-ex01_normed.wav,s1201a-ex01,METADATA_ONLY,PASS_WITH_LIMITATION,
ds004703,sub-SD021_ses-01_task-PassiveListen__trial-18,/home/fanyu/auditory_simulation_m6a/data/ds004703/v1.1.0/sub-SD021/ses-01/ieeg/sub-SD021_ses-01_task-PassiveListen_ieeg.edf,/home/fanyu/auditory_simulation_m6a/data/ds004703/v1.1.0/stimuli/excerpts/Block 2/s2202b-ex02_normed.wav,s2202b-ex02,METADATA_ONLY,PASS_WITH_LIMITATION,
ds004703,sub-SD021_ses-01_task-PassiveListen__trial-19,/home/fanyu/auditory_simulation_m6a/data/ds004703/v1.1.0/sub-SD021/ses-01/ieeg/sub-SD021_ses-01_task-PassiveListen_ieeg.edf,/home/fanyu/auditory_simulation_m6a/data/ds004703/v1.1.0/stimuli/excerpts/Block 2/s3602b-ex02_normed.wav,s3602b-ex02,METADATA_ONLY,PASS_WITH_LIMITATION,
ds004703,sub-SD021_ses-01_task-PassiveListen__trial-20,/home/fanyu/auditory_simulation_m6a/data/ds004703/v1.1.0/sub-SD021/ses-01/ieeg/sub-SD021_ses-01_task-PassiveListen_ieeg.edf,/home/fanyu/auditory_simulation_m6a/data/ds004703/v1.1.0/stimuli/excerpts/Block 2/s4003b-ex01_normed.wav,s4003b-ex01,METADATA_ONLY,PASS_WITH_LIMITATION,
ds004703,sub-SD021_ses-01_task-PassiveListen__trial-21,/home/fanyu/auditory_simulation_m6a/data/ds004703/v1.1.0/sub-SD021/ses-01/ieeg/sub-SD021_ses-01_task-PassiveListen_ieeg.edf,/home/fanyu/auditory_simulation_m6a/data/ds004703/v1.1.0/stimuli/excerpts/Block 2/s3903b-ex01_normed.wav,s3903b-ex01,METADATA_ONLY,PASS_WITH_LIMITATION,
ds004703,sub-SD021_ses-01_task-PassiveListen__trial-22,/home/fanyu/auditory_simulation_m6a/data/ds004703/v1.1.0/sub-SD021/ses-01/ieeg/sub-SD021_ses-01_task-PassiveListen_ieeg.edf,/home/fanyu/auditory_simulation_m6a/data/ds004703/v1.1.0/stimuli/pleasePressSpace_normed.wav,pleasePressSpace,METADATA_ONLY,EXCLUDED,CONTROL_NOT_PASSAGE
ds004703,sub-SD021_ses-01_task-PassiveListen__trial-23,/home/fanyu/auditory_simulation_m6a/data/ds004703/v1.1.0/sub-SD021/ses-01/ieeg/sub-SD021_ses-01_task-PassiveListen_ieeg.edf,/home/fanyu/auditory_simulation_m6a/data/ds004703/v1.1.0/stimuli/excerpts/Block 2/catalan-f01_normed.wav,catalan-f01,METADATA_ONLY,EXCLUDED,CATALAN_PLAYED_AUDIO_PROVENANCE_CONFLICT;AUDIO_TEMPLATE_DURATION
ds004703,sub-SD021_ses-01_task-PassiveListen__trial-24,/home/fanyu/auditory_simulation_m6a/data/ds004703/v1.1.0/sub-SD021/ses-01/ieeg/sub-SD021_ses-01_task-PassiveListen_ieeg.edf,/home/fanyu/auditory_simulation_m6a/data/ds004703/v1.1.0/stimuli/excerpts/Block 3/s3201a-ex01_normed.wav,s3201a-ex01,METADATA_ONLY,PASS_WITH_LIMITATION,
ds004703,sub-SD021_ses-01_task-PassiveListen__trial-25,/home/fanyu/auditory_simulation_m6a/data/ds004703/v1.1.0/sub-SD021/ses-01/ieeg/sub-SD021_ses-01_task-PassiveListen_ieeg.edf,/home/fanyu/auditory_simulation_m6a/data/ds004703/v1.1.0/stimuli/excerpts/Block 3/s1501a-ex01_normed.wav,s1501a-ex01,METADATA_ONLY,PASS_WITH_LIMITATION,
ds004703,sub-SD021_ses-01_task-PassiveListen__trial-26,/home/fanyu/auditory_simulation_m6a/data/ds004703/v1.1.0/sub-SD021/ses-01/ieeg/sub-SD021_ses-01_task-PassiveListen_ieeg.edf,/home/fanyu/auditory_simulation_m6a/data/ds004703/v1.1.0/stimuli/excerpts/Block 3/s3903b-ex02_normed.wav,s3903b-ex02,METADATA_ONLY,PASS_WITH_LIMITATION,
ds004703,sub-SD021_ses-01_task-PassiveListen__trial-27,/home/fanyu/auditory_simulation_m6a/data/ds004703/v1.1.0/sub-SD021/ses-01/ieeg/sub-SD021_ses-01_task-PassiveListen_ieeg.edf,/home/fanyu/auditory_simulation_m6a/data/ds004703/v1.1.0/stimuli/excerpts/Block 3/s3301a-ex02_normed.wav,s3301a-ex02,METADATA_ONLY,PASS_WITH_LIMITATION,
ds004703,sub-SD021_ses-01_task-PassiveListen__trial-28,/home/fanyu/auditory_simulation_m6a/data/ds004703/v1.1.0/sub-SD021/ses-01/ieeg/sub-SD021_ses-01_task-PassiveListen_ieeg.edf,/home/fanyu/auditory_simulation_m6a/data/ds004703/v1.1.0/stimuli/excerpts/Block 3/s1303a-ex02_normed.wav,s1303a-ex02,METADATA_ONLY,PASS_WITH_LIMITATION,
ds004703,sub-SD021_ses-01_task-PassiveListen__trial-29,/home/fanyu/auditory_simulation_m6a/data/ds004703/v1.1.0/sub-SD021/ses-01/ieeg/sub-SD021_ses-01_task-PassiveListen_ieeg.edf,/home/fanyu/auditory_simulation_m6a/data/ds004703/v1.1.0/stimuli/pleasePressSpace_normed.wav,pleasePressSpace,METADATA_ONLY,EXCLUDED,CONTROL_NOT_PASSAGE
ds004703,sub-SD021_ses-01_task-PassiveListen__trial-30,/home/fanyu/auditory_simulation_m6a/data/ds004703/v1.1.0/sub-SD021/ses-01/ieeg/sub-SD021_ses-01_task-PassiveListen_ieeg.edf,/home/fanyu/auditory_simulation_m6a/data/ds004703/v1.1.0/stimuli/excerpts/Block 3/catalan-m02_normed.wav,catalan-m02,METADATA_ONLY,EXCLUDED,CATALAN_PLAYED_AUDIO_PROVENANCE_CONFLICT;AUDIO_TEMPLATE_DURATION
ds004703,sub-SD021_ses-01_task-PassiveListen__trial-31,/home/fanyu/auditory_simulation_m6a/data/ds004703/v1.1.0/sub-SD021/ses-01/ieeg/sub-SD021_ses-01_task-PassiveListen_ieeg.edf,/home/fanyu/auditory_simulation_m6a/data/ds004703/v1.1.0/stimuli/excerpts/Block 3/s1401a-ex02_normed.wav,s1401a-ex02,METADATA_ONLY,PASS_WITH_LIMITATION,
ds004703,sub-SD021_ses-01_task-PassiveListen__trial-32,/home/fanyu/auditory_simulation_m6a/data/ds004703/v1.1.0/sub-SD021/ses-01/ieeg/sub-SD021_ses-01_task-PassiveListen_ieeg.edf,/home/fanyu/auditory_simulation_m6a/data/ds004703/v1.1.0/stimuli/excerpts/Block 3/s1001a-ex01_normed.wav,s1001a-ex01,METADATA_ONLY,PASS_WITH_LIMITATION,
ds004703,sub-SD021_ses-01_task-PassiveListen__trial-33,/home/fanyu/auditory_simulation_m6a/data/ds004703/v1.1.0/sub-SD021/ses-01/ieeg/sub-SD021_ses-01_task-PassiveListen_ieeg.edf,/home/fanyu/auditory_simulation_m6a/data/ds004703/v1.1.0/stimuli/excerpts/Block 3/s3703b-ex01_normed.wav,s3703b-ex01,METADATA_ONLY,PASS_WITH_LIMITATION,
ds004703,sub-SD021_ses-01_task-PassiveListen__trial-34,/home/fanyu/auditory_simulation_m6a/data/ds004703/v1.1.0/sub-SD021/ses-01/ieeg/sub-SD021_ses-01_task-PassiveListen_ieeg.edf,/home/fanyu/auditory_simulation_m6a/data/ds004703/v1.1.0/stimuli/excerpts/Block 4/s3802a-ex01_normed.wav,s3802a-ex01,METADATA_ONLY,PASS_WITH_LIMITATION,
ds004703,sub-SD021_ses-01_task-PassiveListen__trial-35,/home/fanyu/auditory_simulation_m6a/data/ds004703/v1.1.0/sub-SD021/ses-01/ieeg/sub-SD021_ses-01_task-PassiveListen_ieeg.edf,/home/fanyu/auditory_simulation_m6a/data/ds004703/v1.1.0/stimuli/pleasePressSpace_normed.wav,pleasePressSpace,METADATA_ONLY,EXCLUDED,CONTROL_NOT_PASSAGE
ds004703,sub-SD021_ses-01_task-PassiveListen__trial-36,/home/fanyu/auditory_simulation_m6a/data/ds004703/v1.1.0/sub-SD021/ses-01/ieeg/sub-SD021_ses-01_task-PassiveListen_ieeg.edf,/home/fanyu/auditory_simulation_m6a/data/ds004703/v1.1.0/stimuli/excerpts/Block 4/catalan-f02_normed.wav,catalan-f02,METADATA_ONLY,EXCLUDED,CATALAN_PLAYED_AUDIO_PROVENANCE_CONFLICT;AUDIO_TEMPLATE_DURATION
ds004703,sub-SD021_ses-01_task-PassiveListen__trial-37,/home/fanyu/auditory_simulation_m6a/data/ds004703/v1.1.0/sub-SD021/ses-01/ieeg/sub-SD021_ses-01_task-PassiveListen_ieeg.edf,/home/fanyu/auditory_simulation_m6a/data/ds004703/v1.1.0/stimuli/excerpts/Block 4/s2801a-ex01_normed.wav,s2801a-ex01,METADATA_ONLY,PASS_WITH_LIMITATION,
ds004703,sub-SD021_ses-01_task-PassiveListen__trial-38,/home/fanyu/auditory_simulation_m6a/data/ds004703/v1.1.0/sub-SD021/ses-01/ieeg/sub-SD021_ses-01_task-PassiveListen_ieeg.edf,/home/fanyu/auditory_simulation_m6a/data/ds004703/v1.1.0/stimuli/excerpts/Block 4/s0202b-ex01_normed.wav,s0202b-ex01,METADATA_ONLY,PASS_WITH_LIMITATION,
ds004703,sub-SD021_ses-01_task-PassiveListen__trial-39,/home/fanyu/auditory_simulation_m6a/data/ds004703/v1.1.0/sub-SD021/ses-01/ieeg/sub-SD021_ses-01_task-PassiveListen_ieeg.edf,/home/fanyu/auditory_simulation_m6a/data/ds004703/v1.1.0/stimuli/excerpts/Block 4/s3102b-ex01_normed.wav,s3102b-ex01,METADATA_ONLY,PASS_WITH_LIMITATION,
ds004703,sub-SD021_ses-01_task-PassiveListen__trial-40,/home/fanyu/auditory_simulation_m6a/data/ds004703/v1.1.0/sub-SD021/ses-01/ieeg/sub-SD021_ses-01_task-PassiveListen_ieeg.edf,/home/fanyu/auditory_simulation_m6a/data/ds004703/v1.1.0/stimuli/excerpts/Block 4/s3902a-ex01_normed.wav,s3902a-ex01,METADATA_ONLY,PASS_WITH_LIMITATION,
ds004703,sub-SD021_ses-01_task-PassiveListen__trial-41,/home/fanyu/auditory_simulation_m6a/data/ds004703/v1.1.0/sub-SD021/ses-01/ieeg/sub-SD021_ses-01_task-PassiveListen_ieeg.edf,/home/fanyu/auditory_simulation_m6a/data/ds004703/v1.1.0/stimuli/excerpts/Block 4/s2102a-ex03_normed.wav,s2102a-ex03,METADATA_ONLY,PASS_WITH_LIMITATION,
ds004703,sub-SD021_ses-01_task-PassiveListen__trial-42,/home/fanyu/auditory_simulation_m6a/data/ds004703/v1.1.0/sub-SD021/ses-01/ieeg/sub-SD021_ses-01_task-PassiveListen_ieeg.edf,/home/fanyu/auditory_simulation_m6a/data/ds004703/v1.1.0/stimuli/excerpts/Block 4/s1604a-ex01_normed.wav,s1604a-ex01,METADATA_ONLY,PASS_WITH_LIMITATION,
ds004703,sub-SD021_ses-01_task-PassiveListen__trial-43,/home/fanyu/auditory_simulation_m6a/data/ds004703/v1.1.0/sub-SD021/ses-01/ieeg/sub-SD021_ses-01_task-PassiveListen_ieeg.edf,/home/fanyu/auditory_simulation_m6a/data/ds004703/v1.1.0/stimuli/excerpts/Block 4/s0702a-ex01_normed.wav,s0702a-ex01,METADATA_ONLY,PASS_WITH_LIMITATION,
ds004703,sub-SD021_ses-01_task-PassiveListen__trial-44,/home/fanyu/auditory_simulation_m6a/data/ds004703/v1.1.0/sub-SD021/ses-01/ieeg/sub-SD021_ses-01_task-PassiveListen_ieeg.edf,/home/fanyu/auditory_simulation_m6a/data/ds004703/v1.1.0/stimuli/excerpts/Block 5/s1703b-ex01_normed.wav,s1703b-ex01,METADATA_ONLY,PASS_WITH_LIMITATION,
ds004703,sub-SD021_ses-01_task-PassiveListen__trial-45,/home/fanyu/auditory_simulation_m6a/data/ds004703/v1.1.0/sub-SD021/ses-01/ieeg/sub-SD021_ses-01_task-PassiveListen_ieeg.edf,/home/fanyu/auditory_simulation_m6a/data/ds004703/v1.1.0/stimuli/excerpts/Block 5/s0802b-ex01_normed.wav,s0802b-ex01,METADATA_ONLY,PASS_WITH_LIMITATION,
ds004703,sub-SD021_ses-01_task-PassiveListen__trial-46,/home/fanyu/auditory_simulation_m6a/data/ds004703/v1.1.0/sub-SD021/ses-01/ieeg/sub-SD021_ses-01_task-PassiveListen_ieeg.edf,/home/fanyu/auditory_simulation_m6a/data/ds004703/v1.1.0/stimuli/excerpts/Block 5/s1401b-ex01_normed.wav,s1401b-ex01,METADATA_ONLY,PASS_WITH_LIMITATION,
ds004703,sub-SD021_ses-01_task-PassiveListen__trial-47,/home/fanyu/auditory_simulation_m6a/data/ds004703/v1.1.0/sub-SD021/ses-01/ieeg/sub-SD021_ses-01_task-PassiveListen_ieeg.edf,/home/fanyu/auditory_simulation_m6a/data/ds004703/v1.1.0/stimuli/excerpts/Block 5/s3003a-ex01_normed.wav,s3003a-ex01,METADATA_ONLY,PASS_WITH_LIMITATION,
ds004703,sub-SD021_ses-01_task-PassiveListen__trial-48,/home/fanyu/auditory_simulation_m6a/data/ds004703/v1.1.0/sub-SD021/ses-01/ieeg/sub-SD021_ses-01_task-PassiveListen_ieeg.edf,/home/fanyu/auditory_simulation_m6a/data/ds004703/v1.1.0/stimuli/excerpts/Block 5/s1202b-ex01_normed.wav,s1202b-ex01,METADATA_ONLY,PASS_WITH_LIMITATION,
ds004703,sub-SD021_ses-01_task-PassiveListen__trial-49,/home/fanyu/auditory_simulation_m6a/data/ds004703/v1.1.0/sub-SD021/ses-01/ieeg/sub-SD021_ses-01_task-PassiveListen_ieeg.edf,/home/fanyu/auditory_simulation_m6a/data/ds004703/v1.1.0/stimuli/excerpts/Block 5/s1503a-ex01_normed.wav,s1503a-ex01,METADATA_ONLY,PASS_WITH_LIMITATION,
ds004703,sub-SD021_ses-01_task-PassiveListen__trial-50,/home/fanyu/auditory_simulation_m6a/data/ds004703/v1.1.0/sub-SD021/ses-01/ieeg/sub-SD021_ses-01_task-PassiveListen_ieeg.edf,/home/fanyu/auditory_simulation_m6a/data/ds004703/v1.1.0/stimuli/excerpts/Block 5/s1103a-ex01_normed.wav,s1103a-ex01,METADATA_ONLY,PASS_WITH_LIMITATION,
ds004703,sub-SD021_ses-01_task-PassiveListen__trial-51,/home/fanyu/auditory_simulation_m6a/data/ds004703/v1.1.0/sub-SD021/ses-01/ieeg/sub-SD021_ses-01_task-PassiveListen_ieeg.edf,/home/fanyu/auditory_simulation_m6a/data/ds004703/v1.1.0/stimuli/excerpts/Block 5/s0203b-ex01_normed.wav,s0203b-ex01,METADATA_ONLY,PASS_WITH_LIMITATION,
ds004703,sub-SD021_ses-01_task-PassiveListen__trial-52,/home/fanyu/auditory_simulation_m6a/data/ds004703/v1.1.0/sub-SD021/ses-01/ieeg/sub-SD021_ses-01_task-PassiveListen_ieeg.edf,/home/fanyu/auditory_simulation_m6a/data/ds004703/v1.1.0/stimuli/pleasePressSpace_normed.wav,pleasePressSpace,METADATA_ONLY,EXCLUDED,CONTROL_NOT_PASSAGE
ds004703,sub-SD021_ses-01_task-PassiveListen__trial-53,/home/fanyu/auditory_simulation_m6a/data/ds004703/v1.1.0/sub-SD021/ses-01/ieeg/sub-SD021_ses-01_task-PassiveListen_ieeg.edf,/home/fanyu/auditory_simulation_m6a/data/ds004703/v1.1.0/stimuli/excerpts/Block 5/catalan-m03_normed.wav,catalan-m03,METADATA_ONLY,EXCLUDED,CATALAN_PLAYED_AUDIO_PROVENANCE_CONFLICT;AUDIO_TEMPLATE_DURATION
ds004703,sub-SD021_ses-01_task-PassiveListen__trial-54,/home/fanyu/auditory_simulation_m6a/data/ds004703/v1.1.0/sub-SD021/ses-01/ieeg/sub-SD021_ses-01_task-PassiveListen_ieeg.edf,/home/fanyu/auditory_simulation_m6a/data/ds004703/v1.1.0/stimuli/excerpts/Block 6/s0305a-ex01_normed.wav,s0305a-ex01,METADATA_ONLY,PASS_WITH_LIMITATION,
ds004703,sub-SD021_ses-01_task-PassiveListen__trial-55,/home/fanyu/auditory_simulation_m6a/data/ds004703/v1.1.0/sub-SD021/ses-01/ieeg/sub-SD021_ses-01_task-PassiveListen_ieeg.edf,/home/fanyu/auditory_simulation_m6a/data/ds004703/v1.1.0/stimuli/excerpts/Block 6/s2302b-ex01_normed.wav,s2302b-ex01,METADATA_ONLY,PASS_WITH_LIMITATION,
ds004703,sub-SD021_ses-01_task-PassiveListen__trial-56,/home/fanyu/auditory_simulation_m6a/data/ds004703/v1.1.0/sub-SD021/ses-01/ieeg/sub-SD021_ses-01_task-PassiveListen_ieeg.edf,/home/fanyu/auditory_simulation_m6a/data/ds004703/v1.1.0/stimuli/excerpts/Block 6/s3801a-ex01_normed.wav,s3801a-ex01,METADATA_ONLY,PASS_WITH_LIMITATION,
ds004703,sub-SD021_ses-01_task-PassiveListen__trial-57,/home/fanyu/auditory_simulation_m6a/data/ds004703/v1.1.0/sub-SD021/ses-01/ieeg/sub-SD021_ses-01_task-PassiveListen_ieeg.edf,/home/fanyu/auditory_simulation_m6a/data/ds004703/v1.1.0/stimuli/excerpts/Block 6/s1503a-ex02_normed.wav,s1503a-ex02,METADATA_ONLY,PASS_WITH_LIMITATION,
ds004703,sub-SD021_ses-01_task-PassiveListen__trial-58,/home/fanyu/auditory_simulation_m6a/data/ds004703/v1.1.0/sub-SD021/ses-01/ieeg/sub-SD021_ses-01_task-PassiveListen_ieeg.edf,/home/fanyu/auditory_simulation_m6a/data/ds004703/v1.1.0/stimuli/pleasePressSpace_normed.wav,pleasePressSpace,METADATA_ONLY,EXCLUDED,CONTROL_NOT_PASSAGE
ds004703,sub-SD021_ses-01_task-PassiveListen__trial-59,/home/fanyu/auditory_simulation_m6a/data/ds004703/v1.1.0/sub-SD021/ses-01/ieeg/sub-SD021_ses-01_task-PassiveListen_ieeg.edf,/home/fanyu/auditory_simulation_m6a/data/ds004703/v1.1.0/stimuli/excerpts/Block 6/catalan-f03_normed.wav,catalan-f03,METADATA_ONLY,EXCLUDED,CATALAN_PLAYED_AUDIO_PROVENANCE_CONFLICT;AUDIO_TEMPLATE_DURATION
ds004703,sub-SD021_ses-01_task-PassiveListen__trial-60,/home/fanyu/auditory_simulation_m6a/data/ds004703/v1.1.0/sub-SD021/ses-01/ieeg/sub-SD021_ses-01_task-PassiveListen_ieeg.edf,/home/fanyu/auditory_simulation_m6a/data/ds004703/v1.1.0/stimuli/excerpts/Block 6/s1702b-ex01_normed.wav,s1702b-ex01,METADATA_ONLY,PASS_WITH_LIMITATION,
ds004703,sub-SD021_ses-01_task-PassiveListen__trial-61,/home/fanyu/auditory_simulation_m6a/data/ds004703/v1.1.0/sub-SD021/ses-01/ieeg/sub-SD021_ses-01_task-PassiveListen_ieeg.edf,/home/fanyu/auditory_simulation_m6a/data/ds004703/v1.1.0/stimuli/excerpts/Block 6/s3003a-ex02_normed.wav,s3003a-ex02,METADATA_ONLY,PASS_WITH_LIMITATION,
ds004703,sub-SD021_ses-01_task-PassiveListen__trial-62,/home/fanyu/auditory_simulation_m6a/data/ds004703/v1.1.0/sub-SD021/ses-01/ieeg/sub-SD021_ses-01_task-PassiveListen_ieeg.edf,/home/fanyu/auditory_simulation_m6a/data/ds004703/v1.1.0/stimuli/excerpts/Block 6/s0901b-ex01_normed.wav,s0901b-ex01,METADATA_ONLY,PASS_WITH_LIMITATION,
ds004703,sub-SD021_ses-01_task-PassiveListen__trial-63,/home/fanyu/auditory_simulation_m6a/data/ds004703/v1.1.0/sub-SD021/ses-01/ieeg/sub-SD021_ses-01_task-PassiveListen_ieeg.edf,/home/fanyu/auditory_simulation_m6a/data/ds004703/v1.1.0/stimuli/excerpts/Block 6/s1203a-ex01_normed.wav,s1203a-ex01,METADATA_ONLY,PASS_WITH_LIMITATION,
ds004703,sub-SD022_ses-01_task-PassiveListen__trial-0,/home/fanyu/auditory_simulation_m6a/data/ds004703/v1.1.0/sub-SD022/ses-01/ieeg/sub-SD022_ses-01_task-PassiveListen_ieeg.edf,/home/fanyu/auditory_simulation_m6a/data/ds004703/v1.1.0/stimuli/welcome_normed.wav,welcome,METADATA_ONLY,EXCLUDED,CONTROL_NOT_PASSAGE
ds004703,sub-SD022_ses-01_task-PassiveListen__trial-1,/home/fanyu/auditory_simulation_m6a/data/ds004703/v1.1.0/sub-SD022/ses-01/ieeg/sub-SD022_ses-01_task-PassiveListen_ieeg.edf,/home/fanyu/auditory_simulation_m6a/data/ds004703/v1.1.0/stimuli/instructions1_normed.wav,instructions1,METADATA_ONLY,EXCLUDED,CONTROL_NOT_PASSAGE
ds004703,sub-SD022_ses-01_task-PassiveListen__trial-2,/home/fanyu/auditory_simulation_m6a/data/ds004703/v1.1.0/sub-SD022/ses-01/ieeg/sub-SD022_ses-01_task-PassiveListen_ieeg.edf,/home/fanyu/auditory_simulation_m6a/data/ds004703/v1.1.0/stimuli/pleasePressSpace_normed.wav,pleasePressSpace,METADATA_ONLY,EXCLUDED,CONTROL_NOT_PASSAGE
ds004703,sub-SD022_ses-01_task-PassiveListen__trial-3,/home/fanyu/auditory_simulation_m6a/data/ds004703/v1.1.0/sub-SD022/ses-01/ieeg/sub-SD022_ses-01_task-PassiveListen_ieeg.edf,/home/fanyu/auditory_simulation_m6a/data/ds004703/v1.1.0/stimuli/instructions3_normed.wav,instructions3,METADATA_ONLY,EXCLUDED,CONTROL_NOT_PASSAGE
ds004703,sub-SD022_ses-01_task-PassiveListen__trial-4,/home/fanyu/auditory_simulation_m6a/data/ds004703/v1.1.0/sub-SD022/ses-01/ieeg/sub-SD022_ses-01_task-PassiveListen_ieeg.edf,/home/fanyu/auditory_simulation_m6a/data/ds004703/v1.1.0/stimuli/pleasePressSpace_normed.wav,pleasePressSpace,METADATA_ONLY,EXCLUDED,CONTROL_NOT_PASSAGE
ds004703,sub-SD022_ses-01_task-PassiveListen__trial-5,/home/fanyu/auditory_simulation_m6a/data/ds004703/v1.1.0/sub-SD022/ses-01/ieeg/sub-SD022_ses-01_task-PassiveListen_ieeg.edf,/home/fanyu/auditory_simulation_m6a/data/ds004703/v1.1.0/stimuli/excerpts/Block 1/catalan-m01_normed.wav,catalan-m01,METADATA_ONLY,EXCLUDED,CATALAN_PLAYED_AUDIO_PROVENANCE_CONFLICT;AUDIO_TEMPLATE_DURATION
ds004703,sub-SD022_ses-01_task-PassiveListen__trial-6,/home/fanyu/auditory_simulation_m6a/data/ds004703/v1.1.0/sub-SD022/ses-01/ieeg/sub-SD022_ses-01_task-PassiveListen_ieeg.edf,/home/fanyu/auditory_simulation_m6a/data/ds004703/v1.1.0/stimuli/excerpts/Block 1/s2102a-ex01_normed.wav,s2102a-ex01,METADATA_ONLY,PASS_WITH_LIMITATION,
ds004703,sub-SD022_ses-01_task-PassiveListen__trial-7,/home/fanyu/auditory_simulation_m6a/data/ds004703/v1.1.0/sub-SD022/ses-01/ieeg/sub-SD022_ses-01_task-PassiveListen_ieeg.edf,/home/fanyu/auditory_simulation_m6a/data/ds004703/v1.1.0/stimuli/excerpts/Block 1/s4002b-ex01_normed.wav,s4002b-ex01,METADATA_ONLY,PASS_WITH_LIMITATION,
ds004703,sub-SD022_ses-01_task-PassiveListen__trial-8,/home/fanyu/auditory_simulation_m6a/data/ds004703/v1.1.0/sub-SD022/ses-01/ieeg/sub-SD022_ses-01_task-PassiveListen_ieeg.edf,/home/fanyu/auditory_simulation_m6a/data/ds004703/v1.1.0/stimuli/excerpts/Block 1/s1303a-ex01_normed.wav,s1303a-ex01,METADATA_ONLY,PASS_WITH_LIMITATION,
ds004703,sub-SD022_ses-01_task-PassiveListen__trial-9,/home/fanyu/auditory_simulation_m6a/data/ds004703/v1.1.0/sub-SD022/ses-01/ieeg/sub-SD022_ses-01_task-PassiveListen_ieeg.edf,/home/fanyu/auditory_simulation_m6a/data/ds004703/v1.1.0/stimuli/excerpts/Block 1/s2301a-ex01_normed.wav,s2301a-ex01,METADATA_ONLY,PASS_WITH_LIMITATION,
ds004703,sub-SD022_ses-01_task-PassiveListen__trial-10,/home/fanyu/auditory_simulation_m6a/data/ds004703/v1.1.0/sub-SD022/ses-01/ieeg/sub-SD022_ses-01_task-PassiveListen_ieeg.edf,/home/fanyu/auditory_simulation_m6a/data/ds004703/v1.1.0/stimuli/excerpts/Block 1/s3001b-ex01_normed.wav,s3001b-ex01,METADATA_ONLY,PASS_WITH_LIMITATION,
ds004703,sub-SD022_ses-01_task-PassiveListen__trial-11,/home/fanyu/auditory_simulation_m6a/data/ds004703/v1.1.0/sub-SD022/ses-01/ieeg/sub-SD022_ses-01_task-PassiveListen_ieeg.edf,/home/fanyu/auditory_simulation_m6a/data/ds004703/v1.1.0/stimuli/excerpts/Block 1/s3602b-ex01_normed.wav,s3602b-ex01,METADATA_ONLY,PASS_WITH_LIMITATION,
ds004703,sub-SD022_ses-01_task-PassiveListen__trial-12,/home/fanyu/auditory_simulation_m6a/data/ds004703/v1.1.0/sub-SD022/ses-01/ieeg/sub-SD022_ses-01_task-PassiveListen_ieeg.edf,/home/fanyu/auditory_simulation_m6a/data/ds004703/v1.1.0/stimuli/excerpts/Block 1/s1401a-ex01_normed.wav,s1401a-ex01,METADATA_ONLY,PASS_WITH_LIMITATION,
ds004703,sub-SD022_ses-01_task-PassiveListen__trial-13,/home/fanyu/auditory_simulation_m6a/data/ds004703/v1.1.0/sub-SD022/ses-01/ieeg/sub-SD022_ses-01_task-PassiveListen_ieeg.edf,/home/fanyu/auditory_simulation_m6a/data/ds004703/v1.1.0/stimuli/excerpts/Block 1/s1901b-ex01_normed.wav,s1901b-ex01,METADATA_ONLY,PASS_WITH_LIMITATION,
ds004703,sub-SD022_ses-01_task-PassiveListen__trial-14,/home/fanyu/auditory_simulation_m6a/data/ds004703/v1.1.0/sub-SD022/ses-01/ieeg/sub-SD022_ses-01_task-PassiveListen_ieeg.edf,/home/fanyu/auditory_simulation_m6a/data/ds004703/v1.1.0/stimuli/excerpts/Block 2/s3602b-ex02_normed.wav,s3602b-ex02,METADATA_ONLY,PASS_WITH_LIMITATION,
ds004703,sub-SD022_ses-01_task-PassiveListen__trial-15,/home/fanyu/auditory_simulation_m6a/data/ds004703/v1.1.0/sub-SD022/ses-01/ieeg/sub-SD022_ses-01_task-PassiveListen_ieeg.edf,/home/fanyu/auditory_simulation_m6a/data/ds004703/v1.1.0/stimuli/excerpts/Block 2/s2102a-ex02_normed.wav,s2102a-ex02,METADATA_ONLY,PASS_WITH_LIMITATION,
ds004703,sub-SD022_ses-01_task-PassiveListen__trial-16,/home/fanyu/auditory_simulation_m6a/data/ds004703/v1.1.0/sub-SD022/ses-01/ieeg/sub-SD022_ses-01_task-PassiveListen_ieeg.edf,/home/fanyu/auditory_simulation_m6a/data/ds004703/v1.1.0/stimuli/excerpts/Block 2/s2202b-ex02_normed.wav,s2202b-ex02,METADATA_ONLY,PASS_WITH_LIMITATION,
ds004703,sub-SD022_ses-01_task-PassiveListen__trial-17,/home/fanyu/auditory_simulation_m6a/data/ds004703/v1.1.0/sub-SD022/ses-01/ieeg/sub-SD022_ses-01_task-PassiveListen_ieeg.edf,/home/fanyu/auditory_simulation_m6a/data/ds004703/v1.1.0/stimuli/excerpts/Block 2/s1201a-ex01_normed.wav,s1201a-ex01,METADATA_ONLY,PASS_WITH_LIMITATION,
ds004703,sub-SD022_ses-01_task-PassiveListen__trial-18,/home/fanyu/auditory_simulation_m6a/data/ds004703/v1.1.0/sub-SD022/ses-01/ieeg/sub-SD022_ses-01_task-PassiveListen_ieeg.edf,/home/fanyu/auditory_simulation_m6a/data/ds004703/v1.1.0/stimuli/excerpts/Block 2/s0703b-ex01_normed.wav,s0703b-ex01,METADATA_ONLY,PASS_WITH_LIMITATION,
ds004703,sub-SD022_ses-01_task-PassiveListen__trial-19,/home/fanyu/auditory_simulation_m6a/data/ds004703/v1.1.0/sub-SD022/ses-01/ieeg/sub-SD022_ses-01_task-PassiveListen_ieeg.edf,/home/fanyu/auditory_simulation_m6a/data/ds004703/v1.1.0/stimuli/excerpts/Block 2/s3903b-ex01_normed.wav,s3903b-ex01,METADATA_ONLY,PASS_WITH_LIMITATION,
ds004703,sub-SD022_ses-01_task-PassiveListen__trial-20,/home/fanyu/auditory_simulation_m6a/data/ds004703/v1.1.0/sub-SD022/ses-01/ieeg/sub-SD022_ses-01_task-PassiveListen_ieeg.edf,/home/fanyu/auditory_simulation_m6a/data/ds004703/v1.1.0/stimuli/excerpts/Block 2/s4003b-ex01_normed.wav,s4003b-ex01,METADATA_ONLY,PASS_WITH_LIMITATION,
ds004703,sub-SD022_ses-01_task-PassiveListen__trial-21,/home/fanyu/auditory_simulation_m6a/data/ds004703/v1.1.0/sub-SD022/ses-01/ieeg/sub-SD022_ses-01_task-PassiveListen_ieeg.edf,/home/fanyu/auditory_simulation_m6a/data/ds004703/v1.1.0/stimuli/excerpts/Block 2/s3301a-ex01_normed.wav,s3301a-ex01,METADATA_ONLY,PASS_WITH_LIMITATION,
ds004703,sub-SD022_ses-01_task-PassiveListen__trial-22,/home/fanyu/auditory_simulation_m6a/data/ds004703/v1.1.0/sub-SD022/ses-01/ieeg/sub-SD022_ses-01_task-PassiveListen_ieeg.edf,/home/fanyu/auditory_simulation_m6a/data/ds004703/v1.1.0/stimuli/pleasePressSpace_normed.wav,pleasePressSpace,METADATA_ONLY,EXCLUDED,CONTROL_NOT_PASSAGE
ds004703,sub-SD022_ses-01_task-PassiveListen__trial-23,/home/fanyu/auditory_simulation_m6a/data/ds004703/v1.1.0/sub-SD022/ses-01/ieeg/sub-SD022_ses-01_task-PassiveListen_ieeg.edf,/home/fanyu/auditory_simulation_m6a/data/ds004703/v1.1.0/stimuli/excerpts/Block 2/catalan-f01_normed.wav,catalan-f01,METADATA_ONLY,EXCLUDED,CATALAN_PLAYED_AUDIO_PROVENANCE_CONFLICT;AUDIO_TEMPLATE_DURATION
ds004703,sub-SD022_ses-01_task-PassiveListen__trial-24,/home/fanyu/auditory_simulation_m6a/data/ds004703/v1.1.0/sub-SD022/ses-01/ieeg/sub-SD022_ses-01_task-PassiveListen_ieeg.edf,/home/fanyu/auditory_simulation_m6a/data/ds004703/v1.1.0/stimuli/excerpts/Block 3/s3201a-ex01_normed.wav,s3201a-ex01,METADATA_ONLY,PASS_WITH_LIMITATION,
ds004703,sub-SD022_ses-01_task-PassiveListen__trial-25,/home/fanyu/auditory_simulation_m6a/data/ds004703/v1.1.0/sub-SD022/ses-01/ieeg/sub-SD022_ses-01_task-PassiveListen_ieeg.edf,/home/fanyu/auditory_simulation_m6a/data/ds004703/v1.1.0/stimuli/excerpts/Block 3/s3703b-ex01_normed.wav,s3703b-ex01,METADATA_ONLY,PASS_WITH_LIMITATION,
ds004703,sub-SD022_ses-01_task-PassiveListen__trial-26,/home/fanyu/auditory_simulation_m6a/data/ds004703/v1.1.0/sub-SD022/ses-01/ieeg/sub-SD022_ses-01_task-PassiveListen_ieeg.edf,/home/fanyu/auditory_simulation_m6a/data/ds004703/v1.1.0/stimuli/excerpts/Block 3/s1001a-ex01_normed.wav,s1001a-ex01,METADATA_ONLY,PASS_WITH_LIMITATION,
ds004703,sub-SD022_ses-01_task-PassiveListen__trial-27,/home/fanyu/auditory_simulation_m6a/data/ds004703/v1.1.0/sub-SD022/ses-01/ieeg/sub-SD022_ses-01_task-PassiveListen_ieeg.edf,/home/fanyu/auditory_simulation_m6a/data/ds004703/v1.1.0/stimuli/pleasePressSpace_normed.wav,pleasePressSpace,METADATA_ONLY,EXCLUDED,CONTROL_NOT_PASSAGE
ds004703,sub-SD022_ses-01_task-PassiveListen__trial-28,/home/fanyu/auditory_simulation_m6a/data/ds004703/v1.1.0/sub-SD022/ses-01/ieeg/sub-SD022_ses-01_task-PassiveListen_ieeg.edf,/home/fanyu/auditory_simulation_m6a/data/ds004703/v1.1.0/stimuli/excerpts/Block 3/catalan-m02_normed.wav,catalan-m02,METADATA_ONLY,EXCLUDED,CATALAN_PLAYED_AUDIO_PROVENANCE_CONFLICT;AUDIO_TEMPLATE_DURATION
ds004703,sub-SD022_ses-01_task-PassiveListen__trial-29,/home/fanyu/auditory_simulation_m6a/data/ds004703/v1.1.0/sub-SD022/ses-01/ieeg/sub-SD022_ses-01_task-PassiveListen_ieeg.edf,/home/fanyu/auditory_simulation_m6a/data/ds004703/v1.1.0/stimuli/excerpts/Block 3/s1401a-ex02_normed.wav,s1401a-ex02,METADATA_ONLY,PASS_WITH_LIMITATION,
ds004703,sub-SD022_ses-01_task-PassiveListen__trial-30,/home/fanyu/auditory_simulation_m6a/data/ds004703/v1.1.0/sub-SD022/ses-01/ieeg/sub-SD022_ses-01_task-PassiveListen_ieeg.edf,/home/fanyu/auditory_simulation_m6a/data/ds004703/v1.1.0/stimuli/excerpts/Block 3/s3301a-ex02_normed.wav,s3301a-ex02,METADATA_ONLY,PASS_WITH_LIMITATION,
ds004703,sub-SD022_ses-01_task-PassiveListen__trial-31,/home/fanyu/auditory_simulation_m6a/data/ds004703/v1.1.0/sub-SD022/ses-01/ieeg/sub-SD022_ses-01_task-PassiveListen_ieeg.edf,/home/fanyu/auditory_simulation_m6a/data/ds004703/v1.1.0/stimuli/excerpts/Block 3/s3903b-ex02_normed.wav,s3903b-ex02,METADATA_ONLY,PASS_WITH_LIMITATION,
ds004703,sub-SD022_ses-01_task-PassiveListen__trial-32,/home/fanyu/auditory_simulation_m6a/data/ds004703/v1.1.0/sub-SD022/ses-01/ieeg/sub-SD022_ses-01_task-PassiveListen_ieeg.edf,/home/fanyu/auditory_simulation_m6a/data/ds004703/v1.1.0/stimuli/excerpts/Block 3/s1501a-ex01_normed.wav,s1501a-ex01,METADATA_ONLY,PASS_WITH_LIMITATION,
ds004703,sub-SD022_ses-01_task-PassiveListen__trial-33,/home/fanyu/auditory_simulation_m6a/data/ds004703/v1.1.0/sub-SD022/ses-01/ieeg/sub-SD022_ses-01_task-PassiveListen_ieeg.edf,/home/fanyu/auditory_simulation_m6a/data/ds004703/v1.1.0/stimuli/excerpts/Block 3/s1303a-ex02_normed.wav,s1303a-ex02,METADATA_ONLY,PASS_WITH_LIMITATION,
ds004703,sub-SD022_ses-01_task-PassiveListen__trial-34,/home/fanyu/auditory_simulation_m6a/data/ds004703/v1.1.0/sub-SD022/ses-01/ieeg/sub-SD022_ses-01_task-PassiveListen_ieeg.edf,/home/fanyu/auditory_simulation_m6a/data/ds004703/v1.1.0/stimuli/excerpts/Block 4/s3802a-ex01_normed.wav,s3802a-ex01,METADATA_ONLY,PASS_WITH_LIMITATION,
ds004703,sub-SD022_ses-01_task-PassiveListen__trial-35,/home/fanyu/auditory_simulation_m6a/data/ds004703/v1.1.0/sub-SD022/ses-01/ieeg/sub-SD022_ses-01_task-PassiveListen_ieeg.edf,/home/fanyu/auditory_simulation_m6a/data/ds004703/v1.1.0/stimuli/excerpts/Block 4/s0202b-ex01_normed.wav,s0202b-ex01,METADATA_ONLY,PASS_WITH_LIMITATION,
ds004703,sub-SD022_ses-01_task-PassiveListen__trial-36,/home/fanyu/auditory_simulation_m6a/data/ds004703/v1.1.0/sub-SD022/ses-01/ieeg/sub-SD022_ses-01_task-PassiveListen_ieeg.edf,/home/fanyu/auditory_simulation_m6a/data/ds004703/v1.1.0/stimuli/pleasePressSpace_normed.wav,pleasePressSpace,METADATA_ONLY,EXCLUDED,CONTROL_NOT_PASSAGE
ds004703,sub-SD022_ses-01_task-PassiveListen__trial-37,/home/fanyu/auditory_simulation_m6a/data/ds004703/v1.1.0/sub-SD022/ses-01/ieeg/sub-SD022_ses-01_task-PassiveListen_ieeg.edf,/home/fanyu/auditory_simulation_m6a/data/ds004703/v1.1.0/stimuli/excerpts/Block 4/catalan-f02_normed.wav,catalan-f02,METADATA_ONLY,EXCLUDED,CATALAN_PLAYED_AUDIO_PROVENANCE_CONFLICT;AUDIO_TEMPLATE_DURATION
ds004703,sub-SD022_ses-01_task-PassiveListen__trial-38,/home/fanyu/auditory_simulation_m6a/data/ds004703/v1.1.0/sub-SD022/ses-01/ieeg/sub-SD022_ses-01_task-PassiveListen_ieeg.edf,/home/fanyu/auditory_simulation_m6a/data/ds004703/v1.1.0/stimuli/excerpts/Block 4/s3102b-ex01_normed.wav,s3102b-ex01,METADATA_ONLY,PASS_WITH_LIMITATION,
ds004703,sub-SD022_ses-01_task-PassiveListen__trial-39,/home/fanyu/auditory_simulation_m6a/data/ds004703/v1.1.0/sub-SD022/ses-01/ieeg/sub-SD022_ses-01_task-PassiveListen_ieeg.edf,/home/fanyu/auditory_simulation_m6a/data/ds004703/v1.1.0/stimuli/excerpts/Block 4/s2801a-ex01_normed.wav,s2801a-ex01,METADATA_ONLY,PASS_WITH_LIMITATION,
ds004703,sub-SD022_ses-01_task-PassiveListen__trial-40,/home/fanyu/auditory_simulation_m6a/data/ds004703/v1.1.0/sub-SD022/ses-01/ieeg/sub-SD022_ses-01_task-PassiveListen_ieeg.edf,/home/fanyu/auditory_simulation_m6a/data/ds004703/v1.1.0/stimuli/excerpts/Block 4/s0702a-ex01_normed.wav,s0702a-ex01,METADATA_ONLY,PASS_WITH_LIMITATION,
ds004703,sub-SD022_ses-01_task-PassiveListen__trial-41,/home/fanyu/auditory_simulation_m6a/data/ds004703/v1.1.0/sub-SD022/ses-01/ieeg/sub-SD022_ses-01_task-PassiveListen_ieeg.edf,/home/fanyu/auditory_simulation_m6a/data/ds004703/v1.1.0/stimuli/excerpts/Block 4/s2102a-ex03_normed.wav,s2102a-ex03,METADATA_ONLY,PASS_WITH_LIMITATION,
ds004703,sub-SD022_ses-01_task-PassiveListen__trial-42,/home/fanyu/auditory_simulation_m6a/data/ds004703/v1.1.0/sub-SD022/ses-01/ieeg/sub-SD022_ses-01_task-PassiveListen_ieeg.edf,/home/fanyu/auditory_simulation_m6a/data/ds004703/v1.1.0/stimuli/excerpts/Block 4/s3902a-ex01_normed.wav,s3902a-ex01,METADATA_ONLY,PASS_WITH_LIMITATION,
ds004703,sub-SD022_ses-01_task-PassiveListen__trial-43,/home/fanyu/auditory_simulation_m6a/data/ds004703/v1.1.0/sub-SD022/ses-01/ieeg/sub-SD022_ses-01_task-PassiveListen_ieeg.edf,/home/fanyu/auditory_simulation_m6a/data/ds004703/v1.1.0/stimuli/excerpts/Block 4/s1604a-ex01_normed.wav,s1604a-ex01,METADATA_ONLY,PASS_WITH_LIMITATION,
ds004703,sub-SD022_ses-01_task-PassiveListen__trial-44,/home/fanyu/auditory_simulation_m6a/data/ds004703/v1.1.0/sub-SD022/ses-01/ieeg/sub-SD022_ses-01_task-PassiveListen_ieeg.edf,/home/fanyu/auditory_simulation_m6a/data/ds004703/v1.1.0/stimuli/excerpts/Block 5/s1401b-ex01_normed.wav,s1401b-ex01,METADATA_ONLY,PASS_WITH_LIMITATION,
ds004703,sub-SD022_ses-01_task-PassiveListen__trial-45,/home/fanyu/auditory_simulation_m6a/data/ds004703/v1.1.0/sub-SD022/ses-01/ieeg/sub-SD022_ses-01_task-PassiveListen_ieeg.edf,/home/fanyu/auditory_simulation_m6a/data/ds004703/v1.1.0/stimuli/excerpts/Block 5/s1202b-ex01_normed.wav,s1202b-ex01,METADATA_ONLY,PASS_WITH_LIMITATION,
ds004703,sub-SD022_ses-01_task-PassiveListen__trial-46,/home/fanyu/auditory_simulation_m6a/data/ds004703/v1.1.0/sub-SD022/ses-01/ieeg/sub-SD022_ses-01_task-PassiveListen_ieeg.edf,/home/fanyu/auditory_simulation_m6a/data/ds004703/v1.1.0/stimuli/pleasePressSpace_normed.wav,pleasePressSpace,METADATA_ONLY,EXCLUDED,CONTROL_NOT_PASSAGE
ds004703,sub-SD022_ses-01_task-PassiveListen__trial-47,/home/fanyu/auditory_simulation_m6a/data/ds004703/v1.1.0/sub-SD022/ses-01/ieeg/sub-SD022_ses-01_task-PassiveListen_ieeg.edf,/home/fanyu/auditory_simulation_m6a/data/ds004703/v1.1.0/stimuli/excerpts/Block 5/catalan-m03_normed.wav,catalan-m03,METADATA_ONLY,EXCLUDED,CATALAN_PLAYED_AUDIO_PROVENANCE_CONFLICT;AUDIO_TEMPLATE_DURATION
ds004703,sub-SD022_ses-01_task-PassiveListen__trial-48,/home/fanyu/auditory_simulation_m6a/data/ds004703/v1.1.0/sub-SD022/ses-01/ieeg/sub-SD022_ses-01_task-PassiveListen_ieeg.edf,/home/fanyu/auditory_simulation_m6a/data/ds004703/v1.1.0/stimuli/excerpts/Block 5/s1503a-ex01_normed.wav,s1503a-ex01,METADATA_ONLY,PASS_WITH_LIMITATION,
ds004703,sub-SD022_ses-01_task-PassiveListen__trial-49,/home/fanyu/auditory_simulation_m6a/data/ds004703/v1.1.0/sub-SD022/ses-01/ieeg/sub-SD022_ses-01_task-PassiveListen_ieeg.edf,/home/fanyu/auditory_simulation_m6a/data/ds004703/v1.1.0/stimuli/excerpts/Block 5/s3003a-ex01_normed.wav,s3003a-ex01,METADATA_ONLY,PASS_WITH_LIMITATION,
ds004703,sub-SD022_ses-01_task-PassiveListen__trial-50,/home/fanyu/auditory_simulation_m6a/data/ds004703/v1.1.0/sub-SD022/ses-01/ieeg/sub-SD022_ses-01_task-PassiveListen_ieeg.edf,/home/fanyu/auditory_simulation_m6a/data/ds004703/v1.1.0/stimuli/excerpts/Block 5/s1703b-ex01_normed.wav,s1703b-ex01,METADATA_ONLY,PASS_WITH_LIMITATION,
ds004703,sub-SD022_ses-01_task-PassiveListen__trial-51,/home/fanyu/auditory_simulation_m6a/data/ds004703/v1.1.0/sub-SD022/ses-01/ieeg/sub-SD022_ses-01_task-PassiveListen_ieeg.edf,/home/fanyu/auditory_simulation_m6a/data/ds004703/v1.1.0/stimuli/excerpts/Block 5/s0802b-ex01_normed.wav,s0802b-ex01,METADATA_ONLY,PASS_WITH_LIMITATION,
ds004703,sub-SD022_ses-01_task-PassiveListen__trial-52,/home/fanyu/auditory_simulation_m6a/data/ds004703/v1.1.0/sub-SD022/ses-01/ieeg/sub-SD022_ses-01_task-PassiveListen_ieeg.edf,/home/fanyu/auditory_simulation_m6a/data/ds004703/v1.1.0/stimuli/excerpts/Block 5/s1103a-ex01_normed.wav,s1103a-ex01,METADATA_ONLY,PASS_WITH_LIMITATION,
ds004703,sub-SD022_ses-01_task-PassiveListen__trial-53,/home/fanyu/auditory_simulation_m6a/data/ds004703/v1.1.0/sub-SD022/ses-01/ieeg/sub-SD022_ses-01_task-PassiveListen_ieeg.edf,/home/fanyu/auditory_simulation_m6a/data/ds004703/v1.1.0/stimuli/excerpts/Block 5/s0203b-ex01_normed.wav,s0203b-ex01,METADATA_ONLY,PASS_WITH_LIMITATION,
ds004703,sub-SD022_ses-01_task-PassiveListen__trial-54,/home/fanyu/auditory_simulation_m6a/data/ds004703/v1.1.0/sub-SD022/ses-01/ieeg/sub-SD022_ses-01_task-PassiveListen_ieeg.edf,/home/fanyu/auditory_simulation_m6a/data/ds004703/v1.1.0/stimuli/excerpts/Block 6/s3003a-ex02_normed.wav,s3003a-ex02,METADATA_ONLY,PASS_WITH_LIMITATION,
ds004703,sub-SD022_ses-01_task-PassiveListen__trial-55,/home/fanyu/auditory_simulation_m6a/data/ds004703/v1.1.0/sub-SD022/ses-01/ieeg/sub-SD022_ses-01_task-PassiveListen_ieeg.edf,/home/fanyu/auditory_simulation_m6a/data/ds004703/v1.1.0/stimuli/excerpts/Block 6/s0305a-ex01_normed.wav,s0305a-ex01,METADATA_ONLY,PASS_WITH_LIMITATION,
ds004703,sub-SD022_ses-01_task-PassiveListen__trial-56,/home/fanyu/auditory_simulation_m6a/data/ds004703/v1.1.0/sub-SD022/ses-01/ieeg/sub-SD022_ses-01_task-PassiveListen_ieeg.edf,/home/fanyu/auditory_simulation_m6a/data/ds004703/v1.1.0/stimuli/excerpts/Block 6/s2302b-ex01_normed.wav,s2302b-ex01,METADATA_ONLY,PASS_WITH_LIMITATION,
ds004703,sub-SD022_ses-01_task-PassiveListen__trial-57,/home/fanyu/auditory_simulation_m6a/data/ds004703/v1.1.0/sub-SD022/ses-01/ieeg/sub-SD022_ses-01_task-PassiveListen_ieeg.edf,/home/fanyu/auditory_simulation_m6a/data/ds004703/v1.1.0/stimuli/excerpts/Block 6/s0901b-ex01_normed.wav,s0901b-ex01,METADATA_ONLY,PASS_WITH_LIMITATION,
ds004703,sub-SD022_ses-01_task-PassiveListen__trial-58,/home/fanyu/auditory_simulation_m6a/data/ds004703/v1.1.0/sub-SD022/ses-01/ieeg/sub-SD022_ses-01_task-PassiveListen_ieeg.edf,/home/fanyu/auditory_simulation_m6a/data/ds004703/v1.1.0/stimuli/excerpts/Block 6/s1203a-ex01_normed.wav,s1203a-ex01,METADATA_ONLY,PASS_WITH_LIMITATION,
ds004703,sub-SD022_ses-01_task-PassiveListen__trial-59,/home/fanyu/auditory_simulation_m6a/data/ds004703/v1.1.0/sub-SD022/ses-01/ieeg/sub-SD022_ses-01_task-PassiveListen_ieeg.edf,/home/fanyu/auditory_simulation_m6a/data/ds004703/v1.1.0/stimuli/excerpts/Block 6/s1702b-ex01_normed.wav,s1702b-ex01,METADATA_ONLY,PASS_WITH_LIMITATION,
ds004703,sub-SD022_ses-01_task-PassiveListen__trial-60,/home/fanyu/auditory_simulation_m6a/data/ds004703/v1.1.0/sub-SD022/ses-01/ieeg/sub-SD022_ses-01_task-PassiveListen_ieeg.edf,/home/fanyu/auditory_simulation_m6a/data/ds004703/v1.1.0/stimuli/excerpts/Block 6/s1503a-ex02_normed.wav,s1503a-ex02,METADATA_ONLY,PASS_WITH_LIMITATION,
ds004703,sub-SD022_ses-01_task-PassiveListen__trial-61,/home/fanyu/auditory_simulation_m6a/data/ds004703/v1.1.0/sub-SD022/ses-01/ieeg/sub-SD022_ses-01_task-PassiveListen_ieeg.edf,/home/fanyu/auditory_simulation_m6a/data/ds004703/v1.1.0/stimuli/pleasePressSpace_normed.wav,pleasePressSpace,METADATA_ONLY,EXCLUDED,CONTROL_NOT_PASSAGE
ds004703,sub-SD022_ses-01_task-PassiveListen__trial-62,/home/fanyu/auditory_simulation_m6a/data/ds004703/v1.1.0/sub-SD022/ses-01/ieeg/sub-SD022_ses-01_task-PassiveListen_ieeg.edf,/home/fanyu/auditory_simulation_m6a/data/ds004703/v1.1.0/stimuli/excerpts/Block 6/catalan-f03_normed.wav,catalan-f03,METADATA_ONLY,EXCLUDED,CATALAN_PLAYED_AUDIO_PROVENANCE_CONFLICT;AUDIO_TEMPLATE_DURATION
ds004703,sub-SD022_ses-01_task-PassiveListen__trial-63,/home/fanyu/auditory_simulation_m6a/data/ds004703/v1.1.0/sub-SD022/ses-01/ieeg/sub-SD022_ses-01_task-PassiveListen_ieeg.edf,/home/fanyu/auditory_simulation_m6a/data/ds004703/v1.1.0/stimuli/excerpts/Block 6/s3801a-ex01_normed.wav,s3801a-ex01,METADATA_ONLY,PASS_WITH_LIMITATION,
SparrKULee,sub-001_ses-shortstories01_task-listeningActive_run-01_desc-preproc-audio-audiobook_5_1_eeg.npy,/home/fanyu/auditory_simulation_m6a/pub_01/s06/sparrkulee_v3.1/raw/derivatives/preprocessed_eeg/sub-001/ses-shortstories01/sub-001_ses-shortstories01_task-listeningActive_run-01_desc-preproc-audio-audiobook_5_1_eeg.npy,/home/fanyu/auditory_simulation_m6a/pub_01/s06/sparrkulee_v3.1/raw/derivatives/preprocessed_stimuli/audiobook_5_1_envelope.npy,audiobook_5_1,PUBLISHER_MAPPING_AND_COMMON_OVERLAP,PASS_WITH_LIMITATION,WITHIN_3S_ADVISORY; data_dict=PASS_STIMULUS_PROVENANCE; historical_generator_UNKNOWN
SparrKULee,sub-001_ses-shortstories01_task-listeningActive_run-02_desc-preproc-audio-audiobook_5_2_eeg.npy,/home/fanyu/auditory_simulation_m6a/pub_01/s06/sparrkulee_v3.1/raw/derivatives/preprocessed_eeg/sub-001/ses-shortstories01/sub-001_ses-shortstories01_task-listeningActive_run-02_desc-preproc-audio-audiobook_5_2_eeg.npy,/home/fanyu/auditory_simulation_m6a/pub_01/s06/sparrkulee_v3.1/raw/derivatives/preprocessed_stimuli/audiobook_5_2_envelope.npy,audiobook_5_2,PUBLISHER_MAPPING_AND_COMMON_OVERLAP,PASS_WITH_LIMITATION,WITHIN_3S_ADVISORY; data_dict=PASS_STIMULUS_PROVENANCE; historical_generator_UNKNOWN
SparrKULee,sub-001_ses-shortstories01_task-listeningActive_run-03_desc-preproc-audio-audiobook_5_3_eeg.npy,/home/fanyu/auditory_simulation_m6a/pub_01/s06/sparrkulee_v3.1/raw/derivatives/preprocessed_eeg/sub-001/ses-shortstories01/sub-001_ses-shortstories01_task-listeningActive_run-03_desc-preproc-audio-audiobook_5_3_eeg.npy,/home/fanyu/auditory_simulation_m6a/pub_01/s06/sparrkulee_v3.1/raw/derivatives/preprocessed_stimuli/audiobook_5_3_envelope.npy,audiobook_5_3,PUBLISHER_MAPPING_AND_COMMON_OVERLAP,PASS_WITH_LIMITATION,WITHIN_3S_ADVISORY; data_dict=PASS_STIMULUS_PROVENANCE; historical_generator_UNKNOWN
SparrKULee,sub-001_ses-shortstories01_task-listeningActive_run-04_desc-preproc-audio-audiobook_1_eeg.npy,/home/fanyu/auditory_simulation_m6a/pub_01/s06/sparrkulee_v3.1/raw/derivatives/preprocessed_eeg/sub-001/ses-shortstories01/sub-001_ses-shortstories01_task-listeningActive_run-04_desc-preproc-audio-audiobook_1_eeg.npy,/home/fanyu/auditory_simulation_m6a/pub_01/s06/sparrkulee_v3.1/raw/derivatives/preprocessed_stimuli/audiobook_1_envelope.npy,audiobook_1,PUBLISHER_MAPPING_AND_COMMON_OVERLAP,PASS_WITH_LIMITATION,WITHIN_3S_ADVISORY; data_dict=PASS_STIMULUS_PROVENANCE; historical_generator_UNKNOWN
SparrKULee,sub-001_ses-shortstories01_task-listeningActive_run-05_desc-preproc-audio-audiobook_2_1_eeg.npy,/home/fanyu/auditory_simulation_m6a/pub_01/s06/sparrkulee_v3.1/raw/derivatives/preprocessed_eeg/sub-001/ses-shortstories01/sub-001_ses-shortstories01_task-listeningActive_run-05_desc-preproc-audio-audiobook_2_1_eeg.npy,/home/fanyu/auditory_simulation_m6a/pub_01/s06/sparrkulee_v3.1/raw/derivatives/preprocessed_stimuli/audiobook_2_1_envelope.npy,audiobook_2_1,PUBLISHER_MAPPING_AND_COMMON_OVERLAP,PASS_WITH_LIMITATION,WITHIN_3S_ADVISORY; data_dict=PASS_STIMULUS_PROVENANCE; historical_generator_UNKNOWN
SparrKULee,sub-001_ses-shortstories01_task-listeningActive_run-06_desc-preproc-audio-audiobook_2_2_eeg.npy,/home/fanyu/auditory_simulation_m6a/pub_01/s06/sparrkulee_v3.1/raw/derivatives/preprocessed_eeg/sub-001/ses-shortstories01/sub-001_ses-shortstories01_task-listeningActive_run-06_desc-preproc-audio-audiobook_2_2_eeg.npy,/home/fanyu/auditory_simulation_m6a/pub_01/s06/sparrkulee_v3.1/raw/derivatives/preprocessed_stimuli/audiobook_2_2_envelope.npy,audiobook_2_2,PUBLISHER_MAPPING_AND_COMMON_OVERLAP,PASS_WITH_LIMITATION,LARGE_TAIL_REVIEW; data_dict=PASS_STIMULUS_PROVENANCE; historical_generator_UNKNOWN
SparrKULee,sub-001_ses-shortstories01_task-listeningActive_run-07_desc-preproc-audio-audiobook_4_eeg.npy,/home/fanyu/auditory_simulation_m6a/pub_01/s06/sparrkulee_v3.1/raw/derivatives/preprocessed_eeg/sub-001/ses-shortstories01/sub-001_ses-shortstories01_task-listeningActive_run-07_desc-preproc-audio-audiobook_4_eeg.npy,/home/fanyu/auditory_simulation_m6a/pub_01/s06/sparrkulee_v3.1/raw/derivatives/preprocessed_stimuli/audiobook_4_envelope.npy,audiobook_4,PUBLISHER_MAPPING_AND_COMMON_OVERLAP,PASS_WITH_LIMITATION,WITHIN_3S_ADVISORY; data_dict=PASS_STIMULUS_PROVENANCE; historical_generator_UNKNOWN
SparrKULee,sub-001_ses-shortstories01_task-listeningActive_run-08_desc-preproc-audio-audiobook_3_eeg.npy,/home/fanyu/auditory_simulation_m6a/pub_01/s06/sparrkulee_v3.1/raw/derivatives/preprocessed_eeg/sub-001/ses-shortstories01/sub-001_ses-shortstories01_task-listeningActive_run-08_desc-preproc-audio-audiobook_3_eeg.npy,/home/fanyu/auditory_simulation_m6a/pub_01/s06/sparrkulee_v3.1/raw/derivatives/preprocessed_stimuli/audiobook_3_envelope.npy,audiobook_3,PUBLISHER_MAPPING_AND_COMMON_OVERLAP,PASS_WITH_LIMITATION,WITHIN_3S_ADVISORY; data_dict=PASS_STIMULUS_PROVENANCE; historical_generator_UNKNOWN
SparrKULee,sub-001_ses-shortstories01_task-listeningActive_run-09_desc-preproc-audio-audiobook_6_1_eeg.npy,/home/fanyu/auditory_simulation_m6a/pub_01/s06/sparrkulee_v3.1/raw/derivatives/preprocessed_eeg/sub-001/ses-shortstories01/sub-001_ses-shortstories01_task-listeningActive_run-09_desc-preproc-audio-audiobook_6_1_eeg.npy,/home/fanyu/auditory_simulation_m6a/pub_01/s06/sparrkulee_v3.1/raw/derivatives/preprocessed_stimuli/audiobook_6_1_envelope.npy,audiobook_6_1,PUBLISHER_MAPPING_AND_COMMON_OVERLAP,PASS_WITH_LIMITATION,WITHIN_3S_ADVISORY; data_dict=PASS_STIMULUS_PROVENANCE; historical_generator_UNKNOWN
SparrKULee,sub-001_ses-shortstories01_task-listeningActive_run-10_desc-preproc-audio-audiobook_6_2_eeg.npy,/home/fanyu/auditory_simulation_m6a/pub_01/s06/sparrkulee_v3.1/raw/derivatives/preprocessed_eeg/sub-001/ses-shortstories01/sub-001_ses-shortstories01_task-listeningActive_run-10_desc-preproc-audio-audiobook_6_2_eeg.npy,/home/fanyu/auditory_simulation_m6a/pub_01/s06/sparrkulee_v3.1/raw/derivatives/preprocessed_stimuli/audiobook_6_2_envelope.npy,audiobook_6_2,PUBLISHER_MAPPING_AND_COMMON_OVERLAP,PASS_WITH_LIMITATION,WITHIN_3S_ADVISORY; data_dict=PASS_STIMULUS_PROVENANCE; historical_generator_UNKNOWN
SparrKULee,sub-002_ses-shortstories01_task-listeningActive_run-01_desc-preproc-audio-audiobook_1_artefact_eeg.npy,/home/fanyu/auditory_simulation_m6a/pub_01/s06/sparrkulee_v3.1/raw/derivatives/preprocessed_eeg/sub-002/ses-shortstories01/sub-002_ses-shortstories01_task-listeningActive_run-01_desc-preproc-audio-audiobook_1_artefact_eeg.npy,/home/fanyu/auditory_simulation_m6a/pub_01/s06/sparrkulee_v3.1/raw/derivatives/preprocessed_stimuli/audiobook_1_artefact_envelope.npy,audiobook_1_artefact,PUBLISHER_MAPPING_AND_COMMON_OVERLAP,PASS_WITH_LIMITATION,WITHIN_3S_ADVISORY; data_dict=PASS_STIMULUS_PROVENANCE; historical_generator_UNKNOWN
SparrKULee,sub-002_ses-shortstories01_task-listeningActive_run-02_desc-preproc-audio-audiobook_3_eeg.npy,/home/fanyu/auditory_simulation_m6a/pub_01/s06/sparrkulee_v3.1/raw/derivatives/preprocessed_eeg/sub-002/ses-shortstories01/sub-002_ses-shortstories01_task-listeningActive_run-02_desc-preproc-audio-audiobook_3_eeg.npy,/home/fanyu/auditory_simulation_m6a/pub_01/s06/sparrkulee_v3.1/raw/derivatives/preprocessed_stimuli/audiobook_3_envelope.npy,audiobook_3,PUBLISHER_MAPPING_AND_COMMON_OVERLAP,PASS_WITH_LIMITATION,WITHIN_3S_ADVISORY; data_dict=PASS_STIMULUS_PROVENANCE; historical_generator_UNKNOWN
SparrKULee,sub-002_ses-shortstories01_task-listeningActive_run-03_desc-preproc-audio-audiobook_1_eeg.npy,/home/fanyu/auditory_simulation_m6a/pub_01/s06/sparrkulee_v3.1/raw/derivatives/preprocessed_eeg/sub-002/ses-shortstories01/sub-002_ses-shortstories01_task-listeningActive_run-03_desc-preproc-audio-audiobook_1_eeg.npy,/home/fanyu/auditory_simulation_m6a/pub_01/s06/sparrkulee_v3.1/raw/derivatives/preprocessed_stimuli/audiobook_1_envelope.npy,audiobook_1,PUBLISHER_MAPPING_AND_COMMON_OVERLAP,PASS_WITH_LIMITATION,WITHIN_3S_ADVISORY; data_dict=PASS_STIMULUS_PROVENANCE; historical_generator_UNKNOWN
SparrKULee,sub-002_ses-shortstories01_task-listeningActive_run-04_desc-preproc-audio-audiobook_2_1_eeg.npy,/home/fanyu/auditory_simulation_m6a/pub_01/s06/sparrkulee_v3.1/raw/derivatives/preprocessed_eeg/sub-002/ses-shortstories01/sub-002_ses-shortstories01_task-listeningActive_run-04_desc-preproc-audio-audiobook_2_1_eeg.npy,/home/fanyu/auditory_simulation_m6a/pub_01/s06/sparrkulee_v3.1/raw/derivatives/preprocessed_stimuli/audiobook_2_1_envelope.npy,audiobook_2_1,PUBLISHER_MAPPING_AND_COMMON_OVERLAP,PASS_WITH_LIMITATION,WITHIN_3S_ADVISORY; data_dict=PASS_STIMULUS_PROVENANCE; historical_generator_UNKNOWN
SparrKULee,sub-002_ses-shortstories01_task-listeningActive_run-05_desc-preproc-audio-audiobook_2_2_eeg.npy,/home/fanyu/auditory_simulation_m6a/pub_01/s06/sparrkulee_v3.1/raw/derivatives/preprocessed_eeg/sub-002/ses-shortstories01/sub-002_ses-shortstories01_task-listeningActive_run-05_desc-preproc-audio-audiobook_2_2_eeg.npy,/home/fanyu/auditory_simulation_m6a/pub_01/s06/sparrkulee_v3.1/raw/derivatives/preprocessed_stimuli/audiobook_2_2_envelope.npy,audiobook_2_2,PUBLISHER_MAPPING_AND_COMMON_OVERLAP,PASS_WITH_LIMITATION,LARGE_TAIL_REVIEW; data_dict=PASS_STIMULUS_PROVENANCE; historical_generator_UNKNOWN
SparrKULee,sub-002_ses-shortstories01_task-listeningActive_run-06_desc-preproc-audio-audiobook_6_1_eeg.npy,/home/fanyu/auditory_simulation_m6a/pub_01/s06/sparrkulee_v3.1/raw/derivatives/preprocessed_eeg/sub-002/ses-shortstories01/sub-002_ses-shortstories01_task-listeningActive_run-06_desc-preproc-audio-audiobook_6_1_eeg.npy,/home/fanyu/auditory_simulation_m6a/pub_01/s06/sparrkulee_v3.1/raw/derivatives/preprocessed_stimuli/audiobook_6_1_envelope.npy,audiobook_6_1,PUBLISHER_MAPPING_AND_COMMON_OVERLAP,PASS_WITH_LIMITATION,WITHIN_3S_ADVISORY; data_dict=PASS_STIMULUS_PROVENANCE; historical_generator_UNKNOWN
SparrKULee,sub-002_ses-shortstories01_task-listeningActive_run-07_desc-preproc-audio-audiobook_6_2_eeg.npy,/home/fanyu/auditory_simulation_m6a/pub_01/s06/sparrkulee_v3.1/raw/derivatives/preprocessed_eeg/sub-002/ses-shortstories01/sub-002_ses-shortstories01_task-listeningActive_run-07_desc-preproc-audio-audiobook_6_2_eeg.npy,/home/fanyu/auditory_simulation_m6a/pub_01/s06/sparrkulee_v3.1/raw/derivatives/preprocessed_stimuli/audiobook_6_2_envelope.npy,audiobook_6_2,PUBLISHER_MAPPING_AND_COMMON_OVERLAP,PASS_WITH_LIMITATION,WITHIN_3S_ADVISORY; data_dict=PASS_STIMULUS_PROVENANCE; historical_generator_UNKNOWN
SparrKULee,sub-002_ses-shortstories01_task-listeningActive_run-08_desc-preproc-audio-audiobook_5_1_eeg.npy,/home/fanyu/auditory_simulation_m6a/pub_01/s06/sparrkulee_v3.1/raw/derivatives/preprocessed_eeg/sub-002/ses-shortstories01/sub-002_ses-shortstories01_task-listeningActive_run-08_desc-preproc-audio-audiobook_5_1_eeg.npy,/home/fanyu/auditory_simulation_m6a/pub_01/s06/sparrkulee_v3.1/raw/derivatives/preprocessed_stimuli/audiobook_5_1_envelope.npy,audiobook_5_1,PUBLISHER_MAPPING_AND_COMMON_OVERLAP,PASS_WITH_LIMITATION,WITHIN_3S_ADVISORY; data_dict=PASS_STIMULUS_PROVENANCE; historical_generator_UNKNOWN
SparrKULee,sub-002_ses-shortstories01_task-listeningActive_run-09_desc-preproc-audio-audiobook_5_2_eeg.npy,/home/fanyu/auditory_simulation_m6a/pub_01/s06/sparrkulee_v3.1/raw/derivatives/preprocessed_eeg/sub-002/ses-shortstories01/sub-002_ses-shortstories01_task-listeningActive_run-09_desc-preproc-audio-audiobook_5_2_eeg.npy,/home/fanyu/auditory_simulation_m6a/pub_01/s06/sparrkulee_v3.1/raw/derivatives/preprocessed_stimuli/audiobook_5_2_envelope.npy,audiobook_5_2,PUBLISHER_MAPPING_AND_COMMON_OVERLAP,PASS_WITH_LIMITATION,WITHIN_3S_ADVISORY; data_dict=PASS_STIMULUS_PROVENANCE; historical_generator_UNKNOWN
SparrKULee,sub-002_ses-shortstories01_task-listeningActive_run-10_desc-preproc-audio-audiobook_5_3_eeg.npy,/home/fanyu/auditory_simulation_m6a/pub_01/s06/sparrkulee_v3.1/raw/derivatives/preprocessed_eeg/sub-002/ses-shortstories01/sub-002_ses-shortstories01_task-listeningActive_run-10_desc-preproc-audio-audiobook_5_3_eeg.npy,/home/fanyu/auditory_simulation_m6a/pub_01/s06/sparrkulee_v3.1/raw/derivatives/preprocessed_stimuli/audiobook_5_3_envelope.npy,audiobook_5_3,PUBLISHER_MAPPING_AND_COMMON_OVERLAP,PASS_WITH_LIMITATION,WITHIN_3S_ADVISORY; data_dict=PASS_STIMULUS_PROVENANCE; historical_generator_UNKNOWN
SparrKULee,sub-002_ses-shortstories01_task-listeningActive_run-11_desc-preproc-audio-audiobook_4_eeg.npy,/home/fanyu/auditory_simulation_m6a/pub_01/s06/sparrkulee_v3.1/raw/derivatives/preprocessed_eeg/sub-002/ses-shortstories01/sub-002_ses-shortstories01_task-listeningActive_run-11_desc-preproc-audio-audiobook_4_eeg.npy,/home/fanyu/auditory_simulation_m6a/pub_01/s06/sparrkulee_v3.1/raw/derivatives/preprocessed_stimuli/audiobook_4_envelope.npy,audiobook_4,PUBLISHER_MAPPING_AND_COMMON_OVERLAP,PASS_WITH_LIMITATION,WITHIN_3S_ADVISORY; data_dict=PASS_STIMULUS_PROVENANCE; historical_generator_UNKNOWN
SparrKULee,sub-003_ses-shortstories01_task-listeningActive_run-01_desc-preproc-audio-audiobook_5_1_eeg.npy,/home/fanyu/auditory_simulation_m6a/pub_01/s06/sparrkulee_v3.1/raw/derivatives/preprocessed_eeg/sub-003/ses-shortstories01/sub-003_ses-shortstories01_task-listeningActive_run-01_desc-preproc-audio-audiobook_5_1_eeg.npy,/home/fanyu/auditory_simulation_m6a/pub_01/s06/sparrkulee_v3.1/raw/derivatives/preprocessed_stimuli/audiobook_5_1_envelope.npy,audiobook_5_1,PUBLISHER_MAPPING_AND_COMMON_OVERLAP,PASS_WITH_LIMITATION,WITHIN_3S_ADVISORY; data_dict=PASS_STIMULUS_PROVENANCE; historical_generator_UNKNOWN
SparrKULee,sub-003_ses-shortstories01_task-listeningActive_run-02_desc-preproc-audio-audiobook_5_2_eeg.npy,/home/fanyu/auditory_simulation_m6a/pub_01/s06/sparrkulee_v3.1/raw/derivatives/preprocessed_eeg/sub-003/ses-shortstories01/sub-003_ses-shortstories01_task-listeningActive_run-02_desc-preproc-audio-audiobook_5_2_eeg.npy,/home/fanyu/auditory_simulation_m6a/pub_01/s06/sparrkulee_v3.1/raw/derivatives/preprocessed_stimuli/audiobook_5_2_envelope.npy,audiobook_5_2,PUBLISHER_MAPPING_AND_COMMON_OVERLAP,PASS_WITH_LIMITATION,WITHIN_3S_ADVISORY; data_dict=PASS_STIMULUS_PROVENANCE; historical_generator_UNKNOWN
SparrKULee,sub-003_ses-shortstories01_task-listeningActive_run-03_desc-preproc-audio-audiobook_5_3_eeg.npy,/home/fanyu/auditory_simulation_m6a/pub_01/s06/sparrkulee_v3.1/raw/derivatives/preprocessed_eeg/sub-003/ses-shortstories01/sub-003_ses-shortstories01_task-listeningActive_run-03_desc-preproc-audio-audiobook_5_3_eeg.npy,/home/fanyu/auditory_simulation_m6a/pub_01/s06/sparrkulee_v3.1/raw/derivatives/preprocessed_stimuli/audiobook_5_3_envelope.npy,audiobook_5_3,PUBLISHER_MAPPING_AND_COMMON_OVERLAP,PASS_WITH_LIMITATION,WITHIN_3S_ADVISORY; data_dict=PASS_STIMULUS_PROVENANCE; historical_generator_UNKNOWN
SparrKULee,sub-003_ses-shortstories01_task-listeningActive_run-04_desc-preproc-audio-audiobook_1_eeg.npy,/home/fanyu/auditory_simulation_m6a/pub_01/s06/sparrkulee_v3.1/raw/derivatives/preprocessed_eeg/sub-003/ses-shortstories01/sub-003_ses-shortstories01_task-listeningActive_run-04_desc-preproc-audio-audiobook_1_eeg.npy,/home/fanyu/auditory_simulation_m6a/pub_01/s06/sparrkulee_v3.1/raw/derivatives/preprocessed_stimuli/audiobook_1_envelope.npy,audiobook_1,PUBLISHER_MAPPING_AND_COMMON_OVERLAP,PASS_WITH_LIMITATION,WITHIN_3S_ADVISORY; data_dict=PASS_STIMULUS_PROVENANCE; historical_generator_UNKNOWN
SparrKULee,sub-003_ses-shortstories01_task-listeningActive_run-05_desc-preproc-audio-audiobook_6_1_eeg.npy,/home/fanyu/auditory_simulation_m6a/pub_01/s06/sparrkulee_v3.1/raw/derivatives/preprocessed_eeg/sub-003/ses-shortstories01/sub-003_ses-shortstories01_task-listeningActive_run-05_desc-preproc-audio-audiobook_6_1_eeg.npy,/home/fanyu/auditory_simulation_m6a/pub_01/s06/sparrkulee_v3.1/raw/derivatives/preprocessed_stimuli/audiobook_6_1_envelope.npy,audiobook_6_1,PUBLISHER_MAPPING_AND_COMMON_OVERLAP,PASS_WITH_LIMITATION,WITHIN_3S_ADVISORY; data_dict=PASS_STIMULUS_PROVENANCE; historical_generator_UNKNOWN
SparrKULee,sub-003_ses-shortstories01_task-listeningActive_run-06_desc-preproc-audio-audiobook_6_2_eeg.npy,/home/fanyu/auditory_simulation_m6a/pub_01/s06/sparrkulee_v3.1/raw/derivatives/preprocessed_eeg/sub-003/ses-shortstories01/sub-003_ses-shortstories01_task-listeningActive_run-06_desc-preproc-audio-audiobook_6_2_eeg.npy,/home/fanyu/auditory_simulation_m6a/pub_01/s06/sparrkulee_v3.1/raw/derivatives/preprocessed_stimuli/audiobook_6_2_envelope.npy,audiobook_6_2,PUBLISHER_MAPPING_AND_COMMON_OVERLAP,PASS_WITH_LIMITATION,WITHIN_3S_ADVISORY; data_dict=PASS_STIMULUS_PROVENANCE; historical_generator_UNKNOWN
SparrKULee,sub-003_ses-shortstories01_task-listeningActive_run-07_desc-preproc-audio-audiobook_4_eeg.npy,/home/fanyu/auditory_simulation_m6a/pub_01/s06/sparrkulee_v3.1/raw/derivatives/preprocessed_eeg/sub-003/ses-shortstories01/sub-003_ses-shortstories01_task-listeningActive_run-07_desc-preproc-audio-audiobook_4_eeg.npy,/home/fanyu/auditory_simulation_m6a/pub_01/s06/sparrkulee_v3.1/raw/derivatives/preprocessed_stimuli/audiobook_4_envelope.npy,audiobook_4,PUBLISHER_MAPPING_AND_COMMON_OVERLAP,PASS_WITH_LIMITATION,WITHIN_3S_ADVISORY; data_dict=PASS_STIMULUS_PROVENANCE; historical_generator_UNKNOWN
SparrKULee,sub-003_ses-shortstories01_task-listeningActive_run-08_desc-preproc-audio-audiobook_3_eeg.npy,/home/fanyu/auditory_simulation_m6a/pub_01/s06/sparrkulee_v3.1/raw/derivatives/preprocessed_eeg/sub-003/ses-shortstories01/sub-003_ses-shortstories01_task-listeningActive_run-08_desc-preproc-audio-audiobook_3_eeg.npy,/home/fanyu/auditory_simulation_m6a/pub_01/s06/sparrkulee_v3.1/raw/derivatives/preprocessed_stimuli/audiobook_3_envelope.npy,audiobook_3,PUBLISHER_MAPPING_AND_COMMON_OVERLAP,PASS_WITH_LIMITATION,WITHIN_3S_ADVISORY; data_dict=PASS_STIMULUS_PROVENANCE; historical_generator_UNKNOWN
SparrKULee,sub-003_ses-shortstories01_task-listeningActive_run-09_desc-preproc-audio-audiobook_2_1_eeg.npy,/home/fanyu/auditory_simulation_m6a/pub_01/s06/sparrkulee_v3.1/raw/derivatives/preprocessed_eeg/sub-003/ses-shortstories01/sub-003_ses-shortstories01_task-listeningActive_run-09_desc-preproc-audio-audiobook_2_1_eeg.npy,/home/fanyu/auditory_simulation_m6a/pub_01/s06/sparrkulee_v3.1/raw/derivatives/preprocessed_stimuli/audiobook_2_1_envelope.npy,audiobook_2_1,PUBLISHER_MAPPING_AND_COMMON_OVERLAP,PASS_WITH_LIMITATION,WITHIN_3S_ADVISORY; data_dict=PASS_STIMULUS_PROVENANCE; historical_generator_UNKNOWN
SparrKULee,sub-003_ses-shortstories01_task-listeningActive_run-10_desc-preproc-audio-audiobook_2_2_eeg.npy,/home/fanyu/auditory_simulation_m6a/pub_01/s06/sparrkulee_v3.1/raw/derivatives/preprocessed_eeg/sub-003/ses-shortstories01/sub-003_ses-shortstories01_task-listeningActive_run-10_desc-preproc-audio-audiobook_2_2_eeg.npy,/home/fanyu/auditory_simulation_m6a/pub_01/s06/sparrkulee_v3.1/raw/derivatives/preprocessed_stimuli/audiobook_2_2_envelope.npy,audiobook_2_2,PUBLISHER_MAPPING_AND_COMMON_OVERLAP,PASS_WITH_LIMITATION,LARGE_TAIL_REVIEW; data_dict=PASS_STIMULUS_PROVENANCE; historical_generator_UNKNOWN
SparrKULee,sub-004_ses-shortstories01_task-listeningActive_run-01_desc-preproc-audio-audiobook_2_1_eeg.npy,/home/fanyu/auditory_simulation_m6a/pub_01/s06/sparrkulee_v3.1/raw/derivatives/preprocessed_eeg/sub-004/ses-shortstories01/sub-004_ses-shortstories01_task-listeningActive_run-01_desc-preproc-audio-audiobook_2_1_eeg.npy,/home/fanyu/auditory_simulation_m6a/pub_01/s06/sparrkulee_v3.1/raw/derivatives/preprocessed_stimuli/audiobook_2_1_envelope.npy,audiobook_2_1,PUBLISHER_MAPPING_AND_COMMON_OVERLAP,PASS_WITH_LIMITATION,WITHIN_3S_ADVISORY; data_dict=PASS_STIMULUS_PROVENANCE; historical_generator_UNKNOWN
SparrKULee,sub-004_ses-shortstories01_task-listeningActive_run-02_desc-preproc-audio-audiobook_2_2_eeg.npy,/home/fanyu/auditory_simulation_m6a/pub_01/s06/sparrkulee_v3.1/raw/derivatives/preprocessed_eeg/sub-004/ses-shortstories01/sub-004_ses-shortstories01_task-listeningActive_run-02_desc-preproc-audio-audiobook_2_2_eeg.npy,/home/fanyu/auditory_simulation_m6a/pub_01/s06/sparrkulee_v3.1/raw/derivatives/preprocessed_stimuli/audiobook_2_2_envelope.npy,audiobook_2_2,PUBLISHER_MAPPING_AND_COMMON_OVERLAP,PASS_WITH_LIMITATION,LARGE_TAIL_REVIEW; data_dict=PASS_STIMULUS_PROVENANCE; historical_generator_UNKNOWN
SparrKULee,sub-004_ses-shortstories01_task-listeningActive_run-03_desc-preproc-audio-audiobook_1_eeg.npy,/home/fanyu/auditory_simulation_m6a/pub_01/s06/sparrkulee_v3.1/raw/derivatives/preprocessed_eeg/sub-004/ses-shortstories01/sub-004_ses-shortstories01_task-listeningActive_run-03_desc-preproc-audio-audiobook_1_eeg.npy,/home/fanyu/auditory_simulation_m6a/pub_01/s06/sparrkulee_v3.1/raw/derivatives/preprocessed_stimuli/audiobook_1_envelope.npy,audiobook_1,PUBLISHER_MAPPING_AND_COMMON_OVERLAP,PASS_WITH_LIMITATION,WITHIN_3S_ADVISORY; data_dict=PASS_STIMULUS_PROVENANCE; historical_generator_UNKNOWN
SparrKULee,sub-004_ses-shortstories01_task-listeningActive_run-04_desc-preproc-audio-audiobook_3_eeg.npy,/home/fanyu/auditory_simulation_m6a/pub_01/s06/sparrkulee_v3.1/raw/derivatives/preprocessed_eeg/sub-004/ses-shortstories01/sub-004_ses-shortstories01_task-listeningActive_run-04_desc-preproc-audio-audiobook_3_eeg.npy,/home/fanyu/auditory_simulation_m6a/pub_01/s06/sparrkulee_v3.1/raw/derivatives/preprocessed_stimuli/audiobook_3_envelope.npy,audiobook_3,PUBLISHER_MAPPING_AND_COMMON_OVERLAP,PASS_WITH_LIMITATION,WITHIN_3S_ADVISORY; data_dict=PASS_STIMULUS_PROVENANCE; historical_generator_UNKNOWN
SparrKULee,sub-005_ses-shortstories01_task-listeningActive_run-01_desc-preproc-audio-audiobook_6_1_eeg.npy,/home/fanyu/auditory_simulation_m6a/pub_01/s06/sparrkulee_v3.1/raw/derivatives/preprocessed_eeg/sub-005/ses-shortstories01/sub-005_ses-shortstories01_task-listeningActive_run-01_desc-preproc-audio-audiobook_6_1_eeg.npy,/home/fanyu/auditory_simulation_m6a/pub_01/s06/sparrkulee_v3.1/raw/derivatives/preprocessed_stimuli/audiobook_6_1_envelope.npy,audiobook_6_1,PUBLISHER_MAPPING_AND_COMMON_OVERLAP,PASS_WITH_LIMITATION,WITHIN_3S_ADVISORY; data_dict=PASS_STIMULUS_PROVENANCE; historical_generator_UNKNOWN
SparrKULee,sub-005_ses-shortstories01_task-listeningActive_run-02_desc-preproc-audio-audiobook_6_2_eeg.npy,/home/fanyu/auditory_simulation_m6a/pub_01/s06/sparrkulee_v3.1/raw/derivatives/preprocessed_eeg/sub-005/ses-shortstories01/sub-005_ses-shortstories01_task-listeningActive_run-02_desc-preproc-audio-audiobook_6_2_eeg.npy,/home/fanyu/auditory_simulation_m6a/pub_01/s06/sparrkulee_v3.1/raw/derivatives/preprocessed_stimuli/audiobook_6_2_envelope.npy,audiobook_6_2,PUBLISHER_MAPPING_AND_COMMON_OVERLAP,PASS_WITH_LIMITATION,WITHIN_3S_ADVISORY; data_dict=PASS_STIMULUS_PROVENANCE; historical_generator_UNKNOWN
SparrKULee,sub-005_ses-shortstories01_task-listeningActive_run-03_desc-preproc-audio-audiobook_5_1_eeg.npy,/home/fanyu/auditory_simulation_m6a/pub_01/s06/sparrkulee_v3.1/raw/derivatives/preprocessed_eeg/sub-005/ses-shortstories01/sub-005_ses-shortstories01_task-listeningActive_run-03_desc-preproc-audio-audiobook_5_1_eeg.npy,/home/fanyu/auditory_simulation_m6a/pub_01/s06/sparrkulee_v3.1/raw/derivatives/preprocessed_stimuli/audiobook_5_1_envelope.npy,audiobook_5_1,PUBLISHER_MAPPING_AND_COMMON_OVERLAP,PASS_WITH_LIMITATION,WITHIN_3S_ADVISORY; data_dict=PASS_STIMULUS_PROVENANCE; historical_generator_UNKNOWN
SparrKULee,sub-005_ses-shortstories01_task-listeningActive_run-04_desc-preproc-audio-audiobook_5_2_eeg.npy,/home/fanyu/auditory_simulation_m6a/pub_01/s06/sparrkulee_v3.1/raw/derivatives/preprocessed_eeg/sub-005/ses-shortstories01/sub-005_ses-shortstories01_task-listeningActive_run-04_desc-preproc-audio-audiobook_5_2_eeg.npy,/home/fanyu/auditory_simulation_m6a/pub_01/s06/sparrkulee_v3.1/raw/derivatives/preprocessed_stimuli/audiobook_5_2_envelope.npy,audiobook_5_2,PUBLISHER_MAPPING_AND_COMMON_OVERLAP,PASS_WITH_LIMITATION,WITHIN_3S_ADVISORY; data_dict=PASS_STIMULUS_PROVENANCE; historical_generator_UNKNOWN
SparrKULee,sub-005_ses-shortstories01_task-listeningActive_run-05_desc-preproc-audio-audiobook_5_3_eeg.npy,/home/fanyu/auditory_simulation_m6a/pub_01/s06/sparrkulee_v3.1/raw/derivatives/preprocessed_eeg/sub-005/ses-shortstories01/sub-005_ses-shortstories01_task-listeningActive_run-05_desc-preproc-audio-audiobook_5_3_eeg.npy,/home/fanyu/auditory_simulation_m6a/pub_01/s06/sparrkulee_v3.1/raw/derivatives/preprocessed_stimuli/audiobook_5_3_envelope.npy,audiobook_5_3,PUBLISHER_MAPPING_AND_COMMON_OVERLAP,PASS_WITH_LIMITATION,WITHIN_3S_ADVISORY; data_dict=PASS_STIMULUS_PROVENANCE; historical_generator_UNKNOWN
SparrKULee,sub-005_ses-shortstories01_task-listeningActive_run-06_desc-preproc-audio-audiobook_1_eeg.npy,/home/fanyu/auditory_simulation_m6a/pub_01/s06/sparrkulee_v3.1/raw/derivatives/preprocessed_eeg/sub-005/ses-shortstories01/sub-005_ses-shortstories01_task-listeningActive_run-06_desc-preproc-audio-audiobook_1_eeg.npy,/home/fanyu/auditory_simulation_m6a/pub_01/s06/sparrkulee_v3.1/raw/derivatives/preprocessed_stimuli/audiobook_1_envelope.npy,audiobook_1,PUBLISHER_MAPPING_AND_COMMON_OVERLAP,PASS_WITH_LIMITATION,WITHIN_3S_ADVISORY; data_dict=PASS_STIMULUS_PROVENANCE; historical_generator_UNKNOWN
SparrKULee,sub-005_ses-shortstories01_task-listeningActive_run-07_desc-preproc-audio-audiobook_2_1_eeg.npy,/home/fanyu/auditory_simulation_m6a/pub_01/s06/sparrkulee_v3.1/raw/derivatives/preprocessed_eeg/sub-005/ses-shortstories01/sub-005_ses-shortstories01_task-listeningActive_run-07_desc-preproc-audio-audiobook_2_1_eeg.npy,/home/fanyu/auditory_simulation_m6a/pub_01/s06/sparrkulee_v3.1/raw/derivatives/preprocessed_stimuli/audiobook_2_1_envelope.npy,audiobook_2_1,PUBLISHER_MAPPING_AND_COMMON_OVERLAP,PASS_WITH_LIMITATION,WITHIN_3S_ADVISORY; data_dict=PASS_STIMULUS_PROVENANCE; historical_generator_UNKNOWN
SparrKULee,sub-005_ses-shortstories01_task-listeningActive_run-08_desc-preproc-audio-audiobook_2_2_eeg.npy,/home/fanyu/auditory_simulation_m6a/pub_01/s06/sparrkulee_v3.1/raw/derivatives/preprocessed_eeg/sub-005/ses-shortstories01/sub-005_ses-shortstories01_task-listeningActive_run-08_desc-preproc-audio-audiobook_2_2_eeg.npy,/home/fanyu/auditory_simulation_m6a/pub_01/s06/sparrkulee_v3.1/raw/derivatives/preprocessed_stimuli/audiobook_2_2_envelope.npy,audiobook_2_2,PUBLISHER_MAPPING_AND_COMMON_OVERLAP,PASS_WITH_LIMITATION,LARGE_TAIL_REVIEW; data_dict=PASS_STIMULUS_PROVENANCE; historical_generator_UNKNOWN
SparrKULee,sub-005_ses-shortstories01_task-listeningActive_run-10_desc-preproc-audio-audiobook_3_eeg.npy,/home/fanyu/auditory_simulation_m6a/pub_01/s06/sparrkulee_v3.1/raw/derivatives/preprocessed_eeg/sub-005/ses-shortstories01/sub-005_ses-shortstories01_task-listeningActive_run-10_desc-preproc-audio-audiobook_3_eeg.npy,/home/fanyu/auditory_simulation_m6a/pub_01/s06/sparrkulee_v3.1/raw/derivatives/preprocessed_stimuli/audiobook_3_envelope.npy,audiobook_3,PUBLISHER_MAPPING_AND_COMMON_OVERLAP,PASS_WITH_LIMITATION,WITHIN_3S_ADVISORY; data_dict=PASS_STIMULUS_PROVENANCE; historical_generator_UNKNOWN
SparrKULee,sub-006_ses-shortstories01_task-listeningActive_run-01_desc-preproc-audio-audiobook_4_eeg.npy,/home/fanyu/auditory_simulation_m6a/pub_01/s06/sparrkulee_v3.1/raw/derivatives/preprocessed_eeg/sub-006/ses-shortstories01/sub-006_ses-shortstories01_task-listeningActive_run-01_desc-preproc-audio-audiobook_4_eeg.npy,/home/fanyu/auditory_simulation_m6a/pub_01/s06/sparrkulee_v3.1/raw/derivatives/preprocessed_stimuli/audiobook_4_envelope.npy,audiobook_4,PUBLISHER_MAPPING_AND_COMMON_OVERLAP,PASS_WITH_LIMITATION,WITHIN_3S_ADVISORY; data_dict=PASS_STIMULUS_PROVENANCE; historical_generator_UNKNOWN
SparrKULee,sub-006_ses-shortstories01_task-listeningActive_run-02_desc-preproc-audio-audiobook_1_eeg.npy,/home/fanyu/auditory_simulation_m6a/pub_01/s06/sparrkulee_v3.1/raw/derivatives/preprocessed_eeg/sub-006/ses-shortstories01/sub-006_ses-shortstories01_task-listeningActive_run-02_desc-preproc-audio-audiobook_1_eeg.npy,/home/fanyu/auditory_simulation_m6a/pub_01/s06/sparrkulee_v3.1/raw/derivatives/preprocessed_stimuli/audiobook_1_envelope.npy,audiobook_1,PUBLISHER_MAPPING_AND_COMMON_OVERLAP,PASS_WITH_LIMITATION,WITHIN_3S_ADVISORY; data_dict=PASS_STIMULUS_PROVENANCE; historical_generator_UNKNOWN
SparrKULee,sub-006_ses-shortstories01_task-listeningActive_run-03_desc-preproc-audio-audiobook_6_1_eeg.npy,/home/fanyu/auditory_simulation_m6a/pub_01/s06/sparrkulee_v3.1/raw/derivatives/preprocessed_eeg/sub-006/ses-shortstories01/sub-006_ses-shortstories01_task-listeningActive_run-03_desc-preproc-audio-audiobook_6_1_eeg.npy,/home/fanyu/auditory_simulation_m6a/pub_01/s06/sparrkulee_v3.1/raw/derivatives/preprocessed_stimuli/audiobook_6_1_envelope.npy,audiobook_6_1,PUBLISHER_MAPPING_AND_COMMON_OVERLAP,PASS_WITH_LIMITATION,WITHIN_3S_ADVISORY; data_dict=PASS_STIMULUS_PROVENANCE; historical_generator_UNKNOWN
SparrKULee,sub-006_ses-shortstories01_task-listeningActive_run-04_desc-preproc-audio-audiobook_6_2_eeg.npy,/home/fanyu/auditory_simulation_m6a/pub_01/s06/sparrkulee_v3.1/raw/derivatives/preprocessed_eeg/sub-006/ses-shortstories01/sub-006_ses-shortstories01_task-listeningActive_run-04_desc-preproc-audio-audiobook_6_2_eeg.npy,/home/fanyu/auditory_simulation_m6a/pub_01/s06/sparrkulee_v3.1/raw/derivatives/preprocessed_stimuli/audiobook_6_2_envelope.npy,audiobook_6_2,PUBLISHER_MAPPING_AND_COMMON_OVERLAP,PASS_WITH_LIMITATION,WITHIN_3S_ADVISORY; data_dict=PASS_STIMULUS_PROVENANCE; historical_generator_UNKNOWN
SparrKULee,sub-006_ses-shortstories01_task-listeningActive_run-05_desc-preproc-audio-audiobook_5_1_eeg.npy,/home/fanyu/auditory_simulation_m6a/pub_01/s06/sparrkulee_v3.1/raw/derivatives/preprocessed_eeg/sub-006/ses-shortstories01/sub-006_ses-shortstories01_task-listeningActive_run-05_desc-preproc-audio-audiobook_5_1_eeg.npy,/home/fanyu/auditory_simulation_m6a/pub_01/s06/sparrkulee_v3.1/raw/derivatives/preprocessed_stimuli/audiobook_5_1_envelope.npy,audiobook_5_1,PUBLISHER_MAPPING_AND_COMMON_OVERLAP,PASS_WITH_LIMITATION,WITHIN_3S_ADVISORY; data_dict=PASS_STIMULUS_PROVENANCE; historical_generator_UNKNOWN
SparrKULee,sub-006_ses-shortstories01_task-listeningActive_run-07_desc-preproc-audio-audiobook_5_3_eeg.npy,/home/fanyu/auditory_simulation_m6a/pub_01/s06/sparrkulee_v3.1/raw/derivatives/preprocessed_eeg/sub-006/ses-shortstories01/sub-006_ses-shortstories01_task-listeningActive_run-07_desc-preproc-audio-audiobook_5_3_eeg.npy,/home/fanyu/auditory_simulation_m6a/pub_01/s06/sparrkulee_v3.1/raw/derivatives/preprocessed_stimuli/audiobook_5_3_envelope.npy,audiobook_5_3,PUBLISHER_MAPPING_AND_COMMON_OVERLAP,PASS_WITH_LIMITATION,WITHIN_3S_ADVISORY; data_dict=PASS_STIMULUS_PROVENANCE; historical_generator_UNKNOWN
SparrKULee,sub-006_ses-shortstories01_task-listeningActive_run-08_desc-preproc-audio-audiobook_3_eeg.npy,/home/fanyu/auditory_simulation_m6a/pub_01/s06/sparrkulee_v3.1/raw/derivatives/preprocessed_eeg/sub-006/ses-shortstories01/sub-006_ses-shortstories01_task-listeningActive_run-08_desc-preproc-audio-audiobook_3_eeg.npy,/home/fanyu/auditory_simulation_m6a/pub_01/s06/sparrkulee_v3.1/raw/derivatives/preprocessed_stimuli/audiobook_3_envelope.npy,audiobook_3,PUBLISHER_MAPPING_AND_COMMON_OVERLAP,PASS_WITH_LIMITATION,WITHIN_3S_ADVISORY; data_dict=PASS_STIMULUS_PROVENANCE; historical_generator_UNKNOWN
SparrKULee,sub-006_ses-shortstories01_task-listeningActive_run-09_desc-preproc-audio-audiobook_2_1_eeg.npy,/home/fanyu/auditory_simulation_m6a/pub_01/s06/sparrkulee_v3.1/raw/derivatives/preprocessed_eeg/sub-006/ses-shortstories01/sub-006_ses-shortstories01_task-listeningActive_run-09_desc-preproc-audio-audiobook_2_1_eeg.npy,/home/fanyu/auditory_simulation_m6a/pub_01/s06/sparrkulee_v3.1/raw/derivatives/preprocessed_stimuli/audiobook_2_1_envelope.npy,audiobook_2_1,PUBLISHER_MAPPING_AND_COMMON_OVERLAP,PASS_WITH_LIMITATION,WITHIN_3S_ADVISORY; data_dict=PASS_STIMULUS_PROVENANCE; historical_generator_UNKNOWN
SparrKULee,sub-006_ses-shortstories01_task-listeningActive_run-10_desc-preproc-audio-audiobook_2_2_eeg.npy,/home/fanyu/auditory_simulation_m6a/pub_01/s06/sparrkulee_v3.1/raw/derivatives/preprocessed_eeg/sub-006/ses-shortstories01/sub-006_ses-shortstories01_task-listeningActive_run-10_desc-preproc-audio-audiobook_2_2_eeg.npy,/home/fanyu/auditory_simulation_m6a/pub_01/s06/sparrkulee_v3.1/raw/derivatives/preprocessed_stimuli/audiobook_2_2_envelope.npy,audiobook_2_2,PUBLISHER_MAPPING_AND_COMMON_OVERLAP,PASS_WITH_LIMITATION,LARGE_TAIL_REVIEW; data_dict=PASS_STIMULUS_PROVENANCE; historical_generator_UNKNOWN
SparrKULee,sub-007_ses-shortstories01_task-listeningActive_run-01_desc-preproc-audio-audiobook_5_1_eeg.npy,/home/fanyu/auditory_simulation_m6a/pub_01/s06/sparrkulee_v3.1/raw/derivatives/preprocessed_eeg/sub-007/ses-shortstories01/sub-007_ses-shortstories01_task-listeningActive_run-01_desc-preproc-audio-audiobook_5_1_eeg.npy,/home/fanyu/auditory_simulation_m6a/pub_01/s06/sparrkulee_v3.1/raw/derivatives/preprocessed_stimuli/audiobook_5_1_envelope.npy,audiobook_5_1,PUBLISHER_MAPPING_AND_COMMON_OVERLAP,PASS_WITH_LIMITATION,WITHIN_3S_ADVISORY; data_dict=PASS_STIMULUS_PROVENANCE; historical_generator_UNKNOWN
SparrKULee,sub-007_ses-shortstories01_task-listeningActive_run-02_desc-preproc-audio-audiobook_5_2_eeg.npy,/home/fanyu/auditory_simulation_m6a/pub_01/s06/sparrkulee_v3.1/raw/derivatives/preprocessed_eeg/sub-007/ses-shortstories01/sub-007_ses-shortstories01_task-listeningActive_run-02_desc-preproc-audio-audiobook_5_2_eeg.npy,/home/fanyu/auditory_simulation_m6a/pub_01/s06/sparrkulee_v3.1/raw/derivatives/preprocessed_stimuli/audiobook_5_2_envelope.npy,audiobook_5_2,PUBLISHER_MAPPING_AND_COMMON_OVERLAP,PASS_WITH_LIMITATION,WITHIN_3S_ADVISORY; data_dict=PASS_STIMULUS_PROVENANCE; historical_generator_UNKNOWN
SparrKULee,sub-007_ses-shortstories01_task-listeningActive_run-03_desc-preproc-audio-audiobook_5_3_eeg.npy,/home/fanyu/auditory_simulation_m6a/pub_01/s06/sparrkulee_v3.1/raw/derivatives/preprocessed_eeg/sub-007/ses-shortstories01/sub-007_ses-shortstories01_task-listeningActive_run-03_desc-preproc-audio-audiobook_5_3_eeg.npy,/home/fanyu/auditory_simulation_m6a/pub_01/s06/sparrkulee_v3.1/raw/derivatives/preprocessed_stimuli/audiobook_5_3_envelope.npy,audiobook_5_3,PUBLISHER_MAPPING_AND_COMMON_OVERLAP,PASS_WITH_LIMITATION,WITHIN_3S_ADVISORY; data_dict=PASS_STIMULUS_PROVENANCE; historical_generator_UNKNOWN
SparrKULee,sub-007_ses-shortstories01_task-listeningActive_run-04_desc-preproc-audio-audiobook_1_eeg.npy,/home/fanyu/auditory_simulation_m6a/pub_01/s06/sparrkulee_v3.1/raw/derivatives/preprocessed_eeg/sub-007/ses-shortstories01/sub-007_ses-shortstories01_task-listeningActive_run-04_desc-preproc-audio-audiobook_1_eeg.npy,/home/fanyu/auditory_simulation_m6a/pub_01/s06/sparrkulee_v3.1/raw/derivatives/preprocessed_stimuli/audiobook_1_envelope.npy,audiobook_1,PUBLISHER_MAPPING_AND_COMMON_OVERLAP,PASS_WITH_LIMITATION,WITHIN_3S_ADVISORY; data_dict=PASS_STIMULUS_PROVENANCE; historical_generator_UNKNOWN
SparrKULee,sub-007_ses-shortstories01_task-listeningActive_run-05_desc-preproc-audio-audiobook_6_1_eeg.npy,/home/fanyu/auditory_simulation_m6a/pub_01/s06/sparrkulee_v3.1/raw/derivatives/preprocessed_eeg/sub-007/ses-shortstories01/sub-007_ses-shortstories01_task-listeningActive_run-05_desc-preproc-audio-audiobook_6_1_eeg.npy,/home/fanyu/auditory_simulation_m6a/pub_01/s06/sparrkulee_v3.1/raw/derivatives/preprocessed_stimuli/audiobook_6_1_envelope.npy,audiobook_6_1,PUBLISHER_MAPPING_AND_COMMON_OVERLAP,PASS_WITH_LIMITATION,WITHIN_3S_ADVISORY; data_dict=PASS_STIMULUS_PROVENANCE; historical_generator_UNKNOWN
SparrKULee,sub-007_ses-shortstories01_task-listeningActive_run-06_desc-preproc-audio-audiobook_6_2_eeg.npy,/home/fanyu/auditory_simulation_m6a/pub_01/s06/sparrkulee_v3.1/raw/derivatives/preprocessed_eeg/sub-007/ses-shortstories01/sub-007_ses-shortstories01_task-listeningActive_run-06_desc-preproc-audio-audiobook_6_2_eeg.npy,/home/fanyu/auditory_simulation_m6a/pub_01/s06/sparrkulee_v3.1/raw/derivatives/preprocessed_stimuli/audiobook_6_2_envelope.npy,audiobook_6_2,PUBLISHER_MAPPING_AND_COMMON_OVERLAP,PASS_WITH_LIMITATION,WITHIN_3S_ADVISORY; data_dict=PASS_STIMULUS_PROVENANCE; historical_generator_UNKNOWN
SparrKULee,sub-007_ses-shortstories01_task-listeningActive_run-07_desc-preproc-audio-audiobook_3_eeg.npy,/home/fanyu/auditory_simulation_m6a/pub_01/s06/sparrkulee_v3.1/raw/derivatives/preprocessed_eeg/sub-007/ses-shortstories01/sub-007_ses-shortstories01_task-listeningActive_run-07_desc-preproc-audio-audiobook_3_eeg.npy,/home/fanyu/auditory_simulation_m6a/pub_01/s06/sparrkulee_v3.1/raw/derivatives/preprocessed_stimuli/audiobook_3_envelope.npy,audiobook_3,PUBLISHER_MAPPING_AND_COMMON_OVERLAP,PASS_WITH_LIMITATION,WITHIN_3S_ADVISORY; data_dict=PASS_STIMULUS_PROVENANCE; historical_generator_UNKNOWN
SparrKULee,sub-007_ses-shortstories01_task-listeningActive_run-08_desc-preproc-audio-audiobook_4_eeg.npy,/home/fanyu/auditory_simulation_m6a/pub_01/s06/sparrkulee_v3.1/raw/derivatives/preprocessed_eeg/sub-007/ses-shortstories01/sub-007_ses-shortstories01_task-listeningActive_run-08_desc-preproc-audio-audiobook_4_eeg.npy,/home/fanyu/auditory_simulation_m6a/pub_01/s06/sparrkulee_v3.1/raw/derivatives/preprocessed_stimuli/audiobook_4_envelope.npy,audiobook_4,PUBLISHER_MAPPING_AND_COMMON_OVERLAP,PASS_WITH_LIMITATION,WITHIN_3S_ADVISORY; data_dict=PASS_STIMULUS_PROVENANCE; historical_generator_UNKNOWN
SparrKULee,sub-007_ses-shortstories01_task-listeningActive_run-09_desc-preproc-audio-audiobook_2_1_eeg.npy,/home/fanyu/auditory_simulation_m6a/pub_01/s06/sparrkulee_v3.1/raw/derivatives/preprocessed_eeg/sub-007/ses-shortstories01/sub-007_ses-shortstories01_task-listeningActive_run-09_desc-preproc-audio-audiobook_2_1_eeg.npy,/home/fanyu/auditory_simulation_m6a/pub_01/s06/sparrkulee_v3.1/raw/derivatives/preprocessed_stimuli/audiobook_2_1_envelope.npy,audiobook_2_1,PUBLISHER_MAPPING_AND_COMMON_OVERLAP,PASS_WITH_LIMITATION,WITHIN_3S_ADVISORY; data_dict=PASS_STIMULUS_PROVENANCE; historical_generator_UNKNOWN
SparrKULee,sub-007_ses-shortstories01_task-listeningActive_run-10_desc-preproc-audio-audiobook_2_2_eeg.npy,/home/fanyu/auditory_simulation_m6a/pub_01/s06/sparrkulee_v3.1/raw/derivatives/preprocessed_eeg/sub-007/ses-shortstories01/sub-007_ses-shortstories01_task-listeningActive_run-10_desc-preproc-audio-audiobook_2_2_eeg.npy,/home/fanyu/auditory_simulation_m6a/pub_01/s06/sparrkulee_v3.1/raw/derivatives/preprocessed_stimuli/audiobook_2_2_envelope.npy,audiobook_2_2,PUBLISHER_MAPPING_AND_COMMON_OVERLAP,PASS_WITH_LIMITATION,LARGE_TAIL_REVIEW; data_dict=PASS_STIMULUS_PROVENANCE; historical_generator_UNKNOWN
SparrKULee,sub-008_ses-shortstories01_task-listeningActive_run-01_desc-preproc-audio-audiobook_3_eeg.npy,/home/fanyu/auditory_simulation_m6a/pub_01/s06/sparrkulee_v3.1/raw/derivatives/preprocessed_eeg/sub-008/ses-shortstories01/sub-008_ses-shortstories01_task-listeningActive_run-01_desc-preproc-audio-audiobook_3_eeg.npy,/home/fanyu/auditory_simulation_m6a/pub_01/s06/sparrkulee_v3.1/raw/derivatives/preprocessed_stimuli/audiobook_3_envelope.npy,audiobook_3,PUBLISHER_MAPPING_AND_COMMON_OVERLAP,PASS_WITH_LIMITATION,WITHIN_3S_ADVISORY; data_dict=PASS_STIMULUS_PROVENANCE; historical_generator_UNKNOWN
SparrKULee,sub-008_ses-shortstories01_task-listeningActive_run-02_desc-preproc-audio-audiobook_6_1_eeg.npy,/home/fanyu/auditory_simulation_m6a/pub_01/s06/sparrkulee_v3.1/raw/derivatives/preprocessed_eeg/sub-008/ses-shortstories01/sub-008_ses-shortstories01_task-listeningActive_run-02_desc-preproc-audio-audiobook_6_1_eeg.npy,/home/fanyu/auditory_simulation_m6a/pub_01/s06/sparrkulee_v3.1/raw/derivatives/preprocessed_stimuli/audiobook_6_1_envelope.npy,audiobook_6_1,PUBLISHER_MAPPING_AND_COMMON_OVERLAP,PASS_WITH_LIMITATION,WITHIN_3S_ADVISORY; data_dict=PASS_STIMULUS_PROVENANCE; historical_generator_UNKNOWN
SparrKULee,sub-008_ses-shortstories01_task-listeningActive_run-03_desc-preproc-audio-audiobook_6_2_eeg.npy,/home/fanyu/auditory_simulation_m6a/pub_01/s06/sparrkulee_v3.1/raw/derivatives/preprocessed_eeg/sub-008/ses-shortstories01/sub-008_ses-shortstories01_task-listeningActive_run-03_desc-preproc-audio-audiobook_6_2_eeg.npy,/home/fanyu/auditory_simulation_m6a/pub_01/s06/sparrkulee_v3.1/raw/derivatives/preprocessed_stimuli/audiobook_6_2_envelope.npy,audiobook_6_2,PUBLISHER_MAPPING_AND_COMMON_OVERLAP,PASS_WITH_LIMITATION,WITHIN_3S_ADVISORY; data_dict=PASS_STIMULUS_PROVENANCE; historical_generator_UNKNOWN
SparrKULee,sub-008_ses-shortstories01_task-listeningActive_run-04_desc-preproc-audio-audiobook_1_eeg.npy,/home/fanyu/auditory_simulation_m6a/pub_01/s06/sparrkulee_v3.1/raw/derivatives/preprocessed_eeg/sub-008/ses-shortstories01/sub-008_ses-shortstories01_task-listeningActive_run-04_desc-preproc-audio-audiobook_1_eeg.npy,/home/fanyu/auditory_simulation_m6a/pub_01/s06/sparrkulee_v3.1/raw/derivatives/preprocessed_stimuli/audiobook_1_envelope.npy,audiobook_1,PUBLISHER_MAPPING_AND_COMMON_OVERLAP,PASS_WITH_LIMITATION,WITHIN_3S_ADVISORY; data_dict=PASS_STIMULUS_PROVENANCE; historical_generator_UNKNOWN
SparrKULee,sub-008_ses-shortstories01_task-listeningActive_run-05_desc-preproc-audio-audiobook_4_eeg.npy,/home/fanyu/auditory_simulation_m6a/pub_01/s06/sparrkulee_v3.1/raw/derivatives/preprocessed_eeg/sub-008/ses-shortstories01/sub-008_ses-shortstories01_task-listeningActive_run-05_desc-preproc-audio-audiobook_4_eeg.npy,/home/fanyu/auditory_simulation_m6a/pub_01/s06/sparrkulee_v3.1/raw/derivatives/preprocessed_stimuli/audiobook_4_envelope.npy,audiobook_4,PUBLISHER_MAPPING_AND_COMMON_OVERLAP,PASS_WITH_LIMITATION,WITHIN_3S_ADVISORY; data_dict=PASS_STIMULUS_PROVENANCE; historical_generator_UNKNOWN
SparrKULee,sub-008_ses-shortstories01_task-listeningActive_run-06_desc-preproc-audio-audiobook_5_1_eeg.npy,/home/fanyu/auditory_simulation_m6a/pub_01/s06/sparrkulee_v3.1/raw/derivatives/preprocessed_eeg/sub-008/ses-shortstories01/sub-008_ses-shortstories01_task-listeningActive_run-06_desc-preproc-audio-audiobook_5_1_eeg.npy,/home/fanyu/auditory_simulation_m6a/pub_01/s06/sparrkulee_v3.1/raw/derivatives/preprocessed_stimuli/audiobook_5_1_envelope.npy,audiobook_5_1,PUBLISHER_MAPPING_AND_COMMON_OVERLAP,PASS_WITH_LIMITATION,WITHIN_3S_ADVISORY; data_dict=PASS_STIMULUS_PROVENANCE; historical_generator_UNKNOWN
SparrKULee,sub-008_ses-shortstories01_task-listeningActive_run-07_desc-preproc-audio-audiobook_5_2_eeg.npy,/home/fanyu/auditory_simulation_m6a/pub_01/s06/sparrkulee_v3.1/raw/derivatives/preprocessed_eeg/sub-008/ses-shortstories01/sub-008_ses-shortstories01_task-listeningActive_run-07_desc-preproc-audio-audiobook_5_2_eeg.npy,/home/fanyu/auditory_simulation_m6a/pub_01/s06/sparrkulee_v3.1/raw/derivatives/preprocessed_stimuli/audiobook_5_2_envelope.npy,audiobook_5_2,PUBLISHER_MAPPING_AND_COMMON_OVERLAP,PASS_WITH_LIMITATION,WITHIN_3S_ADVISORY; data_dict=PASS_STIMULUS_PROVENANCE; historical_generator_UNKNOWN
SparrKULee,sub-008_ses-shortstories01_task-listeningActive_run-08_desc-preproc-audio-audiobook_5_3_eeg.npy,/home/fanyu/auditory_simulation_m6a/pub_01/s06/sparrkulee_v3.1/raw/derivatives/preprocessed_eeg/sub-008/ses-shortstories01/sub-008_ses-shortstories01_task-listeningActive_run-08_desc-preproc-audio-audiobook_5_3_eeg.npy,/home/fanyu/auditory_simulation_m6a/pub_01/s06/sparrkulee_v3.1/raw/derivatives/preprocessed_stimuli/audiobook_5_3_envelope.npy,audiobook_5_3,PUBLISHER_MAPPING_AND_COMMON_OVERLAP,PASS_WITH_LIMITATION,WITHIN_3S_ADVISORY; data_dict=PASS_STIMULUS_PROVENANCE; historical_generator_UNKNOWN
SparrKULee,sub-008_ses-shortstories01_task-listeningActive_run-09_desc-preproc-audio-audiobook_2_1_eeg.npy,/home/fanyu/auditory_simulation_m6a/pub_01/s06/sparrkulee_v3.1/raw/derivatives/preprocessed_eeg/sub-008/ses-shortstories01/sub-008_ses-shortstories01_task-listeningActive_run-09_desc-preproc-audio-audiobook_2_1_eeg.npy,/home/fanyu/auditory_simulation_m6a/pub_01/s06/sparrkulee_v3.1/raw/derivatives/preprocessed_stimuli/audiobook_2_1_envelope.npy,audiobook_2_1,PUBLISHER_MAPPING_AND_COMMON_OVERLAP,PASS_WITH_LIMITATION,WITHIN_3S_ADVISORY; data_dict=PASS_STIMULUS_PROVENANCE; historical_generator_UNKNOWN
SparrKULee,sub-008_ses-shortstories01_task-listeningActive_run-10_desc-preproc-audio-audiobook_2_2_eeg.npy,/home/fanyu/auditory_simulation_m6a/pub_01/s06/sparrkulee_v3.1/raw/derivatives/preprocessed_eeg/sub-008/ses-shortstories01/sub-008_ses-shortstories01_task-listeningActive_run-10_desc-preproc-audio-audiobook_2_2_eeg.npy,/home/fanyu/auditory_simulation_m6a/pub_01/s06/sparrkulee_v3.1/raw/derivatives/preprocessed_stimuli/audiobook_2_2_envelope.npy,audiobook_2_2,PUBLISHER_MAPPING_AND_COMMON_OVERLAP,PASS_WITH_LIMITATION,LARGE_TAIL_REVIEW; data_dict=PASS_STIMULUS_PROVENANCE; historical_generator_UNKNOWN
SparrKULee,sub-009_ses-shortstories01_task-listeningActive_run-01_desc-preproc-audio-audiobook_1_eeg.npy,/home/fanyu/auditory_simulation_m6a/pub_01/s06/sparrkulee_v3.1/raw/derivatives/preprocessed_eeg/sub-009/ses-shortstories01/sub-009_ses-shortstories01_task-listeningActive_run-01_desc-preproc-audio-audiobook_1_eeg.npy,/home/fanyu/auditory_simulation_m6a/pub_01/s06/sparrkulee_v3.1/raw/derivatives/preprocessed_stimuli/audiobook_1_envelope.npy,audiobook_1,PUBLISHER_MAPPING_AND_COMMON_OVERLAP,PASS_WITH_LIMITATION,WITHIN_3S_ADVISORY; data_dict=PASS_STIMULUS_PROVENANCE; historical_generator_UNKNOWN
SparrKULee,sub-009_ses-shortstories01_task-listeningActive_run-02_desc-preproc-audio-audiobook_3_eeg.npy,/home/fanyu/auditory_simulation_m6a/pub_01/s06/sparrkulee_v3.1/raw/derivatives/preprocessed_eeg/sub-009/ses-shortstories01/sub-009_ses-shortstories01_task-listeningActive_run-02_desc-preproc-audio-audiobook_3_eeg.npy,/home/fanyu/auditory_simulation_m6a/pub_01/s06/sparrkulee_v3.1/raw/derivatives/preprocessed_stimuli/audiobook_3_envelope.npy,audiobook_3,PUBLISHER_MAPPING_AND_COMMON_OVERLAP,PASS_WITH_LIMITATION,WITHIN_3S_ADVISORY; data_dict=PASS_STIMULUS_PROVENANCE; historical_generator_UNKNOWN
SparrKULee,sub-009_ses-shortstories01_task-listeningActive_run-03_desc-preproc-audio-audiobook_6_1_eeg.npy,/home/fanyu/auditory_simulation_m6a/pub_01/s06/sparrkulee_v3.1/raw/derivatives/preprocessed_eeg/sub-009/ses-shortstories01/sub-009_ses-shortstories01_task-listeningActive_run-03_desc-preproc-audio-audiobook_6_1_eeg.npy,/home/fanyu/auditory_simulation_m6a/pub_01/s06/sparrkulee_v3.1/raw/derivatives/preprocessed_stimuli/audiobook_6_1_envelope.npy,audiobook_6_1,PUBLISHER_MAPPING_AND_COMMON_OVERLAP,PASS_WITH_LIMITATION,WITHIN_3S_ADVISORY; data_dict=PASS_STIMULUS_PROVENANCE; historical_generator_UNKNOWN
SparrKULee,sub-009_ses-shortstories01_task-listeningActive_run-04_desc-preproc-audio-audiobook_6_2_eeg.npy,/home/fanyu/auditory_simulation_m6a/pub_01/s06/sparrkulee_v3.1/raw/derivatives/preprocessed_eeg/sub-009/ses-shortstories01/sub-009_ses-shortstories01_task-listeningActive_run-04_desc-preproc-audio-audiobook_6_2_eeg.npy,/home/fanyu/auditory_simulation_m6a/pub_01/s06/sparrkulee_v3.1/raw/derivatives/preprocessed_stimuli/audiobook_6_2_envelope.npy,audiobook_6_2,PUBLISHER_MAPPING_AND_COMMON_OVERLAP,PASS_WITH_LIMITATION,WITHIN_3S_ADVISORY; data_dict=PASS_STIMULUS_PROVENANCE; historical_generator_UNKNOWN
SparrKULee,sub-009_ses-shortstories01_task-listeningActive_run-05_desc-preproc-audio-audiobook_4_eeg.npy,/home/fanyu/auditory_simulation_m6a/pub_01/s06/sparrkulee_v3.1/raw/derivatives/preprocessed_eeg/sub-009/ses-shortstories01/sub-009_ses-shortstories01_task-listeningActive_run-05_desc-preproc-audio-audiobook_4_eeg.npy,/home/fanyu/auditory_simulation_m6a/pub_01/s06/sparrkulee_v3.1/raw/derivatives/preprocessed_stimuli/audiobook_4_envelope.npy,audiobook_4,PUBLISHER_MAPPING_AND_COMMON_OVERLAP,PASS_WITH_LIMITATION,WITHIN_3S_ADVISORY; data_dict=PASS_STIMULUS_PROVENANCE; historical_generator_UNKNOWN
SparrKULee,sub-009_ses-shortstories01_task-listeningActive_run-06_desc-preproc-audio-audiobook_2_1_eeg.npy,/home/fanyu/auditory_simulation_m6a/pub_01/s06/sparrkulee_v3.1/raw/derivatives/preprocessed_eeg/sub-009/ses-shortstories01/sub-009_ses-shortstories01_task-listeningActive_run-06_desc-preproc-audio-audiobook_2_1_eeg.npy,/home/fanyu/auditory_simulation_m6a/pub_01/s06/sparrkulee_v3.1/raw/derivatives/preprocessed_stimuli/audiobook_2_1_envelope.npy,audiobook_2_1,PUBLISHER_MAPPING_AND_COMMON_OVERLAP,PASS_WITH_LIMITATION,WITHIN_3S_ADVISORY; data_dict=PASS_STIMULUS_PROVENANCE; historical_generator_UNKNOWN
SparrKULee,sub-009_ses-shortstories01_task-listeningActive_run-07_desc-preproc-audio-audiobook_2_2_eeg.npy,/home/fanyu/auditory_simulation_m6a/pub_01/s06/sparrkulee_v3.1/raw/derivatives/preprocessed_eeg/sub-009/ses-shortstories01/sub-009_ses-shortstories01_task-listeningActive_run-07_desc-preproc-audio-audiobook_2_2_eeg.npy,/home/fanyu/auditory_simulation_m6a/pub_01/s06/sparrkulee_v3.1/raw/derivatives/preprocessed_stimuli/audiobook_2_2_envelope.npy,audiobook_2_2,PUBLISHER_MAPPING_AND_COMMON_OVERLAP,PASS_WITH_LIMITATION,LARGE_TAIL_REVIEW; data_dict=PASS_STIMULUS_PROVENANCE; historical_generator_UNKNOWN
SparrKULee,sub-009_ses-shortstories01_task-listeningActive_run-08_desc-preproc-audio-audiobook_5_1_eeg.npy,/home/fanyu/auditory_simulation_m6a/pub_01/s06/sparrkulee_v3.1/raw/derivatives/preprocessed_eeg/sub-009/ses-shortstories01/sub-009_ses-shortstories01_task-listeningActive_run-08_desc-preproc-audio-audiobook_5_1_eeg.npy,/home/fanyu/auditory_simulation_m6a/pub_01/s06/sparrkulee_v3.1/raw/derivatives/preprocessed_stimuli/audiobook_5_1_envelope.npy,audiobook_5_1,PUBLISHER_MAPPING_AND_COMMON_OVERLAP,PASS_WITH_LIMITATION,WITHIN_3S_ADVISORY; data_dict=PASS_STIMULUS_PROVENANCE; historical_generator_UNKNOWN
SparrKULee,sub-009_ses-shortstories01_task-listeningActive_run-09_desc-preproc-audio-audiobook_5_2_eeg.npy,/home/fanyu/auditory_simulation_m6a/pub_01/s06/sparrkulee_v3.1/raw/derivatives/preprocessed_eeg/sub-009/ses-shortstories01/sub-009_ses-shortstories01_task-listeningActive_run-09_desc-preproc-audio-audiobook_5_2_eeg.npy,/home/fanyu/auditory_simulation_m6a/pub_01/s06/sparrkulee_v3.1/raw/derivatives/preprocessed_stimuli/audiobook_5_2_envelope.npy,audiobook_5_2,PUBLISHER_MAPPING_AND_COMMON_OVERLAP,PASS_WITH_LIMITATION,WITHIN_3S_ADVISORY; data_dict=PASS_STIMULUS_PROVENANCE; historical_generator_UNKNOWN
SparrKULee,sub-009_ses-shortstories01_task-listeningActive_run-10_desc-preproc-audio-audiobook_5_3_eeg.npy,/home/fanyu/auditory_simulation_m6a/pub_01/s06/sparrkulee_v3.1/raw/derivatives/preprocessed_eeg/sub-009/ses-shortstories01/sub-009_ses-shortstories01_task-listeningActive_run-10_desc-preproc-audio-audiobook_5_3_eeg.npy,/home/fanyu/auditory_simulation_m6a/pub_01/s06/sparrkulee_v3.1/raw/derivatives/preprocessed_stimuli/audiobook_5_3_envelope.npy,audiobook_5_3,PUBLISHER_MAPPING_AND_COMMON_OVERLAP,PASS_WITH_LIMITATION,WITHIN_3S_ADVISORY; data_dict=PASS_STIMULUS_PROVENANCE; historical_generator_UNKNOWN
SparrKULee,sub-010_ses-shortstories01_task-listeningActive_run-01_desc-preproc-audio-audiobook_2_1_eeg.npy,/home/fanyu/auditory_simulation_m6a/pub_01/s06/sparrkulee_v3.1/raw/derivatives/preprocessed_eeg/sub-010/ses-shortstories01/sub-010_ses-shortstories01_task-listeningActive_run-01_desc-preproc-audio-audiobook_2_1_eeg.npy,/home/fanyu/auditory_simulation_m6a/pub_01/s06/sparrkulee_v3.1/raw/derivatives/preprocessed_stimuli/audiobook_2_1_envelope.npy,audiobook_2_1,PUBLISHER_MAPPING_AND_COMMON_OVERLAP,PASS_WITH_LIMITATION,WITHIN_3S_ADVISORY; data_dict=PASS_STIMULUS_PROVENANCE; historical_generator_UNKNOWN
SparrKULee,sub-010_ses-shortstories01_task-listeningActive_run-02_desc-preproc-audio-audiobook_2_2_eeg.npy,/home/fanyu/auditory_simulation_m6a/pub_01/s06/sparrkulee_v3.1/raw/derivatives/preprocessed_eeg/sub-010/ses-shortstories01/sub-010_ses-shortstories01_task-listeningActive_run-02_desc-preproc-audio-audiobook_2_2_eeg.npy,/home/fanyu/auditory_simulation_m6a/pub_01/s06/sparrkulee_v3.1/raw/derivatives/preprocessed_stimuli/audiobook_2_2_envelope.npy,audiobook_2_2,PUBLISHER_MAPPING_AND_COMMON_OVERLAP,PASS_WITH_LIMITATION,LARGE_TAIL_REVIEW; data_dict=PASS_STIMULUS_PROVENANCE; historical_generator_UNKNOWN
SparrKULee,sub-010_ses-shortstories01_task-listeningActive_run-03_desc-preproc-audio-audiobook_6_1_eeg.npy,/home/fanyu/auditory_simulation_m6a/pub_01/s06/sparrkulee_v3.1/raw/derivatives/preprocessed_eeg/sub-010/ses-shortstories01/sub-010_ses-shortstories01_task-listeningActive_run-03_desc-preproc-audio-audiobook_6_1_eeg.npy,/home/fanyu/auditory_simulation_m6a/pub_01/s06/sparrkulee_v3.1/raw/derivatives/preprocessed_stimuli/audiobook_6_1_envelope.npy,audiobook_6_1,PUBLISHER_MAPPING_AND_COMMON_OVERLAP,PASS_WITH_LIMITATION,WITHIN_3S_ADVISORY; data_dict=PASS_STIMULUS_PROVENANCE; historical_generator_UNKNOWN
SparrKULee,sub-010_ses-shortstories01_task-listeningActive_run-04_desc-preproc-audio-audiobook_6_2_eeg.npy,/home/fanyu/auditory_simulation_m6a/pub_01/s06/sparrkulee_v3.1/raw/derivatives/preprocessed_eeg/sub-010/ses-shortstories01/sub-010_ses-shortstories01_task-listeningActive_run-04_desc-preproc-audio-audiobook_6_2_eeg.npy,/home/fanyu/auditory_simulation_m6a/pub_01/s06/sparrkulee_v3.1/raw/derivatives/preprocessed_stimuli/audiobook_6_2_envelope.npy,audiobook_6_2,PUBLISHER_MAPPING_AND_COMMON_OVERLAP,PASS_WITH_LIMITATION,WITHIN_3S_ADVISORY; data_dict=PASS_STIMULUS_PROVENANCE; historical_generator_UNKNOWN
SparrKULee,sub-010_ses-shortstories01_task-listeningActive_run-05_desc-preproc-audio-audiobook_5_1_eeg.npy,/home/fanyu/auditory_simulation_m6a/pub_01/s06/sparrkulee_v3.1/raw/derivatives/preprocessed_eeg/sub-010/ses-shortstories01/sub-010_ses-shortstories01_task-listeningActive_run-05_desc-preproc-audio-audiobook_5_1_eeg.npy,/home/fanyu/auditory_simulation_m6a/pub_01/s06/sparrkulee_v3.1/raw/derivatives/preprocessed_stimuli/audiobook_5_1_envelope.npy,audiobook_5_1,PUBLISHER_MAPPING_AND_COMMON_OVERLAP,PASS_WITH_LIMITATION,WITHIN_3S_ADVISORY; data_dict=PASS_STIMULUS_PROVENANCE; historical_generator_UNKNOWN
SparrKULee,sub-010_ses-shortstories01_task-listeningActive_run-06_desc-preproc-audio-audiobook_5_2_eeg.npy,/home/fanyu/auditory_simulation_m6a/pub_01/s06/sparrkulee_v3.1/raw/derivatives/preprocessed_eeg/sub-010/ses-shortstories01/sub-010_ses-shortstories01_task-listeningActive_run-06_desc-preproc-audio-audiobook_5_2_eeg.npy,/home/fanyu/auditory_simulation_m6a/pub_01/s06/sparrkulee_v3.1/raw/derivatives/preprocessed_stimuli/audiobook_5_2_envelope.npy,audiobook_5_2,PUBLISHER_MAPPING_AND_COMMON_OVERLAP,PASS_WITH_LIMITATION,WITHIN_3S_ADVISORY; data_dict=PASS_STIMULUS_PROVENANCE; historical_generator_UNKNOWN
SparrKULee,sub-010_ses-shortstories01_task-listeningActive_run-07_desc-preproc-audio-audiobook_5_3_eeg.npy,/home/fanyu/auditory_simulation_m6a/pub_01/s06/sparrkulee_v3.1/raw/derivatives/preprocessed_eeg/sub-010/ses-shortstories01/sub-010_ses-shortstories01_task-listeningActive_run-07_desc-preproc-audio-audiobook_5_3_eeg.npy,/home/fanyu/auditory_simulation_m6a/pub_01/s06/sparrkulee_v3.1/raw/derivatives/preprocessed_stimuli/audiobook_5_3_envelope.npy,audiobook_5_3,PUBLISHER_MAPPING_AND_COMMON_OVERLAP,PASS_WITH_LIMITATION,WITHIN_3S_ADVISORY; data_dict=PASS_STIMULUS_PROVENANCE; historical_generator_UNKNOWN
SparrKULee,sub-010_ses-shortstories01_task-listeningActive_run-08_desc-preproc-audio-audiobook_1_eeg.npy,/home/fanyu/auditory_simulation_m6a/pub_01/s06/sparrkulee_v3.1/raw/derivatives/preprocessed_eeg/sub-010/ses-shortstories01/sub-010_ses-shortstories01_task-listeningActive_run-08_desc-preproc-audio-audiobook_1_eeg.npy,/home/fanyu/auditory_simulation_m6a/pub_01/s06/sparrkulee_v3.1/raw/derivatives/preprocessed_stimuli/audiobook_1_envelope.npy,audiobook_1,PUBLISHER_MAPPING_AND_COMMON_OVERLAP,PASS_WITH_LIMITATION,WITHIN_3S_ADVISORY; data_dict=PASS_STIMULUS_PROVENANCE; historical_generator_UNKNOWN
SparrKULee,sub-010_ses-shortstories01_task-listeningActive_run-09_desc-preproc-audio-audiobook_4_eeg.npy,/home/fanyu/auditory_simulation_m6a/pub_01/s06/sparrkulee_v3.1/raw/derivatives/preprocessed_eeg/sub-010/ses-shortstories01/sub-010_ses-shortstories01_task-listeningActive_run-09_desc-preproc-audio-audiobook_4_eeg.npy,/home/fanyu/auditory_simulation_m6a/pub_01/s06/sparrkulee_v3.1/raw/derivatives/preprocessed_stimuli/audiobook_4_envelope.npy,audiobook_4,PUBLISHER_MAPPING_AND_COMMON_OVERLAP,PASS_WITH_LIMITATION,WITHIN_3S_ADVISORY; data_dict=PASS_STIMULUS_PROVENANCE; historical_generator_UNKNOWN
SparrKULee,sub-010_ses-shortstories01_task-listeningActive_run-10_desc-preproc-audio-audiobook_3_eeg.npy,/home/fanyu/auditory_simulation_m6a/pub_01/s06/sparrkulee_v3.1/raw/derivatives/preprocessed_eeg/sub-010/ses-shortstories01/sub-010_ses-shortstories01_task-listeningActive_run-10_desc-preproc-audio-audiobook_3_eeg.npy,/home/fanyu/auditory_simulation_m6a/pub_01/s06/sparrkulee_v3.1/raw/derivatives/preprocessed_stimuli/audiobook_3_envelope.npy,audiobook_3,PUBLISHER_MAPPING_AND_COMMON_OVERLAP,PASS_WITH_LIMITATION,WITHIN_3S_ADVISORY; data_dict=PASS_STIMULUS_PROVENANCE; historical_generator_UNKNOWN
SparrKULee,sub-011_ses-shortstories01_task-listeningActive_run-01_desc-preproc-audio-audiobook_2_1_eeg.npy,/home/fanyu/auditory_simulation_m6a/pub_01/s06/sparrkulee_v3.1/raw/derivatives/preprocessed_eeg/sub-011/ses-shortstories01/sub-011_ses-shortstories01_task-listeningActive_run-01_desc-preproc-audio-audiobook_2_1_eeg.npy,/home/fanyu/auditory_simulation_m6a/pub_01/s06/sparrkulee_v3.1/raw/derivatives/preprocessed_stimuli/audiobook_2_1_envelope.npy,audiobook_2_1,PUBLISHER_MAPPING_AND_COMMON_OVERLAP,PASS_WITH_LIMITATION,WITHIN_3S_ADVISORY; data_dict=PASS_STIMULUS_PROVENANCE; historical_generator_UNKNOWN
SparrKULee,sub-011_ses-shortstories01_task-listeningActive_run-02_desc-preproc-audio-audiobook_2_2_eeg.npy,/home/fanyu/auditory_simulation_m6a/pub_01/s06/sparrkulee_v3.1/raw/derivatives/preprocessed_eeg/sub-011/ses-shortstories01/sub-011_ses-shortstories01_task-listeningActive_run-02_desc-preproc-audio-audiobook_2_2_eeg.npy,/home/fanyu/auditory_simulation_m6a/pub_01/s06/sparrkulee_v3.1/raw/derivatives/preprocessed_stimuli/audiobook_2_2_envelope.npy,audiobook_2_2,PUBLISHER_MAPPING_AND_COMMON_OVERLAP,PASS_WITH_LIMITATION,LARGE_TAIL_REVIEW; data_dict=PASS_STIMULUS_PROVENANCE; historical_generator_UNKNOWN
SparrKULee,sub-011_ses-shortstories01_task-listeningActive_run-03_desc-preproc-audio-audiobook_4_eeg.npy,/home/fanyu/auditory_simulation_m6a/pub_01/s06/sparrkulee_v3.1/raw/derivatives/preprocessed_eeg/sub-011/ses-shortstories01/sub-011_ses-shortstories01_task-listeningActive_run-03_desc-preproc-audio-audiobook_4_eeg.npy,/home/fanyu/auditory_simulation_m6a/pub_01/s06/sparrkulee_v3.1/raw/derivatives/preprocessed_stimuli/audiobook_4_envelope.npy,audiobook_4,PUBLISHER_MAPPING_AND_COMMON_OVERLAP,PASS_WITH_LIMITATION,WITHIN_3S_ADVISORY; data_dict=PASS_STIMULUS_PROVENANCE; historical_generator_UNKNOWN
SparrKULee,sub-011_ses-shortstories01_task-listeningActive_run-04_desc-preproc-audio-audiobook_3_eeg.npy,/home/fanyu/auditory_simulation_m6a/pub_01/s06/sparrkulee_v3.1/raw/derivatives/preprocessed_eeg/sub-011/ses-shortstories01/sub-011_ses-shortstories01_task-listeningActive_run-04_desc-preproc-audio-audiobook_3_eeg.npy,/home/fanyu/auditory_simulation_m6a/pub_01/s06/sparrkulee_v3.1/raw/derivatives/preprocessed_stimuli/audiobook_3_envelope.npy,audiobook_3,PUBLISHER_MAPPING_AND_COMMON_OVERLAP,PASS_WITH_LIMITATION,WITHIN_3S_ADVISORY; data_dict=PASS_STIMULUS_PROVENANCE; historical_generator_UNKNOWN
SparrKULee,sub-011_ses-shortstories01_task-listeningActive_run-05_desc-preproc-audio-audiobook_1_eeg.npy,/home/fanyu/auditory_simulation_m6a/pub_01/s06/sparrkulee_v3.1/raw/derivatives/preprocessed_eeg/sub-011/ses-shortstories01/sub-011_ses-shortstories01_task-listeningActive_run-05_desc-preproc-audio-audiobook_1_eeg.npy,/home/fanyu/auditory_simulation_m6a/pub_01/s06/sparrkulee_v3.1/raw/derivatives/preprocessed_stimuli/audiobook_1_envelope.npy,audiobook_1,PUBLISHER_MAPPING_AND_COMMON_OVERLAP,PASS_WITH_LIMITATION,WITHIN_3S_ADVISORY; data_dict=PASS_STIMULUS_PROVENANCE; historical_generator_UNKNOWN
SparrKULee,sub-011_ses-shortstories01_task-listeningActive_run-06_desc-preproc-audio-audiobook_6_1_eeg.npy,/home/fanyu/auditory_simulation_m6a/pub_01/s06/sparrkulee_v3.1/raw/derivatives/preprocessed_eeg/sub-011/ses-shortstories01/sub-011_ses-shortstories01_task-listeningActive_run-06_desc-preproc-audio-audiobook_6_1_eeg.npy,/home/fanyu/auditory_simulation_m6a/pub_01/s06/sparrkulee_v3.1/raw/derivatives/preprocessed_stimuli/audiobook_6_1_envelope.npy,audiobook_6_1,PUBLISHER_MAPPING_AND_COMMON_OVERLAP,PASS_WITH_LIMITATION,WITHIN_3S_ADVISORY; data_dict=PASS_STIMULUS_PROVENANCE; historical_generator_UNKNOWN
SparrKULee,sub-011_ses-shortstories01_task-listeningActive_run-07_desc-preproc-audio-audiobook_6_2_eeg.npy,/home/fanyu/auditory_simulation_m6a/pub_01/s06/sparrkulee_v3.1/raw/derivatives/preprocessed_eeg/sub-011/ses-shortstories01/sub-011_ses-shortstories01_task-listeningActive_run-07_desc-preproc-audio-audiobook_6_2_eeg.npy,/home/fanyu/auditory_simulation_m6a/pub_01/s06/sparrkulee_v3.1/raw/derivatives/preprocessed_stimuli/audiobook_6_2_envelope.npy,audiobook_6_2,PUBLISHER_MAPPING_AND_COMMON_OVERLAP,PASS_WITH_LIMITATION,WITHIN_3S_ADVISORY; data_dict=PASS_STIMULUS_PROVENANCE; historical_generator_UNKNOWN
SparrKULee,sub-011_ses-shortstories01_task-listeningActive_run-08_desc-preproc-audio-audiobook_5_1_eeg.npy,/home/fanyu/auditory_simulation_m6a/pub_01/s06/sparrkulee_v3.1/raw/derivatives/preprocessed_eeg/sub-011/ses-shortstories01/sub-011_ses-shortstories01_task-listeningActive_run-08_desc-preproc-audio-audiobook_5_1_eeg.npy,/home/fanyu/auditory_simulation_m6a/pub_01/s06/sparrkulee_v3.1/raw/derivatives/preprocessed_stimuli/audiobook_5_1_envelope.npy,audiobook_5_1,PUBLISHER_MAPPING_AND_COMMON_OVERLAP,PASS_WITH_LIMITATION,WITHIN_3S_ADVISORY; data_dict=PASS_STIMULUS_PROVENANCE; historical_generator_UNKNOWN
SparrKULee,sub-011_ses-shortstories01_task-listeningActive_run-09_desc-preproc-audio-audiobook_5_2_eeg.npy,/home/fanyu/auditory_simulation_m6a/pub_01/s06/sparrkulee_v3.1/raw/derivatives/preprocessed_eeg/sub-011/ses-shortstories01/sub-011_ses-shortstories01_task-listeningActive_run-09_desc-preproc-audio-audiobook_5_2_eeg.npy,/home/fanyu/auditory_simulation_m6a/pub_01/s06/sparrkulee_v3.1/raw/derivatives/preprocessed_stimuli/audiobook_5_2_envelope.npy,audiobook_5_2,PUBLISHER_MAPPING_AND_COMMON_OVERLAP,PASS_WITH_LIMITATION,WITHIN_3S_ADVISORY; data_dict=PASS_STIMULUS_PROVENANCE; historical_generator_UNKNOWN
SparrKULee,sub-011_ses-shortstories01_task-listeningActive_run-10_desc-preproc-audio-audiobook_5_3_eeg.npy,/home/fanyu/auditory_simulation_m6a/pub_01/s06/sparrkulee_v3.1/raw/derivatives/preprocessed_eeg/sub-011/ses-shortstories01/sub-011_ses-shortstories01_task-listeningActive_run-10_desc-preproc-audio-audiobook_5_3_eeg.npy,/home/fanyu/auditory_simulation_m6a/pub_01/s06/sparrkulee_v3.1/raw/derivatives/preprocessed_stimuli/audiobook_5_3_envelope.npy,audiobook_5_3,PUBLISHER_MAPPING_AND_COMMON_OVERLAP,PASS_WITH_LIMITATION,WITHIN_3S_ADVISORY; data_dict=PASS_STIMULUS_PROVENANCE; historical_generator_UNKNOWN
SparrKULee,sub-012_ses-shortstories01_task-listeningActive_run-01_desc-preproc-audio-audiobook_6_1_eeg.npy,/home/fanyu/auditory_simulation_m6a/pub_01/s06/sparrkulee_v3.1/raw/derivatives/preprocessed_eeg/sub-012/ses-shortstories01/sub-012_ses-shortstories01_task-listeningActive_run-01_desc-preproc-audio-audiobook_6_1_eeg.npy,/home/fanyu/auditory_simulation_m6a/pub_01/s06/sparrkulee_v3.1/raw/derivatives/preprocessed_stimuli/audiobook_6_1_envelope.npy,audiobook_6_1,PUBLISHER_MAPPING_AND_COMMON_OVERLAP,PASS_WITH_LIMITATION,WITHIN_3S_ADVISORY; data_dict=PASS_STIMULUS_PROVENANCE; historical_generator_UNKNOWN
SparrKULee,sub-012_ses-shortstories01_task-listeningActive_run-02_desc-preproc-audio-audiobook_6_2_eeg.npy,/home/fanyu/auditory_simulation_m6a/pub_01/s06/sparrkulee_v3.1/raw/derivatives/preprocessed_eeg/sub-012/ses-shortstories01/sub-012_ses-shortstories01_task-listeningActive_run-02_desc-preproc-audio-audiobook_6_2_eeg.npy,/home/fanyu/auditory_simulation_m6a/pub_01/s06/sparrkulee_v3.1/raw/derivatives/preprocessed_stimuli/audiobook_6_2_envelope.npy,audiobook_6_2,PUBLISHER_MAPPING_AND_COMMON_OVERLAP,PASS_WITH_LIMITATION,WITHIN_3S_ADVISORY; data_dict=PASS_STIMULUS_PROVENANCE; historical_generator_UNKNOWN
SparrKULee,sub-012_ses-shortstories01_task-listeningActive_run-03_desc-preproc-audio-audiobook_4_eeg.npy,/home/fanyu/auditory_simulation_m6a/pub_01/s06/sparrkulee_v3.1/raw/derivatives/preprocessed_eeg/sub-012/ses-shortstories01/sub-012_ses-shortstories01_task-listeningActive_run-03_desc-preproc-audio-audiobook_4_eeg.npy,/home/fanyu/auditory_simulation_m6a/pub_01/s06/sparrkulee_v3.1/raw/derivatives/preprocessed_stimuli/audiobook_4_envelope.npy,audiobook_4,PUBLISHER_MAPPING_AND_COMMON_OVERLAP,PASS_WITH_LIMITATION,WITHIN_3S_ADVISORY; data_dict=PASS_STIMULUS_PROVENANCE; historical_generator_UNKNOWN
SparrKULee,sub-012_ses-shortstories01_task-listeningActive_run-04_desc-preproc-audio-audiobook_1_eeg.npy,/home/fanyu/auditory_simulation_m6a/pub_01/s06/sparrkulee_v3.1/raw/derivatives/preprocessed_eeg/sub-012/ses-shortstories01/sub-012_ses-shortstories01_task-listeningActive_run-04_desc-preproc-audio-audiobook_1_eeg.npy,/home/fanyu/auditory_simulation_m6a/pub_01/s06/sparrkulee_v3.1/raw/derivatives/preprocessed_stimuli/audiobook_1_envelope.npy,audiobook_1,PUBLISHER_MAPPING_AND_COMMON_OVERLAP,PASS_WITH_LIMITATION,WITHIN_3S_ADVISORY; data_dict=PASS_STIMULUS_PROVENANCE; historical_generator_UNKNOWN
SparrKULee,sub-012_ses-shortstories01_task-listeningActive_run-05_desc-preproc-audio-audiobook_2_1_eeg.npy,/home/fanyu/auditory_simulation_m6a/pub_01/s06/sparrkulee_v3.1/raw/derivatives/preprocessed_eeg/sub-012/ses-shortstories01/sub-012_ses-shortstories01_task-listeningActive_run-05_desc-preproc-audio-audiobook_2_1_eeg.npy,/home/fanyu/auditory_simulation_m6a/pub_01/s06/sparrkulee_v3.1/raw/derivatives/preprocessed_stimuli/audiobook_2_1_envelope.npy,audiobook_2_1,PUBLISHER_MAPPING_AND_COMMON_OVERLAP,PASS_WITH_LIMITATION,WITHIN_3S_ADVISORY; data_dict=PASS_STIMULUS_PROVENANCE; historical_generator_UNKNOWN
SparrKULee,sub-012_ses-shortstories01_task-listeningActive_run-06_desc-preproc-audio-audiobook_2_2_eeg.npy,/home/fanyu/auditory_simulation_m6a/pub_01/s06/sparrkulee_v3.1/raw/derivatives/preprocessed_eeg/sub-012/ses-shortstories01/sub-012_ses-shortstories01_task-listeningActive_run-06_desc-preproc-audio-audiobook_2_2_eeg.npy,/home/fanyu/auditory_simulation_m6a/pub_01/s06/sparrkulee_v3.1/raw/derivatives/preprocessed_stimuli/audiobook_2_2_envelope.npy,audiobook_2_2,PUBLISHER_MAPPING_AND_COMMON_OVERLAP,PASS_WITH_LIMITATION,LARGE_TAIL_REVIEW; data_dict=PASS_STIMULUS_PROVENANCE; historical_generator_UNKNOWN
SparrKULee,sub-012_ses-shortstories01_task-listeningActive_run-07_desc-preproc-audio-audiobook_5_1_eeg.npy,/home/fanyu/auditory_simulation_m6a/pub_01/s06/sparrkulee_v3.1/raw/derivatives/preprocessed_eeg/sub-012/ses-shortstories01/sub-012_ses-shortstories01_task-listeningActive_run-07_desc-preproc-audio-audiobook_5_1_eeg.npy,/home/fanyu/auditory_simulation_m6a/pub_01/s06/sparrkulee_v3.1/raw/derivatives/preprocessed_stimuli/audiobook_5_1_envelope.npy,audiobook_5_1,PUBLISHER_MAPPING_AND_COMMON_OVERLAP,PASS_WITH_LIMITATION,WITHIN_3S_ADVISORY; data_dict=PASS_STIMULUS_PROVENANCE; historical_generator_UNKNOWN
SparrKULee,sub-012_ses-shortstories01_task-listeningActive_run-08_desc-preproc-audio-audiobook_5_2_eeg.npy,/home/fanyu/auditory_simulation_m6a/pub_01/s06/sparrkulee_v3.1/raw/derivatives/preprocessed_eeg/sub-012/ses-shortstories01/sub-012_ses-shortstories01_task-listeningActive_run-08_desc-preproc-audio-audiobook_5_2_eeg.npy,/home/fanyu/auditory_simulation_m6a/pub_01/s06/sparrkulee_v3.1/raw/derivatives/preprocessed_stimuli/audiobook_5_2_envelope.npy,audiobook_5_2,PUBLISHER_MAPPING_AND_COMMON_OVERLAP,PASS_WITH_LIMITATION,WITHIN_3S_ADVISORY; data_dict=PASS_STIMULUS_PROVENANCE; historical_generator_UNKNOWN
SparrKULee,sub-012_ses-shortstories01_task-listeningActive_run-09_desc-preproc-audio-audiobook_5_3_eeg.npy,/home/fanyu/auditory_simulation_m6a/pub_01/s06/sparrkulee_v3.1/raw/derivatives/preprocessed_eeg/sub-012/ses-shortstories01/sub-012_ses-shortstories01_task-listeningActive_run-09_desc-preproc-audio-audiobook_5_3_eeg.npy,/home/fanyu/auditory_simulation_m6a/pub_01/s06/sparrkulee_v3.1/raw/derivatives/preprocessed_stimuli/audiobook_5_3_envelope.npy,audiobook_5_3,PUBLISHER_MAPPING_AND_COMMON_OVERLAP,PASS_WITH_LIMITATION,WITHIN_3S_ADVISORY; data_dict=PASS_STIMULUS_PROVENANCE; historical_generator_UNKNOWN
SparrKULee,sub-012_ses-shortstories01_task-listeningActive_run-10_desc-preproc-audio-audiobook_3_eeg.npy,/home/fanyu/auditory_simulation_m6a/pub_01/s06/sparrkulee_v3.1/raw/derivatives/preprocessed_eeg/sub-012/ses-shortstories01/sub-012_ses-shortstories01_task-listeningActive_run-10_desc-preproc-audio-audiobook_3_eeg.npy,/home/fanyu/auditory_simulation_m6a/pub_01/s06/sparrkulee_v3.1/raw/derivatives/preprocessed_stimuli/audiobook_3_envelope.npy,audiobook_3,PUBLISHER_MAPPING_AND_COMMON_OVERLAP,PASS_WITH_LIMITATION,WITHIN_3S_ADVISORY; data_dict=PASS_STIMULUS_PROVENANCE; historical_generator_UNKNOWN
SparrKULee,sub-013_ses-shortstories01_task-listeningActive_run-01_desc-preproc-audio-audiobook_3_eeg.npy,/home/fanyu/auditory_simulation_m6a/pub_01/s06/sparrkulee_v3.1/raw/derivatives/preprocessed_eeg/sub-013/ses-shortstories01/sub-013_ses-shortstories01_task-listeningActive_run-01_desc-preproc-audio-audiobook_3_eeg.npy,/home/fanyu/auditory_simulation_m6a/pub_01/s06/sparrkulee_v3.1/raw/derivatives/preprocessed_stimuli/audiobook_3_envelope.npy,audiobook_3,PUBLISHER_MAPPING_AND_COMMON_OVERLAP,PASS_WITH_LIMITATION,WITHIN_3S_ADVISORY; data_dict=PASS_STIMULUS_PROVENANCE; historical_generator_UNKNOWN
SparrKULee,sub-013_ses-shortstories01_task-listeningActive_run-02_desc-preproc-audio-audiobook_4_eeg.npy,/home/fanyu/auditory_simulation_m6a/pub_01/s06/sparrkulee_v3.1/raw/derivatives/preprocessed_eeg/sub-013/ses-shortstories01/sub-013_ses-shortstories01_task-listeningActive_run-02_desc-preproc-audio-audiobook_4_eeg.npy,/home/fanyu/auditory_simulation_m6a/pub_01/s06/sparrkulee_v3.1/raw/derivatives/preprocessed_stimuli/audiobook_4_envelope.npy,audiobook_4,PUBLISHER_MAPPING_AND_COMMON_OVERLAP,PASS_WITH_LIMITATION,WITHIN_3S_ADVISORY; data_dict=PASS_STIMULUS_PROVENANCE; historical_generator_UNKNOWN
SparrKULee,sub-013_ses-shortstories01_task-listeningActive_run-03_desc-preproc-audio-audiobook_1_eeg.npy,/home/fanyu/auditory_simulation_m6a/pub_01/s06/sparrkulee_v3.1/raw/derivatives/preprocessed_eeg/sub-013/ses-shortstories01/sub-013_ses-shortstories01_task-listeningActive_run-03_desc-preproc-audio-audiobook_1_eeg.npy,/home/fanyu/auditory_simulation_m6a/pub_01/s06/sparrkulee_v3.1/raw/derivatives/preprocessed_stimuli/audiobook_1_envelope.npy,audiobook_1,PUBLISHER_MAPPING_AND_COMMON_OVERLAP,PASS_WITH_LIMITATION,WITHIN_3S_ADVISORY; data_dict=PASS_STIMULUS_PROVENANCE; historical_generator_UNKNOWN
SparrKULee,sub-013_ses-shortstories01_task-listeningActive_run-04_desc-preproc-audio-audiobook_2_1_eeg.npy,/home/fanyu/auditory_simulation_m6a/pub_01/s06/sparrkulee_v3.1/raw/derivatives/preprocessed_eeg/sub-013/ses-shortstories01/sub-013_ses-shortstories01_task-listeningActive_run-04_desc-preproc-audio-audiobook_2_1_eeg.npy,/home/fanyu/auditory_simulation_m6a/pub_01/s06/sparrkulee_v3.1/raw/derivatives/preprocessed_stimuli/audiobook_2_1_envelope.npy,audiobook_2_1,PUBLISHER_MAPPING_AND_COMMON_OVERLAP,PASS_WITH_LIMITATION,WITHIN_3S_ADVISORY; data_dict=PASS_STIMULUS_PROVENANCE; historical_generator_UNKNOWN
SparrKULee,sub-013_ses-shortstories01_task-listeningActive_run-05_desc-preproc-audio-audiobook_2_2_eeg.npy,/home/fanyu/auditory_simulation_m6a/pub_01/s06/sparrkulee_v3.1/raw/derivatives/preprocessed_eeg/sub-013/ses-shortstories01/sub-013_ses-shortstories01_task-listeningActive_run-05_desc-preproc-audio-audiobook_2_2_eeg.npy,/home/fanyu/auditory_simulation_m6a/pub_01/s06/sparrkulee_v3.1/raw/derivatives/preprocessed_stimuli/audiobook_2_2_envelope.npy,audiobook_2_2,PUBLISHER_MAPPING_AND_COMMON_OVERLAP,PASS_WITH_LIMITATION,LARGE_TAIL_REVIEW; data_dict=PASS_STIMULUS_PROVENANCE; historical_generator_UNKNOWN
SparrKULee,sub-013_ses-shortstories01_task-listeningActive_run-06_desc-preproc-audio-audiobook_5_1_eeg.npy,/home/fanyu/auditory_simulation_m6a/pub_01/s06/sparrkulee_v3.1/raw/derivatives/preprocessed_eeg/sub-013/ses-shortstories01/sub-013_ses-shortstories01_task-listeningActive_run-06_desc-preproc-audio-audiobook_5_1_eeg.npy,/home/fanyu/auditory_simulation_m6a/pub_01/s06/sparrkulee_v3.1/raw/derivatives/preprocessed_stimuli/audiobook_5_1_envelope.npy,audiobook_5_1,PUBLISHER_MAPPING_AND_COMMON_OVERLAP,PASS_WITH_LIMITATION,WITHIN_3S_ADVISORY; data_dict=PASS_STIMULUS_PROVENANCE; historical_generator_UNKNOWN
SparrKULee,sub-013_ses-shortstories01_task-listeningActive_run-07_desc-preproc-audio-audiobook_5_2_eeg.npy,/home/fanyu/auditory_simulation_m6a/pub_01/s06/sparrkulee_v3.1/raw/derivatives/preprocessed_eeg/sub-013/ses-shortstories01/sub-013_ses-shortstories01_task-listeningActive_run-07_desc-preproc-audio-audiobook_5_2_eeg.npy,/home/fanyu/auditory_simulation_m6a/pub_01/s06/sparrkulee_v3.1/raw/derivatives/preprocessed_stimuli/audiobook_5_2_envelope.npy,audiobook_5_2,PUBLISHER_MAPPING_AND_COMMON_OVERLAP,PASS_WITH_LIMITATION,WITHIN_3S_ADVISORY; data_dict=PASS_STIMULUS_PROVENANCE; historical_generator_UNKNOWN
SparrKULee,sub-013_ses-shortstories01_task-listeningActive_run-08_desc-preproc-audio-audiobook_5_3_eeg.npy,/home/fanyu/auditory_simulation_m6a/pub_01/s06/sparrkulee_v3.1/raw/derivatives/preprocessed_eeg/sub-013/ses-shortstories01/sub-013_ses-shortstories01_task-listeningActive_run-08_desc-preproc-audio-audiobook_5_3_eeg.npy,/home/fanyu/auditory_simulation_m6a/pub_01/s06/sparrkulee_v3.1/raw/derivatives/preprocessed_stimuli/audiobook_5_3_envelope.npy,audiobook_5_3,PUBLISHER_MAPPING_AND_COMMON_OVERLAP,PASS_WITH_LIMITATION,WITHIN_3S_ADVISORY; data_dict=PASS_STIMULUS_PROVENANCE; historical_generator_UNKNOWN
SparrKULee,sub-013_ses-shortstories01_task-listeningActive_run-09_desc-preproc-audio-audiobook_6_1_eeg.npy,/home/fanyu/auditory_simulation_m6a/pub_01/s06/sparrkulee_v3.1/raw/derivatives/preprocessed_eeg/sub-013/ses-shortstories01/sub-013_ses-shortstories01_task-listeningActive_run-09_desc-preproc-audio-audiobook_6_1_eeg.npy,/home/fanyu/auditory_simulation_m6a/pub_01/s06/sparrkulee_v3.1/raw/derivatives/preprocessed_stimuli/audiobook_6_1_envelope.npy,audiobook_6_1,PUBLISHER_MAPPING_AND_COMMON_OVERLAP,PASS_WITH_LIMITATION,WITHIN_3S_ADVISORY; data_dict=PASS_STIMULUS_PROVENANCE; historical_generator_UNKNOWN
SparrKULee,sub-013_ses-shortstories01_task-listeningActive_run-10_desc-preproc-audio-audiobook_6_2_eeg.npy,/home/fanyu/auditory_simulation_m6a/pub_01/s06/sparrkulee_v3.1/raw/derivatives/preprocessed_eeg/sub-013/ses-shortstories01/sub-013_ses-shortstories01_task-listeningActive_run-10_desc-preproc-audio-audiobook_6_2_eeg.npy,/home/fanyu/auditory_simulation_m6a/pub_01/s06/sparrkulee_v3.1/raw/derivatives/preprocessed_stimuli/audiobook_6_2_envelope.npy,audiobook_6_2,PUBLISHER_MAPPING_AND_COMMON_OVERLAP,PASS_WITH_LIMITATION,WITHIN_3S_ADVISORY; data_dict=PASS_STIMULUS_PROVENANCE; historical_generator_UNKNOWN
SparrKULee,sub-014_ses-shortstories01_task-listeningActive_run-01_desc-preproc-audio-audiobook_1_1_eeg.npy,/home/fanyu/auditory_simulation_m6a/pub_01/s06/sparrkulee_v3.1/raw/derivatives/preprocessed_eeg/sub-014/ses-shortstories01/sub-014_ses-shortstories01_task-listeningActive_run-01_desc-preproc-audio-audiobook_1_1_eeg.npy,/home/fanyu/auditory_simulation_m6a/pub_01/s06/sparrkulee_v3.1/raw/derivatives/preprocessed_stimuli/audiobook_1_1_envelope.npy,audiobook_1_1,PUBLISHER_MAPPING_AND_COMMON_OVERLAP,PASS_WITH_LIMITATION,WITHIN_3S_ADVISORY; data_dict=PASS_STIMULUS_PROVENANCE; historical_generator_UNKNOWN
SparrKULee,sub-014_ses-shortstories01_task-listeningActive_run-02_desc-preproc-audio-audiobook_1_2_shifted_eeg.npy,/home/fanyu/auditory_simulation_m6a/pub_01/s06/sparrkulee_v3.1/raw/derivatives/preprocessed_eeg/sub-014/ses-shortstories01/sub-014_ses-shortstories01_task-listeningActive_run-02_desc-preproc-audio-audiobook_1_2_shifted_eeg.npy,/home/fanyu/auditory_simulation_m6a/pub_01/s06/sparrkulee_v3.1/raw/derivatives/preprocessed_stimuli/audiobook_1_2_shifted_envelope.npy,audiobook_1_2_shifted,PUBLISHER_MAPPING_AND_COMMON_OVERLAP,PASS_WITH_LIMITATION,WITHIN_3S_ADVISORY; data_dict=PASS_STIMULUS_PROVENANCE; historical_generator_UNKNOWN
SparrKULee,sub-014_ses-shortstories01_task-listeningActive_run-03_desc-preproc-audio-audiobook_4_eeg.npy,/home/fanyu/auditory_simulation_m6a/pub_01/s06/sparrkulee_v3.1/raw/derivatives/preprocessed_eeg/sub-014/ses-shortstories01/sub-014_ses-shortstories01_task-listeningActive_run-03_desc-preproc-audio-audiobook_4_eeg.npy,/home/fanyu/auditory_simulation_m6a/pub_01/s06/sparrkulee_v3.1/raw/derivatives/preprocessed_stimuli/audiobook_4_envelope.npy,audiobook_4,PUBLISHER_MAPPING_AND_COMMON_OVERLAP,PASS_WITH_LIMITATION,WITHIN_3S_ADVISORY; data_dict=PASS_STIMULUS_PROVENANCE; historical_generator_UNKNOWN
SparrKULee,sub-014_ses-shortstories01_task-listeningActive_run-04_desc-preproc-audio-audiobook_2_1_eeg.npy,/home/fanyu/auditory_simulation_m6a/pub_01/s06/sparrkulee_v3.1/raw/derivatives/preprocessed_eeg/sub-014/ses-shortstories01/sub-014_ses-shortstories01_task-listeningActive_run-04_desc-preproc-audio-audiobook_2_1_eeg.npy,/home/fanyu/auditory_simulation_m6a/pub_01/s06/sparrkulee_v3.1/raw/derivatives/preprocessed_stimuli/audiobook_2_1_envelope.npy,audiobook_2_1,PUBLISHER_MAPPING_AND_COMMON_OVERLAP,PASS_WITH_LIMITATION,WITHIN_3S_ADVISORY; data_dict=PASS_STIMULUS_PROVENANCE; historical_generator_UNKNOWN
SparrKULee,sub-014_ses-shortstories01_task-listeningActive_run-05_desc-preproc-audio-audiobook_2_2_eeg.npy,/home/fanyu/auditory_simulation_m6a/pub_01/s06/sparrkulee_v3.1/raw/derivatives/preprocessed_eeg/sub-014/ses-shortstories01/sub-014_ses-shortstories01_task-listeningActive_run-05_desc-preproc-audio-audiobook_2_2_eeg.npy,/home/fanyu/auditory_simulation_m6a/pub_01/s06/sparrkulee_v3.1/raw/derivatives/preprocessed_stimuli/audiobook_2_2_envelope.npy,audiobook_2_2,PUBLISHER_MAPPING_AND_COMMON_OVERLAP,PASS_WITH_LIMITATION,LARGE_TAIL_REVIEW; data_dict=PASS_STIMULUS_PROVENANCE; historical_generator_UNKNOWN
SparrKULee,sub-014_ses-shortstories01_task-listeningActive_run-06_desc-preproc-audio-audiobook_5_1_eeg.npy,/home/fanyu/auditory_simulation_m6a/pub_01/s06/sparrkulee_v3.1/raw/derivatives/preprocessed_eeg/sub-014/ses-shortstories01/sub-014_ses-shortstories01_task-listeningActive_run-06_desc-preproc-audio-audiobook_5_1_eeg.npy,/home/fanyu/auditory_simulation_m6a/pub_01/s06/sparrkulee_v3.1/raw/derivatives/preprocessed_stimuli/audiobook_5_1_envelope.npy,audiobook_5_1,PUBLISHER_MAPPING_AND_COMMON_OVERLAP,PASS_WITH_LIMITATION,WITHIN_3S_ADVISORY; data_dict=PASS_STIMULUS_PROVENANCE; historical_generator_UNKNOWN
SparrKULee,sub-014_ses-shortstories01_task-listeningActive_run-07_desc-preproc-audio-audiobook_5_2_eeg.npy,/home/fanyu/auditory_simulation_m6a/pub_01/s06/sparrkulee_v3.1/raw/derivatives/preprocessed_eeg/sub-014/ses-shortstories01/sub-014_ses-shortstories01_task-listeningActive_run-07_desc-preproc-audio-audiobook_5_2_eeg.npy,/home/fanyu/auditory_simulation_m6a/pub_01/s06/sparrkulee_v3.1/raw/derivatives/preprocessed_stimuli/audiobook_5_2_envelope.npy,audiobook_5_2,PUBLISHER_MAPPING_AND_COMMON_OVERLAP,PASS_WITH_LIMITATION,WITHIN_3S_ADVISORY; data_dict=PASS_STIMULUS_PROVENANCE; historical_generator_UNKNOWN
SparrKULee,sub-014_ses-shortstories01_task-listeningActive_run-08_desc-preproc-audio-audiobook_5_3_eeg.npy,/home/fanyu/auditory_simulation_m6a/pub_01/s06/sparrkulee_v3.1/raw/derivatives/preprocessed_eeg/sub-014/ses-shortstories01/sub-014_ses-shortstories01_task-listeningActive_run-08_desc-preproc-audio-audiobook_5_3_eeg.npy,/home/fanyu/auditory_simulation_m6a/pub_01/s06/sparrkulee_v3.1/raw/derivatives/preprocessed_stimuli/audiobook_5_3_envelope.npy,audiobook_5_3,PUBLISHER_MAPPING_AND_COMMON_OVERLAP,PASS_WITH_LIMITATION,WITHIN_3S_ADVISORY; data_dict=PASS_STIMULUS_PROVENANCE; historical_generator_UNKNOWN
SparrKULee,sub-014_ses-shortstories01_task-listeningActive_run-09_desc-preproc-audio-audiobook_3_eeg.npy,/home/fanyu/auditory_simulation_m6a/pub_01/s06/sparrkulee_v3.1/raw/derivatives/preprocessed_eeg/sub-014/ses-shortstories01/sub-014_ses-shortstories01_task-listeningActive_run-09_desc-preproc-audio-audiobook_3_eeg.npy,/home/fanyu/auditory_simulation_m6a/pub_01/s06/sparrkulee_v3.1/raw/derivatives/preprocessed_stimuli/audiobook_3_envelope.npy,audiobook_3,PUBLISHER_MAPPING_AND_COMMON_OVERLAP,PASS_WITH_LIMITATION,WITHIN_3S_ADVISORY; data_dict=PASS_STIMULUS_PROVENANCE; historical_generator_UNKNOWN
SparrKULee,sub-014_ses-shortstories01_task-listeningActive_run-10_desc-preproc-audio-audiobook_6_1_eeg.npy,/home/fanyu/auditory_simulation_m6a/pub_01/s06/sparrkulee_v3.1/raw/derivatives/preprocessed_eeg/sub-014/ses-shortstories01/sub-014_ses-shortstories01_task-listeningActive_run-10_desc-preproc-audio-audiobook_6_1_eeg.npy,/home/fanyu/auditory_simulation_m6a/pub_01/s06/sparrkulee_v3.1/raw/derivatives/preprocessed_stimuli/audiobook_6_1_envelope.npy,audiobook_6_1,PUBLISHER_MAPPING_AND_COMMON_OVERLAP,PASS_WITH_LIMITATION,WITHIN_3S_ADVISORY; data_dict=PASS_STIMULUS_PROVENANCE; historical_generator_UNKNOWN
SparrKULee,sub-014_ses-shortstories01_task-listeningActive_run-11_desc-preproc-audio-audiobook_6_2_eeg.npy,/home/fanyu/auditory_simulation_m6a/pub_01/s06/sparrkulee_v3.1/raw/derivatives/preprocessed_eeg/sub-014/ses-shortstories01/sub-014_ses-shortstories01_task-listeningActive_run-11_desc-preproc-audio-audiobook_6_2_eeg.npy,/home/fanyu/auditory_simulation_m6a/pub_01/s06/sparrkulee_v3.1/raw/derivatives/preprocessed_stimuli/audiobook_6_2_envelope.npy,audiobook_6_2,PUBLISHER_MAPPING_AND_COMMON_OVERLAP,PASS_WITH_LIMITATION,WITHIN_3S_ADVISORY; data_dict=PASS_STIMULUS_PROVENANCE; historical_generator_UNKNOWN
SparrKULee,sub-015_ses-shortstories01_task-listeningActive_run-01_desc-preproc-audio-audiobook_2_1_eeg.npy,/home/fanyu/auditory_simulation_m6a/pub_01/s06/sparrkulee_v3.1/raw/derivatives/preprocessed_eeg/sub-015/ses-shortstories01/sub-015_ses-shortstories01_task-listeningActive_run-01_desc-preproc-audio-audiobook_2_1_eeg.npy,/home/fanyu/auditory_simulation_m6a/pub_01/s06/sparrkulee_v3.1/raw/derivatives/preprocessed_stimuli/audiobook_2_1_envelope.npy,audiobook_2_1,PUBLISHER_MAPPING_AND_COMMON_OVERLAP,PASS_WITH_LIMITATION,WITHIN_3S_ADVISORY; data_dict=PASS_STIMULUS_PROVENANCE; historical_generator_UNKNOWN
SparrKULee,sub-015_ses-shortstories01_task-listeningActive_run-02_desc-preproc-audio-audiobook_2_2_eeg.npy,/home/fanyu/auditory_simulation_m6a/pub_01/s06/sparrkulee_v3.1/raw/derivatives/preprocessed_eeg/sub-015/ses-shortstories01/sub-015_ses-shortstories01_task-listeningActive_run-02_desc-preproc-audio-audiobook_2_2_eeg.npy,/home/fanyu/auditory_simulation_m6a/pub_01/s06/sparrkulee_v3.1/raw/derivatives/preprocessed_stimuli/audiobook_2_2_envelope.npy,audiobook_2_2,PUBLISHER_MAPPING_AND_COMMON_OVERLAP,PASS_WITH_LIMITATION,LARGE_TAIL_REVIEW; data_dict=PASS_STIMULUS_PROVENANCE; historical_generator_UNKNOWN
SparrKULee,sub-015_ses-shortstories01_task-listeningActive_run-03_desc-preproc-audio-audiobook_6_1_eeg.npy,/home/fanyu/auditory_simulation_m6a/pub_01/s06/sparrkulee_v3.1/raw/derivatives/preprocessed_eeg/sub-015/ses-shortstories01/sub-015_ses-shortstories01_task-listeningActive_run-03_desc-preproc-audio-audiobook_6_1_eeg.npy,/home/fanyu/auditory_simulation_m6a/pub_01/s06/sparrkulee_v3.1/raw/derivatives/preprocessed_stimuli/audiobook_6_1_envelope.npy,audiobook_6_1,PUBLISHER_MAPPING_AND_COMMON_OVERLAP,PASS_WITH_LIMITATION,WITHIN_3S_ADVISORY; data_dict=PASS_STIMULUS_PROVENANCE; historical_generator_UNKNOWN
SparrKULee,sub-015_ses-shortstories01_task-listeningActive_run-04_desc-preproc-audio-audiobook_6_2_eeg.npy,/home/fanyu/auditory_simulation_m6a/pub_01/s06/sparrkulee_v3.1/raw/derivatives/preprocessed_eeg/sub-015/ses-shortstories01/sub-015_ses-shortstories01_task-listeningActive_run-04_desc-preproc-audio-audiobook_6_2_eeg.npy,/home/fanyu/auditory_simulation_m6a/pub_01/s06/sparrkulee_v3.1/raw/derivatives/preprocessed_stimuli/audiobook_6_2_envelope.npy,audiobook_6_2,PUBLISHER_MAPPING_AND_COMMON_OVERLAP,PASS_WITH_LIMITATION,WITHIN_3S_ADVISORY; data_dict=PASS_STIMULUS_PROVENANCE; historical_generator_UNKNOWN
SparrKULee,sub-015_ses-shortstories01_task-listeningActive_run-05_desc-preproc-audio-audiobook_1_eeg.npy,/home/fanyu/auditory_simulation_m6a/pub_01/s06/sparrkulee_v3.1/raw/derivatives/preprocessed_eeg/sub-015/ses-shortstories01/sub-015_ses-shortstories01_task-listeningActive_run-05_desc-preproc-audio-audiobook_1_eeg.npy,/home/fanyu/auditory_simulation_m6a/pub_01/s06/sparrkulee_v3.1/raw/derivatives/preprocessed_stimuli/audiobook_1_envelope.npy,audiobook_1,PUBLISHER_MAPPING_AND_COMMON_OVERLAP,PASS_WITH_LIMITATION,WITHIN_3S_ADVISORY; data_dict=PASS_STIMULUS_PROVENANCE; historical_generator_UNKNOWN
SparrKULee,sub-015_ses-shortstories01_task-listeningActive_run-06_desc-preproc-audio-audiobook_4_eeg.npy,/home/fanyu/auditory_simulation_m6a/pub_01/s06/sparrkulee_v3.1/raw/derivatives/preprocessed_eeg/sub-015/ses-shortstories01/sub-015_ses-shortstories01_task-listeningActive_run-06_desc-preproc-audio-audiobook_4_eeg.npy,/home/fanyu/auditory_simulation_m6a/pub_01/s06/sparrkulee_v3.1/raw/derivatives/preprocessed_stimuli/audiobook_4_envelope.npy,audiobook_4,PUBLISHER_MAPPING_AND_COMMON_OVERLAP,PASS_WITH_LIMITATION,WITHIN_3S_ADVISORY; data_dict=PASS_STIMULUS_PROVENANCE; historical_generator_UNKNOWN
SparrKULee,sub-015_ses-shortstories01_task-listeningActive_run-07_desc-preproc-audio-audiobook_3_eeg.npy,/home/fanyu/auditory_simulation_m6a/pub_01/s06/sparrkulee_v3.1/raw/derivatives/preprocessed_eeg/sub-015/ses-shortstories01/sub-015_ses-shortstories01_task-listeningActive_run-07_desc-preproc-audio-audiobook_3_eeg.npy,/home/fanyu/auditory_simulation_m6a/pub_01/s06/sparrkulee_v3.1/raw/derivatives/preprocessed_stimuli/audiobook_3_envelope.npy,audiobook_3,PUBLISHER_MAPPING_AND_COMMON_OVERLAP,PASS_WITH_LIMITATION,WITHIN_3S_ADVISORY; data_dict=PASS_STIMULUS_PROVENANCE; historical_generator_UNKNOWN
SparrKULee,sub-015_ses-shortstories01_task-listeningActive_run-08_desc-preproc-audio-audiobook_5_1_eeg.npy,/home/fanyu/auditory_simulation_m6a/pub_01/s06/sparrkulee_v3.1/raw/derivatives/preprocessed_eeg/sub-015/ses-shortstories01/sub-015_ses-shortstories01_task-listeningActive_run-08_desc-preproc-audio-audiobook_5_1_eeg.npy,/home/fanyu/auditory_simulation_m6a/pub_01/s06/sparrkulee_v3.1/raw/derivatives/preprocessed_stimuli/audiobook_5_1_envelope.npy,audiobook_5_1,PUBLISHER_MAPPING_AND_COMMON_OVERLAP,PASS_WITH_LIMITATION,WITHIN_3S_ADVISORY; data_dict=PASS_STIMULUS_PROVENANCE; historical_generator_UNKNOWN
SparrKULee,sub-015_ses-shortstories01_task-listeningActive_run-09_desc-preproc-audio-audiobook_5_2_eeg.npy,/home/fanyu/auditory_simulation_m6a/pub_01/s06/sparrkulee_v3.1/raw/derivatives/preprocessed_eeg/sub-015/ses-shortstories01/sub-015_ses-shortstories01_task-listeningActive_run-09_desc-preproc-audio-audiobook_5_2_eeg.npy,/home/fanyu/auditory_simulation_m6a/pub_01/s06/sparrkulee_v3.1/raw/derivatives/preprocessed_stimuli/audiobook_5_2_envelope.npy,audiobook_5_2,PUBLISHER_MAPPING_AND_COMMON_OVERLAP,PASS_WITH_LIMITATION,WITHIN_3S_ADVISORY; data_dict=PASS_STIMULUS_PROVENANCE; historical_generator_UNKNOWN
SparrKULee,sub-015_ses-shortstories01_task-listeningActive_run-10_desc-preproc-audio-audiobook_5_3_eeg.npy,/home/fanyu/auditory_simulation_m6a/pub_01/s06/sparrkulee_v3.1/raw/derivatives/preprocessed_eeg/sub-015/ses-shortstories01/sub-015_ses-shortstories01_task-listeningActive_run-10_desc-preproc-audio-audiobook_5_3_eeg.npy,/home/fanyu/auditory_simulation_m6a/pub_01/s06/sparrkulee_v3.1/raw/derivatives/preprocessed_stimuli/audiobook_5_3_envelope.npy,audiobook_5_3,PUBLISHER_MAPPING_AND_COMMON_OVERLAP,PASS_WITH_LIMITATION,WITHIN_3S_ADVISORY; data_dict=PASS_STIMULUS_PROVENANCE; historical_generator_UNKNOWN
SparrKULee,sub-016_ses-shortstories01_task-listeningActive_run-01_desc-preproc-audio-audiobook_5_1_eeg.npy,/home/fanyu/auditory_simulation_m6a/pub_01/s06/sparrkulee_v3.1/raw/derivatives/preprocessed_eeg/sub-016/ses-shortstories01/sub-016_ses-shortstories01_task-listeningActive_run-01_desc-preproc-audio-audiobook_5_1_eeg.npy,/home/fanyu/auditory_simulation_m6a/pub_01/s06/sparrkulee_v3.1/raw/derivatives/preprocessed_stimuli/audiobook_5_1_envelope.npy,audiobook_5_1,PUBLISHER_MAPPING_AND_COMMON_OVERLAP,PASS_WITH_LIMITATION,WITHIN_3S_ADVISORY; data_dict=PASS_STIMULUS_PROVENANCE; historical_generator_UNKNOWN
SparrKULee,sub-016_ses-shortstories01_task-listeningActive_run-02_desc-preproc-audio-audiobook_5_2_eeg.npy,/home/fanyu/auditory_simulation_m6a/pub_01/s06/sparrkulee_v3.1/raw/derivatives/preprocessed_eeg/sub-016/ses-shortstories01/sub-016_ses-shortstories01_task-listeningActive_run-02_desc-preproc-audio-audiobook_5_2_eeg.npy,/home/fanyu/auditory_simulation_m6a/pub_01/s06/sparrkulee_v3.1/raw/derivatives/preprocessed_stimuli/audiobook_5_2_envelope.npy,audiobook_5_2,PUBLISHER_MAPPING_AND_COMMON_OVERLAP,PASS_WITH_LIMITATION,WITHIN_3S_ADVISORY; data_dict=PASS_STIMULUS_PROVENANCE; historical_generator_UNKNOWN
SparrKULee,sub-016_ses-shortstories01_task-listeningActive_run-03_desc-preproc-audio-audiobook_5_3_eeg.npy,/home/fanyu/auditory_simulation_m6a/pub_01/s06/sparrkulee_v3.1/raw/derivatives/preprocessed_eeg/sub-016/ses-shortstories01/sub-016_ses-shortstories01_task-listeningActive_run-03_desc-preproc-audio-audiobook_5_3_eeg.npy,/home/fanyu/auditory_simulation_m6a/pub_01/s06/sparrkulee_v3.1/raw/derivatives/preprocessed_stimuli/audiobook_5_3_envelope.npy,audiobook_5_3,PUBLISHER_MAPPING_AND_COMMON_OVERLAP,PASS_WITH_LIMITATION,WITHIN_3S_ADVISORY; data_dict=PASS_STIMULUS_PROVENANCE; historical_generator_UNKNOWN
SparrKULee,sub-016_ses-shortstories01_task-listeningActive_run-04_desc-preproc-audio-audiobook_3_eeg.npy,/home/fanyu/auditory_simulation_m6a/pub_01/s06/sparrkulee_v3.1/raw/derivatives/preprocessed_eeg/sub-016/ses-shortstories01/sub-016_ses-shortstories01_task-listeningActive_run-04_desc-preproc-audio-audiobook_3_eeg.npy,/home/fanyu/auditory_simulation_m6a/pub_01/s06/sparrkulee_v3.1/raw/derivatives/preprocessed_stimuli/audiobook_3_envelope.npy,audiobook_3,PUBLISHER_MAPPING_AND_COMMON_OVERLAP,PASS_WITH_LIMITATION,WITHIN_3S_ADVISORY; data_dict=PASS_STIMULUS_PROVENANCE; historical_generator_UNKNOWN
SparrKULee,sub-016_ses-shortstories01_task-listeningActive_run-05_desc-preproc-audio-audiobook_1_eeg.npy,/home/fanyu/auditory_simulation_m6a/pub_01/s06/sparrkulee_v3.1/raw/derivatives/preprocessed_eeg/sub-016/ses-shortstories01/sub-016_ses-shortstories01_task-listeningActive_run-05_desc-preproc-audio-audiobook_1_eeg.npy,/home/fanyu/auditory_simulation_m6a/pub_01/s06/sparrkulee_v3.1/raw/derivatives/preprocessed_stimuli/audiobook_1_envelope.npy,audiobook_1,PUBLISHER_MAPPING_AND_COMMON_OVERLAP,PASS_WITH_LIMITATION,WITHIN_3S_ADVISORY; data_dict=PASS_STIMULUS_PROVENANCE; historical_generator_UNKNOWN
SparrKULee,sub-016_ses-shortstories01_task-listeningActive_run-06_desc-preproc-audio-audiobook_4_eeg.npy,/home/fanyu/auditory_simulation_m6a/pub_01/s06/sparrkulee_v3.1/raw/derivatives/preprocessed_eeg/sub-016/ses-shortstories01/sub-016_ses-shortstories01_task-listeningActive_run-06_desc-preproc-audio-audiobook_4_eeg.npy,/home/fanyu/auditory_simulation_m6a/pub_01/s06/sparrkulee_v3.1/raw/derivatives/preprocessed_stimuli/audiobook_4_envelope.npy,audiobook_4,PUBLISHER_MAPPING_AND_COMMON_OVERLAP,PASS_WITH_LIMITATION,WITHIN_3S_ADVISORY; data_dict=PASS_STIMULUS_PROVENANCE; historical_generator_UNKNOWN
SparrKULee,sub-016_ses-shortstories01_task-listeningActive_run-07_desc-preproc-audio-audiobook_6_1_eeg.npy,/home/fanyu/auditory_simulation_m6a/pub_01/s06/sparrkulee_v3.1/raw/derivatives/preprocessed_eeg/sub-016/ses-shortstories01/sub-016_ses-shortstories01_task-listeningActive_run-07_desc-preproc-audio-audiobook_6_1_eeg.npy,/home/fanyu/auditory_simulation_m6a/pub_01/s06/sparrkulee_v3.1/raw/derivatives/preprocessed_stimuli/audiobook_6_1_envelope.npy,audiobook_6_1,PUBLISHER_MAPPING_AND_COMMON_OVERLAP,PASS_WITH_LIMITATION,WITHIN_3S_ADVISORY; data_dict=PASS_STIMULUS_PROVENANCE; historical_generator_UNKNOWN
SparrKULee,sub-016_ses-shortstories01_task-listeningActive_run-08_desc-preproc-audio-audiobook_6_2_eeg.npy,/home/fanyu/auditory_simulation_m6a/pub_01/s06/sparrkulee_v3.1/raw/derivatives/preprocessed_eeg/sub-016/ses-shortstories01/sub-016_ses-shortstories01_task-listeningActive_run-08_desc-preproc-audio-audiobook_6_2_eeg.npy,/home/fanyu/auditory_simulation_m6a/pub_01/s06/sparrkulee_v3.1/raw/derivatives/preprocessed_stimuli/audiobook_6_2_envelope.npy,audiobook_6_2,PUBLISHER_MAPPING_AND_COMMON_OVERLAP,PASS_WITH_LIMITATION,WITHIN_3S_ADVISORY; data_dict=PASS_STIMULUS_PROVENANCE; historical_generator_UNKNOWN
SparrKULee,sub-016_ses-shortstories01_task-listeningActive_run-09_desc-preproc-audio-audiobook_2_1_eeg.npy,/home/fanyu/auditory_simulation_m6a/pub_01/s06/sparrkulee_v3.1/raw/derivatives/preprocessed_eeg/sub-016/ses-shortstories01/sub-016_ses-shortstories01_task-listeningActive_run-09_desc-preproc-audio-audiobook_2_1_eeg.npy,/home/fanyu/auditory_simulation_m6a/pub_01/s06/sparrkulee_v3.1/raw/derivatives/preprocessed_stimuli/audiobook_2_1_envelope.npy,audiobook_2_1,PUBLISHER_MAPPING_AND_COMMON_OVERLAP,PASS_WITH_LIMITATION,WITHIN_3S_ADVISORY; data_dict=PASS_STIMULUS_PROVENANCE; historical_generator_UNKNOWN
SparrKULee,sub-016_ses-shortstories01_task-listeningActive_run-10_desc-preproc-audio-audiobook_2_2_eeg.npy,/home/fanyu/auditory_simulation_m6a/pub_01/s06/sparrkulee_v3.1/raw/derivatives/preprocessed_eeg/sub-016/ses-shortstories01/sub-016_ses-shortstories01_task-listeningActive_run-10_desc-preproc-audio-audiobook_2_2_eeg.npy,/home/fanyu/auditory_simulation_m6a/pub_01/s06/sparrkulee_v3.1/raw/derivatives/preprocessed_stimuli/audiobook_2_2_envelope.npy,audiobook_2_2,PUBLISHER_MAPPING_AND_COMMON_OVERLAP,PASS_WITH_LIMITATION,LARGE_TAIL_REVIEW; data_dict=PASS_STIMULUS_PROVENANCE; historical_generator_UNKNOWN
SparrKULee,sub-017_ses-shortstories01_task-listeningActive_run-01_desc-preproc-audio-audiobook_5_1_eeg.npy,/home/fanyu/auditory_simulation_m6a/pub_01/s06/sparrkulee_v3.1/raw/derivatives/preprocessed_eeg/sub-017/ses-shortstories01/sub-017_ses-shortstories01_task-listeningActive_run-01_desc-preproc-audio-audiobook_5_1_eeg.npy,/home/fanyu/auditory_simulation_m6a/pub_01/s06/sparrkulee_v3.1/raw/derivatives/preprocessed_stimuli/audiobook_5_1_envelope.npy,audiobook_5_1,PUBLISHER_MAPPING_AND_COMMON_OVERLAP,PASS_WITH_LIMITATION,WITHIN_3S_ADVISORY; data_dict=PASS_STIMULUS_PROVENANCE; historical_generator_UNKNOWN
SparrKULee,sub-017_ses-shortstories01_task-listeningActive_run-02_desc-preproc-audio-audiobook_5_2_eeg.npy,/home/fanyu/auditory_simulation_m6a/pub_01/s06/sparrkulee_v3.1/raw/derivatives/preprocessed_eeg/sub-017/ses-shortstories01/sub-017_ses-shortstories01_task-listeningActive_run-02_desc-preproc-audio-audiobook_5_2_eeg.npy,/home/fanyu/auditory_simulation_m6a/pub_01/s06/sparrkulee_v3.1/raw/derivatives/preprocessed_stimuli/audiobook_5_2_envelope.npy,audiobook_5_2,PUBLISHER_MAPPING_AND_COMMON_OVERLAP,PASS_WITH_LIMITATION,WITHIN_3S_ADVISORY; data_dict=PASS_STIMULUS_PROVENANCE; historical_generator_UNKNOWN
SparrKULee,sub-017_ses-shortstories01_task-listeningActive_run-04_desc-preproc-audio-audiobook_2_1_eeg.npy,/home/fanyu/auditory_simulation_m6a/pub_01/s06/sparrkulee_v3.1/raw/derivatives/preprocessed_eeg/sub-017/ses-shortstories01/sub-017_ses-shortstories01_task-listeningActive_run-04_desc-preproc-audio-audiobook_2_1_eeg.npy,/home/fanyu/auditory_simulation_m6a/pub_01/s06/sparrkulee_v3.1/raw/derivatives/preprocessed_stimuli/audiobook_2_1_envelope.npy,audiobook_2_1,PUBLISHER_MAPPING_AND_COMMON_OVERLAP,PASS_WITH_LIMITATION,WITHIN_3S_ADVISORY; data_dict=PASS_STIMULUS_PROVENANCE; historical_generator_UNKNOWN
SparrKULee,sub-017_ses-shortstories01_task-listeningActive_run-05_desc-preproc-audio-audiobook_2_2_eeg.npy,/home/fanyu/auditory_simulation_m6a/pub_01/s06/sparrkulee_v3.1/raw/derivatives/preprocessed_eeg/sub-017/ses-shortstories01/sub-017_ses-shortstories01_task-listeningActive_run-05_desc-preproc-audio-audiobook_2_2_eeg.npy,/home/fanyu/auditory_simulation_m6a/pub_01/s06/sparrkulee_v3.1/raw/derivatives/preprocessed_stimuli/audiobook_2_2_envelope.npy,audiobook_2_2,PUBLISHER_MAPPING_AND_COMMON_OVERLAP,PASS_WITH_LIMITATION,LARGE_TAIL_REVIEW; data_dict=PASS_STIMULUS_PROVENANCE; historical_generator_UNKNOWN
SparrKULee,sub-018_ses-shortstories01_task-listeningActive_run-01_desc-preproc-audio-audiobook_5_1_eeg.npy,/home/fanyu/auditory_simulation_m6a/pub_01/s06/sparrkulee_v3.1/raw/derivatives/preprocessed_eeg/sub-018/ses-shortstories01/sub-018_ses-shortstories01_task-listeningActive_run-01_desc-preproc-audio-audiobook_5_1_eeg.npy,/home/fanyu/auditory_simulation_m6a/pub_01/s06/sparrkulee_v3.1/raw/derivatives/preprocessed_stimuli/audiobook_5_1_envelope.npy,audiobook_5_1,PUBLISHER_MAPPING_AND_COMMON_OVERLAP,PASS_WITH_LIMITATION,WITHIN_3S_ADVISORY; data_dict=PASS_STIMULUS_PROVENANCE; historical_generator_UNKNOWN
SparrKULee,sub-018_ses-shortstories01_task-listeningActive_run-02_desc-preproc-audio-audiobook_5_2_eeg.npy,/home/fanyu/auditory_simulation_m6a/pub_01/s06/sparrkulee_v3.1/raw/derivatives/preprocessed_eeg/sub-018/ses-shortstories01/sub-018_ses-shortstories01_task-listeningActive_run-02_desc-preproc-audio-audiobook_5_2_eeg.npy,/home/fanyu/auditory_simulation_m6a/pub_01/s06/sparrkulee_v3.1/raw/derivatives/preprocessed_stimuli/audiobook_5_2_envelope.npy,audiobook_5_2,PUBLISHER_MAPPING_AND_COMMON_OVERLAP,PASS_WITH_LIMITATION,WITHIN_3S_ADVISORY; data_dict=PASS_STIMULUS_PROVENANCE; historical_generator_UNKNOWN
SparrKULee,sub-018_ses-shortstories01_task-listeningActive_run-03_desc-preproc-audio-audiobook_5_3_eeg.npy,/home/fanyu/auditory_simulation_m6a/pub_01/s06/sparrkulee_v3.1/raw/derivatives/preprocessed_eeg/sub-018/ses-shortstories01/sub-018_ses-shortstories01_task-listeningActive_run-03_desc-preproc-audio-audiobook_5_3_eeg.npy,/home/fanyu/auditory_simulation_m6a/pub_01/s06/sparrkulee_v3.1/raw/derivatives/preprocessed_stimuli/audiobook_5_3_envelope.npy,audiobook_5_3,PUBLISHER_MAPPING_AND_COMMON_OVERLAP,PASS_WITH_LIMITATION,WITHIN_3S_ADVISORY; data_dict=PASS_STIMULUS_PROVENANCE; historical_generator_UNKNOWN
SparrKULee,sub-018_ses-shortstories01_task-listeningActive_run-04_desc-preproc-audio-audiobook_4_eeg.npy,/home/fanyu/auditory_simulation_m6a/pub_01/s06/sparrkulee_v3.1/raw/derivatives/preprocessed_eeg/sub-018/ses-shortstories01/sub-018_ses-shortstories01_task-listeningActive_run-04_desc-preproc-audio-audiobook_4_eeg.npy,/home/fanyu/auditory_simulation_m6a/pub_01/s06/sparrkulee_v3.1/raw/derivatives/preprocessed_stimuli/audiobook_4_envelope.npy,audiobook_4,PUBLISHER_MAPPING_AND_COMMON_OVERLAP,PASS_WITH_LIMITATION,WITHIN_3S_ADVISORY; data_dict=PASS_STIMULUS_PROVENANCE; historical_generator_UNKNOWN
SparrKULee,sub-018_ses-shortstories01_task-listeningActive_run-05_desc-preproc-audio-audiobook_3_eeg.npy,/home/fanyu/auditory_simulation_m6a/pub_01/s06/sparrkulee_v3.1/raw/derivatives/preprocessed_eeg/sub-018/ses-shortstories01/sub-018_ses-shortstories01_task-listeningActive_run-05_desc-preproc-audio-audiobook_3_eeg.npy,/home/fanyu/auditory_simulation_m6a/pub_01/s06/sparrkulee_v3.1/raw/derivatives/preprocessed_stimuli/audiobook_3_envelope.npy,audiobook_3,PUBLISHER_MAPPING_AND_COMMON_OVERLAP,PASS_WITH_LIMITATION,WITHIN_3S_ADVISORY; data_dict=PASS_STIMULUS_PROVENANCE; historical_generator_UNKNOWN
SparrKULee,sub-018_ses-shortstories01_task-listeningActive_run-06_desc-preproc-audio-audiobook_6_1_eeg.npy,/home/fanyu/auditory_simulation_m6a/pub_01/s06/sparrkulee_v3.1/raw/derivatives/preprocessed_eeg/sub-018/ses-shortstories01/sub-018_ses-shortstories01_task-listeningActive_run-06_desc-preproc-audio-audiobook_6_1_eeg.npy,/home/fanyu/auditory_simulation_m6a/pub_01/s06/sparrkulee_v3.1/raw/derivatives/preprocessed_stimuli/audiobook_6_1_envelope.npy,audiobook_6_1,PUBLISHER_MAPPING_AND_COMMON_OVERLAP,PASS_WITH_LIMITATION,WITHIN_3S_ADVISORY; data_dict=PASS_STIMULUS_PROVENANCE; historical_generator_UNKNOWN
SparrKULee,sub-018_ses-shortstories01_task-listeningActive_run-07_desc-preproc-audio-audiobook_6_2_eeg.npy,/home/fanyu/auditory_simulation_m6a/pub_01/s06/sparrkulee_v3.1/raw/derivatives/preprocessed_eeg/sub-018/ses-shortstories01/sub-018_ses-shortstories01_task-listeningActive_run-07_desc-preproc-audio-audiobook_6_2_eeg.npy,/home/fanyu/auditory_simulation_m6a/pub_01/s06/sparrkulee_v3.1/raw/derivatives/preprocessed_stimuli/audiobook_6_2_envelope.npy,audiobook_6_2,PUBLISHER_MAPPING_AND_COMMON_OVERLAP,PASS_WITH_LIMITATION,WITHIN_3S_ADVISORY; data_dict=PASS_STIMULUS_PROVENANCE; historical_generator_UNKNOWN
SparrKULee,sub-018_ses-shortstories01_task-listeningActive_run-08_desc-preproc-audio-audiobook_1_eeg.npy,/home/fanyu/auditory_simulation_m6a/pub_01/s06/sparrkulee_v3.1/raw/derivatives/preprocessed_eeg/sub-018/ses-shortstories01/sub-018_ses-shortstories01_task-listeningActive_run-08_desc-preproc-audio-audiobook_1_eeg.npy,/home/fanyu/auditory_simulation_m6a/pub_01/s06/sparrkulee_v3.1/raw/derivatives/preprocessed_stimuli/audiobook_1_envelope.npy,audiobook_1,PUBLISHER_MAPPING_AND_COMMON_OVERLAP,PASS_WITH_LIMITATION,WITHIN_3S_ADVISORY; data_dict=PASS_STIMULUS_PROVENANCE; historical_generator_UNKNOWN
SparrKULee,sub-018_ses-shortstories01_task-listeningActive_run-09_desc-preproc-audio-audiobook_2_1_eeg.npy,/home/fanyu/auditory_simulation_m6a/pub_01/s06/sparrkulee_v3.1/raw/derivatives/preprocessed_eeg/sub-018/ses-shortstories01/sub-018_ses-shortstories01_task-listeningActive_run-09_desc-preproc-audio-audiobook_2_1_eeg.npy,/home/fanyu/auditory_simulation_m6a/pub_01/s06/sparrkulee_v3.1/raw/derivatives/preprocessed_stimuli/audiobook_2_1_envelope.npy,audiobook_2_1,PUBLISHER_MAPPING_AND_COMMON_OVERLAP,PASS_WITH_LIMITATION,WITHIN_3S_ADVISORY; data_dict=PASS_STIMULUS_PROVENANCE; historical_generator_UNKNOWN
SparrKULee,sub-018_ses-shortstories01_task-listeningActive_run-10_desc-preproc-audio-audiobook_2_2_eeg.npy,/home/fanyu/auditory_simulation_m6a/pub_01/s06/sparrkulee_v3.1/raw/derivatives/preprocessed_eeg/sub-018/ses-shortstories01/sub-018_ses-shortstories01_task-listeningActive_run-10_desc-preproc-audio-audiobook_2_2_eeg.npy,/home/fanyu/auditory_simulation_m6a/pub_01/s06/sparrkulee_v3.1/raw/derivatives/preprocessed_stimuli/audiobook_2_2_envelope.npy,audiobook_2_2,PUBLISHER_MAPPING_AND_COMMON_OVERLAP,PASS_WITH_LIMITATION,LARGE_TAIL_REVIEW; data_dict=PASS_STIMULUS_PROVENANCE; historical_generator_UNKNOWN
SparrKULee,sub-019_ses-shortstories01_task-listeningActive_run-01_desc-preproc-audio-audiobook_6_1_eeg.npy,/home/fanyu/auditory_simulation_m6a/pub_01/s06/sparrkulee_v3.1/raw/derivatives/preprocessed_eeg/sub-019/ses-shortstories01/sub-019_ses-shortstories01_task-listeningActive_run-01_desc-preproc-audio-audiobook_6_1_eeg.npy,/home/fanyu/auditory_simulation_m6a/pub_01/s06/sparrkulee_v3.1/raw/derivatives/preprocessed_stimuli/audiobook_6_1_envelope.npy,audiobook_6_1,PUBLISHER_MAPPING_AND_COMMON_OVERLAP,PASS_WITH_LIMITATION,WITHIN_3S_ADVISORY; data_dict=PASS_STIMULUS_PROVENANCE; historical_generator_UNKNOWN
SparrKULee,sub-019_ses-shortstories01_task-listeningActive_run-02_desc-preproc-audio-audiobook_6_2_eeg.npy,/home/fanyu/auditory_simulation_m6a/pub_01/s06/sparrkulee_v3.1/raw/derivatives/preprocessed_eeg/sub-019/ses-shortstories01/sub-019_ses-shortstories01_task-listeningActive_run-02_desc-preproc-audio-audiobook_6_2_eeg.npy,/home/fanyu/auditory_simulation_m6a/pub_01/s06/sparrkulee_v3.1/raw/derivatives/preprocessed_stimuli/audiobook_6_2_envelope.npy,audiobook_6_2,PUBLISHER_MAPPING_AND_COMMON_OVERLAP,PASS_WITH_LIMITATION,WITHIN_3S_ADVISORY; data_dict=PASS_STIMULUS_PROVENANCE; historical_generator_UNKNOWN
SparrKULee,sub-019_ses-shortstories01_task-listeningActive_run-03_desc-preproc-audio-audiobook_3_eeg.npy,/home/fanyu/auditory_simulation_m6a/pub_01/s06/sparrkulee_v3.1/raw/derivatives/preprocessed_eeg/sub-019/ses-shortstories01/sub-019_ses-shortstories01_task-listeningActive_run-03_desc-preproc-audio-audiobook_3_eeg.npy,/home/fanyu/auditory_simulation_m6a/pub_01/s06/sparrkulee_v3.1/raw/derivatives/preprocessed_stimuli/audiobook_3_envelope.npy,audiobook_3,PUBLISHER_MAPPING_AND_COMMON_OVERLAP,PASS_WITH_LIMITATION,WITHIN_3S_ADVISORY; data_dict=PASS_STIMULUS_PROVENANCE; historical_generator_UNKNOWN
SparrKULee,sub-019_ses-shortstories01_task-listeningActive_run-04_desc-preproc-audio-audiobook_5_1_eeg.npy,/home/fanyu/auditory_simulation_m6a/pub_01/s06/sparrkulee_v3.1/raw/derivatives/preprocessed_eeg/sub-019/ses-shortstories01/sub-019_ses-shortstories01_task-listeningActive_run-04_desc-preproc-audio-audiobook_5_1_eeg.npy,/home/fanyu/auditory_simulation_m6a/pub_01/s06/sparrkulee_v3.1/raw/derivatives/preprocessed_stimuli/audiobook_5_1_envelope.npy,audiobook_5_1,PUBLISHER_MAPPING_AND_COMMON_OVERLAP,PASS_WITH_LIMITATION,WITHIN_3S_ADVISORY; data_dict=PASS_STIMULUS_PROVENANCE; historical_generator_UNKNOWN
SparrKULee,sub-019_ses-shortstories01_task-listeningActive_run-05_desc-preproc-audio-audiobook_5_2_eeg.npy,/home/fanyu/auditory_simulation_m6a/pub_01/s06/sparrkulee_v3.1/raw/derivatives/preprocessed_eeg/sub-019/ses-shortstories01/sub-019_ses-shortstories01_task-listeningActive_run-05_desc-preproc-audio-audiobook_5_2_eeg.npy,/home/fanyu/auditory_simulation_m6a/pub_01/s06/sparrkulee_v3.1/raw/derivatives/preprocessed_stimuli/audiobook_5_2_envelope.npy,audiobook_5_2,PUBLISHER_MAPPING_AND_COMMON_OVERLAP,PASS_WITH_LIMITATION,WITHIN_3S_ADVISORY; data_dict=PASS_STIMULUS_PROVENANCE; historical_generator_UNKNOWN
SparrKULee,sub-019_ses-shortstories01_task-listeningActive_run-06_desc-preproc-audio-audiobook_5_3_eeg.npy,/home/fanyu/auditory_simulation_m6a/pub_01/s06/sparrkulee_v3.1/raw/derivatives/preprocessed_eeg/sub-019/ses-shortstories01/sub-019_ses-shortstories01_task-listeningActive_run-06_desc-preproc-audio-audiobook_5_3_eeg.npy,/home/fanyu/auditory_simulation_m6a/pub_01/s06/sparrkulee_v3.1/raw/derivatives/preprocessed_stimuli/audiobook_5_3_envelope.npy,audiobook_5_3,PUBLISHER_MAPPING_AND_COMMON_OVERLAP,PASS_WITH_LIMITATION,WITHIN_3S_ADVISORY; data_dict=PASS_STIMULUS_PROVENANCE; historical_generator_UNKNOWN
SparrKULee,sub-019_ses-shortstories01_task-listeningActive_run-07_desc-preproc-audio-audiobook_4_eeg.npy,/home/fanyu/auditory_simulation_m6a/pub_01/s06/sparrkulee_v3.1/raw/derivatives/preprocessed_eeg/sub-019/ses-shortstories01/sub-019_ses-shortstories01_task-listeningActive_run-07_desc-preproc-audio-audiobook_4_eeg.npy,/home/fanyu/auditory_simulation_m6a/pub_01/s06/sparrkulee_v3.1/raw/derivatives/preprocessed_stimuli/audiobook_4_envelope.npy,audiobook_4,PUBLISHER_MAPPING_AND_COMMON_OVERLAP,PASS_WITH_LIMITATION,WITHIN_3S_ADVISORY; data_dict=PASS_STIMULUS_PROVENANCE; historical_generator_UNKNOWN
SparrKULee,sub-019_ses-shortstories01_task-listeningActive_run-08_desc-preproc-audio-audiobook_2_1_eeg.npy,/home/fanyu/auditory_simulation_m6a/pub_01/s06/sparrkulee_v3.1/raw/derivatives/preprocessed_eeg/sub-019/ses-shortstories01/sub-019_ses-shortstories01_task-listeningActive_run-08_desc-preproc-audio-audiobook_2_1_eeg.npy,/home/fanyu/auditory_simulation_m6a/pub_01/s06/sparrkulee_v3.1/raw/derivatives/preprocessed_stimuli/audiobook_2_1_envelope.npy,audiobook_2_1,PUBLISHER_MAPPING_AND_COMMON_OVERLAP,PASS_WITH_LIMITATION,WITHIN_3S_ADVISORY; data_dict=PASS_STIMULUS_PROVENANCE; historical_generator_UNKNOWN
SparrKULee,sub-019_ses-shortstories01_task-listeningActive_run-09_desc-preproc-audio-audiobook_2_2_eeg.npy,/home/fanyu/auditory_simulation_m6a/pub_01/s06/sparrkulee_v3.1/raw/derivatives/preprocessed_eeg/sub-019/ses-shortstories01/sub-019_ses-shortstories01_task-listeningActive_run-09_desc-preproc-audio-audiobook_2_2_eeg.npy,/home/fanyu/auditory_simulation_m6a/pub_01/s06/sparrkulee_v3.1/raw/derivatives/preprocessed_stimuli/audiobook_2_2_envelope.npy,audiobook_2_2,PUBLISHER_MAPPING_AND_COMMON_OVERLAP,PASS_WITH_LIMITATION,LARGE_TAIL_REVIEW; data_dict=PASS_STIMULUS_PROVENANCE; historical_generator_UNKNOWN
SparrKULee,sub-019_ses-shortstories01_task-listeningActive_run-10_desc-preproc-audio-audiobook_1_eeg.npy,/home/fanyu/auditory_simulation_m6a/pub_01/s06/sparrkulee_v3.1/raw/derivatives/preprocessed_eeg/sub-019/ses-shortstories01/sub-019_ses-shortstories01_task-listeningActive_run-10_desc-preproc-audio-audiobook_1_eeg.npy,/home/fanyu/auditory_simulation_m6a/pub_01/s06/sparrkulee_v3.1/raw/derivatives/preprocessed_stimuli/audiobook_1_envelope.npy,audiobook_1,PUBLISHER_MAPPING_AND_COMMON_OVERLAP,PASS_WITH_LIMITATION,WITHIN_3S_ADVISORY; data_dict=PASS_STIMULUS_PROVENANCE; historical_generator_UNKNOWN
SparrKULee,sub-020_ses-shortstories01_task-listeningActive_run-01_desc-preproc-audio-audiobook_3_eeg.npy,/home/fanyu/auditory_simulation_m6a/pub_01/s06/sparrkulee_v3.1/raw/derivatives/preprocessed_eeg/sub-020/ses-shortstories01/sub-020_ses-shortstories01_task-listeningActive_run-01_desc-preproc-audio-audiobook_3_eeg.npy,/home/fanyu/auditory_simulation_m6a/pub_01/s06/sparrkulee_v3.1/raw/derivatives/preprocessed_stimuli/audiobook_3_envelope.npy,audiobook_3,PUBLISHER_MAPPING_AND_COMMON_OVERLAP,PASS_WITH_LIMITATION,WITHIN_3S_ADVISORY; data_dict=PASS_STIMULUS_PROVENANCE; historical_generator_UNKNOWN
SparrKULee,sub-020_ses-shortstories01_task-listeningActive_run-02_desc-preproc-audio-audiobook_5_1_eeg.npy,/home/fanyu/auditory_simulation_m6a/pub_01/s06/sparrkulee_v3.1/raw/derivatives/preprocessed_eeg/sub-020/ses-shortstories01/sub-020_ses-shortstories01_task-listeningActive_run-02_desc-preproc-audio-audiobook_5_1_eeg.npy,/home/fanyu/auditory_simulation_m6a/pub_01/s06/sparrkulee_v3.1/raw/derivatives/preprocessed_stimuli/audiobook_5_1_envelope.npy,audiobook_5_1,PUBLISHER_MAPPING_AND_COMMON_OVERLAP,PASS_WITH_LIMITATION,WITHIN_3S_ADVISORY; data_dict=PASS_STIMULUS_PROVENANCE; historical_generator_UNKNOWN
SparrKULee,sub-020_ses-shortstories01_task-listeningActive_run-03_desc-preproc-audio-audiobook_5_2_eeg.npy,/home/fanyu/auditory_simulation_m6a/pub_01/s06/sparrkulee_v3.1/raw/derivatives/preprocessed_eeg/sub-020/ses-shortstories01/sub-020_ses-shortstories01_task-listeningActive_run-03_desc-preproc-audio-audiobook_5_2_eeg.npy,/home/fanyu/auditory_simulation_m6a/pub_01/s06/sparrkulee_v3.1/raw/derivatives/preprocessed_stimuli/audiobook_5_2_envelope.npy,audiobook_5_2,PUBLISHER_MAPPING_AND_COMMON_OVERLAP,PASS_WITH_LIMITATION,WITHIN_3S_ADVISORY; data_dict=PASS_STIMULUS_PROVENANCE; historical_generator_UNKNOWN
SparrKULee,sub-020_ses-shortstories01_task-listeningActive_run-04_desc-preproc-audio-audiobook_5_3_eeg.npy,/home/fanyu/auditory_simulation_m6a/pub_01/s06/sparrkulee_v3.1/raw/derivatives/preprocessed_eeg/sub-020/ses-shortstories01/sub-020_ses-shortstories01_task-listeningActive_run-04_desc-preproc-audio-audiobook_5_3_eeg.npy,/home/fanyu/auditory_simulation_m6a/pub_01/s06/sparrkulee_v3.1/raw/derivatives/preprocessed_stimuli/audiobook_5_3_envelope.npy,audiobook_5_3,PUBLISHER_MAPPING_AND_COMMON_OVERLAP,PASS_WITH_LIMITATION,WITHIN_3S_ADVISORY; data_dict=PASS_STIMULUS_PROVENANCE; historical_generator_UNKNOWN
SparrKULee,sub-020_ses-shortstories01_task-listeningActive_run-05_desc-preproc-audio-audiobook_2_1_eeg.npy,/home/fanyu/auditory_simulation_m6a/pub_01/s06/sparrkulee_v3.1/raw/derivatives/preprocessed_eeg/sub-020/ses-shortstories01/sub-020_ses-shortstories01_task-listeningActive_run-05_desc-preproc-audio-audiobook_2_1_eeg.npy,/home/fanyu/auditory_simulation_m6a/pub_01/s06/sparrkulee_v3.1/raw/derivatives/preprocessed_stimuli/audiobook_2_1_envelope.npy,audiobook_2_1,PUBLISHER_MAPPING_AND_COMMON_OVERLAP,PASS_WITH_LIMITATION,WITHIN_3S_ADVISORY; data_dict=PASS_STIMULUS_PROVENANCE; historical_generator_UNKNOWN
SparrKULee,sub-020_ses-shortstories01_task-listeningActive_run-06_desc-preproc-audio-audiobook_2_2_eeg.npy,/home/fanyu/auditory_simulation_m6a/pub_01/s06/sparrkulee_v3.1/raw/derivatives/preprocessed_eeg/sub-020/ses-shortstories01/sub-020_ses-shortstories01_task-listeningActive_run-06_desc-preproc-audio-audiobook_2_2_eeg.npy,/home/fanyu/auditory_simulation_m6a/pub_01/s06/sparrkulee_v3.1/raw/derivatives/preprocessed_stimuli/audiobook_2_2_envelope.npy,audiobook_2_2,PUBLISHER_MAPPING_AND_COMMON_OVERLAP,PASS_WITH_LIMITATION,LARGE_TAIL_REVIEW; data_dict=PASS_STIMULUS_PROVENANCE; historical_generator_UNKNOWN
SparrKULee,sub-020_ses-shortstories01_task-listeningActive_run-07_desc-preproc-audio-audiobook_6_1_eeg.npy,/home/fanyu/auditory_simulation_m6a/pub_01/s06/sparrkulee_v3.1/raw/derivatives/preprocessed_eeg/sub-020/ses-shortstories01/sub-020_ses-shortstories01_task-listeningActive_run-07_desc-preproc-audio-audiobook_6_1_eeg.npy,/home/fanyu/auditory_simulation_m6a/pub_01/s06/sparrkulee_v3.1/raw/derivatives/preprocessed_stimuli/audiobook_6_1_envelope.npy,audiobook_6_1,PUBLISHER_MAPPING_AND_COMMON_OVERLAP,PASS_WITH_LIMITATION,WITHIN_3S_ADVISORY; data_dict=PASS_STIMULUS_PROVENANCE; historical_generator_UNKNOWN
SparrKULee,sub-020_ses-shortstories01_task-listeningActive_run-08_desc-preproc-audio-audiobook_6_2_eeg.npy,/home/fanyu/auditory_simulation_m6a/pub_01/s06/sparrkulee_v3.1/raw/derivatives/preprocessed_eeg/sub-020/ses-shortstories01/sub-020_ses-shortstories01_task-listeningActive_run-08_desc-preproc-audio-audiobook_6_2_eeg.npy,/home/fanyu/auditory_simulation_m6a/pub_01/s06/sparrkulee_v3.1/raw/derivatives/preprocessed_stimuli/audiobook_6_2_envelope.npy,audiobook_6_2,PUBLISHER_MAPPING_AND_COMMON_OVERLAP,PASS_WITH_LIMITATION,WITHIN_3S_ADVISORY; data_dict=PASS_STIMULUS_PROVENANCE; historical_generator_UNKNOWN
SparrKULee,sub-021_ses-shortstories01_task-listeningActive_run-01_desc-preproc-audio-audiobook_1_1_eeg.npy,/home/fanyu/auditory_simulation_m6a/pub_01/s06/sparrkulee_v3.1/raw/derivatives/preprocessed_eeg/sub-021/ses-shortstories01/sub-021_ses-shortstories01_task-listeningActive_run-01_desc-preproc-audio-audiobook_1_1_eeg.npy,/home/fanyu/auditory_simulation_m6a/pub_01/s06/sparrkulee_v3.1/raw/derivatives/preprocessed_stimuli/audiobook_1_1_envelope.npy,audiobook_1_1,PUBLISHER_MAPPING_AND_COMMON_OVERLAP,PASS_WITH_LIMITATION,WITHIN_3S_ADVISORY; data_dict=PASS_STIMULUS_PROVENANCE; historical_generator_UNKNOWN
SparrKULee,sub-021_ses-shortstories01_task-listeningActive_run-02_desc-preproc-audio-audiobook_1_2_shifted_eeg.npy,/home/fanyu/auditory_simulation_m6a/pub_01/s06/sparrkulee_v3.1/raw/derivatives/preprocessed_eeg/sub-021/ses-shortstories01/sub-021_ses-shortstories01_task-listeningActive_run-02_desc-preproc-audio-audiobook_1_2_shifted_eeg.npy,/home/fanyu/auditory_simulation_m6a/pub_01/s06/sparrkulee_v3.1/raw/derivatives/preprocessed_stimuli/audiobook_1_2_shifted_envelope.npy,audiobook_1_2_shifted,PUBLISHER_MAPPING_AND_COMMON_OVERLAP,PASS_WITH_LIMITATION,WITHIN_3S_ADVISORY; data_dict=PASS_STIMULUS_PROVENANCE; historical_generator_UNKNOWN
SparrKULee,sub-021_ses-shortstories01_task-listeningActive_run-03_desc-preproc-audio-audiobook_4_eeg.npy,/home/fanyu/auditory_simulation_m6a/pub_01/s06/sparrkulee_v3.1/raw/derivatives/preprocessed_eeg/sub-021/ses-shortstories01/sub-021_ses-shortstories01_task-listeningActive_run-03_desc-preproc-audio-audiobook_4_eeg.npy,/home/fanyu/auditory_simulation_m6a/pub_01/s06/sparrkulee_v3.1/raw/derivatives/preprocessed_stimuli/audiobook_4_envelope.npy,audiobook_4,PUBLISHER_MAPPING_AND_COMMON_OVERLAP,PASS_WITH_LIMITATION,WITHIN_3S_ADVISORY; data_dict=PASS_STIMULUS_PROVENANCE; historical_generator_UNKNOWN
SparrKULee,sub-021_ses-shortstories01_task-listeningActive_run-04_desc-preproc-audio-audiobook_5_1_eeg.npy,/home/fanyu/auditory_simulation_m6a/pub_01/s06/sparrkulee_v3.1/raw/derivatives/preprocessed_eeg/sub-021/ses-shortstories01/sub-021_ses-shortstories01_task-listeningActive_run-04_desc-preproc-audio-audiobook_5_1_eeg.npy,/home/fanyu/auditory_simulation_m6a/pub_01/s06/sparrkulee_v3.1/raw/derivatives/preprocessed_stimuli/audiobook_5_1_envelope.npy,audiobook_5_1,PUBLISHER_MAPPING_AND_COMMON_OVERLAP,PASS_WITH_LIMITATION,WITHIN_3S_ADVISORY; data_dict=PASS_STIMULUS_PROVENANCE; historical_generator_UNKNOWN
SparrKULee,sub-021_ses-shortstories01_task-listeningActive_run-05_desc-preproc-audio-audiobook_5_2_eeg.npy,/home/fanyu/auditory_simulation_m6a/pub_01/s06/sparrkulee_v3.1/raw/derivatives/preprocessed_eeg/sub-021/ses-shortstories01/sub-021_ses-shortstories01_task-listeningActive_run-05_desc-preproc-audio-audiobook_5_2_eeg.npy,/home/fanyu/auditory_simulation_m6a/pub_01/s06/sparrkulee_v3.1/raw/derivatives/preprocessed_stimuli/audiobook_5_2_envelope.npy,audiobook_5_2,PUBLISHER_MAPPING_AND_COMMON_OVERLAP,PASS_WITH_LIMITATION,WITHIN_3S_ADVISORY; data_dict=PASS_STIMULUS_PROVENANCE; historical_generator_UNKNOWN
SparrKULee,sub-021_ses-shortstories01_task-listeningActive_run-06_desc-preproc-audio-audiobook_5_3_eeg.npy,/home/fanyu/auditory_simulation_m6a/pub_01/s06/sparrkulee_v3.1/raw/derivatives/preprocessed_eeg/sub-021/ses-shortstories01/sub-021_ses-shortstories01_task-listeningActive_run-06_desc-preproc-audio-audiobook_5_3_eeg.npy,/home/fanyu/auditory_simulation_m6a/pub_01/s06/sparrkulee_v3.1/raw/derivatives/preprocessed_stimuli/audiobook_5_3_envelope.npy,audiobook_5_3,PUBLISHER_MAPPING_AND_COMMON_OVERLAP,PASS_WITH_LIMITATION,WITHIN_3S_ADVISORY; data_dict=PASS_STIMULUS_PROVENANCE; historical_generator_UNKNOWN
SparrKULee,sub-021_ses-shortstories01_task-listeningActive_run-07_desc-preproc-audio-audiobook_6_1_eeg.npy,/home/fanyu/auditory_simulation_m6a/pub_01/s06/sparrkulee_v3.1/raw/derivatives/preprocessed_eeg/sub-021/ses-shortstories01/sub-021_ses-shortstories01_task-listeningActive_run-07_desc-preproc-audio-audiobook_6_1_eeg.npy,/home/fanyu/auditory_simulation_m6a/pub_01/s06/sparrkulee_v3.1/raw/derivatives/preprocessed_stimuli/audiobook_6_1_envelope.npy,audiobook_6_1,PUBLISHER_MAPPING_AND_COMMON_OVERLAP,PASS_WITH_LIMITATION,WITHIN_3S_ADVISORY; data_dict=PASS_STIMULUS_PROVENANCE; historical_generator_UNKNOWN
SparrKULee,sub-021_ses-shortstories01_task-listeningActive_run-08_desc-preproc-audio-audiobook_6_2_eeg.npy,/home/fanyu/auditory_simulation_m6a/pub_01/s06/sparrkulee_v3.1/raw/derivatives/preprocessed_eeg/sub-021/ses-shortstories01/sub-021_ses-shortstories01_task-listeningActive_run-08_desc-preproc-audio-audiobook_6_2_eeg.npy,/home/fanyu/auditory_simulation_m6a/pub_01/s06/sparrkulee_v3.1/raw/derivatives/preprocessed_stimuli/audiobook_6_2_envelope.npy,audiobook_6_2,PUBLISHER_MAPPING_AND_COMMON_OVERLAP,PASS_WITH_LIMITATION,WITHIN_3S_ADVISORY; data_dict=PASS_STIMULUS_PROVENANCE; historical_generator_UNKNOWN
SparrKULee,sub-021_ses-shortstories01_task-listeningActive_run-09_desc-preproc-audio-audiobook_2_1_eeg.npy,/home/fanyu/auditory_simulation_m6a/pub_01/s06/sparrkulee_v3.1/raw/derivatives/preprocessed_eeg/sub-021/ses-shortstories01/sub-021_ses-shortstories01_task-listeningActive_run-09_desc-preproc-audio-audiobook_2_1_eeg.npy,/home/fanyu/auditory_simulation_m6a/pub_01/s06/sparrkulee_v3.1/raw/derivatives/preprocessed_stimuli/audiobook_2_1_envelope.npy,audiobook_2_1,PUBLISHER_MAPPING_AND_COMMON_OVERLAP,PASS_WITH_LIMITATION,WITHIN_3S_ADVISORY; data_dict=PASS_STIMULUS_PROVENANCE; historical_generator_UNKNOWN
SparrKULee,sub-021_ses-shortstories01_task-listeningActive_run-10_desc-preproc-audio-audiobook_2_2_eeg.npy,/home/fanyu/auditory_simulation_m6a/pub_01/s06/sparrkulee_v3.1/raw/derivatives/preprocessed_eeg/sub-021/ses-shortstories01/sub-021_ses-shortstories01_task-listeningActive_run-10_desc-preproc-audio-audiobook_2_2_eeg.npy,/home/fanyu/auditory_simulation_m6a/pub_01/s06/sparrkulee_v3.1/raw/derivatives/preprocessed_stimuli/audiobook_2_2_envelope.npy,audiobook_2_2,PUBLISHER_MAPPING_AND_COMMON_OVERLAP,PASS_WITH_LIMITATION,LARGE_TAIL_REVIEW; data_dict=PASS_STIMULUS_PROVENANCE; historical_generator_UNKNOWN
SparrKULee,sub-021_ses-shortstories01_task-listeningActive_run-11_desc-preproc-audio-audiobook_3_eeg.npy,/home/fanyu/auditory_simulation_m6a/pub_01/s06/sparrkulee_v3.1/raw/derivatives/preprocessed_eeg/sub-021/ses-shortstories01/sub-021_ses-shortstories01_task-listeningActive_run-11_desc-preproc-audio-audiobook_3_eeg.npy,/home/fanyu/auditory_simulation_m6a/pub_01/s06/sparrkulee_v3.1/raw/derivatives/preprocessed_stimuli/audiobook_3_envelope.npy,audiobook_3,PUBLISHER_MAPPING_AND_COMMON_OVERLAP,PASS_WITH_LIMITATION,WITHIN_3S_ADVISORY; data_dict=PASS_STIMULUS_PROVENANCE; historical_generator_UNKNOWN
SparrKULee,sub-022_ses-shortstories01_task-listeningActive_run-01_desc-preproc-audio-audiobook_1_1_eeg.npy,/home/fanyu/auditory_simulation_m6a/pub_01/s06/sparrkulee_v3.1/raw/derivatives/preprocessed_eeg/sub-022/ses-shortstories01/sub-022_ses-shortstories01_task-listeningActive_run-01_desc-preproc-audio-audiobook_1_1_eeg.npy,/home/fanyu/auditory_simulation_m6a/pub_01/s06/sparrkulee_v3.1/raw/derivatives/preprocessed_stimuli/audiobook_1_1_envelope.npy,audiobook_1_1,PUBLISHER_MAPPING_AND_COMMON_OVERLAP,PASS_WITH_LIMITATION,WITHIN_3S_ADVISORY; data_dict=PASS_STIMULUS_PROVENANCE; historical_generator_UNKNOWN
SparrKULee,sub-022_ses-shortstories01_task-listeningActive_run-02_desc-preproc-audio-audiobook_1_2_shifted_eeg.npy,/home/fanyu/auditory_simulation_m6a/pub_01/s06/sparrkulee_v3.1/raw/derivatives/preprocessed_eeg/sub-022/ses-shortstories01/sub-022_ses-shortstories01_task-listeningActive_run-02_desc-preproc-audio-audiobook_1_2_shifted_eeg.npy,/home/fanyu/auditory_simulation_m6a/pub_01/s06/sparrkulee_v3.1/raw/derivatives/preprocessed_stimuli/audiobook_1_2_shifted_envelope.npy,audiobook_1_2_shifted,PUBLISHER_MAPPING_AND_COMMON_OVERLAP,PASS_WITH_LIMITATION,WITHIN_3S_ADVISORY; data_dict=PASS_STIMULUS_PROVENANCE; historical_generator_UNKNOWN
SparrKULee,sub-022_ses-shortstories01_task-listeningActive_run-03_desc-preproc-audio-audiobook_2_1_eeg.npy,/home/fanyu/auditory_simulation_m6a/pub_01/s06/sparrkulee_v3.1/raw/derivatives/preprocessed_eeg/sub-022/ses-shortstories01/sub-022_ses-shortstories01_task-listeningActive_run-03_desc-preproc-audio-audiobook_2_1_eeg.npy,/home/fanyu/auditory_simulation_m6a/pub_01/s06/sparrkulee_v3.1/raw/derivatives/preprocessed_stimuli/audiobook_2_1_envelope.npy,audiobook_2_1,PUBLISHER_MAPPING_AND_COMMON_OVERLAP,PASS_WITH_LIMITATION,WITHIN_3S_ADVISORY; data_dict=PASS_STIMULUS_PROVENANCE; historical_generator_UNKNOWN
SparrKULee,sub-022_ses-shortstories01_task-listeningActive_run-04_desc-preproc-audio-audiobook_2_2_eeg.npy,/home/fanyu/auditory_simulation_m6a/pub_01/s06/sparrkulee_v3.1/raw/derivatives/preprocessed_eeg/sub-022/ses-shortstories01/sub-022_ses-shortstories01_task-listeningActive_run-04_desc-preproc-audio-audiobook_2_2_eeg.npy,/home/fanyu/auditory_simulation_m6a/pub_01/s06/sparrkulee_v3.1/raw/derivatives/preprocessed_stimuli/audiobook_2_2_envelope.npy,audiobook_2_2,PUBLISHER_MAPPING_AND_COMMON_OVERLAP,PASS_WITH_LIMITATION,LARGE_TAIL_REVIEW; data_dict=PASS_STIMULUS_PROVENANCE; historical_generator_UNKNOWN
SparrKULee,sub-022_ses-shortstories01_task-listeningActive_run-05_desc-preproc-audio-audiobook_4_eeg.npy,/home/fanyu/auditory_simulation_m6a/pub_01/s06/sparrkulee_v3.1/raw/derivatives/preprocessed_eeg/sub-022/ses-shortstories01/sub-022_ses-shortstories01_task-listeningActive_run-05_desc-preproc-audio-audiobook_4_eeg.npy,/home/fanyu/auditory_simulation_m6a/pub_01/s06/sparrkulee_v3.1/raw/derivatives/preprocessed_stimuli/audiobook_4_envelope.npy,audiobook_4,PUBLISHER_MAPPING_AND_COMMON_OVERLAP,PASS_WITH_LIMITATION,WITHIN_3S_ADVISORY; data_dict=PASS_STIMULUS_PROVENANCE; historical_generator_UNKNOWN
SparrKULee,sub-022_ses-shortstories01_task-listeningActive_run-06_desc-preproc-audio-audiobook_3_eeg.npy,/home/fanyu/auditory_simulation_m6a/pub_01/s06/sparrkulee_v3.1/raw/derivatives/preprocessed_eeg/sub-022/ses-shortstories01/sub-022_ses-shortstories01_task-listeningActive_run-06_desc-preproc-audio-audiobook_3_eeg.npy,/home/fanyu/auditory_simulation_m6a/pub_01/s06/sparrkulee_v3.1/raw/derivatives/preprocessed_stimuli/audiobook_3_envelope.npy,audiobook_3,PUBLISHER_MAPPING_AND_COMMON_OVERLAP,PASS_WITH_LIMITATION,WITHIN_3S_ADVISORY; data_dict=PASS_STIMULUS_PROVENANCE; historical_generator_UNKNOWN
SparrKULee,sub-022_ses-shortstories01_task-listeningActive_run-07_desc-preproc-audio-audiobook_6_1_eeg.npy,/home/fanyu/auditory_simulation_m6a/pub_01/s06/sparrkulee_v3.1/raw/derivatives/preprocessed_eeg/sub-022/ses-shortstories01/sub-022_ses-shortstories01_task-listeningActive_run-07_desc-preproc-audio-audiobook_6_1_eeg.npy,/home/fanyu/auditory_simulation_m6a/pub_01/s06/sparrkulee_v3.1/raw/derivatives/preprocessed_stimuli/audiobook_6_1_envelope.npy,audiobook_6_1,PUBLISHER_MAPPING_AND_COMMON_OVERLAP,PASS_WITH_LIMITATION,WITHIN_3S_ADVISORY; data_dict=PASS_STIMULUS_PROVENANCE; historical_generator_UNKNOWN
SparrKULee,sub-022_ses-shortstories01_task-listeningActive_run-08_desc-preproc-audio-audiobook_6_2_eeg.npy,/home/fanyu/auditory_simulation_m6a/pub_01/s06/sparrkulee_v3.1/raw/derivatives/preprocessed_eeg/sub-022/ses-shortstories01/sub-022_ses-shortstories01_task-listeningActive_run-08_desc-preproc-audio-audiobook_6_2_eeg.npy,/home/fanyu/auditory_simulation_m6a/pub_01/s06/sparrkulee_v3.1/raw/derivatives/preprocessed_stimuli/audiobook_6_2_envelope.npy,audiobook_6_2,PUBLISHER_MAPPING_AND_COMMON_OVERLAP,PASS_WITH_LIMITATION,WITHIN_3S_ADVISORY; data_dict=PASS_STIMULUS_PROVENANCE; historical_generator_UNKNOWN
SparrKULee,sub-022_ses-shortstories01_task-listeningActive_run-09_desc-preproc-audio-audiobook_5_1_eeg.npy,/home/fanyu/auditory_simulation_m6a/pub_01/s06/sparrkulee_v3.1/raw/derivatives/preprocessed_eeg/sub-022/ses-shortstories01/sub-022_ses-shortstories01_task-listeningActive_run-09_desc-preproc-audio-audiobook_5_1_eeg.npy,/home/fanyu/auditory_simulation_m6a/pub_01/s06/sparrkulee_v3.1/raw/derivatives/preprocessed_stimuli/audiobook_5_1_envelope.npy,audiobook_5_1,PUBLISHER_MAPPING_AND_COMMON_OVERLAP,PASS_WITH_LIMITATION,WITHIN_3S_ADVISORY; data_dict=PASS_STIMULUS_PROVENANCE; historical_generator_UNKNOWN
SparrKULee,sub-022_ses-shortstories01_task-listeningActive_run-10_desc-preproc-audio-audiobook_5_2_eeg.npy,/home/fanyu/auditory_simulation_m6a/pub_01/s06/sparrkulee_v3.1/raw/derivatives/preprocessed_eeg/sub-022/ses-shortstories01/sub-022_ses-shortstories01_task-listeningActive_run-10_desc-preproc-audio-audiobook_5_2_eeg.npy,/home/fanyu/auditory_simulation_m6a/pub_01/s06/sparrkulee_v3.1/raw/derivatives/preprocessed_stimuli/audiobook_5_2_envelope.npy,audiobook_5_2,PUBLISHER_MAPPING_AND_COMMON_OVERLAP,PASS_WITH_LIMITATION,WITHIN_3S_ADVISORY; data_dict=PASS_STIMULUS_PROVENANCE; historical_generator_UNKNOWN
SparrKULee,sub-022_ses-shortstories01_task-listeningActive_run-11_desc-preproc-audio-audiobook_5_3_eeg.npy,/home/fanyu/auditory_simulation_m6a/pub_01/s06/sparrkulee_v3.1/raw/derivatives/preprocessed_eeg/sub-022/ses-shortstories01/sub-022_ses-shortstories01_task-listeningActive_run-11_desc-preproc-audio-audiobook_5_3_eeg.npy,/home/fanyu/auditory_simulation_m6a/pub_01/s06/sparrkulee_v3.1/raw/derivatives/preprocessed_stimuli/audiobook_5_3_envelope.npy,audiobook_5_3,PUBLISHER_MAPPING_AND_COMMON_OVERLAP,PASS_WITH_LIMITATION,WITHIN_3S_ADVISORY; data_dict=PASS_STIMULUS_PROVENANCE; historical_generator_UNKNOWN
SparrKULee,sub-023_ses-shortstories01_task-listeningActive_run-01_desc-preproc-audio-audiobook_6_1_eeg.npy,/home/fanyu/auditory_simulation_m6a/pub_01/s06/sparrkulee_v3.1/raw/derivatives/preprocessed_eeg/sub-023/ses-shortstories01/sub-023_ses-shortstories01_task-listeningActive_run-01_desc-preproc-audio-audiobook_6_1_eeg.npy,/home/fanyu/auditory_simulation_m6a/pub_01/s06/sparrkulee_v3.1/raw/derivatives/preprocessed_stimuli/audiobook_6_1_envelope.npy,audiobook_6_1,PUBLISHER_MAPPING_AND_COMMON_OVERLAP,PASS_WITH_LIMITATION,WITHIN_3S_ADVISORY; data_dict=PASS_STIMULUS_PROVENANCE; historical_generator_UNKNOWN
SparrKULee,sub-023_ses-shortstories01_task-listeningActive_run-02_desc-preproc-audio-audiobook_6_2_eeg.npy,/home/fanyu/auditory_simulation_m6a/pub_01/s06/sparrkulee_v3.1/raw/derivatives/preprocessed_eeg/sub-023/ses-shortstories01/sub-023_ses-shortstories01_task-listeningActive_run-02_desc-preproc-audio-audiobook_6_2_eeg.npy,/home/fanyu/auditory_simulation_m6a/pub_01/s06/sparrkulee_v3.1/raw/derivatives/preprocessed_stimuli/audiobook_6_2_envelope.npy,audiobook_6_2,PUBLISHER_MAPPING_AND_COMMON_OVERLAP,PASS_WITH_LIMITATION,WITHIN_3S_ADVISORY; data_dict=PASS_STIMULUS_PROVENANCE; historical_generator_UNKNOWN
SparrKULee,sub-023_ses-shortstories01_task-listeningActive_run-03_desc-preproc-audio-audiobook_4_eeg.npy,/home/fanyu/auditory_simulation_m6a/pub_01/s06/sparrkulee_v3.1/raw/derivatives/preprocessed_eeg/sub-023/ses-shortstories01/sub-023_ses-shortstories01_task-listeningActive_run-03_desc-preproc-audio-audiobook_4_eeg.npy,/home/fanyu/auditory_simulation_m6a/pub_01/s06/sparrkulee_v3.1/raw/derivatives/preprocessed_stimuli/audiobook_4_envelope.npy,audiobook_4,PUBLISHER_MAPPING_AND_COMMON_OVERLAP,PASS_WITH_LIMITATION,WITHIN_3S_ADVISORY; data_dict=PASS_STIMULUS_PROVENANCE; historical_generator_UNKNOWN
SparrKULee,sub-023_ses-shortstories01_task-listeningActive_run-04_desc-preproc-audio-audiobook_1_1_shifted_eeg.npy,/home/fanyu/auditory_simulation_m6a/pub_01/s06/sparrkulee_v3.1/raw/derivatives/preprocessed_eeg/sub-023/ses-shortstories01/sub-023_ses-shortstories01_task-listeningActive_run-04_desc-preproc-audio-audiobook_1_1_shifted_eeg.npy,/home/fanyu/auditory_simulation_m6a/pub_01/s06/sparrkulee_v3.1/raw/derivatives/preprocessed_stimuli/audiobook_1_1_shifted_envelope.npy,audiobook_1_1_shifted,PUBLISHER_MAPPING_AND_COMMON_OVERLAP,PASS_WITH_LIMITATION,WITHIN_3S_ADVISORY; data_dict=PASS_STIMULUS_PROVENANCE; historical_generator_UNKNOWN
SparrKULee,sub-023_ses-shortstories01_task-listeningActive_run-05_desc-preproc-audio-audiobook_1_2_eeg.npy,/home/fanyu/auditory_simulation_m6a/pub_01/s06/sparrkulee_v3.1/raw/derivatives/preprocessed_eeg/sub-023/ses-shortstories01/sub-023_ses-shortstories01_task-listeningActive_run-05_desc-preproc-audio-audiobook_1_2_eeg.npy,/home/fanyu/auditory_simulation_m6a/pub_01/s06/sparrkulee_v3.1/raw/derivatives/preprocessed_stimuli/audiobook_1_2_envelope.npy,audiobook_1_2,PUBLISHER_MAPPING_AND_COMMON_OVERLAP,PASS_WITH_LIMITATION,WITHIN_3S_ADVISORY; data_dict=PASS_STIMULUS_PROVENANCE; historical_generator_UNKNOWN
SparrKULee,sub-023_ses-shortstories01_task-listeningActive_run-06_desc-preproc-audio-audiobook_5_1_eeg.npy,/home/fanyu/auditory_simulation_m6a/pub_01/s06/sparrkulee_v3.1/raw/derivatives/preprocessed_eeg/sub-023/ses-shortstories01/sub-023_ses-shortstories01_task-listeningActive_run-06_desc-preproc-audio-audiobook_5_1_eeg.npy,/home/fanyu/auditory_simulation_m6a/pub_01/s06/sparrkulee_v3.1/raw/derivatives/preprocessed_stimuli/audiobook_5_1_envelope.npy,audiobook_5_1,PUBLISHER_MAPPING_AND_COMMON_OVERLAP,PASS_WITH_LIMITATION,WITHIN_3S_ADVISORY; data_dict=PASS_STIMULUS_PROVENANCE; historical_generator_UNKNOWN
SparrKULee,sub-023_ses-shortstories01_task-listeningActive_run-07_desc-preproc-audio-audiobook_5_2_eeg.npy,/home/fanyu/auditory_simulation_m6a/pub_01/s06/sparrkulee_v3.1/raw/derivatives/preprocessed_eeg/sub-023/ses-shortstories01/sub-023_ses-shortstories01_task-listeningActive_run-07_desc-preproc-audio-audiobook_5_2_eeg.npy,/home/fanyu/auditory_simulation_m6a/pub_01/s06/sparrkulee_v3.1/raw/derivatives/preprocessed_stimuli/audiobook_5_2_envelope.npy,audiobook_5_2,PUBLISHER_MAPPING_AND_COMMON_OVERLAP,PASS_WITH_LIMITATION,WITHIN_3S_ADVISORY; data_dict=PASS_STIMULUS_PROVENANCE; historical_generator_UNKNOWN
SparrKULee,sub-023_ses-shortstories01_task-listeningActive_run-08_desc-preproc-audio-audiobook_5_3_eeg.npy,/home/fanyu/auditory_simulation_m6a/pub_01/s06/sparrkulee_v3.1/raw/derivatives/preprocessed_eeg/sub-023/ses-shortstories01/sub-023_ses-shortstories01_task-listeningActive_run-08_desc-preproc-audio-audiobook_5_3_eeg.npy,/home/fanyu/auditory_simulation_m6a/pub_01/s06/sparrkulee_v3.1/raw/derivatives/preprocessed_stimuli/audiobook_5_3_envelope.npy,audiobook_5_3,PUBLISHER_MAPPING_AND_COMMON_OVERLAP,PASS_WITH_LIMITATION,WITHIN_3S_ADVISORY; data_dict=PASS_STIMULUS_PROVENANCE; historical_generator_UNKNOWN
SparrKULee,sub-023_ses-shortstories01_task-listeningActive_run-09_desc-preproc-audio-audiobook_2_1_eeg.npy,/home/fanyu/auditory_simulation_m6a/pub_01/s06/sparrkulee_v3.1/raw/derivatives/preprocessed_eeg/sub-023/ses-shortstories01/sub-023_ses-shortstories01_task-listeningActive_run-09_desc-preproc-audio-audiobook_2_1_eeg.npy,/home/fanyu/auditory_simulation_m6a/pub_01/s06/sparrkulee_v3.1/raw/derivatives/preprocessed_stimuli/audiobook_2_1_envelope.npy,audiobook_2_1,PUBLISHER_MAPPING_AND_COMMON_OVERLAP,PASS_WITH_LIMITATION,WITHIN_3S_ADVISORY; data_dict=PASS_STIMULUS_PROVENANCE; historical_generator_UNKNOWN
SparrKULee,sub-023_ses-shortstories01_task-listeningActive_run-10_desc-preproc-audio-audiobook_2_2_eeg.npy,/home/fanyu/auditory_simulation_m6a/pub_01/s06/sparrkulee_v3.1/raw/derivatives/preprocessed_eeg/sub-023/ses-shortstories01/sub-023_ses-shortstories01_task-listeningActive_run-10_desc-preproc-audio-audiobook_2_2_eeg.npy,/home/fanyu/auditory_simulation_m6a/pub_01/s06/sparrkulee_v3.1/raw/derivatives/preprocessed_stimuli/audiobook_2_2_envelope.npy,audiobook_2_2,PUBLISHER_MAPPING_AND_COMMON_OVERLAP,PASS_WITH_LIMITATION,LARGE_TAIL_REVIEW; data_dict=PASS_STIMULUS_PROVENANCE; historical_generator_UNKNOWN
SparrKULee,sub-023_ses-shortstories01_task-listeningActive_run-11_desc-preproc-audio-audiobook_3_eeg.npy,/home/fanyu/auditory_simulation_m6a/pub_01/s06/sparrkulee_v3.1/raw/derivatives/preprocessed_eeg/sub-023/ses-shortstories01/sub-023_ses-shortstories01_task-listeningActive_run-11_desc-preproc-audio-audiobook_3_eeg.npy,/home/fanyu/auditory_simulation_m6a/pub_01/s06/sparrkulee_v3.1/raw/derivatives/preprocessed_stimuli/audiobook_3_envelope.npy,audiobook_3,PUBLISHER_MAPPING_AND_COMMON_OVERLAP,PASS_WITH_LIMITATION,WITHIN_3S_ADVISORY; data_dict=PASS_STIMULUS_PROVENANCE; historical_generator_UNKNOWN
SparrKULee,sub-024_ses-shortstories01_task-listeningActive_run-01_desc-preproc-audio-audiobook_3_eeg.npy,/home/fanyu/auditory_simulation_m6a/pub_01/s06/sparrkulee_v3.1/raw/derivatives/preprocessed_eeg/sub-024/ses-shortstories01/sub-024_ses-shortstories01_task-listeningActive_run-01_desc-preproc-audio-audiobook_3_eeg.npy,/home/fanyu/auditory_simulation_m6a/pub_01/s06/sparrkulee_v3.1/raw/derivatives/preprocessed_stimuli/audiobook_3_envelope.npy,audiobook_3,PUBLISHER_MAPPING_AND_COMMON_OVERLAP,PASS_WITH_LIMITATION,WITHIN_3S_ADVISORY; data_dict=PASS_STIMULUS_PROVENANCE; historical_generator_UNKNOWN
SparrKULee,sub-024_ses-shortstories01_task-listeningActive_run-02_desc-preproc-audio-audiobook_4_eeg.npy,/home/fanyu/auditory_simulation_m6a/pub_01/s06/sparrkulee_v3.1/raw/derivatives/preprocessed_eeg/sub-024/ses-shortstories01/sub-024_ses-shortstories01_task-listeningActive_run-02_desc-preproc-audio-audiobook_4_eeg.npy,/home/fanyu/auditory_simulation_m6a/pub_01/s06/sparrkulee_v3.1/raw/derivatives/preprocessed_stimuli/audiobook_4_envelope.npy,audiobook_4,PUBLISHER_MAPPING_AND_COMMON_OVERLAP,PASS_WITH_LIMITATION,WITHIN_3S_ADVISORY; data_dict=PASS_STIMULUS_PROVENANCE; historical_generator_UNKNOWN
SparrKULee,sub-024_ses-shortstories01_task-listeningActive_run-03_desc-preproc-audio-audiobook_1_eeg.npy,/home/fanyu/auditory_simulation_m6a/pub_01/s06/sparrkulee_v3.1/raw/derivatives/preprocessed_eeg/sub-024/ses-shortstories01/sub-024_ses-shortstories01_task-listeningActive_run-03_desc-preproc-audio-audiobook_1_eeg.npy,/home/fanyu/auditory_simulation_m6a/pub_01/s06/sparrkulee_v3.1/raw/derivatives/preprocessed_stimuli/audiobook_1_envelope.npy,audiobook_1,PUBLISHER_MAPPING_AND_COMMON_OVERLAP,PASS_WITH_LIMITATION,WITHIN_3S_ADVISORY; data_dict=PASS_STIMULUS_PROVENANCE; historical_generator_UNKNOWN
SparrKULee,sub-024_ses-shortstories01_task-listeningActive_run-04_desc-preproc-audio-audiobook_6_1_eeg.npy,/home/fanyu/auditory_simulation_m6a/pub_01/s06/sparrkulee_v3.1/raw/derivatives/preprocessed_eeg/sub-024/ses-shortstories01/sub-024_ses-shortstories01_task-listeningActive_run-04_desc-preproc-audio-audiobook_6_1_eeg.npy,/home/fanyu/auditory_simulation_m6a/pub_01/s06/sparrkulee_v3.1/raw/derivatives/preprocessed_stimuli/audiobook_6_1_envelope.npy,audiobook_6_1,PUBLISHER_MAPPING_AND_COMMON_OVERLAP,PASS_WITH_LIMITATION,WITHIN_3S_ADVISORY; data_dict=PASS_STIMULUS_PROVENANCE; historical_generator_UNKNOWN
SparrKULee,sub-024_ses-shortstories01_task-listeningActive_run-05_desc-preproc-audio-audiobook_6_2_eeg.npy,/home/fanyu/auditory_simulation_m6a/pub_01/s06/sparrkulee_v3.1/raw/derivatives/preprocessed_eeg/sub-024/ses-shortstories01/sub-024_ses-shortstories01_task-listeningActive_run-05_desc-preproc-audio-audiobook_6_2_eeg.npy,/home/fanyu/auditory_simulation_m6a/pub_01/s06/sparrkulee_v3.1/raw/derivatives/preprocessed_stimuli/audiobook_6_2_envelope.npy,audiobook_6_2,PUBLISHER_MAPPING_AND_COMMON_OVERLAP,PASS_WITH_LIMITATION,WITHIN_3S_ADVISORY; data_dict=PASS_STIMULUS_PROVENANCE; historical_generator_UNKNOWN
SparrKULee,sub-024_ses-shortstories01_task-listeningActive_run-06_desc-preproc-audio-audiobook_2_1_eeg.npy,/home/fanyu/auditory_simulation_m6a/pub_01/s06/sparrkulee_v3.1/raw/derivatives/preprocessed_eeg/sub-024/ses-shortstories01/sub-024_ses-shortstories01_task-listeningActive_run-06_desc-preproc-audio-audiobook_2_1_eeg.npy,/home/fanyu/auditory_simulation_m6a/pub_01/s06/sparrkulee_v3.1/raw/derivatives/preprocessed_stimuli/audiobook_2_1_envelope.npy,audiobook_2_1,PUBLISHER_MAPPING_AND_COMMON_OVERLAP,PASS_WITH_LIMITATION,WITHIN_3S_ADVISORY; data_dict=PASS_STIMULUS_PROVENANCE; historical_generator_UNKNOWN
SparrKULee,sub-024_ses-shortstories01_task-listeningActive_run-07_desc-preproc-audio-audiobook_2_2_eeg.npy,/home/fanyu/auditory_simulation_m6a/pub_01/s06/sparrkulee_v3.1/raw/derivatives/preprocessed_eeg/sub-024/ses-shortstories01/sub-024_ses-shortstories01_task-listeningActive_run-07_desc-preproc-audio-audiobook_2_2_eeg.npy,/home/fanyu/auditory_simulation_m6a/pub_01/s06/sparrkulee_v3.1/raw/derivatives/preprocessed_stimuli/audiobook_2_2_envelope.npy,audiobook_2_2,PUBLISHER_MAPPING_AND_COMMON_OVERLAP,PASS_WITH_LIMITATION,LARGE_TAIL_REVIEW; data_dict=PASS_STIMULUS_PROVENANCE; historical_generator_UNKNOWN
SparrKULee,sub-024_ses-shortstories01_task-listeningActive_run-08_desc-preproc-audio-audiobook_5_1_eeg.npy,/home/fanyu/auditory_simulation_m6a/pub_01/s06/sparrkulee_v3.1/raw/derivatives/preprocessed_eeg/sub-024/ses-shortstories01/sub-024_ses-shortstories01_task-listeningActive_run-08_desc-preproc-audio-audiobook_5_1_eeg.npy,/home/fanyu/auditory_simulation_m6a/pub_01/s06/sparrkulee_v3.1/raw/derivatives/preprocessed_stimuli/audiobook_5_1_envelope.npy,audiobook_5_1,PUBLISHER_MAPPING_AND_COMMON_OVERLAP,PASS_WITH_LIMITATION,WITHIN_3S_ADVISORY; data_dict=PASS_STIMULUS_PROVENANCE; historical_generator_UNKNOWN
SparrKULee,sub-024_ses-shortstories01_task-listeningActive_run-09_desc-preproc-audio-audiobook_5_2_eeg.npy,/home/fanyu/auditory_simulation_m6a/pub_01/s06/sparrkulee_v3.1/raw/derivatives/preprocessed_eeg/sub-024/ses-shortstories01/sub-024_ses-shortstories01_task-listeningActive_run-09_desc-preproc-audio-audiobook_5_2_eeg.npy,/home/fanyu/auditory_simulation_m6a/pub_01/s06/sparrkulee_v3.1/raw/derivatives/preprocessed_stimuli/audiobook_5_2_envelope.npy,audiobook_5_2,PUBLISHER_MAPPING_AND_COMMON_OVERLAP,PASS_WITH_LIMITATION,WITHIN_3S_ADVISORY; data_dict=PASS_STIMULUS_PROVENANCE; historical_generator_UNKNOWN
SparrKULee,sub-024_ses-shortstories01_task-listeningActive_run-10_desc-preproc-audio-audiobook_5_3_eeg.npy,/home/fanyu/auditory_simulation_m6a/pub_01/s06/sparrkulee_v3.1/raw/derivatives/preprocessed_eeg/sub-024/ses-shortstories01/sub-024_ses-shortstories01_task-listeningActive_run-10_desc-preproc-audio-audiobook_5_3_eeg.npy,/home/fanyu/auditory_simulation_m6a/pub_01/s06/sparrkulee_v3.1/raw/derivatives/preprocessed_stimuli/audiobook_5_3_envelope.npy,audiobook_5_3,PUBLISHER_MAPPING_AND_COMMON_OVERLAP,PASS_WITH_LIMITATION,WITHIN_3S_ADVISORY; data_dict=PASS_STIMULUS_PROVENANCE; historical_generator_UNKNOWN
SparrKULee,sub-025_ses-shortstories01_task-listeningActive_run-01_desc-preproc-audio-audiobook_1_eeg.npy,/home/fanyu/auditory_simulation_m6a/pub_01/s06/sparrkulee_v3.1/raw/derivatives/preprocessed_eeg/sub-025/ses-shortstories01/sub-025_ses-shortstories01_task-listeningActive_run-01_desc-preproc-audio-audiobook_1_eeg.npy,/home/fanyu/auditory_simulation_m6a/pub_01/s06/sparrkulee_v3.1/raw/derivatives/preprocessed_stimuli/audiobook_1_envelope.npy,audiobook_1,PUBLISHER_MAPPING_AND_COMMON_OVERLAP,PASS_WITH_LIMITATION,WITHIN_3S_ADVISORY; data_dict=PASS_STIMULUS_PROVENANCE; historical_generator_UNKNOWN
SparrKULee,sub-025_ses-shortstories01_task-listeningActive_run-02_desc-preproc-audio-audiobook_5_1_eeg.npy,/home/fanyu/auditory_simulation_m6a/pub_01/s06/sparrkulee_v3.1/raw/derivatives/preprocessed_eeg/sub-025/ses-shortstories01/sub-025_ses-shortstories01_task-listeningActive_run-02_desc-preproc-audio-audiobook_5_1_eeg.npy,/home/fanyu/auditory_simulation_m6a/pub_01/s06/sparrkulee_v3.1/raw/derivatives/preprocessed_stimuli/audiobook_5_1_envelope.npy,audiobook_5_1,PUBLISHER_MAPPING_AND_COMMON_OVERLAP,PASS_WITH_LIMITATION,WITHIN_3S_ADVISORY; data_dict=PASS_STIMULUS_PROVENANCE; historical_generator_UNKNOWN
SparrKULee,sub-025_ses-shortstories01_task-listeningActive_run-03_desc-preproc-audio-audiobook_5_2_eeg.npy,/home/fanyu/auditory_simulation_m6a/pub_01/s06/sparrkulee_v3.1/raw/derivatives/preprocessed_eeg/sub-025/ses-shortstories01/sub-025_ses-shortstories01_task-listeningActive_run-03_desc-preproc-audio-audiobook_5_2_eeg.npy,/home/fanyu/auditory_simulation_m6a/pub_01/s06/sparrkulee_v3.1/raw/derivatives/preprocessed_stimuli/audiobook_5_2_envelope.npy,audiobook_5_2,PUBLISHER_MAPPING_AND_COMMON_OVERLAP,PASS_WITH_LIMITATION,WITHIN_3S_ADVISORY; data_dict=PASS_STIMULUS_PROVENANCE; historical_generator_UNKNOWN
SparrKULee,sub-025_ses-shortstories01_task-listeningActive_run-04_desc-preproc-audio-audiobook_5_3_eeg.npy,/home/fanyu/auditory_simulation_m6a/pub_01/s06/sparrkulee_v3.1/raw/derivatives/preprocessed_eeg/sub-025/ses-shortstories01/sub-025_ses-shortstories01_task-listeningActive_run-04_desc-preproc-audio-audiobook_5_3_eeg.npy,/home/fanyu/auditory_simulation_m6a/pub_01/s06/sparrkulee_v3.1/raw/derivatives/preprocessed_stimuli/audiobook_5_3_envelope.npy,audiobook_5_3,PUBLISHER_MAPPING_AND_COMMON_OVERLAP,PASS_WITH_LIMITATION,WITHIN_3S_ADVISORY; data_dict=PASS_STIMULUS_PROVENANCE; historical_generator_UNKNOWN
SparrKULee,sub-025_ses-shortstories01_task-listeningActive_run-05_desc-preproc-audio-audiobook_2_1_eeg.npy,/home/fanyu/auditory_simulation_m6a/pub_01/s06/sparrkulee_v3.1/raw/derivatives/preprocessed_eeg/sub-025/ses-shortstories01/sub-025_ses-shortstories01_task-listeningActive_run-05_desc-preproc-audio-audiobook_2_1_eeg.npy,/home/fanyu/auditory_simulation_m6a/pub_01/s06/sparrkulee_v3.1/raw/derivatives/preprocessed_stimuli/audiobook_2_1_envelope.npy,audiobook_2_1,PUBLISHER_MAPPING_AND_COMMON_OVERLAP,PASS_WITH_LIMITATION,WITHIN_3S_ADVISORY; data_dict=PASS_STIMULUS_PROVENANCE; historical_generator_UNKNOWN
SparrKULee,sub-025_ses-shortstories01_task-listeningActive_run-06_desc-preproc-audio-audiobook_2_2_eeg.npy,/home/fanyu/auditory_simulation_m6a/pub_01/s06/sparrkulee_v3.1/raw/derivatives/preprocessed_eeg/sub-025/ses-shortstories01/sub-025_ses-shortstories01_task-listeningActive_run-06_desc-preproc-audio-audiobook_2_2_eeg.npy,/home/fanyu/auditory_simulation_m6a/pub_01/s06/sparrkulee_v3.1/raw/derivatives/preprocessed_stimuli/audiobook_2_2_envelope.npy,audiobook_2_2,PUBLISHER_MAPPING_AND_COMMON_OVERLAP,PASS_WITH_LIMITATION,LARGE_TAIL_REVIEW; data_dict=PASS_STIMULUS_PROVENANCE; historical_generator_UNKNOWN
SparrKULee,sub-025_ses-shortstories01_task-listeningActive_run-07_desc-preproc-audio-audiobook_3_eeg.npy,/home/fanyu/auditory_simulation_m6a/pub_01/s06/sparrkulee_v3.1/raw/derivatives/preprocessed_eeg/sub-025/ses-shortstories01/sub-025_ses-shortstories01_task-listeningActive_run-07_desc-preproc-audio-audiobook_3_eeg.npy,/home/fanyu/auditory_simulation_m6a/pub_01/s06/sparrkulee_v3.1/raw/derivatives/preprocessed_stimuli/audiobook_3_envelope.npy,audiobook_3,PUBLISHER_MAPPING_AND_COMMON_OVERLAP,PASS_WITH_LIMITATION,WITHIN_3S_ADVISORY; data_dict=PASS_STIMULUS_PROVENANCE; historical_generator_UNKNOWN
SparrKULee,sub-025_ses-shortstories01_task-listeningActive_run-08_desc-preproc-audio-audiobook_6_1_eeg.npy,/home/fanyu/auditory_simulation_m6a/pub_01/s06/sparrkulee_v3.1/raw/derivatives/preprocessed_eeg/sub-025/ses-shortstories01/sub-025_ses-shortstories01_task-listeningActive_run-08_desc-preproc-audio-audiobook_6_1_eeg.npy,/home/fanyu/auditory_simulation_m6a/pub_01/s06/sparrkulee_v3.1/raw/derivatives/preprocessed_stimuli/audiobook_6_1_envelope.npy,audiobook_6_1,PUBLISHER_MAPPING_AND_COMMON_OVERLAP,PASS_WITH_LIMITATION,WITHIN_3S_ADVISORY; data_dict=PASS_STIMULUS_PROVENANCE; historical_generator_UNKNOWN
SparrKULee,sub-025_ses-shortstories01_task-listeningActive_run-09_desc-preproc-audio-audiobook_6_2_eeg.npy,/home/fanyu/auditory_simulation_m6a/pub_01/s06/sparrkulee_v3.1/raw/derivatives/preprocessed_eeg/sub-025/ses-shortstories01/sub-025_ses-shortstories01_task-listeningActive_run-09_desc-preproc-audio-audiobook_6_2_eeg.npy,/home/fanyu/auditory_simulation_m6a/pub_01/s06/sparrkulee_v3.1/raw/derivatives/preprocessed_stimuli/audiobook_6_2_envelope.npy,audiobook_6_2,PUBLISHER_MAPPING_AND_COMMON_OVERLAP,PASS_WITH_LIMITATION,WITHIN_3S_ADVISORY; data_dict=PASS_STIMULUS_PROVENANCE; historical_generator_UNKNOWN
SparrKULee,sub-026_ses-shortstories01_task-listeningActive_run-01_desc-preproc-audio-audiobook_4_eeg.npy,/home/fanyu/auditory_simulation_m6a/pub_01/s06/sparrkulee_v3.1/raw/derivatives/preprocessed_eeg/sub-026/ses-shortstories01/sub-026_ses-shortstories01_task-listeningActive_run-01_desc-preproc-audio-audiobook_4_eeg.npy,/home/fanyu/auditory_simulation_m6a/pub_01/s06/sparrkulee_v3.1/raw/derivatives/preprocessed_stimuli/audiobook_4_envelope.npy,audiobook_4,PUBLISHER_MAPPING_AND_COMMON_OVERLAP,PASS_WITH_LIMITATION,WITHIN_3S_ADVISORY; data_dict=PASS_STIMULUS_PROVENANCE; historical_generator_UNKNOWN
SparrKULee,sub-026_ses-shortstories01_task-listeningActive_run-02_desc-preproc-audio-audiobook_5_1_eeg.npy,/home/fanyu/auditory_simulation_m6a/pub_01/s06/sparrkulee_v3.1/raw/derivatives/preprocessed_eeg/sub-026/ses-shortstories01/sub-026_ses-shortstories01_task-listeningActive_run-02_desc-preproc-audio-audiobook_5_1_eeg.npy,/home/fanyu/auditory_simulation_m6a/pub_01/s06/sparrkulee_v3.1/raw/derivatives/preprocessed_stimuli/audiobook_5_1_envelope.npy,audiobook_5_1,PUBLISHER_MAPPING_AND_COMMON_OVERLAP,PASS_WITH_LIMITATION,WITHIN_3S_ADVISORY; data_dict=PASS_STIMULUS_PROVENANCE; historical_generator_UNKNOWN
SparrKULee,sub-026_ses-shortstories01_task-listeningActive_run-03_desc-preproc-audio-audiobook_5_2_eeg.npy,/home/fanyu/auditory_simulation_m6a/pub_01/s06/sparrkulee_v3.1/raw/derivatives/preprocessed_eeg/sub-026/ses-shortstories01/sub-026_ses-shortstories01_task-listeningActive_run-03_desc-preproc-audio-audiobook_5_2_eeg.npy,/home/fanyu/auditory_simulation_m6a/pub_01/s06/sparrkulee_v3.1/raw/derivatives/preprocessed_stimuli/audiobook_5_2_envelope.npy,audiobook_5_2,PUBLISHER_MAPPING_AND_COMMON_OVERLAP,PASS_WITH_LIMITATION,WITHIN_3S_ADVISORY; data_dict=PASS_STIMULUS_PROVENANCE; historical_generator_UNKNOWN
SparrKULee,sub-026_ses-shortstories01_task-listeningActive_run-04_desc-preproc-audio-audiobook_5_3_eeg.npy,/home/fanyu/auditory_simulation_m6a/pub_01/s06/sparrkulee_v3.1/raw/derivatives/preprocessed_eeg/sub-026/ses-shortstories01/sub-026_ses-shortstories01_task-listeningActive_run-04_desc-preproc-audio-audiobook_5_3_eeg.npy,/home/fanyu/auditory_simulation_m6a/pub_01/s06/sparrkulee_v3.1/raw/derivatives/preprocessed_stimuli/audiobook_5_3_envelope.npy,audiobook_5_3,PUBLISHER_MAPPING_AND_COMMON_OVERLAP,PASS_WITH_LIMITATION,WITHIN_3S_ADVISORY; data_dict=PASS_STIMULUS_PROVENANCE; historical_generator_UNKNOWN
SparrKULee,sub-026_ses-shortstories01_task-listeningActive_run-05_desc-preproc-audio-audiobook_3_eeg.npy,/home/fanyu/auditory_simulation_m6a/pub_01/s06/sparrkulee_v3.1/raw/derivatives/preprocessed_eeg/sub-026/ses-shortstories01/sub-026_ses-shortstories01_task-listeningActive_run-05_desc-preproc-audio-audiobook_3_eeg.npy,/home/fanyu/auditory_simulation_m6a/pub_01/s06/sparrkulee_v3.1/raw/derivatives/preprocessed_stimuli/audiobook_3_envelope.npy,audiobook_3,PUBLISHER_MAPPING_AND_COMMON_OVERLAP,PASS_WITH_LIMITATION,WITHIN_3S_ADVISORY; data_dict=PASS_STIMULUS_PROVENANCE; historical_generator_UNKNOWN
SparrKULee,sub-026_ses-shortstories01_task-listeningActive_run-06_desc-preproc-audio-audiobook_2_1_eeg.npy,/home/fanyu/auditory_simulation_m6a/pub_01/s06/sparrkulee_v3.1/raw/derivatives/preprocessed_eeg/sub-026/ses-shortstories01/sub-026_ses-shortstories01_task-listeningActive_run-06_desc-preproc-audio-audiobook_2_1_eeg.npy,/home/fanyu/auditory_simulation_m6a/pub_01/s06/sparrkulee_v3.1/raw/derivatives/preprocessed_stimuli/audiobook_2_1_envelope.npy,audiobook_2_1,PUBLISHER_MAPPING_AND_COMMON_OVERLAP,PASS_WITH_LIMITATION,WITHIN_3S_ADVISORY; data_dict=PASS_STIMULUS_PROVENANCE; historical_generator_UNKNOWN
SparrKULee,sub-026_ses-shortstories01_task-listeningActive_run-07_desc-preproc-audio-audiobook_2_2_eeg.npy,/home/fanyu/auditory_simulation_m6a/pub_01/s06/sparrkulee_v3.1/raw/derivatives/preprocessed_eeg/sub-026/ses-shortstories01/sub-026_ses-shortstories01_task-listeningActive_run-07_desc-preproc-audio-audiobook_2_2_eeg.npy,/home/fanyu/auditory_simulation_m6a/pub_01/s06/sparrkulee_v3.1/raw/derivatives/preprocessed_stimuli/audiobook_2_2_envelope.npy,audiobook_2_2,PUBLISHER_MAPPING_AND_COMMON_OVERLAP,PASS_WITH_LIMITATION,LARGE_TAIL_REVIEW; data_dict=PASS_STIMULUS_PROVENANCE; historical_generator_UNKNOWN
SparrKULee,sub-026_ses-shortstories01_task-listeningActive_run-08_desc-preproc-audio-audiobook_6_1_eeg.npy,/home/fanyu/auditory_simulation_m6a/pub_01/s06/sparrkulee_v3.1/raw/derivatives/preprocessed_eeg/sub-026/ses-shortstories01/sub-026_ses-shortstories01_task-listeningActive_run-08_desc-preproc-audio-audiobook_6_1_eeg.npy,/home/fanyu/auditory_simulation_m6a/pub_01/s06/sparrkulee_v3.1/raw/derivatives/preprocessed_stimuli/audiobook_6_1_envelope.npy,audiobook_6_1,PUBLISHER_MAPPING_AND_COMMON_OVERLAP,PASS_WITH_LIMITATION,WITHIN_3S_ADVISORY; data_dict=PASS_STIMULUS_PROVENANCE; historical_generator_UNKNOWN
SparrKULee,sub-026_ses-shortstories01_task-listeningActive_run-09_desc-preproc-audio-audiobook_6_2_eeg.npy,/home/fanyu/auditory_simulation_m6a/pub_01/s06/sparrkulee_v3.1/raw/derivatives/preprocessed_eeg/sub-026/ses-shortstories01/sub-026_ses-shortstories01_task-listeningActive_run-09_desc-preproc-audio-audiobook_6_2_eeg.npy,/home/fanyu/auditory_simulation_m6a/pub_01/s06/sparrkulee_v3.1/raw/derivatives/preprocessed_stimuli/audiobook_6_2_envelope.npy,audiobook_6_2,PUBLISHER_MAPPING_AND_COMMON_OVERLAP,PASS_WITH_LIMITATION,WITHIN_3S_ADVISORY; data_dict=PASS_STIMULUS_PROVENANCE; historical_generator_UNKNOWN
SparrKULee,sub-026_ses-shortstories01_task-listeningActive_run-10_desc-preproc-audio-audiobook_1_eeg.npy,/home/fanyu/auditory_simulation_m6a/pub_01/s06/sparrkulee_v3.1/raw/derivatives/preprocessed_eeg/sub-026/ses-shortstories01/sub-026_ses-shortstories01_task-listeningActive_run-10_desc-preproc-audio-audiobook_1_eeg.npy,/home/fanyu/auditory_simulation_m6a/pub_01/s06/sparrkulee_v3.1/raw/derivatives/preprocessed_stimuli/audiobook_1_envelope.npy,audiobook_1,PUBLISHER_MAPPING_AND_COMMON_OVERLAP,PASS_WITH_LIMITATION,WITHIN_3S_ADVISORY; data_dict=PASS_STIMULUS_PROVENANCE; historical_generator_UNKNOWN
SparrKULee,sub-027_ses-varyingStories01_task-listeningActive_run-01_desc-preproc-audio-podcast_10_eeg.npy,/home/fanyu/auditory_simulation_m6a/pub_01/s06/sparrkulee_v3.1/raw/derivatives/preprocessed_eeg/sub-027/ses-varyingStories01/sub-027_ses-varyingStories01_task-listeningActive_run-01_desc-preproc-audio-podcast_10_eeg.npy,/home/fanyu/auditory_simulation_m6a/pub_01/s06/sparrkulee_v3.1/raw/derivatives/preprocessed_stimuli/podcast_10_envelope.npy,podcast_10,PUBLISHER_MAPPING_AND_COMMON_OVERLAP,PASS_WITH_LIMITATION,WITHIN_3S_ADVISORY; data_dict=PASS_STIMULUS_PROVENANCE; historical_generator_UNKNOWN
SparrKULee,sub-027_ses-varyingStories01_task-listeningActive_run-02_desc-preproc-audio-podcast_1_eeg.npy,/home/fanyu/auditory_simulation_m6a/pub_01/s06/sparrkulee_v3.1/raw/derivatives/preprocessed_eeg/sub-027/ses-varyingStories01/sub-027_ses-varyingStories01_task-listeningActive_run-02_desc-preproc-audio-podcast_1_eeg.npy,/home/fanyu/auditory_simulation_m6a/pub_01/s06/sparrkulee_v3.1/raw/derivatives/preprocessed_stimuli/podcast_1_envelope.npy,podcast_1,PUBLISHER_MAPPING_AND_COMMON_OVERLAP,PASS_WITH_LIMITATION,WITHIN_3S_ADVISORY; data_dict=PASS_STIMULUS_PROVENANCE; historical_generator_UNKNOWN
SparrKULee,sub-027_ses-varyingStories01_task-listeningActive_run-04_desc-preproc-audio-audiobook_7_1_eeg.npy,/home/fanyu/auditory_simulation_m6a/pub_01/s06/sparrkulee_v3.1/raw/derivatives/preprocessed_eeg/sub-027/ses-varyingStories01/sub-027_ses-varyingStories01_task-listeningActive_run-04_desc-preproc-audio-audiobook_7_1_eeg.npy,/home/fanyu/auditory_simulation_m6a/pub_01/s06/sparrkulee_v3.1/raw/derivatives/preprocessed_stimuli/audiobook_7_1_envelope.npy,audiobook_7_1,PUBLISHER_MAPPING_AND_COMMON_OVERLAP,PASS_WITH_LIMITATION,WITHIN_3S_ADVISORY; data_dict=PASS_STIMULUS_PROVENANCE; historical_generator_UNKNOWN
SparrKULee,sub-027_ses-varyingStories01_task-listeningActive_run-05_desc-preproc-audio-audiobook_7_2_eeg.npy,/home/fanyu/auditory_simulation_m6a/pub_01/s06/sparrkulee_v3.1/raw/derivatives/preprocessed_eeg/sub-027/ses-varyingStories01/sub-027_ses-varyingStories01_task-listeningActive_run-05_desc-preproc-audio-audiobook_7_2_eeg.npy,/home/fanyu/auditory_simulation_m6a/pub_01/s06/sparrkulee_v3.1/raw/derivatives/preprocessed_stimuli/audiobook_7_2_envelope.npy,audiobook_7_2,PUBLISHER_MAPPING_AND_COMMON_OVERLAP,PASS_WITH_LIMITATION,WITHIN_3S_ADVISORY; data_dict=PASS_STIMULUS_PROVENANCE; historical_generator_UNKNOWN
SparrKULee,sub-027_ses-varyingStories01_task-listeningActive_run-06_desc-preproc-audio-audiobook_7_3_eeg.npy,/home/fanyu/auditory_simulation_m6a/pub_01/s06/sparrkulee_v3.1/raw/derivatives/preprocessed_eeg/sub-027/ses-varyingStories01/sub-027_ses-varyingStories01_task-listeningActive_run-06_desc-preproc-audio-audiobook_7_3_eeg.npy,/home/fanyu/auditory_simulation_m6a/pub_01/s06/sparrkulee_v3.1/raw/derivatives/preprocessed_stimuli/audiobook_7_3_envelope.npy,audiobook_7_3,PUBLISHER_MAPPING_AND_COMMON_OVERLAP,PASS_WITH_LIMITATION,WITHIN_3S_ADVISORY; data_dict=PASS_STIMULUS_PROVENANCE; historical_generator_UNKNOWN
SparrKULee,sub-027_ses-varyingStories01_task-listeningActive_run-07_desc-preproc-audio-audiobook_7_4_eeg.npy,/home/fanyu/auditory_simulation_m6a/pub_01/s06/sparrkulee_v3.1/raw/derivatives/preprocessed_eeg/sub-027/ses-varyingStories01/sub-027_ses-varyingStories01_task-listeningActive_run-07_desc-preproc-audio-audiobook_7_4_eeg.npy,/home/fanyu/auditory_simulation_m6a/pub_01/s06/sparrkulee_v3.1/raw/derivatives/preprocessed_stimuli/audiobook_7_4_envelope.npy,audiobook_7_4,PUBLISHER_MAPPING_AND_COMMON_OVERLAP,PASS_WITH_LIMITATION,WITHIN_3S_ADVISORY; data_dict=PASS_STIMULUS_PROVENANCE; historical_generator_UNKNOWN
SparrKULee,sub-027_ses-varyingStories01_task-listeningActive_run-08_desc-preproc-audio-audiobook_7_5_eeg.npy,/home/fanyu/auditory_simulation_m6a/pub_01/s06/sparrkulee_v3.1/raw/derivatives/preprocessed_eeg/sub-027/ses-varyingStories01/sub-027_ses-varyingStories01_task-listeningActive_run-08_desc-preproc-audio-audiobook_7_5_eeg.npy,/home/fanyu/auditory_simulation_m6a/pub_01/s06/sparrkulee_v3.1/raw/derivatives/preprocessed_stimuli/audiobook_7_5_envelope.npy,audiobook_7_5,PUBLISHER_MAPPING_AND_COMMON_OVERLAP,PASS_WITH_LIMITATION,WITHIN_3S_ADVISORY; data_dict=PASS_STIMULUS_PROVENANCE; historical_generator_UNKNOWN
SparrKULee,sub-027_ses-varyingStories01_task-listeningActive_run-09_desc-preproc-audio-audiobook_7_6_eeg.npy,/home/fanyu/auditory_simulation_m6a/pub_01/s06/sparrkulee_v3.1/raw/derivatives/preprocessed_eeg/sub-027/ses-varyingStories01/sub-027_ses-varyingStories01_task-listeningActive_run-09_desc-preproc-audio-audiobook_7_6_eeg.npy,/home/fanyu/auditory_simulation_m6a/pub_01/s06/sparrkulee_v3.1/raw/derivatives/preprocessed_stimuli/audiobook_7_6_envelope.npy,audiobook_7_6,PUBLISHER_MAPPING_AND_COMMON_OVERLAP,PASS_WITH_LIMITATION,WITHIN_3S_ADVISORY; data_dict=PASS_STIMULUS_PROVENANCE; historical_generator_UNKNOWN
SparrKULee,sub-027_ses-varyingStories01_task-listeningActive_run-10_desc-preproc-audio-podcast_2_eeg.npy,/home/fanyu/auditory_simulation_m6a/pub_01/s06/sparrkulee_v3.1/raw/derivatives/preprocessed_eeg/sub-027/ses-varyingStories01/sub-027_ses-varyingStories01_task-listeningActive_run-10_desc-preproc-audio-podcast_2_eeg.npy,/home/fanyu/auditory_simulation_m6a/pub_01/s06/sparrkulee_v3.1/raw/derivatives/preprocessed_stimuli/podcast_2_envelope.npy,podcast_2,PUBLISHER_MAPPING_AND_COMMON_OVERLAP,PASS_WITH_LIMITATION,WITHIN_3S_ADVISORY; data_dict=PASS_STIMULUS_PROVENANCE; historical_generator_UNKNOWN
SparrKULee,sub-027_ses-varyingStories01_task-listeningActive_run-11_desc-preproc-audio-audiobook_1_eeg.npy,/home/fanyu/auditory_simulation_m6a/pub_01/s06/sparrkulee_v3.1/raw/derivatives/preprocessed_eeg/sub-027/ses-varyingStories01/sub-027_ses-varyingStories01_task-listeningActive_run-11_desc-preproc-audio-audiobook_1_eeg.npy,/home/fanyu/auditory_simulation_m6a/pub_01/s06/sparrkulee_v3.1/raw/derivatives/preprocessed_stimuli/audiobook_1_envelope.npy,audiobook_1,PUBLISHER_MAPPING_AND_COMMON_OVERLAP,PASS_WITH_LIMITATION,WITHIN_3S_ADVISORY; data_dict=PASS_STIMULUS_PROVENANCE; historical_generator_UNKNOWN
SparrKULee,sub-027_ses-varyingStories01_task-listeningActive_run-12_desc-preproc-audio-podcast_4_eeg.npy,/home/fanyu/auditory_simulation_m6a/pub_01/s06/sparrkulee_v3.1/raw/derivatives/preprocessed_eeg/sub-027/ses-varyingStories01/sub-027_ses-varyingStories01_task-listeningActive_run-12_desc-preproc-audio-podcast_4_eeg.npy,/home/fanyu/auditory_simulation_m6a/pub_01/s06/sparrkulee_v3.1/raw/derivatives/preprocessed_stimuli/podcast_4_envelope.npy,podcast_4,PUBLISHER_MAPPING_AND_COMMON_OVERLAP,PASS_WITH_LIMITATION,WITHIN_3S_ADVISORY; data_dict=PASS_STIMULUS_PROVENANCE; historical_generator_UNKNOWN
SparrKULee,sub-027_ses-varyingStories01_task-listeningActive_run-13_desc-preproc-audio-podcast_3_eeg.npy,/home/fanyu/auditory_simulation_m6a/pub_01/s06/sparrkulee_v3.1/raw/derivatives/preprocessed_eeg/sub-027/ses-varyingStories01/sub-027_ses-varyingStories01_task-listeningActive_run-13_desc-preproc-audio-podcast_3_eeg.npy,/home/fanyu/auditory_simulation_m6a/pub_01/s06/sparrkulee_v3.1/raw/derivatives/preprocessed_stimuli/podcast_3_envelope.npy,podcast_3,PUBLISHER_MAPPING_AND_COMMON_OVERLAP,PASS_WITH_LIMITATION,WITHIN_3S_ADVISORY; data_dict=PASS_STIMULUS_PROVENANCE; historical_generator_UNKNOWN
SparrKULee,sub-028_ses-varyingStories01_task-listeningActive_run-01_desc-preproc-audio-podcast_1_eeg.npy,/home/fanyu/auditory_simulation_m6a/pub_01/s06/sparrkulee_v3.1/raw/derivatives/preprocessed_eeg/sub-028/ses-varyingStories01/sub-028_ses-varyingStories01_task-listeningActive_run-01_desc-preproc-audio-podcast_1_eeg.npy,/home/fanyu/auditory_simulation_m6a/pub_01/s06/sparrkulee_v3.1/raw/derivatives/preprocessed_stimuli/podcast_1_envelope.npy,podcast_1,PUBLISHER_MAPPING_AND_COMMON_OVERLAP,PASS_WITH_LIMITATION,WITHIN_3S_ADVISORY; data_dict=PASS_STIMULUS_PROVENANCE; historical_generator_UNKNOWN
SparrKULee,sub-028_ses-varyingStories01_task-listeningActive_run-02_desc-preproc-audio-podcast_4_eeg.npy,/home/fanyu/auditory_simulation_m6a/pub_01/s06/sparrkulee_v3.1/raw/derivatives/preprocessed_eeg/sub-028/ses-varyingStories01/sub-028_ses-varyingStories01_task-listeningActive_run-02_desc-preproc-audio-podcast_4_eeg.npy,/home/fanyu/auditory_simulation_m6a/pub_01/s06/sparrkulee_v3.1/raw/derivatives/preprocessed_stimuli/podcast_4_envelope.npy,podcast_4,PUBLISHER_MAPPING_AND_COMMON_OVERLAP,PASS_WITH_LIMITATION,WITHIN_3S_ADVISORY; data_dict=PASS_STIMULUS_PROVENANCE; historical_generator_UNKNOWN
SparrKULee,sub-028_ses-varyingStories01_task-listeningActive_run-03_desc-preproc-audio-podcast_10_eeg.npy,/home/fanyu/auditory_simulation_m6a/pub_01/s06/sparrkulee_v3.1/raw/derivatives/preprocessed_eeg/sub-028/ses-varyingStories01/sub-028_ses-varyingStories01_task-listeningActive_run-03_desc-preproc-audio-podcast_10_eeg.npy,/home/fanyu/auditory_simulation_m6a/pub_01/s06/sparrkulee_v3.1/raw/derivatives/preprocessed_stimuli/podcast_10_envelope.npy,podcast_10,PUBLISHER_MAPPING_AND_COMMON_OVERLAP,PASS_WITH_LIMITATION,WITHIN_3S_ADVISORY; data_dict=PASS_STIMULUS_PROVENANCE; historical_generator_UNKNOWN
SparrKULee,sub-028_ses-varyingStories01_task-listeningActive_run-04_desc-preproc-audio-audiobook_7_1_eeg.npy,/home/fanyu/auditory_simulation_m6a/pub_01/s06/sparrkulee_v3.1/raw/derivatives/preprocessed_eeg/sub-028/ses-varyingStories01/sub-028_ses-varyingStories01_task-listeningActive_run-04_desc-preproc-audio-audiobook_7_1_eeg.npy,/home/fanyu/auditory_simulation_m6a/pub_01/s06/sparrkulee_v3.1/raw/derivatives/preprocessed_stimuli/audiobook_7_1_envelope.npy,audiobook_7_1,PUBLISHER_MAPPING_AND_COMMON_OVERLAP,PASS_WITH_LIMITATION,WITHIN_3S_ADVISORY; data_dict=PASS_STIMULUS_PROVENANCE; historical_generator_UNKNOWN
SparrKULee,sub-028_ses-varyingStories01_task-listeningActive_run-05_desc-preproc-audio-audiobook_7_2_eeg.npy,/home/fanyu/auditory_simulation_m6a/pub_01/s06/sparrkulee_v3.1/raw/derivatives/preprocessed_eeg/sub-028/ses-varyingStories01/sub-028_ses-varyingStories01_task-listeningActive_run-05_desc-preproc-audio-audiobook_7_2_eeg.npy,/home/fanyu/auditory_simulation_m6a/pub_01/s06/sparrkulee_v3.1/raw/derivatives/preprocessed_stimuli/audiobook_7_2_envelope.npy,audiobook_7_2,PUBLISHER_MAPPING_AND_COMMON_OVERLAP,PASS_WITH_LIMITATION,WITHIN_3S_ADVISORY; data_dict=PASS_STIMULUS_PROVENANCE; historical_generator_UNKNOWN
SparrKULee,sub-028_ses-varyingStories01_task-listeningActive_run-06_desc-preproc-audio-audiobook_7_3_eeg.npy,/home/fanyu/auditory_simulation_m6a/pub_01/s06/sparrkulee_v3.1/raw/derivatives/preprocessed_eeg/sub-028/ses-varyingStories01/sub-028_ses-varyingStories01_task-listeningActive_run-06_desc-preproc-audio-audiobook_7_3_eeg.npy,/home/fanyu/auditory_simulation_m6a/pub_01/s06/sparrkulee_v3.1/raw/derivatives/preprocessed_stimuli/audiobook_7_3_envelope.npy,audiobook_7_3,PUBLISHER_MAPPING_AND_COMMON_OVERLAP,PASS_WITH_LIMITATION,WITHIN_3S_ADVISORY; data_dict=PASS_STIMULUS_PROVENANCE; historical_generator_UNKNOWN
SparrKULee,sub-028_ses-varyingStories01_task-listeningActive_run-07_desc-preproc-audio-audiobook_7_4_eeg.npy,/home/fanyu/auditory_simulation_m6a/pub_01/s06/sparrkulee_v3.1/raw/derivatives/preprocessed_eeg/sub-028/ses-varyingStories01/sub-028_ses-varyingStories01_task-listeningActive_run-07_desc-preproc-audio-audiobook_7_4_eeg.npy,/home/fanyu/auditory_simulation_m6a/pub_01/s06/sparrkulee_v3.1/raw/derivatives/preprocessed_stimuli/audiobook_7_4_envelope.npy,audiobook_7_4,PUBLISHER_MAPPING_AND_COMMON_OVERLAP,PASS_WITH_LIMITATION,WITHIN_3S_ADVISORY; data_dict=PASS_STIMULUS_PROVENANCE; historical_generator_UNKNOWN
SparrKULee,sub-028_ses-varyingStories01_task-listeningActive_run-08_desc-preproc-audio-audiobook_7_5_eeg.npy,/home/fanyu/auditory_simulation_m6a/pub_01/s06/sparrkulee_v3.1/raw/derivatives/preprocessed_eeg/sub-028/ses-varyingStories01/sub-028_ses-varyingStories01_task-listeningActive_run-08_desc-preproc-audio-audiobook_7_5_eeg.npy,/home/fanyu/auditory_simulation_m6a/pub_01/s06/sparrkulee_v3.1/raw/derivatives/preprocessed_stimuli/audiobook_7_5_envelope.npy,audiobook_7_5,PUBLISHER_MAPPING_AND_COMMON_OVERLAP,PASS_WITH_LIMITATION,WITHIN_3S_ADVISORY; data_dict=PASS_STIMULUS_PROVENANCE; historical_generator_UNKNOWN
SparrKULee,sub-028_ses-varyingStories01_task-listeningActive_run-09_desc-preproc-audio-audiobook_7_6_eeg.npy,/home/fanyu/auditory_simulation_m6a/pub_01/s06/sparrkulee_v3.1/raw/derivatives/preprocessed_eeg/sub-028/ses-varyingStories01/sub-028_ses-varyingStories01_task-listeningActive_run-09_desc-preproc-audio-audiobook_7_6_eeg.npy,/home/fanyu/auditory_simulation_m6a/pub_01/s06/sparrkulee_v3.1/raw/derivatives/preprocessed_stimuli/audiobook_7_6_envelope.npy,audiobook_7_6,PUBLISHER_MAPPING_AND_COMMON_OVERLAP,PASS_WITH_LIMITATION,WITHIN_3S_ADVISORY; data_dict=PASS_STIMULUS_PROVENANCE; historical_generator_UNKNOWN
SparrKULee,sub-028_ses-varyingStories01_task-listeningActive_run-10_desc-preproc-audio-podcast_2_eeg.npy,/home/fanyu/auditory_simulation_m6a/pub_01/s06/sparrkulee_v3.1/raw/derivatives/preprocessed_eeg/sub-028/ses-varyingStories01/sub-028_ses-varyingStories01_task-listeningActive_run-10_desc-preproc-audio-podcast_2_eeg.npy,/home/fanyu/auditory_simulation_m6a/pub_01/s06/sparrkulee_v3.1/raw/derivatives/preprocessed_stimuli/podcast_2_envelope.npy,podcast_2,PUBLISHER_MAPPING_AND_COMMON_OVERLAP,PASS_WITH_LIMITATION,WITHIN_3S_ADVISORY; data_dict=PASS_STIMULUS_PROVENANCE; historical_generator_UNKNOWN
SparrKULee,sub-028_ses-varyingStories01_task-listeningActive_run-11_desc-preproc-audio-podcast_3_eeg.npy,/home/fanyu/auditory_simulation_m6a/pub_01/s06/sparrkulee_v3.1/raw/derivatives/preprocessed_eeg/sub-028/ses-varyingStories01/sub-028_ses-varyingStories01_task-listeningActive_run-11_desc-preproc-audio-podcast_3_eeg.npy,/home/fanyu/auditory_simulation_m6a/pub_01/s06/sparrkulee_v3.1/raw/derivatives/preprocessed_stimuli/podcast_3_envelope.npy,podcast_3,PUBLISHER_MAPPING_AND_COMMON_OVERLAP,PASS_WITH_LIMITATION,WITHIN_3S_ADVISORY; data_dict=PASS_STIMULUS_PROVENANCE; historical_generator_UNKNOWN
SparrKULee,sub-028_ses-varyingStories01_task-listeningActive_run-13_desc-preproc-audio-audiobook_1_eeg.npy,/home/fanyu/auditory_simulation_m6a/pub_01/s06/sparrkulee_v3.1/raw/derivatives/preprocessed_eeg/sub-028/ses-varyingStories01/sub-028_ses-varyingStories01_task-listeningActive_run-13_desc-preproc-audio-audiobook_1_eeg.npy,/home/fanyu/auditory_simulation_m6a/pub_01/s06/sparrkulee_v3.1/raw/derivatives/preprocessed_stimuli/audiobook_1_envelope.npy,audiobook_1,PUBLISHER_MAPPING_AND_COMMON_OVERLAP,PASS_WITH_LIMITATION,WITHIN_3S_ADVISORY; data_dict=PASS_STIMULUS_PROVENANCE; historical_generator_UNKNOWN
SparrKULee,sub-029_ses-varyingStories01_task-listeningActive_run-01_desc-preproc-audio-podcast_3_eeg.npy,/home/fanyu/auditory_simulation_m6a/pub_01/s06/sparrkulee_v3.1/raw/derivatives/preprocessed_eeg/sub-029/ses-varyingStories01/sub-029_ses-varyingStories01_task-listeningActive_run-01_desc-preproc-audio-podcast_3_eeg.npy,/home/fanyu/auditory_simulation_m6a/pub_01/s06/sparrkulee_v3.1/raw/derivatives/preprocessed_stimuli/podcast_3_envelope.npy,podcast_3,PUBLISHER_MAPPING_AND_COMMON_OVERLAP,PASS_WITH_LIMITATION,WITHIN_3S_ADVISORY; data_dict=PASS_STIMULUS_PROVENANCE; historical_generator_UNKNOWN
SparrKULee,sub-029_ses-varyingStories01_task-listeningActive_run-02_desc-preproc-audio-podcast_4_eeg.npy,/home/fanyu/auditory_simulation_m6a/pub_01/s06/sparrkulee_v3.1/raw/derivatives/preprocessed_eeg/sub-029/ses-varyingStories01/sub-029_ses-varyingStories01_task-listeningActive_run-02_desc-preproc-audio-podcast_4_eeg.npy,/home/fanyu/auditory_simulation_m6a/pub_01/s06/sparrkulee_v3.1/raw/derivatives/preprocessed_stimuli/podcast_4_envelope.npy,podcast_4,PUBLISHER_MAPPING_AND_COMMON_OVERLAP,PASS_WITH_LIMITATION,WITHIN_3S_ADVISORY; data_dict=PASS_STIMULUS_PROVENANCE; historical_generator_UNKNOWN
SparrKULee,sub-029_ses-varyingStories01_task-listeningActive_run-04_desc-preproc-audio-podcast_10_eeg.npy,/home/fanyu/auditory_simulation_m6a/pub_01/s06/sparrkulee_v3.1/raw/derivatives/preprocessed_eeg/sub-029/ses-varyingStories01/sub-029_ses-varyingStories01_task-listeningActive_run-04_desc-preproc-audio-podcast_10_eeg.npy,/home/fanyu/auditory_simulation_m6a/pub_01/s06/sparrkulee_v3.1/raw/derivatives/preprocessed_stimuli/podcast_10_envelope.npy,podcast_10,PUBLISHER_MAPPING_AND_COMMON_OVERLAP,PASS_WITH_LIMITATION,WITHIN_3S_ADVISORY; data_dict=PASS_STIMULUS_PROVENANCE; historical_generator_UNKNOWN
SparrKULee,sub-029_ses-varyingStories01_task-listeningActive_run-05_desc-preproc-audio-podcast_2_eeg.npy,/home/fanyu/auditory_simulation_m6a/pub_01/s06/sparrkulee_v3.1/raw/derivatives/preprocessed_eeg/sub-029/ses-varyingStories01/sub-029_ses-varyingStories01_task-listeningActive_run-05_desc-preproc-audio-podcast_2_eeg.npy,/home/fanyu/auditory_simulation_m6a/pub_01/s06/sparrkulee_v3.1/raw/derivatives/preprocessed_stimuli/podcast_2_envelope.npy,podcast_2,PUBLISHER_MAPPING_AND_COMMON_OVERLAP,PASS_WITH_LIMITATION,WITHIN_3S_ADVISORY; data_dict=PASS_STIMULUS_PROVENANCE; historical_generator_UNKNOWN
SparrKULee,sub-029_ses-varyingStories01_task-listeningActive_run-06_desc-preproc-audio-podcast_1_eeg.npy,/home/fanyu/auditory_simulation_m6a/pub_01/s06/sparrkulee_v3.1/raw/derivatives/preprocessed_eeg/sub-029/ses-varyingStories01/sub-029_ses-varyingStories01_task-listeningActive_run-06_desc-preproc-audio-podcast_1_eeg.npy,/home/fanyu/auditory_simulation_m6a/pub_01/s06/sparrkulee_v3.1/raw/derivatives/preprocessed_stimuli/podcast_1_envelope.npy,podcast_1,PUBLISHER_MAPPING_AND_COMMON_OVERLAP,PASS_WITH_LIMITATION,WITHIN_3S_ADVISORY; data_dict=PASS_STIMULUS_PROVENANCE; historical_generator_UNKNOWN
SparrKULee,sub-029_ses-varyingStories01_task-listeningActive_run-07_desc-preproc-audio-audiobook_1_eeg.npy,/home/fanyu/auditory_simulation_m6a/pub_01/s06/sparrkulee_v3.1/raw/derivatives/preprocessed_eeg/sub-029/ses-varyingStories01/sub-029_ses-varyingStories01_task-listeningActive_run-07_desc-preproc-audio-audiobook_1_eeg.npy,/home/fanyu/auditory_simulation_m6a/pub_01/s06/sparrkulee_v3.1/raw/derivatives/preprocessed_stimuli/audiobook_1_envelope.npy,audiobook_1,PUBLISHER_MAPPING_AND_COMMON_OVERLAP,PASS_WITH_LIMITATION,WITHIN_3S_ADVISORY; data_dict=PASS_STIMULUS_PROVENANCE; historical_generator_UNKNOWN
SparrKULee,sub-029_ses-varyingStories01_task-listeningActive_run-08_desc-preproc-audio-audiobook_7_1_eeg.npy,/home/fanyu/auditory_simulation_m6a/pub_01/s06/sparrkulee_v3.1/raw/derivatives/preprocessed_eeg/sub-029/ses-varyingStories01/sub-029_ses-varyingStories01_task-listeningActive_run-08_desc-preproc-audio-audiobook_7_1_eeg.npy,/home/fanyu/auditory_simulation_m6a/pub_01/s06/sparrkulee_v3.1/raw/derivatives/preprocessed_stimuli/audiobook_7_1_envelope.npy,audiobook_7_1,PUBLISHER_MAPPING_AND_COMMON_OVERLAP,PASS_WITH_LIMITATION,WITHIN_3S_ADVISORY; data_dict=PASS_STIMULUS_PROVENANCE; historical_generator_UNKNOWN
SparrKULee,sub-029_ses-varyingStories01_task-listeningActive_run-09_desc-preproc-audio-audiobook_7_2_eeg.npy,/home/fanyu/auditory_simulation_m6a/pub_01/s06/sparrkulee_v3.1/raw/derivatives/preprocessed_eeg/sub-029/ses-varyingStories01/sub-029_ses-varyingStories01_task-listeningActive_run-09_desc-preproc-audio-audiobook_7_2_eeg.npy,/home/fanyu/auditory_simulation_m6a/pub_01/s06/sparrkulee_v3.1/raw/derivatives/preprocessed_stimuli/audiobook_7_2_envelope.npy,audiobook_7_2,PUBLISHER_MAPPING_AND_COMMON_OVERLAP,PASS_WITH_LIMITATION,WITHIN_3S_ADVISORY; data_dict=PASS_STIMULUS_PROVENANCE; historical_generator_UNKNOWN
SparrKULee,sub-029_ses-varyingStories01_task-listeningActive_run-10_desc-preproc-audio-audiobook_7_3_eeg.npy,/home/fanyu/auditory_simulation_m6a/pub_01/s06/sparrkulee_v3.1/raw/derivatives/preprocessed_eeg/sub-029/ses-varyingStories01/sub-029_ses-varyingStories01_task-listeningActive_run-10_desc-preproc-audio-audiobook_7_3_eeg.npy,/home/fanyu/auditory_simulation_m6a/pub_01/s06/sparrkulee_v3.1/raw/derivatives/preprocessed_stimuli/audiobook_7_3_envelope.npy,audiobook_7_3,PUBLISHER_MAPPING_AND_COMMON_OVERLAP,PASS_WITH_LIMITATION,WITHIN_3S_ADVISORY; data_dict=PASS_STIMULUS_PROVENANCE; historical_generator_UNKNOWN
SparrKULee,sub-029_ses-varyingStories01_task-listeningActive_run-11_desc-preproc-audio-audiobook_7_4_eeg.npy,/home/fanyu/auditory_simulation_m6a/pub_01/s06/sparrkulee_v3.1/raw/derivatives/preprocessed_eeg/sub-029/ses-varyingStories01/sub-029_ses-varyingStories01_task-listeningActive_run-11_desc-preproc-audio-audiobook_7_4_eeg.npy,/home/fanyu/auditory_simulation_m6a/pub_01/s06/sparrkulee_v3.1/raw/derivatives/preprocessed_stimuli/audiobook_7_4_envelope.npy,audiobook_7_4,PUBLISHER_MAPPING_AND_COMMON_OVERLAP,PASS_WITH_LIMITATION,WITHIN_3S_ADVISORY; data_dict=PASS_STIMULUS_PROVENANCE; historical_generator_UNKNOWN
SparrKULee,sub-029_ses-varyingStories01_task-listeningActive_run-12_desc-preproc-audio-audiobook_7_5_eeg.npy,/home/fanyu/auditory_simulation_m6a/pub_01/s06/sparrkulee_v3.1/raw/derivatives/preprocessed_eeg/sub-029/ses-varyingStories01/sub-029_ses-varyingStories01_task-listeningActive_run-12_desc-preproc-audio-audiobook_7_5_eeg.npy,/home/fanyu/auditory_simulation_m6a/pub_01/s06/sparrkulee_v3.1/raw/derivatives/preprocessed_stimuli/audiobook_7_5_envelope.npy,audiobook_7_5,PUBLISHER_MAPPING_AND_COMMON_OVERLAP,PASS_WITH_LIMITATION,WITHIN_3S_ADVISORY; data_dict=PASS_STIMULUS_PROVENANCE; historical_generator_UNKNOWN
SparrKULee,sub-029_ses-varyingStories01_task-listeningActive_run-13_desc-preproc-audio-audiobook_7_6_eeg.npy,/home/fanyu/auditory_simulation_m6a/pub_01/s06/sparrkulee_v3.1/raw/derivatives/preprocessed_eeg/sub-029/ses-varyingStories01/sub-029_ses-varyingStories01_task-listeningActive_run-13_desc-preproc-audio-audiobook_7_6_eeg.npy,/home/fanyu/auditory_simulation_m6a/pub_01/s06/sparrkulee_v3.1/raw/derivatives/preprocessed_stimuli/audiobook_7_6_envelope.npy,audiobook_7_6,PUBLISHER_MAPPING_AND_COMMON_OVERLAP,PASS_WITH_LIMITATION,WITHIN_3S_ADVISORY; data_dict=PASS_STIMULUS_PROVENANCE; historical_generator_UNKNOWN
SparrKULee,sub-030_ses-varyingStories01_task-listeningActive_run-01_desc-preproc-audio-podcast_1_eeg.npy,/home/fanyu/auditory_simulation_m6a/pub_01/s06/sparrkulee_v3.1/raw/derivatives/preprocessed_eeg/sub-030/ses-varyingStories01/sub-030_ses-varyingStories01_task-listeningActive_run-01_desc-preproc-audio-podcast_1_eeg.npy,/home/fanyu/auditory_simulation_m6a/pub_01/s06/sparrkulee_v3.1/raw/derivatives/preprocessed_stimuli/podcast_1_envelope.npy,podcast_1,PUBLISHER_MAPPING_AND_COMMON_OVERLAP,PASS_WITH_LIMITATION,WITHIN_3S_ADVISORY; data_dict=PASS_STIMULUS_PROVENANCE; historical_generator_UNKNOWN
SparrKULee,sub-030_ses-varyingStories01_task-listeningActive_run-02_desc-preproc-audio-podcast_2_eeg.npy,/home/fanyu/auditory_simulation_m6a/pub_01/s06/sparrkulee_v3.1/raw/derivatives/preprocessed_eeg/sub-030/ses-varyingStories01/sub-030_ses-varyingStories01_task-listeningActive_run-02_desc-preproc-audio-podcast_2_eeg.npy,/home/fanyu/auditory_simulation_m6a/pub_01/s06/sparrkulee_v3.1/raw/derivatives/preprocessed_stimuli/podcast_2_envelope.npy,podcast_2,PUBLISHER_MAPPING_AND_COMMON_OVERLAP,PASS_WITH_LIMITATION,WITHIN_3S_ADVISORY; data_dict=PASS_STIMULUS_PROVENANCE; historical_generator_UNKNOWN
SparrKULee,sub-030_ses-varyingStories01_task-listeningActive_run-03_desc-preproc-audio-audiobook_7_1_eeg.npy,/home/fanyu/auditory_simulation_m6a/pub_01/s06/sparrkulee_v3.1/raw/derivatives/preprocessed_eeg/sub-030/ses-varyingStories01/sub-030_ses-varyingStories01_task-listeningActive_run-03_desc-preproc-audio-audiobook_7_1_eeg.npy,/home/fanyu/auditory_simulation_m6a/pub_01/s06/sparrkulee_v3.1/raw/derivatives/preprocessed_stimuli/audiobook_7_1_envelope.npy,audiobook_7_1,PUBLISHER_MAPPING_AND_COMMON_OVERLAP,PASS_WITH_LIMITATION,WITHIN_3S_ADVISORY; data_dict=PASS_STIMULUS_PROVENANCE; historical_generator_UNKNOWN
SparrKULee,sub-030_ses-varyingStories01_task-listeningActive_run-04_desc-preproc-audio-audiobook_7_2_eeg.npy,/home/fanyu/auditory_simulation_m6a/pub_01/s06/sparrkulee_v3.1/raw/derivatives/preprocessed_eeg/sub-030/ses-varyingStories01/sub-030_ses-varyingStories01_task-listeningActive_run-04_desc-preproc-audio-audiobook_7_2_eeg.npy,/home/fanyu/auditory_simulation_m6a/pub_01/s06/sparrkulee_v3.1/raw/derivatives/preprocessed_stimuli/audiobook_7_2_envelope.npy,audiobook_7_2,PUBLISHER_MAPPING_AND_COMMON_OVERLAP,PASS_WITH_LIMITATION,WITHIN_3S_ADVISORY; data_dict=PASS_STIMULUS_PROVENANCE; historical_generator_UNKNOWN
SparrKULee,sub-030_ses-varyingStories01_task-listeningActive_run-05_desc-preproc-audio-audiobook_7_3_eeg.npy,/home/fanyu/auditory_simulation_m6a/pub_01/s06/sparrkulee_v3.1/raw/derivatives/preprocessed_eeg/sub-030/ses-varyingStories01/sub-030_ses-varyingStories01_task-listeningActive_run-05_desc-preproc-audio-audiobook_7_3_eeg.npy,/home/fanyu/auditory_simulation_m6a/pub_01/s06/sparrkulee_v3.1/raw/derivatives/preprocessed_stimuli/audiobook_7_3_envelope.npy,audiobook_7_3,PUBLISHER_MAPPING_AND_COMMON_OVERLAP,PASS_WITH_LIMITATION,WITHIN_3S_ADVISORY; data_dict=PASS_STIMULUS_PROVENANCE; historical_generator_UNKNOWN
SparrKULee,sub-030_ses-varyingStories01_task-listeningActive_run-06_desc-preproc-audio-audiobook_7_4_eeg.npy,/home/fanyu/auditory_simulation_m6a/pub_01/s06/sparrkulee_v3.1/raw/derivatives/preprocessed_eeg/sub-030/ses-varyingStories01/sub-030_ses-varyingStories01_task-listeningActive_run-06_desc-preproc-audio-audiobook_7_4_eeg.npy,/home/fanyu/auditory_simulation_m6a/pub_01/s06/sparrkulee_v3.1/raw/derivatives/preprocessed_stimuli/audiobook_7_4_envelope.npy,audiobook_7_4,PUBLISHER_MAPPING_AND_COMMON_OVERLAP,PASS_WITH_LIMITATION,WITHIN_3S_ADVISORY; data_dict=PASS_STIMULUS_PROVENANCE; historical_generator_UNKNOWN
SparrKULee,sub-030_ses-varyingStories01_task-listeningActive_run-07_desc-preproc-audio-audiobook_7_5_eeg.npy,/home/fanyu/auditory_simulation_m6a/pub_01/s06/sparrkulee_v3.1/raw/derivatives/preprocessed_eeg/sub-030/ses-varyingStories01/sub-030_ses-varyingStories01_task-listeningActive_run-07_desc-preproc-audio-audiobook_7_5_eeg.npy,/home/fanyu/auditory_simulation_m6a/pub_01/s06/sparrkulee_v3.1/raw/derivatives/preprocessed_stimuli/audiobook_7_5_envelope.npy,audiobook_7_5,PUBLISHER_MAPPING_AND_COMMON_OVERLAP,PASS_WITH_LIMITATION,WITHIN_3S_ADVISORY; data_dict=PASS_STIMULUS_PROVENANCE; historical_generator_UNKNOWN
SparrKULee,sub-030_ses-varyingStories01_task-listeningActive_run-08_desc-preproc-audio-audiobook_7_6_eeg.npy,/home/fanyu/auditory_simulation_m6a/pub_01/s06/sparrkulee_v3.1/raw/derivatives/preprocessed_eeg/sub-030/ses-varyingStories01/sub-030_ses-varyingStories01_task-listeningActive_run-08_desc-preproc-audio-audiobook_7_6_eeg.npy,/home/fanyu/auditory_simulation_m6a/pub_01/s06/sparrkulee_v3.1/raw/derivatives/preprocessed_stimuli/audiobook_7_6_envelope.npy,audiobook_7_6,PUBLISHER_MAPPING_AND_COMMON_OVERLAP,PASS_WITH_LIMITATION,WITHIN_3S_ADVISORY; data_dict=PASS_STIMULUS_PROVENANCE; historical_generator_UNKNOWN
SparrKULee,sub-030_ses-varyingStories01_task-listeningActive_run-10_desc-preproc-audio-podcast_3_eeg.npy,/home/fanyu/auditory_simulation_m6a/pub_01/s06/sparrkulee_v3.1/raw/derivatives/preprocessed_eeg/sub-030/ses-varyingStories01/sub-030_ses-varyingStories01_task-listeningActive_run-10_desc-preproc-audio-podcast_3_eeg.npy,/home/fanyu/auditory_simulation_m6a/pub_01/s06/sparrkulee_v3.1/raw/derivatives/preprocessed_stimuli/podcast_3_envelope.npy,podcast_3,PUBLISHER_MAPPING_AND_COMMON_OVERLAP,PASS_WITH_LIMITATION,WITHIN_3S_ADVISORY; data_dict=PASS_STIMULUS_PROVENANCE; historical_generator_UNKNOWN
SparrKULee,sub-030_ses-varyingStories01_task-listeningActive_run-11_desc-preproc-audio-audiobook_1_eeg.npy,/home/fanyu/auditory_simulation_m6a/pub_01/s06/sparrkulee_v3.1/raw/derivatives/preprocessed_eeg/sub-030/ses-varyingStories01/sub-030_ses-varyingStories01_task-listeningActive_run-11_desc-preproc-audio-audiobook_1_eeg.npy,/home/fanyu/auditory_simulation_m6a/pub_01/s06/sparrkulee_v3.1/raw/derivatives/preprocessed_stimuli/audiobook_1_envelope.npy,audiobook_1,PUBLISHER_MAPPING_AND_COMMON_OVERLAP,PASS_WITH_LIMITATION,WITHIN_3S_ADVISORY; data_dict=PASS_STIMULUS_PROVENANCE; historical_generator_UNKNOWN
SparrKULee,sub-030_ses-varyingStories01_task-listeningActive_run-12_desc-preproc-audio-podcast_10_eeg.npy,/home/fanyu/auditory_simulation_m6a/pub_01/s06/sparrkulee_v3.1/raw/derivatives/preprocessed_eeg/sub-030/ses-varyingStories01/sub-030_ses-varyingStories01_task-listeningActive_run-12_desc-preproc-audio-podcast_10_eeg.npy,/home/fanyu/auditory_simulation_m6a/pub_01/s06/sparrkulee_v3.1/raw/derivatives/preprocessed_stimuli/podcast_10_envelope.npy,podcast_10,PUBLISHER_MAPPING_AND_COMMON_OVERLAP,PASS_WITH_LIMITATION,WITHIN_3S_ADVISORY; data_dict=PASS_STIMULUS_PROVENANCE; historical_generator_UNKNOWN
SparrKULee,sub-030_ses-varyingStories01_task-listeningActive_run-13_desc-preproc-audio-podcast_4_eeg.npy,/home/fanyu/auditory_simulation_m6a/pub_01/s06/sparrkulee_v3.1/raw/derivatives/preprocessed_eeg/sub-030/ses-varyingStories01/sub-030_ses-varyingStories01_task-listeningActive_run-13_desc-preproc-audio-podcast_4_eeg.npy,/home/fanyu/auditory_simulation_m6a/pub_01/s06/sparrkulee_v3.1/raw/derivatives/preprocessed_stimuli/podcast_4_envelope.npy,podcast_4,PUBLISHER_MAPPING_AND_COMMON_OVERLAP,PASS_WITH_LIMITATION,WITHIN_3S_ADVISORY; data_dict=PASS_STIMULUS_PROVENANCE; historical_generator_UNKNOWN
SparrKULee,sub-031_ses-varyingStories01_task-listeningActive_run-01_desc-preproc-audio-podcast_4_eeg.npy,/home/fanyu/auditory_simulation_m6a/pub_01/s06/sparrkulee_v3.1/raw/derivatives/preprocessed_eeg/sub-031/ses-varyingStories01/sub-031_ses-varyingStories01_task-listeningActive_run-01_desc-preproc-audio-podcast_4_eeg.npy,/home/fanyu/auditory_simulation_m6a/pub_01/s06/sparrkulee_v3.1/raw/derivatives/preprocessed_stimuli/podcast_4_envelope.npy,podcast_4,PUBLISHER_MAPPING_AND_COMMON_OVERLAP,PASS_WITH_LIMITATION,WITHIN_3S_ADVISORY; data_dict=PASS_STIMULUS_PROVENANCE; historical_generator_UNKNOWN
SparrKULee,sub-031_ses-varyingStories01_task-listeningActive_run-02_desc-preproc-audio-podcast_10_eeg.npy,/home/fanyu/auditory_simulation_m6a/pub_01/s06/sparrkulee_v3.1/raw/derivatives/preprocessed_eeg/sub-031/ses-varyingStories01/sub-031_ses-varyingStories01_task-listeningActive_run-02_desc-preproc-audio-podcast_10_eeg.npy,/home/fanyu/auditory_simulation_m6a/pub_01/s06/sparrkulee_v3.1/raw/derivatives/preprocessed_stimuli/podcast_10_envelope.npy,podcast_10,PUBLISHER_MAPPING_AND_COMMON_OVERLAP,PASS_WITH_LIMITATION,WITHIN_3S_ADVISORY; data_dict=PASS_STIMULUS_PROVENANCE; historical_generator_UNKNOWN
SparrKULee,sub-031_ses-varyingStories01_task-listeningActive_run-03_desc-preproc-audio-podcast_2_eeg.npy,/home/fanyu/auditory_simulation_m6a/pub_01/s06/sparrkulee_v3.1/raw/derivatives/preprocessed_eeg/sub-031/ses-varyingStories01/sub-031_ses-varyingStories01_task-listeningActive_run-03_desc-preproc-audio-podcast_2_eeg.npy,/home/fanyu/auditory_simulation_m6a/pub_01/s06/sparrkulee_v3.1/raw/derivatives/preprocessed_stimuli/podcast_2_envelope.npy,podcast_2,PUBLISHER_MAPPING_AND_COMMON_OVERLAP,PASS_WITH_LIMITATION,WITHIN_3S_ADVISORY; data_dict=PASS_STIMULUS_PROVENANCE; historical_generator_UNKNOWN
SparrKULee,sub-031_ses-varyingStories01_task-listeningActive_run-04_desc-preproc-audio-podcast_3_eeg.npy,/home/fanyu/auditory_simulation_m6a/pub_01/s06/sparrkulee_v3.1/raw/derivatives/preprocessed_eeg/sub-031/ses-varyingStories01/sub-031_ses-varyingStories01_task-listeningActive_run-04_desc-preproc-audio-podcast_3_eeg.npy,/home/fanyu/auditory_simulation_m6a/pub_01/s06/sparrkulee_v3.1/raw/derivatives/preprocessed_stimuli/podcast_3_envelope.npy,podcast_3,PUBLISHER_MAPPING_AND_COMMON_OVERLAP,PASS_WITH_LIMITATION,WITHIN_3S_ADVISORY; data_dict=PASS_STIMULUS_PROVENANCE; historical_generator_UNKNOWN
SparrKULee,sub-031_ses-varyingStories01_task-listeningActive_run-06_desc-preproc-audio-audiobook_1_eeg.npy,/home/fanyu/auditory_simulation_m6a/pub_01/s06/sparrkulee_v3.1/raw/derivatives/preprocessed_eeg/sub-031/ses-varyingStories01/sub-031_ses-varyingStories01_task-listeningActive_run-06_desc-preproc-audio-audiobook_1_eeg.npy,/home/fanyu/auditory_simulation_m6a/pub_01/s06/sparrkulee_v3.1/raw/derivatives/preprocessed_stimuli/audiobook_1_envelope.npy,audiobook_1,PUBLISHER_MAPPING_AND_COMMON_OVERLAP,PASS_WITH_LIMITATION,WITHIN_3S_ADVISORY; data_dict=PASS_STIMULUS_PROVENANCE; historical_generator_UNKNOWN
SparrKULee,sub-031_ses-varyingStories01_task-listeningActive_run-07_desc-preproc-audio-audiobook_7_1_eeg.npy,/home/fanyu/auditory_simulation_m6a/pub_01/s06/sparrkulee_v3.1/raw/derivatives/preprocessed_eeg/sub-031/ses-varyingStories01/sub-031_ses-varyingStories01_task-listeningActive_run-07_desc-preproc-audio-audiobook_7_1_eeg.npy,/home/fanyu/auditory_simulation_m6a/pub_01/s06/sparrkulee_v3.1/raw/derivatives/preprocessed_stimuli/audiobook_7_1_envelope.npy,audiobook_7_1,PUBLISHER_MAPPING_AND_COMMON_OVERLAP,PASS_WITH_LIMITATION,WITHIN_3S_ADVISORY; data_dict=PASS_STIMULUS_PROVENANCE; historical_generator_UNKNOWN
SparrKULee,sub-031_ses-varyingStories01_task-listeningActive_run-08_desc-preproc-audio-audiobook_7_2_eeg.npy,/home/fanyu/auditory_simulation_m6a/pub_01/s06/sparrkulee_v3.1/raw/derivatives/preprocessed_eeg/sub-031/ses-varyingStories01/sub-031_ses-varyingStories01_task-listeningActive_run-08_desc-preproc-audio-audiobook_7_2_eeg.npy,/home/fanyu/auditory_simulation_m6a/pub_01/s06/sparrkulee_v3.1/raw/derivatives/preprocessed_stimuli/audiobook_7_2_envelope.npy,audiobook_7_2,PUBLISHER_MAPPING_AND_COMMON_OVERLAP,PASS_WITH_LIMITATION,WITHIN_3S_ADVISORY; data_dict=PASS_STIMULUS_PROVENANCE; historical_generator_UNKNOWN
SparrKULee,sub-031_ses-varyingStories01_task-listeningActive_run-09_desc-preproc-audio-audiobook_7_3_eeg.npy,/home/fanyu/auditory_simulation_m6a/pub_01/s06/sparrkulee_v3.1/raw/derivatives/preprocessed_eeg/sub-031/ses-varyingStories01/sub-031_ses-varyingStories01_task-listeningActive_run-09_desc-preproc-audio-audiobook_7_3_eeg.npy,/home/fanyu/auditory_simulation_m6a/pub_01/s06/sparrkulee_v3.1/raw/derivatives/preprocessed_stimuli/audiobook_7_3_envelope.npy,audiobook_7_3,PUBLISHER_MAPPING_AND_COMMON_OVERLAP,PASS_WITH_LIMITATION,WITHIN_3S_ADVISORY; data_dict=PASS_STIMULUS_PROVENANCE; historical_generator_UNKNOWN
SparrKULee,sub-031_ses-varyingStories01_task-listeningActive_run-10_desc-preproc-audio-audiobook_7_4_eeg.npy,/home/fanyu/auditory_simulation_m6a/pub_01/s06/sparrkulee_v3.1/raw/derivatives/preprocessed_eeg/sub-031/ses-varyingStories01/sub-031_ses-varyingStories01_task-listeningActive_run-10_desc-preproc-audio-audiobook_7_4_eeg.npy,/home/fanyu/auditory_simulation_m6a/pub_01/s06/sparrkulee_v3.1/raw/derivatives/preprocessed_stimuli/audiobook_7_4_envelope.npy,audiobook_7_4,PUBLISHER_MAPPING_AND_COMMON_OVERLAP,PASS_WITH_LIMITATION,WITHIN_3S_ADVISORY; data_dict=PASS_STIMULUS_PROVENANCE; historical_generator_UNKNOWN
SparrKULee,sub-031_ses-varyingStories01_task-listeningActive_run-11_desc-preproc-audio-audiobook_7_5_eeg.npy,/home/fanyu/auditory_simulation_m6a/pub_01/s06/sparrkulee_v3.1/raw/derivatives/preprocessed_eeg/sub-031/ses-varyingStories01/sub-031_ses-varyingStories01_task-listeningActive_run-11_desc-preproc-audio-audiobook_7_5_eeg.npy,/home/fanyu/auditory_simulation_m6a/pub_01/s06/sparrkulee_v3.1/raw/derivatives/preprocessed_stimuli/audiobook_7_5_envelope.npy,audiobook_7_5,PUBLISHER_MAPPING_AND_COMMON_OVERLAP,PASS_WITH_LIMITATION,WITHIN_3S_ADVISORY; data_dict=PASS_STIMULUS_PROVENANCE; historical_generator_UNKNOWN
SparrKULee,sub-031_ses-varyingStories01_task-listeningActive_run-12_desc-preproc-audio-audiobook_7_6_eeg.npy,/home/fanyu/auditory_simulation_m6a/pub_01/s06/sparrkulee_v3.1/raw/derivatives/preprocessed_eeg/sub-031/ses-varyingStories01/sub-031_ses-varyingStories01_task-listeningActive_run-12_desc-preproc-audio-audiobook_7_6_eeg.npy,/home/fanyu/auditory_simulation_m6a/pub_01/s06/sparrkulee_v3.1/raw/derivatives/preprocessed_stimuli/audiobook_7_6_envelope.npy,audiobook_7_6,PUBLISHER_MAPPING_AND_COMMON_OVERLAP,PASS_WITH_LIMITATION,WITHIN_3S_ADVISORY; data_dict=PASS_STIMULUS_PROVENANCE; historical_generator_UNKNOWN
SparrKULee,sub-031_ses-varyingStories01_task-listeningActive_run-13_desc-preproc-audio-podcast_1_eeg.npy,/home/fanyu/auditory_simulation_m6a/pub_01/s06/sparrkulee_v3.1/raw/derivatives/preprocessed_eeg/sub-031/ses-varyingStories01/sub-031_ses-varyingStories01_task-listeningActive_run-13_desc-preproc-audio-podcast_1_eeg.npy,/home/fanyu/auditory_simulation_m6a/pub_01/s06/sparrkulee_v3.1/raw/derivatives/preprocessed_stimuli/podcast_1_envelope.npy,podcast_1,PUBLISHER_MAPPING_AND_COMMON_OVERLAP,PASS_WITH_LIMITATION,WITHIN_3S_ADVISORY; data_dict=PASS_STIMULUS_PROVENANCE; historical_generator_UNKNOWN
SparrKULee,sub-032_ses-varyingStories02_task-listeningActive_run-01_desc-preproc-audio-podcast_10_eeg.npy,/home/fanyu/auditory_simulation_m6a/pub_01/s06/sparrkulee_v3.1/raw/derivatives/preprocessed_eeg/sub-032/ses-varyingStories02/sub-032_ses-varyingStories02_task-listeningActive_run-01_desc-preproc-audio-podcast_10_eeg.npy,/home/fanyu/auditory_simulation_m6a/pub_01/s06/sparrkulee_v3.1/raw/derivatives/preprocessed_stimuli/podcast_10_envelope.npy,podcast_10,PUBLISHER_MAPPING_AND_COMMON_OVERLAP,PASS_WITH_LIMITATION,WITHIN_3S_ADVISORY; data_dict=PASS_STIMULUS_PROVENANCE; historical_generator_UNKNOWN
SparrKULee,sub-032_ses-varyingStories02_task-listeningActive_run-02_desc-preproc-audio-podcast_8_eeg.npy,/home/fanyu/auditory_simulation_m6a/pub_01/s06/sparrkulee_v3.1/raw/derivatives/preprocessed_eeg/sub-032/ses-varyingStories02/sub-032_ses-varyingStories02_task-listeningActive_run-02_desc-preproc-audio-podcast_8_eeg.npy,/home/fanyu/auditory_simulation_m6a/pub_01/s06/sparrkulee_v3.1/raw/derivatives/preprocessed_stimuli/podcast_8_envelope.npy,podcast_8,PUBLISHER_MAPPING_AND_COMMON_OVERLAP,PASS_WITH_LIMITATION,WITHIN_3S_ADVISORY; data_dict=PASS_STIMULUS_PROVENANCE; historical_generator_UNKNOWN
SparrKULee,sub-032_ses-varyingStories02_task-listeningActive_run-03_desc-preproc-audio-audiobook_8_1_eeg.npy,/home/fanyu/auditory_simulation_m6a/pub_01/s06/sparrkulee_v3.1/raw/derivatives/preprocessed_eeg/sub-032/ses-varyingStories02/sub-032_ses-varyingStories02_task-listeningActive_run-03_desc-preproc-audio-audiobook_8_1_eeg.npy,/home/fanyu/auditory_simulation_m6a/pub_01/s06/sparrkulee_v3.1/raw/derivatives/preprocessed_stimuli/audiobook_8_1_envelope.npy,audiobook_8_1,PUBLISHER_MAPPING_AND_COMMON_OVERLAP,PASS_WITH_LIMITATION,WITHIN_3S_ADVISORY; data_dict=PASS_STIMULUS_PROVENANCE; historical_generator_UNKNOWN
SparrKULee,sub-032_ses-varyingStories02_task-listeningActive_run-04_desc-preproc-audio-audiobook_8_2_eeg.npy,/home/fanyu/auditory_simulation_m6a/pub_01/s06/sparrkulee_v3.1/raw/derivatives/preprocessed_eeg/sub-032/ses-varyingStories02/sub-032_ses-varyingStories02_task-listeningActive_run-04_desc-preproc-audio-audiobook_8_2_eeg.npy,/home/fanyu/auditory_simulation_m6a/pub_01/s06/sparrkulee_v3.1/raw/derivatives/preprocessed_stimuli/audiobook_8_2_envelope.npy,audiobook_8_2,PUBLISHER_MAPPING_AND_COMMON_OVERLAP,PASS_WITH_LIMITATION,WITHIN_3S_ADVISORY; data_dict=PASS_STIMULUS_PROVENANCE; historical_generator_UNKNOWN
SparrKULee,sub-032_ses-varyingStories02_task-listeningActive_run-06_desc-preproc-audio-audiobook_1_eeg.npy,/home/fanyu/auditory_simulation_m6a/pub_01/s06/sparrkulee_v3.1/raw/derivatives/preprocessed_eeg/sub-032/ses-varyingStories02/sub-032_ses-varyingStories02_task-listeningActive_run-06_desc-preproc-audio-audiobook_1_eeg.npy,/home/fanyu/auditory_simulation_m6a/pub_01/s06/sparrkulee_v3.1/raw/derivatives/preprocessed_stimuli/audiobook_1_envelope.npy,audiobook_1,PUBLISHER_MAPPING_AND_COMMON_OVERLAP,PASS_WITH_LIMITATION,WITHIN_3S_ADVISORY; data_dict=PASS_STIMULUS_PROVENANCE; historical_generator_UNKNOWN
SparrKULee,sub-032_ses-varyingStories02_task-listeningActive_run-07_desc-preproc-audio-podcast_5_eeg.npy,/home/fanyu/auditory_simulation_m6a/pub_01/s06/sparrkulee_v3.1/raw/derivatives/preprocessed_eeg/sub-032/ses-varyingStories02/sub-032_ses-varyingStories02_task-listeningActive_run-07_desc-preproc-audio-podcast_5_eeg.npy,/home/fanyu/auditory_simulation_m6a/pub_01/s06/sparrkulee_v3.1/raw/derivatives/preprocessed_stimuli/podcast_5_envelope.npy,podcast_5,PUBLISHER_MAPPING_AND_COMMON_OVERLAP,PASS_WITH_LIMITATION,WITHIN_3S_ADVISORY; data_dict=PASS_STIMULUS_PROVENANCE; historical_generator_UNKNOWN
SparrKULee,sub-032_ses-varyingStories02_task-listeningActive_run-08_desc-preproc-audio-podcast_6_eeg.npy,/home/fanyu/auditory_simulation_m6a/pub_01/s06/sparrkulee_v3.1/raw/derivatives/preprocessed_eeg/sub-032/ses-varyingStories02/sub-032_ses-varyingStories02_task-listeningActive_run-08_desc-preproc-audio-podcast_6_eeg.npy,/home/fanyu/auditory_simulation_m6a/pub_01/s06/sparrkulee_v3.1/raw/derivatives/preprocessed_stimuli/podcast_6_envelope.npy,podcast_6,PUBLISHER_MAPPING_AND_COMMON_OVERLAP,PASS_WITH_LIMITATION,WITHIN_3S_ADVISORY; data_dict=PASS_STIMULUS_PROVENANCE; historical_generator_UNKNOWN
SparrKULee,sub-032_ses-varyingStories02_task-listeningActive_run-09_desc-preproc-audio-podcast_7_eeg.npy,/home/fanyu/auditory_simulation_m6a/pub_01/s06/sparrkulee_v3.1/raw/derivatives/preprocessed_eeg/sub-032/ses-varyingStories02/sub-032_ses-varyingStories02_task-listeningActive_run-09_desc-preproc-audio-podcast_7_eeg.npy,/home/fanyu/auditory_simulation_m6a/pub_01/s06/sparrkulee_v3.1/raw/derivatives/preprocessed_stimuli/podcast_7_envelope.npy,podcast_7,PUBLISHER_MAPPING_AND_COMMON_OVERLAP,PASS_WITH_LIMITATION,WITHIN_3S_ADVISORY; data_dict=PASS_STIMULUS_PROVENANCE; historical_generator_UNKNOWN
SparrKULee,sub-033_ses-varyingStories02_task-listeningActive_run-01_desc-preproc-audio-podcast_7_eeg.npy,/home/fanyu/auditory_simulation_m6a/pub_01/s06/sparrkulee_v3.1/raw/derivatives/preprocessed_eeg/sub-033/ses-varyingStories02/sub-033_ses-varyingStories02_task-listeningActive_run-01_desc-preproc-audio-podcast_7_eeg.npy,/home/fanyu/auditory_simulation_m6a/pub_01/s06/sparrkulee_v3.1/raw/derivatives/preprocessed_stimuli/podcast_7_envelope.npy,podcast_7,PUBLISHER_MAPPING_AND_COMMON_OVERLAP,PASS_WITH_LIMITATION,WITHIN_3S_ADVISORY; data_dict=PASS_STIMULUS_PROVENANCE; historical_generator_UNKNOWN
SparrKULee,sub-033_ses-varyingStories02_task-listeningActive_run-02_desc-preproc-audio-podcast_10_eeg.npy,/home/fanyu/auditory_simulation_m6a/pub_01/s06/sparrkulee_v3.1/raw/derivatives/preprocessed_eeg/sub-033/ses-varyingStories02/sub-033_ses-varyingStories02_task-listeningActive_run-02_desc-preproc-audio-podcast_10_eeg.npy,/home/fanyu/auditory_simulation_m6a/pub_01/s06/sparrkulee_v3.1/raw/derivatives/preprocessed_stimuli/podcast_10_envelope.npy,podcast_10,PUBLISHER_MAPPING_AND_COMMON_OVERLAP,PASS_WITH_LIMITATION,WITHIN_3S_ADVISORY; data_dict=PASS_STIMULUS_PROVENANCE; historical_generator_UNKNOWN
SparrKULee,sub-033_ses-varyingStories02_task-listeningActive_run-03_desc-preproc-audio-podcast_5_eeg.npy,/home/fanyu/auditory_simulation_m6a/pub_01/s06/sparrkulee_v3.1/raw/derivatives/preprocessed_eeg/sub-033/ses-varyingStories02/sub-033_ses-varyingStories02_task-listeningActive_run-03_desc-preproc-audio-podcast_5_eeg.npy,/home/fanyu/auditory_simulation_m6a/pub_01/s06/sparrkulee_v3.1/raw/derivatives/preprocessed_stimuli/podcast_5_envelope.npy,podcast_5,PUBLISHER_MAPPING_AND_COMMON_OVERLAP,PASS_WITH_LIMITATION,WITHIN_3S_ADVISORY; data_dict=PASS_STIMULUS_PROVENANCE; historical_generator_UNKNOWN
SparrKULee,sub-033_ses-varyingStories02_task-listeningActive_run-04_desc-preproc-audio-audiobook_8_1_eeg.npy,/home/fanyu/auditory_simulation_m6a/pub_01/s06/sparrkulee_v3.1/raw/derivatives/preprocessed_eeg/sub-033/ses-varyingStories02/sub-033_ses-varyingStories02_task-listeningActive_run-04_desc-preproc-audio-audiobook_8_1_eeg.npy,/home/fanyu/auditory_simulation_m6a/pub_01/s06/sparrkulee_v3.1/raw/derivatives/preprocessed_stimuli/audiobook_8_1_envelope.npy,audiobook_8_1,PUBLISHER_MAPPING_AND_COMMON_OVERLAP,PASS_WITH_LIMITATION,WITHIN_3S_ADVISORY; data_dict=PASS_STIMULUS_PROVENANCE; historical_generator_UNKNOWN
SparrKULee,sub-033_ses-varyingStories02_task-listeningActive_run-05_desc-preproc-audio-audiobook_8_2_eeg.npy,/home/fanyu/auditory_simulation_m6a/pub_01/s06/sparrkulee_v3.1/raw/derivatives/preprocessed_eeg/sub-033/ses-varyingStories02/sub-033_ses-varyingStories02_task-listeningActive_run-05_desc-preproc-audio-audiobook_8_2_eeg.npy,/home/fanyu/auditory_simulation_m6a/pub_01/s06/sparrkulee_v3.1/raw/derivatives/preprocessed_stimuli/audiobook_8_2_envelope.npy,audiobook_8_2,PUBLISHER_MAPPING_AND_COMMON_OVERLAP,PASS_WITH_LIMITATION,WITHIN_3S_ADVISORY; data_dict=PASS_STIMULUS_PROVENANCE; historical_generator_UNKNOWN
SparrKULee,sub-033_ses-varyingStories02_task-listeningActive_run-07_desc-preproc-audio-podcast_8_eeg.npy,/home/fanyu/auditory_simulation_m6a/pub_01/s06/sparrkulee_v3.1/raw/derivatives/preprocessed_eeg/sub-033/ses-varyingStories02/sub-033_ses-varyingStories02_task-listeningActive_run-07_desc-preproc-audio-podcast_8_eeg.npy,/home/fanyu/auditory_simulation_m6a/pub_01/s06/sparrkulee_v3.1/raw/derivatives/preprocessed_stimuli/podcast_8_envelope.npy,podcast_8,PUBLISHER_MAPPING_AND_COMMON_OVERLAP,PASS_WITH_LIMITATION,WITHIN_3S_ADVISORY; data_dict=PASS_STIMULUS_PROVENANCE; historical_generator_UNKNOWN
SparrKULee,sub-033_ses-varyingStories02_task-listeningActive_run-08_desc-preproc-audio-audiobook_1_eeg.npy,/home/fanyu/auditory_simulation_m6a/pub_01/s06/sparrkulee_v3.1/raw/derivatives/preprocessed_eeg/sub-033/ses-varyingStories02/sub-033_ses-varyingStories02_task-listeningActive_run-08_desc-preproc-audio-audiobook_1_eeg.npy,/home/fanyu/auditory_simulation_m6a/pub_01/s06/sparrkulee_v3.1/raw/derivatives/preprocessed_stimuli/audiobook_1_envelope.npy,audiobook_1,PUBLISHER_MAPPING_AND_COMMON_OVERLAP,PASS_WITH_LIMITATION,WITHIN_3S_ADVISORY; data_dict=PASS_STIMULUS_PROVENANCE; historical_generator_UNKNOWN
SparrKULee,sub-033_ses-varyingStories02_task-listeningActive_run-09_desc-preproc-audio-podcast_6_eeg.npy,/home/fanyu/auditory_simulation_m6a/pub_01/s06/sparrkulee_v3.1/raw/derivatives/preprocessed_eeg/sub-033/ses-varyingStories02/sub-033_ses-varyingStories02_task-listeningActive_run-09_desc-preproc-audio-podcast_6_eeg.npy,/home/fanyu/auditory_simulation_m6a/pub_01/s06/sparrkulee_v3.1/raw/derivatives/preprocessed_stimuli/podcast_6_envelope.npy,podcast_6,PUBLISHER_MAPPING_AND_COMMON_OVERLAP,PASS_WITH_LIMITATION,WITHIN_3S_ADVISORY; data_dict=PASS_STIMULUS_PROVENANCE; historical_generator_UNKNOWN
SparrKULee,sub-034_ses-varyingStories02_task-listeningActive_run-01_desc-preproc-audio-podcast_7_eeg.npy,/home/fanyu/auditory_simulation_m6a/pub_01/s06/sparrkulee_v3.1/raw/derivatives/preprocessed_eeg/sub-034/ses-varyingStories02/sub-034_ses-varyingStories02_task-listeningActive_run-01_desc-preproc-audio-podcast_7_eeg.npy,/home/fanyu/auditory_simulation_m6a/pub_01/s06/sparrkulee_v3.1/raw/derivatives/preprocessed_stimuli/podcast_7_envelope.npy,podcast_7,PUBLISHER_MAPPING_AND_COMMON_OVERLAP,PASS_WITH_LIMITATION,WITHIN_3S_ADVISORY; data_dict=PASS_STIMULUS_PROVENANCE; historical_generator_UNKNOWN
SparrKULee,sub-034_ses-varyingStories02_task-listeningActive_run-02_desc-preproc-audio-podcast_10_eeg.npy,/home/fanyu/auditory_simulation_m6a/pub_01/s06/sparrkulee_v3.1/raw/derivatives/preprocessed_eeg/sub-034/ses-varyingStories02/sub-034_ses-varyingStories02_task-listeningActive_run-02_desc-preproc-audio-podcast_10_eeg.npy,/home/fanyu/auditory_simulation_m6a/pub_01/s06/sparrkulee_v3.1/raw/derivatives/preprocessed_stimuli/podcast_10_envelope.npy,podcast_10,PUBLISHER_MAPPING_AND_COMMON_OVERLAP,PASS_WITH_LIMITATION,WITHIN_3S_ADVISORY; data_dict=PASS_STIMULUS_PROVENANCE; historical_generator_UNKNOWN
SparrKULee,sub-034_ses-varyingStories02_task-listeningActive_run-03_desc-preproc-audio-audiobook_8_1_eeg.npy,/home/fanyu/auditory_simulation_m6a/pub_01/s06/sparrkulee_v3.1/raw/derivatives/preprocessed_eeg/sub-034/ses-varyingStories02/sub-034_ses-varyingStories02_task-listeningActive_run-03_desc-preproc-audio-audiobook_8_1_eeg.npy,/home/fanyu/auditory_simulation_m6a/pub_01/s06/sparrkulee_v3.1/raw/derivatives/preprocessed_stimuli/audiobook_8_1_envelope.npy,audiobook_8_1,PUBLISHER_MAPPING_AND_COMMON_OVERLAP,PASS_WITH_LIMITATION,WITHIN_3S_ADVISORY; data_dict=PASS_STIMULUS_PROVENANCE; historical_generator_UNKNOWN
SparrKULee,sub-034_ses-varyingStories02_task-listeningActive_run-04_desc-preproc-audio-audiobook_8_2_eeg.npy,/home/fanyu/auditory_simulation_m6a/pub_01/s06/sparrkulee_v3.1/raw/derivatives/preprocessed_eeg/sub-034/ses-varyingStories02/sub-034_ses-varyingStories02_task-listeningActive_run-04_desc-preproc-audio-audiobook_8_2_eeg.npy,/home/fanyu/auditory_simulation_m6a/pub_01/s06/sparrkulee_v3.1/raw/derivatives/preprocessed_stimuli/audiobook_8_2_envelope.npy,audiobook_8_2,PUBLISHER_MAPPING_AND_COMMON_OVERLAP,PASS_WITH_LIMITATION,WITHIN_3S_ADVISORY; data_dict=PASS_STIMULUS_PROVENANCE; historical_generator_UNKNOWN
SparrKULee,sub-034_ses-varyingStories02_task-listeningActive_run-06_desc-preproc-audio-podcast_8_eeg.npy,/home/fanyu/auditory_simulation_m6a/pub_01/s06/sparrkulee_v3.1/raw/derivatives/preprocessed_eeg/sub-034/ses-varyingStories02/sub-034_ses-varyingStories02_task-listeningActive_run-06_desc-preproc-audio-podcast_8_eeg.npy,/home/fanyu/auditory_simulation_m6a/pub_01/s06/sparrkulee_v3.1/raw/derivatives/preprocessed_stimuli/podcast_8_envelope.npy,podcast_8,PUBLISHER_MAPPING_AND_COMMON_OVERLAP,PASS_WITH_LIMITATION,WITHIN_3S_ADVISORY; data_dict=PASS_STIMULUS_PROVENANCE; historical_generator_UNKNOWN
SparrKULee,sub-034_ses-varyingStories02_task-listeningActive_run-07_desc-preproc-audio-podcast_5_eeg.npy,/home/fanyu/auditory_simulation_m6a/pub_01/s06/sparrkulee_v3.1/raw/derivatives/preprocessed_eeg/sub-034/ses-varyingStories02/sub-034_ses-varyingStories02_task-listeningActive_run-07_desc-preproc-audio-podcast_5_eeg.npy,/home/fanyu/auditory_simulation_m6a/pub_01/s06/sparrkulee_v3.1/raw/derivatives/preprocessed_stimuli/podcast_5_envelope.npy,podcast_5,PUBLISHER_MAPPING_AND_COMMON_OVERLAP,PASS_WITH_LIMITATION,WITHIN_3S_ADVISORY; data_dict=PASS_STIMULUS_PROVENANCE; historical_generator_UNKNOWN
SparrKULee,sub-034_ses-varyingStories02_task-listeningActive_run-08_desc-preproc-audio-podcast_6_eeg.npy,/home/fanyu/auditory_simulation_m6a/pub_01/s06/sparrkulee_v3.1/raw/derivatives/preprocessed_eeg/sub-034/ses-varyingStories02/sub-034_ses-varyingStories02_task-listeningActive_run-08_desc-preproc-audio-podcast_6_eeg.npy,/home/fanyu/auditory_simulation_m6a/pub_01/s06/sparrkulee_v3.1/raw/derivatives/preprocessed_stimuli/podcast_6_envelope.npy,podcast_6,PUBLISHER_MAPPING_AND_COMMON_OVERLAP,PASS_WITH_LIMITATION,WITHIN_3S_ADVISORY; data_dict=PASS_STIMULUS_PROVENANCE; historical_generator_UNKNOWN
SparrKULee,sub-034_ses-varyingStories02_task-listeningActive_run-09_desc-preproc-audio-audiobook_1_eeg.npy,/home/fanyu/auditory_simulation_m6a/pub_01/s06/sparrkulee_v3.1/raw/derivatives/preprocessed_eeg/sub-034/ses-varyingStories02/sub-034_ses-varyingStories02_task-listeningActive_run-09_desc-preproc-audio-audiobook_1_eeg.npy,/home/fanyu/auditory_simulation_m6a/pub_01/s06/sparrkulee_v3.1/raw/derivatives/preprocessed_stimuli/audiobook_1_envelope.npy,audiobook_1,PUBLISHER_MAPPING_AND_COMMON_OVERLAP,PASS_WITH_LIMITATION,WITHIN_3S_ADVISORY; data_dict=PASS_STIMULUS_PROVENANCE; historical_generator_UNKNOWN
SparrKULee,sub-035_ses-varyingStories02_task-listeningActive_run-01_desc-preproc-audio-podcast_8_eeg.npy,/home/fanyu/auditory_simulation_m6a/pub_01/s06/sparrkulee_v3.1/raw/derivatives/preprocessed_eeg/sub-035/ses-varyingStories02/sub-035_ses-varyingStories02_task-listeningActive_run-01_desc-preproc-audio-podcast_8_eeg.npy,/home/fanyu/auditory_simulation_m6a/pub_01/s06/sparrkulee_v3.1/raw/derivatives/preprocessed_stimuli/podcast_8_envelope.npy,podcast_8,PUBLISHER_MAPPING_AND_COMMON_OVERLAP,PASS_WITH_LIMITATION,WITHIN_3S_ADVISORY; data_dict=PASS_STIMULUS_PROVENANCE; historical_generator_UNKNOWN
SparrKULee,sub-035_ses-varyingStories02_task-listeningActive_run-02_desc-preproc-audio-podcast_10_eeg.npy,/home/fanyu/auditory_simulation_m6a/pub_01/s06/sparrkulee_v3.1/raw/derivatives/preprocessed_eeg/sub-035/ses-varyingStories02/sub-035_ses-varyingStories02_task-listeningActive_run-02_desc-preproc-audio-podcast_10_eeg.npy,/home/fanyu/auditory_simulation_m6a/pub_01/s06/sparrkulee_v3.1/raw/derivatives/preprocessed_stimuli/podcast_10_envelope.npy,podcast_10,PUBLISHER_MAPPING_AND_COMMON_OVERLAP,PASS_WITH_LIMITATION,WITHIN_3S_ADVISORY; data_dict=PASS_STIMULUS_PROVENANCE; historical_generator_UNKNOWN
SparrKULee,sub-035_ses-varyingStories02_task-listeningActive_run-03_desc-preproc-audio-audiobook_1_eeg.npy,/home/fanyu/auditory_simulation_m6a/pub_01/s06/sparrkulee_v3.1/raw/derivatives/preprocessed_eeg/sub-035/ses-varyingStories02/sub-035_ses-varyingStories02_task-listeningActive_run-03_desc-preproc-audio-audiobook_1_eeg.npy,/home/fanyu/auditory_simulation_m6a/pub_01/s06/sparrkulee_v3.1/raw/derivatives/preprocessed_stimuli/audiobook_1_envelope.npy,audiobook_1,PUBLISHER_MAPPING_AND_COMMON_OVERLAP,PASS_WITH_LIMITATION,WITHIN_3S_ADVISORY; data_dict=PASS_STIMULUS_PROVENANCE; historical_generator_UNKNOWN
SparrKULee,sub-035_ses-varyingStories02_task-listeningActive_run-04_desc-preproc-audio-audiobook_8_1_eeg.npy,/home/fanyu/auditory_simulation_m6a/pub_01/s06/sparrkulee_v3.1/raw/derivatives/preprocessed_eeg/sub-035/ses-varyingStories02/sub-035_ses-varyingStories02_task-listeningActive_run-04_desc-preproc-audio-audiobook_8_1_eeg.npy,/home/fanyu/auditory_simulation_m6a/pub_01/s06/sparrkulee_v3.1/raw/derivatives/preprocessed_stimuli/audiobook_8_1_envelope.npy,audiobook_8_1,PUBLISHER_MAPPING_AND_COMMON_OVERLAP,PASS_WITH_LIMITATION,WITHIN_3S_ADVISORY; data_dict=PASS_STIMULUS_PROVENANCE; historical_generator_UNKNOWN
SparrKULee,sub-035_ses-varyingStories02_task-listeningActive_run-05_desc-preproc-audio-audiobook_8_2_eeg.npy,/home/fanyu/auditory_simulation_m6a/pub_01/s06/sparrkulee_v3.1/raw/derivatives/preprocessed_eeg/sub-035/ses-varyingStories02/sub-035_ses-varyingStories02_task-listeningActive_run-05_desc-preproc-audio-audiobook_8_2_eeg.npy,/home/fanyu/auditory_simulation_m6a/pub_01/s06/sparrkulee_v3.1/raw/derivatives/preprocessed_stimuli/audiobook_8_2_envelope.npy,audiobook_8_2,PUBLISHER_MAPPING_AND_COMMON_OVERLAP,PASS_WITH_LIMITATION,WITHIN_3S_ADVISORY; data_dict=PASS_STIMULUS_PROVENANCE; historical_generator_UNKNOWN
SparrKULee,sub-035_ses-varyingStories02_task-listeningActive_run-06_desc-preproc-audio-podcast_6_eeg.npy,/home/fanyu/auditory_simulation_m6a/pub_01/s06/sparrkulee_v3.1/raw/derivatives/preprocessed_eeg/sub-035/ses-varyingStories02/sub-035_ses-varyingStories02_task-listeningActive_run-06_desc-preproc-audio-podcast_6_eeg.npy,/home/fanyu/auditory_simulation_m6a/pub_01/s06/sparrkulee_v3.1/raw/derivatives/preprocessed_stimuli/podcast_6_envelope.npy,podcast_6,PUBLISHER_MAPPING_AND_COMMON_OVERLAP,PASS_WITH_LIMITATION,WITHIN_3S_ADVISORY; data_dict=PASS_STIMULUS_PROVENANCE; historical_generator_UNKNOWN
SparrKULee,sub-035_ses-varyingStories02_task-listeningActive_run-07_desc-preproc-audio-podcast_5_eeg.npy,/home/fanyu/auditory_simulation_m6a/pub_01/s06/sparrkulee_v3.1/raw/derivatives/preprocessed_eeg/sub-035/ses-varyingStories02/sub-035_ses-varyingStories02_task-listeningActive_run-07_desc-preproc-audio-podcast_5_eeg.npy,/home/fanyu/auditory_simulation_m6a/pub_01/s06/sparrkulee_v3.1/raw/derivatives/preprocessed_stimuli/podcast_5_envelope.npy,podcast_5,PUBLISHER_MAPPING_AND_COMMON_OVERLAP,PASS_WITH_LIMITATION,WITHIN_3S_ADVISORY; data_dict=PASS_STIMULUS_PROVENANCE; historical_generator_UNKNOWN
SparrKULee,sub-035_ses-varyingStories02_task-listeningActive_run-08_desc-preproc-audio-podcast_7_eeg.npy,/home/fanyu/auditory_simulation_m6a/pub_01/s06/sparrkulee_v3.1/raw/derivatives/preprocessed_eeg/sub-035/ses-varyingStories02/sub-035_ses-varyingStories02_task-listeningActive_run-08_desc-preproc-audio-podcast_7_eeg.npy,/home/fanyu/auditory_simulation_m6a/pub_01/s06/sparrkulee_v3.1/raw/derivatives/preprocessed_stimuli/podcast_7_envelope.npy,podcast_7,PUBLISHER_MAPPING_AND_COMMON_OVERLAP,PASS_WITH_LIMITATION,WITHIN_3S_ADVISORY; data_dict=PASS_STIMULUS_PROVENANCE; historical_generator_UNKNOWN
SparrKULee,sub-036_ses-varyingStories02_task-listeningActive_run-01_desc-preproc-audio-podcast_10_eeg.npy,/home/fanyu/auditory_simulation_m6a/pub_01/s06/sparrkulee_v3.1/raw/derivatives/preprocessed_eeg/sub-036/ses-varyingStories02/sub-036_ses-varyingStories02_task-listeningActive_run-01_desc-preproc-audio-podcast_10_eeg.npy,/home/fanyu/auditory_simulation_m6a/pub_01/s06/sparrkulee_v3.1/raw/derivatives/preprocessed_stimuli/podcast_10_envelope.npy,podcast_10,PUBLISHER_MAPPING_AND_COMMON_OVERLAP,PASS_WITH_LIMITATION,WITHIN_3S_ADVISORY; data_dict=PASS_STIMULUS_PROVENANCE; historical_generator_UNKNOWN
SparrKULee,sub-036_ses-varyingStories02_task-listeningActive_run-02_desc-preproc-audio-audiobook_8_1_eeg.npy,/home/fanyu/auditory_simulation_m6a/pub_01/s06/sparrkulee_v3.1/raw/derivatives/preprocessed_eeg/sub-036/ses-varyingStories02/sub-036_ses-varyingStories02_task-listeningActive_run-02_desc-preproc-audio-audiobook_8_1_eeg.npy,/home/fanyu/auditory_simulation_m6a/pub_01/s06/sparrkulee_v3.1/raw/derivatives/preprocessed_stimuli/audiobook_8_1_envelope.npy,audiobook_8_1,PUBLISHER_MAPPING_AND_COMMON_OVERLAP,PASS_WITH_LIMITATION,WITHIN_3S_ADVISORY; data_dict=PASS_STIMULUS_PROVENANCE; historical_generator_UNKNOWN
SparrKULee,sub-036_ses-varyingStories02_task-listeningActive_run-03_desc-preproc-audio-audiobook_8_2_eeg.npy,/home/fanyu/auditory_simulation_m6a/pub_01/s06/sparrkulee_v3.1/raw/derivatives/preprocessed_eeg/sub-036/ses-varyingStories02/sub-036_ses-varyingStories02_task-listeningActive_run-03_desc-preproc-audio-audiobook_8_2_eeg.npy,/home/fanyu/auditory_simulation_m6a/pub_01/s06/sparrkulee_v3.1/raw/derivatives/preprocessed_stimuli/audiobook_8_2_envelope.npy,audiobook_8_2,PUBLISHER_MAPPING_AND_COMMON_OVERLAP,PASS_WITH_LIMITATION,WITHIN_3S_ADVISORY; data_dict=PASS_STIMULUS_PROVENANCE; historical_generator_UNKNOWN
SparrKULee,sub-036_ses-varyingStories02_task-listeningActive_run-04_desc-preproc-audio-audiobook_1_eeg.npy,/home/fanyu/auditory_simulation_m6a/pub_01/s06/sparrkulee_v3.1/raw/derivatives/preprocessed_eeg/sub-036/ses-varyingStories02/sub-036_ses-varyingStories02_task-listeningActive_run-04_desc-preproc-audio-audiobook_1_eeg.npy,/home/fanyu/auditory_simulation_m6a/pub_01/s06/sparrkulee_v3.1/raw/derivatives/preprocessed_stimuli/audiobook_1_envelope.npy,audiobook_1,PUBLISHER_MAPPING_AND_COMMON_OVERLAP,PASS_WITH_LIMITATION,WITHIN_3S_ADVISORY; data_dict=PASS_STIMULUS_PROVENANCE; historical_generator_UNKNOWN
SparrKULee,sub-036_ses-varyingStories02_task-listeningActive_run-05_desc-preproc-audio-podcast_6_eeg.npy,/home/fanyu/auditory_simulation_m6a/pub_01/s06/sparrkulee_v3.1/raw/derivatives/preprocessed_eeg/sub-036/ses-varyingStories02/sub-036_ses-varyingStories02_task-listeningActive_run-05_desc-preproc-audio-podcast_6_eeg.npy,/home/fanyu/auditory_simulation_m6a/pub_01/s06/sparrkulee_v3.1/raw/derivatives/preprocessed_stimuli/podcast_6_envelope.npy,podcast_6,PUBLISHER_MAPPING_AND_COMMON_OVERLAP,PASS_WITH_LIMITATION,WITHIN_3S_ADVISORY; data_dict=PASS_STIMULUS_PROVENANCE; historical_generator_UNKNOWN
SparrKULee,sub-036_ses-varyingStories02_task-listeningActive_run-06_desc-preproc-audio-podcast_8_eeg.npy,/home/fanyu/auditory_simulation_m6a/pub_01/s06/sparrkulee_v3.1/raw/derivatives/preprocessed_eeg/sub-036/ses-varyingStories02/sub-036_ses-varyingStories02_task-listeningActive_run-06_desc-preproc-audio-podcast_8_eeg.npy,/home/fanyu/auditory_simulation_m6a/pub_01/s06/sparrkulee_v3.1/raw/derivatives/preprocessed_stimuli/podcast_8_envelope.npy,podcast_8,PUBLISHER_MAPPING_AND_COMMON_OVERLAP,PASS_WITH_LIMITATION,WITHIN_3S_ADVISORY; data_dict=PASS_STIMULUS_PROVENANCE; historical_generator_UNKNOWN
SparrKULee,sub-036_ses-varyingStories02_task-listeningActive_run-07_desc-preproc-audio-podcast_5_eeg.npy,/home/fanyu/auditory_simulation_m6a/pub_01/s06/sparrkulee_v3.1/raw/derivatives/preprocessed_eeg/sub-036/ses-varyingStories02/sub-036_ses-varyingStories02_task-listeningActive_run-07_desc-preproc-audio-podcast_5_eeg.npy,/home/fanyu/auditory_simulation_m6a/pub_01/s06/sparrkulee_v3.1/raw/derivatives/preprocessed_stimuli/podcast_5_envelope.npy,podcast_5,PUBLISHER_MAPPING_AND_COMMON_OVERLAP,PASS_WITH_LIMITATION,WITHIN_3S_ADVISORY; data_dict=PASS_STIMULUS_PROVENANCE; historical_generator_UNKNOWN
SparrKULee,sub-036_ses-varyingStories02_task-listeningActive_run-09_desc-preproc-audio-podcast_7_eeg.npy,/home/fanyu/auditory_simulation_m6a/pub_01/s06/sparrkulee_v3.1/raw/derivatives/preprocessed_eeg/sub-036/ses-varyingStories02/sub-036_ses-varyingStories02_task-listeningActive_run-09_desc-preproc-audio-podcast_7_eeg.npy,/home/fanyu/auditory_simulation_m6a/pub_01/s06/sparrkulee_v3.1/raw/derivatives/preprocessed_stimuli/podcast_7_envelope.npy,podcast_7,PUBLISHER_MAPPING_AND_COMMON_OVERLAP,PASS_WITH_LIMITATION,WITHIN_3S_ADVISORY; data_dict=PASS_STIMULUS_PROVENANCE; historical_generator_UNKNOWN
SparrKULee,sub-037_ses-varyingStories03_task-listeningActive_run-01_desc-preproc-audio-audiobook_9_1_eeg.npy,/home/fanyu/auditory_simulation_m6a/pub_01/s06/sparrkulee_v3.1/raw/derivatives/preprocessed_eeg/sub-037/ses-varyingStories03/sub-037_ses-varyingStories03_task-listeningActive_run-01_desc-preproc-audio-audiobook_9_1_eeg.npy,/home/fanyu/auditory_simulation_m6a/pub_01/s06/sparrkulee_v3.1/raw/derivatives/preprocessed_stimuli/audiobook_9_1_envelope.npy,audiobook_9_1,PUBLISHER_MAPPING_AND_COMMON_OVERLAP,PASS_WITH_LIMITATION,WITHIN_3S_ADVISORY; data_dict=PASS_STIMULUS_PROVENANCE; historical_generator_UNKNOWN
SparrKULee,sub-037_ses-varyingStories03_task-listeningActive_run-02_desc-preproc-audio-audiobook_9_2_eeg.npy,/home/fanyu/auditory_simulation_m6a/pub_01/s06/sparrkulee_v3.1/raw/derivatives/preprocessed_eeg/sub-037/ses-varyingStories03/sub-037_ses-varyingStories03_task-listeningActive_run-02_desc-preproc-audio-audiobook_9_2_eeg.npy,/home/fanyu/auditory_simulation_m6a/pub_01/s06/sparrkulee_v3.1/raw/derivatives/preprocessed_stimuli/audiobook_9_2_envelope.npy,audiobook_9_2,PUBLISHER_MAPPING_AND_COMMON_OVERLAP,PASS_WITH_LIMITATION,WITHIN_3S_ADVISORY; data_dict=PASS_STIMULUS_PROVENANCE; historical_generator_UNKNOWN
SparrKULee,sub-037_ses-varyingStories03_task-listeningActive_run-03_desc-preproc-audio-podcast_10_eeg.npy,/home/fanyu/auditory_simulation_m6a/pub_01/s06/sparrkulee_v3.1/raw/derivatives/preprocessed_eeg/sub-037/ses-varyingStories03/sub-037_ses-varyingStories03_task-listeningActive_run-03_desc-preproc-audio-podcast_10_eeg.npy,/home/fanyu/auditory_simulation_m6a/pub_01/s06/sparrkulee_v3.1/raw/derivatives/preprocessed_stimuli/podcast_10_envelope.npy,podcast_10,PUBLISHER_MAPPING_AND_COMMON_OVERLAP,PASS_WITH_LIMITATION,WITHIN_3S_ADVISORY; data_dict=PASS_STIMULUS_PROVENANCE; historical_generator_UNKNOWN
SparrKULee,sub-037_ses-varyingStories03_task-listeningActive_run-04_desc-preproc-audio-podcast_9_eeg.npy,/home/fanyu/auditory_simulation_m6a/pub_01/s06/sparrkulee_v3.1/raw/derivatives/preprocessed_eeg/sub-037/ses-varyingStories03/sub-037_ses-varyingStories03_task-listeningActive_run-04_desc-preproc-audio-podcast_9_eeg.npy,/home/fanyu/auditory_simulation_m6a/pub_01/s06/sparrkulee_v3.1/raw/derivatives/preprocessed_stimuli/podcast_9_envelope.npy,podcast_9,PUBLISHER_MAPPING_AND_COMMON_OVERLAP,PASS_WITH_LIMITATION,WITHIN_3S_ADVISORY; data_dict=PASS_STIMULUS_PROVENANCE; historical_generator_UNKNOWN
SparrKULee,sub-037_ses-varyingStories03_task-listeningActive_run-06_desc-preproc-audio-podcast_12_eeg.npy,/home/fanyu/auditory_simulation_m6a/pub_01/s06/sparrkulee_v3.1/raw/derivatives/preprocessed_eeg/sub-037/ses-varyingStories03/sub-037_ses-varyingStories03_task-listeningActive_run-06_desc-preproc-audio-podcast_12_eeg.npy,/home/fanyu/auditory_simulation_m6a/pub_01/s06/sparrkulee_v3.1/raw/derivatives/preprocessed_stimuli/podcast_12_envelope.npy,podcast_12,PUBLISHER_MAPPING_AND_COMMON_OVERLAP,PASS_WITH_LIMITATION,WITHIN_3S_ADVISORY; data_dict=PASS_STIMULUS_PROVENANCE; historical_generator_UNKNOWN
SparrKULee,sub-037_ses-varyingStories03_task-listeningActive_run-07_desc-preproc-audio-audiobook_1_eeg.npy,/home/fanyu/auditory_simulation_m6a/pub_01/s06/sparrkulee_v3.1/raw/derivatives/preprocessed_eeg/sub-037/ses-varyingStories03/sub-037_ses-varyingStories03_task-listeningActive_run-07_desc-preproc-audio-audiobook_1_eeg.npy,/home/fanyu/auditory_simulation_m6a/pub_01/s06/sparrkulee_v3.1/raw/derivatives/preprocessed_stimuli/audiobook_1_envelope.npy,audiobook_1,PUBLISHER_MAPPING_AND_COMMON_OVERLAP,PASS_WITH_LIMITATION,WITHIN_3S_ADVISORY; data_dict=PASS_STIMULUS_PROVENANCE; historical_generator_UNKNOWN
SparrKULee,sub-037_ses-varyingStories03_task-listeningActive_run-08_desc-preproc-audio-podcast_11_eeg.npy,/home/fanyu/auditory_simulation_m6a/pub_01/s06/sparrkulee_v3.1/raw/derivatives/preprocessed_eeg/sub-037/ses-varyingStories03/sub-037_ses-varyingStories03_task-listeningActive_run-08_desc-preproc-audio-podcast_11_eeg.npy,/home/fanyu/auditory_simulation_m6a/pub_01/s06/sparrkulee_v3.1/raw/derivatives/preprocessed_stimuli/podcast_11_envelope.npy,podcast_11,PUBLISHER_MAPPING_AND_COMMON_OVERLAP,PASS_WITH_LIMITATION,WITHIN_3S_ADVISORY; data_dict=PASS_STIMULUS_PROVENANCE; historical_generator_UNKNOWN
SparrKULee,sub-038_ses-varyingStories03_task-listeningActive_run-03_desc-preproc-audio-audiobook_9_1_eeg.npy,/home/fanyu/auditory_simulation_m6a/pub_01/s06/sparrkulee_v3.1/raw/derivatives/preprocessed_eeg/sub-038/ses-varyingStories03/sub-038_ses-varyingStories03_task-listeningActive_run-03_desc-preproc-audio-audiobook_9_1_eeg.npy,/home/fanyu/auditory_simulation_m6a/pub_01/s06/sparrkulee_v3.1/raw/derivatives/preprocessed_stimuli/audiobook_9_1_envelope.npy,audiobook_9_1,PUBLISHER_MAPPING_AND_COMMON_OVERLAP,PASS_WITH_LIMITATION,WITHIN_3S_ADVISORY; data_dict=PASS_STIMULUS_PROVENANCE; historical_generator_UNKNOWN
SparrKULee,sub-038_ses-varyingStories03_task-listeningActive_run-04_desc-preproc-audio-audiobook_9_2_eeg.npy,/home/fanyu/auditory_simulation_m6a/pub_01/s06/sparrkulee_v3.1/raw/derivatives/preprocessed_eeg/sub-038/ses-varyingStories03/sub-038_ses-varyingStories03_task-listeningActive_run-04_desc-preproc-audio-audiobook_9_2_eeg.npy,/home/fanyu/auditory_simulation_m6a/pub_01/s06/sparrkulee_v3.1/raw/derivatives/preprocessed_stimuli/audiobook_9_2_envelope.npy,audiobook_9_2,PUBLISHER_MAPPING_AND_COMMON_OVERLAP,PASS_WITH_LIMITATION,WITHIN_3S_ADVISORY; data_dict=PASS_STIMULUS_PROVENANCE; historical_generator_UNKNOWN
SparrKULee,sub-038_ses-varyingStories03_task-listeningActive_run-05_desc-preproc-audio-podcast_11_eeg.npy,/home/fanyu/auditory_simulation_m6a/pub_01/s06/sparrkulee_v3.1/raw/derivatives/preprocessed_eeg/sub-038/ses-varyingStories03/sub-038_ses-varyingStories03_task-listeningActive_run-05_desc-preproc-audio-podcast_11_eeg.npy,/home/fanyu/auditory_simulation_m6a/pub_01/s06/sparrkulee_v3.1/raw/derivatives/preprocessed_stimuli/podcast_11_envelope.npy,podcast_11,PUBLISHER_MAPPING_AND_COMMON_OVERLAP,PASS_WITH_LIMITATION,WITHIN_3S_ADVISORY; data_dict=PASS_STIMULUS_PROVENANCE; historical_generator_UNKNOWN
SparrKULee,sub-038_ses-varyingStories03_task-listeningActive_run-06_desc-preproc-audio-audiobook_1_eeg.npy,/home/fanyu/auditory_simulation_m6a/pub_01/s06/sparrkulee_v3.1/raw/derivatives/preprocessed_eeg/sub-038/ses-varyingStories03/sub-038_ses-varyingStories03_task-listeningActive_run-06_desc-preproc-audio-audiobook_1_eeg.npy,/home/fanyu/auditory_simulation_m6a/pub_01/s06/sparrkulee_v3.1/raw/derivatives/preprocessed_stimuli/audiobook_1_envelope.npy,audiobook_1,PUBLISHER_MAPPING_AND_COMMON_OVERLAP,PASS_WITH_LIMITATION,WITHIN_3S_ADVISORY; data_dict=PASS_STIMULUS_PROVENANCE; historical_generator_UNKNOWN
SparrKULee,sub-038_ses-varyingStories03_task-listeningActive_run-07_desc-preproc-audio-podcast_12_eeg.npy,/home/fanyu/auditory_simulation_m6a/pub_01/s06/sparrkulee_v3.1/raw/derivatives/preprocessed_eeg/sub-038/ses-varyingStories03/sub-038_ses-varyingStories03_task-listeningActive_run-07_desc-preproc-audio-podcast_12_eeg.npy,/home/fanyu/auditory_simulation_m6a/pub_01/s06/sparrkulee_v3.1/raw/derivatives/preprocessed_stimuli/podcast_12_envelope.npy,podcast_12,PUBLISHER_MAPPING_AND_COMMON_OVERLAP,PASS_WITH_LIMITATION,WITHIN_3S_ADVISORY; data_dict=PASS_STIMULUS_PROVENANCE; historical_generator_UNKNOWN
SparrKULee,sub-038_ses-varyingStories03_task-listeningActive_run-08_desc-preproc-audio-podcast_10_eeg.npy,/home/fanyu/auditory_simulation_m6a/pub_01/s06/sparrkulee_v3.1/raw/derivatives/preprocessed_eeg/sub-038/ses-varyingStories03/sub-038_ses-varyingStories03_task-listeningActive_run-08_desc-preproc-audio-podcast_10_eeg.npy,/home/fanyu/auditory_simulation_m6a/pub_01/s06/sparrkulee_v3.1/raw/derivatives/preprocessed_stimuli/podcast_10_envelope.npy,podcast_10,PUBLISHER_MAPPING_AND_COMMON_OVERLAP,PASS_WITH_LIMITATION,WITHIN_3S_ADVISORY; data_dict=PASS_STIMULUS_PROVENANCE; historical_generator_UNKNOWN
SparrKULee,sub-038_ses-varyingStories03_task-listeningActive_run-09_desc-preproc-audio-podcast_9_eeg.npy,/home/fanyu/auditory_simulation_m6a/pub_01/s06/sparrkulee_v3.1/raw/derivatives/preprocessed_eeg/sub-038/ses-varyingStories03/sub-038_ses-varyingStories03_task-listeningActive_run-09_desc-preproc-audio-podcast_9_eeg.npy,/home/fanyu/auditory_simulation_m6a/pub_01/s06/sparrkulee_v3.1/raw/derivatives/preprocessed_stimuli/podcast_9_envelope.npy,podcast_9,PUBLISHER_MAPPING_AND_COMMON_OVERLAP,PASS_WITH_LIMITATION,WITHIN_3S_ADVISORY; data_dict=PASS_STIMULUS_PROVENANCE; historical_generator_UNKNOWN
SparrKULee,sub-039_ses-varyingStories03_task-listeningActive_run-01_desc-preproc-audio-audiobook_9_1_eeg.npy,/home/fanyu/auditory_simulation_m6a/pub_01/s06/sparrkulee_v3.1/raw/derivatives/preprocessed_eeg/sub-039/ses-varyingStories03/sub-039_ses-varyingStories03_task-listeningActive_run-01_desc-preproc-audio-audiobook_9_1_eeg.npy,/home/fanyu/auditory_simulation_m6a/pub_01/s06/sparrkulee_v3.1/raw/derivatives/preprocessed_stimuli/audiobook_9_1_envelope.npy,audiobook_9_1,PUBLISHER_MAPPING_AND_COMMON_OVERLAP,PASS_WITH_LIMITATION,WITHIN_3S_ADVISORY; data_dict=PASS_STIMULUS_PROVENANCE; historical_generator_UNKNOWN
SparrKULee,sub-039_ses-varyingStories03_task-listeningActive_run-02_desc-preproc-audio-audiobook_9_2_eeg.npy,/home/fanyu/auditory_simulation_m6a/pub_01/s06/sparrkulee_v3.1/raw/derivatives/preprocessed_eeg/sub-039/ses-varyingStories03/sub-039_ses-varyingStories03_task-listeningActive_run-02_desc-preproc-audio-audiobook_9_2_eeg.npy,/home/fanyu/auditory_simulation_m6a/pub_01/s06/sparrkulee_v3.1/raw/derivatives/preprocessed_stimuli/audiobook_9_2_envelope.npy,audiobook_9_2,PUBLISHER_MAPPING_AND_COMMON_OVERLAP,PASS_WITH_LIMITATION,WITHIN_3S_ADVISORY; data_dict=PASS_STIMULUS_PROVENANCE; historical_generator_UNKNOWN
SparrKULee,sub-039_ses-varyingStories03_task-listeningActive_run-03_desc-preproc-audio-audiobook_1_eeg.npy,/home/fanyu/auditory_simulation_m6a/pub_01/s06/sparrkulee_v3.1/raw/derivatives/preprocessed_eeg/sub-039/ses-varyingStories03/sub-039_ses-varyingStories03_task-listeningActive_run-03_desc-preproc-audio-audiobook_1_eeg.npy,/home/fanyu/auditory_simulation_m6a/pub_01/s06/sparrkulee_v3.1/raw/derivatives/preprocessed_stimuli/audiobook_1_envelope.npy,audiobook_1,PUBLISHER_MAPPING_AND_COMMON_OVERLAP,PASS_WITH_LIMITATION,WITHIN_3S_ADVISORY; data_dict=PASS_STIMULUS_PROVENANCE; historical_generator_UNKNOWN
SparrKULee,sub-039_ses-varyingStories03_task-listeningActive_run-04_desc-preproc-audio-podcast_9_eeg.npy,/home/fanyu/auditory_simulation_m6a/pub_01/s06/sparrkulee_v3.1/raw/derivatives/preprocessed_eeg/sub-039/ses-varyingStories03/sub-039_ses-varyingStories03_task-listeningActive_run-04_desc-preproc-audio-podcast_9_eeg.npy,/home/fanyu/auditory_simulation_m6a/pub_01/s06/sparrkulee_v3.1/raw/derivatives/preprocessed_stimuli/podcast_9_envelope.npy,podcast_9,PUBLISHER_MAPPING_AND_COMMON_OVERLAP,PASS_WITH_LIMITATION,WITHIN_3S_ADVISORY; data_dict=PASS_STIMULUS_PROVENANCE; historical_generator_UNKNOWN
SparrKULee,sub-039_ses-varyingStories03_task-listeningActive_run-05_desc-preproc-audio-podcast_11_eeg.npy,/home/fanyu/auditory_simulation_m6a/pub_01/s06/sparrkulee_v3.1/raw/derivatives/preprocessed_eeg/sub-039/ses-varyingStories03/sub-039_ses-varyingStories03_task-listeningActive_run-05_desc-preproc-audio-podcast_11_eeg.npy,/home/fanyu/auditory_simulation_m6a/pub_01/s06/sparrkulee_v3.1/raw/derivatives/preprocessed_stimuli/podcast_11_envelope.npy,podcast_11,PUBLISHER_MAPPING_AND_COMMON_OVERLAP,PASS_WITH_LIMITATION,WITHIN_3S_ADVISORY; data_dict=PASS_STIMULUS_PROVENANCE; historical_generator_UNKNOWN
SparrKULee,sub-039_ses-varyingStories03_task-listeningActive_run-07_desc-preproc-audio-podcast_12_eeg.npy,/home/fanyu/auditory_simulation_m6a/pub_01/s06/sparrkulee_v3.1/raw/derivatives/preprocessed_eeg/sub-039/ses-varyingStories03/sub-039_ses-varyingStories03_task-listeningActive_run-07_desc-preproc-audio-podcast_12_eeg.npy,/home/fanyu/auditory_simulation_m6a/pub_01/s06/sparrkulee_v3.1/raw/derivatives/preprocessed_stimuli/podcast_12_envelope.npy,podcast_12,PUBLISHER_MAPPING_AND_COMMON_OVERLAP,PASS_WITH_LIMITATION,WITHIN_3S_ADVISORY; data_dict=PASS_STIMULUS_PROVENANCE; historical_generator_UNKNOWN
SparrKULee,sub-039_ses-varyingStories03_task-listeningActive_run-08_desc-preproc-audio-podcast_10_eeg.npy,/home/fanyu/auditory_simulation_m6a/pub_01/s06/sparrkulee_v3.1/raw/derivatives/preprocessed_eeg/sub-039/ses-varyingStories03/sub-039_ses-varyingStories03_task-listeningActive_run-08_desc-preproc-audio-podcast_10_eeg.npy,/home/fanyu/auditory_simulation_m6a/pub_01/s06/sparrkulee_v3.1/raw/derivatives/preprocessed_stimuli/podcast_10_envelope.npy,podcast_10,PUBLISHER_MAPPING_AND_COMMON_OVERLAP,PASS_WITH_LIMITATION,WITHIN_3S_ADVISORY; data_dict=PASS_STIMULUS_PROVENANCE; historical_generator_UNKNOWN
SparrKULee,sub-040_ses-varyingStories03_task-listeningActive_run-02_desc-preproc-audio-audiobook_9_1_eeg.npy,/home/fanyu/auditory_simulation_m6a/pub_01/s06/sparrkulee_v3.1/raw/derivatives/preprocessed_eeg/sub-040/ses-varyingStories03/sub-040_ses-varyingStories03_task-listeningActive_run-02_desc-preproc-audio-audiobook_9_1_eeg.npy,/home/fanyu/auditory_simulation_m6a/pub_01/s06/sparrkulee_v3.1/raw/derivatives/preprocessed_stimuli/audiobook_9_1_envelope.npy,audiobook_9_1,PUBLISHER_MAPPING_AND_COMMON_OVERLAP,PASS_WITH_LIMITATION,WITHIN_3S_ADVISORY; data_dict=PASS_STIMULUS_PROVENANCE; historical_generator_UNKNOWN
SparrKULee,sub-040_ses-varyingStories03_task-listeningActive_run-03_desc-preproc-audio-audiobook_9_2_eeg.npy,/home/fanyu/auditory_simulation_m6a/pub_01/s06/sparrkulee_v3.1/raw/derivatives/preprocessed_eeg/sub-040/ses-varyingStories03/sub-040_ses-varyingStories03_task-listeningActive_run-03_desc-preproc-audio-audiobook_9_2_eeg.npy,/home/fanyu/auditory_simulation_m6a/pub_01/s06/sparrkulee_v3.1/raw/derivatives/preprocessed_stimuli/audiobook_9_2_envelope.npy,audiobook_9_2,PUBLISHER_MAPPING_AND_COMMON_OVERLAP,PASS_WITH_LIMITATION,WITHIN_3S_ADVISORY; data_dict=PASS_STIMULUS_PROVENANCE; historical_generator_UNKNOWN
SparrKULee,sub-040_ses-varyingStories03_task-listeningActive_run-04_desc-preproc-audio-podcast_11_eeg.npy,/home/fanyu/auditory_simulation_m6a/pub_01/s06/sparrkulee_v3.1/raw/derivatives/preprocessed_eeg/sub-040/ses-varyingStories03/sub-040_ses-varyingStories03_task-listeningActive_run-04_desc-preproc-audio-podcast_11_eeg.npy,/home/fanyu/auditory_simulation_m6a/pub_01/s06/sparrkulee_v3.1/raw/derivatives/preprocessed_stimuli/podcast_11_envelope.npy,podcast_11,PUBLISHER_MAPPING_AND_COMMON_OVERLAP,PASS_WITH_LIMITATION,WITHIN_3S_ADVISORY; data_dict=PASS_STIMULUS_PROVENANCE; historical_generator_UNKNOWN
SparrKULee,sub-040_ses-varyingStories03_task-listeningActive_run-05_desc-preproc-audio-podcast_9_eeg.npy,/home/fanyu/auditory_simulation_m6a/pub_01/s06/sparrkulee_v3.1/raw/derivatives/preprocessed_eeg/sub-040/ses-varyingStories03/sub-040_ses-varyingStories03_task-listeningActive_run-05_desc-preproc-audio-podcast_9_eeg.npy,/home/fanyu/auditory_simulation_m6a/pub_01/s06/sparrkulee_v3.1/raw/derivatives/preprocessed_stimuli/podcast_9_envelope.npy,podcast_9,PUBLISHER_MAPPING_AND_COMMON_OVERLAP,PASS_WITH_LIMITATION,WITHIN_3S_ADVISORY; data_dict=PASS_STIMULUS_PROVENANCE; historical_generator_UNKNOWN
SparrKULee,sub-040_ses-varyingStories03_task-listeningActive_run-06_desc-preproc-audio-podcast_10_eeg.npy,/home/fanyu/auditory_simulation_m6a/pub_01/s06/sparrkulee_v3.1/raw/derivatives/preprocessed_eeg/sub-040/ses-varyingStories03/sub-040_ses-varyingStories03_task-listeningActive_run-06_desc-preproc-audio-podcast_10_eeg.npy,/home/fanyu/auditory_simulation_m6a/pub_01/s06/sparrkulee_v3.1/raw/derivatives/preprocessed_stimuli/podcast_10_envelope.npy,podcast_10,PUBLISHER_MAPPING_AND_COMMON_OVERLAP,PASS_WITH_LIMITATION,WITHIN_3S_ADVISORY; data_dict=PASS_STIMULUS_PROVENANCE; historical_generator_UNKNOWN
SparrKULee,sub-040_ses-varyingStories03_task-listeningActive_run-07_desc-preproc-audio-audiobook_1_eeg.npy,/home/fanyu/auditory_simulation_m6a/pub_01/s06/sparrkulee_v3.1/raw/derivatives/preprocessed_eeg/sub-040/ses-varyingStories03/sub-040_ses-varyingStories03_task-listeningActive_run-07_desc-preproc-audio-audiobook_1_eeg.npy,/home/fanyu/auditory_simulation_m6a/pub_01/s06/sparrkulee_v3.1/raw/derivatives/preprocessed_stimuli/audiobook_1_envelope.npy,audiobook_1,PUBLISHER_MAPPING_AND_COMMON_OVERLAP,PASS_WITH_LIMITATION,WITHIN_3S_ADVISORY; data_dict=PASS_STIMULUS_PROVENANCE; historical_generator_UNKNOWN
SparrKULee,sub-040_ses-varyingStories03_task-listeningActive_run-08_desc-preproc-audio-podcast_12_eeg.npy,/home/fanyu/auditory_simulation_m6a/pub_01/s06/sparrkulee_v3.1/raw/derivatives/preprocessed_eeg/sub-040/ses-varyingStories03/sub-040_ses-varyingStories03_task-listeningActive_run-08_desc-preproc-audio-podcast_12_eeg.npy,/home/fanyu/auditory_simulation_m6a/pub_01/s06/sparrkulee_v3.1/raw/derivatives/preprocessed_stimuli/podcast_12_envelope.npy,podcast_12,PUBLISHER_MAPPING_AND_COMMON_OVERLAP,PASS_WITH_LIMITATION,WITHIN_3S_ADVISORY; data_dict=PASS_STIMULUS_PROVENANCE; historical_generator_UNKNOWN
SparrKULee,sub-041_ses-varyingStories03_task-listeningActive_run-01_desc-preproc-audio-podcast_12_eeg.npy,/home/fanyu/auditory_simulation_m6a/pub_01/s06/sparrkulee_v3.1/raw/derivatives/preprocessed_eeg/sub-041/ses-varyingStories03/sub-041_ses-varyingStories03_task-listeningActive_run-01_desc-preproc-audio-podcast_12_eeg.npy,/home/fanyu/auditory_simulation_m6a/pub_01/s06/sparrkulee_v3.1/raw/derivatives/preprocessed_stimuli/podcast_12_envelope.npy,podcast_12,PUBLISHER_MAPPING_AND_COMMON_OVERLAP,PASS_WITH_LIMITATION,WITHIN_3S_ADVISORY; data_dict=PASS_STIMULUS_PROVENANCE; historical_generator_UNKNOWN
SparrKULee,sub-041_ses-varyingStories03_task-listeningActive_run-03_desc-preproc-audio-podcast_11_eeg.npy,/home/fanyu/auditory_simulation_m6a/pub_01/s06/sparrkulee_v3.1/raw/derivatives/preprocessed_eeg/sub-041/ses-varyingStories03/sub-041_ses-varyingStories03_task-listeningActive_run-03_desc-preproc-audio-podcast_11_eeg.npy,/home/fanyu/auditory_simulation_m6a/pub_01/s06/sparrkulee_v3.1/raw/derivatives/preprocessed_stimuli/podcast_11_envelope.npy,podcast_11,PUBLISHER_MAPPING_AND_COMMON_OVERLAP,PASS_WITH_LIMITATION,WITHIN_3S_ADVISORY; data_dict=PASS_STIMULUS_PROVENANCE; historical_generator_UNKNOWN
SparrKULee,sub-041_ses-varyingStories03_task-listeningActive_run-04_desc-preproc-audio-podcast_9_eeg.npy,/home/fanyu/auditory_simulation_m6a/pub_01/s06/sparrkulee_v3.1/raw/derivatives/preprocessed_eeg/sub-041/ses-varyingStories03/sub-041_ses-varyingStories03_task-listeningActive_run-04_desc-preproc-audio-podcast_9_eeg.npy,/home/fanyu/auditory_simulation_m6a/pub_01/s06/sparrkulee_v3.1/raw/derivatives/preprocessed_stimuli/podcast_9_envelope.npy,podcast_9,PUBLISHER_MAPPING_AND_COMMON_OVERLAP,PASS_WITH_LIMITATION,WITHIN_3S_ADVISORY; data_dict=PASS_STIMULUS_PROVENANCE; historical_generator_UNKNOWN
SparrKULee,sub-041_ses-varyingStories03_task-listeningActive_run-05_desc-preproc-audio-podcast_10_eeg.npy,/home/fanyu/auditory_simulation_m6a/pub_01/s06/sparrkulee_v3.1/raw/derivatives/preprocessed_eeg/sub-041/ses-varyingStories03/sub-041_ses-varyingStories03_task-listeningActive_run-05_desc-preproc-audio-podcast_10_eeg.npy,/home/fanyu/auditory_simulation_m6a/pub_01/s06/sparrkulee_v3.1/raw/derivatives/preprocessed_stimuli/podcast_10_envelope.npy,podcast_10,PUBLISHER_MAPPING_AND_COMMON_OVERLAP,PASS_WITH_LIMITATION,WITHIN_3S_ADVISORY; data_dict=PASS_STIMULUS_PROVENANCE; historical_generator_UNKNOWN
SparrKULee,sub-041_ses-varyingStories03_task-listeningActive_run-06_desc-preproc-audio-audiobook_9_1_eeg.npy,/home/fanyu/auditory_simulation_m6a/pub_01/s06/sparrkulee_v3.1/raw/derivatives/preprocessed_eeg/sub-041/ses-varyingStories03/sub-041_ses-varyingStories03_task-listeningActive_run-06_desc-preproc-audio-audiobook_9_1_eeg.npy,/home/fanyu/auditory_simulation_m6a/pub_01/s06/sparrkulee_v3.1/raw/derivatives/preprocessed_stimuli/audiobook_9_1_envelope.npy,audiobook_9_1,PUBLISHER_MAPPING_AND_COMMON_OVERLAP,PASS_WITH_LIMITATION,WITHIN_3S_ADVISORY; data_dict=PASS_STIMULUS_PROVENANCE; historical_generator_UNKNOWN
SparrKULee,sub-041_ses-varyingStories03_task-listeningActive_run-07_desc-preproc-audio-audiobook_9_2_eeg.npy,/home/fanyu/auditory_simulation_m6a/pub_01/s06/sparrkulee_v3.1/raw/derivatives/preprocessed_eeg/sub-041/ses-varyingStories03/sub-041_ses-varyingStories03_task-listeningActive_run-07_desc-preproc-audio-audiobook_9_2_eeg.npy,/home/fanyu/auditory_simulation_m6a/pub_01/s06/sparrkulee_v3.1/raw/derivatives/preprocessed_stimuli/audiobook_9_2_envelope.npy,audiobook_9_2,PUBLISHER_MAPPING_AND_COMMON_OVERLAP,PASS_WITH_LIMITATION,WITHIN_3S_ADVISORY; data_dict=PASS_STIMULUS_PROVENANCE; historical_generator_UNKNOWN
SparrKULee,sub-041_ses-varyingStories03_task-listeningActive_run-09_desc-preproc-audio-audiobook_1_eeg.npy,/home/fanyu/auditory_simulation_m6a/pub_01/s06/sparrkulee_v3.1/raw/derivatives/preprocessed_eeg/sub-041/ses-varyingStories03/sub-041_ses-varyingStories03_task-listeningActive_run-09_desc-preproc-audio-audiobook_1_eeg.npy,/home/fanyu/auditory_simulation_m6a/pub_01/s06/sparrkulee_v3.1/raw/derivatives/preprocessed_stimuli/audiobook_1_envelope.npy,audiobook_1,PUBLISHER_MAPPING_AND_COMMON_OVERLAP,PASS_WITH_LIMITATION,WITHIN_3S_ADVISORY; data_dict=PASS_STIMULUS_PROVENANCE; historical_generator_UNKNOWN
SparrKULee,sub-042_ses-varyingStories03_task-listeningActive_run-01_desc-preproc-audio-audiobook_1_eeg.npy,/home/fanyu/auditory_simulation_m6a/pub_01/s06/sparrkulee_v3.1/raw/derivatives/preprocessed_eeg/sub-042/ses-varyingStories03/sub-042_ses-varyingStories03_task-listeningActive_run-01_desc-preproc-audio-audiobook_1_eeg.npy,/home/fanyu/auditory_simulation_m6a/pub_01/s06/sparrkulee_v3.1/raw/derivatives/preprocessed_stimuli/audiobook_1_envelope.npy,audiobook_1,PUBLISHER_MAPPING_AND_COMMON_OVERLAP,PASS_WITH_LIMITATION,WITHIN_3S_ADVISORY; data_dict=PASS_STIMULUS_PROVENANCE; historical_generator_UNKNOWN
SparrKULee,sub-042_ses-varyingStories03_task-listeningActive_run-02_desc-preproc-audio-audiobook_9_1_eeg.npy,/home/fanyu/auditory_simulation_m6a/pub_01/s06/sparrkulee_v3.1/raw/derivatives/preprocessed_eeg/sub-042/ses-varyingStories03/sub-042_ses-varyingStories03_task-listeningActive_run-02_desc-preproc-audio-audiobook_9_1_eeg.npy,/home/fanyu/auditory_simulation_m6a/pub_01/s06/sparrkulee_v3.1/raw/derivatives/preprocessed_stimuli/audiobook_9_1_envelope.npy,audiobook_9_1,PUBLISHER_MAPPING_AND_COMMON_OVERLAP,PASS_WITH_LIMITATION,WITHIN_3S_ADVISORY; data_dict=PASS_STIMULUS_PROVENANCE; historical_generator_UNKNOWN
SparrKULee,sub-042_ses-varyingStories03_task-listeningActive_run-03_desc-preproc-audio-audiobook_9_2_eeg.npy,/home/fanyu/auditory_simulation_m6a/pub_01/s06/sparrkulee_v3.1/raw/derivatives/preprocessed_eeg/sub-042/ses-varyingStories03/sub-042_ses-varyingStories03_task-listeningActive_run-03_desc-preproc-audio-audiobook_9_2_eeg.npy,/home/fanyu/auditory_simulation_m6a/pub_01/s06/sparrkulee_v3.1/raw/derivatives/preprocessed_stimuli/audiobook_9_2_envelope.npy,audiobook_9_2,PUBLISHER_MAPPING_AND_COMMON_OVERLAP,PASS_WITH_LIMITATION,WITHIN_3S_ADVISORY; data_dict=PASS_STIMULUS_PROVENANCE; historical_generator_UNKNOWN
SparrKULee,sub-042_ses-varyingStories03_task-listeningActive_run-05_desc-preproc-audio-podcast_9_eeg.npy,/home/fanyu/auditory_simulation_m6a/pub_01/s06/sparrkulee_v3.1/raw/derivatives/preprocessed_eeg/sub-042/ses-varyingStories03/sub-042_ses-varyingStories03_task-listeningActive_run-05_desc-preproc-audio-podcast_9_eeg.npy,/home/fanyu/auditory_simulation_m6a/pub_01/s06/sparrkulee_v3.1/raw/derivatives/preprocessed_stimuli/podcast_9_envelope.npy,podcast_9,PUBLISHER_MAPPING_AND_COMMON_OVERLAP,PASS_WITH_LIMITATION,WITHIN_3S_ADVISORY; data_dict=PASS_STIMULUS_PROVENANCE; historical_generator_UNKNOWN
SparrKULee,sub-042_ses-varyingStories03_task-listeningActive_run-07_desc-preproc-audio-podcast_12_eeg.npy,/home/fanyu/auditory_simulation_m6a/pub_01/s06/sparrkulee_v3.1/raw/derivatives/preprocessed_eeg/sub-042/ses-varyingStories03/sub-042_ses-varyingStories03_task-listeningActive_run-07_desc-preproc-audio-podcast_12_eeg.npy,/home/fanyu/auditory_simulation_m6a/pub_01/s06/sparrkulee_v3.1/raw/derivatives/preprocessed_stimuli/podcast_12_envelope.npy,podcast_12,PUBLISHER_MAPPING_AND_COMMON_OVERLAP,PASS_WITH_LIMITATION,WITHIN_3S_ADVISORY; data_dict=PASS_STIMULUS_PROVENANCE; historical_generator_UNKNOWN
SparrKULee,sub-042_ses-varyingStories03_task-listeningActive_run-08_desc-preproc-audio-podcast_10_eeg.npy,/home/fanyu/auditory_simulation_m6a/pub_01/s06/sparrkulee_v3.1/raw/derivatives/preprocessed_eeg/sub-042/ses-varyingStories03/sub-042_ses-varyingStories03_task-listeningActive_run-08_desc-preproc-audio-podcast_10_eeg.npy,/home/fanyu/auditory_simulation_m6a/pub_01/s06/sparrkulee_v3.1/raw/derivatives/preprocessed_stimuli/podcast_10_envelope.npy,podcast_10,PUBLISHER_MAPPING_AND_COMMON_OVERLAP,PASS_WITH_LIMITATION,WITHIN_3S_ADVISORY; data_dict=PASS_STIMULUS_PROVENANCE; historical_generator_UNKNOWN
SparrKULee,sub-042_ses-varyingStories03_task-listeningActive_run-09_desc-preproc-audio-podcast_11_eeg.npy,/home/fanyu/auditory_simulation_m6a/pub_01/s06/sparrkulee_v3.1/raw/derivatives/preprocessed_eeg/sub-042/ses-varyingStories03/sub-042_ses-varyingStories03_task-listeningActive_run-09_desc-preproc-audio-podcast_11_eeg.npy,/home/fanyu/auditory_simulation_m6a/pub_01/s06/sparrkulee_v3.1/raw/derivatives/preprocessed_stimuli/podcast_11_envelope.npy,podcast_11,PUBLISHER_MAPPING_AND_COMMON_OVERLAP,PASS_WITH_LIMITATION,WITHIN_3S_ADVISORY; data_dict=PASS_STIMULUS_PROVENANCE; historical_generator_UNKNOWN
SparrKULee,sub-043_ses-varyingStories04_task-listeningActive_run-02_desc-preproc-audio-podcast_13_eeg.npy,/home/fanyu/auditory_simulation_m6a/pub_01/s06/sparrkulee_v3.1/raw/derivatives/preprocessed_eeg/sub-043/ses-varyingStories04/sub-043_ses-varyingStories04_task-listeningActive_run-02_desc-preproc-audio-podcast_13_eeg.npy,/home/fanyu/auditory_simulation_m6a/pub_01/s06/sparrkulee_v3.1/raw/derivatives/preprocessed_stimuli/podcast_13_envelope.npy,podcast_13,PUBLISHER_MAPPING_AND_COMMON_OVERLAP,PASS_WITH_LIMITATION,WITHIN_3S_ADVISORY; data_dict=PASS_STIMULUS_PROVENANCE; historical_generator_UNKNOWN
SparrKULee,sub-043_ses-varyingStories04_task-listeningActive_run-03_desc-preproc-audio-podcast_14_eeg.npy,/home/fanyu/auditory_simulation_m6a/pub_01/s06/sparrkulee_v3.1/raw/derivatives/preprocessed_eeg/sub-043/ses-varyingStories04/sub-043_ses-varyingStories04_task-listeningActive_run-03_desc-preproc-audio-podcast_14_eeg.npy,/home/fanyu/auditory_simulation_m6a/pub_01/s06/sparrkulee_v3.1/raw/derivatives/preprocessed_stimuli/podcast_14_envelope.npy,podcast_14,PUBLISHER_MAPPING_AND_COMMON_OVERLAP,PASS_WITH_LIMITATION,WITHIN_3S_ADVISORY; data_dict=PASS_STIMULUS_PROVENANCE; historical_generator_UNKNOWN
SparrKULee,sub-043_ses-varyingStories04_task-listeningActive_run-04_desc-preproc-audio-audiobook_1_eeg.npy,/home/fanyu/auditory_simulation_m6a/pub_01/s06/sparrkulee_v3.1/raw/derivatives/preprocessed_eeg/sub-043/ses-varyingStories04/sub-043_ses-varyingStories04_task-listeningActive_run-04_desc-preproc-audio-audiobook_1_eeg.npy,/home/fanyu/auditory_simulation_m6a/pub_01/s06/sparrkulee_v3.1/raw/derivatives/preprocessed_stimuli/audiobook_1_envelope.npy,audiobook_1,PUBLISHER_MAPPING_AND_COMMON_OVERLAP,PASS_WITH_LIMITATION,WITHIN_3S_ADVISORY; data_dict=PASS_STIMULUS_PROVENANCE; historical_generator_UNKNOWN
SparrKULee,sub-043_ses-varyingStories04_task-listeningActive_run-05_desc-preproc-audio-audiobook_10_1_eeg.npy,/home/fanyu/auditory_simulation_m6a/pub_01/s06/sparrkulee_v3.1/raw/derivatives/preprocessed_eeg/sub-043/ses-varyingStories04/sub-043_ses-varyingStories04_task-listeningActive_run-05_desc-preproc-audio-audiobook_10_1_eeg.npy,/home/fanyu/auditory_simulation_m6a/pub_01/s06/sparrkulee_v3.1/raw/derivatives/preprocessed_stimuli/audiobook_10_1_envelope.npy,audiobook_10_1,PUBLISHER_MAPPING_AND_COMMON_OVERLAP,PASS_WITH_LIMITATION,WITHIN_3S_ADVISORY; data_dict=PASS_STIMULUS_PROVENANCE; historical_generator_UNKNOWN
SparrKULee,sub-043_ses-varyingStories04_task-listeningActive_run-06_desc-preproc-audio-audiobook_10_2_eeg.npy,/home/fanyu/auditory_simulation_m6a/pub_01/s06/sparrkulee_v3.1/raw/derivatives/preprocessed_eeg/sub-043/ses-varyingStories04/sub-043_ses-varyingStories04_task-listeningActive_run-06_desc-preproc-audio-audiobook_10_2_eeg.npy,/home/fanyu/auditory_simulation_m6a/pub_01/s06/sparrkulee_v3.1/raw/derivatives/preprocessed_stimuli/audiobook_10_2_envelope.npy,audiobook_10_2,PUBLISHER_MAPPING_AND_COMMON_OVERLAP,PASS_WITH_LIMITATION,WITHIN_3S_ADVISORY; data_dict=PASS_STIMULUS_PROVENANCE; historical_generator_UNKNOWN
SparrKULee,sub-043_ses-varyingStories04_task-listeningActive_run-07_desc-preproc-audio-podcast_15_eeg.npy,/home/fanyu/auditory_simulation_m6a/pub_01/s06/sparrkulee_v3.1/raw/derivatives/preprocessed_eeg/sub-043/ses-varyingStories04/sub-043_ses-varyingStories04_task-listeningActive_run-07_desc-preproc-audio-podcast_15_eeg.npy,/home/fanyu/auditory_simulation_m6a/pub_01/s06/sparrkulee_v3.1/raw/derivatives/preprocessed_stimuli/podcast_15_envelope.npy,podcast_15,PUBLISHER_MAPPING_AND_COMMON_OVERLAP,PASS_WITH_LIMITATION,WITHIN_3S_ADVISORY; data_dict=PASS_STIMULUS_PROVENANCE; historical_generator_UNKNOWN
SparrKULee,sub-043_ses-varyingStories04_task-listeningActive_run-09_desc-preproc-audio-podcast_10_eeg.npy,/home/fanyu/auditory_simulation_m6a/pub_01/s06/sparrkulee_v3.1/raw/derivatives/preprocessed_eeg/sub-043/ses-varyingStories04/sub-043_ses-varyingStories04_task-listeningActive_run-09_desc-preproc-audio-podcast_10_eeg.npy,/home/fanyu/auditory_simulation_m6a/pub_01/s06/sparrkulee_v3.1/raw/derivatives/preprocessed_stimuli/podcast_10_envelope.npy,podcast_10,PUBLISHER_MAPPING_AND_COMMON_OVERLAP,PASS_WITH_LIMITATION,WITHIN_3S_ADVISORY; data_dict=PASS_STIMULUS_PROVENANCE; historical_generator_UNKNOWN
SparrKULee,sub-044_ses-varyingStories04_task-listeningActive_run-02_desc-preproc-audio-podcast_13_eeg.npy,/home/fanyu/auditory_simulation_m6a/pub_01/s06/sparrkulee_v3.1/raw/derivatives/preprocessed_eeg/sub-044/ses-varyingStories04/sub-044_ses-varyingStories04_task-listeningActive_run-02_desc-preproc-audio-podcast_13_eeg.npy,/home/fanyu/auditory_simulation_m6a/pub_01/s06/sparrkulee_v3.1/raw/derivatives/preprocessed_stimuli/podcast_13_envelope.npy,podcast_13,PUBLISHER_MAPPING_AND_COMMON_OVERLAP,PASS_WITH_LIMITATION,WITHIN_3S_ADVISORY; data_dict=PASS_STIMULUS_PROVENANCE; historical_generator_UNKNOWN
SparrKULee,sub-044_ses-varyingStories04_task-listeningActive_run-03_desc-preproc-audio-audiobook_1_eeg.npy,/home/fanyu/auditory_simulation_m6a/pub_01/s06/sparrkulee_v3.1/raw/derivatives/preprocessed_eeg/sub-044/ses-varyingStories04/sub-044_ses-varyingStories04_task-listeningActive_run-03_desc-preproc-audio-audiobook_1_eeg.npy,/home/fanyu/auditory_simulation_m6a/pub_01/s06/sparrkulee_v3.1/raw/derivatives/preprocessed_stimuli/audiobook_1_envelope.npy,audiobook_1,PUBLISHER_MAPPING_AND_COMMON_OVERLAP,PASS_WITH_LIMITATION,WITHIN_3S_ADVISORY; data_dict=PASS_STIMULUS_PROVENANCE; historical_generator_UNKNOWN
SparrKULee,sub-044_ses-varyingStories04_task-listeningActive_run-04_desc-preproc-audio-audiobook_10_1_eeg.npy,/home/fanyu/auditory_simulation_m6a/pub_01/s06/sparrkulee_v3.1/raw/derivatives/preprocessed_eeg/sub-044/ses-varyingStories04/sub-044_ses-varyingStories04_task-listeningActive_run-04_desc-preproc-audio-audiobook_10_1_eeg.npy,/home/fanyu/auditory_simulation_m6a/pub_01/s06/sparrkulee_v3.1/raw/derivatives/preprocessed_stimuli/audiobook_10_1_envelope.npy,audiobook_10_1,PUBLISHER_MAPPING_AND_COMMON_OVERLAP,PASS_WITH_LIMITATION,WITHIN_3S_ADVISORY; data_dict=PASS_STIMULUS_PROVENANCE; historical_generator_UNKNOWN
SparrKULee,sub-044_ses-varyingStories04_task-listeningActive_run-05_desc-preproc-audio-audiobook_10_2_eeg.npy,/home/fanyu/auditory_simulation_m6a/pub_01/s06/sparrkulee_v3.1/raw/derivatives/preprocessed_eeg/sub-044/ses-varyingStories04/sub-044_ses-varyingStories04_task-listeningActive_run-05_desc-preproc-audio-audiobook_10_2_eeg.npy,/home/fanyu/auditory_simulation_m6a/pub_01/s06/sparrkulee_v3.1/raw/derivatives/preprocessed_stimuli/audiobook_10_2_envelope.npy,audiobook_10_2,PUBLISHER_MAPPING_AND_COMMON_OVERLAP,PASS_WITH_LIMITATION,WITHIN_3S_ADVISORY; data_dict=PASS_STIMULUS_PROVENANCE; historical_generator_UNKNOWN
SparrKULee,sub-044_ses-varyingStories04_task-listeningActive_run-06_desc-preproc-audio-podcast_14_eeg.npy,/home/fanyu/auditory_simulation_m6a/pub_01/s06/sparrkulee_v3.1/raw/derivatives/preprocessed_eeg/sub-044/ses-varyingStories04/sub-044_ses-varyingStories04_task-listeningActive_run-06_desc-preproc-audio-podcast_14_eeg.npy,/home/fanyu/auditory_simulation_m6a/pub_01/s06/sparrkulee_v3.1/raw/derivatives/preprocessed_stimuli/podcast_14_envelope.npy,podcast_14,PUBLISHER_MAPPING_AND_COMMON_OVERLAP,PASS_WITH_LIMITATION,WITHIN_3S_ADVISORY; data_dict=PASS_STIMULUS_PROVENANCE; historical_generator_UNKNOWN
SparrKULee,sub-044_ses-varyingStories04_task-listeningActive_run-08_desc-preproc-audio-podcast_15_eeg.npy,/home/fanyu/auditory_simulation_m6a/pub_01/s06/sparrkulee_v3.1/raw/derivatives/preprocessed_eeg/sub-044/ses-varyingStories04/sub-044_ses-varyingStories04_task-listeningActive_run-08_desc-preproc-audio-podcast_15_eeg.npy,/home/fanyu/auditory_simulation_m6a/pub_01/s06/sparrkulee_v3.1/raw/derivatives/preprocessed_stimuli/podcast_15_envelope.npy,podcast_15,PUBLISHER_MAPPING_AND_COMMON_OVERLAP,PASS_WITH_LIMITATION,WITHIN_3S_ADVISORY; data_dict=PASS_STIMULUS_PROVENANCE; historical_generator_UNKNOWN
SparrKULee,sub-044_ses-varyingStories04_task-listeningActive_run-09_desc-preproc-audio-podcast_10_eeg.npy,/home/fanyu/auditory_simulation_m6a/pub_01/s06/sparrkulee_v3.1/raw/derivatives/preprocessed_eeg/sub-044/ses-varyingStories04/sub-044_ses-varyingStories04_task-listeningActive_run-09_desc-preproc-audio-podcast_10_eeg.npy,/home/fanyu/auditory_simulation_m6a/pub_01/s06/sparrkulee_v3.1/raw/derivatives/preprocessed_stimuli/podcast_10_envelope.npy,podcast_10,PUBLISHER_MAPPING_AND_COMMON_OVERLAP,PASS_WITH_LIMITATION,WITHIN_3S_ADVISORY; data_dict=PASS_STIMULUS_PROVENANCE; historical_generator_UNKNOWN
SparrKULee,sub-045_ses-varyingStories04_task-listeningActive_run-01_desc-preproc-audio-audiobook_10_1_eeg.npy,/home/fanyu/auditory_simulation_m6a/pub_01/s06/sparrkulee_v3.1/raw/derivatives/preprocessed_eeg/sub-045/ses-varyingStories04/sub-045_ses-varyingStories04_task-listeningActive_run-01_desc-preproc-audio-audiobook_10_1_eeg.npy,/home/fanyu/auditory_simulation_m6a/pub_01/s06/sparrkulee_v3.1/raw/derivatives/preprocessed_stimuli/audiobook_10_1_envelope.npy,audiobook_10_1,PUBLISHER_MAPPING_AND_COMMON_OVERLAP,PASS_WITH_LIMITATION,WITHIN_3S_ADVISORY; data_dict=PASS_STIMULUS_PROVENANCE; historical_generator_UNKNOWN
SparrKULee,sub-045_ses-varyingStories04_task-listeningActive_run-02_desc-preproc-audio-audiobook_10_2_eeg.npy,/home/fanyu/auditory_simulation_m6a/pub_01/s06/sparrkulee_v3.1/raw/derivatives/preprocessed_eeg/sub-045/ses-varyingStories04/sub-045_ses-varyingStories04_task-listeningActive_run-02_desc-preproc-audio-audiobook_10_2_eeg.npy,/home/fanyu/auditory_simulation_m6a/pub_01/s06/sparrkulee_v3.1/raw/derivatives/preprocessed_stimuli/audiobook_10_2_envelope.npy,audiobook_10_2,PUBLISHER_MAPPING_AND_COMMON_OVERLAP,PASS_WITH_LIMITATION,WITHIN_3S_ADVISORY; data_dict=PASS_STIMULUS_PROVENANCE; historical_generator_UNKNOWN
SparrKULee,sub-045_ses-varyingStories04_task-listeningActive_run-04_desc-preproc-audio-podcast_13_eeg.npy,/home/fanyu/auditory_simulation_m6a/pub_01/s06/sparrkulee_v3.1/raw/derivatives/preprocessed_eeg/sub-045/ses-varyingStories04/sub-045_ses-varyingStories04_task-listeningActive_run-04_desc-preproc-audio-podcast_13_eeg.npy,/home/fanyu/auditory_simulation_m6a/pub_01/s06/sparrkulee_v3.1/raw/derivatives/preprocessed_stimuli/podcast_13_envelope.npy,podcast_13,PUBLISHER_MAPPING_AND_COMMON_OVERLAP,PASS_WITH_LIMITATION,WITHIN_3S_ADVISORY; data_dict=PASS_STIMULUS_PROVENANCE; historical_generator_UNKNOWN
SparrKULee,sub-045_ses-varyingStories04_task-listeningActive_run-05_desc-preproc-audio-podcast_10_eeg.npy,/home/fanyu/auditory_simulation_m6a/pub_01/s06/sparrkulee_v3.1/raw/derivatives/preprocessed_eeg/sub-045/ses-varyingStories04/sub-045_ses-varyingStories04_task-listeningActive_run-05_desc-preproc-audio-podcast_10_eeg.npy,/home/fanyu/auditory_simulation_m6a/pub_01/s06/sparrkulee_v3.1/raw/derivatives/preprocessed_stimuli/podcast_10_envelope.npy,podcast_10,PUBLISHER_MAPPING_AND_COMMON_OVERLAP,PASS_WITH_LIMITATION,WITHIN_3S_ADVISORY; data_dict=PASS_STIMULUS_PROVENANCE; historical_generator_UNKNOWN
SparrKULee,sub-045_ses-varyingStories04_task-listeningActive_run-06_desc-preproc-audio-podcast_14_eeg.npy,/home/fanyu/auditory_simulation_m6a/pub_01/s06/sparrkulee_v3.1/raw/derivatives/preprocessed_eeg/sub-045/ses-varyingStories04/sub-045_ses-varyingStories04_task-listeningActive_run-06_desc-preproc-audio-podcast_14_eeg.npy,/home/fanyu/auditory_simulation_m6a/pub_01/s06/sparrkulee_v3.1/raw/derivatives/preprocessed_stimuli/podcast_14_envelope.npy,podcast_14,PUBLISHER_MAPPING_AND_COMMON_OVERLAP,PASS_WITH_LIMITATION,WITHIN_3S_ADVISORY; data_dict=PASS_STIMULUS_PROVENANCE; historical_generator_UNKNOWN
SparrKULee,sub-045_ses-varyingStories04_task-listeningActive_run-07_desc-preproc-audio-audiobook_1_eeg.npy,/home/fanyu/auditory_simulation_m6a/pub_01/s06/sparrkulee_v3.1/raw/derivatives/preprocessed_eeg/sub-045/ses-varyingStories04/sub-045_ses-varyingStories04_task-listeningActive_run-07_desc-preproc-audio-audiobook_1_eeg.npy,/home/fanyu/auditory_simulation_m6a/pub_01/s06/sparrkulee_v3.1/raw/derivatives/preprocessed_stimuli/audiobook_1_envelope.npy,audiobook_1,PUBLISHER_MAPPING_AND_COMMON_OVERLAP,PASS_WITH_LIMITATION,WITHIN_3S_ADVISORY; data_dict=PASS_STIMULUS_PROVENANCE; historical_generator_UNKNOWN
SparrKULee,sub-045_ses-varyingStories04_task-listeningActive_run-08_desc-preproc-audio-podcast_15_eeg.npy,/home/fanyu/auditory_simulation_m6a/pub_01/s06/sparrkulee_v3.1/raw/derivatives/preprocessed_eeg/sub-045/ses-varyingStories04/sub-045_ses-varyingStories04_task-listeningActive_run-08_desc-preproc-audio-podcast_15_eeg.npy,/home/fanyu/auditory_simulation_m6a/pub_01/s06/sparrkulee_v3.1/raw/derivatives/preprocessed_stimuli/podcast_15_envelope.npy,podcast_15,PUBLISHER_MAPPING_AND_COMMON_OVERLAP,PASS_WITH_LIMITATION,WITHIN_3S_ADVISORY; data_dict=PASS_STIMULUS_PROVENANCE; historical_generator_UNKNOWN
SparrKULee,sub-046_ses-varyingStories04_task-listeningActive_run-01_desc-preproc-audio-podcast_13_eeg.npy,/home/fanyu/auditory_simulation_m6a/pub_01/s06/sparrkulee_v3.1/raw/derivatives/preprocessed_eeg/sub-046/ses-varyingStories04/sub-046_ses-varyingStories04_task-listeningActive_run-01_desc-preproc-audio-podcast_13_eeg.npy,/home/fanyu/auditory_simulation_m6a/pub_01/s06/sparrkulee_v3.1/raw/derivatives/preprocessed_stimuli/podcast_13_envelope.npy,podcast_13,PUBLISHER_MAPPING_AND_COMMON_OVERLAP,PASS_WITH_LIMITATION,WITHIN_3S_ADVISORY; data_dict=PASS_STIMULUS_PROVENANCE; historical_generator_UNKNOWN
SparrKULee,sub-046_ses-varyingStories04_task-listeningActive_run-02_desc-preproc-audio-podcast_10_eeg.npy,/home/fanyu/auditory_simulation_m6a/pub_01/s06/sparrkulee_v3.1/raw/derivatives/preprocessed_eeg/sub-046/ses-varyingStories04/sub-046_ses-varyingStories04_task-listeningActive_run-02_desc-preproc-audio-podcast_10_eeg.npy,/home/fanyu/auditory_simulation_m6a/pub_01/s06/sparrkulee_v3.1/raw/derivatives/preprocessed_stimuli/podcast_10_envelope.npy,podcast_10,PUBLISHER_MAPPING_AND_COMMON_OVERLAP,PASS_WITH_LIMITATION,WITHIN_3S_ADVISORY; data_dict=PASS_STIMULUS_PROVENANCE; historical_generator_UNKNOWN
SparrKULee,sub-046_ses-varyingStories04_task-listeningActive_run-04_desc-preproc-audio-podcast_14_eeg.npy,/home/fanyu/auditory_simulation_m6a/pub_01/s06/sparrkulee_v3.1/raw/derivatives/preprocessed_eeg/sub-046/ses-varyingStories04/sub-046_ses-varyingStories04_task-listeningActive_run-04_desc-preproc-audio-podcast_14_eeg.npy,/home/fanyu/auditory_simulation_m6a/pub_01/s06/sparrkulee_v3.1/raw/derivatives/preprocessed_stimuli/podcast_14_envelope.npy,podcast_14,PUBLISHER_MAPPING_AND_COMMON_OVERLAP,PASS_WITH_LIMITATION,WITHIN_3S_ADVISORY; data_dict=PASS_STIMULUS_PROVENANCE; historical_generator_UNKNOWN
SparrKULee,sub-046_ses-varyingStories04_task-listeningActive_run-06_desc-preproc-audio-audiobook_10_1_eeg.npy,/home/fanyu/auditory_simulation_m6a/pub_01/s06/sparrkulee_v3.1/raw/derivatives/preprocessed_eeg/sub-046/ses-varyingStories04/sub-046_ses-varyingStories04_task-listeningActive_run-06_desc-preproc-audio-audiobook_10_1_eeg.npy,/home/fanyu/auditory_simulation_m6a/pub_01/s06/sparrkulee_v3.1/raw/derivatives/preprocessed_stimuli/audiobook_10_1_envelope.npy,audiobook_10_1,PUBLISHER_MAPPING_AND_COMMON_OVERLAP,PASS_WITH_LIMITATION,WITHIN_3S_ADVISORY; data_dict=PASS_STIMULUS_PROVENANCE; historical_generator_UNKNOWN
SparrKULee,sub-046_ses-varyingStories04_task-listeningActive_run-07_desc-preproc-audio-audiobook_10_2_eeg.npy,/home/fanyu/auditory_simulation_m6a/pub_01/s06/sparrkulee_v3.1/raw/derivatives/preprocessed_eeg/sub-046/ses-varyingStories04/sub-046_ses-varyingStories04_task-listeningActive_run-07_desc-preproc-audio-audiobook_10_2_eeg.npy,/home/fanyu/auditory_simulation_m6a/pub_01/s06/sparrkulee_v3.1/raw/derivatives/preprocessed_stimuli/audiobook_10_2_envelope.npy,audiobook_10_2,PUBLISHER_MAPPING_AND_COMMON_OVERLAP,PASS_WITH_LIMITATION,WITHIN_3S_ADVISORY; data_dict=PASS_STIMULUS_PROVENANCE; historical_generator_UNKNOWN
SparrKULee,sub-046_ses-varyingStories04_task-listeningActive_run-08_desc-preproc-audio-audiobook_1_eeg.npy,/home/fanyu/auditory_simulation_m6a/pub_01/s06/sparrkulee_v3.1/raw/derivatives/preprocessed_eeg/sub-046/ses-varyingStories04/sub-046_ses-varyingStories04_task-listeningActive_run-08_desc-preproc-audio-audiobook_1_eeg.npy,/home/fanyu/auditory_simulation_m6a/pub_01/s06/sparrkulee_v3.1/raw/derivatives/preprocessed_stimuli/audiobook_1_envelope.npy,audiobook_1,PUBLISHER_MAPPING_AND_COMMON_OVERLAP,PASS_WITH_LIMITATION,WITHIN_3S_ADVISORY; data_dict=PASS_STIMULUS_PROVENANCE; historical_generator_UNKNOWN
SparrKULee,sub-046_ses-varyingStories04_task-listeningActive_run-09_desc-preproc-audio-podcast_15_eeg.npy,/home/fanyu/auditory_simulation_m6a/pub_01/s06/sparrkulee_v3.1/raw/derivatives/preprocessed_eeg/sub-046/ses-varyingStories04/sub-046_ses-varyingStories04_task-listeningActive_run-09_desc-preproc-audio-podcast_15_eeg.npy,/home/fanyu/auditory_simulation_m6a/pub_01/s06/sparrkulee_v3.1/raw/derivatives/preprocessed_stimuli/podcast_15_envelope.npy,podcast_15,PUBLISHER_MAPPING_AND_COMMON_OVERLAP,PASS_WITH_LIMITATION,WITHIN_3S_ADVISORY; data_dict=PASS_STIMULUS_PROVENANCE; historical_generator_UNKNOWN
SparrKULee,sub-047_ses-varyingStories05_task-listeningActive_run-01_desc-preproc-audio-audiobook_1_eeg.npy,/home/fanyu/auditory_simulation_m6a/pub_01/s06/sparrkulee_v3.1/raw/derivatives/preprocessed_eeg/sub-047/ses-varyingStories05/sub-047_ses-varyingStories05_task-listeningActive_run-01_desc-preproc-audio-audiobook_1_eeg.npy,/home/fanyu/auditory_simulation_m6a/pub_01/s06/sparrkulee_v3.1/raw/derivatives/preprocessed_stimuli/audiobook_1_envelope.npy,audiobook_1,PUBLISHER_MAPPING_AND_COMMON_OVERLAP,PASS_WITH_LIMITATION,WITHIN_3S_ADVISORY; data_dict=PASS_STIMULUS_PROVENANCE; historical_generator_UNKNOWN
SparrKULee,sub-047_ses-varyingStories05_task-listeningActive_run-03_desc-preproc-audio-podcast_18_eeg.npy,/home/fanyu/auditory_simulation_m6a/pub_01/s06/sparrkulee_v3.1/raw/derivatives/preprocessed_eeg/sub-047/ses-varyingStories05/sub-047_ses-varyingStories05_task-listeningActive_run-03_desc-preproc-audio-podcast_18_eeg.npy,/home/fanyu/auditory_simulation_m6a/pub_01/s06/sparrkulee_v3.1/raw/derivatives/preprocessed_stimuli/podcast_18_envelope.npy,podcast_18,PUBLISHER_MAPPING_AND_COMMON_OVERLAP,PASS_WITH_LIMITATION,WITHIN_3S_ADVISORY; data_dict=PASS_STIMULUS_PROVENANCE; historical_generator_UNKNOWN
SparrKULee,sub-047_ses-varyingStories05_task-listeningActive_run-04_desc-preproc-audio-audiobook_11_1_eeg.npy,/home/fanyu/auditory_simulation_m6a/pub_01/s06/sparrkulee_v3.1/raw/derivatives/preprocessed_eeg/sub-047/ses-varyingStories05/sub-047_ses-varyingStories05_task-listeningActive_run-04_desc-preproc-audio-audiobook_11_1_eeg.npy,/home/fanyu/auditory_simulation_m6a/pub_01/s06/sparrkulee_v3.1/raw/derivatives/preprocessed_stimuli/audiobook_11_1_envelope.npy,audiobook_11_1,PUBLISHER_MAPPING_AND_COMMON_OVERLAP,PASS_WITH_LIMITATION,WITHIN_3S_ADVISORY; data_dict=PASS_STIMULUS_PROVENANCE; historical_generator_UNKNOWN
SparrKULee,sub-047_ses-varyingStories05_task-listeningActive_run-05_desc-preproc-audio-audiobook_11_2_eeg.npy,/home/fanyu/auditory_simulation_m6a/pub_01/s06/sparrkulee_v3.1/raw/derivatives/preprocessed_eeg/sub-047/ses-varyingStories05/sub-047_ses-varyingStories05_task-listeningActive_run-05_desc-preproc-audio-audiobook_11_2_eeg.npy,/home/fanyu/auditory_simulation_m6a/pub_01/s06/sparrkulee_v3.1/raw/derivatives/preprocessed_stimuli/audiobook_11_2_envelope.npy,audiobook_11_2,PUBLISHER_MAPPING_AND_COMMON_OVERLAP,PASS_WITH_LIMITATION,WITHIN_3S_ADVISORY; data_dict=PASS_STIMULUS_PROVENANCE; historical_generator_UNKNOWN
SparrKULee,sub-047_ses-varyingStories05_task-listeningActive_run-07_desc-preproc-audio-podcast_19_eeg.npy,/home/fanyu/auditory_simulation_m6a/pub_01/s06/sparrkulee_v3.1/raw/derivatives/preprocessed_eeg/sub-047/ses-varyingStories05/sub-047_ses-varyingStories05_task-listeningActive_run-07_desc-preproc-audio-podcast_19_eeg.npy,/home/fanyu/auditory_simulation_m6a/pub_01/s06/sparrkulee_v3.1/raw/derivatives/preprocessed_stimuli/podcast_19_envelope.npy,podcast_19,PUBLISHER_MAPPING_AND_COMMON_OVERLAP,PASS_WITH_LIMITATION,WITHIN_3S_ADVISORY; data_dict=PASS_STIMULUS_PROVENANCE; historical_generator_UNKNOWN
SparrKULee,sub-047_ses-varyingStories05_task-listeningActive_run-08_desc-preproc-audio-podcast_17_eeg.npy,/home/fanyu/auditory_simulation_m6a/pub_01/s06/sparrkulee_v3.1/raw/derivatives/preprocessed_eeg/sub-047/ses-varyingStories05/sub-047_ses-varyingStories05_task-listeningActive_run-08_desc-preproc-audio-podcast_17_eeg.npy,/home/fanyu/auditory_simulation_m6a/pub_01/s06/sparrkulee_v3.1/raw/derivatives/preprocessed_stimuli/podcast_17_envelope.npy,podcast_17,PUBLISHER_MAPPING_AND_COMMON_OVERLAP,PASS_WITH_LIMITATION,WITHIN_3S_ADVISORY; data_dict=PASS_STIMULUS_PROVENANCE; historical_generator_UNKNOWN
SparrKULee,sub-047_ses-varyingStories05_task-listeningActive_run-09_desc-preproc-audio-podcast_16_eeg.npy,/home/fanyu/auditory_simulation_m6a/pub_01/s06/sparrkulee_v3.1/raw/derivatives/preprocessed_eeg/sub-047/ses-varyingStories05/sub-047_ses-varyingStories05_task-listeningActive_run-09_desc-preproc-audio-podcast_16_eeg.npy,/home/fanyu/auditory_simulation_m6a/pub_01/s06/sparrkulee_v3.1/raw/derivatives/preprocessed_stimuli/podcast_16_envelope.npy,podcast_16,PUBLISHER_MAPPING_AND_COMMON_OVERLAP,PASS_WITH_LIMITATION,WITHIN_3S_ADVISORY; data_dict=PASS_STIMULUS_PROVENANCE; historical_generator_UNKNOWN
SparrKULee,sub-048_ses-varyingStories05_task-listeningActive_run-01_desc-preproc-audio-podcast_17_eeg.npy,/home/fanyu/auditory_simulation_m6a/pub_01/s06/sparrkulee_v3.1/raw/derivatives/preprocessed_eeg/sub-048/ses-varyingStories05/sub-048_ses-varyingStories05_task-listeningActive_run-01_desc-preproc-audio-podcast_17_eeg.npy,/home/fanyu/auditory_simulation_m6a/pub_01/s06/sparrkulee_v3.1/raw/derivatives/preprocessed_stimuli/podcast_17_envelope.npy,podcast_17,PUBLISHER_MAPPING_AND_COMMON_OVERLAP,PASS_WITH_LIMITATION,WITHIN_3S_ADVISORY; data_dict=PASS_STIMULUS_PROVENANCE; historical_generator_UNKNOWN
SparrKULee,sub-048_ses-varyingStories05_task-listeningActive_run-02_desc-preproc-audio-podcast_16_eeg.npy,/home/fanyu/auditory_simulation_m6a/pub_01/s06/sparrkulee_v3.1/raw/derivatives/preprocessed_eeg/sub-048/ses-varyingStories05/sub-048_ses-varyingStories05_task-listeningActive_run-02_desc-preproc-audio-podcast_16_eeg.npy,/home/fanyu/auditory_simulation_m6a/pub_01/s06/sparrkulee_v3.1/raw/derivatives/preprocessed_stimuli/podcast_16_envelope.npy,podcast_16,PUBLISHER_MAPPING_AND_COMMON_OVERLAP,PASS_WITH_LIMITATION,WITHIN_3S_ADVISORY; data_dict=PASS_STIMULUS_PROVENANCE; historical_generator_UNKNOWN
SparrKULee,sub-048_ses-varyingStories05_task-listeningActive_run-05_desc-preproc-audio-audiobook_11_1_eeg.npy,/home/fanyu/auditory_simulation_m6a/pub_01/s06/sparrkulee_v3.1/raw/derivatives/preprocessed_eeg/sub-048/ses-varyingStories05/sub-048_ses-varyingStories05_task-listeningActive_run-05_desc-preproc-audio-audiobook_11_1_eeg.npy,/home/fanyu/auditory_simulation_m6a/pub_01/s06/sparrkulee_v3.1/raw/derivatives/preprocessed_stimuli/audiobook_11_1_envelope.npy,audiobook_11_1,PUBLISHER_MAPPING_AND_COMMON_OVERLAP,PASS_WITH_LIMITATION,WITHIN_3S_ADVISORY; data_dict=PASS_STIMULUS_PROVENANCE; historical_generator_UNKNOWN
SparrKULee,sub-048_ses-varyingStories05_task-listeningActive_run-06_desc-preproc-audio-audiobook_11_2_eeg.npy,/home/fanyu/auditory_simulation_m6a/pub_01/s06/sparrkulee_v3.1/raw/derivatives/preprocessed_eeg/sub-048/ses-varyingStories05/sub-048_ses-varyingStories05_task-listeningActive_run-06_desc-preproc-audio-audiobook_11_2_eeg.npy,/home/fanyu/auditory_simulation_m6a/pub_01/s06/sparrkulee_v3.1/raw/derivatives/preprocessed_stimuli/audiobook_11_2_envelope.npy,audiobook_11_2,PUBLISHER_MAPPING_AND_COMMON_OVERLAP,PASS_WITH_LIMITATION,WITHIN_3S_ADVISORY; data_dict=PASS_STIMULUS_PROVENANCE; historical_generator_UNKNOWN
SparrKULee,sub-048_ses-varyingStories05_task-listeningActive_run-08_desc-preproc-audio-podcast_19_eeg.npy,/home/fanyu/auditory_simulation_m6a/pub_01/s06/sparrkulee_v3.1/raw/derivatives/preprocessed_eeg/sub-048/ses-varyingStories05/sub-048_ses-varyingStories05_task-listeningActive_run-08_desc-preproc-audio-podcast_19_eeg.npy,/home/fanyu/auditory_simulation_m6a/pub_01/s06/sparrkulee_v3.1/raw/derivatives/preprocessed_stimuli/podcast_19_envelope.npy,podcast_19,PUBLISHER_MAPPING_AND_COMMON_OVERLAP,PASS_WITH_LIMITATION,WITHIN_3S_ADVISORY; data_dict=PASS_STIMULUS_PROVENANCE; historical_generator_UNKNOWN
SparrKULee,sub-048_ses-varyingStories05_task-listeningActive_run-09_desc-preproc-audio-audiobook_1_eeg.npy,/home/fanyu/auditory_simulation_m6a/pub_01/s06/sparrkulee_v3.1/raw/derivatives/preprocessed_eeg/sub-048/ses-varyingStories05/sub-048_ses-varyingStories05_task-listeningActive_run-09_desc-preproc-audio-audiobook_1_eeg.npy,/home/fanyu/auditory_simulation_m6a/pub_01/s06/sparrkulee_v3.1/raw/derivatives/preprocessed_stimuli/audiobook_1_envelope.npy,audiobook_1,PUBLISHER_MAPPING_AND_COMMON_OVERLAP,PASS_WITH_LIMITATION,WITHIN_3S_ADVISORY; data_dict=PASS_STIMULUS_PROVENANCE; historical_generator_UNKNOWN
SparrKULee,sub-049_ses-varyingStories06_task-listeningActive_run-02_desc-preproc-audio-audiobook_12_1_eeg.npy,/home/fanyu/auditory_simulation_m6a/pub_01/s06/sparrkulee_v3.1/raw/derivatives/preprocessed_eeg/sub-049/ses-varyingStories06/sub-049_ses-varyingStories06_task-listeningActive_run-02_desc-preproc-audio-audiobook_12_1_eeg.npy,/home/fanyu/auditory_simulation_m6a/pub_01/s06/sparrkulee_v3.1/raw/derivatives/preprocessed_stimuli/audiobook_12_1_envelope.npy,audiobook_12_1,PUBLISHER_MAPPING_AND_COMMON_OVERLAP,PASS_WITH_LIMITATION,WITHIN_3S_ADVISORY; data_dict=PASS_STIMULUS_PROVENANCE; historical_generator_UNKNOWN
SparrKULee,sub-049_ses-varyingStories06_task-listeningActive_run-03_desc-preproc-audio-audiobook_12_2_eeg.npy,/home/fanyu/auditory_simulation_m6a/pub_01/s06/sparrkulee_v3.1/raw/derivatives/preprocessed_eeg/sub-049/ses-varyingStories06/sub-049_ses-varyingStories06_task-listeningActive_run-03_desc-preproc-audio-audiobook_12_2_eeg.npy,/home/fanyu/auditory_simulation_m6a/pub_01/s06/sparrkulee_v3.1/raw/derivatives/preprocessed_stimuli/audiobook_12_2_envelope.npy,audiobook_12_2,PUBLISHER_MAPPING_AND_COMMON_OVERLAP,PASS_WITH_LIMITATION,WITHIN_3S_ADVISORY; data_dict=PASS_STIMULUS_PROVENANCE; historical_generator_UNKNOWN
SparrKULee,sub-049_ses-varyingStories06_task-listeningActive_run-04_desc-preproc-audio-audiobook_1_eeg.npy,/home/fanyu/auditory_simulation_m6a/pub_01/s06/sparrkulee_v3.1/raw/derivatives/preprocessed_eeg/sub-049/ses-varyingStories06/sub-049_ses-varyingStories06_task-listeningActive_run-04_desc-preproc-audio-audiobook_1_eeg.npy,/home/fanyu/auditory_simulation_m6a/pub_01/s06/sparrkulee_v3.1/raw/derivatives/preprocessed_stimuli/audiobook_1_envelope.npy,audiobook_1,PUBLISHER_MAPPING_AND_COMMON_OVERLAP,PASS_WITH_LIMITATION,WITHIN_3S_ADVISORY; data_dict=PASS_STIMULUS_PROVENANCE; historical_generator_UNKNOWN
SparrKULee,sub-049_ses-varyingStories06_task-listeningActive_run-05_desc-preproc-audio-podcast_22_eeg.npy,/home/fanyu/auditory_simulation_m6a/pub_01/s06/sparrkulee_v3.1/raw/derivatives/preprocessed_eeg/sub-049/ses-varyingStories06/sub-049_ses-varyingStories06_task-listeningActive_run-05_desc-preproc-audio-podcast_22_eeg.npy,/home/fanyu/auditory_simulation_m6a/pub_01/s06/sparrkulee_v3.1/raw/derivatives/preprocessed_stimuli/podcast_22_envelope.npy,podcast_22,PUBLISHER_MAPPING_AND_COMMON_OVERLAP,PASS_WITH_LIMITATION,WITHIN_3S_ADVISORY; data_dict=PASS_STIMULUS_PROVENANCE; historical_generator_UNKNOWN
SparrKULee,sub-049_ses-varyingStories06_task-listeningActive_run-06_desc-preproc-audio-podcast_20_eeg.npy,/home/fanyu/auditory_simulation_m6a/pub_01/s06/sparrkulee_v3.1/raw/derivatives/preprocessed_eeg/sub-049/ses-varyingStories06/sub-049_ses-varyingStories06_task-listeningActive_run-06_desc-preproc-audio-podcast_20_eeg.npy,/home/fanyu/auditory_simulation_m6a/pub_01/s06/sparrkulee_v3.1/raw/derivatives/preprocessed_stimuli/podcast_20_envelope.npy,podcast_20,PUBLISHER_MAPPING_AND_COMMON_OVERLAP,PASS_WITH_LIMITATION,WITHIN_3S_ADVISORY; data_dict=PASS_STIMULUS_PROVENANCE; historical_generator_UNKNOWN
SparrKULee,sub-049_ses-varyingStories06_task-listeningActive_run-07_desc-preproc-audio-podcast_23_eeg.npy,/home/fanyu/auditory_simulation_m6a/pub_01/s06/sparrkulee_v3.1/raw/derivatives/preprocessed_eeg/sub-049/ses-varyingStories06/sub-049_ses-varyingStories06_task-listeningActive_run-07_desc-preproc-audio-podcast_23_eeg.npy,/home/fanyu/auditory_simulation_m6a/pub_01/s06/sparrkulee_v3.1/raw/derivatives/preprocessed_stimuli/podcast_23_envelope.npy,podcast_23,PUBLISHER_MAPPING_AND_COMMON_OVERLAP,PASS_WITH_LIMITATION,WITHIN_3S_ADVISORY; data_dict=PASS_STIMULUS_PROVENANCE; historical_generator_UNKNOWN
SparrKULee,sub-049_ses-varyingStories06_task-listeningActive_run-09_desc-preproc-audio-podcast_21_eeg.npy,/home/fanyu/auditory_simulation_m6a/pub_01/s06/sparrkulee_v3.1/raw/derivatives/preprocessed_eeg/sub-049/ses-varyingStories06/sub-049_ses-varyingStories06_task-listeningActive_run-09_desc-preproc-audio-podcast_21_eeg.npy,/home/fanyu/auditory_simulation_m6a/pub_01/s06/sparrkulee_v3.1/raw/derivatives/preprocessed_stimuli/podcast_21_envelope.npy,podcast_21,PUBLISHER_MAPPING_AND_COMMON_OVERLAP,PASS_WITH_LIMITATION,WITHIN_3S_ADVISORY; data_dict=PASS_STIMULUS_PROVENANCE; historical_generator_UNKNOWN
SparrKULee,sub-050_ses-varyingStories06_task-listeningActive_run-02_desc-preproc-audio-audiobook_12_2_eeg.npy,/home/fanyu/auditory_simulation_m6a/pub_01/s06/sparrkulee_v3.1/raw/derivatives/preprocessed_eeg/sub-050/ses-varyingStories06/sub-050_ses-varyingStories06_task-listeningActive_run-02_desc-preproc-audio-audiobook_12_2_eeg.npy,/home/fanyu/auditory_simulation_m6a/pub_01/s06/sparrkulee_v3.1/raw/derivatives/preprocessed_stimuli/audiobook_12_2_envelope.npy,audiobook_12_2,PUBLISHER_MAPPING_AND_COMMON_OVERLAP,PASS_WITH_LIMITATION,WITHIN_3S_ADVISORY; data_dict=PASS_STIMULUS_PROVENANCE; historical_generator_UNKNOWN
SparrKULee,sub-050_ses-varyingStories06_task-listeningActive_run-03_desc-preproc-audio-podcast_23_eeg.npy,/home/fanyu/auditory_simulation_m6a/pub_01/s06/sparrkulee_v3.1/raw/derivatives/preprocessed_eeg/sub-050/ses-varyingStories06/sub-050_ses-varyingStories06_task-listeningActive_run-03_desc-preproc-audio-podcast_23_eeg.npy,/home/fanyu/auditory_simulation_m6a/pub_01/s06/sparrkulee_v3.1/raw/derivatives/preprocessed_stimuli/podcast_23_envelope.npy,podcast_23,PUBLISHER_MAPPING_AND_COMMON_OVERLAP,PASS_WITH_LIMITATION,WITHIN_3S_ADVISORY; data_dict=PASS_STIMULUS_PROVENANCE; historical_generator_UNKNOWN
SparrKULee,sub-050_ses-varyingStories06_task-listeningActive_run-04_desc-preproc-audio-podcast_22_eeg.npy,/home/fanyu/auditory_simulation_m6a/pub_01/s06/sparrkulee_v3.1/raw/derivatives/preprocessed_eeg/sub-050/ses-varyingStories06/sub-050_ses-varyingStories06_task-listeningActive_run-04_desc-preproc-audio-podcast_22_eeg.npy,/home/fanyu/auditory_simulation_m6a/pub_01/s06/sparrkulee_v3.1/raw/derivatives/preprocessed_stimuli/podcast_22_envelope.npy,podcast_22,PUBLISHER_MAPPING_AND_COMMON_OVERLAP,PASS_WITH_LIMITATION,WITHIN_3S_ADVISORY; data_dict=PASS_STIMULUS_PROVENANCE; historical_generator_UNKNOWN
SparrKULee,sub-050_ses-varyingStories06_task-listeningActive_run-05_desc-preproc-audio-audiobook_1_eeg.npy,/home/fanyu/auditory_simulation_m6a/pub_01/s06/sparrkulee_v3.1/raw/derivatives/preprocessed_eeg/sub-050/ses-varyingStories06/sub-050_ses-varyingStories06_task-listeningActive_run-05_desc-preproc-audio-audiobook_1_eeg.npy,/home/fanyu/auditory_simulation_m6a/pub_01/s06/sparrkulee_v3.1/raw/derivatives/preprocessed_stimuli/audiobook_1_envelope.npy,audiobook_1,PUBLISHER_MAPPING_AND_COMMON_OVERLAP,PASS_WITH_LIMITATION,WITHIN_3S_ADVISORY; data_dict=PASS_STIMULUS_PROVENANCE; historical_generator_UNKNOWN
SparrKULee,sub-051_ses-varyingStories06_task-listeningActive_run-02_desc-preproc-audio-podcast_20_eeg.npy,/home/fanyu/auditory_simulation_m6a/pub_01/s06/sparrkulee_v3.1/raw/derivatives/preprocessed_eeg/sub-051/ses-varyingStories06/sub-051_ses-varyingStories06_task-listeningActive_run-02_desc-preproc-audio-podcast_20_eeg.npy,/home/fanyu/auditory_simulation_m6a/pub_01/s06/sparrkulee_v3.1/raw/derivatives/preprocessed_stimuli/podcast_20_envelope.npy,podcast_20,PUBLISHER_MAPPING_AND_COMMON_OVERLAP,PASS_WITH_LIMITATION,WITHIN_3S_ADVISORY; data_dict=PASS_STIMULUS_PROVENANCE; historical_generator_UNKNOWN
SparrKULee,sub-051_ses-varyingStories06_task-listeningActive_run-03_desc-preproc-audio-podcast_22_eeg.npy,/home/fanyu/auditory_simulation_m6a/pub_01/s06/sparrkulee_v3.1/raw/derivatives/preprocessed_eeg/sub-051/ses-varyingStories06/sub-051_ses-varyingStories06_task-listeningActive_run-03_desc-preproc-audio-podcast_22_eeg.npy,/home/fanyu/auditory_simulation_m6a/pub_01/s06/sparrkulee_v3.1/raw/derivatives/preprocessed_stimuli/podcast_22_envelope.npy,podcast_22,PUBLISHER_MAPPING_AND_COMMON_OVERLAP,PASS_WITH_LIMITATION,WITHIN_3S_ADVISORY; data_dict=PASS_STIMULUS_PROVENANCE; historical_generator_UNKNOWN
SparrKULee,sub-051_ses-varyingStories06_task-listeningActive_run-04_desc-preproc-audio-podcast_21_eeg.npy,/home/fanyu/auditory_simulation_m6a/pub_01/s06/sparrkulee_v3.1/raw/derivatives/preprocessed_eeg/sub-051/ses-varyingStories06/sub-051_ses-varyingStories06_task-listeningActive_run-04_desc-preproc-audio-podcast_21_eeg.npy,/home/fanyu/auditory_simulation_m6a/pub_01/s06/sparrkulee_v3.1/raw/derivatives/preprocessed_stimuli/podcast_21_envelope.npy,podcast_21,PUBLISHER_MAPPING_AND_COMMON_OVERLAP,PASS_WITH_LIMITATION,WITHIN_3S_ADVISORY; data_dict=PASS_STIMULUS_PROVENANCE; historical_generator_UNKNOWN
SparrKULee,sub-051_ses-varyingStories06_task-listeningActive_run-05_desc-preproc-audio-audiobook_12_1_eeg.npy,/home/fanyu/auditory_simulation_m6a/pub_01/s06/sparrkulee_v3.1/raw/derivatives/preprocessed_eeg/sub-051/ses-varyingStories06/sub-051_ses-varyingStories06_task-listeningActive_run-05_desc-preproc-audio-audiobook_12_1_eeg.npy,/home/fanyu/auditory_simulation_m6a/pub_01/s06/sparrkulee_v3.1/raw/derivatives/preprocessed_stimuli/audiobook_12_1_envelope.npy,audiobook_12_1,PUBLISHER_MAPPING_AND_COMMON_OVERLAP,PASS_WITH_LIMITATION,WITHIN_3S_ADVISORY; data_dict=PASS_STIMULUS_PROVENANCE; historical_generator_UNKNOWN
SparrKULee,sub-051_ses-varyingStories06_task-listeningActive_run-06_desc-preproc-audio-audiobook_12_2_eeg.npy,/home/fanyu/auditory_simulation_m6a/pub_01/s06/sparrkulee_v3.1/raw/derivatives/preprocessed_eeg/sub-051/ses-varyingStories06/sub-051_ses-varyingStories06_task-listeningActive_run-06_desc-preproc-audio-audiobook_12_2_eeg.npy,/home/fanyu/auditory_simulation_m6a/pub_01/s06/sparrkulee_v3.1/raw/derivatives/preprocessed_stimuli/audiobook_12_2_envelope.npy,audiobook_12_2,PUBLISHER_MAPPING_AND_COMMON_OVERLAP,PASS_WITH_LIMITATION,WITHIN_3S_ADVISORY; data_dict=PASS_STIMULUS_PROVENANCE; historical_generator_UNKNOWN
SparrKULee,sub-051_ses-varyingStories06_task-listeningActive_run-07_desc-preproc-audio-podcast_23_eeg.npy,/home/fanyu/auditory_simulation_m6a/pub_01/s06/sparrkulee_v3.1/raw/derivatives/preprocessed_eeg/sub-051/ses-varyingStories06/sub-051_ses-varyingStories06_task-listeningActive_run-07_desc-preproc-audio-podcast_23_eeg.npy,/home/fanyu/auditory_simulation_m6a/pub_01/s06/sparrkulee_v3.1/raw/derivatives/preprocessed_stimuli/podcast_23_envelope.npy,podcast_23,PUBLISHER_MAPPING_AND_COMMON_OVERLAP,PASS_WITH_LIMITATION,WITHIN_3S_ADVISORY; data_dict=PASS_STIMULUS_PROVENANCE; historical_generator_UNKNOWN
SparrKULee,sub-051_ses-varyingStories06_task-listeningActive_run-08_desc-preproc-audio-audiobook_1_eeg.npy,/home/fanyu/auditory_simulation_m6a/pub_01/s06/sparrkulee_v3.1/raw/derivatives/preprocessed_eeg/sub-051/ses-varyingStories06/sub-051_ses-varyingStories06_task-listeningActive_run-08_desc-preproc-audio-audiobook_1_eeg.npy,/home/fanyu/auditory_simulation_m6a/pub_01/s06/sparrkulee_v3.1/raw/derivatives/preprocessed_stimuli/audiobook_1_envelope.npy,audiobook_1,PUBLISHER_MAPPING_AND_COMMON_OVERLAP,PASS_WITH_LIMITATION,WITHIN_3S_ADVISORY; data_dict=PASS_STIMULUS_PROVENANCE; historical_generator_UNKNOWN
SparrKULee,sub-052_ses-varyingStories06_task-listeningActive_run-01_desc-preproc-audio-podcast_23_eeg.npy,/home/fanyu/auditory_simulation_m6a/pub_01/s06/sparrkulee_v3.1/raw/derivatives/preprocessed_eeg/sub-052/ses-varyingStories06/sub-052_ses-varyingStories06_task-listeningActive_run-01_desc-preproc-audio-podcast_23_eeg.npy,/home/fanyu/auditory_simulation_m6a/pub_01/s06/sparrkulee_v3.1/raw/derivatives/preprocessed_stimuli/podcast_23_envelope.npy,podcast_23,PUBLISHER_MAPPING_AND_COMMON_OVERLAP,PASS_WITH_LIMITATION,WITHIN_3S_ADVISORY; data_dict=PASS_STIMULUS_PROVENANCE; historical_generator_UNKNOWN
SparrKULee,sub-052_ses-varyingStories06_task-listeningActive_run-02_desc-preproc-audio-podcast_22_eeg.npy,/home/fanyu/auditory_simulation_m6a/pub_01/s06/sparrkulee_v3.1/raw/derivatives/preprocessed_eeg/sub-052/ses-varyingStories06/sub-052_ses-varyingStories06_task-listeningActive_run-02_desc-preproc-audio-podcast_22_eeg.npy,/home/fanyu/auditory_simulation_m6a/pub_01/s06/sparrkulee_v3.1/raw/derivatives/preprocessed_stimuli/podcast_22_envelope.npy,podcast_22,PUBLISHER_MAPPING_AND_COMMON_OVERLAP,PASS_WITH_LIMITATION,WITHIN_3S_ADVISORY; data_dict=PASS_STIMULUS_PROVENANCE; historical_generator_UNKNOWN
SparrKULee,sub-052_ses-varyingStories06_task-listeningActive_run-03_desc-preproc-audio-audiobook_12_1_eeg.npy,/home/fanyu/auditory_simulation_m6a/pub_01/s06/sparrkulee_v3.1/raw/derivatives/preprocessed_eeg/sub-052/ses-varyingStories06/sub-052_ses-varyingStories06_task-listeningActive_run-03_desc-preproc-audio-audiobook_12_1_eeg.npy,/home/fanyu/auditory_simulation_m6a/pub_01/s06/sparrkulee_v3.1/raw/derivatives/preprocessed_stimuli/audiobook_12_1_envelope.npy,audiobook_12_1,PUBLISHER_MAPPING_AND_COMMON_OVERLAP,PASS_WITH_LIMITATION,WITHIN_3S_ADVISORY; data_dict=PASS_STIMULUS_PROVENANCE; historical_generator_UNKNOWN
SparrKULee,sub-052_ses-varyingStories06_task-listeningActive_run-04_desc-preproc-audio-audiobook_12_2_eeg.npy,/home/fanyu/auditory_simulation_m6a/pub_01/s06/sparrkulee_v3.1/raw/derivatives/preprocessed_eeg/sub-052/ses-varyingStories06/sub-052_ses-varyingStories06_task-listeningActive_run-04_desc-preproc-audio-audiobook_12_2_eeg.npy,/home/fanyu/auditory_simulation_m6a/pub_01/s06/sparrkulee_v3.1/raw/derivatives/preprocessed_stimuli/audiobook_12_2_envelope.npy,audiobook_12_2,PUBLISHER_MAPPING_AND_COMMON_OVERLAP,PASS_WITH_LIMITATION,WITHIN_3S_ADVISORY; data_dict=PASS_STIMULUS_PROVENANCE; historical_generator_UNKNOWN
SparrKULee,sub-052_ses-varyingStories06_task-listeningActive_run-05_desc-preproc-audio-podcast_20_eeg.npy,/home/fanyu/auditory_simulation_m6a/pub_01/s06/sparrkulee_v3.1/raw/derivatives/preprocessed_eeg/sub-052/ses-varyingStories06/sub-052_ses-varyingStories06_task-listeningActive_run-05_desc-preproc-audio-podcast_20_eeg.npy,/home/fanyu/auditory_simulation_m6a/pub_01/s06/sparrkulee_v3.1/raw/derivatives/preprocessed_stimuli/podcast_20_envelope.npy,podcast_20,PUBLISHER_MAPPING_AND_COMMON_OVERLAP,PASS_WITH_LIMITATION,WITHIN_3S_ADVISORY; data_dict=PASS_STIMULUS_PROVENANCE; historical_generator_UNKNOWN
SparrKULee,sub-052_ses-varyingStories06_task-listeningActive_run-06_desc-preproc-audio-podcast_21_eeg.npy,/home/fanyu/auditory_simulation_m6a/pub_01/s06/sparrkulee_v3.1/raw/derivatives/preprocessed_eeg/sub-052/ses-varyingStories06/sub-052_ses-varyingStories06_task-listeningActive_run-06_desc-preproc-audio-podcast_21_eeg.npy,/home/fanyu/auditory_simulation_m6a/pub_01/s06/sparrkulee_v3.1/raw/derivatives/preprocessed_stimuli/podcast_21_envelope.npy,podcast_21,PUBLISHER_MAPPING_AND_COMMON_OVERLAP,PASS_WITH_LIMITATION,WITHIN_3S_ADVISORY; data_dict=PASS_STIMULUS_PROVENANCE; historical_generator_UNKNOWN
SparrKULee,sub-052_ses-varyingStories06_task-listeningActive_run-08_desc-preproc-audio-audiobook_1_eeg.npy,/home/fanyu/auditory_simulation_m6a/pub_01/s06/sparrkulee_v3.1/raw/derivatives/preprocessed_eeg/sub-052/ses-varyingStories06/sub-052_ses-varyingStories06_task-listeningActive_run-08_desc-preproc-audio-audiobook_1_eeg.npy,/home/fanyu/auditory_simulation_m6a/pub_01/s06/sparrkulee_v3.1/raw/derivatives/preprocessed_stimuli/audiobook_1_envelope.npy,audiobook_1,PUBLISHER_MAPPING_AND_COMMON_OVERLAP,PASS_WITH_LIMITATION,WITHIN_3S_ADVISORY; data_dict=PASS_STIMULUS_PROVENANCE; historical_generator_UNKNOWN
SparrKULee,sub-053_ses-varyingStories06_task-listeningActive_run-01_desc-preproc-audio-podcast_21_eeg.npy,/home/fanyu/auditory_simulation_m6a/pub_01/s06/sparrkulee_v3.1/raw/derivatives/preprocessed_eeg/sub-053/ses-varyingStories06/sub-053_ses-varyingStories06_task-listeningActive_run-01_desc-preproc-audio-podcast_21_eeg.npy,/home/fanyu/auditory_simulation_m6a/pub_01/s06/sparrkulee_v3.1/raw/derivatives/preprocessed_stimuli/podcast_21_envelope.npy,podcast_21,PUBLISHER_MAPPING_AND_COMMON_OVERLAP,PASS_WITH_LIMITATION,WITHIN_3S_ADVISORY; data_dict=PASS_STIMULUS_PROVENANCE; historical_generator_UNKNOWN
SparrKULee,sub-053_ses-varyingStories06_task-listeningActive_run-02_desc-preproc-audio-audiobook_12_1_eeg.npy,/home/fanyu/auditory_simulation_m6a/pub_01/s06/sparrkulee_v3.1/raw/derivatives/preprocessed_eeg/sub-053/ses-varyingStories06/sub-053_ses-varyingStories06_task-listeningActive_run-02_desc-preproc-audio-audiobook_12_1_eeg.npy,/home/fanyu/auditory_simulation_m6a/pub_01/s06/sparrkulee_v3.1/raw/derivatives/preprocessed_stimuli/audiobook_12_1_envelope.npy,audiobook_12_1,PUBLISHER_MAPPING_AND_COMMON_OVERLAP,PASS_WITH_LIMITATION,WITHIN_3S_ADVISORY; data_dict=PASS_STIMULUS_PROVENANCE; historical_generator_UNKNOWN
SparrKULee,sub-053_ses-varyingStories06_task-listeningActive_run-03_desc-preproc-audio-audiobook_12_2_eeg.npy,/home/fanyu/auditory_simulation_m6a/pub_01/s06/sparrkulee_v3.1/raw/derivatives/preprocessed_eeg/sub-053/ses-varyingStories06/sub-053_ses-varyingStories06_task-listeningActive_run-03_desc-preproc-audio-audiobook_12_2_eeg.npy,/home/fanyu/auditory_simulation_m6a/pub_01/s06/sparrkulee_v3.1/raw/derivatives/preprocessed_stimuli/audiobook_12_2_envelope.npy,audiobook_12_2,PUBLISHER_MAPPING_AND_COMMON_OVERLAP,PASS_WITH_LIMITATION,WITHIN_3S_ADVISORY; data_dict=PASS_STIMULUS_PROVENANCE; historical_generator_UNKNOWN
SparrKULee,sub-053_ses-varyingStories06_task-listeningActive_run-05_desc-preproc-audio-podcast_23_eeg.npy,/home/fanyu/auditory_simulation_m6a/pub_01/s06/sparrkulee_v3.1/raw/derivatives/preprocessed_eeg/sub-053/ses-varyingStories06/sub-053_ses-varyingStories06_task-listeningActive_run-05_desc-preproc-audio-podcast_23_eeg.npy,/home/fanyu/auditory_simulation_m6a/pub_01/s06/sparrkulee_v3.1/raw/derivatives/preprocessed_stimuli/podcast_23_envelope.npy,podcast_23,PUBLISHER_MAPPING_AND_COMMON_OVERLAP,PASS_WITH_LIMITATION,WITHIN_3S_ADVISORY; data_dict=PASS_STIMULUS_PROVENANCE; historical_generator_UNKNOWN
SparrKULee,sub-053_ses-varyingStories06_task-listeningActive_run-06_desc-preproc-audio-audiobook_1_eeg.npy,/home/fanyu/auditory_simulation_m6a/pub_01/s06/sparrkulee_v3.1/raw/derivatives/preprocessed_eeg/sub-053/ses-varyingStories06/sub-053_ses-varyingStories06_task-listeningActive_run-06_desc-preproc-audio-audiobook_1_eeg.npy,/home/fanyu/auditory_simulation_m6a/pub_01/s06/sparrkulee_v3.1/raw/derivatives/preprocessed_stimuli/audiobook_1_envelope.npy,audiobook_1,PUBLISHER_MAPPING_AND_COMMON_OVERLAP,PASS_WITH_LIMITATION,WITHIN_3S_ADVISORY; data_dict=PASS_STIMULUS_PROVENANCE; historical_generator_UNKNOWN
SparrKULee,sub-053_ses-varyingStories06_task-listeningActive_run-07_desc-preproc-audio-podcast_20_eeg.npy,/home/fanyu/auditory_simulation_m6a/pub_01/s06/sparrkulee_v3.1/raw/derivatives/preprocessed_eeg/sub-053/ses-varyingStories06/sub-053_ses-varyingStories06_task-listeningActive_run-07_desc-preproc-audio-podcast_20_eeg.npy,/home/fanyu/auditory_simulation_m6a/pub_01/s06/sparrkulee_v3.1/raw/derivatives/preprocessed_stimuli/podcast_20_envelope.npy,podcast_20,PUBLISHER_MAPPING_AND_COMMON_OVERLAP,PASS_WITH_LIMITATION,WITHIN_3S_ADVISORY; data_dict=PASS_STIMULUS_PROVENANCE; historical_generator_UNKNOWN
SparrKULee,sub-053_ses-varyingStories06_task-listeningActive_run-09_desc-preproc-audio-podcast_22_eeg.npy,/home/fanyu/auditory_simulation_m6a/pub_01/s06/sparrkulee_v3.1/raw/derivatives/preprocessed_eeg/sub-053/ses-varyingStories06/sub-053_ses-varyingStories06_task-listeningActive_run-09_desc-preproc-audio-podcast_22_eeg.npy,/home/fanyu/auditory_simulation_m6a/pub_01/s06/sparrkulee_v3.1/raw/derivatives/preprocessed_stimuli/podcast_22_envelope.npy,podcast_22,PUBLISHER_MAPPING_AND_COMMON_OVERLAP,PASS_WITH_LIMITATION,WITHIN_3S_ADVISORY; data_dict=PASS_STIMULUS_PROVENANCE; historical_generator_UNKNOWN
SparrKULee,sub-054_ses-varyingStories06_task-listeningActive_run-01_desc-preproc-audio-podcast_21_eeg.npy,/home/fanyu/auditory_simulation_m6a/pub_01/s06/sparrkulee_v3.1/raw/derivatives/preprocessed_eeg/sub-054/ses-varyingStories06/sub-054_ses-varyingStories06_task-listeningActive_run-01_desc-preproc-audio-podcast_21_eeg.npy,/home/fanyu/auditory_simulation_m6a/pub_01/s06/sparrkulee_v3.1/raw/derivatives/preprocessed_stimuli/podcast_21_envelope.npy,podcast_21,PUBLISHER_MAPPING_AND_COMMON_OVERLAP,PASS_WITH_LIMITATION,WITHIN_3S_ADVISORY; data_dict=PASS_STIMULUS_PROVENANCE; historical_generator_UNKNOWN
SparrKULee,sub-054_ses-varyingStories06_task-listeningActive_run-02_desc-preproc-audio-audiobook_12_1_eeg.npy,/home/fanyu/auditory_simulation_m6a/pub_01/s06/sparrkulee_v3.1/raw/derivatives/preprocessed_eeg/sub-054/ses-varyingStories06/sub-054_ses-varyingStories06_task-listeningActive_run-02_desc-preproc-audio-audiobook_12_1_eeg.npy,/home/fanyu/auditory_simulation_m6a/pub_01/s06/sparrkulee_v3.1/raw/derivatives/preprocessed_stimuli/audiobook_12_1_envelope.npy,audiobook_12_1,PUBLISHER_MAPPING_AND_COMMON_OVERLAP,PASS_WITH_LIMITATION,WITHIN_3S_ADVISORY; data_dict=PASS_STIMULUS_PROVENANCE; historical_generator_UNKNOWN
SparrKULee,sub-054_ses-varyingStories06_task-listeningActive_run-03_desc-preproc-audio-audiobook_12_2_eeg.npy,/home/fanyu/auditory_simulation_m6a/pub_01/s06/sparrkulee_v3.1/raw/derivatives/preprocessed_eeg/sub-054/ses-varyingStories06/sub-054_ses-varyingStories06_task-listeningActive_run-03_desc-preproc-audio-audiobook_12_2_eeg.npy,/home/fanyu/auditory_simulation_m6a/pub_01/s06/sparrkulee_v3.1/raw/derivatives/preprocessed_stimuli/audiobook_12_2_envelope.npy,audiobook_12_2,PUBLISHER_MAPPING_AND_COMMON_OVERLAP,PASS_WITH_LIMITATION,WITHIN_3S_ADVISORY; data_dict=PASS_STIMULUS_PROVENANCE; historical_generator_UNKNOWN
SparrKULee,sub-054_ses-varyingStories06_task-listeningActive_run-04_desc-preproc-audio-podcast_20_eeg.npy,/home/fanyu/auditory_simulation_m6a/pub_01/s06/sparrkulee_v3.1/raw/derivatives/preprocessed_eeg/sub-054/ses-varyingStories06/sub-054_ses-varyingStories06_task-listeningActive_run-04_desc-preproc-audio-podcast_20_eeg.npy,/home/fanyu/auditory_simulation_m6a/pub_01/s06/sparrkulee_v3.1/raw/derivatives/preprocessed_stimuli/podcast_20_envelope.npy,podcast_20,PUBLISHER_MAPPING_AND_COMMON_OVERLAP,PASS_WITH_LIMITATION,WITHIN_3S_ADVISORY; data_dict=PASS_STIMULUS_PROVENANCE; historical_generator_UNKNOWN
SparrKULee,sub-054_ses-varyingStories06_task-listeningActive_run-06_desc-preproc-audio-podcast_23_eeg.npy,/home/fanyu/auditory_simulation_m6a/pub_01/s06/sparrkulee_v3.1/raw/derivatives/preprocessed_eeg/sub-054/ses-varyingStories06/sub-054_ses-varyingStories06_task-listeningActive_run-06_desc-preproc-audio-podcast_23_eeg.npy,/home/fanyu/auditory_simulation_m6a/pub_01/s06/sparrkulee_v3.1/raw/derivatives/preprocessed_stimuli/podcast_23_envelope.npy,podcast_23,PUBLISHER_MAPPING_AND_COMMON_OVERLAP,PASS_WITH_LIMITATION,WITHIN_3S_ADVISORY; data_dict=PASS_STIMULUS_PROVENANCE; historical_generator_UNKNOWN
SparrKULee,sub-054_ses-varyingStories06_task-listeningActive_run-08_desc-preproc-audio-podcast_22_eeg.npy,/home/fanyu/auditory_simulation_m6a/pub_01/s06/sparrkulee_v3.1/raw/derivatives/preprocessed_eeg/sub-054/ses-varyingStories06/sub-054_ses-varyingStories06_task-listeningActive_run-08_desc-preproc-audio-podcast_22_eeg.npy,/home/fanyu/auditory_simulation_m6a/pub_01/s06/sparrkulee_v3.1/raw/derivatives/preprocessed_stimuli/podcast_22_envelope.npy,podcast_22,PUBLISHER_MAPPING_AND_COMMON_OVERLAP,PASS_WITH_LIMITATION,WITHIN_3S_ADVISORY; data_dict=PASS_STIMULUS_PROVENANCE; historical_generator_UNKNOWN
SparrKULee,sub-054_ses-varyingStories06_task-listeningActive_run-09_desc-preproc-audio-audiobook_1_eeg.npy,/home/fanyu/auditory_simulation_m6a/pub_01/s06/sparrkulee_v3.1/raw/derivatives/preprocessed_eeg/sub-054/ses-varyingStories06/sub-054_ses-varyingStories06_task-listeningActive_run-09_desc-preproc-audio-audiobook_1_eeg.npy,/home/fanyu/auditory_simulation_m6a/pub_01/s06/sparrkulee_v3.1/raw/derivatives/preprocessed_stimuli/audiobook_1_envelope.npy,audiobook_1,PUBLISHER_MAPPING_AND_COMMON_OVERLAP,PASS_WITH_LIMITATION,WITHIN_3S_ADVISORY; data_dict=PASS_STIMULUS_PROVENANCE; historical_generator_UNKNOWN
SparrKULee,sub-055_ses-varyingStories06_task-listeningActive_run-01_desc-preproc-audio-audiobook_1_eeg.npy,/home/fanyu/auditory_simulation_m6a/pub_01/s06/sparrkulee_v3.1/raw/derivatives/preprocessed_eeg/sub-055/ses-varyingStories06/sub-055_ses-varyingStories06_task-listeningActive_run-01_desc-preproc-audio-audiobook_1_eeg.npy,/home/fanyu/auditory_simulation_m6a/pub_01/s06/sparrkulee_v3.1/raw/derivatives/preprocessed_stimuli/audiobook_1_envelope.npy,audiobook_1,PUBLISHER_MAPPING_AND_COMMON_OVERLAP,PASS_WITH_LIMITATION,WITHIN_3S_ADVISORY; data_dict=PASS_STIMULUS_PROVENANCE; historical_generator_UNKNOWN
SparrKULee,sub-055_ses-varyingStories06_task-listeningActive_run-02_desc-preproc-audio-podcast_20_eeg.npy,/home/fanyu/auditory_simulation_m6a/pub_01/s06/sparrkulee_v3.1/raw/derivatives/preprocessed_eeg/sub-055/ses-varyingStories06/sub-055_ses-varyingStories06_task-listeningActive_run-02_desc-preproc-audio-podcast_20_eeg.npy,/home/fanyu/auditory_simulation_m6a/pub_01/s06/sparrkulee_v3.1/raw/derivatives/preprocessed_stimuli/podcast_20_envelope.npy,podcast_20,PUBLISHER_MAPPING_AND_COMMON_OVERLAP,PASS_WITH_LIMITATION,WITHIN_3S_ADVISORY; data_dict=PASS_STIMULUS_PROVENANCE; historical_generator_UNKNOWN
SparrKULee,sub-055_ses-varyingStories06_task-listeningActive_run-03_desc-preproc-audio-audiobook_12_1_eeg.npy,/home/fanyu/auditory_simulation_m6a/pub_01/s06/sparrkulee_v3.1/raw/derivatives/preprocessed_eeg/sub-055/ses-varyingStories06/sub-055_ses-varyingStories06_task-listeningActive_run-03_desc-preproc-audio-audiobook_12_1_eeg.npy,/home/fanyu/auditory_simulation_m6a/pub_01/s06/sparrkulee_v3.1/raw/derivatives/preprocessed_stimuli/audiobook_12_1_envelope.npy,audiobook_12_1,PUBLISHER_MAPPING_AND_COMMON_OVERLAP,PASS_WITH_LIMITATION,WITHIN_3S_ADVISORY; data_dict=PASS_STIMULUS_PROVENANCE; historical_generator_UNKNOWN
SparrKULee,sub-055_ses-varyingStories06_task-listeningActive_run-04_desc-preproc-audio-audiobook_12_2_eeg.npy,/home/fanyu/auditory_simulation_m6a/pub_01/s06/sparrkulee_v3.1/raw/derivatives/preprocessed_eeg/sub-055/ses-varyingStories06/sub-055_ses-varyingStories06_task-listeningActive_run-04_desc-preproc-audio-audiobook_12_2_eeg.npy,/home/fanyu/auditory_simulation_m6a/pub_01/s06/sparrkulee_v3.1/raw/derivatives/preprocessed_stimuli/audiobook_12_2_envelope.npy,audiobook_12_2,PUBLISHER_MAPPING_AND_COMMON_OVERLAP,PASS_WITH_LIMITATION,WITHIN_3S_ADVISORY; data_dict=PASS_STIMULUS_PROVENANCE; historical_generator_UNKNOWN
SparrKULee,sub-055_ses-varyingStories06_task-listeningActive_run-06_desc-preproc-audio-podcast_21_eeg.npy,/home/fanyu/auditory_simulation_m6a/pub_01/s06/sparrkulee_v3.1/raw/derivatives/preprocessed_eeg/sub-055/ses-varyingStories06/sub-055_ses-varyingStories06_task-listeningActive_run-06_desc-preproc-audio-podcast_21_eeg.npy,/home/fanyu/auditory_simulation_m6a/pub_01/s06/sparrkulee_v3.1/raw/derivatives/preprocessed_stimuli/podcast_21_envelope.npy,podcast_21,PUBLISHER_MAPPING_AND_COMMON_OVERLAP,PASS_WITH_LIMITATION,WITHIN_3S_ADVISORY; data_dict=PASS_STIMULUS_PROVENANCE; historical_generator_UNKNOWN
SparrKULee,sub-055_ses-varyingStories06_task-listeningActive_run-07_desc-preproc-audio-podcast_23_eeg.npy,/home/fanyu/auditory_simulation_m6a/pub_01/s06/sparrkulee_v3.1/raw/derivatives/preprocessed_eeg/sub-055/ses-varyingStories06/sub-055_ses-varyingStories06_task-listeningActive_run-07_desc-preproc-audio-podcast_23_eeg.npy,/home/fanyu/auditory_simulation_m6a/pub_01/s06/sparrkulee_v3.1/raw/derivatives/preprocessed_stimuli/podcast_23_envelope.npy,podcast_23,PUBLISHER_MAPPING_AND_COMMON_OVERLAP,PASS_WITH_LIMITATION,WITHIN_3S_ADVISORY; data_dict=PASS_STIMULUS_PROVENANCE; historical_generator_UNKNOWN
SparrKULee,sub-055_ses-varyingStories06_task-listeningActive_run-09_desc-preproc-audio-podcast_22_eeg.npy,/home/fanyu/auditory_simulation_m6a/pub_01/s06/sparrkulee_v3.1/raw/derivatives/preprocessed_eeg/sub-055/ses-varyingStories06/sub-055_ses-varyingStories06_task-listeningActive_run-09_desc-preproc-audio-podcast_22_eeg.npy,/home/fanyu/auditory_simulation_m6a/pub_01/s06/sparrkulee_v3.1/raw/derivatives/preprocessed_stimuli/podcast_22_envelope.npy,podcast_22,PUBLISHER_MAPPING_AND_COMMON_OVERLAP,PASS_WITH_LIMITATION,WITHIN_3S_ADVISORY; data_dict=PASS_STIMULUS_PROVENANCE; historical_generator_UNKNOWN
SparrKULee,sub-056_ses-varyingStories06_task-listeningActive_run-01_desc-preproc-audio-podcast_23_eeg.npy,/home/fanyu/auditory_simulation_m6a/pub_01/s06/sparrkulee_v3.1/raw/derivatives/preprocessed_eeg/sub-056/ses-varyingStories06/sub-056_ses-varyingStories06_task-listeningActive_run-01_desc-preproc-audio-podcast_23_eeg.npy,/home/fanyu/auditory_simulation_m6a/pub_01/s06/sparrkulee_v3.1/raw/derivatives/preprocessed_stimuli/podcast_23_envelope.npy,podcast_23,PUBLISHER_MAPPING_AND_COMMON_OVERLAP,PASS_WITH_LIMITATION,WITHIN_3S_ADVISORY; data_dict=PASS_STIMULUS_PROVENANCE; historical_generator_UNKNOWN
SparrKULee,sub-056_ses-varyingStories06_task-listeningActive_run-02_desc-preproc-audio-audiobook_1_eeg.npy,/home/fanyu/auditory_simulation_m6a/pub_01/s06/sparrkulee_v3.1/raw/derivatives/preprocessed_eeg/sub-056/ses-varyingStories06/sub-056_ses-varyingStories06_task-listeningActive_run-02_desc-preproc-audio-audiobook_1_eeg.npy,/home/fanyu/auditory_simulation_m6a/pub_01/s06/sparrkulee_v3.1/raw/derivatives/preprocessed_stimuli/audiobook_1_envelope.npy,audiobook_1,PUBLISHER_MAPPING_AND_COMMON_OVERLAP,PASS_WITH_LIMITATION,WITHIN_3S_ADVISORY; data_dict=PASS_STIMULUS_PROVENANCE; historical_generator_UNKNOWN
SparrKULee,sub-056_ses-varyingStories06_task-listeningActive_run-03_desc-preproc-audio-podcast_22_eeg.npy,/home/fanyu/auditory_simulation_m6a/pub_01/s06/sparrkulee_v3.1/raw/derivatives/preprocessed_eeg/sub-056/ses-varyingStories06/sub-056_ses-varyingStories06_task-listeningActive_run-03_desc-preproc-audio-podcast_22_eeg.npy,/home/fanyu/auditory_simulation_m6a/pub_01/s06/sparrkulee_v3.1/raw/derivatives/preprocessed_stimuli/podcast_22_envelope.npy,podcast_22,PUBLISHER_MAPPING_AND_COMMON_OVERLAP,PASS_WITH_LIMITATION,WITHIN_3S_ADVISORY; data_dict=PASS_STIMULUS_PROVENANCE; historical_generator_UNKNOWN
SparrKULee,sub-056_ses-varyingStories06_task-listeningActive_run-04_desc-preproc-audio-podcast_20_eeg.npy,/home/fanyu/auditory_simulation_m6a/pub_01/s06/sparrkulee_v3.1/raw/derivatives/preprocessed_eeg/sub-056/ses-varyingStories06/sub-056_ses-varyingStories06_task-listeningActive_run-04_desc-preproc-audio-podcast_20_eeg.npy,/home/fanyu/auditory_simulation_m6a/pub_01/s06/sparrkulee_v3.1/raw/derivatives/preprocessed_stimuli/podcast_20_envelope.npy,podcast_20,PUBLISHER_MAPPING_AND_COMMON_OVERLAP,PASS_WITH_LIMITATION,WITHIN_3S_ADVISORY; data_dict=PASS_STIMULUS_PROVENANCE; historical_generator_UNKNOWN
SparrKULee,sub-056_ses-varyingStories06_task-listeningActive_run-05_desc-preproc-audio-audiobook_12_1_eeg.npy,/home/fanyu/auditory_simulation_m6a/pub_01/s06/sparrkulee_v3.1/raw/derivatives/preprocessed_eeg/sub-056/ses-varyingStories06/sub-056_ses-varyingStories06_task-listeningActive_run-05_desc-preproc-audio-audiobook_12_1_eeg.npy,/home/fanyu/auditory_simulation_m6a/pub_01/s06/sparrkulee_v3.1/raw/derivatives/preprocessed_stimuli/audiobook_12_1_envelope.npy,audiobook_12_1,PUBLISHER_MAPPING_AND_COMMON_OVERLAP,PASS_WITH_LIMITATION,WITHIN_3S_ADVISORY; data_dict=PASS_STIMULUS_PROVENANCE; historical_generator_UNKNOWN
SparrKULee,sub-056_ses-varyingStories06_task-listeningActive_run-06_desc-preproc-audio-audiobook_12_2_eeg.npy,/home/fanyu/auditory_simulation_m6a/pub_01/s06/sparrkulee_v3.1/raw/derivatives/preprocessed_eeg/sub-056/ses-varyingStories06/sub-056_ses-varyingStories06_task-listeningActive_run-06_desc-preproc-audio-audiobook_12_2_eeg.npy,/home/fanyu/auditory_simulation_m6a/pub_01/s06/sparrkulee_v3.1/raw/derivatives/preprocessed_stimuli/audiobook_12_2_envelope.npy,audiobook_12_2,PUBLISHER_MAPPING_AND_COMMON_OVERLAP,PASS_WITH_LIMITATION,WITHIN_3S_ADVISORY; data_dict=PASS_STIMULUS_PROVENANCE; historical_generator_UNKNOWN
SparrKULee,sub-056_ses-varyingStories06_task-listeningActive_run-08_desc-preproc-audio-podcast_21_eeg.npy,/home/fanyu/auditory_simulation_m6a/pub_01/s06/sparrkulee_v3.1/raw/derivatives/preprocessed_eeg/sub-056/ses-varyingStories06/sub-056_ses-varyingStories06_task-listeningActive_run-08_desc-preproc-audio-podcast_21_eeg.npy,/home/fanyu/auditory_simulation_m6a/pub_01/s06/sparrkulee_v3.1/raw/derivatives/preprocessed_stimuli/podcast_21_envelope.npy,podcast_21,PUBLISHER_MAPPING_AND_COMMON_OVERLAP,PASS_WITH_LIMITATION,WITHIN_3S_ADVISORY; data_dict=PASS_STIMULUS_PROVENANCE; historical_generator_UNKNOWN
SparrKULee,sub-057_ses-varyingStories07_task-listeningActive_run-01_desc-preproc-audio-podcast_27_eeg.npy,/home/fanyu/auditory_simulation_m6a/pub_01/s06/sparrkulee_v3.1/raw/derivatives/preprocessed_eeg/sub-057/ses-varyingStories07/sub-057_ses-varyingStories07_task-listeningActive_run-01_desc-preproc-audio-podcast_27_eeg.npy,/home/fanyu/auditory_simulation_m6a/pub_01/s06/sparrkulee_v3.1/raw/derivatives/preprocessed_stimuli/podcast_27_envelope.npy,podcast_27,PUBLISHER_MAPPING_AND_COMMON_OVERLAP,PASS_WITH_LIMITATION,WITHIN_3S_ADVISORY; data_dict=PASS_STIMULUS_PROVENANCE; historical_generator_UNKNOWN
SparrKULee,sub-057_ses-varyingStories07_task-listeningActive_run-02_desc-preproc-audio-audiobook_1_eeg.npy,/home/fanyu/auditory_simulation_m6a/pub_01/s06/sparrkulee_v3.1/raw/derivatives/preprocessed_eeg/sub-057/ses-varyingStories07/sub-057_ses-varyingStories07_task-listeningActive_run-02_desc-preproc-audio-audiobook_1_eeg.npy,/home/fanyu/auditory_simulation_m6a/pub_01/s06/sparrkulee_v3.1/raw/derivatives/preprocessed_stimuli/audiobook_1_envelope.npy,audiobook_1,PUBLISHER_MAPPING_AND_COMMON_OVERLAP,PASS_WITH_LIMITATION,WITHIN_3S_ADVISORY; data_dict=PASS_STIMULUS_PROVENANCE; historical_generator_UNKNOWN
SparrKULee,sub-057_ses-varyingStories07_task-listeningActive_run-04_desc-preproc-audio-podcast_24_eeg.npy,/home/fanyu/auditory_simulation_m6a/pub_01/s06/sparrkulee_v3.1/raw/derivatives/preprocessed_eeg/sub-057/ses-varyingStories07/sub-057_ses-varyingStories07_task-listeningActive_run-04_desc-preproc-audio-podcast_24_eeg.npy,/home/fanyu/auditory_simulation_m6a/pub_01/s06/sparrkulee_v3.1/raw/derivatives/preprocessed_stimuli/podcast_24_envelope.npy,podcast_24,PUBLISHER_MAPPING_AND_COMMON_OVERLAP,PASS_WITH_LIMITATION,WITHIN_3S_ADVISORY; data_dict=PASS_STIMULUS_PROVENANCE; historical_generator_UNKNOWN
SparrKULee,sub-057_ses-varyingStories07_task-listeningActive_run-05_desc-preproc-audio-podcast_26_eeg.npy,/home/fanyu/auditory_simulation_m6a/pub_01/s06/sparrkulee_v3.1/raw/derivatives/preprocessed_eeg/sub-057/ses-varyingStories07/sub-057_ses-varyingStories07_task-listeningActive_run-05_desc-preproc-audio-podcast_26_eeg.npy,/home/fanyu/auditory_simulation_m6a/pub_01/s06/sparrkulee_v3.1/raw/derivatives/preprocessed_stimuli/podcast_26_envelope.npy,podcast_26,PUBLISHER_MAPPING_AND_COMMON_OVERLAP,PASS_WITH_LIMITATION,WITHIN_3S_ADVISORY; data_dict=PASS_STIMULUS_PROVENANCE; historical_generator_UNKNOWN
SparrKULee,sub-057_ses-varyingStories07_task-listeningActive_run-06_desc-preproc-audio-audiobook_13_1_eeg.npy,/home/fanyu/auditory_simulation_m6a/pub_01/s06/sparrkulee_v3.1/raw/derivatives/preprocessed_eeg/sub-057/ses-varyingStories07/sub-057_ses-varyingStories07_task-listeningActive_run-06_desc-preproc-audio-audiobook_13_1_eeg.npy,/home/fanyu/auditory_simulation_m6a/pub_01/s06/sparrkulee_v3.1/raw/derivatives/preprocessed_stimuli/audiobook_13_1_envelope.npy,audiobook_13_1,PUBLISHER_MAPPING_AND_COMMON_OVERLAP,PASS_WITH_LIMITATION,WITHIN_3S_ADVISORY; data_dict=PASS_STIMULUS_PROVENANCE; historical_generator_UNKNOWN
SparrKULee,sub-057_ses-varyingStories07_task-listeningActive_run-07_desc-preproc-audio-audiobook_13_2_eeg.npy,/home/fanyu/auditory_simulation_m6a/pub_01/s06/sparrkulee_v3.1/raw/derivatives/preprocessed_eeg/sub-057/ses-varyingStories07/sub-057_ses-varyingStories07_task-listeningActive_run-07_desc-preproc-audio-audiobook_13_2_eeg.npy,/home/fanyu/auditory_simulation_m6a/pub_01/s06/sparrkulee_v3.1/raw/derivatives/preprocessed_stimuli/audiobook_13_2_envelope.npy,audiobook_13_2,PUBLISHER_MAPPING_AND_COMMON_OVERLAP,PASS_WITH_LIMITATION,WITHIN_3S_ADVISORY; data_dict=PASS_STIMULUS_PROVENANCE; historical_generator_UNKNOWN
SparrKULee,sub-057_ses-varyingStories07_task-listeningActive_run-08_desc-preproc-audio-podcast_25_eeg.npy,/home/fanyu/auditory_simulation_m6a/pub_01/s06/sparrkulee_v3.1/raw/derivatives/preprocessed_eeg/sub-057/ses-varyingStories07/sub-057_ses-varyingStories07_task-listeningActive_run-08_desc-preproc-audio-podcast_25_eeg.npy,/home/fanyu/auditory_simulation_m6a/pub_01/s06/sparrkulee_v3.1/raw/derivatives/preprocessed_stimuli/podcast_25_envelope.npy,podcast_25,PUBLISHER_MAPPING_AND_COMMON_OVERLAP,PASS_WITH_LIMITATION,WITHIN_3S_ADVISORY; data_dict=PASS_STIMULUS_PROVENANCE; historical_generator_UNKNOWN
SparrKULee,sub-058_ses-varyingStories07_task-listeningActive_run-01_desc-preproc-audio-audiobook_1_eeg.npy,/home/fanyu/auditory_simulation_m6a/pub_01/s06/sparrkulee_v3.1/raw/derivatives/preprocessed_eeg/sub-058/ses-varyingStories07/sub-058_ses-varyingStories07_task-listeningActive_run-01_desc-preproc-audio-audiobook_1_eeg.npy,/home/fanyu/auditory_simulation_m6a/pub_01/s06/sparrkulee_v3.1/raw/derivatives/preprocessed_stimuli/audiobook_1_envelope.npy,audiobook_1,PUBLISHER_MAPPING_AND_COMMON_OVERLAP,PASS_WITH_LIMITATION,WITHIN_3S_ADVISORY; data_dict=PASS_STIMULUS_PROVENANCE; historical_generator_UNKNOWN
SparrKULee,sub-058_ses-varyingStories07_task-listeningActive_run-03_desc-preproc-audio-audiobook_13_1_eeg.npy,/home/fanyu/auditory_simulation_m6a/pub_01/s06/sparrkulee_v3.1/raw/derivatives/preprocessed_eeg/sub-058/ses-varyingStories07/sub-058_ses-varyingStories07_task-listeningActive_run-03_desc-preproc-audio-audiobook_13_1_eeg.npy,/home/fanyu/auditory_simulation_m6a/pub_01/s06/sparrkulee_v3.1/raw/derivatives/preprocessed_stimuli/audiobook_13_1_envelope.npy,audiobook_13_1,PUBLISHER_MAPPING_AND_COMMON_OVERLAP,PASS_WITH_LIMITATION,WITHIN_3S_ADVISORY; data_dict=PASS_STIMULUS_PROVENANCE; historical_generator_UNKNOWN
SparrKULee,sub-058_ses-varyingStories07_task-listeningActive_run-04_desc-preproc-audio-audiobook_13_2_eeg.npy,/home/fanyu/auditory_simulation_m6a/pub_01/s06/sparrkulee_v3.1/raw/derivatives/preprocessed_eeg/sub-058/ses-varyingStories07/sub-058_ses-varyingStories07_task-listeningActive_run-04_desc-preproc-audio-audiobook_13_2_eeg.npy,/home/fanyu/auditory_simulation_m6a/pub_01/s06/sparrkulee_v3.1/raw/derivatives/preprocessed_stimuli/audiobook_13_2_envelope.npy,audiobook_13_2,PUBLISHER_MAPPING_AND_COMMON_OVERLAP,PASS_WITH_LIMITATION,WITHIN_3S_ADVISORY; data_dict=PASS_STIMULUS_PROVENANCE; historical_generator_UNKNOWN
SparrKULee,sub-058_ses-varyingStories07_task-listeningActive_run-05_desc-preproc-audio-podcast_27_eeg.npy,/home/fanyu/auditory_simulation_m6a/pub_01/s06/sparrkulee_v3.1/raw/derivatives/preprocessed_eeg/sub-058/ses-varyingStories07/sub-058_ses-varyingStories07_task-listeningActive_run-05_desc-preproc-audio-podcast_27_eeg.npy,/home/fanyu/auditory_simulation_m6a/pub_01/s06/sparrkulee_v3.1/raw/derivatives/preprocessed_stimuli/podcast_27_envelope.npy,podcast_27,PUBLISHER_MAPPING_AND_COMMON_OVERLAP,PASS_WITH_LIMITATION,WITHIN_3S_ADVISORY; data_dict=PASS_STIMULUS_PROVENANCE; historical_generator_UNKNOWN
SparrKULee,sub-058_ses-varyingStories07_task-listeningActive_run-07_desc-preproc-audio-podcast_24_eeg.npy,/home/fanyu/auditory_simulation_m6a/pub_01/s06/sparrkulee_v3.1/raw/derivatives/preprocessed_eeg/sub-058/ses-varyingStories07/sub-058_ses-varyingStories07_task-listeningActive_run-07_desc-preproc-audio-podcast_24_eeg.npy,/home/fanyu/auditory_simulation_m6a/pub_01/s06/sparrkulee_v3.1/raw/derivatives/preprocessed_stimuli/podcast_24_envelope.npy,podcast_24,PUBLISHER_MAPPING_AND_COMMON_OVERLAP,PASS_WITH_LIMITATION,WITHIN_3S_ADVISORY; data_dict=PASS_STIMULUS_PROVENANCE; historical_generator_UNKNOWN
SparrKULee,sub-058_ses-varyingStories07_task-listeningActive_run-08_desc-preproc-audio-podcast_26_eeg.npy,/home/fanyu/auditory_simulation_m6a/pub_01/s06/sparrkulee_v3.1/raw/derivatives/preprocessed_eeg/sub-058/ses-varyingStories07/sub-058_ses-varyingStories07_task-listeningActive_run-08_desc-preproc-audio-podcast_26_eeg.npy,/home/fanyu/auditory_simulation_m6a/pub_01/s06/sparrkulee_v3.1/raw/derivatives/preprocessed_stimuli/podcast_26_envelope.npy,podcast_26,PUBLISHER_MAPPING_AND_COMMON_OVERLAP,PASS_WITH_LIMITATION,WITHIN_3S_ADVISORY; data_dict=PASS_STIMULUS_PROVENANCE; historical_generator_UNKNOWN
SparrKULee,sub-058_ses-varyingStories07_task-listeningActive_run-09_desc-preproc-audio-podcast_25_eeg.npy,/home/fanyu/auditory_simulation_m6a/pub_01/s06/sparrkulee_v3.1/raw/derivatives/preprocessed_eeg/sub-058/ses-varyingStories07/sub-058_ses-varyingStories07_task-listeningActive_run-09_desc-preproc-audio-podcast_25_eeg.npy,/home/fanyu/auditory_simulation_m6a/pub_01/s06/sparrkulee_v3.1/raw/derivatives/preprocessed_stimuli/podcast_25_envelope.npy,podcast_25,PUBLISHER_MAPPING_AND_COMMON_OVERLAP,PASS_WITH_LIMITATION,WITHIN_3S_ADVISORY; data_dict=PASS_STIMULUS_PROVENANCE; historical_generator_UNKNOWN
SparrKULee,sub-059_ses-varyingStories07_task-listeningActive_run-01_desc-preproc-audio-podcast_25_eeg.npy,/home/fanyu/auditory_simulation_m6a/pub_01/s06/sparrkulee_v3.1/raw/derivatives/preprocessed_eeg/sub-059/ses-varyingStories07/sub-059_ses-varyingStories07_task-listeningActive_run-01_desc-preproc-audio-podcast_25_eeg.npy,/home/fanyu/auditory_simulation_m6a/pub_01/s06/sparrkulee_v3.1/raw/derivatives/preprocessed_stimuli/podcast_25_envelope.npy,podcast_25,PUBLISHER_MAPPING_AND_COMMON_OVERLAP,PASS_WITH_LIMITATION,WITHIN_3S_ADVISORY; data_dict=PASS_STIMULUS_PROVENANCE; historical_generator_UNKNOWN
SparrKULee,sub-059_ses-varyingStories07_task-listeningActive_run-02_desc-preproc-audio-podcast_27_eeg.npy,/home/fanyu/auditory_simulation_m6a/pub_01/s06/sparrkulee_v3.1/raw/derivatives/preprocessed_eeg/sub-059/ses-varyingStories07/sub-059_ses-varyingStories07_task-listeningActive_run-02_desc-preproc-audio-podcast_27_eeg.npy,/home/fanyu/auditory_simulation_m6a/pub_01/s06/sparrkulee_v3.1/raw/derivatives/preprocessed_stimuli/podcast_27_envelope.npy,podcast_27,PUBLISHER_MAPPING_AND_COMMON_OVERLAP,PASS_WITH_LIMITATION,WITHIN_3S_ADVISORY; data_dict=PASS_STIMULUS_PROVENANCE; historical_generator_UNKNOWN
SparrKULee,sub-059_ses-varyingStories07_task-listeningActive_run-03_desc-preproc-audio-audiobook_13_1_eeg.npy,/home/fanyu/auditory_simulation_m6a/pub_01/s06/sparrkulee_v3.1/raw/derivatives/preprocessed_eeg/sub-059/ses-varyingStories07/sub-059_ses-varyingStories07_task-listeningActive_run-03_desc-preproc-audio-audiobook_13_1_eeg.npy,/home/fanyu/auditory_simulation_m6a/pub_01/s06/sparrkulee_v3.1/raw/derivatives/preprocessed_stimuli/audiobook_13_1_envelope.npy,audiobook_13_1,PUBLISHER_MAPPING_AND_COMMON_OVERLAP,PASS_WITH_LIMITATION,WITHIN_3S_ADVISORY; data_dict=PASS_STIMULUS_PROVENANCE; historical_generator_UNKNOWN
SparrKULee,sub-059_ses-varyingStories07_task-listeningActive_run-04_desc-preproc-audio-audiobook_13_2_eeg.npy,/home/fanyu/auditory_simulation_m6a/pub_01/s06/sparrkulee_v3.1/raw/derivatives/preprocessed_eeg/sub-059/ses-varyingStories07/sub-059_ses-varyingStories07_task-listeningActive_run-04_desc-preproc-audio-audiobook_13_2_eeg.npy,/home/fanyu/auditory_simulation_m6a/pub_01/s06/sparrkulee_v3.1/raw/derivatives/preprocessed_stimuli/audiobook_13_2_envelope.npy,audiobook_13_2,PUBLISHER_MAPPING_AND_COMMON_OVERLAP,PASS_WITH_LIMITATION,WITHIN_3S_ADVISORY; data_dict=PASS_STIMULUS_PROVENANCE; historical_generator_UNKNOWN
SparrKULee,sub-059_ses-varyingStories07_task-listeningActive_run-06_desc-preproc-audio-audiobook_1_eeg.npy,/home/fanyu/auditory_simulation_m6a/pub_01/s06/sparrkulee_v3.1/raw/derivatives/preprocessed_eeg/sub-059/ses-varyingStories07/sub-059_ses-varyingStories07_task-listeningActive_run-06_desc-preproc-audio-audiobook_1_eeg.npy,/home/fanyu/auditory_simulation_m6a/pub_01/s06/sparrkulee_v3.1/raw/derivatives/preprocessed_stimuli/audiobook_1_envelope.npy,audiobook_1,PUBLISHER_MAPPING_AND_COMMON_OVERLAP,PASS_WITH_LIMITATION,WITHIN_3S_ADVISORY; data_dict=PASS_STIMULUS_PROVENANCE; historical_generator_UNKNOWN
SparrKULee,sub-059_ses-varyingStories07_task-listeningActive_run-07_desc-preproc-audio-podcast_24_eeg.npy,/home/fanyu/auditory_simulation_m6a/pub_01/s06/sparrkulee_v3.1/raw/derivatives/preprocessed_eeg/sub-059/ses-varyingStories07/sub-059_ses-varyingStories07_task-listeningActive_run-07_desc-preproc-audio-podcast_24_eeg.npy,/home/fanyu/auditory_simulation_m6a/pub_01/s06/sparrkulee_v3.1/raw/derivatives/preprocessed_stimuli/podcast_24_envelope.npy,podcast_24,PUBLISHER_MAPPING_AND_COMMON_OVERLAP,PASS_WITH_LIMITATION,WITHIN_3S_ADVISORY; data_dict=PASS_STIMULUS_PROVENANCE; historical_generator_UNKNOWN
SparrKULee,sub-059_ses-varyingStories07_task-listeningActive_run-08_desc-preproc-audio-podcast_26_eeg.npy,/home/fanyu/auditory_simulation_m6a/pub_01/s06/sparrkulee_v3.1/raw/derivatives/preprocessed_eeg/sub-059/ses-varyingStories07/sub-059_ses-varyingStories07_task-listeningActive_run-08_desc-preproc-audio-podcast_26_eeg.npy,/home/fanyu/auditory_simulation_m6a/pub_01/s06/sparrkulee_v3.1/raw/derivatives/preprocessed_stimuli/podcast_26_envelope.npy,podcast_26,PUBLISHER_MAPPING_AND_COMMON_OVERLAP,PASS_WITH_LIMITATION,WITHIN_3S_ADVISORY; data_dict=PASS_STIMULUS_PROVENANCE; historical_generator_UNKNOWN
SparrKULee,sub-060_ses-varyingStories07_task-listeningActive_run-01_desc-preproc-audio-podcast_25_eeg.npy,/home/fanyu/auditory_simulation_m6a/pub_01/s06/sparrkulee_v3.1/raw/derivatives/preprocessed_eeg/sub-060/ses-varyingStories07/sub-060_ses-varyingStories07_task-listeningActive_run-01_desc-preproc-audio-podcast_25_eeg.npy,/home/fanyu/auditory_simulation_m6a/pub_01/s06/sparrkulee_v3.1/raw/derivatives/preprocessed_stimuli/podcast_25_envelope.npy,podcast_25,PUBLISHER_MAPPING_AND_COMMON_OVERLAP,PASS_WITH_LIMITATION,WITHIN_3S_ADVISORY; data_dict=PASS_STIMULUS_PROVENANCE; historical_generator_UNKNOWN
SparrKULee,sub-060_ses-varyingStories07_task-listeningActive_run-03_desc-preproc-audio-podcast_26_eeg.npy,/home/fanyu/auditory_simulation_m6a/pub_01/s06/sparrkulee_v3.1/raw/derivatives/preprocessed_eeg/sub-060/ses-varyingStories07/sub-060_ses-varyingStories07_task-listeningActive_run-03_desc-preproc-audio-podcast_26_eeg.npy,/home/fanyu/auditory_simulation_m6a/pub_01/s06/sparrkulee_v3.1/raw/derivatives/preprocessed_stimuli/podcast_26_envelope.npy,podcast_26,PUBLISHER_MAPPING_AND_COMMON_OVERLAP,PASS_WITH_LIMITATION,WITHIN_3S_ADVISORY; data_dict=PASS_STIMULUS_PROVENANCE; historical_generator_UNKNOWN
SparrKULee,sub-060_ses-varyingStories07_task-listeningActive_run-04_desc-preproc-audio-podcast_24_eeg.npy,/home/fanyu/auditory_simulation_m6a/pub_01/s06/sparrkulee_v3.1/raw/derivatives/preprocessed_eeg/sub-060/ses-varyingStories07/sub-060_ses-varyingStories07_task-listeningActive_run-04_desc-preproc-audio-podcast_24_eeg.npy,/home/fanyu/auditory_simulation_m6a/pub_01/s06/sparrkulee_v3.1/raw/derivatives/preprocessed_stimuli/podcast_24_envelope.npy,podcast_24,PUBLISHER_MAPPING_AND_COMMON_OVERLAP,PASS_WITH_LIMITATION,WITHIN_3S_ADVISORY; data_dict=PASS_STIMULUS_PROVENANCE; historical_generator_UNKNOWN
SparrKULee,sub-060_ses-varyingStories07_task-listeningActive_run-05_desc-preproc-audio-audiobook_1_eeg.npy,/home/fanyu/auditory_simulation_m6a/pub_01/s06/sparrkulee_v3.1/raw/derivatives/preprocessed_eeg/sub-060/ses-varyingStories07/sub-060_ses-varyingStories07_task-listeningActive_run-05_desc-preproc-audio-audiobook_1_eeg.npy,/home/fanyu/auditory_simulation_m6a/pub_01/s06/sparrkulee_v3.1/raw/derivatives/preprocessed_stimuli/audiobook_1_envelope.npy,audiobook_1,PUBLISHER_MAPPING_AND_COMMON_OVERLAP,PASS_WITH_LIMITATION,WITHIN_3S_ADVISORY; data_dict=PASS_STIMULUS_PROVENANCE; historical_generator_UNKNOWN
SparrKULee,sub-060_ses-varyingStories07_task-listeningActive_run-06_desc-preproc-audio-audiobook_13_1_eeg.npy,/home/fanyu/auditory_simulation_m6a/pub_01/s06/sparrkulee_v3.1/raw/derivatives/preprocessed_eeg/sub-060/ses-varyingStories07/sub-060_ses-varyingStories07_task-listeningActive_run-06_desc-preproc-audio-audiobook_13_1_eeg.npy,/home/fanyu/auditory_simulation_m6a/pub_01/s06/sparrkulee_v3.1/raw/derivatives/preprocessed_stimuli/audiobook_13_1_envelope.npy,audiobook_13_1,PUBLISHER_MAPPING_AND_COMMON_OVERLAP,PASS_WITH_LIMITATION,WITHIN_3S_ADVISORY; data_dict=PASS_STIMULUS_PROVENANCE; historical_generator_UNKNOWN
SparrKULee,sub-060_ses-varyingStories07_task-listeningActive_run-07_desc-preproc-audio-audiobook_13_2_eeg.npy,/home/fanyu/auditory_simulation_m6a/pub_01/s06/sparrkulee_v3.1/raw/derivatives/preprocessed_eeg/sub-060/ses-varyingStories07/sub-060_ses-varyingStories07_task-listeningActive_run-07_desc-preproc-audio-audiobook_13_2_eeg.npy,/home/fanyu/auditory_simulation_m6a/pub_01/s06/sparrkulee_v3.1/raw/derivatives/preprocessed_stimuli/audiobook_13_2_envelope.npy,audiobook_13_2,PUBLISHER_MAPPING_AND_COMMON_OVERLAP,PASS_WITH_LIMITATION,WITHIN_3S_ADVISORY; data_dict=PASS_STIMULUS_PROVENANCE; historical_generator_UNKNOWN
SparrKULee,sub-061_ses-varyingStories07_task-listeningActive_run-01_desc-preproc-audio-audiobook_13_1_eeg.npy,/home/fanyu/auditory_simulation_m6a/pub_01/s06/sparrkulee_v3.1/raw/derivatives/preprocessed_eeg/sub-061/ses-varyingStories07/sub-061_ses-varyingStories07_task-listeningActive_run-01_desc-preproc-audio-audiobook_13_1_eeg.npy,/home/fanyu/auditory_simulation_m6a/pub_01/s06/sparrkulee_v3.1/raw/derivatives/preprocessed_stimuli/audiobook_13_1_envelope.npy,audiobook_13_1,PUBLISHER_MAPPING_AND_COMMON_OVERLAP,PASS_WITH_LIMITATION,WITHIN_3S_ADVISORY; data_dict=PASS_STIMULUS_PROVENANCE; historical_generator_UNKNOWN
SparrKULee,sub-061_ses-varyingStories07_task-listeningActive_run-02_desc-preproc-audio-audiobook_13_2_eeg.npy,/home/fanyu/auditory_simulation_m6a/pub_01/s06/sparrkulee_v3.1/raw/derivatives/preprocessed_eeg/sub-061/ses-varyingStories07/sub-061_ses-varyingStories07_task-listeningActive_run-02_desc-preproc-audio-audiobook_13_2_eeg.npy,/home/fanyu/auditory_simulation_m6a/pub_01/s06/sparrkulee_v3.1/raw/derivatives/preprocessed_stimuli/audiobook_13_2_envelope.npy,audiobook_13_2,PUBLISHER_MAPPING_AND_COMMON_OVERLAP,PASS_WITH_LIMITATION,WITHIN_3S_ADVISORY; data_dict=PASS_STIMULUS_PROVENANCE; historical_generator_UNKNOWN
SparrKULee,sub-061_ses-varyingStories07_task-listeningActive_run-04_desc-preproc-audio-audiobook_1_eeg.npy,/home/fanyu/auditory_simulation_m6a/pub_01/s06/sparrkulee_v3.1/raw/derivatives/preprocessed_eeg/sub-061/ses-varyingStories07/sub-061_ses-varyingStories07_task-listeningActive_run-04_desc-preproc-audio-audiobook_1_eeg.npy,/home/fanyu/auditory_simulation_m6a/pub_01/s06/sparrkulee_v3.1/raw/derivatives/preprocessed_stimuli/audiobook_1_envelope.npy,audiobook_1,PUBLISHER_MAPPING_AND_COMMON_OVERLAP,PASS_WITH_LIMITATION,WITHIN_3S_ADVISORY; data_dict=PASS_STIMULUS_PROVENANCE; historical_generator_UNKNOWN
SparrKULee,sub-061_ses-varyingStories07_task-listeningActive_run-05_desc-preproc-audio-podcast_24_eeg.npy,/home/fanyu/auditory_simulation_m6a/pub_01/s06/sparrkulee_v3.1/raw/derivatives/preprocessed_eeg/sub-061/ses-varyingStories07/sub-061_ses-varyingStories07_task-listeningActive_run-05_desc-preproc-audio-podcast_24_eeg.npy,/home/fanyu/auditory_simulation_m6a/pub_01/s06/sparrkulee_v3.1/raw/derivatives/preprocessed_stimuli/podcast_24_envelope.npy,podcast_24,PUBLISHER_MAPPING_AND_COMMON_OVERLAP,PASS_WITH_LIMITATION,WITHIN_3S_ADVISORY; data_dict=PASS_STIMULUS_PROVENANCE; historical_generator_UNKNOWN
SparrKULee,sub-061_ses-varyingStories07_task-listeningActive_run-07_desc-preproc-audio-podcast_26_eeg.npy,/home/fanyu/auditory_simulation_m6a/pub_01/s06/sparrkulee_v3.1/raw/derivatives/preprocessed_eeg/sub-061/ses-varyingStories07/sub-061_ses-varyingStories07_task-listeningActive_run-07_desc-preproc-audio-podcast_26_eeg.npy,/home/fanyu/auditory_simulation_m6a/pub_01/s06/sparrkulee_v3.1/raw/derivatives/preprocessed_stimuli/podcast_26_envelope.npy,podcast_26,PUBLISHER_MAPPING_AND_COMMON_OVERLAP,PASS_WITH_LIMITATION,WITHIN_3S_ADVISORY; data_dict=PASS_STIMULUS_PROVENANCE; historical_generator_UNKNOWN
SparrKULee,sub-061_ses-varyingStories07_task-listeningActive_run-08_desc-preproc-audio-podcast_27_eeg.npy,/home/fanyu/auditory_simulation_m6a/pub_01/s06/sparrkulee_v3.1/raw/derivatives/preprocessed_eeg/sub-061/ses-varyingStories07/sub-061_ses-varyingStories07_task-listeningActive_run-08_desc-preproc-audio-podcast_27_eeg.npy,/home/fanyu/auditory_simulation_m6a/pub_01/s06/sparrkulee_v3.1/raw/derivatives/preprocessed_stimuli/podcast_27_envelope.npy,podcast_27,PUBLISHER_MAPPING_AND_COMMON_OVERLAP,PASS_WITH_LIMITATION,WITHIN_3S_ADVISORY; data_dict=PASS_STIMULUS_PROVENANCE; historical_generator_UNKNOWN
SparrKULee,sub-061_ses-varyingStories07_task-listeningActive_run-09_desc-preproc-audio-podcast_25_eeg.npy,/home/fanyu/auditory_simulation_m6a/pub_01/s06/sparrkulee_v3.1/raw/derivatives/preprocessed_eeg/sub-061/ses-varyingStories07/sub-061_ses-varyingStories07_task-listeningActive_run-09_desc-preproc-audio-podcast_25_eeg.npy,/home/fanyu/auditory_simulation_m6a/pub_01/s06/sparrkulee_v3.1/raw/derivatives/preprocessed_stimuli/podcast_25_envelope.npy,podcast_25,PUBLISHER_MAPPING_AND_COMMON_OVERLAP,PASS_WITH_LIMITATION,WITHIN_3S_ADVISORY; data_dict=PASS_STIMULUS_PROVENANCE; historical_generator_UNKNOWN
SparrKULee,sub-062_ses-varyingStories07_task-listeningActive_run-02_desc-preproc-audio-audiobook_1_eeg.npy,/home/fanyu/auditory_simulation_m6a/pub_01/s06/sparrkulee_v3.1/raw/derivatives/preprocessed_eeg/sub-062/ses-varyingStories07/sub-062_ses-varyingStories07_task-listeningActive_run-02_desc-preproc-audio-audiobook_1_eeg.npy,/home/fanyu/auditory_simulation_m6a/pub_01/s06/sparrkulee_v3.1/raw/derivatives/preprocessed_stimuli/audiobook_1_envelope.npy,audiobook_1,PUBLISHER_MAPPING_AND_COMMON_OVERLAP,PASS_WITH_LIMITATION,WITHIN_3S_ADVISORY; data_dict=PASS_STIMULUS_PROVENANCE; historical_generator_UNKNOWN
SparrKULee,sub-062_ses-varyingStories07_task-listeningActive_run-03_desc-preproc-audio-podcast_24_eeg.npy,/home/fanyu/auditory_simulation_m6a/pub_01/s06/sparrkulee_v3.1/raw/derivatives/preprocessed_eeg/sub-062/ses-varyingStories07/sub-062_ses-varyingStories07_task-listeningActive_run-03_desc-preproc-audio-podcast_24_eeg.npy,/home/fanyu/auditory_simulation_m6a/pub_01/s06/sparrkulee_v3.1/raw/derivatives/preprocessed_stimuli/podcast_24_envelope.npy,podcast_24,PUBLISHER_MAPPING_AND_COMMON_OVERLAP,PASS_WITH_LIMITATION,WITHIN_3S_ADVISORY; data_dict=PASS_STIMULUS_PROVENANCE; historical_generator_UNKNOWN
SparrKULee,sub-062_ses-varyingStories07_task-listeningActive_run-04_desc-preproc-audio-podcast_26_eeg.npy,/home/fanyu/auditory_simulation_m6a/pub_01/s06/sparrkulee_v3.1/raw/derivatives/preprocessed_eeg/sub-062/ses-varyingStories07/sub-062_ses-varyingStories07_task-listeningActive_run-04_desc-preproc-audio-podcast_26_eeg.npy,/home/fanyu/auditory_simulation_m6a/pub_01/s06/sparrkulee_v3.1/raw/derivatives/preprocessed_stimuli/podcast_26_envelope.npy,podcast_26,PUBLISHER_MAPPING_AND_COMMON_OVERLAP,PASS_WITH_LIMITATION,WITHIN_3S_ADVISORY; data_dict=PASS_STIMULUS_PROVENANCE; historical_generator_UNKNOWN
SparrKULee,sub-062_ses-varyingStories07_task-listeningActive_run-05_desc-preproc-audio-audiobook_13_1_eeg.npy,/home/fanyu/auditory_simulation_m6a/pub_01/s06/sparrkulee_v3.1/raw/derivatives/preprocessed_eeg/sub-062/ses-varyingStories07/sub-062_ses-varyingStories07_task-listeningActive_run-05_desc-preproc-audio-audiobook_13_1_eeg.npy,/home/fanyu/auditory_simulation_m6a/pub_01/s06/sparrkulee_v3.1/raw/derivatives/preprocessed_stimuli/audiobook_13_1_envelope.npy,audiobook_13_1,PUBLISHER_MAPPING_AND_COMMON_OVERLAP,PASS_WITH_LIMITATION,WITHIN_3S_ADVISORY; data_dict=PASS_STIMULUS_PROVENANCE; historical_generator_UNKNOWN
SparrKULee,sub-062_ses-varyingStories07_task-listeningActive_run-06_desc-preproc-audio-audiobook_13_2_eeg.npy,/home/fanyu/auditory_simulation_m6a/pub_01/s06/sparrkulee_v3.1/raw/derivatives/preprocessed_eeg/sub-062/ses-varyingStories07/sub-062_ses-varyingStories07_task-listeningActive_run-06_desc-preproc-audio-audiobook_13_2_eeg.npy,/home/fanyu/auditory_simulation_m6a/pub_01/s06/sparrkulee_v3.1/raw/derivatives/preprocessed_stimuli/audiobook_13_2_envelope.npy,audiobook_13_2,PUBLISHER_MAPPING_AND_COMMON_OVERLAP,PASS_WITH_LIMITATION,WITHIN_3S_ADVISORY; data_dict=PASS_STIMULUS_PROVENANCE; historical_generator_UNKNOWN
SparrKULee,sub-062_ses-varyingStories07_task-listeningActive_run-08_desc-preproc-audio-podcast_25_eeg.npy,/home/fanyu/auditory_simulation_m6a/pub_01/s06/sparrkulee_v3.1/raw/derivatives/preprocessed_eeg/sub-062/ses-varyingStories07/sub-062_ses-varyingStories07_task-listeningActive_run-08_desc-preproc-audio-podcast_25_eeg.npy,/home/fanyu/auditory_simulation_m6a/pub_01/s06/sparrkulee_v3.1/raw/derivatives/preprocessed_stimuli/podcast_25_envelope.npy,podcast_25,PUBLISHER_MAPPING_AND_COMMON_OVERLAP,PASS_WITH_LIMITATION,WITHIN_3S_ADVISORY; data_dict=PASS_STIMULUS_PROVENANCE; historical_generator_UNKNOWN
SparrKULee,sub-062_ses-varyingStories07_task-listeningActive_run-09_desc-preproc-audio-podcast_27_eeg.npy,/home/fanyu/auditory_simulation_m6a/pub_01/s06/sparrkulee_v3.1/raw/derivatives/preprocessed_eeg/sub-062/ses-varyingStories07/sub-062_ses-varyingStories07_task-listeningActive_run-09_desc-preproc-audio-podcast_27_eeg.npy,/home/fanyu/auditory_simulation_m6a/pub_01/s06/sparrkulee_v3.1/raw/derivatives/preprocessed_stimuli/podcast_27_envelope.npy,podcast_27,PUBLISHER_MAPPING_AND_COMMON_OVERLAP,PASS_WITH_LIMITATION,WITHIN_3S_ADVISORY; data_dict=PASS_STIMULUS_PROVENANCE; historical_generator_UNKNOWN
SparrKULee,sub-063_ses-varyingStories08_task-listeningActive_run-02_desc-preproc-audio-audiobook_14_1_eeg.npy,/home/fanyu/auditory_simulation_m6a/pub_01/s06/sparrkulee_v3.1/raw/derivatives/preprocessed_eeg/sub-063/ses-varyingStories08/sub-063_ses-varyingStories08_task-listeningActive_run-02_desc-preproc-audio-audiobook_14_1_eeg.npy,/home/fanyu/auditory_simulation_m6a/pub_01/s06/sparrkulee_v3.1/raw/derivatives/preprocessed_stimuli/audiobook_14_1_envelope.npy,audiobook_14_1,PUBLISHER_MAPPING_AND_COMMON_OVERLAP,PASS_WITH_LIMITATION,WITHIN_3S_ADVISORY; data_dict=PASS_STIMULUS_PROVENANCE; historical_generator_UNKNOWN
SparrKULee,sub-063_ses-varyingStories08_task-listeningActive_run-03_desc-preproc-audio-audiobook_14_2_eeg.npy,/home/fanyu/auditory_simulation_m6a/pub_01/s06/sparrkulee_v3.1/raw/derivatives/preprocessed_eeg/sub-063/ses-varyingStories08/sub-063_ses-varyingStories08_task-listeningActive_run-03_desc-preproc-audio-audiobook_14_2_eeg.npy,/home/fanyu/auditory_simulation_m6a/pub_01/s06/sparrkulee_v3.1/raw/derivatives/preprocessed_stimuli/audiobook_14_2_envelope.npy,audiobook_14_2,PUBLISHER_MAPPING_AND_COMMON_OVERLAP,PASS_WITH_LIMITATION,WITHIN_3S_ADVISORY; data_dict=PASS_STIMULUS_PROVENANCE; historical_generator_UNKNOWN
SparrKULee,sub-063_ses-varyingStories08_task-listeningActive_run-04_desc-preproc-audio-podcast_28_eeg.npy,/home/fanyu/auditory_simulation_m6a/pub_01/s06/sparrkulee_v3.1/raw/derivatives/preprocessed_eeg/sub-063/ses-varyingStories08/sub-063_ses-varyingStories08_task-listeningActive_run-04_desc-preproc-audio-podcast_28_eeg.npy,/home/fanyu/auditory_simulation_m6a/pub_01/s06/sparrkulee_v3.1/raw/derivatives/preprocessed_stimuli/podcast_28_envelope.npy,podcast_28,PUBLISHER_MAPPING_AND_COMMON_OVERLAP,PASS_WITH_LIMITATION,WITHIN_3S_ADVISORY; data_dict=PASS_STIMULUS_PROVENANCE; historical_generator_UNKNOWN
SparrKULee,sub-063_ses-varyingStories08_task-listeningActive_run-05_desc-preproc-audio-audiobook_1_eeg.npy,/home/fanyu/auditory_simulation_m6a/pub_01/s06/sparrkulee_v3.1/raw/derivatives/preprocessed_eeg/sub-063/ses-varyingStories08/sub-063_ses-varyingStories08_task-listeningActive_run-05_desc-preproc-audio-audiobook_1_eeg.npy,/home/fanyu/auditory_simulation_m6a/pub_01/s06/sparrkulee_v3.1/raw/derivatives/preprocessed_stimuli/audiobook_1_envelope.npy,audiobook_1,PUBLISHER_MAPPING_AND_COMMON_OVERLAP,PASS_WITH_LIMITATION,WITHIN_3S_ADVISORY; data_dict=PASS_STIMULUS_PROVENANCE; historical_generator_UNKNOWN
SparrKULee,sub-063_ses-varyingStories08_task-listeningActive_run-06_desc-preproc-audio-podcast_30_eeg.npy,/home/fanyu/auditory_simulation_m6a/pub_01/s06/sparrkulee_v3.1/raw/derivatives/preprocessed_eeg/sub-063/ses-varyingStories08/sub-063_ses-varyingStories08_task-listeningActive_run-06_desc-preproc-audio-podcast_30_eeg.npy,/home/fanyu/auditory_simulation_m6a/pub_01/s06/sparrkulee_v3.1/raw/derivatives/preprocessed_stimuli/podcast_30_envelope.npy,podcast_30,PUBLISHER_MAPPING_AND_COMMON_OVERLAP,PASS_WITH_LIMITATION,WITHIN_3S_ADVISORY; data_dict=PASS_STIMULUS_PROVENANCE; historical_generator_UNKNOWN
SparrKULee,sub-063_ses-varyingStories08_task-listeningActive_run-08_desc-preproc-audio-podcast_31_eeg.npy,/home/fanyu/auditory_simulation_m6a/pub_01/s06/sparrkulee_v3.1/raw/derivatives/preprocessed_eeg/sub-063/ses-varyingStories08/sub-063_ses-varyingStories08_task-listeningActive_run-08_desc-preproc-audio-podcast_31_eeg.npy,/home/fanyu/auditory_simulation_m6a/pub_01/s06/sparrkulee_v3.1/raw/derivatives/preprocessed_stimuli/podcast_31_envelope.npy,podcast_31,PUBLISHER_MAPPING_AND_COMMON_OVERLAP,PASS_WITH_LIMITATION,WITHIN_3S_ADVISORY; data_dict=PASS_STIMULUS_PROVENANCE; historical_generator_UNKNOWN
SparrKULee,sub-063_ses-varyingStories08_task-listeningActive_run-09_desc-preproc-audio-podcast_29_eeg.npy,/home/fanyu/auditory_simulation_m6a/pub_01/s06/sparrkulee_v3.1/raw/derivatives/preprocessed_eeg/sub-063/ses-varyingStories08/sub-063_ses-varyingStories08_task-listeningActive_run-09_desc-preproc-audio-podcast_29_eeg.npy,/home/fanyu/auditory_simulation_m6a/pub_01/s06/sparrkulee_v3.1/raw/derivatives/preprocessed_stimuli/podcast_29_envelope.npy,podcast_29,PUBLISHER_MAPPING_AND_COMMON_OVERLAP,PASS_WITH_LIMITATION,WITHIN_3S_ADVISORY; data_dict=PASS_STIMULUS_PROVENANCE; historical_generator_UNKNOWN
SparrKULee,sub-064_ses-varyingStories08_task-listeningActive_run-01_desc-preproc-audio-audiobook_1_eeg.npy,/home/fanyu/auditory_simulation_m6a/pub_01/s06/sparrkulee_v3.1/raw/derivatives/preprocessed_eeg/sub-064/ses-varyingStories08/sub-064_ses-varyingStories08_task-listeningActive_run-01_desc-preproc-audio-audiobook_1_eeg.npy,/home/fanyu/auditory_simulation_m6a/pub_01/s06/sparrkulee_v3.1/raw/derivatives/preprocessed_stimuli/audiobook_1_envelope.npy,audiobook_1,PUBLISHER_MAPPING_AND_COMMON_OVERLAP,PASS_WITH_LIMITATION,WITHIN_3S_ADVISORY; data_dict=PASS_STIMULUS_PROVENANCE; historical_generator_UNKNOWN
SparrKULee,sub-064_ses-varyingStories08_task-listeningActive_run-02_desc-preproc-audio-podcast_31_eeg.npy,/home/fanyu/auditory_simulation_m6a/pub_01/s06/sparrkulee_v3.1/raw/derivatives/preprocessed_eeg/sub-064/ses-varyingStories08/sub-064_ses-varyingStories08_task-listeningActive_run-02_desc-preproc-audio-podcast_31_eeg.npy,/home/fanyu/auditory_simulation_m6a/pub_01/s06/sparrkulee_v3.1/raw/derivatives/preprocessed_stimuli/podcast_31_envelope.npy,podcast_31,PUBLISHER_MAPPING_AND_COMMON_OVERLAP,PASS_WITH_LIMITATION,WITHIN_3S_ADVISORY; data_dict=PASS_STIMULUS_PROVENANCE; historical_generator_UNKNOWN
SparrKULee,sub-064_ses-varyingStories08_task-listeningActive_run-03_desc-preproc-audio-podcast_30_eeg.npy,/home/fanyu/auditory_simulation_m6a/pub_01/s06/sparrkulee_v3.1/raw/derivatives/preprocessed_eeg/sub-064/ses-varyingStories08/sub-064_ses-varyingStories08_task-listeningActive_run-03_desc-preproc-audio-podcast_30_eeg.npy,/home/fanyu/auditory_simulation_m6a/pub_01/s06/sparrkulee_v3.1/raw/derivatives/preprocessed_stimuli/podcast_30_envelope.npy,podcast_30,PUBLISHER_MAPPING_AND_COMMON_OVERLAP,PASS_WITH_LIMITATION,WITHIN_3S_ADVISORY; data_dict=PASS_STIMULUS_PROVENANCE; historical_generator_UNKNOWN
SparrKULee,sub-064_ses-varyingStories08_task-listeningActive_run-04_desc-preproc-audio-audiobook_14_1_eeg.npy,/home/fanyu/auditory_simulation_m6a/pub_01/s06/sparrkulee_v3.1/raw/derivatives/preprocessed_eeg/sub-064/ses-varyingStories08/sub-064_ses-varyingStories08_task-listeningActive_run-04_desc-preproc-audio-audiobook_14_1_eeg.npy,/home/fanyu/auditory_simulation_m6a/pub_01/s06/sparrkulee_v3.1/raw/derivatives/preprocessed_stimuli/audiobook_14_1_envelope.npy,audiobook_14_1,PUBLISHER_MAPPING_AND_COMMON_OVERLAP,PASS_WITH_LIMITATION,WITHIN_3S_ADVISORY; data_dict=PASS_STIMULUS_PROVENANCE; historical_generator_UNKNOWN
SparrKULee,sub-064_ses-varyingStories08_task-listeningActive_run-05_desc-preproc-audio-audiobook_14_2_eeg.npy,/home/fanyu/auditory_simulation_m6a/pub_01/s06/sparrkulee_v3.1/raw/derivatives/preprocessed_eeg/sub-064/ses-varyingStories08/sub-064_ses-varyingStories08_task-listeningActive_run-05_desc-preproc-audio-audiobook_14_2_eeg.npy,/home/fanyu/auditory_simulation_m6a/pub_01/s06/sparrkulee_v3.1/raw/derivatives/preprocessed_stimuli/audiobook_14_2_envelope.npy,audiobook_14_2,PUBLISHER_MAPPING_AND_COMMON_OVERLAP,PASS_WITH_LIMITATION,WITHIN_3S_ADVISORY; data_dict=PASS_STIMULUS_PROVENANCE; historical_generator_UNKNOWN
SparrKULee,sub-064_ses-varyingStories08_task-listeningActive_run-06_desc-preproc-audio-podcast_28_eeg.npy,/home/fanyu/auditory_simulation_m6a/pub_01/s06/sparrkulee_v3.1/raw/derivatives/preprocessed_eeg/sub-064/ses-varyingStories08/sub-064_ses-varyingStories08_task-listeningActive_run-06_desc-preproc-audio-podcast_28_eeg.npy,/home/fanyu/auditory_simulation_m6a/pub_01/s06/sparrkulee_v3.1/raw/derivatives/preprocessed_stimuli/podcast_28_envelope.npy,podcast_28,PUBLISHER_MAPPING_AND_COMMON_OVERLAP,PASS_WITH_LIMITATION,WITHIN_3S_ADVISORY; data_dict=PASS_STIMULUS_PROVENANCE; historical_generator_UNKNOWN
SparrKULee,sub-064_ses-varyingStories08_task-listeningActive_run-09_desc-preproc-audio-podcast_29_eeg.npy,/home/fanyu/auditory_simulation_m6a/pub_01/s06/sparrkulee_v3.1/raw/derivatives/preprocessed_eeg/sub-064/ses-varyingStories08/sub-064_ses-varyingStories08_task-listeningActive_run-09_desc-preproc-audio-podcast_29_eeg.npy,/home/fanyu/auditory_simulation_m6a/pub_01/s06/sparrkulee_v3.1/raw/derivatives/preprocessed_stimuli/podcast_29_envelope.npy,podcast_29,PUBLISHER_MAPPING_AND_COMMON_OVERLAP,PASS_WITH_LIMITATION,WITHIN_3S_ADVISORY; data_dict=PASS_STIMULUS_PROVENANCE; historical_generator_UNKNOWN
SparrKULee,sub-065_ses-varyingStories08_task-listeningActive_run-01_desc-preproc-audio-podcast_30_eeg.npy,/home/fanyu/auditory_simulation_m6a/pub_01/s06/sparrkulee_v3.1/raw/derivatives/preprocessed_eeg/sub-065/ses-varyingStories08/sub-065_ses-varyingStories08_task-listeningActive_run-01_desc-preproc-audio-podcast_30_eeg.npy,/home/fanyu/auditory_simulation_m6a/pub_01/s06/sparrkulee_v3.1/raw/derivatives/preprocessed_stimuli/podcast_30_envelope.npy,podcast_30,PUBLISHER_MAPPING_AND_COMMON_OVERLAP,PASS_WITH_LIMITATION,WITHIN_3S_ADVISORY; data_dict=PASS_STIMULUS_PROVENANCE; historical_generator_UNKNOWN
SparrKULee,sub-065_ses-varyingStories08_task-listeningActive_run-02_desc-preproc-audio-audiobook_1_eeg.npy,/home/fanyu/auditory_simulation_m6a/pub_01/s06/sparrkulee_v3.1/raw/derivatives/preprocessed_eeg/sub-065/ses-varyingStories08/sub-065_ses-varyingStories08_task-listeningActive_run-02_desc-preproc-audio-audiobook_1_eeg.npy,/home/fanyu/auditory_simulation_m6a/pub_01/s06/sparrkulee_v3.1/raw/derivatives/preprocessed_stimuli/audiobook_1_envelope.npy,audiobook_1,PUBLISHER_MAPPING_AND_COMMON_OVERLAP,PASS_WITH_LIMITATION,WITHIN_3S_ADVISORY; data_dict=PASS_STIMULUS_PROVENANCE; historical_generator_UNKNOWN
SparrKULee,sub-065_ses-varyingStories08_task-listeningActive_run-03_desc-preproc-audio-audiobook_14_1_eeg.npy,/home/fanyu/auditory_simulation_m6a/pub_01/s06/sparrkulee_v3.1/raw/derivatives/preprocessed_eeg/sub-065/ses-varyingStories08/sub-065_ses-varyingStories08_task-listeningActive_run-03_desc-preproc-audio-audiobook_14_1_eeg.npy,/home/fanyu/auditory_simulation_m6a/pub_01/s06/sparrkulee_v3.1/raw/derivatives/preprocessed_stimuli/audiobook_14_1_envelope.npy,audiobook_14_1,PUBLISHER_MAPPING_AND_COMMON_OVERLAP,PASS_WITH_LIMITATION,WITHIN_3S_ADVISORY; data_dict=PASS_STIMULUS_PROVENANCE; historical_generator_UNKNOWN
SparrKULee,sub-065_ses-varyingStories08_task-listeningActive_run-04_desc-preproc-audio-audiobook_14_2_eeg.npy,/home/fanyu/auditory_simulation_m6a/pub_01/s06/sparrkulee_v3.1/raw/derivatives/preprocessed_eeg/sub-065/ses-varyingStories08/sub-065_ses-varyingStories08_task-listeningActive_run-04_desc-preproc-audio-audiobook_14_2_eeg.npy,/home/fanyu/auditory_simulation_m6a/pub_01/s06/sparrkulee_v3.1/raw/derivatives/preprocessed_stimuli/audiobook_14_2_envelope.npy,audiobook_14_2,PUBLISHER_MAPPING_AND_COMMON_OVERLAP,PASS_WITH_LIMITATION,WITHIN_3S_ADVISORY; data_dict=PASS_STIMULUS_PROVENANCE; historical_generator_UNKNOWN
SparrKULee,sub-065_ses-varyingStories08_task-listeningActive_run-05_desc-preproc-audio-podcast_29_eeg.npy,/home/fanyu/auditory_simulation_m6a/pub_01/s06/sparrkulee_v3.1/raw/derivatives/preprocessed_eeg/sub-065/ses-varyingStories08/sub-065_ses-varyingStories08_task-listeningActive_run-05_desc-preproc-audio-podcast_29_eeg.npy,/home/fanyu/auditory_simulation_m6a/pub_01/s06/sparrkulee_v3.1/raw/derivatives/preprocessed_stimuli/podcast_29_envelope.npy,podcast_29,PUBLISHER_MAPPING_AND_COMMON_OVERLAP,PASS_WITH_LIMITATION,WITHIN_3S_ADVISORY; data_dict=PASS_STIMULUS_PROVENANCE; historical_generator_UNKNOWN
SparrKULee,sub-065_ses-varyingStories08_task-listeningActive_run-08_desc-preproc-audio-podcast_31_eeg.npy,/home/fanyu/auditory_simulation_m6a/pub_01/s06/sparrkulee_v3.1/raw/derivatives/preprocessed_eeg/sub-065/ses-varyingStories08/sub-065_ses-varyingStories08_task-listeningActive_run-08_desc-preproc-audio-podcast_31_eeg.npy,/home/fanyu/auditory_simulation_m6a/pub_01/s06/sparrkulee_v3.1/raw/derivatives/preprocessed_stimuli/podcast_31_envelope.npy,podcast_31,PUBLISHER_MAPPING_AND_COMMON_OVERLAP,PASS_WITH_LIMITATION,WITHIN_3S_ADVISORY; data_dict=PASS_STIMULUS_PROVENANCE; historical_generator_UNKNOWN
SparrKULee,sub-065_ses-varyingStories08_task-listeningActive_run-09_desc-preproc-audio-podcast_28_eeg.npy,/home/fanyu/auditory_simulation_m6a/pub_01/s06/sparrkulee_v3.1/raw/derivatives/preprocessed_eeg/sub-065/ses-varyingStories08/sub-065_ses-varyingStories08_task-listeningActive_run-09_desc-preproc-audio-podcast_28_eeg.npy,/home/fanyu/auditory_simulation_m6a/pub_01/s06/sparrkulee_v3.1/raw/derivatives/preprocessed_stimuli/podcast_28_envelope.npy,podcast_28,PUBLISHER_MAPPING_AND_COMMON_OVERLAP,PASS_WITH_LIMITATION,WITHIN_3S_ADVISORY; data_dict=PASS_STIMULUS_PROVENANCE; historical_generator_UNKNOWN
SparrKULee,sub-066_ses-varyingStories08_task-listeningActive_run-01_desc-preproc-audio-podcast_29_eeg.npy,/home/fanyu/auditory_simulation_m6a/pub_01/s06/sparrkulee_v3.1/raw/derivatives/preprocessed_eeg/sub-066/ses-varyingStories08/sub-066_ses-varyingStories08_task-listeningActive_run-01_desc-preproc-audio-podcast_29_eeg.npy,/home/fanyu/auditory_simulation_m6a/pub_01/s06/sparrkulee_v3.1/raw/derivatives/preprocessed_stimuli/podcast_29_envelope.npy,podcast_29,PUBLISHER_MAPPING_AND_COMMON_OVERLAP,PASS_WITH_LIMITATION,WITHIN_3S_ADVISORY; data_dict=PASS_STIMULUS_PROVENANCE; historical_generator_UNKNOWN
SparrKULee,sub-066_ses-varyingStories08_task-listeningActive_run-02_desc-preproc-audio-audiobook_1_eeg.npy,/home/fanyu/auditory_simulation_m6a/pub_01/s06/sparrkulee_v3.1/raw/derivatives/preprocessed_eeg/sub-066/ses-varyingStories08/sub-066_ses-varyingStories08_task-listeningActive_run-02_desc-preproc-audio-audiobook_1_eeg.npy,/home/fanyu/auditory_simulation_m6a/pub_01/s06/sparrkulee_v3.1/raw/derivatives/preprocessed_stimuli/audiobook_1_envelope.npy,audiobook_1,PUBLISHER_MAPPING_AND_COMMON_OVERLAP,PASS_WITH_LIMITATION,WITHIN_3S_ADVISORY; data_dict=PASS_STIMULUS_PROVENANCE; historical_generator_UNKNOWN
SparrKULee,sub-066_ses-varyingStories08_task-listeningActive_run-03_desc-preproc-audio-audiobook_14_1_eeg.npy,/home/fanyu/auditory_simulation_m6a/pub_01/s06/sparrkulee_v3.1/raw/derivatives/preprocessed_eeg/sub-066/ses-varyingStories08/sub-066_ses-varyingStories08_task-listeningActive_run-03_desc-preproc-audio-audiobook_14_1_eeg.npy,/home/fanyu/auditory_simulation_m6a/pub_01/s06/sparrkulee_v3.1/raw/derivatives/preprocessed_stimuli/audiobook_14_1_envelope.npy,audiobook_14_1,PUBLISHER_MAPPING_AND_COMMON_OVERLAP,PASS_WITH_LIMITATION,WITHIN_3S_ADVISORY; data_dict=PASS_STIMULUS_PROVENANCE; historical_generator_UNKNOWN
SparrKULee,sub-066_ses-varyingStories08_task-listeningActive_run-04_desc-preproc-audio-audiobook_14_2_eeg.npy,/home/fanyu/auditory_simulation_m6a/pub_01/s06/sparrkulee_v3.1/raw/derivatives/preprocessed_eeg/sub-066/ses-varyingStories08/sub-066_ses-varyingStories08_task-listeningActive_run-04_desc-preproc-audio-audiobook_14_2_eeg.npy,/home/fanyu/auditory_simulation_m6a/pub_01/s06/sparrkulee_v3.1/raw/derivatives/preprocessed_stimuli/audiobook_14_2_envelope.npy,audiobook_14_2,PUBLISHER_MAPPING_AND_COMMON_OVERLAP,PASS_WITH_LIMITATION,WITHIN_3S_ADVISORY; data_dict=PASS_STIMULUS_PROVENANCE; historical_generator_UNKNOWN
SparrKULee,sub-066_ses-varyingStories08_task-listeningActive_run-07_desc-preproc-audio-podcast_31_eeg.npy,/home/fanyu/auditory_simulation_m6a/pub_01/s06/sparrkulee_v3.1/raw/derivatives/preprocessed_eeg/sub-066/ses-varyingStories08/sub-066_ses-varyingStories08_task-listeningActive_run-07_desc-preproc-audio-podcast_31_eeg.npy,/home/fanyu/auditory_simulation_m6a/pub_01/s06/sparrkulee_v3.1/raw/derivatives/preprocessed_stimuli/podcast_31_envelope.npy,podcast_31,PUBLISHER_MAPPING_AND_COMMON_OVERLAP,PASS_WITH_LIMITATION,WITHIN_3S_ADVISORY; data_dict=PASS_STIMULUS_PROVENANCE; historical_generator_UNKNOWN
SparrKULee,sub-066_ses-varyingStories08_task-listeningActive_run-08_desc-preproc-audio-podcast_30_eeg.npy,/home/fanyu/auditory_simulation_m6a/pub_01/s06/sparrkulee_v3.1/raw/derivatives/preprocessed_eeg/sub-066/ses-varyingStories08/sub-066_ses-varyingStories08_task-listeningActive_run-08_desc-preproc-audio-podcast_30_eeg.npy,/home/fanyu/auditory_simulation_m6a/pub_01/s06/sparrkulee_v3.1/raw/derivatives/preprocessed_stimuli/podcast_30_envelope.npy,podcast_30,PUBLISHER_MAPPING_AND_COMMON_OVERLAP,PASS_WITH_LIMITATION,WITHIN_3S_ADVISORY; data_dict=PASS_STIMULUS_PROVENANCE; historical_generator_UNKNOWN
SparrKULee,sub-066_ses-varyingStories08_task-listeningActive_run-09_desc-preproc-audio-podcast_28_eeg.npy,/home/fanyu/auditory_simulation_m6a/pub_01/s06/sparrkulee_v3.1/raw/derivatives/preprocessed_eeg/sub-066/ses-varyingStories08/sub-066_ses-varyingStories08_task-listeningActive_run-09_desc-preproc-audio-podcast_28_eeg.npy,/home/fanyu/auditory_simulation_m6a/pub_01/s06/sparrkulee_v3.1/raw/derivatives/preprocessed_stimuli/podcast_28_envelope.npy,podcast_28,PUBLISHER_MAPPING_AND_COMMON_OVERLAP,PASS_WITH_LIMITATION,WITHIN_3S_ADVISORY; data_dict=PASS_STIMULUS_PROVENANCE; historical_generator_UNKNOWN
SparrKULee,sub-067_ses-varyingStories08_task-listeningActive_run-01_desc-preproc-audio-podcast_30_eeg.npy,/home/fanyu/auditory_simulation_m6a/pub_01/s06/sparrkulee_v3.1/raw/derivatives/preprocessed_eeg/sub-067/ses-varyingStories08/sub-067_ses-varyingStories08_task-listeningActive_run-01_desc-preproc-audio-podcast_30_eeg.npy,/home/fanyu/auditory_simulation_m6a/pub_01/s06/sparrkulee_v3.1/raw/derivatives/preprocessed_stimuli/podcast_30_envelope.npy,podcast_30,PUBLISHER_MAPPING_AND_COMMON_OVERLAP,PASS_WITH_LIMITATION,WITHIN_3S_ADVISORY; data_dict=PASS_STIMULUS_PROVENANCE; historical_generator_UNKNOWN
SparrKULee,sub-067_ses-varyingStories08_task-listeningActive_run-02_desc-preproc-audio-audiobook_1_eeg.npy,/home/fanyu/auditory_simulation_m6a/pub_01/s06/sparrkulee_v3.1/raw/derivatives/preprocessed_eeg/sub-067/ses-varyingStories08/sub-067_ses-varyingStories08_task-listeningActive_run-02_desc-preproc-audio-audiobook_1_eeg.npy,/home/fanyu/auditory_simulation_m6a/pub_01/s06/sparrkulee_v3.1/raw/derivatives/preprocessed_stimuli/audiobook_1_envelope.npy,audiobook_1,PUBLISHER_MAPPING_AND_COMMON_OVERLAP,PASS_WITH_LIMITATION,WITHIN_3S_ADVISORY; data_dict=PASS_STIMULUS_PROVENANCE; historical_generator_UNKNOWN
SparrKULee,sub-067_ses-varyingStories08_task-listeningActive_run-03_desc-preproc-audio-audiobook_14_1_eeg.npy,/home/fanyu/auditory_simulation_m6a/pub_01/s06/sparrkulee_v3.1/raw/derivatives/preprocessed_eeg/sub-067/ses-varyingStories08/sub-067_ses-varyingStories08_task-listeningActive_run-03_desc-preproc-audio-audiobook_14_1_eeg.npy,/home/fanyu/auditory_simulation_m6a/pub_01/s06/sparrkulee_v3.1/raw/derivatives/preprocessed_stimuli/audiobook_14_1_envelope.npy,audiobook_14_1,PUBLISHER_MAPPING_AND_COMMON_OVERLAP,PASS_WITH_LIMITATION,WITHIN_3S_ADVISORY; data_dict=PASS_STIMULUS_PROVENANCE; historical_generator_UNKNOWN
SparrKULee,sub-067_ses-varyingStories08_task-listeningActive_run-04_desc-preproc-audio-audiobook_14_2_eeg.npy,/home/fanyu/auditory_simulation_m6a/pub_01/s06/sparrkulee_v3.1/raw/derivatives/preprocessed_eeg/sub-067/ses-varyingStories08/sub-067_ses-varyingStories08_task-listeningActive_run-04_desc-preproc-audio-audiobook_14_2_eeg.npy,/home/fanyu/auditory_simulation_m6a/pub_01/s06/sparrkulee_v3.1/raw/derivatives/preprocessed_stimuli/audiobook_14_2_envelope.npy,audiobook_14_2,PUBLISHER_MAPPING_AND_COMMON_OVERLAP,PASS_WITH_LIMITATION,WITHIN_3S_ADVISORY; data_dict=PASS_STIMULUS_PROVENANCE; historical_generator_UNKNOWN
SparrKULee,sub-067_ses-varyingStories08_task-listeningActive_run-05_desc-preproc-audio-podcast_29_eeg.npy,/home/fanyu/auditory_simulation_m6a/pub_01/s06/sparrkulee_v3.1/raw/derivatives/preprocessed_eeg/sub-067/ses-varyingStories08/sub-067_ses-varyingStories08_task-listeningActive_run-05_desc-preproc-audio-podcast_29_eeg.npy,/home/fanyu/auditory_simulation_m6a/pub_01/s06/sparrkulee_v3.1/raw/derivatives/preprocessed_stimuli/podcast_29_envelope.npy,podcast_29,PUBLISHER_MAPPING_AND_COMMON_OVERLAP,PASS_WITH_LIMITATION,WITHIN_3S_ADVISORY; data_dict=PASS_STIMULUS_PROVENANCE; historical_generator_UNKNOWN
SparrKULee,sub-067_ses-varyingStories08_task-listeningActive_run-07_desc-preproc-audio-podcast_31_eeg.npy,/home/fanyu/auditory_simulation_m6a/pub_01/s06/sparrkulee_v3.1/raw/derivatives/preprocessed_eeg/sub-067/ses-varyingStories08/sub-067_ses-varyingStories08_task-listeningActive_run-07_desc-preproc-audio-podcast_31_eeg.npy,/home/fanyu/auditory_simulation_m6a/pub_01/s06/sparrkulee_v3.1/raw/derivatives/preprocessed_stimuli/podcast_31_envelope.npy,podcast_31,PUBLISHER_MAPPING_AND_COMMON_OVERLAP,PASS_WITH_LIMITATION,WITHIN_3S_ADVISORY; data_dict=PASS_STIMULUS_PROVENANCE; historical_generator_UNKNOWN
SparrKULee,sub-067_ses-varyingStories08_task-listeningActive_run-08_desc-preproc-audio-podcast_28_eeg.npy,/home/fanyu/auditory_simulation_m6a/pub_01/s06/sparrkulee_v3.1/raw/derivatives/preprocessed_eeg/sub-067/ses-varyingStories08/sub-067_ses-varyingStories08_task-listeningActive_run-08_desc-preproc-audio-podcast_28_eeg.npy,/home/fanyu/auditory_simulation_m6a/pub_01/s06/sparrkulee_v3.1/raw/derivatives/preprocessed_stimuli/podcast_28_envelope.npy,podcast_28,PUBLISHER_MAPPING_AND_COMMON_OVERLAP,PASS_WITH_LIMITATION,WITHIN_3S_ADVISORY; data_dict=PASS_STIMULUS_PROVENANCE; historical_generator_UNKNOWN
SparrKULee,sub-068_ses-varyingStories08_task-listeningActive_run-02_desc-preproc-audio-audiobook_1_eeg.npy,/home/fanyu/auditory_simulation_m6a/pub_01/s06/sparrkulee_v3.1/raw/derivatives/preprocessed_eeg/sub-068/ses-varyingStories08/sub-068_ses-varyingStories08_task-listeningActive_run-02_desc-preproc-audio-audiobook_1_eeg.npy,/home/fanyu/auditory_simulation_m6a/pub_01/s06/sparrkulee_v3.1/raw/derivatives/preprocessed_stimuli/audiobook_1_envelope.npy,audiobook_1,PUBLISHER_MAPPING_AND_COMMON_OVERLAP,PASS_WITH_LIMITATION,WITHIN_3S_ADVISORY; data_dict=PASS_STIMULUS_PROVENANCE; historical_generator_UNKNOWN
SparrKULee,sub-068_ses-varyingStories08_task-listeningActive_run-03_desc-preproc-audio-podcast_29_eeg.npy,/home/fanyu/auditory_simulation_m6a/pub_01/s06/sparrkulee_v3.1/raw/derivatives/preprocessed_eeg/sub-068/ses-varyingStories08/sub-068_ses-varyingStories08_task-listeningActive_run-03_desc-preproc-audio-podcast_29_eeg.npy,/home/fanyu/auditory_simulation_m6a/pub_01/s06/sparrkulee_v3.1/raw/derivatives/preprocessed_stimuli/podcast_29_envelope.npy,podcast_29,PUBLISHER_MAPPING_AND_COMMON_OVERLAP,PASS_WITH_LIMITATION,WITHIN_3S_ADVISORY; data_dict=PASS_STIMULUS_PROVENANCE; historical_generator_UNKNOWN
SparrKULee,sub-068_ses-varyingStories08_task-listeningActive_run-04_desc-preproc-audio-podcast_31_eeg.npy,/home/fanyu/auditory_simulation_m6a/pub_01/s06/sparrkulee_v3.1/raw/derivatives/preprocessed_eeg/sub-068/ses-varyingStories08/sub-068_ses-varyingStories08_task-listeningActive_run-04_desc-preproc-audio-podcast_31_eeg.npy,/home/fanyu/auditory_simulation_m6a/pub_01/s06/sparrkulee_v3.1/raw/derivatives/preprocessed_stimuli/podcast_31_envelope.npy,podcast_31,PUBLISHER_MAPPING_AND_COMMON_OVERLAP,PASS_WITH_LIMITATION,WITHIN_3S_ADVISORY; data_dict=PASS_STIMULUS_PROVENANCE; historical_generator_UNKNOWN
SparrKULee,sub-068_ses-varyingStories08_task-listeningActive_run-05_desc-preproc-audio-audiobook_14_1_eeg.npy,/home/fanyu/auditory_simulation_m6a/pub_01/s06/sparrkulee_v3.1/raw/derivatives/preprocessed_eeg/sub-068/ses-varyingStories08/sub-068_ses-varyingStories08_task-listeningActive_run-05_desc-preproc-audio-audiobook_14_1_eeg.npy,/home/fanyu/auditory_simulation_m6a/pub_01/s06/sparrkulee_v3.1/raw/derivatives/preprocessed_stimuli/audiobook_14_1_envelope.npy,audiobook_14_1,PUBLISHER_MAPPING_AND_COMMON_OVERLAP,PASS_WITH_LIMITATION,WITHIN_3S_ADVISORY; data_dict=PASS_STIMULUS_PROVENANCE; historical_generator_UNKNOWN
SparrKULee,sub-068_ses-varyingStories08_task-listeningActive_run-06_desc-preproc-audio-audiobook_14_2_eeg.npy,/home/fanyu/auditory_simulation_m6a/pub_01/s06/sparrkulee_v3.1/raw/derivatives/preprocessed_eeg/sub-068/ses-varyingStories08/sub-068_ses-varyingStories08_task-listeningActive_run-06_desc-preproc-audio-audiobook_14_2_eeg.npy,/home/fanyu/auditory_simulation_m6a/pub_01/s06/sparrkulee_v3.1/raw/derivatives/preprocessed_stimuli/audiobook_14_2_envelope.npy,audiobook_14_2,PUBLISHER_MAPPING_AND_COMMON_OVERLAP,PASS_WITH_LIMITATION,WITHIN_3S_ADVISORY; data_dict=PASS_STIMULUS_PROVENANCE; historical_generator_UNKNOWN
SparrKULee,sub-068_ses-varyingStories08_task-listeningActive_run-07_desc-preproc-audio-podcast_30_eeg.npy,/home/fanyu/auditory_simulation_m6a/pub_01/s06/sparrkulee_v3.1/raw/derivatives/preprocessed_eeg/sub-068/ses-varyingStories08/sub-068_ses-varyingStories08_task-listeningActive_run-07_desc-preproc-audio-podcast_30_eeg.npy,/home/fanyu/auditory_simulation_m6a/pub_01/s06/sparrkulee_v3.1/raw/derivatives/preprocessed_stimuli/podcast_30_envelope.npy,podcast_30,PUBLISHER_MAPPING_AND_COMMON_OVERLAP,PASS_WITH_LIMITATION,WITHIN_3S_ADVISORY; data_dict=PASS_STIMULUS_PROVENANCE; historical_generator_UNKNOWN
SparrKULee,sub-068_ses-varyingStories08_task-listeningActive_run-09_desc-preproc-audio-podcast_28_eeg.npy,/home/fanyu/auditory_simulation_m6a/pub_01/s06/sparrkulee_v3.1/raw/derivatives/preprocessed_eeg/sub-068/ses-varyingStories08/sub-068_ses-varyingStories08_task-listeningActive_run-09_desc-preproc-audio-podcast_28_eeg.npy,/home/fanyu/auditory_simulation_m6a/pub_01/s06/sparrkulee_v3.1/raw/derivatives/preprocessed_stimuli/podcast_28_envelope.npy,podcast_28,PUBLISHER_MAPPING_AND_COMMON_OVERLAP,PASS_WITH_LIMITATION,WITHIN_3S_ADVISORY; data_dict=PASS_STIMULUS_PROVENANCE; historical_generator_UNKNOWN
SparrKULee,sub-069_ses-varyingStories08_task-listeningActive_run-01_desc-preproc-audio-podcast_29_eeg.npy,/home/fanyu/auditory_simulation_m6a/pub_01/s06/sparrkulee_v3.1/raw/derivatives/preprocessed_eeg/sub-069/ses-varyingStories08/sub-069_ses-varyingStories08_task-listeningActive_run-01_desc-preproc-audio-podcast_29_eeg.npy,/home/fanyu/auditory_simulation_m6a/pub_01/s06/sparrkulee_v3.1/raw/derivatives/preprocessed_stimuli/podcast_29_envelope.npy,podcast_29,PUBLISHER_MAPPING_AND_COMMON_OVERLAP,PASS_WITH_LIMITATION,WITHIN_3S_ADVISORY; data_dict=PASS_STIMULUS_PROVENANCE; historical_generator_UNKNOWN
SparrKULee,sub-069_ses-varyingStories08_task-listeningActive_run-03_desc-preproc-audio-audiobook_14_1_eeg.npy,/home/fanyu/auditory_simulation_m6a/pub_01/s06/sparrkulee_v3.1/raw/derivatives/preprocessed_eeg/sub-069/ses-varyingStories08/sub-069_ses-varyingStories08_task-listeningActive_run-03_desc-preproc-audio-audiobook_14_1_eeg.npy,/home/fanyu/auditory_simulation_m6a/pub_01/s06/sparrkulee_v3.1/raw/derivatives/preprocessed_stimuli/audiobook_14_1_envelope.npy,audiobook_14_1,PUBLISHER_MAPPING_AND_COMMON_OVERLAP,PASS_WITH_LIMITATION,WITHIN_3S_ADVISORY; data_dict=PASS_STIMULUS_PROVENANCE; historical_generator_UNKNOWN
SparrKULee,sub-069_ses-varyingStories08_task-listeningActive_run-04_desc-preproc-audio-audiobook_14_2_eeg.npy,/home/fanyu/auditory_simulation_m6a/pub_01/s06/sparrkulee_v3.1/raw/derivatives/preprocessed_eeg/sub-069/ses-varyingStories08/sub-069_ses-varyingStories08_task-listeningActive_run-04_desc-preproc-audio-audiobook_14_2_eeg.npy,/home/fanyu/auditory_simulation_m6a/pub_01/s06/sparrkulee_v3.1/raw/derivatives/preprocessed_stimuli/audiobook_14_2_envelope.npy,audiobook_14_2,PUBLISHER_MAPPING_AND_COMMON_OVERLAP,PASS_WITH_LIMITATION,WITHIN_3S_ADVISORY; data_dict=PASS_STIMULUS_PROVENANCE; historical_generator_UNKNOWN
SparrKULee,sub-069_ses-varyingStories08_task-listeningActive_run-06_desc-preproc-audio-podcast_28_eeg.npy,/home/fanyu/auditory_simulation_m6a/pub_01/s06/sparrkulee_v3.1/raw/derivatives/preprocessed_eeg/sub-069/ses-varyingStories08/sub-069_ses-varyingStories08_task-listeningActive_run-06_desc-preproc-audio-podcast_28_eeg.npy,/home/fanyu/auditory_simulation_m6a/pub_01/s06/sparrkulee_v3.1/raw/derivatives/preprocessed_stimuli/podcast_28_envelope.npy,podcast_28,PUBLISHER_MAPPING_AND_COMMON_OVERLAP,PASS_WITH_LIMITATION,WITHIN_3S_ADVISORY; data_dict=PASS_STIMULUS_PROVENANCE; historical_generator_UNKNOWN
SparrKULee,sub-069_ses-varyingStories08_task-listeningActive_run-07_desc-preproc-audio-podcast_30_eeg.npy,/home/fanyu/auditory_simulation_m6a/pub_01/s06/sparrkulee_v3.1/raw/derivatives/preprocessed_eeg/sub-069/ses-varyingStories08/sub-069_ses-varyingStories08_task-listeningActive_run-07_desc-preproc-audio-podcast_30_eeg.npy,/home/fanyu/auditory_simulation_m6a/pub_01/s06/sparrkulee_v3.1/raw/derivatives/preprocessed_stimuli/podcast_30_envelope.npy,podcast_30,PUBLISHER_MAPPING_AND_COMMON_OVERLAP,PASS_WITH_LIMITATION,WITHIN_3S_ADVISORY; data_dict=PASS_STIMULUS_PROVENANCE; historical_generator_UNKNOWN
SparrKULee,sub-069_ses-varyingStories08_task-listeningActive_run-08_desc-preproc-audio-podcast_31_eeg.npy,/home/fanyu/auditory_simulation_m6a/pub_01/s06/sparrkulee_v3.1/raw/derivatives/preprocessed_eeg/sub-069/ses-varyingStories08/sub-069_ses-varyingStories08_task-listeningActive_run-08_desc-preproc-audio-podcast_31_eeg.npy,/home/fanyu/auditory_simulation_m6a/pub_01/s06/sparrkulee_v3.1/raw/derivatives/preprocessed_stimuli/podcast_31_envelope.npy,podcast_31,PUBLISHER_MAPPING_AND_COMMON_OVERLAP,PASS_WITH_LIMITATION,WITHIN_3S_ADVISORY; data_dict=PASS_STIMULUS_PROVENANCE; historical_generator_UNKNOWN
SparrKULee,sub-069_ses-varyingStories08_task-listeningActive_run-09_desc-preproc-audio-audiobook_1_eeg.npy,/home/fanyu/auditory_simulation_m6a/pub_01/s06/sparrkulee_v3.1/raw/derivatives/preprocessed_eeg/sub-069/ses-varyingStories08/sub-069_ses-varyingStories08_task-listeningActive_run-09_desc-preproc-audio-audiobook_1_eeg.npy,/home/fanyu/auditory_simulation_m6a/pub_01/s06/sparrkulee_v3.1/raw/derivatives/preprocessed_stimuli/audiobook_1_envelope.npy,audiobook_1,PUBLISHER_MAPPING_AND_COMMON_OVERLAP,PASS_WITH_LIMITATION,WITHIN_3S_ADVISORY; data_dict=PASS_STIMULUS_PROVENANCE; historical_generator_UNKNOWN
SparrKULee,sub-070_ses-varyingStories08_task-listeningActive_run-03_desc-preproc-audio-podcast_28_eeg.npy,/home/fanyu/auditory_simulation_m6a/pub_01/s06/sparrkulee_v3.1/raw/derivatives/preprocessed_eeg/sub-070/ses-varyingStories08/sub-070_ses-varyingStories08_task-listeningActive_run-03_desc-preproc-audio-podcast_28_eeg.npy,/home/fanyu/auditory_simulation_m6a/pub_01/s06/sparrkulee_v3.1/raw/derivatives/preprocessed_stimuli/podcast_28_envelope.npy,podcast_28,PUBLISHER_MAPPING_AND_COMMON_OVERLAP,PASS_WITH_LIMITATION,WITHIN_3S_ADVISORY; data_dict=PASS_STIMULUS_PROVENANCE; historical_generator_UNKNOWN
SparrKULee,sub-070_ses-varyingStories08_task-listeningActive_run-04_desc-preproc-audio-podcast_30_eeg.npy,/home/fanyu/auditory_simulation_m6a/pub_01/s06/sparrkulee_v3.1/raw/derivatives/preprocessed_eeg/sub-070/ses-varyingStories08/sub-070_ses-varyingStories08_task-listeningActive_run-04_desc-preproc-audio-podcast_30_eeg.npy,/home/fanyu/auditory_simulation_m6a/pub_01/s06/sparrkulee_v3.1/raw/derivatives/preprocessed_stimuli/podcast_30_envelope.npy,podcast_30,PUBLISHER_MAPPING_AND_COMMON_OVERLAP,PASS_WITH_LIMITATION,WITHIN_3S_ADVISORY; data_dict=PASS_STIMULUS_PROVENANCE; historical_generator_UNKNOWN
SparrKULee,sub-070_ses-varyingStories08_task-listeningActive_run-05_desc-preproc-audio-audiobook_14_1_eeg.npy,/home/fanyu/auditory_simulation_m6a/pub_01/s06/sparrkulee_v3.1/raw/derivatives/preprocessed_eeg/sub-070/ses-varyingStories08/sub-070_ses-varyingStories08_task-listeningActive_run-05_desc-preproc-audio-audiobook_14_1_eeg.npy,/home/fanyu/auditory_simulation_m6a/pub_01/s06/sparrkulee_v3.1/raw/derivatives/preprocessed_stimuli/audiobook_14_1_envelope.npy,audiobook_14_1,PUBLISHER_MAPPING_AND_COMMON_OVERLAP,PASS_WITH_LIMITATION,WITHIN_3S_ADVISORY; data_dict=PASS_STIMULUS_PROVENANCE; historical_generator_UNKNOWN
SparrKULee,sub-070_ses-varyingStories08_task-listeningActive_run-06_desc-preproc-audio-audiobook_14_2_eeg.npy,/home/fanyu/auditory_simulation_m6a/pub_01/s06/sparrkulee_v3.1/raw/derivatives/preprocessed_eeg/sub-070/ses-varyingStories08/sub-070_ses-varyingStories08_task-listeningActive_run-06_desc-preproc-audio-audiobook_14_2_eeg.npy,/home/fanyu/auditory_simulation_m6a/pub_01/s06/sparrkulee_v3.1/raw/derivatives/preprocessed_stimuli/audiobook_14_2_envelope.npy,audiobook_14_2,PUBLISHER_MAPPING_AND_COMMON_OVERLAP,PASS_WITH_LIMITATION,WITHIN_3S_ADVISORY; data_dict=PASS_STIMULUS_PROVENANCE; historical_generator_UNKNOWN
SparrKULee,sub-070_ses-varyingStories08_task-listeningActive_run-07_desc-preproc-audio-podcast_31_eeg.npy,/home/fanyu/auditory_simulation_m6a/pub_01/s06/sparrkulee_v3.1/raw/derivatives/preprocessed_eeg/sub-070/ses-varyingStories08/sub-070_ses-varyingStories08_task-listeningActive_run-07_desc-preproc-audio-podcast_31_eeg.npy,/home/fanyu/auditory_simulation_m6a/pub_01/s06/sparrkulee_v3.1/raw/derivatives/preprocessed_stimuli/podcast_31_envelope.npy,podcast_31,PUBLISHER_MAPPING_AND_COMMON_OVERLAP,PASS_WITH_LIMITATION,WITHIN_3S_ADVISORY; data_dict=PASS_STIMULUS_PROVENANCE; historical_generator_UNKNOWN
SparrKULee,sub-070_ses-varyingStories08_task-listeningActive_run-08_desc-preproc-audio-audiobook_1_eeg.npy,/home/fanyu/auditory_simulation_m6a/pub_01/s06/sparrkulee_v3.1/raw/derivatives/preprocessed_eeg/sub-070/ses-varyingStories08/sub-070_ses-varyingStories08_task-listeningActive_run-08_desc-preproc-audio-audiobook_1_eeg.npy,/home/fanyu/auditory_simulation_m6a/pub_01/s06/sparrkulee_v3.1/raw/derivatives/preprocessed_stimuli/audiobook_1_envelope.npy,audiobook_1,PUBLISHER_MAPPING_AND_COMMON_OVERLAP,PASS_WITH_LIMITATION,WITHIN_3S_ADVISORY; data_dict=PASS_STIMULUS_PROVENANCE; historical_generator_UNKNOWN
SparrKULee,sub-070_ses-varyingStories08_task-listeningActive_run-09_desc-preproc-audio-podcast_29_eeg.npy,/home/fanyu/auditory_simulation_m6a/pub_01/s06/sparrkulee_v3.1/raw/derivatives/preprocessed_eeg/sub-070/ses-varyingStories08/sub-070_ses-varyingStories08_task-listeningActive_run-09_desc-preproc-audio-podcast_29_eeg.npy,/home/fanyu/auditory_simulation_m6a/pub_01/s06/sparrkulee_v3.1/raw/derivatives/preprocessed_stimuli/podcast_29_envelope.npy,podcast_29,PUBLISHER_MAPPING_AND_COMMON_OVERLAP,PASS_WITH_LIMITATION,WITHIN_3S_ADVISORY; data_dict=PASS_STIMULUS_PROVENANCE; historical_generator_UNKNOWN
SparrKULee,sub-071_ses-varyingStories08_task-listeningActive_run-01_desc-preproc-audio-audiobook_1_eeg.npy,/home/fanyu/auditory_simulation_m6a/pub_01/s06/sparrkulee_v3.1/raw/derivatives/preprocessed_eeg/sub-071/ses-varyingStories08/sub-071_ses-varyingStories08_task-listeningActive_run-01_desc-preproc-audio-audiobook_1_eeg.npy,/home/fanyu/auditory_simulation_m6a/pub_01/s06/sparrkulee_v3.1/raw/derivatives/preprocessed_stimuli/audiobook_1_envelope.npy,audiobook_1,PUBLISHER_MAPPING_AND_COMMON_OVERLAP,PASS_WITH_LIMITATION,WITHIN_3S_ADVISORY; data_dict=PASS_STIMULUS_PROVENANCE; historical_generator_UNKNOWN
SparrKULee,sub-071_ses-varyingStories08_task-listeningActive_run-02_desc-preproc-audio-podcast_29_eeg.npy,/home/fanyu/auditory_simulation_m6a/pub_01/s06/sparrkulee_v3.1/raw/derivatives/preprocessed_eeg/sub-071/ses-varyingStories08/sub-071_ses-varyingStories08_task-listeningActive_run-02_desc-preproc-audio-podcast_29_eeg.npy,/home/fanyu/auditory_simulation_m6a/pub_01/s06/sparrkulee_v3.1/raw/derivatives/preprocessed_stimuli/podcast_29_envelope.npy,podcast_29,PUBLISHER_MAPPING_AND_COMMON_OVERLAP,PASS_WITH_LIMITATION,WITHIN_3S_ADVISORY; data_dict=PASS_STIMULUS_PROVENANCE; historical_generator_UNKNOWN
SparrKULee,sub-071_ses-varyingStories08_task-listeningActive_run-03_desc-preproc-audio-podcast_30_eeg.npy,/home/fanyu/auditory_simulation_m6a/pub_01/s06/sparrkulee_v3.1/raw/derivatives/preprocessed_eeg/sub-071/ses-varyingStories08/sub-071_ses-varyingStories08_task-listeningActive_run-03_desc-preproc-audio-podcast_30_eeg.npy,/home/fanyu/auditory_simulation_m6a/pub_01/s06/sparrkulee_v3.1/raw/derivatives/preprocessed_stimuli/podcast_30_envelope.npy,podcast_30,PUBLISHER_MAPPING_AND_COMMON_OVERLAP,PASS_WITH_LIMITATION,WITHIN_3S_ADVISORY; data_dict=PASS_STIMULUS_PROVENANCE; historical_generator_UNKNOWN
SparrKULee,sub-071_ses-varyingStories08_task-listeningActive_run-04_desc-preproc-audio-podcast_28_eeg.npy,/home/fanyu/auditory_simulation_m6a/pub_01/s06/sparrkulee_v3.1/raw/derivatives/preprocessed_eeg/sub-071/ses-varyingStories08/sub-071_ses-varyingStories08_task-listeningActive_run-04_desc-preproc-audio-podcast_28_eeg.npy,/home/fanyu/auditory_simulation_m6a/pub_01/s06/sparrkulee_v3.1/raw/derivatives/preprocessed_stimuli/podcast_28_envelope.npy,podcast_28,PUBLISHER_MAPPING_AND_COMMON_OVERLAP,PASS_WITH_LIMITATION,WITHIN_3S_ADVISORY; data_dict=PASS_STIMULUS_PROVENANCE; historical_generator_UNKNOWN
SparrKULee,sub-071_ses-varyingStories08_task-listeningActive_run-06_desc-preproc-audio-podcast_31_eeg.npy,/home/fanyu/auditory_simulation_m6a/pub_01/s06/sparrkulee_v3.1/raw/derivatives/preprocessed_eeg/sub-071/ses-varyingStories08/sub-071_ses-varyingStories08_task-listeningActive_run-06_desc-preproc-audio-podcast_31_eeg.npy,/home/fanyu/auditory_simulation_m6a/pub_01/s06/sparrkulee_v3.1/raw/derivatives/preprocessed_stimuli/podcast_31_envelope.npy,podcast_31,PUBLISHER_MAPPING_AND_COMMON_OVERLAP,PASS_WITH_LIMITATION,WITHIN_3S_ADVISORY; data_dict=PASS_STIMULUS_PROVENANCE; historical_generator_UNKNOWN
SparrKULee,sub-071_ses-varyingStories08_task-listeningActive_run-07_desc-preproc-audio-audiobook_14_1_eeg.npy,/home/fanyu/auditory_simulation_m6a/pub_01/s06/sparrkulee_v3.1/raw/derivatives/preprocessed_eeg/sub-071/ses-varyingStories08/sub-071_ses-varyingStories08_task-listeningActive_run-07_desc-preproc-audio-audiobook_14_1_eeg.npy,/home/fanyu/auditory_simulation_m6a/pub_01/s06/sparrkulee_v3.1/raw/derivatives/preprocessed_stimuli/audiobook_14_1_envelope.npy,audiobook_14_1,PUBLISHER_MAPPING_AND_COMMON_OVERLAP,PASS_WITH_LIMITATION,WITHIN_3S_ADVISORY; data_dict=PASS_STIMULUS_PROVENANCE; historical_generator_UNKNOWN
SparrKULee,sub-071_ses-varyingStories08_task-listeningActive_run-08_desc-preproc-audio-audiobook_14_2_eeg.npy,/home/fanyu/auditory_simulation_m6a/pub_01/s06/sparrkulee_v3.1/raw/derivatives/preprocessed_eeg/sub-071/ses-varyingStories08/sub-071_ses-varyingStories08_task-listeningActive_run-08_desc-preproc-audio-audiobook_14_2_eeg.npy,/home/fanyu/auditory_simulation_m6a/pub_01/s06/sparrkulee_v3.1/raw/derivatives/preprocessed_stimuli/audiobook_14_2_envelope.npy,audiobook_14_2,PUBLISHER_MAPPING_AND_COMMON_OVERLAP,PASS_WITH_LIMITATION,WITHIN_3S_ADVISORY; data_dict=PASS_STIMULUS_PROVENANCE; historical_generator_UNKNOWN
SparrKULee,sub-072_ses-varyingStories09_task-listeningActive_run-01_desc-preproc-audio-podcast_32_eeg.npy,/home/fanyu/auditory_simulation_m6a/pub_01/s06/sparrkulee_v3.1/raw/derivatives/preprocessed_eeg/sub-072/ses-varyingStories09/sub-072_ses-varyingStories09_task-listeningActive_run-01_desc-preproc-audio-podcast_32_eeg.npy,/home/fanyu/auditory_simulation_m6a/pub_01/s06/sparrkulee_v3.1/raw/derivatives/preprocessed_stimuli/podcast_32_envelope.npy,podcast_32,PUBLISHER_MAPPING_AND_COMMON_OVERLAP,PASS_WITH_LIMITATION,WITHIN_3S_ADVISORY; data_dict=PASS_STIMULUS_PROVENANCE; historical_generator_UNKNOWN
SparrKULee,sub-072_ses-varyingStories09_task-listeningActive_run-02_desc-preproc-audio-audiobook_14_1_eeg.npy,/home/fanyu/auditory_simulation_m6a/pub_01/s06/sparrkulee_v3.1/raw/derivatives/preprocessed_eeg/sub-072/ses-varyingStories09/sub-072_ses-varyingStories09_task-listeningActive_run-02_desc-preproc-audio-audiobook_14_1_eeg.npy,/home/fanyu/auditory_simulation_m6a/pub_01/s06/sparrkulee_v3.1/raw/derivatives/preprocessed_stimuli/audiobook_14_1_envelope.npy,audiobook_14_1,PUBLISHER_MAPPING_AND_COMMON_OVERLAP,PASS_WITH_LIMITATION,WITHIN_3S_ADVISORY; data_dict=PASS_STIMULUS_PROVENANCE; historical_generator_UNKNOWN
SparrKULee,sub-072_ses-varyingStories09_task-listeningActive_run-03_desc-preproc-audio-audiobook_14_2_eeg.npy,/home/fanyu/auditory_simulation_m6a/pub_01/s06/sparrkulee_v3.1/raw/derivatives/preprocessed_eeg/sub-072/ses-varyingStories09/sub-072_ses-varyingStories09_task-listeningActive_run-03_desc-preproc-audio-audiobook_14_2_eeg.npy,/home/fanyu/auditory_simulation_m6a/pub_01/s06/sparrkulee_v3.1/raw/derivatives/preprocessed_stimuli/audiobook_14_2_envelope.npy,audiobook_14_2,PUBLISHER_MAPPING_AND_COMMON_OVERLAP,PASS_WITH_LIMITATION,WITHIN_3S_ADVISORY; data_dict=PASS_STIMULUS_PROVENANCE; historical_generator_UNKNOWN
SparrKULee,sub-072_ses-varyingStories09_task-listeningActive_run-04_desc-preproc-audio-podcast_34_eeg.npy,/home/fanyu/auditory_simulation_m6a/pub_01/s06/sparrkulee_v3.1/raw/derivatives/preprocessed_eeg/sub-072/ses-varyingStories09/sub-072_ses-varyingStories09_task-listeningActive_run-04_desc-preproc-audio-podcast_34_eeg.npy,/home/fanyu/auditory_simulation_m6a/pub_01/s06/sparrkulee_v3.1/raw/derivatives/preprocessed_stimuli/podcast_34_envelope.npy,podcast_34,PUBLISHER_MAPPING_AND_COMMON_OVERLAP,PASS_WITH_LIMITATION,WITHIN_3S_ADVISORY; data_dict=PASS_STIMULUS_PROVENANCE; historical_generator_UNKNOWN
SparrKULee,sub-072_ses-varyingStories09_task-listeningActive_run-06_desc-preproc-audio-audiobook_1_eeg.npy,/home/fanyu/auditory_simulation_m6a/pub_01/s06/sparrkulee_v3.1/raw/derivatives/preprocessed_eeg/sub-072/ses-varyingStories09/sub-072_ses-varyingStories09_task-listeningActive_run-06_desc-preproc-audio-audiobook_1_eeg.npy,/home/fanyu/auditory_simulation_m6a/pub_01/s06/sparrkulee_v3.1/raw/derivatives/preprocessed_stimuli/audiobook_1_envelope.npy,audiobook_1,PUBLISHER_MAPPING_AND_COMMON_OVERLAP,PASS_WITH_LIMITATION,WITHIN_3S_ADVISORY; data_dict=PASS_STIMULUS_PROVENANCE; historical_generator_UNKNOWN
SparrKULee,sub-072_ses-varyingStories09_task-listeningActive_run-07_desc-preproc-audio-podcast_33_eeg.npy,/home/fanyu/auditory_simulation_m6a/pub_01/s06/sparrkulee_v3.1/raw/derivatives/preprocessed_eeg/sub-072/ses-varyingStories09/sub-072_ses-varyingStories09_task-listeningActive_run-07_desc-preproc-audio-podcast_33_eeg.npy,/home/fanyu/auditory_simulation_m6a/pub_01/s06/sparrkulee_v3.1/raw/derivatives/preprocessed_stimuli/podcast_33_envelope.npy,podcast_33,PUBLISHER_MAPPING_AND_COMMON_OVERLAP,PASS_WITH_LIMITATION,WITHIN_3S_ADVISORY; data_dict=PASS_STIMULUS_PROVENANCE; historical_generator_UNKNOWN
SparrKULee,sub-073_ses-varyingStories09_task-listeningActive_run-02_desc-preproc-audio-podcast_33_eeg.npy,/home/fanyu/auditory_simulation_m6a/pub_01/s06/sparrkulee_v3.1/raw/derivatives/preprocessed_eeg/sub-073/ses-varyingStories09/sub-073_ses-varyingStories09_task-listeningActive_run-02_desc-preproc-audio-podcast_33_eeg.npy,/home/fanyu/auditory_simulation_m6a/pub_01/s06/sparrkulee_v3.1/raw/derivatives/preprocessed_stimuli/podcast_33_envelope.npy,podcast_33,PUBLISHER_MAPPING_AND_COMMON_OVERLAP,PASS_WITH_LIMITATION,WITHIN_3S_ADVISORY; data_dict=PASS_STIMULUS_PROVENANCE; historical_generator_UNKNOWN
SparrKULee,sub-073_ses-varyingStories09_task-listeningActive_run-03_desc-preproc-audio-audiobook_14_1_eeg.npy,/home/fanyu/auditory_simulation_m6a/pub_01/s06/sparrkulee_v3.1/raw/derivatives/preprocessed_eeg/sub-073/ses-varyingStories09/sub-073_ses-varyingStories09_task-listeningActive_run-03_desc-preproc-audio-audiobook_14_1_eeg.npy,/home/fanyu/auditory_simulation_m6a/pub_01/s06/sparrkulee_v3.1/raw/derivatives/preprocessed_stimuli/audiobook_14_1_envelope.npy,audiobook_14_1,PUBLISHER_MAPPING_AND_COMMON_OVERLAP,PASS_WITH_LIMITATION,WITHIN_3S_ADVISORY; data_dict=PASS_STIMULUS_PROVENANCE; historical_generator_UNKNOWN
SparrKULee,sub-073_ses-varyingStories09_task-listeningActive_run-04_desc-preproc-audio-audiobook_14_2_eeg.npy,/home/fanyu/auditory_simulation_m6a/pub_01/s06/sparrkulee_v3.1/raw/derivatives/preprocessed_eeg/sub-073/ses-varyingStories09/sub-073_ses-varyingStories09_task-listeningActive_run-04_desc-preproc-audio-audiobook_14_2_eeg.npy,/home/fanyu/auditory_simulation_m6a/pub_01/s06/sparrkulee_v3.1/raw/derivatives/preprocessed_stimuli/audiobook_14_2_envelope.npy,audiobook_14_2,PUBLISHER_MAPPING_AND_COMMON_OVERLAP,PASS_WITH_LIMITATION,WITHIN_3S_ADVISORY; data_dict=PASS_STIMULUS_PROVENANCE; historical_generator_UNKNOWN
SparrKULee,sub-073_ses-varyingStories09_task-listeningActive_run-06_desc-preproc-audio-audiobook_1_eeg.npy,/home/fanyu/auditory_simulation_m6a/pub_01/s06/sparrkulee_v3.1/raw/derivatives/preprocessed_eeg/sub-073/ses-varyingStories09/sub-073_ses-varyingStories09_task-listeningActive_run-06_desc-preproc-audio-audiobook_1_eeg.npy,/home/fanyu/auditory_simulation_m6a/pub_01/s06/sparrkulee_v3.1/raw/derivatives/preprocessed_stimuli/audiobook_1_envelope.npy,audiobook_1,PUBLISHER_MAPPING_AND_COMMON_OVERLAP,PASS_WITH_LIMITATION,WITHIN_3S_ADVISORY; data_dict=PASS_STIMULUS_PROVENANCE; historical_generator_UNKNOWN
SparrKULee,sub-073_ses-varyingStories09_task-listeningActive_run-07_desc-preproc-audio-podcast_34_eeg.npy,/home/fanyu/auditory_simulation_m6a/pub_01/s06/sparrkulee_v3.1/raw/derivatives/preprocessed_eeg/sub-073/ses-varyingStories09/sub-073_ses-varyingStories09_task-listeningActive_run-07_desc-preproc-audio-podcast_34_eeg.npy,/home/fanyu/auditory_simulation_m6a/pub_01/s06/sparrkulee_v3.1/raw/derivatives/preprocessed_stimuli/podcast_34_envelope.npy,podcast_34,PUBLISHER_MAPPING_AND_COMMON_OVERLAP,PASS_WITH_LIMITATION,WITHIN_3S_ADVISORY; data_dict=PASS_STIMULUS_PROVENANCE; historical_generator_UNKNOWN
SparrKULee,sub-073_ses-varyingStories09_task-listeningActive_run-08_desc-preproc-audio-podcast_32_eeg.npy,/home/fanyu/auditory_simulation_m6a/pub_01/s06/sparrkulee_v3.1/raw/derivatives/preprocessed_eeg/sub-073/ses-varyingStories09/sub-073_ses-varyingStories09_task-listeningActive_run-08_desc-preproc-audio-podcast_32_eeg.npy,/home/fanyu/auditory_simulation_m6a/pub_01/s06/sparrkulee_v3.1/raw/derivatives/preprocessed_stimuli/podcast_32_envelope.npy,podcast_32,PUBLISHER_MAPPING_AND_COMMON_OVERLAP,PASS_WITH_LIMITATION,WITHIN_3S_ADVISORY; data_dict=PASS_STIMULUS_PROVENANCE; historical_generator_UNKNOWN
SparrKULee,sub-074_ses-varyingStories09_task-listeningActive_run-03_desc-preproc-audio-audiobook_14_1_eeg.npy,/home/fanyu/auditory_simulation_m6a/pub_01/s06/sparrkulee_v3.1/raw/derivatives/preprocessed_eeg/sub-074/ses-varyingStories09/sub-074_ses-varyingStories09_task-listeningActive_run-03_desc-preproc-audio-audiobook_14_1_eeg.npy,/home/fanyu/auditory_simulation_m6a/pub_01/s06/sparrkulee_v3.1/raw/derivatives/preprocessed_stimuli/audiobook_14_1_envelope.npy,audiobook_14_1,PUBLISHER_MAPPING_AND_COMMON_OVERLAP,PASS_WITH_LIMITATION,WITHIN_3S_ADVISORY; data_dict=PASS_STIMULUS_PROVENANCE; historical_generator_UNKNOWN
SparrKULee,sub-074_ses-varyingStories09_task-listeningActive_run-04_desc-preproc-audio-audiobook_14_2_eeg.npy,/home/fanyu/auditory_simulation_m6a/pub_01/s06/sparrkulee_v3.1/raw/derivatives/preprocessed_eeg/sub-074/ses-varyingStories09/sub-074_ses-varyingStories09_task-listeningActive_run-04_desc-preproc-audio-audiobook_14_2_eeg.npy,/home/fanyu/auditory_simulation_m6a/pub_01/s06/sparrkulee_v3.1/raw/derivatives/preprocessed_stimuli/audiobook_14_2_envelope.npy,audiobook_14_2,PUBLISHER_MAPPING_AND_COMMON_OVERLAP,PASS_WITH_LIMITATION,WITHIN_3S_ADVISORY; data_dict=PASS_STIMULUS_PROVENANCE; historical_generator_UNKNOWN
SparrKULee,sub-074_ses-varyingStories09_task-listeningActive_run-05_desc-preproc-audio-podcast_33_eeg.npy,/home/fanyu/auditory_simulation_m6a/pub_01/s06/sparrkulee_v3.1/raw/derivatives/preprocessed_eeg/sub-074/ses-varyingStories09/sub-074_ses-varyingStories09_task-listeningActive_run-05_desc-preproc-audio-podcast_33_eeg.npy,/home/fanyu/auditory_simulation_m6a/pub_01/s06/sparrkulee_v3.1/raw/derivatives/preprocessed_stimuli/podcast_33_envelope.npy,podcast_33,PUBLISHER_MAPPING_AND_COMMON_OVERLAP,PASS_WITH_LIMITATION,WITHIN_3S_ADVISORY; data_dict=PASS_STIMULUS_PROVENANCE; historical_generator_UNKNOWN
SparrKULee,sub-074_ses-varyingStories09_task-listeningActive_run-06_desc-preproc-audio-audiobook_1_eeg.npy,/home/fanyu/auditory_simulation_m6a/pub_01/s06/sparrkulee_v3.1/raw/derivatives/preprocessed_eeg/sub-074/ses-varyingStories09/sub-074_ses-varyingStories09_task-listeningActive_run-06_desc-preproc-audio-audiobook_1_eeg.npy,/home/fanyu/auditory_simulation_m6a/pub_01/s06/sparrkulee_v3.1/raw/derivatives/preprocessed_stimuli/audiobook_1_envelope.npy,audiobook_1,PUBLISHER_MAPPING_AND_COMMON_OVERLAP,PASS_WITH_LIMITATION,WITHIN_3S_ADVISORY; data_dict=PASS_STIMULUS_PROVENANCE; historical_generator_UNKNOWN
SparrKULee,sub-074_ses-varyingStories09_task-listeningActive_run-07_desc-preproc-audio-podcast_32_eeg.npy,/home/fanyu/auditory_simulation_m6a/pub_01/s06/sparrkulee_v3.1/raw/derivatives/preprocessed_eeg/sub-074/ses-varyingStories09/sub-074_ses-varyingStories09_task-listeningActive_run-07_desc-preproc-audio-podcast_32_eeg.npy,/home/fanyu/auditory_simulation_m6a/pub_01/s06/sparrkulee_v3.1/raw/derivatives/preprocessed_stimuli/podcast_32_envelope.npy,podcast_32,PUBLISHER_MAPPING_AND_COMMON_OVERLAP,PASS_WITH_LIMITATION,WITHIN_3S_ADVISORY; data_dict=PASS_STIMULUS_PROVENANCE; historical_generator_UNKNOWN
SparrKULee,sub-074_ses-varyingStories09_task-listeningActive_run-08_desc-preproc-audio-podcast_34_eeg.npy,/home/fanyu/auditory_simulation_m6a/pub_01/s06/sparrkulee_v3.1/raw/derivatives/preprocessed_eeg/sub-074/ses-varyingStories09/sub-074_ses-varyingStories09_task-listeningActive_run-08_desc-preproc-audio-podcast_34_eeg.npy,/home/fanyu/auditory_simulation_m6a/pub_01/s06/sparrkulee_v3.1/raw/derivatives/preprocessed_stimuli/podcast_34_envelope.npy,podcast_34,PUBLISHER_MAPPING_AND_COMMON_OVERLAP,PASS_WITH_LIMITATION,WITHIN_3S_ADVISORY; data_dict=PASS_STIMULUS_PROVENANCE; historical_generator_UNKNOWN
SparrKULee,sub-075_ses-varyingStories09_task-listeningActive_run-01_desc-preproc-audio-podcast_33_eeg.npy,/home/fanyu/auditory_simulation_m6a/pub_01/s06/sparrkulee_v3.1/raw/derivatives/preprocessed_eeg/sub-075/ses-varyingStories09/sub-075_ses-varyingStories09_task-listeningActive_run-01_desc-preproc-audio-podcast_33_eeg.npy,/home/fanyu/auditory_simulation_m6a/pub_01/s06/sparrkulee_v3.1/raw/derivatives/preprocessed_stimuli/podcast_33_envelope.npy,podcast_33,PUBLISHER_MAPPING_AND_COMMON_OVERLAP,PASS_WITH_LIMITATION,WITHIN_3S_ADVISORY; data_dict=PASS_STIMULUS_PROVENANCE; historical_generator_UNKNOWN
SparrKULee,sub-075_ses-varyingStories09_task-listeningActive_run-02_desc-preproc-audio-audiobook_14_1_eeg.npy,/home/fanyu/auditory_simulation_m6a/pub_01/s06/sparrkulee_v3.1/raw/derivatives/preprocessed_eeg/sub-075/ses-varyingStories09/sub-075_ses-varyingStories09_task-listeningActive_run-02_desc-preproc-audio-audiobook_14_1_eeg.npy,/home/fanyu/auditory_simulation_m6a/pub_01/s06/sparrkulee_v3.1/raw/derivatives/preprocessed_stimuli/audiobook_14_1_envelope.npy,audiobook_14_1,PUBLISHER_MAPPING_AND_COMMON_OVERLAP,PASS_WITH_LIMITATION,WITHIN_3S_ADVISORY; data_dict=PASS_STIMULUS_PROVENANCE; historical_generator_UNKNOWN
SparrKULee,sub-075_ses-varyingStories09_task-listeningActive_run-03_desc-preproc-audio-audiobook_14_2_eeg.npy,/home/fanyu/auditory_simulation_m6a/pub_01/s06/sparrkulee_v3.1/raw/derivatives/preprocessed_eeg/sub-075/ses-varyingStories09/sub-075_ses-varyingStories09_task-listeningActive_run-03_desc-preproc-audio-audiobook_14_2_eeg.npy,/home/fanyu/auditory_simulation_m6a/pub_01/s06/sparrkulee_v3.1/raw/derivatives/preprocessed_stimuli/audiobook_14_2_envelope.npy,audiobook_14_2,PUBLISHER_MAPPING_AND_COMMON_OVERLAP,PASS_WITH_LIMITATION,WITHIN_3S_ADVISORY; data_dict=PASS_STIMULUS_PROVENANCE; historical_generator_UNKNOWN
SparrKULee,sub-075_ses-varyingStories09_task-listeningActive_run-04_desc-preproc-audio-podcast_34_eeg.npy,/home/fanyu/auditory_simulation_m6a/pub_01/s06/sparrkulee_v3.1/raw/derivatives/preprocessed_eeg/sub-075/ses-varyingStories09/sub-075_ses-varyingStories09_task-listeningActive_run-04_desc-preproc-audio-podcast_34_eeg.npy,/home/fanyu/auditory_simulation_m6a/pub_01/s06/sparrkulee_v3.1/raw/derivatives/preprocessed_stimuli/podcast_34_envelope.npy,podcast_34,PUBLISHER_MAPPING_AND_COMMON_OVERLAP,PASS_WITH_LIMITATION,WITHIN_3S_ADVISORY; data_dict=PASS_STIMULUS_PROVENANCE; historical_generator_UNKNOWN
SparrKULee,sub-075_ses-varyingStories09_task-listeningActive_run-07_desc-preproc-audio-audiobook_1_eeg.npy,/home/fanyu/auditory_simulation_m6a/pub_01/s06/sparrkulee_v3.1/raw/derivatives/preprocessed_eeg/sub-075/ses-varyingStories09/sub-075_ses-varyingStories09_task-listeningActive_run-07_desc-preproc-audio-audiobook_1_eeg.npy,/home/fanyu/auditory_simulation_m6a/pub_01/s06/sparrkulee_v3.1/raw/derivatives/preprocessed_stimuli/audiobook_1_envelope.npy,audiobook_1,PUBLISHER_MAPPING_AND_COMMON_OVERLAP,PASS_WITH_LIMITATION,WITHIN_3S_ADVISORY; data_dict=PASS_STIMULUS_PROVENANCE; historical_generator_UNKNOWN
SparrKULee,sub-075_ses-varyingStories09_task-listeningActive_run-08_desc-preproc-audio-podcast_32_eeg.npy,/home/fanyu/auditory_simulation_m6a/pub_01/s06/sparrkulee_v3.1/raw/derivatives/preprocessed_eeg/sub-075/ses-varyingStories09/sub-075_ses-varyingStories09_task-listeningActive_run-08_desc-preproc-audio-podcast_32_eeg.npy,/home/fanyu/auditory_simulation_m6a/pub_01/s06/sparrkulee_v3.1/raw/derivatives/preprocessed_stimuli/podcast_32_envelope.npy,podcast_32,PUBLISHER_MAPPING_AND_COMMON_OVERLAP,PASS_WITH_LIMITATION,WITHIN_3S_ADVISORY; data_dict=PASS_STIMULUS_PROVENANCE; historical_generator_UNKNOWN
SparrKULee,sub-076_ses-varyingStories09_task-listeningActive_run-01_desc-preproc-audio-audiobook_1_eeg.npy,/home/fanyu/auditory_simulation_m6a/pub_01/s06/sparrkulee_v3.1/raw/derivatives/preprocessed_eeg/sub-076/ses-varyingStories09/sub-076_ses-varyingStories09_task-listeningActive_run-01_desc-preproc-audio-audiobook_1_eeg.npy,/home/fanyu/auditory_simulation_m6a/pub_01/s06/sparrkulee_v3.1/raw/derivatives/preprocessed_stimuli/audiobook_1_envelope.npy,audiobook_1,PUBLISHER_MAPPING_AND_COMMON_OVERLAP,PASS_WITH_LIMITATION,WITHIN_3S_ADVISORY; data_dict=PASS_STIMULUS_PROVENANCE; historical_generator_UNKNOWN
SparrKULee,sub-076_ses-varyingStories09_task-listeningActive_run-03_desc-preproc-audio-podcast_32_eeg.npy,/home/fanyu/auditory_simulation_m6a/pub_01/s06/sparrkulee_v3.1/raw/derivatives/preprocessed_eeg/sub-076/ses-varyingStories09/sub-076_ses-varyingStories09_task-listeningActive_run-03_desc-preproc-audio-podcast_32_eeg.npy,/home/fanyu/auditory_simulation_m6a/pub_01/s06/sparrkulee_v3.1/raw/derivatives/preprocessed_stimuli/podcast_32_envelope.npy,podcast_32,PUBLISHER_MAPPING_AND_COMMON_OVERLAP,PASS_WITH_LIMITATION,WITHIN_3S_ADVISORY; data_dict=PASS_STIMULUS_PROVENANCE; historical_generator_UNKNOWN
SparrKULee,sub-076_ses-varyingStories09_task-listeningActive_run-04_desc-preproc-audio-podcast_33_eeg.npy,/home/fanyu/auditory_simulation_m6a/pub_01/s06/sparrkulee_v3.1/raw/derivatives/preprocessed_eeg/sub-076/ses-varyingStories09/sub-076_ses-varyingStories09_task-listeningActive_run-04_desc-preproc-audio-podcast_33_eeg.npy,/home/fanyu/auditory_simulation_m6a/pub_01/s06/sparrkulee_v3.1/raw/derivatives/preprocessed_stimuli/podcast_33_envelope.npy,podcast_33,PUBLISHER_MAPPING_AND_COMMON_OVERLAP,PASS_WITH_LIMITATION,WITHIN_3S_ADVISORY; data_dict=PASS_STIMULUS_PROVENANCE; historical_generator_UNKNOWN
SparrKULee,sub-076_ses-varyingStories09_task-listeningActive_run-05_desc-preproc-audio-audiobook_14_1_eeg.npy,/home/fanyu/auditory_simulation_m6a/pub_01/s06/sparrkulee_v3.1/raw/derivatives/preprocessed_eeg/sub-076/ses-varyingStories09/sub-076_ses-varyingStories09_task-listeningActive_run-05_desc-preproc-audio-audiobook_14_1_eeg.npy,/home/fanyu/auditory_simulation_m6a/pub_01/s06/sparrkulee_v3.1/raw/derivatives/preprocessed_stimuli/audiobook_14_1_envelope.npy,audiobook_14_1,PUBLISHER_MAPPING_AND_COMMON_OVERLAP,PASS_WITH_LIMITATION,WITHIN_3S_ADVISORY; data_dict=PASS_STIMULUS_PROVENANCE; historical_generator_UNKNOWN
SparrKULee,sub-076_ses-varyingStories09_task-listeningActive_run-06_desc-preproc-audio-audiobook_14_2_eeg.npy,/home/fanyu/auditory_simulation_m6a/pub_01/s06/sparrkulee_v3.1/raw/derivatives/preprocessed_eeg/sub-076/ses-varyingStories09/sub-076_ses-varyingStories09_task-listeningActive_run-06_desc-preproc-audio-audiobook_14_2_eeg.npy,/home/fanyu/auditory_simulation_m6a/pub_01/s06/sparrkulee_v3.1/raw/derivatives/preprocessed_stimuli/audiobook_14_2_envelope.npy,audiobook_14_2,PUBLISHER_MAPPING_AND_COMMON_OVERLAP,PASS_WITH_LIMITATION,WITHIN_3S_ADVISORY; data_dict=PASS_STIMULUS_PROVENANCE; historical_generator_UNKNOWN
SparrKULee,sub-076_ses-varyingStories09_task-listeningActive_run-08_desc-preproc-audio-podcast_34_eeg.npy,/home/fanyu/auditory_simulation_m6a/pub_01/s06/sparrkulee_v3.1/raw/derivatives/preprocessed_eeg/sub-076/ses-varyingStories09/sub-076_ses-varyingStories09_task-listeningActive_run-08_desc-preproc-audio-podcast_34_eeg.npy,/home/fanyu/auditory_simulation_m6a/pub_01/s06/sparrkulee_v3.1/raw/derivatives/preprocessed_stimuli/podcast_34_envelope.npy,podcast_34,PUBLISHER_MAPPING_AND_COMMON_OVERLAP,PASS_WITH_LIMITATION,WITHIN_3S_ADVISORY; data_dict=PASS_STIMULUS_PROVENANCE; historical_generator_UNKNOWN
SparrKULee,sub-077_ses-varyingStories09_task-listeningActive_run-04_desc-preproc-audio-audiobook_14_1_eeg.npy,/home/fanyu/auditory_simulation_m6a/pub_01/s06/sparrkulee_v3.1/raw/derivatives/preprocessed_eeg/sub-077/ses-varyingStories09/sub-077_ses-varyingStories09_task-listeningActive_run-04_desc-preproc-audio-audiobook_14_1_eeg.npy,/home/fanyu/auditory_simulation_m6a/pub_01/s06/sparrkulee_v3.1/raw/derivatives/preprocessed_stimuli/audiobook_14_1_envelope.npy,audiobook_14_1,PUBLISHER_MAPPING_AND_COMMON_OVERLAP,PASS_WITH_LIMITATION,WITHIN_3S_ADVISORY; data_dict=PASS_STIMULUS_PROVENANCE; historical_generator_UNKNOWN
SparrKULee,sub-077_ses-varyingStories09_task-listeningActive_run-05_desc-preproc-audio-audiobook_14_2_eeg.npy,/home/fanyu/auditory_simulation_m6a/pub_01/s06/sparrkulee_v3.1/raw/derivatives/preprocessed_eeg/sub-077/ses-varyingStories09/sub-077_ses-varyingStories09_task-listeningActive_run-05_desc-preproc-audio-audiobook_14_2_eeg.npy,/home/fanyu/auditory_simulation_m6a/pub_01/s06/sparrkulee_v3.1/raw/derivatives/preprocessed_stimuli/audiobook_14_2_envelope.npy,audiobook_14_2,PUBLISHER_MAPPING_AND_COMMON_OVERLAP,PASS_WITH_LIMITATION,WITHIN_3S_ADVISORY; data_dict=PASS_STIMULUS_PROVENANCE; historical_generator_UNKNOWN
SparrKULee,sub-077_ses-varyingStories09_task-listeningActive_run-06_desc-preproc-audio-podcast_34_eeg.npy,/home/fanyu/auditory_simulation_m6a/pub_01/s06/sparrkulee_v3.1/raw/derivatives/preprocessed_eeg/sub-077/ses-varyingStories09/sub-077_ses-varyingStories09_task-listeningActive_run-06_desc-preproc-audio-podcast_34_eeg.npy,/home/fanyu/auditory_simulation_m6a/pub_01/s06/sparrkulee_v3.1/raw/derivatives/preprocessed_stimuli/podcast_34_envelope.npy,podcast_34,PUBLISHER_MAPPING_AND_COMMON_OVERLAP,PASS_WITH_LIMITATION,WITHIN_3S_ADVISORY; data_dict=PASS_STIMULUS_PROVENANCE; historical_generator_UNKNOWN
SparrKULee,sub-078_ses-varyingStories09_task-listeningActive_run-01_desc-preproc-audio-audiobook_1_eeg.npy,/home/fanyu/auditory_simulation_m6a/pub_01/s06/sparrkulee_v3.1/raw/derivatives/preprocessed_eeg/sub-078/ses-varyingStories09/sub-078_ses-varyingStories09_task-listeningActive_run-01_desc-preproc-audio-audiobook_1_eeg.npy,/home/fanyu/auditory_simulation_m6a/pub_01/s06/sparrkulee_v3.1/raw/derivatives/preprocessed_stimuli/audiobook_1_envelope.npy,audiobook_1,PUBLISHER_MAPPING_AND_COMMON_OVERLAP,PASS_WITH_LIMITATION,WITHIN_3S_ADVISORY; data_dict=PASS_STIMULUS_PROVENANCE; historical_generator_UNKNOWN
SparrKULee,sub-078_ses-varyingStories09_task-listeningActive_run-03_desc-preproc-audio-audiobook_14_1_eeg.npy,/home/fanyu/auditory_simulation_m6a/pub_01/s06/sparrkulee_v3.1/raw/derivatives/preprocessed_eeg/sub-078/ses-varyingStories09/sub-078_ses-varyingStories09_task-listeningActive_run-03_desc-preproc-audio-audiobook_14_1_eeg.npy,/home/fanyu/auditory_simulation_m6a/pub_01/s06/sparrkulee_v3.1/raw/derivatives/preprocessed_stimuli/audiobook_14_1_envelope.npy,audiobook_14_1,PUBLISHER_MAPPING_AND_COMMON_OVERLAP,PASS_WITH_LIMITATION,WITHIN_3S_ADVISORY; data_dict=PASS_STIMULUS_PROVENANCE; historical_generator_UNKNOWN
SparrKULee,sub-078_ses-varyingStories09_task-listeningActive_run-04_desc-preproc-audio-audiobook_14_2_eeg.npy,/home/fanyu/auditory_simulation_m6a/pub_01/s06/sparrkulee_v3.1/raw/derivatives/preprocessed_eeg/sub-078/ses-varyingStories09/sub-078_ses-varyingStories09_task-listeningActive_run-04_desc-preproc-audio-audiobook_14_2_eeg.npy,/home/fanyu/auditory_simulation_m6a/pub_01/s06/sparrkulee_v3.1/raw/derivatives/preprocessed_stimuli/audiobook_14_2_envelope.npy,audiobook_14_2,PUBLISHER_MAPPING_AND_COMMON_OVERLAP,PASS_WITH_LIMITATION,WITHIN_3S_ADVISORY; data_dict=PASS_STIMULUS_PROVENANCE; historical_generator_UNKNOWN
SparrKULee,sub-078_ses-varyingStories09_task-listeningActive_run-05_desc-preproc-audio-podcast_32_eeg.npy,/home/fanyu/auditory_simulation_m6a/pub_01/s06/sparrkulee_v3.1/raw/derivatives/preprocessed_eeg/sub-078/ses-varyingStories09/sub-078_ses-varyingStories09_task-listeningActive_run-05_desc-preproc-audio-podcast_32_eeg.npy,/home/fanyu/auditory_simulation_m6a/pub_01/s06/sparrkulee_v3.1/raw/derivatives/preprocessed_stimuli/podcast_32_envelope.npy,podcast_32,PUBLISHER_MAPPING_AND_COMMON_OVERLAP,PASS_WITH_LIMITATION,WITHIN_3S_ADVISORY; data_dict=PASS_STIMULUS_PROVENANCE; historical_generator_UNKNOWN
SparrKULee,sub-078_ses-varyingStories09_task-listeningActive_run-06_desc-preproc-audio-podcast_34_eeg.npy,/home/fanyu/auditory_simulation_m6a/pub_01/s06/sparrkulee_v3.1/raw/derivatives/preprocessed_eeg/sub-078/ses-varyingStories09/sub-078_ses-varyingStories09_task-listeningActive_run-06_desc-preproc-audio-podcast_34_eeg.npy,/home/fanyu/auditory_simulation_m6a/pub_01/s06/sparrkulee_v3.1/raw/derivatives/preprocessed_stimuli/podcast_34_envelope.npy,podcast_34,PUBLISHER_MAPPING_AND_COMMON_OVERLAP,PASS_WITH_LIMITATION,WITHIN_3S_ADVISORY; data_dict=PASS_STIMULUS_PROVENANCE; historical_generator_UNKNOWN
SparrKULee,sub-078_ses-varyingStories09_task-listeningActive_run-08_desc-preproc-audio-podcast_33_eeg.npy,/home/fanyu/auditory_simulation_m6a/pub_01/s06/sparrkulee_v3.1/raw/derivatives/preprocessed_eeg/sub-078/ses-varyingStories09/sub-078_ses-varyingStories09_task-listeningActive_run-08_desc-preproc-audio-podcast_33_eeg.npy,/home/fanyu/auditory_simulation_m6a/pub_01/s06/sparrkulee_v3.1/raw/derivatives/preprocessed_stimuli/podcast_33_envelope.npy,podcast_33,PUBLISHER_MAPPING_AND_COMMON_OVERLAP,PASS_WITH_LIMITATION,WITHIN_3S_ADVISORY; data_dict=PASS_STIMULUS_PROVENANCE; historical_generator_UNKNOWN
SparrKULee,sub-079_ses-varyingStories10_task-listeningActive_run-01_desc-preproc-audio-audiobook_14_1_eeg.npy,/home/fanyu/auditory_simulation_m6a/pub_01/s06/sparrkulee_v3.1/raw/derivatives/preprocessed_eeg/sub-079/ses-varyingStories10/sub-079_ses-varyingStories10_task-listeningActive_run-01_desc-preproc-audio-audiobook_14_1_eeg.npy,/home/fanyu/auditory_simulation_m6a/pub_01/s06/sparrkulee_v3.1/raw/derivatives/preprocessed_stimuli/audiobook_14_1_envelope.npy,audiobook_14_1,PUBLISHER_MAPPING_AND_COMMON_OVERLAP,PASS_WITH_LIMITATION,WITHIN_3S_ADVISORY; data_dict=PASS_STIMULUS_PROVENANCE; historical_generator_UNKNOWN
SparrKULee,sub-079_ses-varyingStories10_task-listeningActive_run-02_desc-preproc-audio-audiobook_14_2_eeg.npy,/home/fanyu/auditory_simulation_m6a/pub_01/s06/sparrkulee_v3.1/raw/derivatives/preprocessed_eeg/sub-079/ses-varyingStories10/sub-079_ses-varyingStories10_task-listeningActive_run-02_desc-preproc-audio-audiobook_14_2_eeg.npy,/home/fanyu/auditory_simulation_m6a/pub_01/s06/sparrkulee_v3.1/raw/derivatives/preprocessed_stimuli/audiobook_14_2_envelope.npy,audiobook_14_2,PUBLISHER_MAPPING_AND_COMMON_OVERLAP,PASS_WITH_LIMITATION,WITHIN_3S_ADVISORY; data_dict=PASS_STIMULUS_PROVENANCE; historical_generator_UNKNOWN
SparrKULee,sub-079_ses-varyingStories10_task-listeningActive_run-03_desc-preproc-audio-podcast_36_eeg.npy,/home/fanyu/auditory_simulation_m6a/pub_01/s06/sparrkulee_v3.1/raw/derivatives/preprocessed_eeg/sub-079/ses-varyingStories10/sub-079_ses-varyingStories10_task-listeningActive_run-03_desc-preproc-audio-podcast_36_eeg.npy,/home/fanyu/auditory_simulation_m6a/pub_01/s06/sparrkulee_v3.1/raw/derivatives/preprocessed_stimuli/podcast_36_envelope.npy,podcast_36,PUBLISHER_MAPPING_AND_COMMON_OVERLAP,PASS_WITH_LIMITATION,WITHIN_3S_ADVISORY; data_dict=PASS_STIMULUS_PROVENANCE; historical_generator_UNKNOWN
SparrKULee,sub-079_ses-varyingStories10_task-listeningActive_run-05_desc-preproc-audio-audiobook_1_eeg.npy,/home/fanyu/auditory_simulation_m6a/pub_01/s06/sparrkulee_v3.1/raw/derivatives/preprocessed_eeg/sub-079/ses-varyingStories10/sub-079_ses-varyingStories10_task-listeningActive_run-05_desc-preproc-audio-audiobook_1_eeg.npy,/home/fanyu/auditory_simulation_m6a/pub_01/s06/sparrkulee_v3.1/raw/derivatives/preprocessed_stimuli/audiobook_1_envelope.npy,audiobook_1,PUBLISHER_MAPPING_AND_COMMON_OVERLAP,PASS_WITH_LIMITATION,WITHIN_3S_ADVISORY; data_dict=PASS_STIMULUS_PROVENANCE; historical_generator_UNKNOWN
SparrKULee,sub-079_ses-varyingStories10_task-listeningActive_run-07_desc-preproc-audio-podcast_37_eeg.npy,/home/fanyu/auditory_simulation_m6a/pub_01/s06/sparrkulee_v3.1/raw/derivatives/preprocessed_eeg/sub-079/ses-varyingStories10/sub-079_ses-varyingStories10_task-listeningActive_run-07_desc-preproc-audio-podcast_37_eeg.npy,/home/fanyu/auditory_simulation_m6a/pub_01/s06/sparrkulee_v3.1/raw/derivatives/preprocessed_stimuli/podcast_37_envelope.npy,podcast_37,PUBLISHER_MAPPING_AND_COMMON_OVERLAP,PASS_WITH_LIMITATION,WITHIN_3S_ADVISORY; data_dict=PASS_STIMULUS_PROVENANCE; historical_generator_UNKNOWN
SparrKULee,sub-079_ses-varyingStories10_task-listeningActive_run-08_desc-preproc-audio-podcast_35_eeg.npy,/home/fanyu/auditory_simulation_m6a/pub_01/s06/sparrkulee_v3.1/raw/derivatives/preprocessed_eeg/sub-079/ses-varyingStories10/sub-079_ses-varyingStories10_task-listeningActive_run-08_desc-preproc-audio-podcast_35_eeg.npy,/home/fanyu/auditory_simulation_m6a/pub_01/s06/sparrkulee_v3.1/raw/derivatives/preprocessed_stimuli/podcast_35_envelope.npy,podcast_35,PUBLISHER_MAPPING_AND_COMMON_OVERLAP,PASS_WITH_LIMITATION,WITHIN_3S_ADVISORY; data_dict=PASS_STIMULUS_PROVENANCE; historical_generator_UNKNOWN
SparrKULee,sub-080_ses-varyingStories10_task-listeningActive_run-02_desc-preproc-audio-audiobook_14_1_eeg.npy,/home/fanyu/auditory_simulation_m6a/pub_01/s06/sparrkulee_v3.1/raw/derivatives/preprocessed_eeg/sub-080/ses-varyingStories10/sub-080_ses-varyingStories10_task-listeningActive_run-02_desc-preproc-audio-audiobook_14_1_eeg.npy,/home/fanyu/auditory_simulation_m6a/pub_01/s06/sparrkulee_v3.1/raw/derivatives/preprocessed_stimuli/audiobook_14_1_envelope.npy,audiobook_14_1,PUBLISHER_MAPPING_AND_COMMON_OVERLAP,PASS_WITH_LIMITATION,WITHIN_3S_ADVISORY; data_dict=PASS_STIMULUS_PROVENANCE; historical_generator_UNKNOWN
SparrKULee,sub-080_ses-varyingStories10_task-listeningActive_run-03_desc-preproc-audio-audiobook_14_2_eeg.npy,/home/fanyu/auditory_simulation_m6a/pub_01/s06/sparrkulee_v3.1/raw/derivatives/preprocessed_eeg/sub-080/ses-varyingStories10/sub-080_ses-varyingStories10_task-listeningActive_run-03_desc-preproc-audio-audiobook_14_2_eeg.npy,/home/fanyu/auditory_simulation_m6a/pub_01/s06/sparrkulee_v3.1/raw/derivatives/preprocessed_stimuli/audiobook_14_2_envelope.npy,audiobook_14_2,PUBLISHER_MAPPING_AND_COMMON_OVERLAP,PASS_WITH_LIMITATION,WITHIN_3S_ADVISORY; data_dict=PASS_STIMULUS_PROVENANCE; historical_generator_UNKNOWN
SparrKULee,sub-080_ses-varyingStories10_task-listeningActive_run-05_desc-preproc-audio-podcast_36_eeg.npy,/home/fanyu/auditory_simulation_m6a/pub_01/s06/sparrkulee_v3.1/raw/derivatives/preprocessed_eeg/sub-080/ses-varyingStories10/sub-080_ses-varyingStories10_task-listeningActive_run-05_desc-preproc-audio-podcast_36_eeg.npy,/home/fanyu/auditory_simulation_m6a/pub_01/s06/sparrkulee_v3.1/raw/derivatives/preprocessed_stimuli/podcast_36_envelope.npy,podcast_36,PUBLISHER_MAPPING_AND_COMMON_OVERLAP,PASS_WITH_LIMITATION,WITHIN_3S_ADVISORY; data_dict=PASS_STIMULUS_PROVENANCE; historical_generator_UNKNOWN
SparrKULee,sub-080_ses-varyingStories10_task-listeningActive_run-06_desc-preproc-audio-audiobook_1_eeg.npy,/home/fanyu/auditory_simulation_m6a/pub_01/s06/sparrkulee_v3.1/raw/derivatives/preprocessed_eeg/sub-080/ses-varyingStories10/sub-080_ses-varyingStories10_task-listeningActive_run-06_desc-preproc-audio-audiobook_1_eeg.npy,/home/fanyu/auditory_simulation_m6a/pub_01/s06/sparrkulee_v3.1/raw/derivatives/preprocessed_stimuli/audiobook_1_envelope.npy,audiobook_1,PUBLISHER_MAPPING_AND_COMMON_OVERLAP,PASS_WITH_LIMITATION,WITHIN_3S_ADVISORY; data_dict=PASS_STIMULUS_PROVENANCE; historical_generator_UNKNOWN
SparrKULee,sub-080_ses-varyingStories10_task-listeningActive_run-07_desc-preproc-audio-podcast_37_eeg.npy,/home/fanyu/auditory_simulation_m6a/pub_01/s06/sparrkulee_v3.1/raw/derivatives/preprocessed_eeg/sub-080/ses-varyingStories10/sub-080_ses-varyingStories10_task-listeningActive_run-07_desc-preproc-audio-podcast_37_eeg.npy,/home/fanyu/auditory_simulation_m6a/pub_01/s06/sparrkulee_v3.1/raw/derivatives/preprocessed_stimuli/podcast_37_envelope.npy,podcast_37,PUBLISHER_MAPPING_AND_COMMON_OVERLAP,PASS_WITH_LIMITATION,WITHIN_3S_ADVISORY; data_dict=PASS_STIMULUS_PROVENANCE; historical_generator_UNKNOWN
SparrKULee,sub-080_ses-varyingStories10_task-listeningActive_run-08_desc-preproc-audio-podcast_35_eeg.npy,/home/fanyu/auditory_simulation_m6a/pub_01/s06/sparrkulee_v3.1/raw/derivatives/preprocessed_eeg/sub-080/ses-varyingStories10/sub-080_ses-varyingStories10_task-listeningActive_run-08_desc-preproc-audio-podcast_35_eeg.npy,/home/fanyu/auditory_simulation_m6a/pub_01/s06/sparrkulee_v3.1/raw/derivatives/preprocessed_stimuli/podcast_35_envelope.npy,podcast_35,PUBLISHER_MAPPING_AND_COMMON_OVERLAP,PASS_WITH_LIMITATION,WITHIN_3S_ADVISORY; data_dict=PASS_STIMULUS_PROVENANCE; historical_generator_UNKNOWN
SparrKULee,sub-081_ses-varyingStories10_task-listeningActive_run-01_desc-preproc-audio-podcast_37_eeg.npy,/home/fanyu/auditory_simulation_m6a/pub_01/s06/sparrkulee_v3.1/raw/derivatives/preprocessed_eeg/sub-081/ses-varyingStories10/sub-081_ses-varyingStories10_task-listeningActive_run-01_desc-preproc-audio-podcast_37_eeg.npy,/home/fanyu/auditory_simulation_m6a/pub_01/s06/sparrkulee_v3.1/raw/derivatives/preprocessed_stimuli/podcast_37_envelope.npy,podcast_37,PUBLISHER_MAPPING_AND_COMMON_OVERLAP,PASS_WITH_LIMITATION,WITHIN_3S_ADVISORY; data_dict=PASS_STIMULUS_PROVENANCE; historical_generator_UNKNOWN
SparrKULee,sub-081_ses-varyingStories10_task-listeningActive_run-07_desc-preproc-audio-podcast_36_eeg.npy,/home/fanyu/auditory_simulation_m6a/pub_01/s06/sparrkulee_v3.1/raw/derivatives/preprocessed_eeg/sub-081/ses-varyingStories10/sub-081_ses-varyingStories10_task-listeningActive_run-07_desc-preproc-audio-podcast_36_eeg.npy,/home/fanyu/auditory_simulation_m6a/pub_01/s06/sparrkulee_v3.1/raw/derivatives/preprocessed_stimuli/podcast_36_envelope.npy,podcast_36,PUBLISHER_MAPPING_AND_COMMON_OVERLAP,PASS_WITH_LIMITATION,WITHIN_3S_ADVISORY; data_dict=PASS_STIMULUS_PROVENANCE; historical_generator_UNKNOWN
SparrKULee,sub-081_ses-varyingStories10_task-listeningActive_run-08_desc-preproc-audio-audiobook_1_eeg.npy,/home/fanyu/auditory_simulation_m6a/pub_01/s06/sparrkulee_v3.1/raw/derivatives/preprocessed_eeg/sub-081/ses-varyingStories10/sub-081_ses-varyingStories10_task-listeningActive_run-08_desc-preproc-audio-audiobook_1_eeg.npy,/home/fanyu/auditory_simulation_m6a/pub_01/s06/sparrkulee_v3.1/raw/derivatives/preprocessed_stimuli/audiobook_1_envelope.npy,audiobook_1,PUBLISHER_MAPPING_AND_COMMON_OVERLAP,PASS_WITH_LIMITATION,WITHIN_3S_ADVISORY; data_dict=PASS_STIMULUS_PROVENANCE; historical_generator_UNKNOWN
SparrKULee,sub-082_ses-varyingStories10_task-listeningActive_run-01_desc-preproc-audio-audiobook_14_1_eeg.npy,/home/fanyu/auditory_simulation_m6a/pub_01/s06/sparrkulee_v3.1/raw/derivatives/preprocessed_eeg/sub-082/ses-varyingStories10/sub-082_ses-varyingStories10_task-listeningActive_run-01_desc-preproc-audio-audiobook_14_1_eeg.npy,/home/fanyu/auditory_simulation_m6a/pub_01/s06/sparrkulee_v3.1/raw/derivatives/preprocessed_stimuli/audiobook_14_1_envelope.npy,audiobook_14_1,PUBLISHER_MAPPING_AND_COMMON_OVERLAP,PASS_WITH_LIMITATION,WITHIN_3S_ADVISORY; data_dict=PASS_STIMULUS_PROVENANCE; historical_generator_UNKNOWN
SparrKULee,sub-082_ses-varyingStories10_task-listeningActive_run-02_desc-preproc-audio-audiobook_14_2_eeg.npy,/home/fanyu/auditory_simulation_m6a/pub_01/s06/sparrkulee_v3.1/raw/derivatives/preprocessed_eeg/sub-082/ses-varyingStories10/sub-082_ses-varyingStories10_task-listeningActive_run-02_desc-preproc-audio-audiobook_14_2_eeg.npy,/home/fanyu/auditory_simulation_m6a/pub_01/s06/sparrkulee_v3.1/raw/derivatives/preprocessed_stimuli/audiobook_14_2_envelope.npy,audiobook_14_2,PUBLISHER_MAPPING_AND_COMMON_OVERLAP,PASS_WITH_LIMITATION,WITHIN_3S_ADVISORY; data_dict=PASS_STIMULUS_PROVENANCE; historical_generator_UNKNOWN
SparrKULee,sub-082_ses-varyingStories10_task-listeningActive_run-03_desc-preproc-audio-podcast_37_eeg.npy,/home/fanyu/auditory_simulation_m6a/pub_01/s06/sparrkulee_v3.1/raw/derivatives/preprocessed_eeg/sub-082/ses-varyingStories10/sub-082_ses-varyingStories10_task-listeningActive_run-03_desc-preproc-audio-podcast_37_eeg.npy,/home/fanyu/auditory_simulation_m6a/pub_01/s06/sparrkulee_v3.1/raw/derivatives/preprocessed_stimuli/podcast_37_envelope.npy,podcast_37,PUBLISHER_MAPPING_AND_COMMON_OVERLAP,PASS_WITH_LIMITATION,WITHIN_3S_ADVISORY; data_dict=PASS_STIMULUS_PROVENANCE; historical_generator_UNKNOWN
SparrKULee,sub-082_ses-varyingStories10_task-listeningActive_run-06_desc-preproc-audio-podcast_36_eeg.npy,/home/fanyu/auditory_simulation_m6a/pub_01/s06/sparrkulee_v3.1/raw/derivatives/preprocessed_eeg/sub-082/ses-varyingStories10/sub-082_ses-varyingStories10_task-listeningActive_run-06_desc-preproc-audio-podcast_36_eeg.npy,/home/fanyu/auditory_simulation_m6a/pub_01/s06/sparrkulee_v3.1/raw/derivatives/preprocessed_stimuli/podcast_36_envelope.npy,podcast_36,PUBLISHER_MAPPING_AND_COMMON_OVERLAP,PASS_WITH_LIMITATION,WITHIN_3S_ADVISORY; data_dict=PASS_STIMULUS_PROVENANCE; historical_generator_UNKNOWN
SparrKULee,sub-082_ses-varyingStories10_task-listeningActive_run-07_desc-preproc-audio-podcast_35_eeg.npy,/home/fanyu/auditory_simulation_m6a/pub_01/s06/sparrkulee_v3.1/raw/derivatives/preprocessed_eeg/sub-082/ses-varyingStories10/sub-082_ses-varyingStories10_task-listeningActive_run-07_desc-preproc-audio-podcast_35_eeg.npy,/home/fanyu/auditory_simulation_m6a/pub_01/s06/sparrkulee_v3.1/raw/derivatives/preprocessed_stimuli/podcast_35_envelope.npy,podcast_35,PUBLISHER_MAPPING_AND_COMMON_OVERLAP,PASS_WITH_LIMITATION,WITHIN_3S_ADVISORY; data_dict=PASS_STIMULUS_PROVENANCE; historical_generator_UNKNOWN
SparrKULee,sub-082_ses-varyingStories10_task-listeningActive_run-08_desc-preproc-audio-audiobook_1_eeg.npy,/home/fanyu/auditory_simulation_m6a/pub_01/s06/sparrkulee_v3.1/raw/derivatives/preprocessed_eeg/sub-082/ses-varyingStories10/sub-082_ses-varyingStories10_task-listeningActive_run-08_desc-preproc-audio-audiobook_1_eeg.npy,/home/fanyu/auditory_simulation_m6a/pub_01/s06/sparrkulee_v3.1/raw/derivatives/preprocessed_stimuli/audiobook_1_envelope.npy,audiobook_1,PUBLISHER_MAPPING_AND_COMMON_OVERLAP,PASS_WITH_LIMITATION,WITHIN_3S_ADVISORY; data_dict=PASS_STIMULUS_PROVENANCE; historical_generator_UNKNOWN
SparrKULee,sub-083_ses-varyingStories10_task-listeningActive_run-01_desc-preproc-audio-audiobook_1_eeg.npy,/home/fanyu/auditory_simulation_m6a/pub_01/s06/sparrkulee_v3.1/raw/derivatives/preprocessed_eeg/sub-083/ses-varyingStories10/sub-083_ses-varyingStories10_task-listeningActive_run-01_desc-preproc-audio-audiobook_1_eeg.npy,/home/fanyu/auditory_simulation_m6a/pub_01/s06/sparrkulee_v3.1/raw/derivatives/preprocessed_stimuli/audiobook_1_envelope.npy,audiobook_1,PUBLISHER_MAPPING_AND_COMMON_OVERLAP,PASS_WITH_LIMITATION,WITHIN_3S_ADVISORY; data_dict=PASS_STIMULUS_PROVENANCE; historical_generator_UNKNOWN
SparrKULee,sub-083_ses-varyingStories10_task-listeningActive_run-03_desc-preproc-audio-podcast_36_eeg.npy,/home/fanyu/auditory_simulation_m6a/pub_01/s06/sparrkulee_v3.1/raw/derivatives/preprocessed_eeg/sub-083/ses-varyingStories10/sub-083_ses-varyingStories10_task-listeningActive_run-03_desc-preproc-audio-podcast_36_eeg.npy,/home/fanyu/auditory_simulation_m6a/pub_01/s06/sparrkulee_v3.1/raw/derivatives/preprocessed_stimuli/podcast_36_envelope.npy,podcast_36,PUBLISHER_MAPPING_AND_COMMON_OVERLAP,PASS_WITH_LIMITATION,WITHIN_3S_ADVISORY; data_dict=PASS_STIMULUS_PROVENANCE; historical_generator_UNKNOWN
SparrKULee,sub-083_ses-varyingStories10_task-listeningActive_run-04_desc-preproc-audio-podcast_35_eeg.npy,/home/fanyu/auditory_simulation_m6a/pub_01/s06/sparrkulee_v3.1/raw/derivatives/preprocessed_eeg/sub-083/ses-varyingStories10/sub-083_ses-varyingStories10_task-listeningActive_run-04_desc-preproc-audio-podcast_35_eeg.npy,/home/fanyu/auditory_simulation_m6a/pub_01/s06/sparrkulee_v3.1/raw/derivatives/preprocessed_stimuli/podcast_35_envelope.npy,podcast_35,PUBLISHER_MAPPING_AND_COMMON_OVERLAP,PASS_WITH_LIMITATION,WITHIN_3S_ADVISORY; data_dict=PASS_STIMULUS_PROVENANCE; historical_generator_UNKNOWN
SparrKULee,sub-083_ses-varyingStories10_task-listeningActive_run-05_desc-preproc-audio-podcast_37_eeg.npy,/home/fanyu/auditory_simulation_m6a/pub_01/s06/sparrkulee_v3.1/raw/derivatives/preprocessed_eeg/sub-083/ses-varyingStories10/sub-083_ses-varyingStories10_task-listeningActive_run-05_desc-preproc-audio-podcast_37_eeg.npy,/home/fanyu/auditory_simulation_m6a/pub_01/s06/sparrkulee_v3.1/raw/derivatives/preprocessed_stimuli/podcast_37_envelope.npy,podcast_37,PUBLISHER_MAPPING_AND_COMMON_OVERLAP,PASS_WITH_LIMITATION,WITHIN_3S_ADVISORY; data_dict=PASS_STIMULUS_PROVENANCE; historical_generator_UNKNOWN
SparrKULee,sub-083_ses-varyingStories10_task-listeningActive_run-06_desc-preproc-audio-audiobook_14_1_eeg.npy,/home/fanyu/auditory_simulation_m6a/pub_01/s06/sparrkulee_v3.1/raw/derivatives/preprocessed_eeg/sub-083/ses-varyingStories10/sub-083_ses-varyingStories10_task-listeningActive_run-06_desc-preproc-audio-audiobook_14_1_eeg.npy,/home/fanyu/auditory_simulation_m6a/pub_01/s06/sparrkulee_v3.1/raw/derivatives/preprocessed_stimuli/audiobook_14_1_envelope.npy,audiobook_14_1,PUBLISHER_MAPPING_AND_COMMON_OVERLAP,PASS_WITH_LIMITATION,WITHIN_3S_ADVISORY; data_dict=PASS_STIMULUS_PROVENANCE; historical_generator_UNKNOWN
SparrKULee,sub-083_ses-varyingStories10_task-listeningActive_run-07_desc-preproc-audio-audiobook_14_2_eeg.npy,/home/fanyu/auditory_simulation_m6a/pub_01/s06/sparrkulee_v3.1/raw/derivatives/preprocessed_eeg/sub-083/ses-varyingStories10/sub-083_ses-varyingStories10_task-listeningActive_run-07_desc-preproc-audio-audiobook_14_2_eeg.npy,/home/fanyu/auditory_simulation_m6a/pub_01/s06/sparrkulee_v3.1/raw/derivatives/preprocessed_stimuli/audiobook_14_2_envelope.npy,audiobook_14_2,PUBLISHER_MAPPING_AND_COMMON_OVERLAP,PASS_WITH_LIMITATION,WITHIN_3S_ADVISORY; data_dict=PASS_STIMULUS_PROVENANCE; historical_generator_UNKNOWN
SparrKULee,sub-084_ses-varyingStories10_task-listeningActive_run-01_desc-preproc-audio-audiobook_14_1_eeg.npy,/home/fanyu/auditory_simulation_m6a/pub_01/s06/sparrkulee_v3.1/raw/derivatives/preprocessed_eeg/sub-084/ses-varyingStories10/sub-084_ses-varyingStories10_task-listeningActive_run-01_desc-preproc-audio-audiobook_14_1_eeg.npy,/home/fanyu/auditory_simulation_m6a/pub_01/s06/sparrkulee_v3.1/raw/derivatives/preprocessed_stimuli/audiobook_14_1_envelope.npy,audiobook_14_1,PUBLISHER_MAPPING_AND_COMMON_OVERLAP,PASS_WITH_LIMITATION,WITHIN_3S_ADVISORY; data_dict=PASS_STIMULUS_PROVENANCE; historical_generator_UNKNOWN
SparrKULee,sub-084_ses-varyingStories10_task-listeningActive_run-02_desc-preproc-audio-audiobook_14_2_eeg.npy,/home/fanyu/auditory_simulation_m6a/pub_01/s06/sparrkulee_v3.1/raw/derivatives/preprocessed_eeg/sub-084/ses-varyingStories10/sub-084_ses-varyingStories10_task-listeningActive_run-02_desc-preproc-audio-audiobook_14_2_eeg.npy,/home/fanyu/auditory_simulation_m6a/pub_01/s06/sparrkulee_v3.1/raw/derivatives/preprocessed_stimuli/audiobook_14_2_envelope.npy,audiobook_14_2,PUBLISHER_MAPPING_AND_COMMON_OVERLAP,PASS_WITH_LIMITATION,WITHIN_3S_ADVISORY; data_dict=PASS_STIMULUS_PROVENANCE; historical_generator_UNKNOWN
SparrKULee,sub-084_ses-varyingStories10_task-listeningActive_run-03_desc-preproc-audio-podcast_36_eeg.npy,/home/fanyu/auditory_simulation_m6a/pub_01/s06/sparrkulee_v3.1/raw/derivatives/preprocessed_eeg/sub-084/ses-varyingStories10/sub-084_ses-varyingStories10_task-listeningActive_run-03_desc-preproc-audio-podcast_36_eeg.npy,/home/fanyu/auditory_simulation_m6a/pub_01/s06/sparrkulee_v3.1/raw/derivatives/preprocessed_stimuli/podcast_36_envelope.npy,podcast_36,PUBLISHER_MAPPING_AND_COMMON_OVERLAP,PASS_WITH_LIMITATION,WITHIN_3S_ADVISORY; data_dict=PASS_STIMULUS_PROVENANCE; historical_generator_UNKNOWN
SparrKULee,sub-084_ses-varyingStories10_task-listeningActive_run-06_desc-preproc-audio-podcast_35_eeg.npy,/home/fanyu/auditory_simulation_m6a/pub_01/s06/sparrkulee_v3.1/raw/derivatives/preprocessed_eeg/sub-084/ses-varyingStories10/sub-084_ses-varyingStories10_task-listeningActive_run-06_desc-preproc-audio-podcast_35_eeg.npy,/home/fanyu/auditory_simulation_m6a/pub_01/s06/sparrkulee_v3.1/raw/derivatives/preprocessed_stimuli/podcast_35_envelope.npy,podcast_35,PUBLISHER_MAPPING_AND_COMMON_OVERLAP,PASS_WITH_LIMITATION,WITHIN_3S_ADVISORY; data_dict=PASS_STIMULUS_PROVENANCE; historical_generator_UNKNOWN
SparrKULee,sub-084_ses-varyingStories10_task-listeningActive_run-07_desc-preproc-audio-podcast_37_eeg.npy,/home/fanyu/auditory_simulation_m6a/pub_01/s06/sparrkulee_v3.1/raw/derivatives/preprocessed_eeg/sub-084/ses-varyingStories10/sub-084_ses-varyingStories10_task-listeningActive_run-07_desc-preproc-audio-podcast_37_eeg.npy,/home/fanyu/auditory_simulation_m6a/pub_01/s06/sparrkulee_v3.1/raw/derivatives/preprocessed_stimuli/podcast_37_envelope.npy,podcast_37,PUBLISHER_MAPPING_AND_COMMON_OVERLAP,PASS_WITH_LIMITATION,WITHIN_3S_ADVISORY; data_dict=PASS_STIMULUS_PROVENANCE; historical_generator_UNKNOWN
SparrKULee,sub-084_ses-varyingStories10_task-listeningActive_run-08_desc-preproc-audio-audiobook_1_eeg.npy,/home/fanyu/auditory_simulation_m6a/pub_01/s06/sparrkulee_v3.1/raw/derivatives/preprocessed_eeg/sub-084/ses-varyingStories10/sub-084_ses-varyingStories10_task-listeningActive_run-08_desc-preproc-audio-audiobook_1_eeg.npy,/home/fanyu/auditory_simulation_m6a/pub_01/s06/sparrkulee_v3.1/raw/derivatives/preprocessed_stimuli/audiobook_1_envelope.npy,audiobook_1,PUBLISHER_MAPPING_AND_COMMON_OVERLAP,PASS_WITH_LIMITATION,WITHIN_3S_ADVISORY; data_dict=PASS_STIMULUS_PROVENANCE; historical_generator_UNKNOWN
SparrKULee,sub-085_ses-varyingStories10_task-listeningActive_run-02_desc-preproc-audio-podcast_37_eeg.npy,/home/fanyu/auditory_simulation_m6a/pub_01/s06/sparrkulee_v3.1/raw/derivatives/preprocessed_eeg/sub-085/ses-varyingStories10/sub-085_ses-varyingStories10_task-listeningActive_run-02_desc-preproc-audio-podcast_37_eeg.npy,/home/fanyu/auditory_simulation_m6a/pub_01/s06/sparrkulee_v3.1/raw/derivatives/preprocessed_stimuli/podcast_37_envelope.npy,podcast_37,PUBLISHER_MAPPING_AND_COMMON_OVERLAP,PASS_WITH_LIMITATION,WITHIN_3S_ADVISORY; data_dict=PASS_STIMULUS_PROVENANCE; historical_generator_UNKNOWN
SparrKULee,sub-085_ses-varyingStories10_task-listeningActive_run-03_desc-preproc-audio-podcast_36_eeg.npy,/home/fanyu/auditory_simulation_m6a/pub_01/s06/sparrkulee_v3.1/raw/derivatives/preprocessed_eeg/sub-085/ses-varyingStories10/sub-085_ses-varyingStories10_task-listeningActive_run-03_desc-preproc-audio-podcast_36_eeg.npy,/home/fanyu/auditory_simulation_m6a/pub_01/s06/sparrkulee_v3.1/raw/derivatives/preprocessed_stimuli/podcast_36_envelope.npy,podcast_36,PUBLISHER_MAPPING_AND_COMMON_OVERLAP,PASS_WITH_LIMITATION,WITHIN_3S_ADVISORY; data_dict=PASS_STIMULUS_PROVENANCE; historical_generator_UNKNOWN
SparrKULee,sub-085_ses-varyingStories10_task-listeningActive_run-04_desc-preproc-audio-podcast_35_eeg.npy,/home/fanyu/auditory_simulation_m6a/pub_01/s06/sparrkulee_v3.1/raw/derivatives/preprocessed_eeg/sub-085/ses-varyingStories10/sub-085_ses-varyingStories10_task-listeningActive_run-04_desc-preproc-audio-podcast_35_eeg.npy,/home/fanyu/auditory_simulation_m6a/pub_01/s06/sparrkulee_v3.1/raw/derivatives/preprocessed_stimuli/podcast_35_envelope.npy,podcast_35,PUBLISHER_MAPPING_AND_COMMON_OVERLAP,PASS_WITH_LIMITATION,WITHIN_3S_ADVISORY; data_dict=PASS_STIMULUS_PROVENANCE; historical_generator_UNKNOWN
SparrKULee,sub-085_ses-varyingStories10_task-listeningActive_run-05_desc-preproc-audio-audiobook_1_eeg.npy,/home/fanyu/auditory_simulation_m6a/pub_01/s06/sparrkulee_v3.1/raw/derivatives/preprocessed_eeg/sub-085/ses-varyingStories10/sub-085_ses-varyingStories10_task-listeningActive_run-05_desc-preproc-audio-audiobook_1_eeg.npy,/home/fanyu/auditory_simulation_m6a/pub_01/s06/sparrkulee_v3.1/raw/derivatives/preprocessed_stimuli/audiobook_1_envelope.npy,audiobook_1,PUBLISHER_MAPPING_AND_COMMON_OVERLAP,PASS_WITH_LIMITATION,WITHIN_3S_ADVISORY; data_dict=PASS_STIMULUS_PROVENANCE; historical_generator_UNKNOWN
SparrKULee,sub-085_ses-varyingStories10_task-listeningActive_run-06_desc-preproc-audio-audiobook_14_1_eeg.npy,/home/fanyu/auditory_simulation_m6a/pub_01/s06/sparrkulee_v3.1/raw/derivatives/preprocessed_eeg/sub-085/ses-varyingStories10/sub-085_ses-varyingStories10_task-listeningActive_run-06_desc-preproc-audio-audiobook_14_1_eeg.npy,/home/fanyu/auditory_simulation_m6a/pub_01/s06/sparrkulee_v3.1/raw/derivatives/preprocessed_stimuli/audiobook_14_1_envelope.npy,audiobook_14_1,PUBLISHER_MAPPING_AND_COMMON_OVERLAP,PASS_WITH_LIMITATION,WITHIN_3S_ADVISORY; data_dict=PASS_STIMULUS_PROVENANCE; historical_generator_UNKNOWN
SparrKULee,sub-085_ses-varyingStories10_task-listeningActive_run-07_desc-preproc-audio-audiobook_14_2_eeg.npy,/home/fanyu/auditory_simulation_m6a/pub_01/s06/sparrkulee_v3.1/raw/derivatives/preprocessed_eeg/sub-085/ses-varyingStories10/sub-085_ses-varyingStories10_task-listeningActive_run-07_desc-preproc-audio-audiobook_14_2_eeg.npy,/home/fanyu/auditory_simulation_m6a/pub_01/s06/sparrkulee_v3.1/raw/derivatives/preprocessed_stimuli/audiobook_14_2_envelope.npy,audiobook_14_2,PUBLISHER_MAPPING_AND_COMMON_OVERLAP,PASS_WITH_LIMITATION,WITHIN_3S_ADVISORY; data_dict=PASS_STIMULUS_PROVENANCE; historical_generator_UNKNOWN
