dataset,sample_key,subject,session,recording,story,block,eligible,split,leakage_guard
ds004703,sub-SD010_ses-01_task-PassiveListen__trial-0,sub-SD010,ses-01,sub-SD010_ses-01_task-PassiveListen,welcome,NOT_APPLICABLE,False,UNASSIGNED,No adjacent-time random split; subject/session/story keys retained; train-only fitted transforms
ds004703,sub-SD010_ses-01_task-PassiveListen__trial-1,sub-SD010,ses-01,sub-SD010_ses-01_task-PassiveListen,instructions1,NOT_APPLICABLE,False,UNASSIGNED,No adjacent-time random split; subject/session/story keys retained; train-only fitted transforms
ds004703,sub-SD010_ses-01_task-PassiveListen__trial-2,sub-SD010,ses-01,sub-SD010_ses-01_task-PassiveListen,instructions3,NOT_APPLICABLE,False,UNASSIGNED,No adjacent-time random split; subject/session/story keys retained; train-only fitted transforms
ds004703,sub-SD010_ses-01_task-PassiveListen__trial-3,sub-SD010,ses-01,sub-SD010_ses-01_task-PassiveListen,s3602b-ex01,Block 1,True,UNASSIGNED,No adjacent-time random split; subject/session/story keys retained; train-only fitted transforms
ds004703,sub-SD010_ses-01_task-PassiveListen__trial-4,sub-SD010,ses-01,sub-SD010_ses-01_task-PassiveListen,pleasePressSpace,NOT_APPLICABLE,False,UNASSIGNED,No adjacent-time random split; subject/session/story keys retained; train-only fitted transforms
ds004703,sub-SD010_ses-01_task-PassiveListen__trial-5,sub-SD010,ses-01,sub-SD010_ses-01_task-PassiveListen,catalan-m01,Block 1,False,UNASSIGNED,No adjacent-time random split; subject/session/story keys retained; train-only fitted transforms
ds004703,sub-SD010_ses-01_task-PassiveListen__trial-6,sub-SD010,ses-01,sub-SD010_ses-01_task-PassiveListen,s4002b-ex01,Block 1,True,UNASSIGNED,No adjacent-time random split; subject/session/story keys retained; train-only fitted transforms
ds004703,sub-SD010_ses-01_task-PassiveListen__trial-7,sub-SD010,ses-01,sub-SD010_ses-01_task-PassiveListen,s3001b-ex01,Block 1,True,UNASSIGNED,No adjacent-time random split; subject/session/story keys retained; train-only fitted transforms
ds004703,sub-SD010_ses-01_task-PassiveListen__trial-8,sub-SD010,ses-01,sub-SD010_ses-01_task-PassiveListen,s1401a-ex01,Block 1,True,UNASSIGNED,No adjacent-time random split; subject/session/story keys retained; train-only fitted transforms
ds004703,sub-SD010_ses-01_task-PassiveListen__trial-9,sub-SD010,ses-01,sub-SD010_ses-01_task-PassiveListen,s1303a-ex01,Block 1,True,UNASSIGNED,No adjacent-time random split; subject/session/story keys retained; train-only fitted transforms
ds004703,sub-SD010_ses-01_task-PassiveListen__trial-10,sub-SD010,ses-01,sub-SD010_ses-01_task-PassiveListen,s2102a-ex01,Block 1,True,UNASSIGNED,No adjacent-time random split; subject/session/story keys retained; train-only fitted transforms
ds004703,sub-SD010_ses-01_task-PassiveListen__trial-11,sub-SD010,ses-01,sub-SD010_ses-01_task-PassiveListen,s2301a-ex01,Block 1,True,UNASSIGNED,No adjacent-time random split; subject/session/story keys retained; train-only fitted transforms
ds004703,sub-SD010_ses-01_task-PassiveListen__trial-12,sub-SD010,ses-01,sub-SD010_ses-01_task-PassiveListen,s1901b-ex01,Block 1,True,UNASSIGNED,No adjacent-time random split; subject/session/story keys retained; train-only fitted transforms
ds004703,sub-SD010_ses-01_task-PassiveListen__trial-13,sub-SD010,ses-01,sub-SD010_ses-01_task-PassiveListen,s3301a-ex01,Block 2,True,UNASSIGNED,No adjacent-time random split; subject/session/story keys retained; train-only fitted transforms
ds004703,sub-SD010_ses-01_task-PassiveListen__trial-14,sub-SD010,ses-01,sub-SD010_ses-01_task-PassiveListen,s0703b-ex01,Block 2,True,UNASSIGNED,No adjacent-time random split; subject/session/story keys retained; train-only fitted transforms
ds004703,sub-SD010_ses-01_task-PassiveListen__trial-15,sub-SD010,ses-01,sub-SD010_ses-01_task-PassiveListen,s4003b-ex01,Block 2,True,UNASSIGNED,No adjacent-time random split; subject/session/story keys retained; train-only fitted transforms
ds004703,sub-SD010_ses-01_task-PassiveListen__trial-16,sub-SD010,ses-01,sub-SD010_ses-01_task-PassiveListen,s3602b-ex02,Block 2,True,UNASSIGNED,No adjacent-time random split; subject/session/story keys retained; train-only fitted transforms
ds004703,sub-SD010_ses-01_task-PassiveListen__trial-17,sub-SD010,ses-01,sub-SD010_ses-01_task-PassiveListen,s2102a-ex02,Block 2,True,UNASSIGNED,No adjacent-time random split; subject/session/story keys retained; train-only fitted transforms
ds004703,sub-SD010_ses-01_task-PassiveListen__trial-18,sub-SD010,ses-01,sub-SD010_ses-01_task-PassiveListen,s3903b-ex01,Block 2,True,UNASSIGNED,No adjacent-time random split; subject/session/story keys retained; train-only fitted transforms
ds004703,sub-SD010_ses-01_task-PassiveListen__trial-19,sub-SD010,ses-01,sub-SD010_ses-01_task-PassiveListen,s2202b-ex02,Block 2,True,UNASSIGNED,No adjacent-time random split; subject/session/story keys retained; train-only fitted transforms
ds004703,sub-SD010_ses-01_task-PassiveListen__trial-20,sub-SD010,ses-01,sub-SD010_ses-01_task-PassiveListen,s1201a-ex01,Block 2,True,UNASSIGNED,No adjacent-time random split; subject/session/story keys retained; train-only fitted transforms
ds004703,sub-SD010_ses-01_task-PassiveListen__trial-21,sub-SD010,ses-01,sub-SD010_ses-01_task-PassiveListen,pleasePressSpace,NOT_APPLICABLE,False,UNASSIGNED,No adjacent-time random split; subject/session/story keys retained; train-only fitted transforms
ds004703,sub-SD010_ses-01_task-PassiveListen__trial-22,sub-SD010,ses-01,sub-SD010_ses-01_task-PassiveListen,catalan-f01,Block 2,False,UNASSIGNED,No adjacent-time random split; subject/session/story keys retained; train-only fitted transforms
ds004703,sub-SD010_ses-01_task-PassiveListen__trial-23,sub-SD010,ses-01,sub-SD010_ses-01_task-PassiveListen,s1303a-ex02,Block 3,True,UNASSIGNED,No adjacent-time random split; subject/session/story keys retained; train-only fitted transforms
ds004703,sub-SD010_ses-01_task-PassiveListen__trial-24,sub-SD010,ses-01,sub-SD010_ses-01_task-PassiveListen,s1501a-ex01,Block 3,True,UNASSIGNED,No adjacent-time random split; subject/session/story keys retained; train-only fitted transforms
ds004703,sub-SD010_ses-01_task-PassiveListen__trial-25,sub-SD010,ses-01,sub-SD010_ses-01_task-PassiveListen,s3201a-ex01,Block 3,True,UNASSIGNED,No adjacent-time random split; subject/session/story keys retained; train-only fitted transforms
ds004703,sub-SD010_ses-01_task-PassiveListen__trial-26,sub-SD010,ses-01,sub-SD010_ses-01_task-PassiveListen,s3903b-ex02,Block 3,True,UNASSIGNED,No adjacent-time random split; subject/session/story keys retained; train-only fitted transforms
ds004703,sub-SD010_ses-01_task-PassiveListen__trial-27,sub-SD010,ses-01,sub-SD010_ses-01_task-PassiveListen,pleasePressSpace,NOT_APPLICABLE,False,UNASSIGNED,No adjacent-time random split; subject/session/story keys retained; train-only fitted transforms
ds004703,sub-SD010_ses-01_task-PassiveListen__trial-28,sub-SD010,ses-01,sub-SD010_ses-01_task-PassiveListen,catalan-m02,Block 3,False,UNASSIGNED,No adjacent-time random split; subject/session/story keys retained; train-only fitted transforms
ds004703,sub-SD010_ses-01_task-PassiveListen__trial-29,sub-SD010,ses-01,sub-SD010_ses-01_task-PassiveListen,s1001a-ex01,Block 3,True,UNASSIGNED,No adjacent-time random split; subject/session/story keys retained; train-only fitted transforms
ds004703,sub-SD010_ses-01_task-PassiveListen__trial-30,sub-SD010,ses-01,sub-SD010_ses-01_task-PassiveListen,s1401a-ex02,Block 3,True,UNASSIGNED,No adjacent-time random split; subject/session/story keys retained; train-only fitted transforms
ds004703,sub-SD010_ses-01_task-PassiveListen__trial-31,sub-SD010,ses-01,sub-SD010_ses-01_task-PassiveListen,s3703b-ex01,Block 3,True,UNASSIGNED,No adjacent-time random split; subject/session/story keys retained; train-only fitted transforms
ds004703,sub-SD010_ses-01_task-PassiveListen__trial-32,sub-SD010,ses-01,sub-SD010_ses-01_task-PassiveListen,s3301a-ex02,Block 3,True,UNASSIGNED,No adjacent-time random split; subject/session/story keys retained; train-only fitted transforms
ds004703,sub-SD010_ses-01_task-PassiveListen__trial-33,sub-SD010,ses-01,sub-SD010_ses-01_task-PassiveListen,pleasePressSpace,NOT_APPLICABLE,False,UNASSIGNED,No adjacent-time random split; subject/session/story keys retained; train-only fitted transforms
ds004703,sub-SD010_ses-01_task-PassiveListen__trial-34,sub-SD010,ses-01,sub-SD010_ses-01_task-PassiveListen,catalan-f02,Block 4,False,UNASSIGNED,No adjacent-time random split; subject/session/story keys retained; train-only fitted transforms
ds004703,sub-SD010_ses-01_task-PassiveListen__trial-35,sub-SD010,ses-01,sub-SD010_ses-01_task-PassiveListen,s3102b-ex01,Block 4,True,UNASSIGNED,No adjacent-time random split; subject/session/story keys retained; train-only fitted transforms
ds004703,sub-SD010_ses-01_task-PassiveListen__trial-36,sub-SD010,ses-01,sub-SD010_ses-01_task-PassiveListen,s0702a-ex01,Block 4,True,UNASSIGNED,No adjacent-time random split; subject/session/story keys retained; train-only fitted transforms
ds004703,sub-SD010_ses-01_task-PassiveListen__trial-37,sub-SD010,ses-01,sub-SD010_ses-01_task-PassiveListen,s0202b-ex01,Block 4,True,UNASSIGNED,No adjacent-time random split; subject/session/story keys retained; train-only fitted transforms
ds004703,sub-SD010_ses-01_task-PassiveListen__trial-38,sub-SD010,ses-01,sub-SD010_ses-01_task-PassiveListen,s1604a-ex01,Block 4,True,UNASSIGNED,No adjacent-time random split; subject/session/story keys retained; train-only fitted transforms
ds004703,sub-SD010_ses-01_task-PassiveListen__trial-39,sub-SD010,ses-01,sub-SD010_ses-01_task-PassiveListen,s2801a-ex01,Block 4,True,UNASSIGNED,No adjacent-time random split; subject/session/story keys retained; train-only fitted transforms
ds004703,sub-SD010_ses-01_task-PassiveListen__trial-40,sub-SD010,ses-01,sub-SD010_ses-01_task-PassiveListen,s3802a-ex01,Block 4,True,UNASSIGNED,No adjacent-time random split; subject/session/story keys retained; train-only fitted transforms
ds004703,sub-SD010_ses-01_task-PassiveListen__trial-41,sub-SD010,ses-01,sub-SD010_ses-01_task-PassiveListen,s3902a-ex01,Block 4,True,UNASSIGNED,No adjacent-time random split; subject/session/story keys retained; train-only fitted transforms
ds004703,sub-SD010_ses-01_task-PassiveListen__trial-42,sub-SD010,ses-01,sub-SD010_ses-01_task-PassiveListen,s2102a-ex03,Block 4,True,UNASSIGNED,No adjacent-time random split; subject/session/story keys retained; train-only fitted transforms
ds004703,sub-SD011_ses-01_task-PassiveListen__trial-0,sub-SD011,ses-01,sub-SD011_ses-01_task-PassiveListen,welcome,NOT_APPLICABLE,False,UNASSIGNED,No adjacent-time random split; subject/session/story keys retained; train-only fitted transforms
ds004703,sub-SD011_ses-01_task-PassiveListen__trial-1,sub-SD011,ses-01,sub-SD011_ses-01_task-PassiveListen,instructions1,NOT_APPLICABLE,False,UNASSIGNED,No adjacent-time random split; subject/session/story keys retained; train-only fitted transforms
ds004703,sub-SD011_ses-01_task-PassiveListen__trial-2,sub-SD011,ses-01,sub-SD011_ses-01_task-PassiveListen,instructions3,NOT_APPLICABLE,False,UNASSIGNED,No adjacent-time random split; subject/session/story keys retained; train-only fitted transforms
ds004703,sub-SD011_ses-01_task-PassiveListen__trial-3,sub-SD011,ses-01,sub-SD011_ses-01_task-PassiveListen,s3602b-ex01,Block 1,True,UNASSIGNED,No adjacent-time random split; subject/session/story keys retained; train-only fitted transforms
ds004703,sub-SD011_ses-01_task-PassiveListen__trial-4,sub-SD011,ses-01,sub-SD011_ses-01_task-PassiveListen,s1901b-ex01,Block 1,True,UNASSIGNED,No adjacent-time random split; subject/session/story keys retained; train-only fitted transforms
ds004703,sub-SD011_ses-01_task-PassiveListen__trial-5,sub-SD011,ses-01,sub-SD011_ses-01_task-PassiveListen,s2102a-ex01,Block 1,True,UNASSIGNED,No adjacent-time random split; subject/session/story keys retained; train-only fitted transforms
ds004703,sub-SD011_ses-01_task-PassiveListen__trial-6,sub-SD011,ses-01,sub-SD011_ses-01_task-PassiveListen,s3001b-ex01,Block 1,True,UNASSIGNED,No adjacent-time random split; subject/session/story keys retained; train-only fitted transforms
ds004703,sub-SD011_ses-01_task-PassiveListen__trial-7,sub-SD011,ses-01,sub-SD011_ses-01_task-PassiveListen,s2301a-ex01,Block 1,True,UNASSIGNED,No adjacent-time random split; subject/session/story keys retained; train-only fitted transforms
ds004703,sub-SD011_ses-01_task-PassiveListen__trial-8,sub-SD011,ses-01,sub-SD011_ses-01_task-PassiveListen,s4002b-ex01,Block 1,True,UNASSIGNED,No adjacent-time random split; subject/session/story keys retained; train-only fitted transforms
ds004703,sub-SD011_ses-01_task-PassiveListen__trial-9,sub-SD011,ses-01,sub-SD011_ses-01_task-PassiveListen,s1401a-ex01,Block 1,True,UNASSIGNED,No adjacent-time random split; subject/session/story keys retained; train-only fitted transforms
ds004703,sub-SD011_ses-01_task-PassiveListen__trial-10,sub-SD011,ses-01,sub-SD011_ses-01_task-PassiveListen,pleasePressSpace,NOT_APPLICABLE,False,UNASSIGNED,No adjacent-time random split; subject/session/story keys retained; train-only fitted transforms
ds004703,sub-SD011_ses-01_task-PassiveListen__trial-11,sub-SD011,ses-01,sub-SD011_ses-01_task-PassiveListen,catalan-m01,Block 1,False,UNASSIGNED,No adjacent-time random split; subject/session/story keys retained; train-only fitted transforms
ds004703,sub-SD011_ses-01_task-PassiveListen__trial-12,sub-SD011,ses-01,sub-SD011_ses-01_task-PassiveListen,s1303a-ex01,Block 1,True,UNASSIGNED,No adjacent-time random split; subject/session/story keys retained; train-only fitted transforms
ds004703,sub-SD011_ses-01_task-PassiveListen__trial-13,sub-SD011,ses-01,sub-SD011_ses-01_task-PassiveListen,s3903b-ex01,Block 2,True,UNASSIGNED,No adjacent-time random split; subject/session/story keys retained; train-only fitted transforms
ds004703,sub-SD011_ses-01_task-PassiveListen__trial-14,sub-SD011,ses-01,sub-SD011_ses-01_task-PassiveListen,s0703b-ex01,Block 2,True,UNASSIGNED,No adjacent-time random split; subject/session/story keys retained; train-only fitted transforms
ds004703,sub-SD011_ses-01_task-PassiveListen__trial-15,sub-SD011,ses-01,sub-SD011_ses-01_task-PassiveListen,s2102a-ex02,Block 2,True,UNASSIGNED,No adjacent-time random split; subject/session/story keys retained; train-only fitted transforms
ds004703,sub-SD011_ses-01_task-PassiveListen__trial-16,sub-SD011,ses-01,sub-SD011_ses-01_task-PassiveListen,s3301a-ex01,Block 2,True,UNASSIGNED,No adjacent-time random split; subject/session/story keys retained; train-only fitted transforms
ds004703,sub-SD011_ses-01_task-PassiveListen__trial-17,sub-SD011,ses-01,sub-SD011_ses-01_task-PassiveListen,s4003b-ex01,Block 2,True,UNASSIGNED,No adjacent-time random split; subject/session/story keys retained; train-only fitted transforms
ds004703,sub-SD011_ses-01_task-PassiveListen__trial-18,sub-SD011,ses-01,sub-SD011_ses-01_task-PassiveListen,s2202b-ex02,Block 2,True,UNASSIGNED,No adjacent-time random split; subject/session/story keys retained; train-only fitted transforms
ds004703,sub-SD011_ses-01_task-PassiveListen__trial-19,sub-SD011,ses-01,sub-SD011_ses-01_task-PassiveListen,s3602b-ex02,Block 2,True,UNASSIGNED,No adjacent-time random split; subject/session/story keys retained; train-only fitted transforms
ds004703,sub-SD011_ses-01_task-PassiveListen__trial-20,sub-SD011,ses-01,sub-SD011_ses-01_task-PassiveListen,s1201a-ex01,Block 2,True,UNASSIGNED,No adjacent-time random split; subject/session/story keys retained; train-only fitted transforms
ds004703,sub-SD011_ses-01_task-PassiveListen__trial-21,sub-SD011,ses-01,sub-SD011_ses-01_task-PassiveListen,pleasePressSpace,NOT_APPLICABLE,False,UNASSIGNED,No adjacent-time random split; subject/session/story keys retained; train-only fitted transforms
ds004703,sub-SD011_ses-01_task-PassiveListen__trial-22,sub-SD011,ses-01,sub-SD011_ses-01_task-PassiveListen,catalan-f01,Block 2,False,UNASSIGNED,No adjacent-time random split; subject/session/story keys retained; train-only fitted transforms
ds004703,sub-SD011_ses-01_task-PassiveListen__trial-23,sub-SD011,ses-01,sub-SD011_ses-01_task-PassiveListen,s1303a-ex02,Block 3,True,UNASSIGNED,No adjacent-time random split; subject/session/story keys retained; train-only fitted transforms
ds004703,sub-SD011_ses-01_task-PassiveListen__trial-24,sub-SD011,ses-01,sub-SD011_ses-01_task-PassiveListen,s3301a-ex02,Block 3,True,UNASSIGNED,No adjacent-time random split; subject/session/story keys retained; train-only fitted transforms
ds004703,sub-SD011_ses-01_task-PassiveListen__trial-25,sub-SD011,ses-01,sub-SD011_ses-01_task-PassiveListen,s1501a-ex01,Block 3,True,UNASSIGNED,No adjacent-time random split; subject/session/story keys retained; train-only fitted transforms
ds004703,sub-SD011_ses-01_task-PassiveListen__trial-26,sub-SD011,ses-01,sub-SD011_ses-01_task-PassiveListen,s1401a-ex02,Block 3,True,UNASSIGNED,No adjacent-time random split; subject/session/story keys retained; train-only fitted transforms
ds004703,sub-SD011_ses-01_task-PassiveListen__trial-27,sub-SD011,ses-01,sub-SD011_ses-01_task-PassiveListen,s3903b-ex02,Block 3,True,UNASSIGNED,No adjacent-time random split; subject/session/story keys retained; train-only fitted transforms
ds004703,sub-SD011_ses-01_task-PassiveListen__trial-28,sub-SD011,ses-01,sub-SD011_ses-01_task-PassiveListen,s3201a-ex01,Block 3,True,UNASSIGNED,No adjacent-time random split; subject/session/story keys retained; train-only fitted transforms
ds004703,sub-SD011_ses-01_task-PassiveListen__trial-29,sub-SD011,ses-01,sub-SD011_ses-01_task-PassiveListen,pleasePressSpace,NOT_APPLICABLE,False,UNASSIGNED,No adjacent-time random split; subject/session/story keys retained; train-only fitted transforms
ds004703,sub-SD011_ses-01_task-PassiveListen__trial-30,sub-SD011,ses-01,sub-SD011_ses-01_task-PassiveListen,catalan-m02,Block 3,False,UNASSIGNED,No adjacent-time random split; subject/session/story keys retained; train-only fitted transforms
ds004703,sub-SD011_ses-01_task-PassiveListen__trial-31,sub-SD011,ses-01,sub-SD011_ses-01_task-PassiveListen,s1001a-ex01,Block 3,True,UNASSIGNED,No adjacent-time random split; subject/session/story keys retained; train-only fitted transforms
ds004703,sub-SD011_ses-01_task-PassiveListen__trial-32,sub-SD011,ses-01,sub-SD011_ses-01_task-PassiveListen,s3703b-ex01,Block 3,True,UNASSIGNED,No adjacent-time random split; subject/session/story keys retained; train-only fitted transforms
ds004703,sub-SD011_ses-01_task-PassiveListen__trial-33,sub-SD011,ses-01,sub-SD011_ses-01_task-PassiveListen,s2801a-ex01,Block 4,True,UNASSIGNED,No adjacent-time random split; subject/session/story keys retained; train-only fitted transforms
ds004703,sub-SD011_ses-01_task-PassiveListen__trial-34,sub-SD011,ses-01,sub-SD011_ses-01_task-PassiveListen,s1604a-ex01,Block 4,True,UNASSIGNED,No adjacent-time random split; subject/session/story keys retained; train-only fitted transforms
ds004703,sub-SD011_ses-01_task-PassiveListen__trial-35,sub-SD011,ses-01,sub-SD011_ses-01_task-PassiveListen,s0702a-ex01,Block 4,True,UNASSIGNED,No adjacent-time random split; subject/session/story keys retained; train-only fitted transforms
ds004703,sub-SD011_ses-01_task-PassiveListen__trial-36,sub-SD011,ses-01,sub-SD011_ses-01_task-PassiveListen,s3902a-ex01,Block 4,True,UNASSIGNED,No adjacent-time random split; subject/session/story keys retained; train-only fitted transforms
ds004703,sub-SD011_ses-01_task-PassiveListen__trial-37,sub-SD011,ses-01,sub-SD011_ses-01_task-PassiveListen,s3802a-ex01,Block 4,True,UNASSIGNED,No adjacent-time random split; subject/session/story keys retained; train-only fitted transforms
ds004703,sub-SD011_ses-01_task-PassiveListen__trial-38,sub-SD011,ses-01,sub-SD011_ses-01_task-PassiveListen,s2102a-ex03,Block 4,True,UNASSIGNED,No adjacent-time random split; subject/session/story keys retained; train-only fitted transforms
ds004703,sub-SD011_ses-01_task-PassiveListen__trial-39,sub-SD011,ses-01,sub-SD011_ses-01_task-PassiveListen,pleasePressSpace,NOT_APPLICABLE,False,UNASSIGNED,No adjacent-time random split; subject/session/story keys retained; train-only fitted transforms
ds004703,sub-SD011_ses-01_task-PassiveListen__trial-40,sub-SD011,ses-01,sub-SD011_ses-01_task-PassiveListen,catalan-f02,Block 4,False,UNASSIGNED,No adjacent-time random split; subject/session/story keys retained; train-only fitted transforms
ds004703,sub-SD011_ses-01_task-PassiveListen__trial-41,sub-SD011,ses-01,sub-SD011_ses-01_task-PassiveListen,s0202b-ex01,Block 4,True,UNASSIGNED,No adjacent-time random split; subject/session/story keys retained; train-only fitted transforms
ds004703,sub-SD011_ses-01_task-PassiveListen__trial-42,sub-SD011,ses-01,sub-SD011_ses-01_task-PassiveListen,s3102b-ex01,Block 4,True,UNASSIGNED,No adjacent-time random split; subject/session/story keys retained; train-only fitted transforms
ds004703,sub-SD011_ses-01_task-PassiveListen__trial-43,sub-SD011,ses-01,sub-SD011_ses-01_task-PassiveListen,s1202b-ex01,Block 5,True,UNASSIGNED,No adjacent-time random split; subject/session/story keys retained; train-only fitted transforms
ds004703,sub-SD011_ses-01_task-PassiveListen__trial-44,sub-SD011,ses-01,sub-SD011_ses-01_task-PassiveListen,s1103a-ex01,Block 5,True,UNASSIGNED,No adjacent-time random split; subject/session/story keys retained; train-only fitted transforms
ds004703,sub-SD011_ses-01_task-PassiveListen__trial-45,sub-SD011,ses-01,sub-SD011_ses-01_task-PassiveListen,s1703b-ex01,Block 5,True,UNASSIGNED,No adjacent-time random split; subject/session/story keys retained; train-only fitted transforms
ds004703,sub-SD011_ses-01_task-PassiveListen__trial-46,sub-SD011,ses-01,sub-SD011_ses-01_task-PassiveListen,s0203b-ex01,Block 5,True,UNASSIGNED,No adjacent-time random split; subject/session/story keys retained; train-only fitted transforms
ds004703,sub-SD011_ses-01_task-PassiveListen__trial-47,sub-SD011,ses-01,sub-SD011_ses-01_task-PassiveListen,s1401b-ex01,Block 5,True,UNASSIGNED,No adjacent-time random split; subject/session/story keys retained; train-only fitted transforms
ds004703,sub-SD011_ses-01_task-PassiveListen__trial-48,sub-SD011,ses-01,sub-SD011_ses-01_task-PassiveListen,pleasePressSpace,NOT_APPLICABLE,False,UNASSIGNED,No adjacent-time random split; subject/session/story keys retained; train-only fitted transforms
ds004703,sub-SD011_ses-01_task-PassiveListen__trial-49,sub-SD011,ses-01,sub-SD011_ses-01_task-PassiveListen,catalan-m03,Block 5,False,UNASSIGNED,No adjacent-time random split; subject/session/story keys retained; train-only fitted transforms
ds004703,sub-SD011_ses-01_task-PassiveListen__trial-50,sub-SD011,ses-01,sub-SD011_ses-01_task-PassiveListen,s3003a-ex01,Block 5,True,UNASSIGNED,No adjacent-time random split; subject/session/story keys retained; train-only fitted transforms
ds004703,sub-SD011_ses-01_task-PassiveListen__trial-51,sub-SD011,ses-01,sub-SD011_ses-01_task-PassiveListen,s1503a-ex01,Block 5,True,UNASSIGNED,No adjacent-time random split; subject/session/story keys retained; train-only fitted transforms
ds004703,sub-SD011_ses-01_task-PassiveListen__trial-52,sub-SD011,ses-01,sub-SD011_ses-01_task-PassiveListen,s0802b-ex01,Block 5,True,UNASSIGNED,No adjacent-time random split; subject/session/story keys retained; train-only fitted transforms
ds004703,sub-SD011_ses-01_task-PassiveListen__trial-53,sub-SD011,ses-01,sub-SD011_ses-01_task-PassiveListen,s1702b-ex01,Block 6,True,UNASSIGNED,No adjacent-time random split; subject/session/story keys retained; train-only fitted transforms
ds004703,sub-SD011_ses-01_task-PassiveListen__trial-54,sub-SD011,ses-01,sub-SD011_ses-01_task-PassiveListen,s0901b-ex01,Block 6,True,UNASSIGNED,No adjacent-time random split; subject/session/story keys retained; train-only fitted transforms
ds004703,sub-SD011_ses-01_task-PassiveListen__trial-55,sub-SD011,ses-01,sub-SD011_ses-01_task-PassiveListen,s2302b-ex01,Block 6,True,UNASSIGNED,No adjacent-time random split; subject/session/story keys retained; train-only fitted transforms
ds004703,sub-SD011_ses-01_task-PassiveListen__trial-56,sub-SD011,ses-01,sub-SD011_ses-01_task-PassiveListen,s3801a-ex01,Block 6,True,UNASSIGNED,No adjacent-time random split; subject/session/story keys retained; train-only fitted transforms
ds004703,sub-SD011_ses-01_task-PassiveListen__trial-57,sub-SD011,ses-01,sub-SD011_ses-01_task-PassiveListen,s0305a-ex01,Block 6,True,UNASSIGNED,No adjacent-time random split; subject/session/story keys retained; train-only fitted transforms
ds004703,sub-SD011_ses-01_task-PassiveListen__trial-58,sub-SD011,ses-01,sub-SD011_ses-01_task-PassiveListen,s1503a-ex02,Block 6,True,UNASSIGNED,No adjacent-time random split; subject/session/story keys retained; train-only fitted transforms
ds004703,sub-SD011_ses-01_task-PassiveListen__trial-59,sub-SD011,ses-01,sub-SD011_ses-01_task-PassiveListen,s1203a-ex01,Block 6,True,UNASSIGNED,No adjacent-time random split; subject/session/story keys retained; train-only fitted transforms
ds004703,sub-SD011_ses-01_task-PassiveListen__trial-60,sub-SD011,ses-01,sub-SD011_ses-01_task-PassiveListen,pleasePressSpace,NOT_APPLICABLE,False,UNASSIGNED,No adjacent-time random split; subject/session/story keys retained; train-only fitted transforms
ds004703,sub-SD011_ses-01_task-PassiveListen__trial-61,sub-SD011,ses-01,sub-SD011_ses-01_task-PassiveListen,catalan-f03,Block 6,False,UNASSIGNED,No adjacent-time random split; subject/session/story keys retained; train-only fitted transforms
ds004703,sub-SD011_ses-01_task-PassiveListen__trial-62,sub-SD011,ses-01,sub-SD011_ses-01_task-PassiveListen,s3003a-ex02,Block 6,True,UNASSIGNED,No adjacent-time random split; subject/session/story keys retained; train-only fitted transforms
ds004703,sub-SD012_ses-01_task-PassiveListen__trial-0,sub-SD012,ses-01,sub-SD012_ses-01_task-PassiveListen,welcome,NOT_APPLICABLE,False,UNASSIGNED,No adjacent-time random split; subject/session/story keys retained; train-only fitted transforms
ds004703,sub-SD012_ses-01_task-PassiveListen__trial-1,sub-SD012,ses-01,sub-SD012_ses-01_task-PassiveListen,instructions1,NOT_APPLICABLE,False,UNASSIGNED,No adjacent-time random split; subject/session/story keys retained; train-only fitted transforms
ds004703,sub-SD012_ses-01_task-PassiveListen__trial-2,sub-SD012,ses-01,sub-SD012_ses-01_task-PassiveListen,instructions3,NOT_APPLICABLE,False,UNASSIGNED,No adjacent-time random split; subject/session/story keys retained; train-only fitted transforms
ds004703,sub-SD012_ses-01_task-PassiveListen__trial-3,sub-SD012,ses-01,sub-SD012_ses-01_task-PassiveListen,s1401a-ex01,Block 1,True,UNASSIGNED,No adjacent-time random split; subject/session/story keys retained; train-only fitted transforms
ds004703,sub-SD012_ses-01_task-PassiveListen__trial-4,sub-SD012,ses-01,sub-SD012_ses-01_task-PassiveListen,pleasePressSpace,NOT_APPLICABLE,False,UNASSIGNED,No adjacent-time random split; subject/session/story keys retained; train-only fitted transforms
ds004703,sub-SD012_ses-01_task-PassiveListen__trial-5,sub-SD012,ses-01,sub-SD012_ses-01_task-PassiveListen,catalan-m01,Block 1,False,UNASSIGNED,No adjacent-time random split; subject/session/story keys retained; train-only fitted transforms
ds004703,sub-SD012_ses-01_task-PassiveListen__trial-6,sub-SD012,ses-01,sub-SD012_ses-01_task-PassiveListen,s3602b-ex01,Block 1,True,UNASSIGNED,No adjacent-time random split; subject/session/story keys retained; train-only fitted transforms
ds004703,sub-SD012_ses-02_task-PassiveListen__trial-0,sub-SD012,ses-02,sub-SD012_ses-02_task-PassiveListen,welcome,NOT_APPLICABLE,False,UNASSIGNED,No adjacent-time random split; subject/session/story keys retained; train-only fitted transforms
ds004703,sub-SD012_ses-02_task-PassiveListen__trial-1,sub-SD012,ses-02,sub-SD012_ses-02_task-PassiveListen,instructions1,NOT_APPLICABLE,False,UNASSIGNED,No adjacent-time random split; subject/session/story keys retained; train-only fitted transforms
ds004703,sub-SD012_ses-02_task-PassiveListen__trial-2,sub-SD012,ses-02,sub-SD012_ses-02_task-PassiveListen,instructions3,NOT_APPLICABLE,False,UNASSIGNED,No adjacent-time random split; subject/session/story keys retained; train-only fitted transforms
ds004703,sub-SD012_ses-02_task-PassiveListen__trial-3,sub-SD012,ses-02,sub-SD012_ses-02_task-PassiveListen,s4002b-ex01,Block 1,True,UNASSIGNED,No adjacent-time random split; subject/session/story keys retained; train-only fitted transforms
ds004703,sub-SD012_ses-02_task-PassiveListen__trial-4,sub-SD012,ses-02,sub-SD012_ses-02_task-PassiveListen,s1401a-ex01,Block 1,True,UNASSIGNED,No adjacent-time random split; subject/session/story keys retained; train-only fitted transforms
ds004703,sub-SD012_ses-02_task-PassiveListen__trial-5,sub-SD012,ses-02,sub-SD012_ses-02_task-PassiveListen,s2301a-ex01,Block 1,True,UNASSIGNED,No adjacent-time random split; subject/session/story keys retained; train-only fitted transforms
ds004703,sub-SD012_ses-02_task-PassiveListen__trial-6,sub-SD012,ses-02,sub-SD012_ses-02_task-PassiveListen,s1303a-ex01,Block 1,True,UNASSIGNED,No adjacent-time random split; subject/session/story keys retained; train-only fitted transforms
ds004703,sub-SD012_ses-02_task-PassiveListen__trial-7,sub-SD012,ses-02,sub-SD012_ses-02_task-PassiveListen,pleasePressSpace,NOT_APPLICABLE,False,UNASSIGNED,No adjacent-time random split; subject/session/story keys retained; train-only fitted transforms
ds004703,sub-SD012_ses-02_task-PassiveListen__trial-8,sub-SD012,ses-02,sub-SD012_ses-02_task-PassiveListen,catalan-m01,Block 1,False,UNASSIGNED,No adjacent-time random split; subject/session/story keys retained; train-only fitted transforms
ds004703,sub-SD012_ses-02_task-PassiveListen__trial-9,sub-SD012,ses-02,sub-SD012_ses-02_task-PassiveListen,s2102a-ex01,Block 1,True,UNASSIGNED,No adjacent-time random split; subject/session/story keys retained; train-only fitted transforms
ds004703,sub-SD012_ses-02_task-PassiveListen__trial-10,sub-SD012,ses-02,sub-SD012_ses-02_task-PassiveListen,s3602b-ex01,Block 1,True,UNASSIGNED,No adjacent-time random split; subject/session/story keys retained; train-only fitted transforms
ds004703,sub-SD012_ses-02_task-PassiveListen__trial-11,sub-SD012,ses-02,sub-SD012_ses-02_task-PassiveListen,s1901b-ex01,Block 1,True,UNASSIGNED,No adjacent-time random split; subject/session/story keys retained; train-only fitted transforms
ds004703,sub-SD012_ses-02_task-PassiveListen__trial-12,sub-SD012,ses-02,sub-SD012_ses-02_task-PassiveListen,s3001b-ex01,Block 1,True,UNASSIGNED,No adjacent-time random split; subject/session/story keys retained; train-only fitted transforms
ds004703,sub-SD012_ses-02_task-PassiveListen__trial-13,sub-SD012,ses-02,sub-SD012_ses-02_task-PassiveListen,pleasePressSpace,NOT_APPLICABLE,False,UNASSIGNED,No adjacent-time random split; subject/session/story keys retained; train-only fitted transforms
ds004703,sub-SD012_ses-02_task-PassiveListen__trial-14,sub-SD012,ses-02,sub-SD012_ses-02_task-PassiveListen,catalan-f01,Block 2,False,UNASSIGNED,No adjacent-time random split; subject/session/story keys retained; train-only fitted transforms
ds004703,sub-SD012_ses-02_task-PassiveListen__trial-15,sub-SD012,ses-02,sub-SD012_ses-02_task-PassiveListen,s3602b-ex02,Block 2,True,UNASSIGNED,No adjacent-time random split; subject/session/story keys retained; train-only fitted transforms
ds004703,sub-SD012_ses-02_task-PassiveListen__trial-16,sub-SD012,ses-02,sub-SD012_ses-02_task-PassiveListen,s3903b-ex01,Block 2,True,UNASSIGNED,No adjacent-time random split; subject/session/story keys retained; train-only fitted transforms
ds004703,sub-SD012_ses-02_task-PassiveListen__trial-17,sub-SD012,ses-02,sub-SD012_ses-02_task-PassiveListen,s1201a-ex01,Block 2,True,UNASSIGNED,No adjacent-time random split; subject/session/story keys retained; train-only fitted transforms
ds004703,sub-SD012_ses-02_task-PassiveListen__trial-18,sub-SD012,ses-02,sub-SD012_ses-02_task-PassiveListen,s2202b-ex02,Block 2,True,UNASSIGNED,No adjacent-time random split; subject/session/story keys retained; train-only fitted transforms
ds004703,sub-SD012_ses-02_task-PassiveListen__trial-19,sub-SD012,ses-02,sub-SD012_ses-02_task-PassiveListen,s0703b-ex01,Block 2,True,UNASSIGNED,No adjacent-time random split; subject/session/story keys retained; train-only fitted transforms
ds004703,sub-SD012_ses-02_task-PassiveListen__trial-20,sub-SD012,ses-02,sub-SD012_ses-02_task-PassiveListen,s2102a-ex02,Block 2,True,UNASSIGNED,No adjacent-time random split; subject/session/story keys retained; train-only fitted transforms
ds004703,sub-SD012_ses-02_task-PassiveListen__trial-21,sub-SD012,ses-02,sub-SD012_ses-02_task-PassiveListen,s4003b-ex01,Block 2,True,UNASSIGNED,No adjacent-time random split; subject/session/story keys retained; train-only fitted transforms
ds004703,sub-SD012_ses-02_task-PassiveListen__trial-22,sub-SD012,ses-02,sub-SD012_ses-02_task-PassiveListen,s3301a-ex01,Block 2,True,UNASSIGNED,No adjacent-time random split; subject/session/story keys retained; train-only fitted transforms
ds004703,sub-SD012_ses-02_task-PassiveListen__trial-23,sub-SD012,ses-02,sub-SD012_ses-02_task-PassiveListen,s1501a-ex01,Block 3,True,UNASSIGNED,No adjacent-time random split; subject/session/story keys retained; train-only fitted transforms
ds004703,sub-SD012_ses-02_task-PassiveListen__trial-24,sub-SD012,ses-02,sub-SD012_ses-02_task-PassiveListen,s3301a-ex02,Block 3,True,UNASSIGNED,No adjacent-time random split; subject/session/story keys retained; train-only fitted transforms
ds004703,sub-SD012_ses-02_task-PassiveListen__trial-25,sub-SD012,ses-02,sub-SD012_ses-02_task-PassiveListen,s1303a-ex02,Block 3,True,UNASSIGNED,No adjacent-time random split; subject/session/story keys retained; train-only fitted transforms
ds004703,sub-SD012_ses-02_task-PassiveListen__trial-26,sub-SD012,ses-02,sub-SD012_ses-02_task-PassiveListen,s1001a-ex01,Block 3,True,UNASSIGNED,No adjacent-time random split; subject/session/story keys retained; train-only fitted transforms
ds004703,sub-SD012_ses-02_task-PassiveListen__trial-27,sub-SD012,ses-02,sub-SD012_ses-02_task-PassiveListen,s3201a-ex01,Block 3,True,UNASSIGNED,No adjacent-time random split; subject/session/story keys retained; train-only fitted transforms
ds004703,sub-SD012_ses-02_task-PassiveListen__trial-28,sub-SD012,ses-02,sub-SD012_ses-02_task-PassiveListen,s3703b-ex01,Block 3,True,UNASSIGNED,No adjacent-time random split; subject/session/story keys retained; train-only fitted transforms
ds004703,sub-SD012_ses-02_task-PassiveListen__trial-29,sub-SD012,ses-02,sub-SD012_ses-02_task-PassiveListen,s1401a-ex02,Block 3,True,UNASSIGNED,No adjacent-time random split; subject/session/story keys retained; train-only fitted transforms
ds004703,sub-SD012_ses-02_task-PassiveListen__trial-30,sub-SD012,ses-02,sub-SD012_ses-02_task-PassiveListen,s3903b-ex02,Block 3,True,UNASSIGNED,No adjacent-time random split; subject/session/story keys retained; train-only fitted transforms
ds004703,sub-SD012_ses-02_task-PassiveListen__trial-31,sub-SD012,ses-02,sub-SD012_ses-02_task-PassiveListen,pleasePressSpace,NOT_APPLICABLE,False,UNASSIGNED,No adjacent-time random split; subject/session/story keys retained; train-only fitted transforms
ds004703,sub-SD012_ses-02_task-PassiveListen__trial-32,sub-SD012,ses-02,sub-SD012_ses-02_task-PassiveListen,catalan-m02,Block 3,False,UNASSIGNED,No adjacent-time random split; subject/session/story keys retained; train-only fitted transforms
ds004703,sub-SD012_ses-02_task-PassiveListen__trial-33,sub-SD012,ses-02,sub-SD012_ses-02_task-PassiveListen,pleasePressSpace,NOT_APPLICABLE,False,UNASSIGNED,No adjacent-time random split; subject/session/story keys retained; train-only fitted transforms
ds004703,sub-SD012_ses-02_task-PassiveListen__trial-34,sub-SD012,ses-02,sub-SD012_ses-02_task-PassiveListen,catalan-f02,Block 4,False,UNASSIGNED,No adjacent-time random split; subject/session/story keys retained; train-only fitted transforms
ds004703,sub-SD012_ses-02_task-PassiveListen__trial-35,sub-SD012,ses-02,sub-SD012_ses-02_task-PassiveListen,s3902a-ex01,Block 4,True,UNASSIGNED,No adjacent-time random split; subject/session/story keys retained; train-only fitted transforms
ds004703,sub-SD012_ses-02_task-PassiveListen__trial-36,sub-SD012,ses-02,sub-SD012_ses-02_task-PassiveListen,s2102a-ex03,Block 4,True,UNASSIGNED,No adjacent-time random split; subject/session/story keys retained; train-only fitted transforms
ds004703,sub-SD012_ses-02_task-PassiveListen__trial-37,sub-SD012,ses-02,sub-SD012_ses-02_task-PassiveListen,s1604a-ex01,Block 4,True,UNASSIGNED,No adjacent-time random split; subject/session/story keys retained; train-only fitted transforms
ds004703,sub-SD012_ses-02_task-PassiveListen__trial-38,sub-SD012,ses-02,sub-SD012_ses-02_task-PassiveListen,s0202b-ex01,Block 4,True,UNASSIGNED,No adjacent-time random split; subject/session/story keys retained; train-only fitted transforms
ds004703,sub-SD012_ses-02_task-PassiveListen__trial-39,sub-SD012,ses-02,sub-SD012_ses-02_task-PassiveListen,s3102b-ex01,Block 4,True,UNASSIGNED,No adjacent-time random split; subject/session/story keys retained; train-only fitted transforms
ds004703,sub-SD012_ses-02_task-PassiveListen__trial-40,sub-SD012,ses-02,sub-SD012_ses-02_task-PassiveListen,s2801a-ex01,Block 4,True,UNASSIGNED,No adjacent-time random split; subject/session/story keys retained; train-only fitted transforms
ds004703,sub-SD012_ses-02_task-PassiveListen__trial-41,sub-SD012,ses-02,sub-SD012_ses-02_task-PassiveListen,s3802a-ex01,Block 4,True,UNASSIGNED,No adjacent-time random split; subject/session/story keys retained; train-only fitted transforms
ds004703,sub-SD012_ses-02_task-PassiveListen__trial-42,sub-SD012,ses-02,sub-SD012_ses-02_task-PassiveListen,s0702a-ex01,Block 4,True,UNASSIGNED,No adjacent-time random split; subject/session/story keys retained; train-only fitted transforms
ds004703,sub-SD012_ses-02_task-PassiveListen__trial-43,sub-SD012,ses-02,sub-SD012_ses-02_task-PassiveListen,s1401b-ex01,Block 5,True,UNASSIGNED,No adjacent-time random split; subject/session/story keys retained; train-only fitted transforms
ds004703,sub-SD012_ses-02_task-PassiveListen__trial-44,sub-SD012,ses-02,sub-SD012_ses-02_task-PassiveListen,s0802b-ex01,Block 5,True,UNASSIGNED,No adjacent-time random split; subject/session/story keys retained; train-only fitted transforms
ds004703,sub-SD012_ses-02_task-PassiveListen__trial-45,sub-SD012,ses-02,sub-SD012_ses-02_task-PassiveListen,s1703b-ex01,Block 5,True,UNASSIGNED,No adjacent-time random split; subject/session/story keys retained; train-only fitted transforms
ds004703,sub-SD012_ses-02_task-PassiveListen__trial-46,sub-SD012,ses-02,sub-SD012_ses-02_task-PassiveListen,s0203b-ex01,Block 5,True,UNASSIGNED,No adjacent-time random split; subject/session/story keys retained; train-only fitted transforms
ds004703,sub-SD012_ses-02_task-PassiveListen__trial-47,sub-SD012,ses-02,sub-SD012_ses-02_task-PassiveListen,s1202b-ex01,Block 5,True,UNASSIGNED,No adjacent-time random split; subject/session/story keys retained; train-only fitted transforms
ds004703,sub-SD012_ses-02_task-PassiveListen__trial-48,sub-SD012,ses-02,sub-SD012_ses-02_task-PassiveListen,s1503a-ex01,Block 5,True,UNASSIGNED,No adjacent-time random split; subject/session/story keys retained; train-only fitted transforms
ds004703,sub-SD012_ses-02_task-PassiveListen__trial-49,sub-SD012,ses-02,sub-SD012_ses-02_task-PassiveListen,pleasePressSpace,NOT_APPLICABLE,False,UNASSIGNED,No adjacent-time random split; subject/session/story keys retained; train-only fitted transforms
ds004703,sub-SD012_ses-02_task-PassiveListen__trial-50,sub-SD012,ses-02,sub-SD012_ses-02_task-PassiveListen,catalan-m03,Block 5,False,UNASSIGNED,No adjacent-time random split; subject/session/story keys retained; train-only fitted transforms
ds004703,sub-SD012_ses-02_task-PassiveListen__trial-51,sub-SD012,ses-02,sub-SD012_ses-02_task-PassiveListen,s1103a-ex01,Block 5,True,UNASSIGNED,No adjacent-time random split; subject/session/story keys retained; train-only fitted transforms
ds004703,sub-SD012_ses-02_task-PassiveListen__trial-52,sub-SD012,ses-02,sub-SD012_ses-02_task-PassiveListen,s3003a-ex01,Block 5,True,UNASSIGNED,No adjacent-time random split; subject/session/story keys retained; train-only fitted transforms
ds004703,sub-SD013_ses-01_task-PassiveListen__trial-0,sub-SD013,ses-01,sub-SD013_ses-01_task-PassiveListen,welcome,NOT_APPLICABLE,False,UNASSIGNED,No adjacent-time random split; subject/session/story keys retained; train-only fitted transforms
ds004703,sub-SD013_ses-01_task-PassiveListen__trial-1,sub-SD013,ses-01,sub-SD013_ses-01_task-PassiveListen,instructions1,NOT_APPLICABLE,False,UNASSIGNED,No adjacent-time random split; subject/session/story keys retained; train-only fitted transforms
ds004703,sub-SD013_ses-01_task-PassiveListen__trial-2,sub-SD013,ses-01,sub-SD013_ses-01_task-PassiveListen,instructions3,NOT_APPLICABLE,False,UNASSIGNED,No adjacent-time random split; subject/session/story keys retained; train-only fitted transforms
ds004703,sub-SD013_ses-01_task-PassiveListen__trial-3,sub-SD013,ses-01,sub-SD013_ses-01_task-PassiveListen,s2102a-ex01,Block 1,True,UNASSIGNED,No adjacent-time random split; subject/session/story keys retained; train-only fitted transforms
ds004703,sub-SD013_ses-01_task-PassiveListen__trial-4,sub-SD013,ses-01,sub-SD013_ses-01_task-PassiveListen,s3001b-ex01,Block 1,True,UNASSIGNED,No adjacent-time random split; subject/session/story keys retained; train-only fitted transforms
ds004703,sub-SD013_ses-01_task-PassiveListen__trial-5,sub-SD013,ses-01,sub-SD013_ses-01_task-PassiveListen,s4002b-ex01,Block 1,True,UNASSIGNED,No adjacent-time random split; subject/session/story keys retained; train-only fitted transforms
ds004703,sub-SD013_ses-01_task-PassiveListen__trial-6,sub-SD013,ses-01,sub-SD013_ses-01_task-PassiveListen,s1303a-ex01,Block 1,True,UNASSIGNED,No adjacent-time random split; subject/session/story keys retained; train-only fitted transforms
ds004703,sub-SD013_ses-01_task-PassiveListen__trial-7,sub-SD013,ses-01,sub-SD013_ses-01_task-PassiveListen,s1401a-ex01,Block 1,True,UNASSIGNED,No adjacent-time random split; subject/session/story keys retained; train-only fitted transforms
ds004703,sub-SD013_ses-01_task-PassiveListen__trial-8,sub-SD013,ses-01,sub-SD013_ses-01_task-PassiveListen,s3602b-ex01,Block 1,True,UNASSIGNED,No adjacent-time random split; subject/session/story keys retained; train-only fitted transforms
ds004703,sub-SD013_ses-01_task-PassiveListen__trial-9,sub-SD013,ses-01,sub-SD013_ses-01_task-PassiveListen,s2301a-ex01,Block 1,True,UNASSIGNED,No adjacent-time random split; subject/session/story keys retained; train-only fitted transforms
ds004703,sub-SD013_ses-01_task-PassiveListen__trial-10,sub-SD013,ses-01,sub-SD013_ses-01_task-PassiveListen,s1901b-ex01,Block 1,True,UNASSIGNED,No adjacent-time random split; subject/session/story keys retained; train-only fitted transforms
ds004703,sub-SD013_ses-01_task-PassiveListen__trial-11,sub-SD013,ses-01,sub-SD013_ses-01_task-PassiveListen,catalan-m01,Block 1,False,UNASSIGNED,No adjacent-time random split; subject/session/story keys retained; train-only fitted transforms
ds004703,sub-SD013_ses-01_task-PassiveListen__trial-12,sub-SD013,ses-01,sub-SD013_ses-01_task-PassiveListen,s1201a-ex01,Block 2,True,UNASSIGNED,No adjacent-time random split; subject/session/story keys retained; train-only fitted transforms
ds004703,sub-SD013_ses-01_task-PassiveListen__trial-13,sub-SD013,ses-01,sub-SD013_ses-01_task-PassiveListen,s0703b-ex01,Block 2,True,UNASSIGNED,No adjacent-time random split; subject/session/story keys retained; train-only fitted transforms
ds004703,sub-SD013_ses-01_task-PassiveListen__trial-14,sub-SD013,ses-01,sub-SD013_ses-01_task-PassiveListen,s4003b-ex01,Block 2,True,UNASSIGNED,No adjacent-time random split; subject/session/story keys retained; train-only fitted transforms
ds004703,sub-SD013_ses-01_task-PassiveListen__trial-15,sub-SD013,ses-01,sub-SD013_ses-01_task-PassiveListen,catalan-f01,Block 2,False,UNASSIGNED,No adjacent-time random split; subject/session/story keys retained; train-only fitted transforms
ds004703,sub-SD013_ses-01_task-PassiveListen__trial-16,sub-SD013,ses-01,sub-SD013_ses-01_task-PassiveListen,s2102a-ex02,Block 2,True,UNASSIGNED,No adjacent-time random split; subject/session/story keys retained; train-only fitted transforms
ds004703,sub-SD013_ses-01_task-PassiveListen__trial-17,sub-SD013,ses-01,sub-SD013_ses-01_task-PassiveListen,s3301a-ex01,Block 2,True,UNASSIGNED,No adjacent-time random split; subject/session/story keys retained; train-only fitted transforms
ds004703,sub-SD013_ses-01_task-PassiveListen__trial-18,sub-SD013,ses-01,sub-SD013_ses-01_task-PassiveListen,s2202b-ex02,Block 2,True,UNASSIGNED,No adjacent-time random split; subject/session/story keys retained; train-only fitted transforms
ds004703,sub-SD013_ses-01_task-PassiveListen__trial-19,sub-SD013,ses-01,sub-SD013_ses-01_task-PassiveListen,s3602b-ex02,Block 2,True,UNASSIGNED,No adjacent-time random split; subject/session/story keys retained; train-only fitted transforms
ds004703,sub-SD013_ses-01_task-PassiveListen__trial-20,sub-SD013,ses-01,sub-SD013_ses-01_task-PassiveListen,s3903b-ex01,Block 2,True,UNASSIGNED,No adjacent-time random split; subject/session/story keys retained; train-only fitted transforms
ds004703,sub-SD015_ses-01_task-PassiveListen__trial-0,sub-SD015,ses-01,sub-SD015_ses-01_task-PassiveListen,welcome,NOT_APPLICABLE,False,UNASSIGNED,No adjacent-time random split; subject/session/story keys retained; train-only fitted transforms
ds004703,sub-SD015_ses-01_task-PassiveListen__trial-1,sub-SD015,ses-01,sub-SD015_ses-01_task-PassiveListen,instructions1,NOT_APPLICABLE,False,UNASSIGNED,No adjacent-time random split; subject/session/story keys retained; train-only fitted transforms
ds004703,sub-SD015_ses-01_task-PassiveListen__trial-2,sub-SD015,ses-01,sub-SD015_ses-01_task-PassiveListen,pleasePressSpace,NOT_APPLICABLE,False,UNASSIGNED,No adjacent-time random split; subject/session/story keys retained; train-only fitted transforms
ds004703,sub-SD015_ses-01_task-PassiveListen__trial-3,sub-SD015,ses-01,sub-SD015_ses-01_task-PassiveListen,instructions3,NOT_APPLICABLE,False,UNASSIGNED,No adjacent-time random split; subject/session/story keys retained; train-only fitted transforms
ds004703,sub-SD015_ses-01_task-PassiveListen__trial-4,sub-SD015,ses-01,sub-SD015_ses-01_task-PassiveListen,s1401a-ex01,Block 1,True,UNASSIGNED,No adjacent-time random split; subject/session/story keys retained; train-only fitted transforms
ds004703,sub-SD015_ses-01_task-PassiveListen__trial-5,sub-SD015,ses-01,sub-SD015_ses-01_task-PassiveListen,s3001b-ex01,Block 1,True,UNASSIGNED,No adjacent-time random split; subject/session/story keys retained; train-only fitted transforms
ds004703,sub-SD015_ses-01_task-PassiveListen__trial-6,sub-SD015,ses-01,sub-SD015_ses-01_task-PassiveListen,s4002b-ex01,Block 1,True,UNASSIGNED,No adjacent-time random split; subject/session/story keys retained; train-only fitted transforms
ds004703,sub-SD015_ses-01_task-PassiveListen__trial-7,sub-SD015,ses-01,sub-SD015_ses-01_task-PassiveListen,s2102a-ex01,Block 1,True,UNASSIGNED,No adjacent-time random split; subject/session/story keys retained; train-only fitted transforms
ds004703,sub-SD015_ses-01_task-PassiveListen__trial-8,sub-SD015,ses-01,sub-SD015_ses-01_task-PassiveListen,pleasePressSpace,NOT_APPLICABLE,False,UNASSIGNED,No adjacent-time random split; subject/session/story keys retained; train-only fitted transforms
ds004703,sub-SD015_ses-01_task-PassiveListen__trial-9,sub-SD015,ses-01,sub-SD015_ses-01_task-PassiveListen,catalan-m01,Block 1,False,UNASSIGNED,No adjacent-time random split; subject/session/story keys retained; train-only fitted transforms
ds004703,sub-SD015_ses-01_task-PassiveListen__trial-10,sub-SD015,ses-01,sub-SD015_ses-01_task-PassiveListen,s2301a-ex01,Block 1,True,UNASSIGNED,No adjacent-time random split; subject/session/story keys retained; train-only fitted transforms
ds004703,sub-SD017_ses-01_task-PassiveListen__trial-0,sub-SD017,ses-01,sub-SD017_ses-01_task-PassiveListen,welcome,NOT_APPLICABLE,False,UNASSIGNED,No adjacent-time random split; subject/session/story keys retained; train-only fitted transforms
ds004703,sub-SD017_ses-01_task-PassiveListen__trial-1,sub-SD017,ses-01,sub-SD017_ses-01_task-PassiveListen,instructions1,NOT_APPLICABLE,False,UNASSIGNED,No adjacent-time random split; subject/session/story keys retained; train-only fitted transforms
ds004703,sub-SD017_ses-01_task-PassiveListen__trial-2,sub-SD017,ses-01,sub-SD017_ses-01_task-PassiveListen,pleasePressSpace,NOT_APPLICABLE,False,UNASSIGNED,No adjacent-time random split; subject/session/story keys retained; train-only fitted transforms
ds004703,sub-SD017_ses-01_task-PassiveListen__trial-3,sub-SD017,ses-01,sub-SD017_ses-01_task-PassiveListen,instructions3,NOT_APPLICABLE,False,UNASSIGNED,No adjacent-time random split; subject/session/story keys retained; train-only fitted transforms
ds004703,sub-SD017_ses-01_task-PassiveListen__trial-4,sub-SD017,ses-01,sub-SD017_ses-01_task-PassiveListen,s2102a-ex01,Block 1,True,UNASSIGNED,No adjacent-time random split; subject/session/story keys retained; train-only fitted transforms
ds004703,sub-SD017_ses-01_task-PassiveListen__trial-5,sub-SD017,ses-01,sub-SD017_ses-01_task-PassiveListen,s3001b-ex01,Block 1,True,UNASSIGNED,No adjacent-time random split; subject/session/story keys retained; train-only fitted transforms
ds004703,sub-SD017_ses-01_task-PassiveListen__trial-6,sub-SD017,ses-01,sub-SD017_ses-01_task-PassiveListen,s1303a-ex01,Block 1,True,UNASSIGNED,No adjacent-time random split; subject/session/story keys retained; train-only fitted transforms
ds004703,sub-SD017_ses-01_task-PassiveListen__trial-7,sub-SD017,ses-01,sub-SD017_ses-01_task-PassiveListen,s3602b-ex01,Block 1,True,UNASSIGNED,No adjacent-time random split; subject/session/story keys retained; train-only fitted transforms
ds004703,sub-SD017_ses-01_task-PassiveListen__trial-8,sub-SD017,ses-01,sub-SD017_ses-01_task-PassiveListen,s1401a-ex01,Block 1,True,UNASSIGNED,No adjacent-time random split; subject/session/story keys retained; train-only fitted transforms
ds004703,sub-SD017_ses-01_task-PassiveListen__trial-9,sub-SD017,ses-01,sub-SD017_ses-01_task-PassiveListen,s4002b-ex01,Block 1,True,UNASSIGNED,No adjacent-time random split; subject/session/story keys retained; train-only fitted transforms
ds004703,sub-SD017_ses-01_task-PassiveListen__trial-10,sub-SD017,ses-01,sub-SD017_ses-01_task-PassiveListen,s1901b-ex01,Block 1,True,UNASSIGNED,No adjacent-time random split; subject/session/story keys retained; train-only fitted transforms
ds004703,sub-SD017_ses-01_task-PassiveListen__trial-11,sub-SD017,ses-01,sub-SD017_ses-01_task-PassiveListen,pleasePressSpace,NOT_APPLICABLE,False,UNASSIGNED,No adjacent-time random split; subject/session/story keys retained; train-only fitted transforms
ds004703,sub-SD017_ses-01_task-PassiveListen__trial-12,sub-SD017,ses-01,sub-SD017_ses-01_task-PassiveListen,catalan-m01,Block 1,False,UNASSIGNED,No adjacent-time random split; subject/session/story keys retained; train-only fitted transforms
ds004703,sub-SD017_ses-01_task-PassiveListen__trial-13,sub-SD017,ses-01,sub-SD017_ses-01_task-PassiveListen,s2301a-ex01,Block 1,True,UNASSIGNED,No adjacent-time random split; subject/session/story keys retained; train-only fitted transforms
ds004703,sub-SD017_ses-01_task-PassiveListen__trial-14,sub-SD017,ses-01,sub-SD017_ses-01_task-PassiveListen,s3602b-ex02,Block 2,True,UNASSIGNED,No adjacent-time random split; subject/session/story keys retained; train-only fitted transforms
ds004703,sub-SD017_ses-01_task-PassiveListen__trial-15,sub-SD017,ses-01,sub-SD017_ses-01_task-PassiveListen,s3301a-ex01,Block 2,True,UNASSIGNED,No adjacent-time random split; subject/session/story keys retained; train-only fitted transforms
ds004703,sub-SD017_ses-01_task-PassiveListen__trial-16,sub-SD017,ses-01,sub-SD017_ses-01_task-PassiveListen,pleasePressSpace,NOT_APPLICABLE,False,UNASSIGNED,No adjacent-time random split; subject/session/story keys retained; train-only fitted transforms
ds004703,sub-SD017_ses-01_task-PassiveListen__trial-17,sub-SD017,ses-01,sub-SD017_ses-01_task-PassiveListen,catalan-f01,Block 2,False,UNASSIGNED,No adjacent-time random split; subject/session/story keys retained; train-only fitted transforms
ds004703,sub-SD017_ses-01_task-PassiveListen__trial-18,sub-SD017,ses-01,sub-SD017_ses-01_task-PassiveListen,s3903b-ex01,Block 2,True,UNASSIGNED,No adjacent-time random split; subject/session/story keys retained; train-only fitted transforms
ds004703,sub-SD017_ses-01_task-PassiveListen__trial-19,sub-SD017,ses-01,sub-SD017_ses-01_task-PassiveListen,s2102a-ex02,Block 2,True,UNASSIGNED,No adjacent-time random split; subject/session/story keys retained; train-only fitted transforms
ds004703,sub-SD017_ses-01_task-PassiveListen__trial-20,sub-SD017,ses-01,sub-SD017_ses-01_task-PassiveListen,s0703b-ex01,Block 2,True,UNASSIGNED,No adjacent-time random split; subject/session/story keys retained; train-only fitted transforms
ds004703,sub-SD017_ses-01_task-PassiveListen__trial-21,sub-SD017,ses-01,sub-SD017_ses-01_task-PassiveListen,s4003b-ex01,Block 2,True,UNASSIGNED,No adjacent-time random split; subject/session/story keys retained; train-only fitted transforms
ds004703,sub-SD017_ses-01_task-PassiveListen__trial-22,sub-SD017,ses-01,sub-SD017_ses-01_task-PassiveListen,s2202b-ex02,Block 2,True,UNASSIGNED,No adjacent-time random split; subject/session/story keys retained; train-only fitted transforms
ds004703,sub-SD017_ses-01_task-PassiveListen__trial-23,sub-SD017,ses-01,sub-SD017_ses-01_task-PassiveListen,s1201a-ex01,Block 2,True,UNASSIGNED,No adjacent-time random split; subject/session/story keys retained; train-only fitted transforms
ds004703,sub-SD018_ses-01_task-PassiveListen__trial-0,sub-SD018,ses-01,sub-SD018_ses-01_task-PassiveListen,welcome,NOT_APPLICABLE,False,UNASSIGNED,No adjacent-time random split; subject/session/story keys retained; train-only fitted transforms
ds004703,sub-SD018_ses-01_task-PassiveListen__trial-1,sub-SD018,ses-01,sub-SD018_ses-01_task-PassiveListen,instructions1,NOT_APPLICABLE,False,UNASSIGNED,No adjacent-time random split; subject/session/story keys retained; train-only fitted transforms
ds004703,sub-SD018_ses-01_task-PassiveListen__trial-2,sub-SD018,ses-01,sub-SD018_ses-01_task-PassiveListen,pleasePressSpace,NOT_APPLICABLE,False,UNASSIGNED,No adjacent-time random split; subject/session/story keys retained; train-only fitted transforms
ds004703,sub-SD018_ses-01_task-PassiveListen__trial-3,sub-SD018,ses-01,sub-SD018_ses-01_task-PassiveListen,instructions3,NOT_APPLICABLE,False,UNASSIGNED,No adjacent-time random split; subject/session/story keys retained; train-only fitted transforms
ds004703,sub-SD018_ses-01_task-PassiveListen__trial-4,sub-SD018,ses-01,sub-SD018_ses-01_task-PassiveListen,s2301a-ex01,Block 1,True,UNASSIGNED,No adjacent-time random split; subject/session/story keys retained; train-only fitted transforms
ds004703,sub-SD018_ses-01_task-PassiveListen__trial-5,sub-SD018,ses-01,sub-SD018_ses-01_task-PassiveListen,s2102a-ex01,Block 1,True,UNASSIGNED,No adjacent-time random split; subject/session/story keys retained; train-only fitted transforms
ds004703,sub-SD018_ses-01_task-PassiveListen__trial-6,sub-SD018,ses-01,sub-SD018_ses-01_task-PassiveListen,s3602b-ex01,Block 1,True,UNASSIGNED,No adjacent-time random split; subject/session/story keys retained; train-only fitted transforms
ds004703,sub-SD018_ses-01_task-PassiveListen__trial-7,sub-SD018,ses-01,sub-SD018_ses-01_task-PassiveListen,s3001b-ex01,Block 1,True,UNASSIGNED,No adjacent-time random split; subject/session/story keys retained; train-only fitted transforms
ds004703,sub-SD018_ses-01_task-PassiveListen__trial-8,sub-SD018,ses-01,sub-SD018_ses-01_task-PassiveListen,s4002b-ex01,Block 1,True,UNASSIGNED,No adjacent-time random split; subject/session/story keys retained; train-only fitted transforms
ds004703,sub-SD018_ses-01_task-PassiveListen__trial-9,sub-SD018,ses-01,sub-SD018_ses-01_task-PassiveListen,pleasePressSpace,NOT_APPLICABLE,False,UNASSIGNED,No adjacent-time random split; subject/session/story keys retained; train-only fitted transforms
ds004703,sub-SD018_ses-01_task-PassiveListen__trial-10,sub-SD018,ses-01,sub-SD018_ses-01_task-PassiveListen,catalan-m01,Block 1,False,UNASSIGNED,No adjacent-time random split; subject/session/story keys retained; train-only fitted transforms
ds004703,sub-SD018_ses-01_task-PassiveListen__trial-11,sub-SD018,ses-01,sub-SD018_ses-01_task-PassiveListen,s1901b-ex01,Block 1,True,UNASSIGNED,No adjacent-time random split; subject/session/story keys retained; train-only fitted transforms
ds004703,sub-SD018_ses-01_task-PassiveListen__trial-12,sub-SD018,ses-01,sub-SD018_ses-01_task-PassiveListen,s1401a-ex01,Block 1,True,UNASSIGNED,No adjacent-time random split; subject/session/story keys retained; train-only fitted transforms
ds004703,sub-SD018_ses-01_task-PassiveListen__trial-13,sub-SD018,ses-01,sub-SD018_ses-01_task-PassiveListen,s1303a-ex01,Block 1,True,UNASSIGNED,No adjacent-time random split; subject/session/story keys retained; train-only fitted transforms
ds004703,sub-SD018_ses-01_task-PassiveListen__trial-14,sub-SD018,ses-01,sub-SD018_ses-01_task-PassiveListen,pleasePressSpace,NOT_APPLICABLE,False,UNASSIGNED,No adjacent-time random split; subject/session/story keys retained; train-only fitted transforms
ds004703,sub-SD018_ses-01_task-PassiveListen__trial-15,sub-SD018,ses-01,sub-SD018_ses-01_task-PassiveListen,catalan-f01,Block 2,False,UNASSIGNED,No adjacent-time random split; subject/session/story keys retained; train-only fitted transforms
ds004703,sub-SD018_ses-01_task-PassiveListen__trial-16,sub-SD018,ses-01,sub-SD018_ses-01_task-PassiveListen,s3301a-ex01,Block 2,True,UNASSIGNED,No adjacent-time random split; subject/session/story keys retained; train-only fitted transforms
ds004703,sub-SD018_ses-01_task-PassiveListen__trial-17,sub-SD018,ses-01,sub-SD018_ses-01_task-PassiveListen,s3903b-ex01,Block 2,True,UNASSIGNED,No adjacent-time random split; subject/session/story keys retained; train-only fitted transforms
ds004703,sub-SD018_ses-01_task-PassiveListen__trial-18,sub-SD018,ses-01,sub-SD018_ses-01_task-PassiveListen,s2202b-ex02,Block 2,True,UNASSIGNED,No adjacent-time random split; subject/session/story keys retained; train-only fitted transforms
ds004703,sub-SD018_ses-01_task-PassiveListen__trial-19,sub-SD018,ses-01,sub-SD018_ses-01_task-PassiveListen,s4003b-ex01,Block 2,True,UNASSIGNED,No adjacent-time random split; subject/session/story keys retained; train-only fitted transforms
ds004703,sub-SD018_ses-01_task-PassiveListen__trial-20,sub-SD018,ses-01,sub-SD018_ses-01_task-PassiveListen,s1201a-ex01,Block 2,True,UNASSIGNED,No adjacent-time random split; subject/session/story keys retained; train-only fitted transforms
ds004703,sub-SD018_ses-01_task-PassiveListen__trial-21,sub-SD018,ses-01,sub-SD018_ses-01_task-PassiveListen,s3602b-ex02,Block 2,True,UNASSIGNED,No adjacent-time random split; subject/session/story keys retained; train-only fitted transforms
ds004703,sub-SD018_ses-01_task-PassiveListen__trial-22,sub-SD018,ses-01,sub-SD018_ses-01_task-PassiveListen,s2102a-ex02,Block 2,True,UNASSIGNED,No adjacent-time random split; subject/session/story keys retained; train-only fitted transforms
ds004703,sub-SD018_ses-01_task-PassiveListen__trial-23,sub-SD018,ses-01,sub-SD018_ses-01_task-PassiveListen,s0703b-ex01,Block 2,True,UNASSIGNED,No adjacent-time random split; subject/session/story keys retained; train-only fitted transforms
ds004703,sub-SD019_ses-01_task-PassiveListen__trial-0,sub-SD019,ses-01,sub-SD019_ses-01_task-PassiveListen,welcome,NOT_APPLICABLE,False,UNASSIGNED,No adjacent-time random split; subject/session/story keys retained; train-only fitted transforms
ds004703,sub-SD019_ses-01_task-PassiveListen__trial-1,sub-SD019,ses-01,sub-SD019_ses-01_task-PassiveListen,instructions1,NOT_APPLICABLE,False,UNASSIGNED,No adjacent-time random split; subject/session/story keys retained; train-only fitted transforms
ds004703,sub-SD019_ses-01_task-PassiveListen__trial-2,sub-SD019,ses-01,sub-SD019_ses-01_task-PassiveListen,pleasePressSpace,NOT_APPLICABLE,False,UNASSIGNED,No adjacent-time random split; subject/session/story keys retained; train-only fitted transforms
ds004703,sub-SD019_ses-01_task-PassiveListen__trial-3,sub-SD019,ses-01,sub-SD019_ses-01_task-PassiveListen,instructions3,NOT_APPLICABLE,False,UNASSIGNED,No adjacent-time random split; subject/session/story keys retained; train-only fitted transforms
ds004703,sub-SD019_ses-01_task-PassiveListen__trial-4,sub-SD019,ses-01,sub-SD019_ses-01_task-PassiveListen,s3602b-ex01,Block 1,True,UNASSIGNED,No adjacent-time random split; subject/session/story keys retained; train-only fitted transforms
ds004703,sub-SD019_ses-01_task-PassiveListen__trial-5,sub-SD019,ses-01,sub-SD019_ses-01_task-PassiveListen,s1303a-ex01,Block 1,True,UNASSIGNED,No adjacent-time random split; subject/session/story keys retained; train-only fitted transforms
ds004703,sub-SD019_ses-01_task-PassiveListen__trial-6,sub-SD019,ses-01,sub-SD019_ses-01_task-PassiveListen,s1401a-ex01,Block 1,True,UNASSIGNED,No adjacent-time random split; subject/session/story keys retained; train-only fitted transforms
ds004703,sub-SD019_ses-01_task-PassiveListen__trial-7,sub-SD019,ses-01,sub-SD019_ses-01_task-PassiveListen,s2102a-ex01,Block 1,True,UNASSIGNED,No adjacent-time random split; subject/session/story keys retained; train-only fitted transforms
ds004703,sub-SD019_ses-01_task-PassiveListen__trial-8,sub-SD019,ses-01,sub-SD019_ses-01_task-PassiveListen,s4002b-ex01,Block 1,True,UNASSIGNED,No adjacent-time random split; subject/session/story keys retained; train-only fitted transforms
ds004703,sub-SD019_ses-01_task-PassiveListen__trial-9,sub-SD019,ses-01,sub-SD019_ses-01_task-PassiveListen,pleasePressSpace,NOT_APPLICABLE,False,UNASSIGNED,No adjacent-time random split; subject/session/story keys retained; train-only fitted transforms
ds004703,sub-SD019_ses-01_task-PassiveListen__trial-10,sub-SD019,ses-01,sub-SD019_ses-01_task-PassiveListen,catalan-m01,Block 1,False,UNASSIGNED,No adjacent-time random split; subject/session/story keys retained; train-only fitted transforms
ds004703,sub-SD019_ses-01_task-PassiveListen__trial-11,sub-SD019,ses-01,sub-SD019_ses-01_task-PassiveListen,s2301a-ex01,Block 1,True,UNASSIGNED,No adjacent-time random split; subject/session/story keys retained; train-only fitted transforms
ds004703,sub-SD019_ses-01_task-PassiveListen__trial-12,sub-SD019,ses-01,sub-SD019_ses-01_task-PassiveListen,s3001b-ex01,Block 1,True,UNASSIGNED,No adjacent-time random split; subject/session/story keys retained; train-only fitted transforms
ds004703,sub-SD019_ses-01_task-PassiveListen__trial-13,sub-SD019,ses-01,sub-SD019_ses-01_task-PassiveListen,s1901b-ex01,Block 1,True,UNASSIGNED,No adjacent-time random split; subject/session/story keys retained; train-only fitted transforms
ds004703,sub-SD019_ses-01_task-PassiveListen__trial-14,sub-SD019,ses-01,sub-SD019_ses-01_task-PassiveListen,s0703b-ex01,Block 2,True,UNASSIGNED,No adjacent-time random split; subject/session/story keys retained; train-only fitted transforms
ds004703,sub-SD019_ses-01_task-PassiveListen__trial-15,sub-SD019,ses-01,sub-SD019_ses-01_task-PassiveListen,s3903b-ex01,Block 2,True,UNASSIGNED,No adjacent-time random split; subject/session/story keys retained; train-only fitted transforms
ds004703,sub-SD019_ses-01_task-PassiveListen__trial-16,sub-SD019,ses-01,sub-SD019_ses-01_task-PassiveListen,s1201a-ex01,Block 2,True,UNASSIGNED,No adjacent-time random split; subject/session/story keys retained; train-only fitted transforms
ds004703,sub-SD019_ses-01_task-PassiveListen__trial-17,sub-SD019,ses-01,sub-SD019_ses-01_task-PassiveListen,s4003b-ex01,Block 2,True,UNASSIGNED,No adjacent-time random split; subject/session/story keys retained; train-only fitted transforms
ds004703,sub-SD019_ses-01_task-PassiveListen__trial-18,sub-SD019,ses-01,sub-SD019_ses-01_task-PassiveListen,s3602b-ex02,Block 2,True,UNASSIGNED,No adjacent-time random split; subject/session/story keys retained; train-only fitted transforms
ds004703,sub-SD019_ses-01_task-PassiveListen__trial-19,sub-SD019,ses-01,sub-SD019_ses-01_task-PassiveListen,s3301a-ex01,Block 2,True,UNASSIGNED,No adjacent-time random split; subject/session/story keys retained; train-only fitted transforms
ds004703,sub-SD019_ses-01_task-PassiveListen__trial-20,sub-SD019,ses-01,sub-SD019_ses-01_task-PassiveListen,s2102a-ex02,Block 2,True,UNASSIGNED,No adjacent-time random split; subject/session/story keys retained; train-only fitted transforms
ds004703,sub-SD019_ses-01_task-PassiveListen__trial-21,sub-SD019,ses-01,sub-SD019_ses-01_task-PassiveListen,pleasePressSpace,NOT_APPLICABLE,False,UNASSIGNED,No adjacent-time random split; subject/session/story keys retained; train-only fitted transforms
ds004703,sub-SD019_ses-01_task-PassiveListen__trial-22,sub-SD019,ses-01,sub-SD019_ses-01_task-PassiveListen,catalan-f01,Block 2,False,UNASSIGNED,No adjacent-time random split; subject/session/story keys retained; train-only fitted transforms
ds004703,sub-SD019_ses-01_task-PassiveListen__trial-23,sub-SD019,ses-01,sub-SD019_ses-01_task-PassiveListen,s2202b-ex02,Block 2,True,UNASSIGNED,No adjacent-time random split; subject/session/story keys retained; train-only fitted transforms
ds004703,sub-SD019_ses-01_task-PassiveListen__trial-24,sub-SD019,ses-01,sub-SD019_ses-01_task-PassiveListen,s3301a-ex02,Block 3,True,UNASSIGNED,No adjacent-time random split; subject/session/story keys retained; train-only fitted transforms
ds004703,sub-SD019_ses-01_task-PassiveListen__trial-25,sub-SD019,ses-01,sub-SD019_ses-01_task-PassiveListen,s3903b-ex02,Block 3,True,UNASSIGNED,No adjacent-time random split; subject/session/story keys retained; train-only fitted transforms
ds004703,sub-SD019_ses-01_task-PassiveListen__trial-26,sub-SD019,ses-01,sub-SD019_ses-01_task-PassiveListen,pleasePressSpace,NOT_APPLICABLE,False,UNASSIGNED,No adjacent-time random split; subject/session/story keys retained; train-only fitted transforms
ds004703,sub-SD019_ses-01_task-PassiveListen__trial-27,sub-SD019,ses-01,sub-SD019_ses-01_task-PassiveListen,catalan-m02,Block 3,False,UNASSIGNED,No adjacent-time random split; subject/session/story keys retained; train-only fitted transforms
ds004703,sub-SD019_ses-01_task-PassiveListen__trial-28,sub-SD019,ses-01,sub-SD019_ses-01_task-PassiveListen,s1401a-ex02,Block 3,True,UNASSIGNED,No adjacent-time random split; subject/session/story keys retained; train-only fitted transforms
ds004703,sub-SD019_ses-01_task-PassiveListen__trial-29,sub-SD019,ses-01,sub-SD019_ses-01_task-PassiveListen,s3201a-ex01,Block 3,True,UNASSIGNED,No adjacent-time random split; subject/session/story keys retained; train-only fitted transforms
ds004703,sub-SD019_ses-01_task-PassiveListen__trial-30,sub-SD019,ses-01,sub-SD019_ses-01_task-PassiveListen,s1303a-ex02,Block 3,True,UNASSIGNED,No adjacent-time random split; subject/session/story keys retained; train-only fitted transforms
ds004703,sub-SD019_ses-01_task-PassiveListen__trial-31,sub-SD019,ses-01,sub-SD019_ses-01_task-PassiveListen,s3703b-ex01,Block 3,True,UNASSIGNED,No adjacent-time random split; subject/session/story keys retained; train-only fitted transforms
ds004703,sub-SD019_ses-01_task-PassiveListen__trial-32,sub-SD019,ses-01,sub-SD019_ses-01_task-PassiveListen,s1501a-ex01,Block 3,True,UNASSIGNED,No adjacent-time random split; subject/session/story keys retained; train-only fitted transforms
ds004703,sub-SD019_ses-01_task-PassiveListen__trial-33,sub-SD019,ses-01,sub-SD019_ses-01_task-PassiveListen,s1001a-ex01,Block 3,True,UNASSIGNED,No adjacent-time random split; subject/session/story keys retained; train-only fitted transforms
ds004703,sub-SD019_ses-01_task-PassiveListen__trial-34,sub-SD019,ses-01,sub-SD019_ses-01_task-PassiveListen,s3902a-ex01,Block 4,True,UNASSIGNED,No adjacent-time random split; subject/session/story keys retained; train-only fitted transforms
ds004703,sub-SD019_ses-01_task-PassiveListen__trial-35,sub-SD019,ses-01,sub-SD019_ses-01_task-PassiveListen,s1604a-ex01,Block 4,True,UNASSIGNED,No adjacent-time random split; subject/session/story keys retained; train-only fitted transforms
ds004703,sub-SD019_ses-01_task-PassiveListen__trial-36,sub-SD019,ses-01,sub-SD019_ses-01_task-PassiveListen,s2801a-ex01,Block 4,True,UNASSIGNED,No adjacent-time random split; subject/session/story keys retained; train-only fitted transforms
ds004703,sub-SD019_ses-01_task-PassiveListen__trial-37,sub-SD019,ses-01,sub-SD019_ses-01_task-PassiveListen,s0702a-ex01,Block 4,True,UNASSIGNED,No adjacent-time random split; subject/session/story keys retained; train-only fitted transforms
ds004703,sub-SD019_ses-01_task-PassiveListen__trial-38,sub-SD019,ses-01,sub-SD019_ses-01_task-PassiveListen,s2102a-ex03,Block 4,True,UNASSIGNED,No adjacent-time random split; subject/session/story keys retained; train-only fitted transforms
ds004703,sub-SD019_ses-01_task-PassiveListen__trial-39,sub-SD019,ses-01,sub-SD019_ses-01_task-PassiveListen,s3802a-ex01,Block 4,True,UNASSIGNED,No adjacent-time random split; subject/session/story keys retained; train-only fitted transforms
ds004703,sub-SD019_ses-01_task-PassiveListen__trial-40,sub-SD019,ses-01,sub-SD019_ses-01_task-PassiveListen,s0202b-ex01,Block 4,True,UNASSIGNED,No adjacent-time random split; subject/session/story keys retained; train-only fitted transforms
ds004703,sub-SD019_ses-01_task-PassiveListen__trial-41,sub-SD019,ses-01,sub-SD019_ses-01_task-PassiveListen,s3102b-ex01,Block 4,True,UNASSIGNED,No adjacent-time random split; subject/session/story keys retained; train-only fitted transforms
ds004703,sub-SD019_ses-01_task-PassiveListen__trial-42,sub-SD019,ses-01,sub-SD019_ses-01_task-PassiveListen,pleasePressSpace,NOT_APPLICABLE,False,UNASSIGNED,No adjacent-time random split; subject/session/story keys retained; train-only fitted transforms
ds004703,sub-SD019_ses-01_task-PassiveListen__trial-43,sub-SD019,ses-01,sub-SD019_ses-01_task-PassiveListen,catalan-f02,Block 4,False,UNASSIGNED,No adjacent-time random split; subject/session/story keys retained; train-only fitted transforms
ds004703,sub-SD019_ses-01_task-PassiveListen__trial-44,sub-SD019,ses-01,sub-SD019_ses-01_task-PassiveListen,s1401b-ex01,Block 5,True,UNASSIGNED,No adjacent-time random split; subject/session/story keys retained; train-only fitted transforms
ds004703,sub-SD019_ses-01_task-PassiveListen__trial-45,sub-SD019,ses-01,sub-SD019_ses-01_task-PassiveListen,s0203b-ex01,Block 5,True,UNASSIGNED,No adjacent-time random split; subject/session/story keys retained; train-only fitted transforms
ds004703,sub-SD019_ses-01_task-PassiveListen__trial-46,sub-SD019,ses-01,sub-SD019_ses-01_task-PassiveListen,s1103a-ex01,Block 5,True,UNASSIGNED,No adjacent-time random split; subject/session/story keys retained; train-only fitted transforms
ds004703,sub-SD019_ses-01_task-PassiveListen__trial-47,sub-SD019,ses-01,sub-SD019_ses-01_task-PassiveListen,s0802b-ex01,Block 5,True,UNASSIGNED,No adjacent-time random split; subject/session/story keys retained; train-only fitted transforms
ds004703,sub-SD019_ses-01_task-PassiveListen__trial-48,sub-SD019,ses-01,sub-SD019_ses-01_task-PassiveListen,s1202b-ex01,Block 5,True,UNASSIGNED,No adjacent-time random split; subject/session/story keys retained; train-only fitted transforms
ds004703,sub-SD019_ses-01_task-PassiveListen__trial-49,sub-SD019,ses-01,sub-SD019_ses-01_task-PassiveListen,s3003a-ex01,Block 5,True,UNASSIGNED,No adjacent-time random split; subject/session/story keys retained; train-only fitted transforms
ds004703,sub-SD019_ses-01_task-PassiveListen__trial-50,sub-SD019,ses-01,sub-SD019_ses-01_task-PassiveListen,pleasePressSpace,NOT_APPLICABLE,False,UNASSIGNED,No adjacent-time random split; subject/session/story keys retained; train-only fitted transforms
ds004703,sub-SD019_ses-01_task-PassiveListen__trial-51,sub-SD019,ses-01,sub-SD019_ses-01_task-PassiveListen,catalan-m03,Block 5,False,UNASSIGNED,No adjacent-time random split; subject/session/story keys retained; train-only fitted transforms
ds004703,sub-SD019_ses-01_task-PassiveListen__trial-52,sub-SD019,ses-01,sub-SD019_ses-01_task-PassiveListen,s1703b-ex01,Block 5,True,UNASSIGNED,No adjacent-time random split; subject/session/story keys retained; train-only fitted transforms
ds004703,sub-SD019_ses-01_task-PassiveListen__trial-53,sub-SD019,ses-01,sub-SD019_ses-01_task-PassiveListen,s1503a-ex01,Block 5,True,UNASSIGNED,No adjacent-time random split; subject/session/story keys retained; train-only fitted transforms
ds004703,sub-SD019_ses-01_task-PassiveListen__trial-54,sub-SD019,ses-01,sub-SD019_ses-01_task-PassiveListen,pleasePressSpace,NOT_APPLICABLE,False,UNASSIGNED,No adjacent-time random split; subject/session/story keys retained; train-only fitted transforms
ds004703,sub-SD019_ses-01_task-PassiveListen__trial-55,sub-SD019,ses-01,sub-SD019_ses-01_task-PassiveListen,catalan-f03,Block 6,False,UNASSIGNED,No adjacent-time random split; subject/session/story keys retained; train-only fitted transforms
ds004703,sub-SD019_ses-01_task-PassiveListen__trial-56,sub-SD019,ses-01,sub-SD019_ses-01_task-PassiveListen,s1203a-ex01,Block 6,True,UNASSIGNED,No adjacent-time random split; subject/session/story keys retained; train-only fitted transforms
ds004703,sub-SD019_ses-01_task-PassiveListen__trial-57,sub-SD019,ses-01,sub-SD019_ses-01_task-PassiveListen,s1503a-ex02,Block 6,True,UNASSIGNED,No adjacent-time random split; subject/session/story keys retained; train-only fitted transforms
ds004703,sub-SD019_ses-01_task-PassiveListen__trial-58,sub-SD019,ses-01,sub-SD019_ses-01_task-PassiveListen,s0901b-ex01,Block 6,True,UNASSIGNED,No adjacent-time random split; subject/session/story keys retained; train-only fitted transforms
ds004703,sub-SD019_ses-01_task-PassiveListen__trial-59,sub-SD019,ses-01,sub-SD019_ses-01_task-PassiveListen,s3801a-ex01,Block 6,True,UNASSIGNED,No adjacent-time random split; subject/session/story keys retained; train-only fitted transforms
ds004703,sub-SD019_ses-01_task-PassiveListen__trial-60,sub-SD019,ses-01,sub-SD019_ses-01_task-PassiveListen,s3003a-ex02,Block 6,True,UNASSIGNED,No adjacent-time random split; subject/session/story keys retained; train-only fitted transforms
ds004703,sub-SD019_ses-01_task-PassiveListen__trial-61,sub-SD019,ses-01,sub-SD019_ses-01_task-PassiveListen,s0305a-ex01,Block 6,True,UNASSIGNED,No adjacent-time random split; subject/session/story keys retained; train-only fitted transforms
ds004703,sub-SD019_ses-01_task-PassiveListen__trial-62,sub-SD019,ses-01,sub-SD019_ses-01_task-PassiveListen,s1702b-ex01,Block 6,True,UNASSIGNED,No adjacent-time random split; subject/session/story keys retained; train-only fitted transforms
ds004703,sub-SD019_ses-01_task-PassiveListen__trial-63,sub-SD019,ses-01,sub-SD019_ses-01_task-PassiveListen,s2302b-ex01,Block 6,True,UNASSIGNED,No adjacent-time random split; subject/session/story keys retained; train-only fitted transforms
ds004703,sub-SD021_ses-01_task-PassiveListen__trial-0,sub-SD021,ses-01,sub-SD021_ses-01_task-PassiveListen,welcome,NOT_APPLICABLE,False,UNASSIGNED,No adjacent-time random split; subject/session/story keys retained; train-only fitted transforms
ds004703,sub-SD021_ses-01_task-PassiveListen__trial-1,sub-SD021,ses-01,sub-SD021_ses-01_task-PassiveListen,instructions1,NOT_APPLICABLE,False,UNASSIGNED,No adjacent-time random split; subject/session/story keys retained; train-only fitted transforms
ds004703,sub-SD021_ses-01_task-PassiveListen__trial-2,sub-SD021,ses-01,sub-SD021_ses-01_task-PassiveListen,pleasePressSpace,NOT_APPLICABLE,False,UNASSIGNED,No adjacent-time random split; subject/session/story keys retained; train-only fitted transforms
ds004703,sub-SD021_ses-01_task-PassiveListen__trial-3,sub-SD021,ses-01,sub-SD021_ses-01_task-PassiveListen,instructions3,NOT_APPLICABLE,False,UNASSIGNED,No adjacent-time random split; subject/session/story keys retained; train-only fitted transforms
ds004703,sub-SD021_ses-01_task-PassiveListen__trial-4,sub-SD021,ses-01,sub-SD021_ses-01_task-PassiveListen,s2102a-ex01,Block 1,True,UNASSIGNED,No adjacent-time random split; subject/session/story keys retained; train-only fitted transforms
ds004703,sub-SD021_ses-01_task-PassiveListen__trial-5,sub-SD021,ses-01,sub-SD021_ses-01_task-PassiveListen,s3602b-ex01,Block 1,True,UNASSIGNED,No adjacent-time random split; subject/session/story keys retained; train-only fitted transforms
ds004703,sub-SD021_ses-01_task-PassiveListen__trial-6,sub-SD021,ses-01,sub-SD021_ses-01_task-PassiveListen,s2301a-ex01,Block 1,True,UNASSIGNED,No adjacent-time random split; subject/session/story keys retained; train-only fitted transforms
ds004703,sub-SD021_ses-01_task-PassiveListen__trial-7,sub-SD021,ses-01,sub-SD021_ses-01_task-PassiveListen,s3001b-ex01,Block 1,True,UNASSIGNED,No adjacent-time random split; subject/session/story keys retained; train-only fitted transforms
ds004703,sub-SD021_ses-01_task-PassiveListen__trial-8,sub-SD021,ses-01,sub-SD021_ses-01_task-PassiveListen,s1303a-ex01,Block 1,True,UNASSIGNED,No adjacent-time random split; subject/session/story keys retained; train-only fitted transforms
ds004703,sub-SD021_ses-01_task-PassiveListen__trial-9,sub-SD021,ses-01,sub-SD021_ses-01_task-PassiveListen,s1401a-ex01,Block 1,True,UNASSIGNED,No adjacent-time random split; subject/session/story keys retained; train-only fitted transforms
ds004703,sub-SD021_ses-01_task-PassiveListen__trial-10,sub-SD021,ses-01,sub-SD021_ses-01_task-PassiveListen,s4002b-ex01,Block 1,True,UNASSIGNED,No adjacent-time random split; subject/session/story keys retained; train-only fitted transforms
ds004703,sub-SD021_ses-01_task-PassiveListen__trial-11,sub-SD021,ses-01,sub-SD021_ses-01_task-PassiveListen,pleasePressSpace,NOT_APPLICABLE,False,UNASSIGNED,No adjacent-time random split; subject/session/story keys retained; train-only fitted transforms
ds004703,sub-SD021_ses-01_task-PassiveListen__trial-12,sub-SD021,ses-01,sub-SD021_ses-01_task-PassiveListen,catalan-m01,Block 1,False,UNASSIGNED,No adjacent-time random split; subject/session/story keys retained; train-only fitted transforms
ds004703,sub-SD021_ses-01_task-PassiveListen__trial-13,sub-SD021,ses-01,sub-SD021_ses-01_task-PassiveListen,s1901b-ex01,Block 1,True,UNASSIGNED,No adjacent-time random split; subject/session/story keys retained; train-only fitted transforms
ds004703,sub-SD021_ses-01_task-PassiveListen__trial-14,sub-SD021,ses-01,sub-SD021_ses-01_task-PassiveListen,s2102a-ex02,Block 2,True,UNASSIGNED,No adjacent-time random split; subject/session/story keys retained; train-only fitted transforms
ds004703,sub-SD021_ses-01_task-PassiveListen__trial-15,sub-SD021,ses-01,sub-SD021_ses-01_task-PassiveListen,s0703b-ex01,Block 2,True,UNASSIGNED,No adjacent-time random split; subject/session/story keys retained; train-only fitted transforms
ds004703,sub-SD021_ses-01_task-PassiveListen__trial-16,sub-SD021,ses-01,sub-SD021_ses-01_task-PassiveListen,s3301a-ex01,Block 2,True,UNASSIGNED,No adjacent-time random split; subject/session/story keys retained; train-only fitted transforms
ds004703,sub-SD021_ses-01_task-PassiveListen__trial-17,sub-SD021,ses-01,sub-SD021_ses-01_task-PassiveListen,s1201a-ex01,Block 2,True,UNASSIGNED,No adjacent-time random split; subject/session/story keys retained; train-only fitted transforms
ds004703,sub-SD021_ses-01_task-PassiveListen__trial-18,sub-SD021,ses-01,sub-SD021_ses-01_task-PassiveListen,s2202b-ex02,Block 2,True,UNASSIGNED,No adjacent-time random split; subject/session/story keys retained; train-only fitted transforms
ds004703,sub-SD021_ses-01_task-PassiveListen__trial-19,sub-SD021,ses-01,sub-SD021_ses-01_task-PassiveListen,s3602b-ex02,Block 2,True,UNASSIGNED,No adjacent-time random split; subject/session/story keys retained; train-only fitted transforms
ds004703,sub-SD021_ses-01_task-PassiveListen__trial-20,sub-SD021,ses-01,sub-SD021_ses-01_task-PassiveListen,s4003b-ex01,Block 2,True,UNASSIGNED,No adjacent-time random split; subject/session/story keys retained; train-only fitted transforms
ds004703,sub-SD021_ses-01_task-PassiveListen__trial-21,sub-SD021,ses-01,sub-SD021_ses-01_task-PassiveListen,s3903b-ex01,Block 2,True,UNASSIGNED,No adjacent-time random split; subject/session/story keys retained; train-only fitted transforms
ds004703,sub-SD021_ses-01_task-PassiveListen__trial-22,sub-SD021,ses-01,sub-SD021_ses-01_task-PassiveListen,pleasePressSpace,NOT_APPLICABLE,False,UNASSIGNED,No adjacent-time random split; subject/session/story keys retained; train-only fitted transforms
ds004703,sub-SD021_ses-01_task-PassiveListen__trial-23,sub-SD021,ses-01,sub-SD021_ses-01_task-PassiveListen,catalan-f01,Block 2,False,UNASSIGNED,No adjacent-time random split; subject/session/story keys retained; train-only fitted transforms
ds004703,sub-SD021_ses-01_task-PassiveListen__trial-24,sub-SD021,ses-01,sub-SD021_ses-01_task-PassiveListen,s3201a-ex01,Block 3,True,UNASSIGNED,No adjacent-time random split; subject/session/story keys retained; train-only fitted transforms
ds004703,sub-SD021_ses-01_task-PassiveListen__trial-25,sub-SD021,ses-01,sub-SD021_ses-01_task-PassiveListen,s1501a-ex01,Block 3,True,UNASSIGNED,No adjacent-time random split; subject/session/story keys retained; train-only fitted transforms
ds004703,sub-SD021_ses-01_task-PassiveListen__trial-26,sub-SD021,ses-01,sub-SD021_ses-01_task-PassiveListen,s3903b-ex02,Block 3,True,UNASSIGNED,No adjacent-time random split; subject/session/story keys retained; train-only fitted transforms
ds004703,sub-SD021_ses-01_task-PassiveListen__trial-27,sub-SD021,ses-01,sub-SD021_ses-01_task-PassiveListen,s3301a-ex02,Block 3,True,UNASSIGNED,No adjacent-time random split; subject/session/story keys retained; train-only fitted transforms
ds004703,sub-SD021_ses-01_task-PassiveListen__trial-28,sub-SD021,ses-01,sub-SD021_ses-01_task-PassiveListen,s1303a-ex02,Block 3,True,UNASSIGNED,No adjacent-time random split; subject/session/story keys retained; train-only fitted transforms
ds004703,sub-SD021_ses-01_task-PassiveListen__trial-29,sub-SD021,ses-01,sub-SD021_ses-01_task-PassiveListen,pleasePressSpace,NOT_APPLICABLE,False,UNASSIGNED,No adjacent-time random split; subject/session/story keys retained; train-only fitted transforms
ds004703,sub-SD021_ses-01_task-PassiveListen__trial-30,sub-SD021,ses-01,sub-SD021_ses-01_task-PassiveListen,catalan-m02,Block 3,False,UNASSIGNED,No adjacent-time random split; subject/session/story keys retained; train-only fitted transforms
ds004703,sub-SD021_ses-01_task-PassiveListen__trial-31,sub-SD021,ses-01,sub-SD021_ses-01_task-PassiveListen,s1401a-ex02,Block 3,True,UNASSIGNED,No adjacent-time random split; subject/session/story keys retained; train-only fitted transforms
ds004703,sub-SD021_ses-01_task-PassiveListen__trial-32,sub-SD021,ses-01,sub-SD021_ses-01_task-PassiveListen,s1001a-ex01,Block 3,True,UNASSIGNED,No adjacent-time random split; subject/session/story keys retained; train-only fitted transforms
ds004703,sub-SD021_ses-01_task-PassiveListen__trial-33,sub-SD021,ses-01,sub-SD021_ses-01_task-PassiveListen,s3703b-ex01,Block 3,True,UNASSIGNED,No adjacent-time random split; subject/session/story keys retained; train-only fitted transforms
ds004703,sub-SD021_ses-01_task-PassiveListen__trial-34,sub-SD021,ses-01,sub-SD021_ses-01_task-PassiveListen,s3802a-ex01,Block 4,True,UNASSIGNED,No adjacent-time random split; subject/session/story keys retained; train-only fitted transforms
ds004703,sub-SD021_ses-01_task-PassiveListen__trial-35,sub-SD021,ses-01,sub-SD021_ses-01_task-PassiveListen,pleasePressSpace,NOT_APPLICABLE,False,UNASSIGNED,No adjacent-time random split; subject/session/story keys retained; train-only fitted transforms
ds004703,sub-SD021_ses-01_task-PassiveListen__trial-36,sub-SD021,ses-01,sub-SD021_ses-01_task-PassiveListen,catalan-f02,Block 4,False,UNASSIGNED,No adjacent-time random split; subject/session/story keys retained; train-only fitted transforms
ds004703,sub-SD021_ses-01_task-PassiveListen__trial-37,sub-SD021,ses-01,sub-SD021_ses-01_task-PassiveListen,s2801a-ex01,Block 4,True,UNASSIGNED,No adjacent-time random split; subject/session/story keys retained; train-only fitted transforms
ds004703,sub-SD021_ses-01_task-PassiveListen__trial-38,sub-SD021,ses-01,sub-SD021_ses-01_task-PassiveListen,s0202b-ex01,Block 4,True,UNASSIGNED,No adjacent-time random split; subject/session/story keys retained; train-only fitted transforms
ds004703,sub-SD021_ses-01_task-PassiveListen__trial-39,sub-SD021,ses-01,sub-SD021_ses-01_task-PassiveListen,s3102b-ex01,Block 4,True,UNASSIGNED,No adjacent-time random split; subject/session/story keys retained; train-only fitted transforms
ds004703,sub-SD021_ses-01_task-PassiveListen__trial-40,sub-SD021,ses-01,sub-SD021_ses-01_task-PassiveListen,s3902a-ex01,Block 4,True,UNASSIGNED,No adjacent-time random split; subject/session/story keys retained; train-only fitted transforms
ds004703,sub-SD021_ses-01_task-PassiveListen__trial-41,sub-SD021,ses-01,sub-SD021_ses-01_task-PassiveListen,s2102a-ex03,Block 4,True,UNASSIGNED,No adjacent-time random split; subject/session/story keys retained; train-only fitted transforms
ds004703,sub-SD021_ses-01_task-PassiveListen__trial-42,sub-SD021,ses-01,sub-SD021_ses-01_task-PassiveListen,s1604a-ex01,Block 4,True,UNASSIGNED,No adjacent-time random split; subject/session/story keys retained; train-only fitted transforms
ds004703,sub-SD021_ses-01_task-PassiveListen__trial-43,sub-SD021,ses-01,sub-SD021_ses-01_task-PassiveListen,s0702a-ex01,Block 4,True,UNASSIGNED,No adjacent-time random split; subject/session/story keys retained; train-only fitted transforms
ds004703,sub-SD021_ses-01_task-PassiveListen__trial-44,sub-SD021,ses-01,sub-SD021_ses-01_task-PassiveListen,s1703b-ex01,Block 5,True,UNASSIGNED,No adjacent-time random split; subject/session/story keys retained; train-only fitted transforms
ds004703,sub-SD021_ses-01_task-PassiveListen__trial-45,sub-SD021,ses-01,sub-SD021_ses-01_task-PassiveListen,s0802b-ex01,Block 5,True,UNASSIGNED,No adjacent-time random split; subject/session/story keys retained; train-only fitted transforms
ds004703,sub-SD021_ses-01_task-PassiveListen__trial-46,sub-SD021,ses-01,sub-SD021_ses-01_task-PassiveListen,s1401b-ex01,Block 5,True,UNASSIGNED,No adjacent-time random split; subject/session/story keys retained; train-only fitted transforms
ds004703,sub-SD021_ses-01_task-PassiveListen__trial-47,sub-SD021,ses-01,sub-SD021_ses-01_task-PassiveListen,s3003a-ex01,Block 5,True,UNASSIGNED,No adjacent-time random split; subject/session/story keys retained; train-only fitted transforms
ds004703,sub-SD021_ses-01_task-PassiveListen__trial-48,sub-SD021,ses-01,sub-SD021_ses-01_task-PassiveListen,s1202b-ex01,Block 5,True,UNASSIGNED,No adjacent-time random split; subject/session/story keys retained; train-only fitted transforms
ds004703,sub-SD021_ses-01_task-PassiveListen__trial-49,sub-SD021,ses-01,sub-SD021_ses-01_task-PassiveListen,s1503a-ex01,Block 5,True,UNASSIGNED,No adjacent-time random split; subject/session/story keys retained; train-only fitted transforms
ds004703,sub-SD021_ses-01_task-PassiveListen__trial-50,sub-SD021,ses-01,sub-SD021_ses-01_task-PassiveListen,s1103a-ex01,Block 5,True,UNASSIGNED,No adjacent-time random split; subject/session/story keys retained; train-only fitted transforms
ds004703,sub-SD021_ses-01_task-PassiveListen__trial-51,sub-SD021,ses-01,sub-SD021_ses-01_task-PassiveListen,s0203b-ex01,Block 5,True,UNASSIGNED,No adjacent-time random split; subject/session/story keys retained; train-only fitted transforms
ds004703,sub-SD021_ses-01_task-PassiveListen__trial-52,sub-SD021,ses-01,sub-SD021_ses-01_task-PassiveListen,pleasePressSpace,NOT_APPLICABLE,False,UNASSIGNED,No adjacent-time random split; subject/session/story keys retained; train-only fitted transforms
ds004703,sub-SD021_ses-01_task-PassiveListen__trial-53,sub-SD021,ses-01,sub-SD021_ses-01_task-PassiveListen,catalan-m03,Block 5,False,UNASSIGNED,No adjacent-time random split; subject/session/story keys retained; train-only fitted transforms
ds004703,sub-SD021_ses-01_task-PassiveListen__trial-54,sub-SD021,ses-01,sub-SD021_ses-01_task-PassiveListen,s0305a-ex01,Block 6,True,UNASSIGNED,No adjacent-time random split; subject/session/story keys retained; train-only fitted transforms
ds004703,sub-SD021_ses-01_task-PassiveListen__trial-55,sub-SD021,ses-01,sub-SD021_ses-01_task-PassiveListen,s2302b-ex01,Block 6,True,UNASSIGNED,No adjacent-time random split; subject/session/story keys retained; train-only fitted transforms
ds004703,sub-SD021_ses-01_task-PassiveListen__trial-56,sub-SD021,ses-01,sub-SD021_ses-01_task-PassiveListen,s3801a-ex01,Block 6,True,UNASSIGNED,No adjacent-time random split; subject/session/story keys retained; train-only fitted transforms
ds004703,sub-SD021_ses-01_task-PassiveListen__trial-57,sub-SD021,ses-01,sub-SD021_ses-01_task-PassiveListen,s1503a-ex02,Block 6,True,UNASSIGNED,No adjacent-time random split; subject/session/story keys retained; train-only fitted transforms
ds004703,sub-SD021_ses-01_task-PassiveListen__trial-58,sub-SD021,ses-01,sub-SD021_ses-01_task-PassiveListen,pleasePressSpace,NOT_APPLICABLE,False,UNASSIGNED,No adjacent-time random split; subject/session/story keys retained; train-only fitted transforms
ds004703,sub-SD021_ses-01_task-PassiveListen__trial-59,sub-SD021,ses-01,sub-SD021_ses-01_task-PassiveListen,catalan-f03,Block 6,False,UNASSIGNED,No adjacent-time random split; subject/session/story keys retained; train-only fitted transforms
ds004703,sub-SD021_ses-01_task-PassiveListen__trial-60,sub-SD021,ses-01,sub-SD021_ses-01_task-PassiveListen,s1702b-ex01,Block 6,True,UNASSIGNED,No adjacent-time random split; subject/session/story keys retained; train-only fitted transforms
ds004703,sub-SD021_ses-01_task-PassiveListen__trial-61,sub-SD021,ses-01,sub-SD021_ses-01_task-PassiveListen,s3003a-ex02,Block 6,True,UNASSIGNED,No adjacent-time random split; subject/session/story keys retained; train-only fitted transforms
ds004703,sub-SD021_ses-01_task-PassiveListen__trial-62,sub-SD021,ses-01,sub-SD021_ses-01_task-PassiveListen,s0901b-ex01,Block 6,True,UNASSIGNED,No adjacent-time random split; subject/session/story keys retained; train-only fitted transforms
ds004703,sub-SD021_ses-01_task-PassiveListen__trial-63,sub-SD021,ses-01,sub-SD021_ses-01_task-PassiveListen,s1203a-ex01,Block 6,True,UNASSIGNED,No adjacent-time random split; subject/session/story keys retained; train-only fitted transforms
ds004703,sub-SD022_ses-01_task-PassiveListen__trial-0,sub-SD022,ses-01,sub-SD022_ses-01_task-PassiveListen,welcome,NOT_APPLICABLE,False,UNASSIGNED,No adjacent-time random split; subject/session/story keys retained; train-only fitted transforms
ds004703,sub-SD022_ses-01_task-PassiveListen__trial-1,sub-SD022,ses-01,sub-SD022_ses-01_task-PassiveListen,instructions1,NOT_APPLICABLE,False,UNASSIGNED,No adjacent-time random split; subject/session/story keys retained; train-only fitted transforms
ds004703,sub-SD022_ses-01_task-PassiveListen__trial-2,sub-SD022,ses-01,sub-SD022_ses-01_task-PassiveListen,pleasePressSpace,NOT_APPLICABLE,False,UNASSIGNED,No adjacent-time random split; subject/session/story keys retained; train-only fitted transforms
ds004703,sub-SD022_ses-01_task-PassiveListen__trial-3,sub-SD022,ses-01,sub-SD022_ses-01_task-PassiveListen,instructions3,NOT_APPLICABLE,False,UNASSIGNED,No adjacent-time random split; subject/session/story keys retained; train-only fitted transforms
ds004703,sub-SD022_ses-01_task-PassiveListen__trial-4,sub-SD022,ses-01,sub-SD022_ses-01_task-PassiveListen,pleasePressSpace,NOT_APPLICABLE,False,UNASSIGNED,No adjacent-time random split; subject/session/story keys retained; train-only fitted transforms
ds004703,sub-SD022_ses-01_task-PassiveListen__trial-5,sub-SD022,ses-01,sub-SD022_ses-01_task-PassiveListen,catalan-m01,Block 1,False,UNASSIGNED,No adjacent-time random split; subject/session/story keys retained; train-only fitted transforms
ds004703,sub-SD022_ses-01_task-PassiveListen__trial-6,sub-SD022,ses-01,sub-SD022_ses-01_task-PassiveListen,s2102a-ex01,Block 1,True,UNASSIGNED,No adjacent-time random split; subject/session/story keys retained; train-only fitted transforms
ds004703,sub-SD022_ses-01_task-PassiveListen__trial-7,sub-SD022,ses-01,sub-SD022_ses-01_task-PassiveListen,s4002b-ex01,Block 1,True,UNASSIGNED,No adjacent-time random split; subject/session/story keys retained; train-only fitted transforms
ds004703,sub-SD022_ses-01_task-PassiveListen__trial-8,sub-SD022,ses-01,sub-SD022_ses-01_task-PassiveListen,s1303a-ex01,Block 1,True,UNASSIGNED,No adjacent-time random split; subject/session/story keys retained; train-only fitted transforms
ds004703,sub-SD022_ses-01_task-PassiveListen__trial-9,sub-SD022,ses-01,sub-SD022_ses-01_task-PassiveListen,s2301a-ex01,Block 1,True,UNASSIGNED,No adjacent-time random split; subject/session/story keys retained; train-only fitted transforms
ds004703,sub-SD022_ses-01_task-PassiveListen__trial-10,sub-SD022,ses-01,sub-SD022_ses-01_task-PassiveListen,s3001b-ex01,Block 1,True,UNASSIGNED,No adjacent-time random split; subject/session/story keys retained; train-only fitted transforms
ds004703,sub-SD022_ses-01_task-PassiveListen__trial-11,sub-SD022,ses-01,sub-SD022_ses-01_task-PassiveListen,s3602b-ex01,Block 1,True,UNASSIGNED,No adjacent-time random split; subject/session/story keys retained; train-only fitted transforms
ds004703,sub-SD022_ses-01_task-PassiveListen__trial-12,sub-SD022,ses-01,sub-SD022_ses-01_task-PassiveListen,s1401a-ex01,Block 1,True,UNASSIGNED,No adjacent-time random split; subject/session/story keys retained; train-only fitted transforms
ds004703,sub-SD022_ses-01_task-PassiveListen__trial-13,sub-SD022,ses-01,sub-SD022_ses-01_task-PassiveListen,s1901b-ex01,Block 1,True,UNASSIGNED,No adjacent-time random split; subject/session/story keys retained; train-only fitted transforms
ds004703,sub-SD022_ses-01_task-PassiveListen__trial-14,sub-SD022,ses-01,sub-SD022_ses-01_task-PassiveListen,s3602b-ex02,Block 2,True,UNASSIGNED,No adjacent-time random split; subject/session/story keys retained; train-only fitted transforms
ds004703,sub-SD022_ses-01_task-PassiveListen__trial-15,sub-SD022,ses-01,sub-SD022_ses-01_task-PassiveListen,s2102a-ex02,Block 2,True,UNASSIGNED,No adjacent-time random split; subject/session/story keys retained; train-only fitted transforms
ds004703,sub-SD022_ses-01_task-PassiveListen__trial-16,sub-SD022,ses-01,sub-SD022_ses-01_task-PassiveListen,s2202b-ex02,Block 2,True,UNASSIGNED,No adjacent-time random split; subject/session/story keys retained; train-only fitted transforms
ds004703,sub-SD022_ses-01_task-PassiveListen__trial-17,sub-SD022,ses-01,sub-SD022_ses-01_task-PassiveListen,s1201a-ex01,Block 2,True,UNASSIGNED,No adjacent-time random split; subject/session/story keys retained; train-only fitted transforms
ds004703,sub-SD022_ses-01_task-PassiveListen__trial-18,sub-SD022,ses-01,sub-SD022_ses-01_task-PassiveListen,s0703b-ex01,Block 2,True,UNASSIGNED,No adjacent-time random split; subject/session/story keys retained; train-only fitted transforms
ds004703,sub-SD022_ses-01_task-PassiveListen__trial-19,sub-SD022,ses-01,sub-SD022_ses-01_task-PassiveListen,s3903b-ex01,Block 2,True,UNASSIGNED,No adjacent-time random split; subject/session/story keys retained; train-only fitted transforms
ds004703,sub-SD022_ses-01_task-PassiveListen__trial-20,sub-SD022,ses-01,sub-SD022_ses-01_task-PassiveListen,s4003b-ex01,Block 2,True,UNASSIGNED,No adjacent-time random split; subject/session/story keys retained; train-only fitted transforms
ds004703,sub-SD022_ses-01_task-PassiveListen__trial-21,sub-SD022,ses-01,sub-SD022_ses-01_task-PassiveListen,s3301a-ex01,Block 2,True,UNASSIGNED,No adjacent-time random split; subject/session/story keys retained; train-only fitted transforms
ds004703,sub-SD022_ses-01_task-PassiveListen__trial-22,sub-SD022,ses-01,sub-SD022_ses-01_task-PassiveListen,pleasePressSpace,NOT_APPLICABLE,False,UNASSIGNED,No adjacent-time random split; subject/session/story keys retained; train-only fitted transforms
ds004703,sub-SD022_ses-01_task-PassiveListen__trial-23,sub-SD022,ses-01,sub-SD022_ses-01_task-PassiveListen,catalan-f01,Block 2,False,UNASSIGNED,No adjacent-time random split; subject/session/story keys retained; train-only fitted transforms
ds004703,sub-SD022_ses-01_task-PassiveListen__trial-24,sub-SD022,ses-01,sub-SD022_ses-01_task-PassiveListen,s3201a-ex01,Block 3,True,UNASSIGNED,No adjacent-time random split; subject/session/story keys retained; train-only fitted transforms
ds004703,sub-SD022_ses-01_task-PassiveListen__trial-25,sub-SD022,ses-01,sub-SD022_ses-01_task-PassiveListen,s3703b-ex01,Block 3,True,UNASSIGNED,No adjacent-time random split; subject/session/story keys retained; train-only fitted transforms
ds004703,sub-SD022_ses-01_task-PassiveListen__trial-26,sub-SD022,ses-01,sub-SD022_ses-01_task-PassiveListen,s1001a-ex01,Block 3,True,UNASSIGNED,No adjacent-time random split; subject/session/story keys retained; train-only fitted transforms
ds004703,sub-SD022_ses-01_task-PassiveListen__trial-27,sub-SD022,ses-01,sub-SD022_ses-01_task-PassiveListen,pleasePressSpace,NOT_APPLICABLE,False,UNASSIGNED,No adjacent-time random split; subject/session/story keys retained; train-only fitted transforms
ds004703,sub-SD022_ses-01_task-PassiveListen__trial-28,sub-SD022,ses-01,sub-SD022_ses-01_task-PassiveListen,catalan-m02,Block 3,False,UNASSIGNED,No adjacent-time random split; subject/session/story keys retained; train-only fitted transforms
ds004703,sub-SD022_ses-01_task-PassiveListen__trial-29,sub-SD022,ses-01,sub-SD022_ses-01_task-PassiveListen,s1401a-ex02,Block 3,True,UNASSIGNED,No adjacent-time random split; subject/session/story keys retained; train-only fitted transforms
ds004703,sub-SD022_ses-01_task-PassiveListen__trial-30,sub-SD022,ses-01,sub-SD022_ses-01_task-PassiveListen,s3301a-ex02,Block 3,True,UNASSIGNED,No adjacent-time random split; subject/session/story keys retained; train-only fitted transforms
ds004703,sub-SD022_ses-01_task-PassiveListen__trial-31,sub-SD022,ses-01,sub-SD022_ses-01_task-PassiveListen,s3903b-ex02,Block 3,True,UNASSIGNED,No adjacent-time random split; subject/session/story keys retained; train-only fitted transforms
ds004703,sub-SD022_ses-01_task-PassiveListen__trial-32,sub-SD022,ses-01,sub-SD022_ses-01_task-PassiveListen,s1501a-ex01,Block 3,True,UNASSIGNED,No adjacent-time random split; subject/session/story keys retained; train-only fitted transforms
ds004703,sub-SD022_ses-01_task-PassiveListen__trial-33,sub-SD022,ses-01,sub-SD022_ses-01_task-PassiveListen,s1303a-ex02,Block 3,True,UNASSIGNED,No adjacent-time random split; subject/session/story keys retained; train-only fitted transforms
ds004703,sub-SD022_ses-01_task-PassiveListen__trial-34,sub-SD022,ses-01,sub-SD022_ses-01_task-PassiveListen,s3802a-ex01,Block 4,True,UNASSIGNED,No adjacent-time random split; subject/session/story keys retained; train-only fitted transforms
ds004703,sub-SD022_ses-01_task-PassiveListen__trial-35,sub-SD022,ses-01,sub-SD022_ses-01_task-PassiveListen,s0202b-ex01,Block 4,True,UNASSIGNED,No adjacent-time random split; subject/session/story keys retained; train-only fitted transforms
ds004703,sub-SD022_ses-01_task-PassiveListen__trial-36,sub-SD022,ses-01,sub-SD022_ses-01_task-PassiveListen,pleasePressSpace,NOT_APPLICABLE,False,UNASSIGNED,No adjacent-time random split; subject/session/story keys retained; train-only fitted transforms
ds004703,sub-SD022_ses-01_task-PassiveListen__trial-37,sub-SD022,ses-01,sub-SD022_ses-01_task-PassiveListen,catalan-f02,Block 4,False,UNASSIGNED,No adjacent-time random split; subject/session/story keys retained; train-only fitted transforms
ds004703,sub-SD022_ses-01_task-PassiveListen__trial-38,sub-SD022,ses-01,sub-SD022_ses-01_task-PassiveListen,s3102b-ex01,Block 4,True,UNASSIGNED,No adjacent-time random split; subject/session/story keys retained; train-only fitted transforms
ds004703,sub-SD022_ses-01_task-PassiveListen__trial-39,sub-SD022,ses-01,sub-SD022_ses-01_task-PassiveListen,s2801a-ex01,Block 4,True,UNASSIGNED,No adjacent-time random split; subject/session/story keys retained; train-only fitted transforms
ds004703,sub-SD022_ses-01_task-PassiveListen__trial-40,sub-SD022,ses-01,sub-SD022_ses-01_task-PassiveListen,s0702a-ex01,Block 4,True,UNASSIGNED,No adjacent-time random split; subject/session/story keys retained; train-only fitted transforms
ds004703,sub-SD022_ses-01_task-PassiveListen__trial-41,sub-SD022,ses-01,sub-SD022_ses-01_task-PassiveListen,s2102a-ex03,Block 4,True,UNASSIGNED,No adjacent-time random split; subject/session/story keys retained; train-only fitted transforms
ds004703,sub-SD022_ses-01_task-PassiveListen__trial-42,sub-SD022,ses-01,sub-SD022_ses-01_task-PassiveListen,s3902a-ex01,Block 4,True,UNASSIGNED,No adjacent-time random split; subject/session/story keys retained; train-only fitted transforms
ds004703,sub-SD022_ses-01_task-PassiveListen__trial-43,sub-SD022,ses-01,sub-SD022_ses-01_task-PassiveListen,s1604a-ex01,Block 4,True,UNASSIGNED,No adjacent-time random split; subject/session/story keys retained; train-only fitted transforms
ds004703,sub-SD022_ses-01_task-PassiveListen__trial-44,sub-SD022,ses-01,sub-SD022_ses-01_task-PassiveListen,s1401b-ex01,Block 5,True,UNASSIGNED,No adjacent-time random split; subject/session/story keys retained; train-only fitted transforms
ds004703,sub-SD022_ses-01_task-PassiveListen__trial-45,sub-SD022,ses-01,sub-SD022_ses-01_task-PassiveListen,s1202b-ex01,Block 5,True,UNASSIGNED,No adjacent-time random split; subject/session/story keys retained; train-only fitted transforms
ds004703,sub-SD022_ses-01_task-PassiveListen__trial-46,sub-SD022,ses-01,sub-SD022_ses-01_task-PassiveListen,pleasePressSpace,NOT_APPLICABLE,False,UNASSIGNED,No adjacent-time random split; subject/session/story keys retained; train-only fitted transforms
ds004703,sub-SD022_ses-01_task-PassiveListen__trial-47,sub-SD022,ses-01,sub-SD022_ses-01_task-PassiveListen,catalan-m03,Block 5,False,UNASSIGNED,No adjacent-time random split; subject/session/story keys retained; train-only fitted transforms
ds004703,sub-SD022_ses-01_task-PassiveListen__trial-48,sub-SD022,ses-01,sub-SD022_ses-01_task-PassiveListen,s1503a-ex01,Block 5,True,UNASSIGNED,No adjacent-time random split; subject/session/story keys retained; train-only fitted transforms
ds004703,sub-SD022_ses-01_task-PassiveListen__trial-49,sub-SD022,ses-01,sub-SD022_ses-01_task-PassiveListen,s3003a-ex01,Block 5,True,UNASSIGNED,No adjacent-time random split; subject/session/story keys retained; train-only fitted transforms
ds004703,sub-SD022_ses-01_task-PassiveListen__trial-50,sub-SD022,ses-01,sub-SD022_ses-01_task-PassiveListen,s1703b-ex01,Block 5,True,UNASSIGNED,No adjacent-time random split; subject/session/story keys retained; train-only fitted transforms
ds004703,sub-SD022_ses-01_task-PassiveListen__trial-51,sub-SD022,ses-01,sub-SD022_ses-01_task-PassiveListen,s0802b-ex01,Block 5,True,UNASSIGNED,No adjacent-time random split; subject/session/story keys retained; train-only fitted transforms
ds004703,sub-SD022_ses-01_task-PassiveListen__trial-52,sub-SD022,ses-01,sub-SD022_ses-01_task-PassiveListen,s1103a-ex01,Block 5,True,UNASSIGNED,No adjacent-time random split; subject/session/story keys retained; train-only fitted transforms
ds004703,sub-SD022_ses-01_task-PassiveListen__trial-53,sub-SD022,ses-01,sub-SD022_ses-01_task-PassiveListen,s0203b-ex01,Block 5,True,UNASSIGNED,No adjacent-time random split; subject/session/story keys retained; train-only fitted transforms
ds004703,sub-SD022_ses-01_task-PassiveListen__trial-54,sub-SD022,ses-01,sub-SD022_ses-01_task-PassiveListen,s3003a-ex02,Block 6,True,UNASSIGNED,No adjacent-time random split; subject/session/story keys retained; train-only fitted transforms
ds004703,sub-SD022_ses-01_task-PassiveListen__trial-55,sub-SD022,ses-01,sub-SD022_ses-01_task-PassiveListen,s0305a-ex01,Block 6,True,UNASSIGNED,No adjacent-time random split; subject/session/story keys retained; train-only fitted transforms
ds004703,sub-SD022_ses-01_task-PassiveListen__trial-56,sub-SD022,ses-01,sub-SD022_ses-01_task-PassiveListen,s2302b-ex01,Block 6,True,UNASSIGNED,No adjacent-time random split; subject/session/story keys retained; train-only fitted transforms
ds004703,sub-SD022_ses-01_task-PassiveListen__trial-57,sub-SD022,ses-01,sub-SD022_ses-01_task-PassiveListen,s0901b-ex01,Block 6,True,UNASSIGNED,No adjacent-time random split; subject/session/story keys retained; train-only fitted transforms
ds004703,sub-SD022_ses-01_task-PassiveListen__trial-58,sub-SD022,ses-01,sub-SD022_ses-01_task-PassiveListen,s1203a-ex01,Block 6,True,UNASSIGNED,No adjacent-time random split; subject/session/story keys retained; train-only fitted transforms
ds004703,sub-SD022_ses-01_task-PassiveListen__trial-59,sub-SD022,ses-01,sub-SD022_ses-01_task-PassiveListen,s1702b-ex01,Block 6,True,UNASSIGNED,No adjacent-time random split; subject/session/story keys retained; train-only fitted transforms
ds004703,sub-SD022_ses-01_task-PassiveListen__trial-60,sub-SD022,ses-01,sub-SD022_ses-01_task-PassiveListen,s1503a-ex02,Block 6,True,UNASSIGNED,No adjacent-time random split; subject/session/story keys retained; train-only fitted transforms
ds004703,sub-SD022_ses-01_task-PassiveListen__trial-61,sub-SD022,ses-01,sub-SD022_ses-01_task-PassiveListen,pleasePressSpace,NOT_APPLICABLE,False,UNASSIGNED,No adjacent-time random split; subject/session/story keys retained; train-only fitted transforms
ds004703,sub-SD022_ses-01_task-PassiveListen__trial-62,sub-SD022,ses-01,sub-SD022_ses-01_task-PassiveListen,catalan-f03,Block 6,False,UNASSIGNED,No adjacent-time random split; subject/session/story keys retained; train-only fitted transforms
ds004703,sub-SD022_ses-01_task-PassiveListen__trial-63,sub-SD022,ses-01,sub-SD022_ses-01_task-PassiveListen,s3801a-ex01,Block 6,True,UNASSIGNED,No adjacent-time random split; subject/session/story keys retained; train-only fitted transforms
SparrKULee,sub-001_ses-shortstories01_task-listeningActive_run-01_desc-preproc-audio-audiobook_5_1_eeg.npy,sub-001,ses-shortstories01,sub-001_ses-shortstories01_task-listeningActive_run-01_eeg.bdf,audiobook_5_1,UNKNOWN,PASS_VIRTUAL_INITIAL_QC,UNASSIGNED,No adjacent-time random split; repeated story and subject grouping; train-only fitted transforms
SparrKULee,sub-001_ses-shortstories01_task-listeningActive_run-02_desc-preproc-audio-audiobook_5_2_eeg.npy,sub-001,ses-shortstories01,sub-001_ses-shortstories01_task-listeningActive_run-02_eeg.bdf,audiobook_5_2,UNKNOWN,PASS_VIRTUAL_INITIAL_QC,UNASSIGNED,No adjacent-time random split; repeated story and subject grouping; train-only fitted transforms
SparrKULee,sub-001_ses-shortstories01_task-listeningActive_run-03_desc-preproc-audio-audiobook_5_3_eeg.npy,sub-001,ses-shortstories01,sub-001_ses-shortstories01_task-listeningActive_run-03_eeg.bdf,audiobook_5_3,UNKNOWN,PASS_VIRTUAL_INITIAL_QC,UNASSIGNED,No adjacent-time random split; repeated story and subject grouping; train-only fitted transforms
SparrKULee,sub-001_ses-shortstories01_task-listeningActive_run-04_desc-preproc-audio-audiobook_1_eeg.npy,sub-001,ses-shortstories01,sub-001_ses-shortstories01_task-listeningActive_run-04_eeg.bdf,audiobook_1,UNKNOWN,PASS_VIRTUAL_INITIAL_QC,UNASSIGNED,No adjacent-time random split; repeated story and subject grouping; train-only fitted transforms
SparrKULee,sub-001_ses-shortstories01_task-listeningActive_run-05_desc-preproc-audio-audiobook_2_1_eeg.npy,sub-001,ses-shortstories01,sub-001_ses-shortstories01_task-listeningActive_run-05_eeg.bdf,audiobook_2_1,UNKNOWN,PASS_VIRTUAL_INITIAL_QC,UNASSIGNED,No adjacent-time random split; repeated story and subject grouping; train-only fitted transforms
SparrKULee,sub-001_ses-shortstories01_task-listeningActive_run-06_desc-preproc-audio-audiobook_2_2_eeg.npy,sub-001,ses-shortstories01,sub-001_ses-shortstories01_task-listeningActive_run-06_eeg.bdf,audiobook_2_2,UNKNOWN,PASS_VIRTUAL_INITIAL_QC,UNASSIGNED,No adjacent-time random split; repeated story and subject grouping; train-only fitted transforms
SparrKULee,sub-001_ses-shortstories01_task-listeningActive_run-07_desc-preproc-audio-audiobook_4_eeg.npy,sub-001,ses-shortstories01,sub-001_ses-shortstories01_task-listeningActive_run-07_eeg.bdf,audiobook_4,UNKNOWN,PASS_VIRTUAL_INITIAL_QC,UNASSIGNED,No adjacent-time random split; repeated story and subject grouping; train-only fitted transforms
SparrKULee,sub-001_ses-shortstories01_task-listeningActive_run-08_desc-preproc-audio-audiobook_3_eeg.npy,sub-001,ses-shortstories01,sub-001_ses-shortstories01_task-listeningActive_run-08_eeg.bdf,audiobook_3,UNKNOWN,PASS_VIRTUAL_INITIAL_QC,UNASSIGNED,No adjacent-time random split; repeated story and subject grouping; train-only fitted transforms
SparrKULee,sub-001_ses-shortstories01_task-listeningActive_run-09_desc-preproc-audio-audiobook_6_1_eeg.npy,sub-001,ses-shortstories01,sub-001_ses-shortstories01_task-listeningActive_run-09_eeg.bdf,audiobook_6_1,UNKNOWN,PASS_VIRTUAL_INITIAL_QC,UNASSIGNED,No adjacent-time random split; repeated story and subject grouping; train-only fitted transforms
SparrKULee,sub-001_ses-shortstories01_task-listeningActive_run-10_desc-preproc-audio-audiobook_6_2_eeg.npy,sub-001,ses-shortstories01,sub-001_ses-shortstories01_task-listeningActive_run-10_eeg.bdf,audiobook_6_2,UNKNOWN,PASS_VIRTUAL_INITIAL_QC,UNASSIGNED,No adjacent-time random split; repeated story and subject grouping; train-only fitted transforms
SparrKULee,sub-002_ses-shortstories01_task-listeningActive_run-01_desc-preproc-audio-audiobook_1_artefact_eeg.npy,sub-002,ses-shortstories01,sub-002_ses-shortstories01_task-listeningActive_run-01_eeg.bdf,audiobook_1_artefact,UNKNOWN,PASS_VIRTUAL_INITIAL_QC,UNASSIGNED,No adjacent-time random split; repeated story and subject grouping; train-only fitted transforms
SparrKULee,sub-002_ses-shortstories01_task-listeningActive_run-02_desc-preproc-audio-audiobook_3_eeg.npy,sub-002,ses-shortstories01,sub-002_ses-shortstories01_task-listeningActive_run-02_eeg.bdf,audiobook_3,UNKNOWN,PASS_VIRTUAL_INITIAL_QC,UNASSIGNED,No adjacent-time random split; repeated story and subject grouping; train-only fitted transforms
SparrKULee,sub-002_ses-shortstories01_task-listeningActive_run-03_desc-preproc-audio-audiobook_1_eeg.npy,sub-002,ses-shortstories01,sub-002_ses-shortstories01_task-listeningActive_run-03_eeg.bdf,audiobook_1,UNKNOWN,PASS_VIRTUAL_INITIAL_QC,UNASSIGNED,No adjacent-time random split; repeated story and subject grouping; train-only fitted transforms
SparrKULee,sub-002_ses-shortstories01_task-listeningActive_run-04_desc-preproc-audio-audiobook_2_1_eeg.npy,sub-002,ses-shortstories01,sub-002_ses-shortstories01_task-listeningActive_run-04_eeg.bdf,audiobook_2_1,UNKNOWN,PASS_VIRTUAL_INITIAL_QC,UNASSIGNED,No adjacent-time random split; repeated story and subject grouping; train-only fitted transforms
SparrKULee,sub-002_ses-shortstories01_task-listeningActive_run-05_desc-preproc-audio-audiobook_2_2_eeg.npy,sub-002,ses-shortstories01,sub-002_ses-shortstories01_task-listeningActive_run-05_eeg.bdf,audiobook_2_2,UNKNOWN,PASS_VIRTUAL_INITIAL_QC,UNASSIGNED,No adjacent-time random split; repeated story and subject grouping; train-only fitted transforms
SparrKULee,sub-002_ses-shortstories01_task-listeningActive_run-06_desc-preproc-audio-audiobook_6_1_eeg.npy,sub-002,ses-shortstories01,sub-002_ses-shortstories01_task-listeningActive_run-06_eeg.bdf,audiobook_6_1,UNKNOWN,PASS_VIRTUAL_INITIAL_QC,UNASSIGNED,No adjacent-time random split; repeated story and subject grouping; train-only fitted transforms
SparrKULee,sub-002_ses-shortstories01_task-listeningActive_run-07_desc-preproc-audio-audiobook_6_2_eeg.npy,sub-002,ses-shortstories01,sub-002_ses-shortstories01_task-listeningActive_run-07_eeg.bdf,audiobook_6_2,UNKNOWN,PASS_VIRTUAL_INITIAL_QC,UNASSIGNED,No adjacent-time random split; repeated story and subject grouping; train-only fitted transforms
SparrKULee,sub-002_ses-shortstories01_task-listeningActive_run-08_desc-preproc-audio-audiobook_5_1_eeg.npy,sub-002,ses-shortstories01,sub-002_ses-shortstories01_task-listeningActive_run-08_eeg.bdf,audiobook_5_1,UNKNOWN,PASS_VIRTUAL_INITIAL_QC,UNASSIGNED,No adjacent-time random split; repeated story and subject grouping; train-only fitted transforms
SparrKULee,sub-002_ses-shortstories01_task-listeningActive_run-09_desc-preproc-audio-audiobook_5_2_eeg.npy,sub-002,ses-shortstories01,sub-002_ses-shortstories01_task-listeningActive_run-09_eeg.bdf,audiobook_5_2,UNKNOWN,PASS_VIRTUAL_INITIAL_QC,UNASSIGNED,No adjacent-time random split; repeated story and subject grouping; train-only fitted transforms
SparrKULee,sub-002_ses-shortstories01_task-listeningActive_run-10_desc-preproc-audio-audiobook_5_3_eeg.npy,sub-002,ses-shortstories01,sub-002_ses-shortstories01_task-listeningActive_run-10_eeg.bdf,audiobook_5_3,UNKNOWN,PASS_VIRTUAL_INITIAL_QC,UNASSIGNED,No adjacent-time random split; repeated story and subject grouping; train-only fitted transforms
SparrKULee,sub-002_ses-shortstories01_task-listeningActive_run-11_desc-preproc-audio-audiobook_4_eeg.npy,sub-002,ses-shortstories01,sub-002_ses-shortstories01_task-listeningActive_run-11_eeg.bdf,audiobook_4,UNKNOWN,PASS_VIRTUAL_INITIAL_QC,UNASSIGNED,No adjacent-time random split; repeated story and subject grouping; train-only fitted transforms
SparrKULee,sub-003_ses-shortstories01_task-listeningActive_run-01_desc-preproc-audio-audiobook_5_1_eeg.npy,sub-003,ses-shortstories01,sub-003_ses-shortstories01_task-listeningActive_run-01_eeg.bdf,audiobook_5_1,UNKNOWN,PASS_VIRTUAL_INITIAL_QC,UNASSIGNED,No adjacent-time random split; repeated story and subject grouping; train-only fitted transforms
SparrKULee,sub-003_ses-shortstories01_task-listeningActive_run-02_desc-preproc-audio-audiobook_5_2_eeg.npy,sub-003,ses-shortstories01,sub-003_ses-shortstories01_task-listeningActive_run-02_eeg.bdf,audiobook_5_2,UNKNOWN,PASS_VIRTUAL_INITIAL_QC,UNASSIGNED,No adjacent-time random split; repeated story and subject grouping; train-only fitted transforms
SparrKULee,sub-003_ses-shortstories01_task-listeningActive_run-03_desc-preproc-audio-audiobook_5_3_eeg.npy,sub-003,ses-shortstories01,sub-003_ses-shortstories01_task-listeningActive_run-03_eeg.bdf,audiobook_5_3,UNKNOWN,PASS_VIRTUAL_INITIAL_QC,UNASSIGNED,No adjacent-time random split; repeated story and subject grouping; train-only fitted transforms
SparrKULee,sub-003_ses-shortstories01_task-listeningActive_run-04_desc-preproc-audio-audiobook_1_eeg.npy,sub-003,ses-shortstories01,sub-003_ses-shortstories01_task-listeningActive_run-04_eeg.bdf,audiobook_1,UNKNOWN,PASS_VIRTUAL_INITIAL_QC,UNASSIGNED,No adjacent-time random split; repeated story and subject grouping; train-only fitted transforms
SparrKULee,sub-003_ses-shortstories01_task-listeningActive_run-05_desc-preproc-audio-audiobook_6_1_eeg.npy,sub-003,ses-shortstories01,sub-003_ses-shortstories01_task-listeningActive_run-05_eeg.bdf,audiobook_6_1,UNKNOWN,PASS_VIRTUAL_INITIAL_QC,UNASSIGNED,No adjacent-time random split; repeated story and subject grouping; train-only fitted transforms
SparrKULee,sub-003_ses-shortstories01_task-listeningActive_run-06_desc-preproc-audio-audiobook_6_2_eeg.npy,sub-003,ses-shortstories01,sub-003_ses-shortstories01_task-listeningActive_run-06_eeg.bdf,audiobook_6_2,UNKNOWN,PASS_VIRTUAL_INITIAL_QC,UNASSIGNED,No adjacent-time random split; repeated story and subject grouping; train-only fitted transforms
SparrKULee,sub-003_ses-shortstories01_task-listeningActive_run-07_desc-preproc-audio-audiobook_4_eeg.npy,sub-003,ses-shortstories01,sub-003_ses-shortstories01_task-listeningActive_run-07_eeg.bdf,audiobook_4,UNKNOWN,PASS_VIRTUAL_INITIAL_QC,UNASSIGNED,No adjacent-time random split; repeated story and subject grouping; train-only fitted transforms
SparrKULee,sub-003_ses-shortstories01_task-listeningActive_run-08_desc-preproc-audio-audiobook_3_eeg.npy,sub-003,ses-shortstories01,sub-003_ses-shortstories01_task-listeningActive_run-08_eeg.bdf,audiobook_3,UNKNOWN,PASS_VIRTUAL_INITIAL_QC,UNASSIGNED,No adjacent-time random split; repeated story and subject grouping; train-only fitted transforms
SparrKULee,sub-003_ses-shortstories01_task-listeningActive_run-09_desc-preproc-audio-audiobook_2_1_eeg.npy,sub-003,ses-shortstories01,sub-003_ses-shortstories01_task-listeningActive_run-09_eeg.bdf,audiobook_2_1,UNKNOWN,PASS_VIRTUAL_INITIAL_QC,UNASSIGNED,No adjacent-time random split; repeated story and subject grouping; train-only fitted transforms
SparrKULee,sub-003_ses-shortstories01_task-listeningActive_run-10_desc-preproc-audio-audiobook_2_2_eeg.npy,sub-003,ses-shortstories01,sub-003_ses-shortstories01_task-listeningActive_run-10_eeg.bdf,audiobook_2_2,UNKNOWN,PASS_VIRTUAL_INITIAL_QC,UNASSIGNED,No adjacent-time random split; repeated story and subject grouping; train-only fitted transforms
SparrKULee,sub-004_ses-shortstories01_task-listeningActive_run-01_desc-preproc-audio-audiobook_2_1_eeg.npy,sub-004,ses-shortstories01,sub-004_ses-shortstories01_task-listeningActive_run-01_eeg.bdf,audiobook_2_1,UNKNOWN,PASS_VIRTUAL_INITIAL_QC,UNASSIGNED,No adjacent-time random split; repeated story and subject grouping; train-only fitted transforms
SparrKULee,sub-004_ses-shortstories01_task-listeningActive_run-02_desc-preproc-audio-audiobook_2_2_eeg.npy,sub-004,ses-shortstories01,sub-004_ses-shortstories01_task-listeningActive_run-02_eeg.bdf,audiobook_2_2,UNKNOWN,PASS_VIRTUAL_INITIAL_QC,UNASSIGNED,No adjacent-time random split; repeated story and subject grouping; train-only fitted transforms
SparrKULee,sub-004_ses-shortstories01_task-listeningActive_run-03_desc-preproc-audio-audiobook_1_eeg.npy,sub-004,ses-shortstories01,sub-004_ses-shortstories01_task-listeningActive_run-03_eeg.bdf,audiobook_1,UNKNOWN,PASS_VIRTUAL_INITIAL_QC,UNASSIGNED,No adjacent-time random split; repeated story and subject grouping; train-only fitted transforms
SparrKULee,sub-004_ses-shortstories01_task-listeningActive_run-04_desc-preproc-audio-audiobook_3_eeg.npy,sub-004,ses-shortstories01,sub-004_ses-shortstories01_task-listeningActive_run-04_eeg.bdf,audiobook_3,UNKNOWN,PASS_VIRTUAL_INITIAL_QC,UNASSIGNED,No adjacent-time random split; repeated story and subject grouping; train-only fitted transforms
SparrKULee,sub-005_ses-shortstories01_task-listeningActive_run-01_desc-preproc-audio-audiobook_6_1_eeg.npy,sub-005,ses-shortstories01,sub-005_ses-shortstories01_task-listeningActive_run-01_eeg.bdf,audiobook_6_1,UNKNOWN,PASS_VIRTUAL_INITIAL_QC,UNASSIGNED,No adjacent-time random split; repeated story and subject grouping; train-only fitted transforms
SparrKULee,sub-005_ses-shortstories01_task-listeningActive_run-02_desc-preproc-audio-audiobook_6_2_eeg.npy,sub-005,ses-shortstories01,sub-005_ses-shortstories01_task-listeningActive_run-02_eeg.bdf,audiobook_6_2,UNKNOWN,PASS_VIRTUAL_INITIAL_QC,UNASSIGNED,No adjacent-time random split; repeated story and subject grouping; train-only fitted transforms
SparrKULee,sub-005_ses-shortstories01_task-listeningActive_run-03_desc-preproc-audio-audiobook_5_1_eeg.npy,sub-005,ses-shortstories01,sub-005_ses-shortstories01_task-listeningActive_run-03_eeg.bdf,audiobook_5_1,UNKNOWN,PASS_VIRTUAL_INITIAL_QC,UNASSIGNED,No adjacent-time random split; repeated story and subject grouping; train-only fitted transforms
SparrKULee,sub-005_ses-shortstories01_task-listeningActive_run-04_desc-preproc-audio-audiobook_5_2_eeg.npy,sub-005,ses-shortstories01,sub-005_ses-shortstories01_task-listeningActive_run-04_eeg.bdf,audiobook_5_2,UNKNOWN,PASS_VIRTUAL_INITIAL_QC,UNASSIGNED,No adjacent-time random split; repeated story and subject grouping; train-only fitted transforms
SparrKULee,sub-005_ses-shortstories01_task-listeningActive_run-05_desc-preproc-audio-audiobook_5_3_eeg.npy,sub-005,ses-shortstories01,sub-005_ses-shortstories01_task-listeningActive_run-05_eeg.bdf,audiobook_5_3,UNKNOWN,PASS_VIRTUAL_INITIAL_QC,UNASSIGNED,No adjacent-time random split; repeated story and subject grouping; train-only fitted transforms
SparrKULee,sub-005_ses-shortstories01_task-listeningActive_run-06_desc-preproc-audio-audiobook_1_eeg.npy,sub-005,ses-shortstories01,sub-005_ses-shortstories01_task-listeningActive_run-06_eeg.bdf,audiobook_1,UNKNOWN,PASS_VIRTUAL_INITIAL_QC,UNASSIGNED,No adjacent-time random split; repeated story and subject grouping; train-only fitted transforms
SparrKULee,sub-005_ses-shortstories01_task-listeningActive_run-07_desc-preproc-audio-audiobook_2_1_eeg.npy,sub-005,ses-shortstories01,sub-005_ses-shortstories01_task-listeningActive_run-07_eeg.bdf,audiobook_2_1,UNKNOWN,PASS_VIRTUAL_INITIAL_QC,UNASSIGNED,No adjacent-time random split; repeated story and subject grouping; train-only fitted transforms
SparrKULee,sub-005_ses-shortstories01_task-listeningActive_run-08_desc-preproc-audio-audiobook_2_2_eeg.npy,sub-005,ses-shortstories01,sub-005_ses-shortstories01_task-listeningActive_run-08_eeg.bdf,audiobook_2_2,UNKNOWN,PASS_VIRTUAL_INITIAL_QC,UNASSIGNED,No adjacent-time random split; repeated story and subject grouping; train-only fitted transforms
SparrKULee,sub-005_ses-shortstories01_task-listeningActive_run-10_desc-preproc-audio-audiobook_3_eeg.npy,sub-005,ses-shortstories01,sub-005_ses-shortstories01_task-listeningActive_run-10_eeg.bdf,audiobook_3,UNKNOWN,PASS_VIRTUAL_INITIAL_QC,UNASSIGNED,No adjacent-time random split; repeated story and subject grouping; train-only fitted transforms
SparrKULee,sub-006_ses-shortstories01_task-listeningActive_run-01_desc-preproc-audio-audiobook_4_eeg.npy,sub-006,ses-shortstories01,sub-006_ses-shortstories01_task-listeningActive_run-01_eeg.bdf,audiobook_4,UNKNOWN,PASS_VIRTUAL_INITIAL_QC,UNASSIGNED,No adjacent-time random split; repeated story and subject grouping; train-only fitted transforms
SparrKULee,sub-006_ses-shortstories01_task-listeningActive_run-02_desc-preproc-audio-audiobook_1_eeg.npy,sub-006,ses-shortstories01,sub-006_ses-shortstories01_task-listeningActive_run-02_eeg.bdf,audiobook_1,UNKNOWN,PASS_VIRTUAL_INITIAL_QC,UNASSIGNED,No adjacent-time random split; repeated story and subject grouping; train-only fitted transforms
SparrKULee,sub-006_ses-shortstories01_task-listeningActive_run-03_desc-preproc-audio-audiobook_6_1_eeg.npy,sub-006,ses-shortstories01,sub-006_ses-shortstories01_task-listeningActive_run-03_eeg.bdf,audiobook_6_1,UNKNOWN,PASS_VIRTUAL_INITIAL_QC,UNASSIGNED,No adjacent-time random split; repeated story and subject grouping; train-only fitted transforms
SparrKULee,sub-006_ses-shortstories01_task-listeningActive_run-04_desc-preproc-audio-audiobook_6_2_eeg.npy,sub-006,ses-shortstories01,sub-006_ses-shortstories01_task-listeningActive_run-04_eeg.bdf,audiobook_6_2,UNKNOWN,PASS_VIRTUAL_INITIAL_QC,UNASSIGNED,No adjacent-time random split; repeated story and subject grouping; train-only fitted transforms
SparrKULee,sub-006_ses-shortstories01_task-listeningActive_run-05_desc-preproc-audio-audiobook_5_1_eeg.npy,sub-006,ses-shortstories01,sub-006_ses-shortstories01_task-listeningActive_run-05_eeg.bdf,audiobook_5_1,UNKNOWN,PASS_VIRTUAL_INITIAL_QC,UNASSIGNED,No adjacent-time random split; repeated story and subject grouping; train-only fitted transforms
SparrKULee,sub-006_ses-shortstories01_task-listeningActive_run-07_desc-preproc-audio-audiobook_5_3_eeg.npy,sub-006,ses-shortstories01,sub-006_ses-shortstories01_task-listeningActive_run-07_eeg.bdf,audiobook_5_3,UNKNOWN,PASS_VIRTUAL_INITIAL_QC,UNASSIGNED,No adjacent-time random split; repeated story and subject grouping; train-only fitted transforms
SparrKULee,sub-006_ses-shortstories01_task-listeningActive_run-08_desc-preproc-audio-audiobook_3_eeg.npy,sub-006,ses-shortstories01,sub-006_ses-shortstories01_task-listeningActive_run-08_eeg.bdf,audiobook_3,UNKNOWN,PASS_VIRTUAL_INITIAL_QC,UNASSIGNED,No adjacent-time random split; repeated story and subject grouping; train-only fitted transforms
SparrKULee,sub-006_ses-shortstories01_task-listeningActive_run-09_desc-preproc-audio-audiobook_2_1_eeg.npy,sub-006,ses-shortstories01,sub-006_ses-shortstories01_task-listeningActive_run-09_eeg.bdf,audiobook_2_1,UNKNOWN,PASS_VIRTUAL_INITIAL_QC,UNASSIGNED,No adjacent-time random split; repeated story and subject grouping; train-only fitted transforms
SparrKULee,sub-006_ses-shortstories01_task-listeningActive_run-10_desc-preproc-audio-audiobook_2_2_eeg.npy,sub-006,ses-shortstories01,sub-006_ses-shortstories01_task-listeningActive_run-10_eeg.bdf,audiobook_2_2,UNKNOWN,PASS_VIRTUAL_INITIAL_QC,UNASSIGNED,No adjacent-time random split; repeated story and subject grouping; train-only fitted transforms
SparrKULee,sub-007_ses-shortstories01_task-listeningActive_run-01_desc-preproc-audio-audiobook_5_1_eeg.npy,sub-007,ses-shortstories01,sub-007_ses-shortstories01_task-listeningActive_run-01_eeg.bdf,audiobook_5_1,UNKNOWN,PASS_VIRTUAL_INITIAL_QC,UNASSIGNED,No adjacent-time random split; repeated story and subject grouping; train-only fitted transforms
SparrKULee,sub-007_ses-shortstories01_task-listeningActive_run-02_desc-preproc-audio-audiobook_5_2_eeg.npy,sub-007,ses-shortstories01,sub-007_ses-shortstories01_task-listeningActive_run-02_eeg.bdf,audiobook_5_2,UNKNOWN,PASS_VIRTUAL_INITIAL_QC,UNASSIGNED,No adjacent-time random split; repeated story and subject grouping; train-only fitted transforms
SparrKULee,sub-007_ses-shortstories01_task-listeningActive_run-03_desc-preproc-audio-audiobook_5_3_eeg.npy,sub-007,ses-shortstories01,sub-007_ses-shortstories01_task-listeningActive_run-03_eeg.bdf,audiobook_5_3,UNKNOWN,PASS_VIRTUAL_INITIAL_QC,UNASSIGNED,No adjacent-time random split; repeated story and subject grouping; train-only fitted transforms
SparrKULee,sub-007_ses-shortstories01_task-listeningActive_run-04_desc-preproc-audio-audiobook_1_eeg.npy,sub-007,ses-shortstories01,sub-007_ses-shortstories01_task-listeningActive_run-04_eeg.bdf,audiobook_1,UNKNOWN,PASS_VIRTUAL_INITIAL_QC,UNASSIGNED,No adjacent-time random split; repeated story and subject grouping; train-only fitted transforms
SparrKULee,sub-007_ses-shortstories01_task-listeningActive_run-05_desc-preproc-audio-audiobook_6_1_eeg.npy,sub-007,ses-shortstories01,sub-007_ses-shortstories01_task-listeningActive_run-05_eeg.bdf,audiobook_6_1,UNKNOWN,PASS_VIRTUAL_INITIAL_QC,UNASSIGNED,No adjacent-time random split; repeated story and subject grouping; train-only fitted transforms
SparrKULee,sub-007_ses-shortstories01_task-listeningActive_run-06_desc-preproc-audio-audiobook_6_2_eeg.npy,sub-007,ses-shortstories01,sub-007_ses-shortstories01_task-listeningActive_run-06_eeg.bdf,audiobook_6_2,UNKNOWN,PASS_VIRTUAL_INITIAL_QC,UNASSIGNED,No adjacent-time random split; repeated story and subject grouping; train-only fitted transforms
SparrKULee,sub-007_ses-shortstories01_task-listeningActive_run-07_desc-preproc-audio-audiobook_3_eeg.npy,sub-007,ses-shortstories01,sub-007_ses-shortstories01_task-listeningActive_run-07_eeg.bdf,audiobook_3,UNKNOWN,PASS_VIRTUAL_INITIAL_QC,UNASSIGNED,No adjacent-time random split; repeated story and subject grouping; train-only fitted transforms
SparrKULee,sub-007_ses-shortstories01_task-listeningActive_run-08_desc-preproc-audio-audiobook_4_eeg.npy,sub-007,ses-shortstories01,sub-007_ses-shortstories01_task-listeningActive_run-08_eeg.bdf,audiobook_4,UNKNOWN,PASS_VIRTUAL_INITIAL_QC,UNASSIGNED,No adjacent-time random split; repeated story and subject grouping; train-only fitted transforms
SparrKULee,sub-007_ses-shortstories01_task-listeningActive_run-09_desc-preproc-audio-audiobook_2_1_eeg.npy,sub-007,ses-shortstories01,sub-007_ses-shortstories01_task-listeningActive_run-09_eeg.bdf,audiobook_2_1,UNKNOWN,PASS_VIRTUAL_INITIAL_QC,UNASSIGNED,No adjacent-time random split; repeated story and subject grouping; train-only fitted transforms
SparrKULee,sub-007_ses-shortstories01_task-listeningActive_run-10_desc-preproc-audio-audiobook_2_2_eeg.npy,sub-007,ses-shortstories01,sub-007_ses-shortstories01_task-listeningActive_run-10_eeg.bdf,audiobook_2_2,UNKNOWN,PASS_VIRTUAL_INITIAL_QC,UNASSIGNED,No adjacent-time random split; repeated story and subject grouping; train-only fitted transforms
SparrKULee,sub-008_ses-shortstories01_task-listeningActive_run-01_desc-preproc-audio-audiobook_3_eeg.npy,sub-008,ses-shortstories01,sub-008_ses-shortstories01_task-listeningActive_run-01_eeg.bdf,audiobook_3,UNKNOWN,PASS_VIRTUAL_INITIAL_QC,UNASSIGNED,No adjacent-time random split; repeated story and subject grouping; train-only fitted transforms
SparrKULee,sub-008_ses-shortstories01_task-listeningActive_run-02_desc-preproc-audio-audiobook_6_1_eeg.npy,sub-008,ses-shortstories01,sub-008_ses-shortstories01_task-listeningActive_run-02_eeg.bdf,audiobook_6_1,UNKNOWN,PASS_VIRTUAL_INITIAL_QC,UNASSIGNED,No adjacent-time random split; repeated story and subject grouping; train-only fitted transforms
SparrKULee,sub-008_ses-shortstories01_task-listeningActive_run-03_desc-preproc-audio-audiobook_6_2_eeg.npy,sub-008,ses-shortstories01,sub-008_ses-shortstories01_task-listeningActive_run-03_eeg.bdf,audiobook_6_2,UNKNOWN,PASS_VIRTUAL_INITIAL_QC,UNASSIGNED,No adjacent-time random split; repeated story and subject grouping; train-only fitted transforms
SparrKULee,sub-008_ses-shortstories01_task-listeningActive_run-04_desc-preproc-audio-audiobook_1_eeg.npy,sub-008,ses-shortstories01,sub-008_ses-shortstories01_task-listeningActive_run-04_eeg.bdf,audiobook_1,UNKNOWN,PASS_VIRTUAL_INITIAL_QC,UNASSIGNED,No adjacent-time random split; repeated story and subject grouping; train-only fitted transforms
SparrKULee,sub-008_ses-shortstories01_task-listeningActive_run-05_desc-preproc-audio-audiobook_4_eeg.npy,sub-008,ses-shortstories01,sub-008_ses-shortstories01_task-listeningActive_run-05_eeg.bdf,audiobook_4,UNKNOWN,PASS_VIRTUAL_INITIAL_QC,UNASSIGNED,No adjacent-time random split; repeated story and subject grouping; train-only fitted transforms
SparrKULee,sub-008_ses-shortstories01_task-listeningActive_run-06_desc-preproc-audio-audiobook_5_1_eeg.npy,sub-008,ses-shortstories01,sub-008_ses-shortstories01_task-listeningActive_run-06_eeg.bdf,audiobook_5_1,UNKNOWN,PASS_VIRTUAL_INITIAL_QC,UNASSIGNED,No adjacent-time random split; repeated story and subject grouping; train-only fitted transforms
SparrKULee,sub-008_ses-shortstories01_task-listeningActive_run-07_desc-preproc-audio-audiobook_5_2_eeg.npy,sub-008,ses-shortstories01,sub-008_ses-shortstories01_task-listeningActive_run-07_eeg.bdf,audiobook_5_2,UNKNOWN,PASS_VIRTUAL_INITIAL_QC,UNASSIGNED,No adjacent-time random split; repeated story and subject grouping; train-only fitted transforms
SparrKULee,sub-008_ses-shortstories01_task-listeningActive_run-08_desc-preproc-audio-audiobook_5_3_eeg.npy,sub-008,ses-shortstories01,sub-008_ses-shortstories01_task-listeningActive_run-08_eeg.bdf,audiobook_5_3,UNKNOWN,PASS_VIRTUAL_INITIAL_QC,UNASSIGNED,No adjacent-time random split; repeated story and subject grouping; train-only fitted transforms
SparrKULee,sub-008_ses-shortstories01_task-listeningActive_run-09_desc-preproc-audio-audiobook_2_1_eeg.npy,sub-008,ses-shortstories01,sub-008_ses-shortstories01_task-listeningActive_run-09_eeg.bdf,audiobook_2_1,UNKNOWN,PASS_VIRTUAL_INITIAL_QC,UNASSIGNED,No adjacent-time random split; repeated story and subject grouping; train-only fitted transforms
SparrKULee,sub-008_ses-shortstories01_task-listeningActive_run-10_desc-preproc-audio-audiobook_2_2_eeg.npy,sub-008,ses-shortstories01,sub-008_ses-shortstories01_task-listeningActive_run-10_eeg.bdf,audiobook_2_2,UNKNOWN,PASS_VIRTUAL_INITIAL_QC,UNASSIGNED,No adjacent-time random split; repeated story and subject grouping; train-only fitted transforms
SparrKULee,sub-009_ses-shortstories01_task-listeningActive_run-01_desc-preproc-audio-audiobook_1_eeg.npy,sub-009,ses-shortstories01,sub-009_ses-shortstories01_task-listeningActive_run-01_eeg.bdf,audiobook_1,UNKNOWN,PASS_VIRTUAL_INITIAL_QC,UNASSIGNED,No adjacent-time random split; repeated story and subject grouping; train-only fitted transforms
SparrKULee,sub-009_ses-shortstories01_task-listeningActive_run-02_desc-preproc-audio-audiobook_3_eeg.npy,sub-009,ses-shortstories01,sub-009_ses-shortstories01_task-listeningActive_run-02_eeg.bdf,audiobook_3,UNKNOWN,PASS_VIRTUAL_INITIAL_QC,UNASSIGNED,No adjacent-time random split; repeated story and subject grouping; train-only fitted transforms
SparrKULee,sub-009_ses-shortstories01_task-listeningActive_run-03_desc-preproc-audio-audiobook_6_1_eeg.npy,sub-009,ses-shortstories01,sub-009_ses-shortstories01_task-listeningActive_run-03_eeg.bdf,audiobook_6_1,UNKNOWN,PASS_VIRTUAL_INITIAL_QC,UNASSIGNED,No adjacent-time random split; repeated story and subject grouping; train-only fitted transforms
SparrKULee,sub-009_ses-shortstories01_task-listeningActive_run-04_desc-preproc-audio-audiobook_6_2_eeg.npy,sub-009,ses-shortstories01,sub-009_ses-shortstories01_task-listeningActive_run-04_eeg.bdf,audiobook_6_2,UNKNOWN,PASS_VIRTUAL_INITIAL_QC,UNASSIGNED,No adjacent-time random split; repeated story and subject grouping; train-only fitted transforms
SparrKULee,sub-009_ses-shortstories01_task-listeningActive_run-05_desc-preproc-audio-audiobook_4_eeg.npy,sub-009,ses-shortstories01,sub-009_ses-shortstories01_task-listeningActive_run-05_eeg.bdf,audiobook_4,UNKNOWN,PASS_VIRTUAL_INITIAL_QC,UNASSIGNED,No adjacent-time random split; repeated story and subject grouping; train-only fitted transforms
SparrKULee,sub-009_ses-shortstories01_task-listeningActive_run-06_desc-preproc-audio-audiobook_2_1_eeg.npy,sub-009,ses-shortstories01,sub-009_ses-shortstories01_task-listeningActive_run-06_eeg.bdf,audiobook_2_1,UNKNOWN,PASS_VIRTUAL_INITIAL_QC,UNASSIGNED,No adjacent-time random split; repeated story and subject grouping; train-only fitted transforms
SparrKULee,sub-009_ses-shortstories01_task-listeningActive_run-07_desc-preproc-audio-audiobook_2_2_eeg.npy,sub-009,ses-shortstories01,sub-009_ses-shortstories01_task-listeningActive_run-07_eeg.bdf,audiobook_2_2,UNKNOWN,PASS_VIRTUAL_INITIAL_QC,UNASSIGNED,No adjacent-time random split; repeated story and subject grouping; train-only fitted transforms
SparrKULee,sub-009_ses-shortstories01_task-listeningActive_run-08_desc-preproc-audio-audiobook_5_1_eeg.npy,sub-009,ses-shortstories01,sub-009_ses-shortstories01_task-listeningActive_run-08_eeg.bdf,audiobook_5_1,UNKNOWN,PASS_VIRTUAL_INITIAL_QC,UNASSIGNED,No adjacent-time random split; repeated story and subject grouping; train-only fitted transforms
SparrKULee,sub-009_ses-shortstories01_task-listeningActive_run-09_desc-preproc-audio-audiobook_5_2_eeg.npy,sub-009,ses-shortstories01,sub-009_ses-shortstories01_task-listeningActive_run-09_eeg.bdf,audiobook_5_2,UNKNOWN,PASS_VIRTUAL_INITIAL_QC,UNASSIGNED,No adjacent-time random split; repeated story and subject grouping; train-only fitted transforms
SparrKULee,sub-009_ses-shortstories01_task-listeningActive_run-10_desc-preproc-audio-audiobook_5_3_eeg.npy,sub-009,ses-shortstories01,sub-009_ses-shortstories01_task-listeningActive_run-10_eeg.bdf,audiobook_5_3,UNKNOWN,PASS_VIRTUAL_INITIAL_QC,UNASSIGNED,No adjacent-time random split; repeated story and subject grouping; train-only fitted transforms
SparrKULee,sub-010_ses-shortstories01_task-listeningActive_run-01_desc-preproc-audio-audiobook_2_1_eeg.npy,sub-010,ses-shortstories01,sub-010_ses-shortstories01_task-listeningActive_run-01_eeg.bdf,audiobook_2_1,UNKNOWN,PASS_VIRTUAL_INITIAL_QC,UNASSIGNED,No adjacent-time random split; repeated story and subject grouping; train-only fitted transforms
SparrKULee,sub-010_ses-shortstories01_task-listeningActive_run-02_desc-preproc-audio-audiobook_2_2_eeg.npy,sub-010,ses-shortstories01,sub-010_ses-shortstories01_task-listeningActive_run-02_eeg.bdf,audiobook_2_2,UNKNOWN,PASS_VIRTUAL_INITIAL_QC,UNASSIGNED,No adjacent-time random split; repeated story and subject grouping; train-only fitted transforms
SparrKULee,sub-010_ses-shortstories01_task-listeningActive_run-03_desc-preproc-audio-audiobook_6_1_eeg.npy,sub-010,ses-shortstories01,sub-010_ses-shortstories01_task-listeningActive_run-03_eeg.bdf,audiobook_6_1,UNKNOWN,PASS_VIRTUAL_INITIAL_QC,UNASSIGNED,No adjacent-time random split; repeated story and subject grouping; train-only fitted transforms
SparrKULee,sub-010_ses-shortstories01_task-listeningActive_run-04_desc-preproc-audio-audiobook_6_2_eeg.npy,sub-010,ses-shortstories01,sub-010_ses-shortstories01_task-listeningActive_run-04_eeg.bdf,audiobook_6_2,UNKNOWN,PASS_VIRTUAL_INITIAL_QC,UNASSIGNED,No adjacent-time random split; repeated story and subject grouping; train-only fitted transforms
SparrKULee,sub-010_ses-shortstories01_task-listeningActive_run-05_desc-preproc-audio-audiobook_5_1_eeg.npy,sub-010,ses-shortstories01,sub-010_ses-shortstories01_task-listeningActive_run-05_eeg.bdf,audiobook_5_1,UNKNOWN,PASS_VIRTUAL_INITIAL_QC,UNASSIGNED,No adjacent-time random split; repeated story and subject grouping; train-only fitted transforms
SparrKULee,sub-010_ses-shortstories01_task-listeningActive_run-06_desc-preproc-audio-audiobook_5_2_eeg.npy,sub-010,ses-shortstories01,sub-010_ses-shortstories01_task-listeningActive_run-06_eeg.bdf,audiobook_5_2,UNKNOWN,PASS_VIRTUAL_INITIAL_QC,UNASSIGNED,No adjacent-time random split; repeated story and subject grouping; train-only fitted transforms
SparrKULee,sub-010_ses-shortstories01_task-listeningActive_run-07_desc-preproc-audio-audiobook_5_3_eeg.npy,sub-010,ses-shortstories01,sub-010_ses-shortstories01_task-listeningActive_run-07_eeg.bdf,audiobook_5_3,UNKNOWN,PASS_VIRTUAL_INITIAL_QC,UNASSIGNED,No adjacent-time random split; repeated story and subject grouping; train-only fitted transforms
SparrKULee,sub-010_ses-shortstories01_task-listeningActive_run-08_desc-preproc-audio-audiobook_1_eeg.npy,sub-010,ses-shortstories01,sub-010_ses-shortstories01_task-listeningActive_run-08_eeg.bdf,audiobook_1,UNKNOWN,PASS_VIRTUAL_INITIAL_QC,UNASSIGNED,No adjacent-time random split; repeated story and subject grouping; train-only fitted transforms
SparrKULee,sub-010_ses-shortstories01_task-listeningActive_run-09_desc-preproc-audio-audiobook_4_eeg.npy,sub-010,ses-shortstories01,sub-010_ses-shortstories01_task-listeningActive_run-09_eeg.bdf,audiobook_4,UNKNOWN,PASS_VIRTUAL_INITIAL_QC,UNASSIGNED,No adjacent-time random split; repeated story and subject grouping; train-only fitted transforms
SparrKULee,sub-010_ses-shortstories01_task-listeningActive_run-10_desc-preproc-audio-audiobook_3_eeg.npy,sub-010,ses-shortstories01,sub-010_ses-shortstories01_task-listeningActive_run-10_eeg.bdf,audiobook_3,UNKNOWN,PASS_VIRTUAL_INITIAL_QC,UNASSIGNED,No adjacent-time random split; repeated story and subject grouping; train-only fitted transforms
SparrKULee,sub-011_ses-shortstories01_task-listeningActive_run-01_desc-preproc-audio-audiobook_2_1_eeg.npy,sub-011,ses-shortstories01,sub-011_ses-shortstories01_task-listeningActive_run-01_eeg.bdf,audiobook_2_1,UNKNOWN,PASS_VIRTUAL_INITIAL_QC,UNASSIGNED,No adjacent-time random split; repeated story and subject grouping; train-only fitted transforms
SparrKULee,sub-011_ses-shortstories01_task-listeningActive_run-02_desc-preproc-audio-audiobook_2_2_eeg.npy,sub-011,ses-shortstories01,sub-011_ses-shortstories01_task-listeningActive_run-02_eeg.bdf,audiobook_2_2,UNKNOWN,PASS_VIRTUAL_INITIAL_QC,UNASSIGNED,No adjacent-time random split; repeated story and subject grouping; train-only fitted transforms
SparrKULee,sub-011_ses-shortstories01_task-listeningActive_run-03_desc-preproc-audio-audiobook_4_eeg.npy,sub-011,ses-shortstories01,sub-011_ses-shortstories01_task-listeningActive_run-03_eeg.bdf,audiobook_4,UNKNOWN,PASS_VIRTUAL_INITIAL_QC,UNASSIGNED,No adjacent-time random split; repeated story and subject grouping; train-only fitted transforms
SparrKULee,sub-011_ses-shortstories01_task-listeningActive_run-04_desc-preproc-audio-audiobook_3_eeg.npy,sub-011,ses-shortstories01,sub-011_ses-shortstories01_task-listeningActive_run-04_eeg.bdf,audiobook_3,UNKNOWN,PASS_VIRTUAL_INITIAL_QC,UNASSIGNED,No adjacent-time random split; repeated story and subject grouping; train-only fitted transforms
SparrKULee,sub-011_ses-shortstories01_task-listeningActive_run-05_desc-preproc-audio-audiobook_1_eeg.npy,sub-011,ses-shortstories01,sub-011_ses-shortstories01_task-listeningActive_run-05_eeg.bdf,audiobook_1,UNKNOWN,PASS_VIRTUAL_INITIAL_QC,UNASSIGNED,No adjacent-time random split; repeated story and subject grouping; train-only fitted transforms
SparrKULee,sub-011_ses-shortstories01_task-listeningActive_run-06_desc-preproc-audio-audiobook_6_1_eeg.npy,sub-011,ses-shortstories01,sub-011_ses-shortstories01_task-listeningActive_run-06_eeg.bdf,audiobook_6_1,UNKNOWN,PASS_VIRTUAL_INITIAL_QC,UNASSIGNED,No adjacent-time random split; repeated story and subject grouping; train-only fitted transforms
SparrKULee,sub-011_ses-shortstories01_task-listeningActive_run-07_desc-preproc-audio-audiobook_6_2_eeg.npy,sub-011,ses-shortstories01,sub-011_ses-shortstories01_task-listeningActive_run-07_eeg.bdf,audiobook_6_2,UNKNOWN,PASS_VIRTUAL_INITIAL_QC,UNASSIGNED,No adjacent-time random split; repeated story and subject grouping; train-only fitted transforms
SparrKULee,sub-011_ses-shortstories01_task-listeningActive_run-08_desc-preproc-audio-audiobook_5_1_eeg.npy,sub-011,ses-shortstories01,sub-011_ses-shortstories01_task-listeningActive_run-08_eeg.bdf,audiobook_5_1,UNKNOWN,PASS_VIRTUAL_INITIAL_QC,UNASSIGNED,No adjacent-time random split; repeated story and subject grouping; train-only fitted transforms
SparrKULee,sub-011_ses-shortstories01_task-listeningActive_run-09_desc-preproc-audio-audiobook_5_2_eeg.npy,sub-011,ses-shortstories01,sub-011_ses-shortstories01_task-listeningActive_run-09_eeg.bdf,audiobook_5_2,UNKNOWN,PASS_VIRTUAL_INITIAL_QC,UNASSIGNED,No adjacent-time random split; repeated story and subject grouping; train-only fitted transforms
SparrKULee,sub-011_ses-shortstories01_task-listeningActive_run-10_desc-preproc-audio-audiobook_5_3_eeg.npy,sub-011,ses-shortstories01,sub-011_ses-shortstories01_task-listeningActive_run-10_eeg.bdf,audiobook_5_3,UNKNOWN,PASS_VIRTUAL_INITIAL_QC,UNASSIGNED,No adjacent-time random split; repeated story and subject grouping; train-only fitted transforms
SparrKULee,sub-012_ses-shortstories01_task-listeningActive_run-01_desc-preproc-audio-audiobook_6_1_eeg.npy,sub-012,ses-shortstories01,sub-012_ses-shortstories01_task-listeningActive_run-01_eeg.bdf,audiobook_6_1,UNKNOWN,PASS_VIRTUAL_INITIAL_QC,UNASSIGNED,No adjacent-time random split; repeated story and subject grouping; train-only fitted transforms
SparrKULee,sub-012_ses-shortstories01_task-listeningActive_run-02_desc-preproc-audio-audiobook_6_2_eeg.npy,sub-012,ses-shortstories01,sub-012_ses-shortstories01_task-listeningActive_run-02_eeg.bdf,audiobook_6_2,UNKNOWN,PASS_VIRTUAL_INITIAL_QC,UNASSIGNED,No adjacent-time random split; repeated story and subject grouping; train-only fitted transforms
SparrKULee,sub-012_ses-shortstories01_task-listeningActive_run-03_desc-preproc-audio-audiobook_4_eeg.npy,sub-012,ses-shortstories01,sub-012_ses-shortstories01_task-listeningActive_run-03_eeg.bdf,audiobook_4,UNKNOWN,PASS_VIRTUAL_INITIAL_QC,UNASSIGNED,No adjacent-time random split; repeated story and subject grouping; train-only fitted transforms
SparrKULee,sub-012_ses-shortstories01_task-listeningActive_run-04_desc-preproc-audio-audiobook_1_eeg.npy,sub-012,ses-shortstories01,sub-012_ses-shortstories01_task-listeningActive_run-04_eeg.bdf,audiobook_1,UNKNOWN,PASS_VIRTUAL_INITIAL_QC,UNASSIGNED,No adjacent-time random split; repeated story and subject grouping; train-only fitted transforms
SparrKULee,sub-012_ses-shortstories01_task-listeningActive_run-05_desc-preproc-audio-audiobook_2_1_eeg.npy,sub-012,ses-shortstories01,sub-012_ses-shortstories01_task-listeningActive_run-05_eeg.bdf,audiobook_2_1,UNKNOWN,PASS_VIRTUAL_INITIAL_QC,UNASSIGNED,No adjacent-time random split; repeated story and subject grouping; train-only fitted transforms
SparrKULee,sub-012_ses-shortstories01_task-listeningActive_run-06_desc-preproc-audio-audiobook_2_2_eeg.npy,sub-012,ses-shortstories01,sub-012_ses-shortstories01_task-listeningActive_run-06_eeg.bdf,audiobook_2_2,UNKNOWN,PASS_VIRTUAL_INITIAL_QC,UNASSIGNED,No adjacent-time random split; repeated story and subject grouping; train-only fitted transforms
SparrKULee,sub-012_ses-shortstories01_task-listeningActive_run-07_desc-preproc-audio-audiobook_5_1_eeg.npy,sub-012,ses-shortstories01,sub-012_ses-shortstories01_task-listeningActive_run-07_eeg.bdf,audiobook_5_1,UNKNOWN,PASS_VIRTUAL_INITIAL_QC,UNASSIGNED,No adjacent-time random split; repeated story and subject grouping; train-only fitted transforms
SparrKULee,sub-012_ses-shortstories01_task-listeningActive_run-08_desc-preproc-audio-audiobook_5_2_eeg.npy,sub-012,ses-shortstories01,sub-012_ses-shortstories01_task-listeningActive_run-08_eeg.bdf,audiobook_5_2,UNKNOWN,PASS_VIRTUAL_INITIAL_QC,UNASSIGNED,No adjacent-time random split; repeated story and subject grouping; train-only fitted transforms
SparrKULee,sub-012_ses-shortstories01_task-listeningActive_run-09_desc-preproc-audio-audiobook_5_3_eeg.npy,sub-012,ses-shortstories01,sub-012_ses-shortstories01_task-listeningActive_run-09_eeg.bdf,audiobook_5_3,UNKNOWN,PASS_VIRTUAL_INITIAL_QC,UNASSIGNED,No adjacent-time random split; repeated story and subject grouping; train-only fitted transforms
SparrKULee,sub-012_ses-shortstories01_task-listeningActive_run-10_desc-preproc-audio-audiobook_3_eeg.npy,sub-012,ses-shortstories01,sub-012_ses-shortstories01_task-listeningActive_run-10_eeg.bdf,audiobook_3,UNKNOWN,PASS_VIRTUAL_INITIAL_QC,UNASSIGNED,No adjacent-time random split; repeated story and subject grouping; train-only fitted transforms
SparrKULee,sub-013_ses-shortstories01_task-listeningActive_run-01_desc-preproc-audio-audiobook_3_eeg.npy,sub-013,ses-shortstories01,sub-013_ses-shortstories01_task-listeningActive_run-01_eeg.bdf,audiobook_3,UNKNOWN,PASS_VIRTUAL_INITIAL_QC,UNASSIGNED,No adjacent-time random split; repeated story and subject grouping; train-only fitted transforms
SparrKULee,sub-013_ses-shortstories01_task-listeningActive_run-02_desc-preproc-audio-audiobook_4_eeg.npy,sub-013,ses-shortstories01,sub-013_ses-shortstories01_task-listeningActive_run-02_eeg.bdf,audiobook_4,UNKNOWN,PASS_VIRTUAL_INITIAL_QC,UNASSIGNED,No adjacent-time random split; repeated story and subject grouping; train-only fitted transforms
SparrKULee,sub-013_ses-shortstories01_task-listeningActive_run-03_desc-preproc-audio-audiobook_1_eeg.npy,sub-013,ses-shortstories01,sub-013_ses-shortstories01_task-listeningActive_run-03_eeg.bdf,audiobook_1,UNKNOWN,PASS_VIRTUAL_INITIAL_QC,UNASSIGNED,No adjacent-time random split; repeated story and subject grouping; train-only fitted transforms
SparrKULee,sub-013_ses-shortstories01_task-listeningActive_run-04_desc-preproc-audio-audiobook_2_1_eeg.npy,sub-013,ses-shortstories01,sub-013_ses-shortstories01_task-listeningActive_run-04_eeg.bdf,audiobook_2_1,UNKNOWN,PASS_VIRTUAL_INITIAL_QC,UNASSIGNED,No adjacent-time random split; repeated story and subject grouping; train-only fitted transforms
SparrKULee,sub-013_ses-shortstories01_task-listeningActive_run-05_desc-preproc-audio-audiobook_2_2_eeg.npy,sub-013,ses-shortstories01,sub-013_ses-shortstories01_task-listeningActive_run-05_eeg.bdf,audiobook_2_2,UNKNOWN,PASS_VIRTUAL_INITIAL_QC,UNASSIGNED,No adjacent-time random split; repeated story and subject grouping; train-only fitted transforms
SparrKULee,sub-013_ses-shortstories01_task-listeningActive_run-06_desc-preproc-audio-audiobook_5_1_eeg.npy,sub-013,ses-shortstories01,sub-013_ses-shortstories01_task-listeningActive_run-06_eeg.bdf,audiobook_5_1,UNKNOWN,PASS_VIRTUAL_INITIAL_QC,UNASSIGNED,No adjacent-time random split; repeated story and subject grouping; train-only fitted transforms
SparrKULee,sub-013_ses-shortstories01_task-listeningActive_run-07_desc-preproc-audio-audiobook_5_2_eeg.npy,sub-013,ses-shortstories01,sub-013_ses-shortstories01_task-listeningActive_run-07_eeg.bdf,audiobook_5_2,UNKNOWN,PASS_VIRTUAL_INITIAL_QC,UNASSIGNED,No adjacent-time random split; repeated story and subject grouping; train-only fitted transforms
SparrKULee,sub-013_ses-shortstories01_task-listeningActive_run-08_desc-preproc-audio-audiobook_5_3_eeg.npy,sub-013,ses-shortstories01,sub-013_ses-shortstories01_task-listeningActive_run-08_eeg.bdf,audiobook_5_3,UNKNOWN,PASS_VIRTUAL_INITIAL_QC,UNASSIGNED,No adjacent-time random split; repeated story and subject grouping; train-only fitted transforms
SparrKULee,sub-013_ses-shortstories01_task-listeningActive_run-09_desc-preproc-audio-audiobook_6_1_eeg.npy,sub-013,ses-shortstories01,sub-013_ses-shortstories01_task-listeningActive_run-09_eeg.bdf,audiobook_6_1,UNKNOWN,PASS_VIRTUAL_INITIAL_QC,UNASSIGNED,No adjacent-time random split; repeated story and subject grouping; train-only fitted transforms
SparrKULee,sub-013_ses-shortstories01_task-listeningActive_run-10_desc-preproc-audio-audiobook_6_2_eeg.npy,sub-013,ses-shortstories01,sub-013_ses-shortstories01_task-listeningActive_run-10_eeg.bdf,audiobook_6_2,UNKNOWN,PASS_VIRTUAL_INITIAL_QC,UNASSIGNED,No adjacent-time random split; repeated story and subject grouping; train-only fitted transforms
SparrKULee,sub-014_ses-shortstories01_task-listeningActive_run-01_desc-preproc-audio-audiobook_1_1_eeg.npy,sub-014,ses-shortstories01,sub-014_ses-shortstories01_task-listeningActive_run-01_eeg.bdf,audiobook_1_1,UNKNOWN,PASS_VIRTUAL_INITIAL_QC,UNASSIGNED,No adjacent-time random split; repeated story and subject grouping; train-only fitted transforms
SparrKULee,sub-014_ses-shortstories01_task-listeningActive_run-02_desc-preproc-audio-audiobook_1_2_shifted_eeg.npy,sub-014,ses-shortstories01,sub-014_ses-shortstories01_task-listeningActive_run-02_eeg.bdf,audiobook_1_2_shifted,UNKNOWN,PASS_VIRTUAL_INITIAL_QC,UNASSIGNED,No adjacent-time random split; repeated story and subject grouping; train-only fitted transforms
SparrKULee,sub-014_ses-shortstories01_task-listeningActive_run-03_desc-preproc-audio-audiobook_4_eeg.npy,sub-014,ses-shortstories01,sub-014_ses-shortstories01_task-listeningActive_run-03_eeg.bdf,audiobook_4,UNKNOWN,PASS_VIRTUAL_INITIAL_QC,UNASSIGNED,No adjacent-time random split; repeated story and subject grouping; train-only fitted transforms
SparrKULee,sub-014_ses-shortstories01_task-listeningActive_run-04_desc-preproc-audio-audiobook_2_1_eeg.npy,sub-014,ses-shortstories01,sub-014_ses-shortstories01_task-listeningActive_run-04_eeg.bdf,audiobook_2_1,UNKNOWN,PASS_VIRTUAL_INITIAL_QC,UNASSIGNED,No adjacent-time random split; repeated story and subject grouping; train-only fitted transforms
SparrKULee,sub-014_ses-shortstories01_task-listeningActive_run-05_desc-preproc-audio-audiobook_2_2_eeg.npy,sub-014,ses-shortstories01,sub-014_ses-shortstories01_task-listeningActive_run-05_eeg.bdf,audiobook_2_2,UNKNOWN,PASS_VIRTUAL_INITIAL_QC,UNASSIGNED,No adjacent-time random split; repeated story and subject grouping; train-only fitted transforms
SparrKULee,sub-014_ses-shortstories01_task-listeningActive_run-06_desc-preproc-audio-audiobook_5_1_eeg.npy,sub-014,ses-shortstories01,sub-014_ses-shortstories01_task-listeningActive_run-06_eeg.bdf,audiobook_5_1,UNKNOWN,PASS_VIRTUAL_INITIAL_QC,UNASSIGNED,No adjacent-time random split; repeated story and subject grouping; train-only fitted transforms
SparrKULee,sub-014_ses-shortstories01_task-listeningActive_run-07_desc-preproc-audio-audiobook_5_2_eeg.npy,sub-014,ses-shortstories01,sub-014_ses-shortstories01_task-listeningActive_run-07_eeg.bdf,audiobook_5_2,UNKNOWN,PASS_VIRTUAL_INITIAL_QC,UNASSIGNED,No adjacent-time random split; repeated story and subject grouping; train-only fitted transforms
SparrKULee,sub-014_ses-shortstories01_task-listeningActive_run-08_desc-preproc-audio-audiobook_5_3_eeg.npy,sub-014,ses-shortstories01,sub-014_ses-shortstories01_task-listeningActive_run-08_eeg.bdf,audiobook_5_3,UNKNOWN,PASS_VIRTUAL_INITIAL_QC,UNASSIGNED,No adjacent-time random split; repeated story and subject grouping; train-only fitted transforms
SparrKULee,sub-014_ses-shortstories01_task-listeningActive_run-09_desc-preproc-audio-audiobook_3_eeg.npy,sub-014,ses-shortstories01,sub-014_ses-shortstories01_task-listeningActive_run-09_eeg.bdf,audiobook_3,UNKNOWN,PASS_VIRTUAL_INITIAL_QC,UNASSIGNED,No adjacent-time random split; repeated story and subject grouping; train-only fitted transforms
SparrKULee,sub-014_ses-shortstories01_task-listeningActive_run-10_desc-preproc-audio-audiobook_6_1_eeg.npy,sub-014,ses-shortstories01,sub-014_ses-shortstories01_task-listeningActive_run-10_eeg.bdf,audiobook_6_1,UNKNOWN,PASS_VIRTUAL_INITIAL_QC,UNASSIGNED,No adjacent-time random split; repeated story and subject grouping; train-only fitted transforms
SparrKULee,sub-014_ses-shortstories01_task-listeningActive_run-11_desc-preproc-audio-audiobook_6_2_eeg.npy,sub-014,ses-shortstories01,sub-014_ses-shortstories01_task-listeningActive_run-11_eeg.bdf,audiobook_6_2,UNKNOWN,PASS_VIRTUAL_INITIAL_QC,UNASSIGNED,No adjacent-time random split; repeated story and subject grouping; train-only fitted transforms
SparrKULee,sub-015_ses-shortstories01_task-listeningActive_run-01_desc-preproc-audio-audiobook_2_1_eeg.npy,sub-015,ses-shortstories01,sub-015_ses-shortstories01_task-listeningActive_run-01_eeg.bdf,audiobook_2_1,UNKNOWN,PASS_VIRTUAL_INITIAL_QC,UNASSIGNED,No adjacent-time random split; repeated story and subject grouping; train-only fitted transforms
SparrKULee,sub-015_ses-shortstories01_task-listeningActive_run-02_desc-preproc-audio-audiobook_2_2_eeg.npy,sub-015,ses-shortstories01,sub-015_ses-shortstories01_task-listeningActive_run-02_eeg.bdf,audiobook_2_2,UNKNOWN,PASS_VIRTUAL_INITIAL_QC,UNASSIGNED,No adjacent-time random split; repeated story and subject grouping; train-only fitted transforms
SparrKULee,sub-015_ses-shortstories01_task-listeningActive_run-03_desc-preproc-audio-audiobook_6_1_eeg.npy,sub-015,ses-shortstories01,sub-015_ses-shortstories01_task-listeningActive_run-03_eeg.bdf,audiobook_6_1,UNKNOWN,PASS_VIRTUAL_INITIAL_QC,UNASSIGNED,No adjacent-time random split; repeated story and subject grouping; train-only fitted transforms
SparrKULee,sub-015_ses-shortstories01_task-listeningActive_run-04_desc-preproc-audio-audiobook_6_2_eeg.npy,sub-015,ses-shortstories01,sub-015_ses-shortstories01_task-listeningActive_run-04_eeg.bdf,audiobook_6_2,UNKNOWN,PASS_VIRTUAL_INITIAL_QC,UNASSIGNED,No adjacent-time random split; repeated story and subject grouping; train-only fitted transforms
SparrKULee,sub-015_ses-shortstories01_task-listeningActive_run-05_desc-preproc-audio-audiobook_1_eeg.npy,sub-015,ses-shortstories01,sub-015_ses-shortstories01_task-listeningActive_run-05_eeg.bdf,audiobook_1,UNKNOWN,PASS_VIRTUAL_INITIAL_QC,UNASSIGNED,No adjacent-time random split; repeated story and subject grouping; train-only fitted transforms
SparrKULee,sub-015_ses-shortstories01_task-listeningActive_run-06_desc-preproc-audio-audiobook_4_eeg.npy,sub-015,ses-shortstories01,sub-015_ses-shortstories01_task-listeningActive_run-06_eeg.bdf,audiobook_4,UNKNOWN,PASS_VIRTUAL_INITIAL_QC,UNASSIGNED,No adjacent-time random split; repeated story and subject grouping; train-only fitted transforms
SparrKULee,sub-015_ses-shortstories01_task-listeningActive_run-07_desc-preproc-audio-audiobook_3_eeg.npy,sub-015,ses-shortstories01,sub-015_ses-shortstories01_task-listeningActive_run-07_eeg.bdf,audiobook_3,UNKNOWN,PASS_VIRTUAL_INITIAL_QC,UNASSIGNED,No adjacent-time random split; repeated story and subject grouping; train-only fitted transforms
SparrKULee,sub-015_ses-shortstories01_task-listeningActive_run-08_desc-preproc-audio-audiobook_5_1_eeg.npy,sub-015,ses-shortstories01,sub-015_ses-shortstories01_task-listeningActive_run-08_eeg.bdf,audiobook_5_1,UNKNOWN,PASS_VIRTUAL_INITIAL_QC,UNASSIGNED,No adjacent-time random split; repeated story and subject grouping; train-only fitted transforms
SparrKULee,sub-015_ses-shortstories01_task-listeningActive_run-09_desc-preproc-audio-audiobook_5_2_eeg.npy,sub-015,ses-shortstories01,sub-015_ses-shortstories01_task-listeningActive_run-09_eeg.bdf,audiobook_5_2,UNKNOWN,PASS_VIRTUAL_INITIAL_QC,UNASSIGNED,No adjacent-time random split; repeated story and subject grouping; train-only fitted transforms
SparrKULee,sub-015_ses-shortstories01_task-listeningActive_run-10_desc-preproc-audio-audiobook_5_3_eeg.npy,sub-015,ses-shortstories01,sub-015_ses-shortstories01_task-listeningActive_run-10_eeg.bdf,audiobook_5_3,UNKNOWN,PASS_VIRTUAL_INITIAL_QC,UNASSIGNED,No adjacent-time random split; repeated story and subject grouping; train-only fitted transforms
SparrKULee,sub-016_ses-shortstories01_task-listeningActive_run-01_desc-preproc-audio-audiobook_5_1_eeg.npy,sub-016,ses-shortstories01,sub-016_ses-shortstories01_task-listeningActive_run-01_eeg.bdf,audiobook_5_1,UNKNOWN,PASS_VIRTUAL_INITIAL_QC,UNASSIGNED,No adjacent-time random split; repeated story and subject grouping; train-only fitted transforms
SparrKULee,sub-016_ses-shortstories01_task-listeningActive_run-02_desc-preproc-audio-audiobook_5_2_eeg.npy,sub-016,ses-shortstories01,sub-016_ses-shortstories01_task-listeningActive_run-02_eeg.bdf,audiobook_5_2,UNKNOWN,PASS_VIRTUAL_INITIAL_QC,UNASSIGNED,No adjacent-time random split; repeated story and subject grouping; train-only fitted transforms
SparrKULee,sub-016_ses-shortstories01_task-listeningActive_run-03_desc-preproc-audio-audiobook_5_3_eeg.npy,sub-016,ses-shortstories01,sub-016_ses-shortstories01_task-listeningActive_run-03_eeg.bdf,audiobook_5_3,UNKNOWN,PASS_VIRTUAL_INITIAL_QC,UNASSIGNED,No adjacent-time random split; repeated story and subject grouping; train-only fitted transforms
SparrKULee,sub-016_ses-shortstories01_task-listeningActive_run-04_desc-preproc-audio-audiobook_3_eeg.npy,sub-016,ses-shortstories01,sub-016_ses-shortstories01_task-listeningActive_run-04_eeg.bdf,audiobook_3,UNKNOWN,PASS_VIRTUAL_INITIAL_QC,UNASSIGNED,No adjacent-time random split; repeated story and subject grouping; train-only fitted transforms
SparrKULee,sub-016_ses-shortstories01_task-listeningActive_run-05_desc-preproc-audio-audiobook_1_eeg.npy,sub-016,ses-shortstories01,sub-016_ses-shortstories01_task-listeningActive_run-05_eeg.bdf,audiobook_1,UNKNOWN,PASS_VIRTUAL_INITIAL_QC,UNASSIGNED,No adjacent-time random split; repeated story and subject grouping; train-only fitted transforms
SparrKULee,sub-016_ses-shortstories01_task-listeningActive_run-06_desc-preproc-audio-audiobook_4_eeg.npy,sub-016,ses-shortstories01,sub-016_ses-shortstories01_task-listeningActive_run-06_eeg.bdf,audiobook_4,UNKNOWN,PASS_VIRTUAL_INITIAL_QC,UNASSIGNED,No adjacent-time random split; repeated story and subject grouping; train-only fitted transforms
SparrKULee,sub-016_ses-shortstories01_task-listeningActive_run-07_desc-preproc-audio-audiobook_6_1_eeg.npy,sub-016,ses-shortstories01,sub-016_ses-shortstories01_task-listeningActive_run-07_eeg.bdf,audiobook_6_1,UNKNOWN,PASS_VIRTUAL_INITIAL_QC,UNASSIGNED,No adjacent-time random split; repeated story and subject grouping; train-only fitted transforms
SparrKULee,sub-016_ses-shortstories01_task-listeningActive_run-08_desc-preproc-audio-audiobook_6_2_eeg.npy,sub-016,ses-shortstories01,sub-016_ses-shortstories01_task-listeningActive_run-08_eeg.bdf,audiobook_6_2,UNKNOWN,PASS_VIRTUAL_INITIAL_QC,UNASSIGNED,No adjacent-time random split; repeated story and subject grouping; train-only fitted transforms
SparrKULee,sub-016_ses-shortstories01_task-listeningActive_run-09_desc-preproc-audio-audiobook_2_1_eeg.npy,sub-016,ses-shortstories01,sub-016_ses-shortstories01_task-listeningActive_run-09_eeg.bdf,audiobook_2_1,UNKNOWN,PASS_VIRTUAL_INITIAL_QC,UNASSIGNED,No adjacent-time random split; repeated story and subject grouping; train-only fitted transforms
SparrKULee,sub-016_ses-shortstories01_task-listeningActive_run-10_desc-preproc-audio-audiobook_2_2_eeg.npy,sub-016,ses-shortstories01,sub-016_ses-shortstories01_task-listeningActive_run-10_eeg.bdf,audiobook_2_2,UNKNOWN,PASS_VIRTUAL_INITIAL_QC,UNASSIGNED,No adjacent-time random split; repeated story and subject grouping; train-only fitted transforms
SparrKULee,sub-017_ses-shortstories01_task-listeningActive_run-01_desc-preproc-audio-audiobook_5_1_eeg.npy,sub-017,ses-shortstories01,sub-017_ses-shortstories01_task-listeningActive_run-01_eeg.bdf,audiobook_5_1,UNKNOWN,PASS_VIRTUAL_INITIAL_QC,UNASSIGNED,No adjacent-time random split; repeated story and subject grouping; train-only fitted transforms
SparrKULee,sub-017_ses-shortstories01_task-listeningActive_run-02_desc-preproc-audio-audiobook_5_2_eeg.npy,sub-017,ses-shortstories01,sub-017_ses-shortstories01_task-listeningActive_run-02_eeg.bdf,audiobook_5_2,UNKNOWN,PASS_VIRTUAL_INITIAL_QC,UNASSIGNED,No adjacent-time random split; repeated story and subject grouping; train-only fitted transforms
SparrKULee,sub-017_ses-shortstories01_task-listeningActive_run-04_desc-preproc-audio-audiobook_2_1_eeg.npy,sub-017,ses-shortstories01,sub-017_ses-shortstories01_task-listeningActive_run-04_eeg.bdf,audiobook_2_1,UNKNOWN,PASS_VIRTUAL_INITIAL_QC,UNASSIGNED,No adjacent-time random split; repeated story and subject grouping; train-only fitted transforms
SparrKULee,sub-017_ses-shortstories01_task-listeningActive_run-05_desc-preproc-audio-audiobook_2_2_eeg.npy,sub-017,ses-shortstories01,sub-017_ses-shortstories01_task-listeningActive_run-05_eeg.bdf,audiobook_2_2,UNKNOWN,PASS_VIRTUAL_INITIAL_QC,UNASSIGNED,No adjacent-time random split; repeated story and subject grouping; train-only fitted transforms
SparrKULee,sub-018_ses-shortstories01_task-listeningActive_run-01_desc-preproc-audio-audiobook_5_1_eeg.npy,sub-018,ses-shortstories01,sub-018_ses-shortstories01_task-listeningActive_run-01_eeg.bdf,audiobook_5_1,UNKNOWN,PASS_VIRTUAL_INITIAL_QC,UNASSIGNED,No adjacent-time random split; repeated story and subject grouping; train-only fitted transforms
SparrKULee,sub-018_ses-shortstories01_task-listeningActive_run-02_desc-preproc-audio-audiobook_5_2_eeg.npy,sub-018,ses-shortstories01,sub-018_ses-shortstories01_task-listeningActive_run-02_eeg.bdf,audiobook_5_2,UNKNOWN,PASS_VIRTUAL_INITIAL_QC,UNASSIGNED,No adjacent-time random split; repeated story and subject grouping; train-only fitted transforms
SparrKULee,sub-018_ses-shortstories01_task-listeningActive_run-03_desc-preproc-audio-audiobook_5_3_eeg.npy,sub-018,ses-shortstories01,sub-018_ses-shortstories01_task-listeningActive_run-03_eeg.bdf,audiobook_5_3,UNKNOWN,PASS_VIRTUAL_INITIAL_QC,UNASSIGNED,No adjacent-time random split; repeated story and subject grouping; train-only fitted transforms
SparrKULee,sub-018_ses-shortstories01_task-listeningActive_run-04_desc-preproc-audio-audiobook_4_eeg.npy,sub-018,ses-shortstories01,sub-018_ses-shortstories01_task-listeningActive_run-04_eeg.bdf,audiobook_4,UNKNOWN,PASS_VIRTUAL_INITIAL_QC,UNASSIGNED,No adjacent-time random split; repeated story and subject grouping; train-only fitted transforms
SparrKULee,sub-018_ses-shortstories01_task-listeningActive_run-05_desc-preproc-audio-audiobook_3_eeg.npy,sub-018,ses-shortstories01,sub-018_ses-shortstories01_task-listeningActive_run-05_eeg.bdf,audiobook_3,UNKNOWN,PASS_VIRTUAL_INITIAL_QC,UNASSIGNED,No adjacent-time random split; repeated story and subject grouping; train-only fitted transforms
SparrKULee,sub-018_ses-shortstories01_task-listeningActive_run-06_desc-preproc-audio-audiobook_6_1_eeg.npy,sub-018,ses-shortstories01,sub-018_ses-shortstories01_task-listeningActive_run-06_eeg.bdf,audiobook_6_1,UNKNOWN,PASS_VIRTUAL_INITIAL_QC,UNASSIGNED,No adjacent-time random split; repeated story and subject grouping; train-only fitted transforms
SparrKULee,sub-018_ses-shortstories01_task-listeningActive_run-07_desc-preproc-audio-audiobook_6_2_eeg.npy,sub-018,ses-shortstories01,sub-018_ses-shortstories01_task-listeningActive_run-07_eeg.bdf,audiobook_6_2,UNKNOWN,PASS_VIRTUAL_INITIAL_QC,UNASSIGNED,No adjacent-time random split; repeated story and subject grouping; train-only fitted transforms
SparrKULee,sub-018_ses-shortstories01_task-listeningActive_run-08_desc-preproc-audio-audiobook_1_eeg.npy,sub-018,ses-shortstories01,sub-018_ses-shortstories01_task-listeningActive_run-08_eeg.bdf,audiobook_1,UNKNOWN,PASS_VIRTUAL_INITIAL_QC,UNASSIGNED,No adjacent-time random split; repeated story and subject grouping; train-only fitted transforms
SparrKULee,sub-018_ses-shortstories01_task-listeningActive_run-09_desc-preproc-audio-audiobook_2_1_eeg.npy,sub-018,ses-shortstories01,sub-018_ses-shortstories01_task-listeningActive_run-09_eeg.bdf,audiobook_2_1,UNKNOWN,PASS_VIRTUAL_INITIAL_QC,UNASSIGNED,No adjacent-time random split; repeated story and subject grouping; train-only fitted transforms
SparrKULee,sub-018_ses-shortstories01_task-listeningActive_run-10_desc-preproc-audio-audiobook_2_2_eeg.npy,sub-018,ses-shortstories01,sub-018_ses-shortstories01_task-listeningActive_run-10_eeg.bdf,audiobook_2_2,UNKNOWN,PASS_VIRTUAL_INITIAL_QC,UNASSIGNED,No adjacent-time random split; repeated story and subject grouping; train-only fitted transforms
SparrKULee,sub-019_ses-shortstories01_task-listeningActive_run-01_desc-preproc-audio-audiobook_6_1_eeg.npy,sub-019,ses-shortstories01,sub-019_ses-shortstories01_task-listeningActive_run-01_eeg.bdf,audiobook_6_1,UNKNOWN,PASS_VIRTUAL_INITIAL_QC,UNASSIGNED,No adjacent-time random split; repeated story and subject grouping; train-only fitted transforms
SparrKULee,sub-019_ses-shortstories01_task-listeningActive_run-02_desc-preproc-audio-audiobook_6_2_eeg.npy,sub-019,ses-shortstories01,sub-019_ses-shortstories01_task-listeningActive_run-02_eeg.bdf,audiobook_6_2,UNKNOWN,PASS_VIRTUAL_INITIAL_QC,UNASSIGNED,No adjacent-time random split; repeated story and subject grouping; train-only fitted transforms
SparrKULee,sub-019_ses-shortstories01_task-listeningActive_run-03_desc-preproc-audio-audiobook_3_eeg.npy,sub-019,ses-shortstories01,sub-019_ses-shortstories01_task-listeningActive_run-03_eeg.bdf,audiobook_3,UNKNOWN,PASS_VIRTUAL_INITIAL_QC,UNASSIGNED,No adjacent-time random split; repeated story and subject grouping; train-only fitted transforms
SparrKULee,sub-019_ses-shortstories01_task-listeningActive_run-04_desc-preproc-audio-audiobook_5_1_eeg.npy,sub-019,ses-shortstories01,sub-019_ses-shortstories01_task-listeningActive_run-04_eeg.bdf,audiobook_5_1,UNKNOWN,PASS_VIRTUAL_INITIAL_QC,UNASSIGNED,No adjacent-time random split; repeated story and subject grouping; train-only fitted transforms
SparrKULee,sub-019_ses-shortstories01_task-listeningActive_run-05_desc-preproc-audio-audiobook_5_2_eeg.npy,sub-019,ses-shortstories01,sub-019_ses-shortstories01_task-listeningActive_run-05_eeg.bdf,audiobook_5_2,UNKNOWN,PASS_VIRTUAL_INITIAL_QC,UNASSIGNED,No adjacent-time random split; repeated story and subject grouping; train-only fitted transforms
SparrKULee,sub-019_ses-shortstories01_task-listeningActive_run-06_desc-preproc-audio-audiobook_5_3_eeg.npy,sub-019,ses-shortstories01,sub-019_ses-shortstories01_task-listeningActive_run-06_eeg.bdf,audiobook_5_3,UNKNOWN,PASS_VIRTUAL_INITIAL_QC,UNASSIGNED,No adjacent-time random split; repeated story and subject grouping; train-only fitted transforms
SparrKULee,sub-019_ses-shortstories01_task-listeningActive_run-07_desc-preproc-audio-audiobook_4_eeg.npy,sub-019,ses-shortstories01,sub-019_ses-shortstories01_task-listeningActive_run-07_eeg.bdf,audiobook_4,UNKNOWN,PASS_VIRTUAL_INITIAL_QC,UNASSIGNED,No adjacent-time random split; repeated story and subject grouping; train-only fitted transforms
SparrKULee,sub-019_ses-shortstories01_task-listeningActive_run-08_desc-preproc-audio-audiobook_2_1_eeg.npy,sub-019,ses-shortstories01,sub-019_ses-shortstories01_task-listeningActive_run-08_eeg.bdf,audiobook_2_1,UNKNOWN,PASS_VIRTUAL_INITIAL_QC,UNASSIGNED,No adjacent-time random split; repeated story and subject grouping; train-only fitted transforms
SparrKULee,sub-019_ses-shortstories01_task-listeningActive_run-09_desc-preproc-audio-audiobook_2_2_eeg.npy,sub-019,ses-shortstories01,sub-019_ses-shortstories01_task-listeningActive_run-09_eeg.bdf,audiobook_2_2,UNKNOWN,PASS_VIRTUAL_INITIAL_QC,UNASSIGNED,No adjacent-time random split; repeated story and subject grouping; train-only fitted transforms
SparrKULee,sub-019_ses-shortstories01_task-listeningActive_run-10_desc-preproc-audio-audiobook_1_eeg.npy,sub-019,ses-shortstories01,sub-019_ses-shortstories01_task-listeningActive_run-10_eeg.bdf,audiobook_1,UNKNOWN,PASS_VIRTUAL_INITIAL_QC,UNASSIGNED,No adjacent-time random split; repeated story and subject grouping; train-only fitted transforms
SparrKULee,sub-020_ses-shortstories01_task-listeningActive_run-01_desc-preproc-audio-audiobook_3_eeg.npy,sub-020,ses-shortstories01,sub-020_ses-shortstories01_task-listeningActive_run-01_eeg.bdf,audiobook_3,UNKNOWN,PASS_VIRTUAL_INITIAL_QC,UNASSIGNED,No adjacent-time random split; repeated story and subject grouping; train-only fitted transforms
SparrKULee,sub-020_ses-shortstories01_task-listeningActive_run-02_desc-preproc-audio-audiobook_5_1_eeg.npy,sub-020,ses-shortstories01,sub-020_ses-shortstories01_task-listeningActive_run-02_eeg.bdf,audiobook_5_1,UNKNOWN,PASS_VIRTUAL_INITIAL_QC,UNASSIGNED,No adjacent-time random split; repeated story and subject grouping; train-only fitted transforms
SparrKULee,sub-020_ses-shortstories01_task-listeningActive_run-03_desc-preproc-audio-audiobook_5_2_eeg.npy,sub-020,ses-shortstories01,sub-020_ses-shortstories01_task-listeningActive_run-03_eeg.bdf,audiobook_5_2,UNKNOWN,PASS_VIRTUAL_INITIAL_QC,UNASSIGNED,No adjacent-time random split; repeated story and subject grouping; train-only fitted transforms
SparrKULee,sub-020_ses-shortstories01_task-listeningActive_run-04_desc-preproc-audio-audiobook_5_3_eeg.npy,sub-020,ses-shortstories01,sub-020_ses-shortstories01_task-listeningActive_run-04_eeg.bdf,audiobook_5_3,UNKNOWN,PASS_VIRTUAL_INITIAL_QC,UNASSIGNED,No adjacent-time random split; repeated story and subject grouping; train-only fitted transforms
SparrKULee,sub-020_ses-shortstories01_task-listeningActive_run-05_desc-preproc-audio-audiobook_2_1_eeg.npy,sub-020,ses-shortstories01,sub-020_ses-shortstories01_task-listeningActive_run-05_eeg.bdf,audiobook_2_1,UNKNOWN,PASS_VIRTUAL_INITIAL_QC,UNASSIGNED,No adjacent-time random split; repeated story and subject grouping; train-only fitted transforms
SparrKULee,sub-020_ses-shortstories01_task-listeningActive_run-06_desc-preproc-audio-audiobook_2_2_eeg.npy,sub-020,ses-shortstories01,sub-020_ses-shortstories01_task-listeningActive_run-06_eeg.bdf,audiobook_2_2,UNKNOWN,PASS_VIRTUAL_INITIAL_QC,UNASSIGNED,No adjacent-time random split; repeated story and subject grouping; train-only fitted transforms
SparrKULee,sub-020_ses-shortstories01_task-listeningActive_run-07_desc-preproc-audio-audiobook_6_1_eeg.npy,sub-020,ses-shortstories01,sub-020_ses-shortstories01_task-listeningActive_run-07_eeg.bdf,audiobook_6_1,UNKNOWN,PASS_VIRTUAL_INITIAL_QC,UNASSIGNED,No adjacent-time random split; repeated story and subject grouping; train-only fitted transforms
SparrKULee,sub-020_ses-shortstories01_task-listeningActive_run-08_desc-preproc-audio-audiobook_6_2_eeg.npy,sub-020,ses-shortstories01,sub-020_ses-shortstories01_task-listeningActive_run-08_eeg.bdf,audiobook_6_2,UNKNOWN,PASS_VIRTUAL_INITIAL_QC,UNASSIGNED,No adjacent-time random split; repeated story and subject grouping; train-only fitted transforms
SparrKULee,sub-021_ses-shortstories01_task-listeningActive_run-01_desc-preproc-audio-audiobook_1_1_eeg.npy,sub-021,ses-shortstories01,sub-021_ses-shortstories01_task-listeningActive_run-01_eeg.bdf,audiobook_1_1,UNKNOWN,PASS_VIRTUAL_INITIAL_QC,UNASSIGNED,No adjacent-time random split; repeated story and subject grouping; train-only fitted transforms
SparrKULee,sub-021_ses-shortstories01_task-listeningActive_run-02_desc-preproc-audio-audiobook_1_2_shifted_eeg.npy,sub-021,ses-shortstories01,sub-021_ses-shortstories01_task-listeningActive_run-02_eeg.bdf,audiobook_1_2_shifted,UNKNOWN,PASS_VIRTUAL_INITIAL_QC,UNASSIGNED,No adjacent-time random split; repeated story and subject grouping; train-only fitted transforms
SparrKULee,sub-021_ses-shortstories01_task-listeningActive_run-03_desc-preproc-audio-audiobook_4_eeg.npy,sub-021,ses-shortstories01,sub-021_ses-shortstories01_task-listeningActive_run-03_eeg.bdf,audiobook_4,UNKNOWN,PASS_VIRTUAL_INITIAL_QC,UNASSIGNED,No adjacent-time random split; repeated story and subject grouping; train-only fitted transforms
SparrKULee,sub-021_ses-shortstories01_task-listeningActive_run-04_desc-preproc-audio-audiobook_5_1_eeg.npy,sub-021,ses-shortstories01,sub-021_ses-shortstories01_task-listeningActive_run-04_eeg.bdf,audiobook_5_1,UNKNOWN,PASS_VIRTUAL_INITIAL_QC,UNASSIGNED,No adjacent-time random split; repeated story and subject grouping; train-only fitted transforms
SparrKULee,sub-021_ses-shortstories01_task-listeningActive_run-05_desc-preproc-audio-audiobook_5_2_eeg.npy,sub-021,ses-shortstories01,sub-021_ses-shortstories01_task-listeningActive_run-05_eeg.bdf,audiobook_5_2,UNKNOWN,PASS_VIRTUAL_INITIAL_QC,UNASSIGNED,No adjacent-time random split; repeated story and subject grouping; train-only fitted transforms
SparrKULee,sub-021_ses-shortstories01_task-listeningActive_run-06_desc-preproc-audio-audiobook_5_3_eeg.npy,sub-021,ses-shortstories01,sub-021_ses-shortstories01_task-listeningActive_run-06_eeg.bdf,audiobook_5_3,UNKNOWN,PASS_VIRTUAL_INITIAL_QC,UNASSIGNED,No adjacent-time random split; repeated story and subject grouping; train-only fitted transforms
SparrKULee,sub-021_ses-shortstories01_task-listeningActive_run-07_desc-preproc-audio-audiobook_6_1_eeg.npy,sub-021,ses-shortstories01,sub-021_ses-shortstories01_task-listeningActive_run-07_eeg.bdf,audiobook_6_1,UNKNOWN,PASS_VIRTUAL_INITIAL_QC,UNASSIGNED,No adjacent-time random split; repeated story and subject grouping; train-only fitted transforms
SparrKULee,sub-021_ses-shortstories01_task-listeningActive_run-08_desc-preproc-audio-audiobook_6_2_eeg.npy,sub-021,ses-shortstories01,sub-021_ses-shortstories01_task-listeningActive_run-08_eeg.bdf,audiobook_6_2,UNKNOWN,PASS_VIRTUAL_INITIAL_QC,UNASSIGNED,No adjacent-time random split; repeated story and subject grouping; train-only fitted transforms
SparrKULee,sub-021_ses-shortstories01_task-listeningActive_run-09_desc-preproc-audio-audiobook_2_1_eeg.npy,sub-021,ses-shortstories01,sub-021_ses-shortstories01_task-listeningActive_run-09_eeg.bdf,audiobook_2_1,UNKNOWN,PASS_VIRTUAL_INITIAL_QC,UNASSIGNED,No adjacent-time random split; repeated story and subject grouping; train-only fitted transforms
SparrKULee,sub-021_ses-shortstories01_task-listeningActive_run-10_desc-preproc-audio-audiobook_2_2_eeg.npy,sub-021,ses-shortstories01,sub-021_ses-shortstories01_task-listeningActive_run-10_eeg.bdf,audiobook_2_2,UNKNOWN,PASS_VIRTUAL_INITIAL_QC,UNASSIGNED,No adjacent-time random split; repeated story and subject grouping; train-only fitted transforms
SparrKULee,sub-021_ses-shortstories01_task-listeningActive_run-11_desc-preproc-audio-audiobook_3_eeg.npy,sub-021,ses-shortstories01,sub-021_ses-shortstories01_task-listeningActive_run-11_eeg.bdf,audiobook_3,UNKNOWN,PASS_VIRTUAL_INITIAL_QC,UNASSIGNED,No adjacent-time random split; repeated story and subject grouping; train-only fitted transforms
SparrKULee,sub-022_ses-shortstories01_task-listeningActive_run-01_desc-preproc-audio-audiobook_1_1_eeg.npy,sub-022,ses-shortstories01,sub-022_ses-shortstories01_task-listeningActive_run-01_eeg.bdf,audiobook_1_1,UNKNOWN,PASS_VIRTUAL_INITIAL_QC,UNASSIGNED,No adjacent-time random split; repeated story and subject grouping; train-only fitted transforms
SparrKULee,sub-022_ses-shortstories01_task-listeningActive_run-02_desc-preproc-audio-audiobook_1_2_shifted_eeg.npy,sub-022,ses-shortstories01,sub-022_ses-shortstories01_task-listeningActive_run-02_eeg.bdf,audiobook_1_2_shifted,UNKNOWN,PASS_VIRTUAL_INITIAL_QC,UNASSIGNED,No adjacent-time random split; repeated story and subject grouping; train-only fitted transforms
SparrKULee,sub-022_ses-shortstories01_task-listeningActive_run-03_desc-preproc-audio-audiobook_2_1_eeg.npy,sub-022,ses-shortstories01,sub-022_ses-shortstories01_task-listeningActive_run-03_eeg.bdf,audiobook_2_1,UNKNOWN,PASS_VIRTUAL_INITIAL_QC,UNASSIGNED,No adjacent-time random split; repeated story and subject grouping; train-only fitted transforms
SparrKULee,sub-022_ses-shortstories01_task-listeningActive_run-04_desc-preproc-audio-audiobook_2_2_eeg.npy,sub-022,ses-shortstories01,sub-022_ses-shortstories01_task-listeningActive_run-04_eeg.bdf,audiobook_2_2,UNKNOWN,PASS_VIRTUAL_INITIAL_QC,UNASSIGNED,No adjacent-time random split; repeated story and subject grouping; train-only fitted transforms
SparrKULee,sub-022_ses-shortstories01_task-listeningActive_run-05_desc-preproc-audio-audiobook_4_eeg.npy,sub-022,ses-shortstories01,sub-022_ses-shortstories01_task-listeningActive_run-05_eeg.bdf,audiobook_4,UNKNOWN,PASS_VIRTUAL_INITIAL_QC,UNASSIGNED,No adjacent-time random split; repeated story and subject grouping; train-only fitted transforms
SparrKULee,sub-022_ses-shortstories01_task-listeningActive_run-06_desc-preproc-audio-audiobook_3_eeg.npy,sub-022,ses-shortstories01,sub-022_ses-shortstories01_task-listeningActive_run-06_eeg.bdf,audiobook_3,UNKNOWN,PASS_VIRTUAL_INITIAL_QC,UNASSIGNED,No adjacent-time random split; repeated story and subject grouping; train-only fitted transforms
SparrKULee,sub-022_ses-shortstories01_task-listeningActive_run-07_desc-preproc-audio-audiobook_6_1_eeg.npy,sub-022,ses-shortstories01,sub-022_ses-shortstories01_task-listeningActive_run-07_eeg.bdf,audiobook_6_1,UNKNOWN,PASS_VIRTUAL_INITIAL_QC,UNASSIGNED,No adjacent-time random split; repeated story and subject grouping; train-only fitted transforms
SparrKULee,sub-022_ses-shortstories01_task-listeningActive_run-08_desc-preproc-audio-audiobook_6_2_eeg.npy,sub-022,ses-shortstories01,sub-022_ses-shortstories01_task-listeningActive_run-08_eeg.bdf,audiobook_6_2,UNKNOWN,PASS_VIRTUAL_INITIAL_QC,UNASSIGNED,No adjacent-time random split; repeated story and subject grouping; train-only fitted transforms
SparrKULee,sub-022_ses-shortstories01_task-listeningActive_run-09_desc-preproc-audio-audiobook_5_1_eeg.npy,sub-022,ses-shortstories01,sub-022_ses-shortstories01_task-listeningActive_run-09_eeg.bdf,audiobook_5_1,UNKNOWN,PASS_VIRTUAL_INITIAL_QC,UNASSIGNED,No adjacent-time random split; repeated story and subject grouping; train-only fitted transforms
SparrKULee,sub-022_ses-shortstories01_task-listeningActive_run-10_desc-preproc-audio-audiobook_5_2_eeg.npy,sub-022,ses-shortstories01,sub-022_ses-shortstories01_task-listeningActive_run-10_eeg.bdf,audiobook_5_2,UNKNOWN,PASS_VIRTUAL_INITIAL_QC,UNASSIGNED,No adjacent-time random split; repeated story and subject grouping; train-only fitted transforms
SparrKULee,sub-022_ses-shortstories01_task-listeningActive_run-11_desc-preproc-audio-audiobook_5_3_eeg.npy,sub-022,ses-shortstories01,sub-022_ses-shortstories01_task-listeningActive_run-11_eeg.bdf,audiobook_5_3,UNKNOWN,PASS_VIRTUAL_INITIAL_QC,UNASSIGNED,No adjacent-time random split; repeated story and subject grouping; train-only fitted transforms
SparrKULee,sub-023_ses-shortstories01_task-listeningActive_run-01_desc-preproc-audio-audiobook_6_1_eeg.npy,sub-023,ses-shortstories01,sub-023_ses-shortstories01_task-listeningActive_run-01_eeg.bdf,audiobook_6_1,UNKNOWN,PASS_VIRTUAL_INITIAL_QC,UNASSIGNED,No adjacent-time random split; repeated story and subject grouping; train-only fitted transforms
SparrKULee,sub-023_ses-shortstories01_task-listeningActive_run-02_desc-preproc-audio-audiobook_6_2_eeg.npy,sub-023,ses-shortstories01,sub-023_ses-shortstories01_task-listeningActive_run-02_eeg.bdf,audiobook_6_2,UNKNOWN,PASS_VIRTUAL_INITIAL_QC,UNASSIGNED,No adjacent-time random split; repeated story and subject grouping; train-only fitted transforms
SparrKULee,sub-023_ses-shortstories01_task-listeningActive_run-03_desc-preproc-audio-audiobook_4_eeg.npy,sub-023,ses-shortstories01,sub-023_ses-shortstories01_task-listeningActive_run-03_eeg.bdf,audiobook_4,UNKNOWN,PASS_VIRTUAL_INITIAL_QC,UNASSIGNED,No adjacent-time random split; repeated story and subject grouping; train-only fitted transforms
SparrKULee,sub-023_ses-shortstories01_task-listeningActive_run-04_desc-preproc-audio-audiobook_1_1_shifted_eeg.npy,sub-023,ses-shortstories01,sub-023_ses-shortstories01_task-listeningActive_run-04_eeg.bdf,audiobook_1_1_shifted,UNKNOWN,PASS_VIRTUAL_INITIAL_QC,UNASSIGNED,No adjacent-time random split; repeated story and subject grouping; train-only fitted transforms
SparrKULee,sub-023_ses-shortstories01_task-listeningActive_run-05_desc-preproc-audio-audiobook_1_2_eeg.npy,sub-023,ses-shortstories01,sub-023_ses-shortstories01_task-listeningActive_run-05_eeg.bdf,audiobook_1_2,UNKNOWN,PASS_VIRTUAL_INITIAL_QC,UNASSIGNED,No adjacent-time random split; repeated story and subject grouping; train-only fitted transforms
SparrKULee,sub-023_ses-shortstories01_task-listeningActive_run-06_desc-preproc-audio-audiobook_5_1_eeg.npy,sub-023,ses-shortstories01,sub-023_ses-shortstories01_task-listeningActive_run-06_eeg.bdf,audiobook_5_1,UNKNOWN,PASS_VIRTUAL_INITIAL_QC,UNASSIGNED,No adjacent-time random split; repeated story and subject grouping; train-only fitted transforms
SparrKULee,sub-023_ses-shortstories01_task-listeningActive_run-07_desc-preproc-audio-audiobook_5_2_eeg.npy,sub-023,ses-shortstories01,sub-023_ses-shortstories01_task-listeningActive_run-07_eeg.bdf,audiobook_5_2,UNKNOWN,PASS_VIRTUAL_INITIAL_QC,UNASSIGNED,No adjacent-time random split; repeated story and subject grouping; train-only fitted transforms
SparrKULee,sub-023_ses-shortstories01_task-listeningActive_run-08_desc-preproc-audio-audiobook_5_3_eeg.npy,sub-023,ses-shortstories01,sub-023_ses-shortstories01_task-listeningActive_run-08_eeg.bdf,audiobook_5_3,UNKNOWN,PASS_VIRTUAL_INITIAL_QC,UNASSIGNED,No adjacent-time random split; repeated story and subject grouping; train-only fitted transforms
SparrKULee,sub-023_ses-shortstories01_task-listeningActive_run-09_desc-preproc-audio-audiobook_2_1_eeg.npy,sub-023,ses-shortstories01,sub-023_ses-shortstories01_task-listeningActive_run-09_eeg.bdf,audiobook_2_1,UNKNOWN,PASS_VIRTUAL_INITIAL_QC,UNASSIGNED,No adjacent-time random split; repeated story and subject grouping; train-only fitted transforms
SparrKULee,sub-023_ses-shortstories01_task-listeningActive_run-10_desc-preproc-audio-audiobook_2_2_eeg.npy,sub-023,ses-shortstories01,sub-023_ses-shortstories01_task-listeningActive_run-10_eeg.bdf,audiobook_2_2,UNKNOWN,PASS_VIRTUAL_INITIAL_QC,UNASSIGNED,No adjacent-time random split; repeated story and subject grouping; train-only fitted transforms
SparrKULee,sub-023_ses-shortstories01_task-listeningActive_run-11_desc-preproc-audio-audiobook_3_eeg.npy,sub-023,ses-shortstories01,sub-023_ses-shortstories01_task-listeningActive_run-11_eeg.bdf,audiobook_3,UNKNOWN,PASS_VIRTUAL_INITIAL_QC,UNASSIGNED,No adjacent-time random split; repeated story and subject grouping; train-only fitted transforms
SparrKULee,sub-024_ses-shortstories01_task-listeningActive_run-01_desc-preproc-audio-audiobook_3_eeg.npy,sub-024,ses-shortstories01,sub-024_ses-shortstories01_task-listeningActive_run-01_eeg.bdf,audiobook_3,UNKNOWN,PASS_VIRTUAL_INITIAL_QC,UNASSIGNED,No adjacent-time random split; repeated story and subject grouping; train-only fitted transforms
SparrKULee,sub-024_ses-shortstories01_task-listeningActive_run-02_desc-preproc-audio-audiobook_4_eeg.npy,sub-024,ses-shortstories01,sub-024_ses-shortstories01_task-listeningActive_run-02_eeg.bdf,audiobook_4,UNKNOWN,PASS_VIRTUAL_INITIAL_QC,UNASSIGNED,No adjacent-time random split; repeated story and subject grouping; train-only fitted transforms
SparrKULee,sub-024_ses-shortstories01_task-listeningActive_run-03_desc-preproc-audio-audiobook_1_eeg.npy,sub-024,ses-shortstories01,sub-024_ses-shortstories01_task-listeningActive_run-03_eeg.bdf,audiobook_1,UNKNOWN,PASS_VIRTUAL_INITIAL_QC,UNASSIGNED,No adjacent-time random split; repeated story and subject grouping; train-only fitted transforms
SparrKULee,sub-024_ses-shortstories01_task-listeningActive_run-04_desc-preproc-audio-audiobook_6_1_eeg.npy,sub-024,ses-shortstories01,sub-024_ses-shortstories01_task-listeningActive_run-04_eeg.bdf,audiobook_6_1,UNKNOWN,PASS_VIRTUAL_INITIAL_QC,UNASSIGNED,No adjacent-time random split; repeated story and subject grouping; train-only fitted transforms
SparrKULee,sub-024_ses-shortstories01_task-listeningActive_run-05_desc-preproc-audio-audiobook_6_2_eeg.npy,sub-024,ses-shortstories01,sub-024_ses-shortstories01_task-listeningActive_run-05_eeg.bdf,audiobook_6_2,UNKNOWN,PASS_VIRTUAL_INITIAL_QC,UNASSIGNED,No adjacent-time random split; repeated story and subject grouping; train-only fitted transforms
SparrKULee,sub-024_ses-shortstories01_task-listeningActive_run-06_desc-preproc-audio-audiobook_2_1_eeg.npy,sub-024,ses-shortstories01,sub-024_ses-shortstories01_task-listeningActive_run-06_eeg.bdf,audiobook_2_1,UNKNOWN,PASS_VIRTUAL_INITIAL_QC,UNASSIGNED,No adjacent-time random split; repeated story and subject grouping; train-only fitted transforms
SparrKULee,sub-024_ses-shortstories01_task-listeningActive_run-07_desc-preproc-audio-audiobook_2_2_eeg.npy,sub-024,ses-shortstories01,sub-024_ses-shortstories01_task-listeningActive_run-07_eeg.bdf,audiobook_2_2,UNKNOWN,PASS_VIRTUAL_INITIAL_QC,UNASSIGNED,No adjacent-time random split; repeated story and subject grouping; train-only fitted transforms
SparrKULee,sub-024_ses-shortstories01_task-listeningActive_run-08_desc-preproc-audio-audiobook_5_1_eeg.npy,sub-024,ses-shortstories01,sub-024_ses-shortstories01_task-listeningActive_run-08_eeg.bdf,audiobook_5_1,UNKNOWN,PASS_VIRTUAL_INITIAL_QC,UNASSIGNED,No adjacent-time random split; repeated story and subject grouping; train-only fitted transforms
SparrKULee,sub-024_ses-shortstories01_task-listeningActive_run-09_desc-preproc-audio-audiobook_5_2_eeg.npy,sub-024,ses-shortstories01,sub-024_ses-shortstories01_task-listeningActive_run-09_eeg.bdf,audiobook_5_2,UNKNOWN,PASS_VIRTUAL_INITIAL_QC,UNASSIGNED,No adjacent-time random split; repeated story and subject grouping; train-only fitted transforms
SparrKULee,sub-024_ses-shortstories01_task-listeningActive_run-10_desc-preproc-audio-audiobook_5_3_eeg.npy,sub-024,ses-shortstories01,sub-024_ses-shortstories01_task-listeningActive_run-10_eeg.bdf,audiobook_5_3,UNKNOWN,PASS_VIRTUAL_INITIAL_QC,UNASSIGNED,No adjacent-time random split; repeated story and subject grouping; train-only fitted transforms
SparrKULee,sub-025_ses-shortstories01_task-listeningActive_run-01_desc-preproc-audio-audiobook_1_eeg.npy,sub-025,ses-shortstories01,sub-025_ses-shortstories01_task-listeningActive_run-01_eeg.bdf,audiobook_1,UNKNOWN,PASS_VIRTUAL_INITIAL_QC,UNASSIGNED,No adjacent-time random split; repeated story and subject grouping; train-only fitted transforms
SparrKULee,sub-025_ses-shortstories01_task-listeningActive_run-02_desc-preproc-audio-audiobook_5_1_eeg.npy,sub-025,ses-shortstories01,sub-025_ses-shortstories01_task-listeningActive_run-02_eeg.bdf,audiobook_5_1,UNKNOWN,PASS_VIRTUAL_INITIAL_QC,UNASSIGNED,No adjacent-time random split; repeated story and subject grouping; train-only fitted transforms
SparrKULee,sub-025_ses-shortstories01_task-listeningActive_run-03_desc-preproc-audio-audiobook_5_2_eeg.npy,sub-025,ses-shortstories01,sub-025_ses-shortstories01_task-listeningActive_run-03_eeg.bdf,audiobook_5_2,UNKNOWN,PASS_VIRTUAL_INITIAL_QC,UNASSIGNED,No adjacent-time random split; repeated story and subject grouping; train-only fitted transforms
SparrKULee,sub-025_ses-shortstories01_task-listeningActive_run-04_desc-preproc-audio-audiobook_5_3_eeg.npy,sub-025,ses-shortstories01,sub-025_ses-shortstories01_task-listeningActive_run-04_eeg.bdf,audiobook_5_3,UNKNOWN,PASS_VIRTUAL_INITIAL_QC,UNASSIGNED,No adjacent-time random split; repeated story and subject grouping; train-only fitted transforms
SparrKULee,sub-025_ses-shortstories01_task-listeningActive_run-05_desc-preproc-audio-audiobook_2_1_eeg.npy,sub-025,ses-shortstories01,sub-025_ses-shortstories01_task-listeningActive_run-05_eeg.bdf,audiobook_2_1,UNKNOWN,PASS_VIRTUAL_INITIAL_QC,UNASSIGNED,No adjacent-time random split; repeated story and subject grouping; train-only fitted transforms
SparrKULee,sub-025_ses-shortstories01_task-listeningActive_run-06_desc-preproc-audio-audiobook_2_2_eeg.npy,sub-025,ses-shortstories01,sub-025_ses-shortstories01_task-listeningActive_run-06_eeg.bdf,audiobook_2_2,UNKNOWN,PASS_VIRTUAL_INITIAL_QC,UNASSIGNED,No adjacent-time random split; repeated story and subject grouping; train-only fitted transforms
SparrKULee,sub-025_ses-shortstories01_task-listeningActive_run-07_desc-preproc-audio-audiobook_3_eeg.npy,sub-025,ses-shortstories01,sub-025_ses-shortstories01_task-listeningActive_run-07_eeg.bdf,audiobook_3,UNKNOWN,PASS_VIRTUAL_INITIAL_QC,UNASSIGNED,No adjacent-time random split; repeated story and subject grouping; train-only fitted transforms
SparrKULee,sub-025_ses-shortstories01_task-listeningActive_run-08_desc-preproc-audio-audiobook_6_1_eeg.npy,sub-025,ses-shortstories01,sub-025_ses-shortstories01_task-listeningActive_run-08_eeg.bdf,audiobook_6_1,UNKNOWN,PASS_VIRTUAL_INITIAL_QC,UNASSIGNED,No adjacent-time random split; repeated story and subject grouping; train-only fitted transforms
SparrKULee,sub-025_ses-shortstories01_task-listeningActive_run-09_desc-preproc-audio-audiobook_6_2_eeg.npy,sub-025,ses-shortstories01,sub-025_ses-shortstories01_task-listeningActive_run-09_eeg.bdf,audiobook_6_2,UNKNOWN,PASS_VIRTUAL_INITIAL_QC,UNASSIGNED,No adjacent-time random split; repeated story and subject grouping; train-only fitted transforms
SparrKULee,sub-026_ses-shortstories01_task-listeningActive_run-01_desc-preproc-audio-audiobook_4_eeg.npy,sub-026,ses-shortstories01,sub-026_ses-shortstories01_task-listeningActive_run-01_eeg.bdf,audiobook_4,UNKNOWN,PASS_VIRTUAL_INITIAL_QC,UNASSIGNED,No adjacent-time random split; repeated story and subject grouping; train-only fitted transforms
SparrKULee,sub-026_ses-shortstories01_task-listeningActive_run-02_desc-preproc-audio-audiobook_5_1_eeg.npy,sub-026,ses-shortstories01,sub-026_ses-shortstories01_task-listeningActive_run-02_eeg.bdf,audiobook_5_1,UNKNOWN,PASS_VIRTUAL_INITIAL_QC,UNASSIGNED,No adjacent-time random split; repeated story and subject grouping; train-only fitted transforms
SparrKULee,sub-026_ses-shortstories01_task-listeningActive_run-03_desc-preproc-audio-audiobook_5_2_eeg.npy,sub-026,ses-shortstories01,sub-026_ses-shortstories01_task-listeningActive_run-03_eeg.bdf,audiobook_5_2,UNKNOWN,PASS_VIRTUAL_INITIAL_QC,UNASSIGNED,No adjacent-time random split; repeated story and subject grouping; train-only fitted transforms
SparrKULee,sub-026_ses-shortstories01_task-listeningActive_run-04_desc-preproc-audio-audiobook_5_3_eeg.npy,sub-026,ses-shortstories01,sub-026_ses-shortstories01_task-listeningActive_run-04_eeg.bdf,audiobook_5_3,UNKNOWN,PASS_VIRTUAL_INITIAL_QC,UNASSIGNED,No adjacent-time random split; repeated story and subject grouping; train-only fitted transforms
SparrKULee,sub-026_ses-shortstories01_task-listeningActive_run-05_desc-preproc-audio-audiobook_3_eeg.npy,sub-026,ses-shortstories01,sub-026_ses-shortstories01_task-listeningActive_run-05_eeg.bdf,audiobook_3,UNKNOWN,PASS_VIRTUAL_INITIAL_QC,UNASSIGNED,No adjacent-time random split; repeated story and subject grouping; train-only fitted transforms
SparrKULee,sub-026_ses-shortstories01_task-listeningActive_run-06_desc-preproc-audio-audiobook_2_1_eeg.npy,sub-026,ses-shortstories01,sub-026_ses-shortstories01_task-listeningActive_run-06_eeg.bdf,audiobook_2_1,UNKNOWN,PASS_VIRTUAL_INITIAL_QC,UNASSIGNED,No adjacent-time random split; repeated story and subject grouping; train-only fitted transforms
SparrKULee,sub-026_ses-shortstories01_task-listeningActive_run-07_desc-preproc-audio-audiobook_2_2_eeg.npy,sub-026,ses-shortstories01,sub-026_ses-shortstories01_task-listeningActive_run-07_eeg.bdf,audiobook_2_2,UNKNOWN,PASS_VIRTUAL_INITIAL_QC,UNASSIGNED,No adjacent-time random split; repeated story and subject grouping; train-only fitted transforms
SparrKULee,sub-026_ses-shortstories01_task-listeningActive_run-08_desc-preproc-audio-audiobook_6_1_eeg.npy,sub-026,ses-shortstories01,sub-026_ses-shortstories01_task-listeningActive_run-08_eeg.bdf,audiobook_6_1,UNKNOWN,PASS_VIRTUAL_INITIAL_QC,UNASSIGNED,No adjacent-time random split; repeated story and subject grouping; train-only fitted transforms
SparrKULee,sub-026_ses-shortstories01_task-listeningActive_run-09_desc-preproc-audio-audiobook_6_2_eeg.npy,sub-026,ses-shortstories01,sub-026_ses-shortstories01_task-listeningActive_run-09_eeg.bdf,audiobook_6_2,UNKNOWN,PASS_VIRTUAL_INITIAL_QC,UNASSIGNED,No adjacent-time random split; repeated story and subject grouping; train-only fitted transforms
SparrKULee,sub-026_ses-shortstories01_task-listeningActive_run-10_desc-preproc-audio-audiobook_1_eeg.npy,sub-026,ses-shortstories01,sub-026_ses-shortstories01_task-listeningActive_run-10_eeg.bdf,audiobook_1,UNKNOWN,PASS_VIRTUAL_INITIAL_QC,UNASSIGNED,No adjacent-time random split; repeated story and subject grouping; train-only fitted transforms
SparrKULee,sub-027_ses-varyingStories01_task-listeningActive_run-01_desc-preproc-audio-podcast_10_eeg.npy,sub-027,ses-varyingStories01,sub-027_ses-varyingStories01_task-listeningActive_run-01_eeg.bdf,podcast_10,UNKNOWN,PASS_VIRTUAL_INITIAL_QC,UNASSIGNED,No adjacent-time random split; repeated story and subject grouping; train-only fitted transforms
SparrKULee,sub-027_ses-varyingStories01_task-listeningActive_run-02_desc-preproc-audio-podcast_1_eeg.npy,sub-027,ses-varyingStories01,sub-027_ses-varyingStories01_task-listeningActive_run-02_eeg.bdf,podcast_1,UNKNOWN,PASS_VIRTUAL_INITIAL_QC,UNASSIGNED,No adjacent-time random split; repeated story and subject grouping; train-only fitted transforms
SparrKULee,sub-027_ses-varyingStories01_task-listeningActive_run-04_desc-preproc-audio-audiobook_7_1_eeg.npy,sub-027,ses-varyingStories01,sub-027_ses-varyingStories01_task-listeningActive_run-04_eeg.bdf,audiobook_7_1,UNKNOWN,PASS_VIRTUAL_INITIAL_QC,UNASSIGNED,No adjacent-time random split; repeated story and subject grouping; train-only fitted transforms
SparrKULee,sub-027_ses-varyingStories01_task-listeningActive_run-05_desc-preproc-audio-audiobook_7_2_eeg.npy,sub-027,ses-varyingStories01,sub-027_ses-varyingStories01_task-listeningActive_run-05_eeg.bdf,audiobook_7_2,UNKNOWN,PASS_VIRTUAL_INITIAL_QC,UNASSIGNED,No adjacent-time random split; repeated story and subject grouping; train-only fitted transforms
SparrKULee,sub-027_ses-varyingStories01_task-listeningActive_run-06_desc-preproc-audio-audiobook_7_3_eeg.npy,sub-027,ses-varyingStories01,sub-027_ses-varyingStories01_task-listeningActive_run-06_eeg.bdf,audiobook_7_3,UNKNOWN,PASS_VIRTUAL_INITIAL_QC,UNASSIGNED,No adjacent-time random split; repeated story and subject grouping; train-only fitted transforms
SparrKULee,sub-027_ses-varyingStories01_task-listeningActive_run-07_desc-preproc-audio-audiobook_7_4_eeg.npy,sub-027,ses-varyingStories01,sub-027_ses-varyingStories01_task-listeningActive_run-07_eeg.bdf,audiobook_7_4,UNKNOWN,PASS_VIRTUAL_INITIAL_QC,UNASSIGNED,No adjacent-time random split; repeated story and subject grouping; train-only fitted transforms
SparrKULee,sub-027_ses-varyingStories01_task-listeningActive_run-08_desc-preproc-audio-audiobook_7_5_eeg.npy,sub-027,ses-varyingStories01,sub-027_ses-varyingStories01_task-listeningActive_run-08_eeg.bdf,audiobook_7_5,UNKNOWN,PASS_VIRTUAL_INITIAL_QC,UNASSIGNED,No adjacent-time random split; repeated story and subject grouping; train-only fitted transforms
SparrKULee,sub-027_ses-varyingStories01_task-listeningActive_run-09_desc-preproc-audio-audiobook_7_6_eeg.npy,sub-027,ses-varyingStories01,sub-027_ses-varyingStories01_task-listeningActive_run-09_eeg.bdf,audiobook_7_6,UNKNOWN,PASS_VIRTUAL_INITIAL_QC,UNASSIGNED,No adjacent-time random split; repeated story and subject grouping; train-only fitted transforms
SparrKULee,sub-027_ses-varyingStories01_task-listeningActive_run-10_desc-preproc-audio-podcast_2_eeg.npy,sub-027,ses-varyingStories01,sub-027_ses-varyingStories01_task-listeningActive_run-10_eeg.bdf,podcast_2,UNKNOWN,PASS_VIRTUAL_INITIAL_QC,UNASSIGNED,No adjacent-time random split; repeated story and subject grouping; train-only fitted transforms
SparrKULee,sub-027_ses-varyingStories01_task-listeningActive_run-11_desc-preproc-audio-audiobook_1_eeg.npy,sub-027,ses-varyingStories01,sub-027_ses-varyingStories01_task-listeningActive_run-11_eeg.bdf,audiobook_1,UNKNOWN,PASS_VIRTUAL_INITIAL_QC,UNASSIGNED,No adjacent-time random split; repeated story and subject grouping; train-only fitted transforms
SparrKULee,sub-027_ses-varyingStories01_task-listeningActive_run-12_desc-preproc-audio-podcast_4_eeg.npy,sub-027,ses-varyingStories01,sub-027_ses-varyingStories01_task-listeningActive_run-12_eeg.bdf,podcast_4,UNKNOWN,PASS_VIRTUAL_INITIAL_QC,UNASSIGNED,No adjacent-time random split; repeated story and subject grouping; train-only fitted transforms
SparrKULee,sub-027_ses-varyingStories01_task-listeningActive_run-13_desc-preproc-audio-podcast_3_eeg.npy,sub-027,ses-varyingStories01,sub-027_ses-varyingStories01_task-listeningActive_run-13_eeg.bdf,podcast_3,UNKNOWN,PASS_VIRTUAL_INITIAL_QC,UNASSIGNED,No adjacent-time random split; repeated story and subject grouping; train-only fitted transforms
SparrKULee,sub-028_ses-varyingStories01_task-listeningActive_run-01_desc-preproc-audio-podcast_1_eeg.npy,sub-028,ses-varyingStories01,sub-028_ses-varyingStories01_task-listeningActive_run-01_eeg.bdf,podcast_1,UNKNOWN,PASS_VIRTUAL_INITIAL_QC,UNASSIGNED,No adjacent-time random split; repeated story and subject grouping; train-only fitted transforms
SparrKULee,sub-028_ses-varyingStories01_task-listeningActive_run-02_desc-preproc-audio-podcast_4_eeg.npy,sub-028,ses-varyingStories01,sub-028_ses-varyingStories01_task-listeningActive_run-02_eeg.bdf,podcast_4,UNKNOWN,PASS_VIRTUAL_INITIAL_QC,UNASSIGNED,No adjacent-time random split; repeated story and subject grouping; train-only fitted transforms
SparrKULee,sub-028_ses-varyingStories01_task-listeningActive_run-03_desc-preproc-audio-podcast_10_eeg.npy,sub-028,ses-varyingStories01,sub-028_ses-varyingStories01_task-listeningActive_run-03_eeg.bdf,podcast_10,UNKNOWN,PASS_VIRTUAL_INITIAL_QC,UNASSIGNED,No adjacent-time random split; repeated story and subject grouping; train-only fitted transforms
SparrKULee,sub-028_ses-varyingStories01_task-listeningActive_run-04_desc-preproc-audio-audiobook_7_1_eeg.npy,sub-028,ses-varyingStories01,sub-028_ses-varyingStories01_task-listeningActive_run-04_eeg.bdf,audiobook_7_1,UNKNOWN,PASS_VIRTUAL_INITIAL_QC,UNASSIGNED,No adjacent-time random split; repeated story and subject grouping; train-only fitted transforms
SparrKULee,sub-028_ses-varyingStories01_task-listeningActive_run-05_desc-preproc-audio-audiobook_7_2_eeg.npy,sub-028,ses-varyingStories01,sub-028_ses-varyingStories01_task-listeningActive_run-05_eeg.bdf,audiobook_7_2,UNKNOWN,PASS_VIRTUAL_INITIAL_QC,UNASSIGNED,No adjacent-time random split; repeated story and subject grouping; train-only fitted transforms
SparrKULee,sub-028_ses-varyingStories01_task-listeningActive_run-06_desc-preproc-audio-audiobook_7_3_eeg.npy,sub-028,ses-varyingStories01,sub-028_ses-varyingStories01_task-listeningActive_run-06_eeg.bdf,audiobook_7_3,UNKNOWN,PASS_VIRTUAL_INITIAL_QC,UNASSIGNED,No adjacent-time random split; repeated story and subject grouping; train-only fitted transforms
SparrKULee,sub-028_ses-varyingStories01_task-listeningActive_run-07_desc-preproc-audio-audiobook_7_4_eeg.npy,sub-028,ses-varyingStories01,sub-028_ses-varyingStories01_task-listeningActive_run-07_eeg.bdf,audiobook_7_4,UNKNOWN,PASS_VIRTUAL_INITIAL_QC,UNASSIGNED,No adjacent-time random split; repeated story and subject grouping; train-only fitted transforms
SparrKULee,sub-028_ses-varyingStories01_task-listeningActive_run-08_desc-preproc-audio-audiobook_7_5_eeg.npy,sub-028,ses-varyingStories01,sub-028_ses-varyingStories01_task-listeningActive_run-08_eeg.bdf,audiobook_7_5,UNKNOWN,PASS_VIRTUAL_INITIAL_QC,UNASSIGNED,No adjacent-time random split; repeated story and subject grouping; train-only fitted transforms
SparrKULee,sub-028_ses-varyingStories01_task-listeningActive_run-09_desc-preproc-audio-audiobook_7_6_eeg.npy,sub-028,ses-varyingStories01,sub-028_ses-varyingStories01_task-listeningActive_run-09_eeg.bdf,audiobook_7_6,UNKNOWN,PASS_VIRTUAL_INITIAL_QC,UNASSIGNED,No adjacent-time random split; repeated story and subject grouping; train-only fitted transforms
SparrKULee,sub-028_ses-varyingStories01_task-listeningActive_run-10_desc-preproc-audio-podcast_2_eeg.npy,sub-028,ses-varyingStories01,sub-028_ses-varyingStories01_task-listeningActive_run-10_eeg.bdf,podcast_2,UNKNOWN,PASS_VIRTUAL_INITIAL_QC,UNASSIGNED,No adjacent-time random split; repeated story and subject grouping; train-only fitted transforms
SparrKULee,sub-028_ses-varyingStories01_task-listeningActive_run-11_desc-preproc-audio-podcast_3_eeg.npy,sub-028,ses-varyingStories01,sub-028_ses-varyingStories01_task-listeningActive_run-11_eeg.bdf,podcast_3,UNKNOWN,PASS_VIRTUAL_INITIAL_QC,UNASSIGNED,No adjacent-time random split; repeated story and subject grouping; train-only fitted transforms
SparrKULee,sub-028_ses-varyingStories01_task-listeningActive_run-13_desc-preproc-audio-audiobook_1_eeg.npy,sub-028,ses-varyingStories01,sub-028_ses-varyingStories01_task-listeningActive_run-13_eeg.bdf,audiobook_1,UNKNOWN,PASS_VIRTUAL_INITIAL_QC,UNASSIGNED,No adjacent-time random split; repeated story and subject grouping; train-only fitted transforms
SparrKULee,sub-029_ses-varyingStories01_task-listeningActive_run-01_desc-preproc-audio-podcast_3_eeg.npy,sub-029,ses-varyingStories01,sub-029_ses-varyingStories01_task-listeningActive_run-01_eeg.bdf,podcast_3,UNKNOWN,PASS_VIRTUAL_INITIAL_QC,UNASSIGNED,No adjacent-time random split; repeated story and subject grouping; train-only fitted transforms
SparrKULee,sub-029_ses-varyingStories01_task-listeningActive_run-02_desc-preproc-audio-podcast_4_eeg.npy,sub-029,ses-varyingStories01,sub-029_ses-varyingStories01_task-listeningActive_run-02_eeg.bdf,podcast_4,UNKNOWN,PASS_VIRTUAL_INITIAL_QC,UNASSIGNED,No adjacent-time random split; repeated story and subject grouping; train-only fitted transforms
SparrKULee,sub-029_ses-varyingStories01_task-listeningActive_run-04_desc-preproc-audio-podcast_10_eeg.npy,sub-029,ses-varyingStories01,sub-029_ses-varyingStories01_task-listeningActive_run-04_eeg.bdf,podcast_10,UNKNOWN,PASS_VIRTUAL_INITIAL_QC,UNASSIGNED,No adjacent-time random split; repeated story and subject grouping; train-only fitted transforms
SparrKULee,sub-029_ses-varyingStories01_task-listeningActive_run-05_desc-preproc-audio-podcast_2_eeg.npy,sub-029,ses-varyingStories01,sub-029_ses-varyingStories01_task-listeningActive_run-05_eeg.bdf,podcast_2,UNKNOWN,PASS_VIRTUAL_INITIAL_QC,UNASSIGNED,No adjacent-time random split; repeated story and subject grouping; train-only fitted transforms
SparrKULee,sub-029_ses-varyingStories01_task-listeningActive_run-06_desc-preproc-audio-podcast_1_eeg.npy,sub-029,ses-varyingStories01,sub-029_ses-varyingStories01_task-listeningActive_run-06_eeg.bdf,podcast_1,UNKNOWN,PASS_VIRTUAL_INITIAL_QC,UNASSIGNED,No adjacent-time random split; repeated story and subject grouping; train-only fitted transforms
SparrKULee,sub-029_ses-varyingStories01_task-listeningActive_run-07_desc-preproc-audio-audiobook_1_eeg.npy,sub-029,ses-varyingStories01,sub-029_ses-varyingStories01_task-listeningActive_run-07_eeg.bdf,audiobook_1,UNKNOWN,PASS_VIRTUAL_INITIAL_QC,UNASSIGNED,No adjacent-time random split; repeated story and subject grouping; train-only fitted transforms
SparrKULee,sub-029_ses-varyingStories01_task-listeningActive_run-08_desc-preproc-audio-audiobook_7_1_eeg.npy,sub-029,ses-varyingStories01,sub-029_ses-varyingStories01_task-listeningActive_run-08_eeg.bdf,audiobook_7_1,UNKNOWN,PASS_VIRTUAL_INITIAL_QC,UNASSIGNED,No adjacent-time random split; repeated story and subject grouping; train-only fitted transforms
SparrKULee,sub-029_ses-varyingStories01_task-listeningActive_run-09_desc-preproc-audio-audiobook_7_2_eeg.npy,sub-029,ses-varyingStories01,sub-029_ses-varyingStories01_task-listeningActive_run-09_eeg.bdf,audiobook_7_2,UNKNOWN,PASS_VIRTUAL_INITIAL_QC,UNASSIGNED,No adjacent-time random split; repeated story and subject grouping; train-only fitted transforms
SparrKULee,sub-029_ses-varyingStories01_task-listeningActive_run-10_desc-preproc-audio-audiobook_7_3_eeg.npy,sub-029,ses-varyingStories01,sub-029_ses-varyingStories01_task-listeningActive_run-10_eeg.bdf,audiobook_7_3,UNKNOWN,PASS_VIRTUAL_INITIAL_QC,UNASSIGNED,No adjacent-time random split; repeated story and subject grouping; train-only fitted transforms
SparrKULee,sub-029_ses-varyingStories01_task-listeningActive_run-11_desc-preproc-audio-audiobook_7_4_eeg.npy,sub-029,ses-varyingStories01,sub-029_ses-varyingStories01_task-listeningActive_run-11_eeg.bdf,audiobook_7_4,UNKNOWN,PASS_VIRTUAL_INITIAL_QC,UNASSIGNED,No adjacent-time random split; repeated story and subject grouping; train-only fitted transforms
SparrKULee,sub-029_ses-varyingStories01_task-listeningActive_run-12_desc-preproc-audio-audiobook_7_5_eeg.npy,sub-029,ses-varyingStories01,sub-029_ses-varyingStories01_task-listeningActive_run-12_eeg.bdf,audiobook_7_5,UNKNOWN,PASS_VIRTUAL_INITIAL_QC,UNASSIGNED,No adjacent-time random split; repeated story and subject grouping; train-only fitted transforms
SparrKULee,sub-029_ses-varyingStories01_task-listeningActive_run-13_desc-preproc-audio-audiobook_7_6_eeg.npy,sub-029,ses-varyingStories01,sub-029_ses-varyingStories01_task-listeningActive_run-13_eeg.bdf,audiobook_7_6,UNKNOWN,PASS_VIRTUAL_INITIAL_QC,UNASSIGNED,No adjacent-time random split; repeated story and subject grouping; train-only fitted transforms
SparrKULee,sub-030_ses-varyingStories01_task-listeningActive_run-01_desc-preproc-audio-podcast_1_eeg.npy,sub-030,ses-varyingStories01,sub-030_ses-varyingStories01_task-listeningActive_run-01_eeg.bdf,podcast_1,UNKNOWN,PASS_VIRTUAL_INITIAL_QC,UNASSIGNED,No adjacent-time random split; repeated story and subject grouping; train-only fitted transforms
SparrKULee,sub-030_ses-varyingStories01_task-listeningActive_run-02_desc-preproc-audio-podcast_2_eeg.npy,sub-030,ses-varyingStories01,sub-030_ses-varyingStories01_task-listeningActive_run-02_eeg.bdf,podcast_2,UNKNOWN,PASS_VIRTUAL_INITIAL_QC,UNASSIGNED,No adjacent-time random split; repeated story and subject grouping; train-only fitted transforms
SparrKULee,sub-030_ses-varyingStories01_task-listeningActive_run-03_desc-preproc-audio-audiobook_7_1_eeg.npy,sub-030,ses-varyingStories01,sub-030_ses-varyingStories01_task-listeningActive_run-03_eeg.bdf,audiobook_7_1,UNKNOWN,PASS_VIRTUAL_INITIAL_QC,UNASSIGNED,No adjacent-time random split; repeated story and subject grouping; train-only fitted transforms
SparrKULee,sub-030_ses-varyingStories01_task-listeningActive_run-04_desc-preproc-audio-audiobook_7_2_eeg.npy,sub-030,ses-varyingStories01,sub-030_ses-varyingStories01_task-listeningActive_run-04_eeg.bdf,audiobook_7_2,UNKNOWN,PASS_VIRTUAL_INITIAL_QC,UNASSIGNED,No adjacent-time random split; repeated story and subject grouping; train-only fitted transforms
SparrKULee,sub-030_ses-varyingStories01_task-listeningActive_run-05_desc-preproc-audio-audiobook_7_3_eeg.npy,sub-030,ses-varyingStories01,sub-030_ses-varyingStories01_task-listeningActive_run-05_eeg.bdf,audiobook_7_3,UNKNOWN,PASS_VIRTUAL_INITIAL_QC,UNASSIGNED,No adjacent-time random split; repeated story and subject grouping; train-only fitted transforms
SparrKULee,sub-030_ses-varyingStories01_task-listeningActive_run-06_desc-preproc-audio-audiobook_7_4_eeg.npy,sub-030,ses-varyingStories01,sub-030_ses-varyingStories01_task-listeningActive_run-06_eeg.bdf,audiobook_7_4,UNKNOWN,PASS_VIRTUAL_INITIAL_QC,UNASSIGNED,No adjacent-time random split; repeated story and subject grouping; train-only fitted transforms
SparrKULee,sub-030_ses-varyingStories01_task-listeningActive_run-07_desc-preproc-audio-audiobook_7_5_eeg.npy,sub-030,ses-varyingStories01,sub-030_ses-varyingStories01_task-listeningActive_run-07_eeg.bdf,audiobook_7_5,UNKNOWN,PASS_VIRTUAL_INITIAL_QC,UNASSIGNED,No adjacent-time random split; repeated story and subject grouping; train-only fitted transforms
SparrKULee,sub-030_ses-varyingStories01_task-listeningActive_run-08_desc-preproc-audio-audiobook_7_6_eeg.npy,sub-030,ses-varyingStories01,sub-030_ses-varyingStories01_task-listeningActive_run-08_eeg.bdf,audiobook_7_6,UNKNOWN,PASS_VIRTUAL_INITIAL_QC,UNASSIGNED,No adjacent-time random split; repeated story and subject grouping; train-only fitted transforms
SparrKULee,sub-030_ses-varyingStories01_task-listeningActive_run-10_desc-preproc-audio-podcast_3_eeg.npy,sub-030,ses-varyingStories01,sub-030_ses-varyingStories01_task-listeningActive_run-10_eeg.bdf,podcast_3,UNKNOWN,PASS_VIRTUAL_INITIAL_QC,UNASSIGNED,No adjacent-time random split; repeated story and subject grouping; train-only fitted transforms
SparrKULee,sub-030_ses-varyingStories01_task-listeningActive_run-11_desc-preproc-audio-audiobook_1_eeg.npy,sub-030,ses-varyingStories01,sub-030_ses-varyingStories01_task-listeningActive_run-11_eeg.bdf,audiobook_1,UNKNOWN,PASS_VIRTUAL_INITIAL_QC,UNASSIGNED,No adjacent-time random split; repeated story and subject grouping; train-only fitted transforms
SparrKULee,sub-030_ses-varyingStories01_task-listeningActive_run-12_desc-preproc-audio-podcast_10_eeg.npy,sub-030,ses-varyingStories01,sub-030_ses-varyingStories01_task-listeningActive_run-12_eeg.bdf,podcast_10,UNKNOWN,PASS_VIRTUAL_INITIAL_QC,UNASSIGNED,No adjacent-time random split; repeated story and subject grouping; train-only fitted transforms
SparrKULee,sub-030_ses-varyingStories01_task-listeningActive_run-13_desc-preproc-audio-podcast_4_eeg.npy,sub-030,ses-varyingStories01,sub-030_ses-varyingStories01_task-listeningActive_run-13_eeg.bdf,podcast_4,UNKNOWN,PASS_VIRTUAL_INITIAL_QC,UNASSIGNED,No adjacent-time random split; repeated story and subject grouping; train-only fitted transforms
SparrKULee,sub-031_ses-varyingStories01_task-listeningActive_run-01_desc-preproc-audio-podcast_4_eeg.npy,sub-031,ses-varyingStories01,sub-031_ses-varyingStories01_task-listeningActive_run-01_eeg.bdf,podcast_4,UNKNOWN,PASS_VIRTUAL_INITIAL_QC,UNASSIGNED,No adjacent-time random split; repeated story and subject grouping; train-only fitted transforms
SparrKULee,sub-031_ses-varyingStories01_task-listeningActive_run-02_desc-preproc-audio-podcast_10_eeg.npy,sub-031,ses-varyingStories01,sub-031_ses-varyingStories01_task-listeningActive_run-02_eeg.bdf,podcast_10,UNKNOWN,PASS_VIRTUAL_INITIAL_QC,UNASSIGNED,No adjacent-time random split; repeated story and subject grouping; train-only fitted transforms
SparrKULee,sub-031_ses-varyingStories01_task-listeningActive_run-03_desc-preproc-audio-podcast_2_eeg.npy,sub-031,ses-varyingStories01,sub-031_ses-varyingStories01_task-listeningActive_run-03_eeg.bdf,podcast_2,UNKNOWN,PASS_VIRTUAL_INITIAL_QC,UNASSIGNED,No adjacent-time random split; repeated story and subject grouping; train-only fitted transforms
SparrKULee,sub-031_ses-varyingStories01_task-listeningActive_run-04_desc-preproc-audio-podcast_3_eeg.npy,sub-031,ses-varyingStories01,sub-031_ses-varyingStories01_task-listeningActive_run-04_eeg.bdf,podcast_3,UNKNOWN,PASS_VIRTUAL_INITIAL_QC,UNASSIGNED,No adjacent-time random split; repeated story and subject grouping; train-only fitted transforms
SparrKULee,sub-031_ses-varyingStories01_task-listeningActive_run-06_desc-preproc-audio-audiobook_1_eeg.npy,sub-031,ses-varyingStories01,sub-031_ses-varyingStories01_task-listeningActive_run-06_eeg.bdf,audiobook_1,UNKNOWN,PASS_VIRTUAL_INITIAL_QC,UNASSIGNED,No adjacent-time random split; repeated story and subject grouping; train-only fitted transforms
SparrKULee,sub-031_ses-varyingStories01_task-listeningActive_run-07_desc-preproc-audio-audiobook_7_1_eeg.npy,sub-031,ses-varyingStories01,sub-031_ses-varyingStories01_task-listeningActive_run-07_eeg.bdf,audiobook_7_1,UNKNOWN,PASS_VIRTUAL_INITIAL_QC,UNASSIGNED,No adjacent-time random split; repeated story and subject grouping; train-only fitted transforms
SparrKULee,sub-031_ses-varyingStories01_task-listeningActive_run-08_desc-preproc-audio-audiobook_7_2_eeg.npy,sub-031,ses-varyingStories01,sub-031_ses-varyingStories01_task-listeningActive_run-08_eeg.bdf,audiobook_7_2,UNKNOWN,PASS_VIRTUAL_INITIAL_QC,UNASSIGNED,No adjacent-time random split; repeated story and subject grouping; train-only fitted transforms
SparrKULee,sub-031_ses-varyingStories01_task-listeningActive_run-09_desc-preproc-audio-audiobook_7_3_eeg.npy,sub-031,ses-varyingStories01,sub-031_ses-varyingStories01_task-listeningActive_run-09_eeg.bdf,audiobook_7_3,UNKNOWN,PASS_VIRTUAL_INITIAL_QC,UNASSIGNED,No adjacent-time random split; repeated story and subject grouping; train-only fitted transforms
SparrKULee,sub-031_ses-varyingStories01_task-listeningActive_run-10_desc-preproc-audio-audiobook_7_4_eeg.npy,sub-031,ses-varyingStories01,sub-031_ses-varyingStories01_task-listeningActive_run-10_eeg.bdf,audiobook_7_4,UNKNOWN,PASS_VIRTUAL_INITIAL_QC,UNASSIGNED,No adjacent-time random split; repeated story and subject grouping; train-only fitted transforms
SparrKULee,sub-031_ses-varyingStories01_task-listeningActive_run-11_desc-preproc-audio-audiobook_7_5_eeg.npy,sub-031,ses-varyingStories01,sub-031_ses-varyingStories01_task-listeningActive_run-11_eeg.bdf,audiobook_7_5,UNKNOWN,PASS_VIRTUAL_INITIAL_QC,UNASSIGNED,No adjacent-time random split; repeated story and subject grouping; train-only fitted transforms
SparrKULee,sub-031_ses-varyingStories01_task-listeningActive_run-12_desc-preproc-audio-audiobook_7_6_eeg.npy,sub-031,ses-varyingStories01,sub-031_ses-varyingStories01_task-listeningActive_run-12_eeg.bdf,audiobook_7_6,UNKNOWN,PASS_VIRTUAL_INITIAL_QC,UNASSIGNED,No adjacent-time random split; repeated story and subject grouping; train-only fitted transforms
SparrKULee,sub-031_ses-varyingStories01_task-listeningActive_run-13_desc-preproc-audio-podcast_1_eeg.npy,sub-031,ses-varyingStories01,sub-031_ses-varyingStories01_task-listeningActive_run-13_eeg.bdf,podcast_1,UNKNOWN,PASS_VIRTUAL_INITIAL_QC,UNASSIGNED,No adjacent-time random split; repeated story and subject grouping; train-only fitted transforms
SparrKULee,sub-032_ses-varyingStories02_task-listeningActive_run-01_desc-preproc-audio-podcast_10_eeg.npy,sub-032,ses-varyingStories02,sub-032_ses-varyingStories02_task-listeningActive_run-01_eeg.bdf,podcast_10,UNKNOWN,PASS_VIRTUAL_INITIAL_QC,UNASSIGNED,No adjacent-time random split; repeated story and subject grouping; train-only fitted transforms
SparrKULee,sub-032_ses-varyingStories02_task-listeningActive_run-02_desc-preproc-audio-podcast_8_eeg.npy,sub-032,ses-varyingStories02,sub-032_ses-varyingStories02_task-listeningActive_run-02_eeg.bdf,podcast_8,UNKNOWN,PASS_VIRTUAL_INITIAL_QC,UNASSIGNED,No adjacent-time random split; repeated story and subject grouping; train-only fitted transforms
SparrKULee,sub-032_ses-varyingStories02_task-listeningActive_run-03_desc-preproc-audio-audiobook_8_1_eeg.npy,sub-032,ses-varyingStories02,sub-032_ses-varyingStories02_task-listeningActive_run-03_eeg.bdf,audiobook_8_1,UNKNOWN,PASS_VIRTUAL_INITIAL_QC,UNASSIGNED,No adjacent-time random split; repeated story and subject grouping; train-only fitted transforms
SparrKULee,sub-032_ses-varyingStories02_task-listeningActive_run-04_desc-preproc-audio-audiobook_8_2_eeg.npy,sub-032,ses-varyingStories02,sub-032_ses-varyingStories02_task-listeningActive_run-04_eeg.bdf,audiobook_8_2,UNKNOWN,PASS_VIRTUAL_INITIAL_QC,UNASSIGNED,No adjacent-time random split; repeated story and subject grouping; train-only fitted transforms
SparrKULee,sub-032_ses-varyingStories02_task-listeningActive_run-06_desc-preproc-audio-audiobook_1_eeg.npy,sub-032,ses-varyingStories02,sub-032_ses-varyingStories02_task-listeningActive_run-06_eeg.bdf,audiobook_1,UNKNOWN,PASS_VIRTUAL_INITIAL_QC,UNASSIGNED,No adjacent-time random split; repeated story and subject grouping; train-only fitted transforms
SparrKULee,sub-032_ses-varyingStories02_task-listeningActive_run-07_desc-preproc-audio-podcast_5_eeg.npy,sub-032,ses-varyingStories02,sub-032_ses-varyingStories02_task-listeningActive_run-07_eeg.bdf,podcast_5,UNKNOWN,PASS_VIRTUAL_INITIAL_QC,UNASSIGNED,No adjacent-time random split; repeated story and subject grouping; train-only fitted transforms
SparrKULee,sub-032_ses-varyingStories02_task-listeningActive_run-08_desc-preproc-audio-podcast_6_eeg.npy,sub-032,ses-varyingStories02,sub-032_ses-varyingStories02_task-listeningActive_run-08_eeg.bdf,podcast_6,UNKNOWN,PASS_VIRTUAL_INITIAL_QC,UNASSIGNED,No adjacent-time random split; repeated story and subject grouping; train-only fitted transforms
SparrKULee,sub-032_ses-varyingStories02_task-listeningActive_run-09_desc-preproc-audio-podcast_7_eeg.npy,sub-032,ses-varyingStories02,sub-032_ses-varyingStories02_task-listeningActive_run-09_eeg.bdf,podcast_7,UNKNOWN,PASS_VIRTUAL_INITIAL_QC,UNASSIGNED,No adjacent-time random split; repeated story and subject grouping; train-only fitted transforms
SparrKULee,sub-033_ses-varyingStories02_task-listeningActive_run-01_desc-preproc-audio-podcast_7_eeg.npy,sub-033,ses-varyingStories02,sub-033_ses-varyingStories02_task-listeningActive_run-01_eeg.bdf,podcast_7,UNKNOWN,PASS_VIRTUAL_INITIAL_QC,UNASSIGNED,No adjacent-time random split; repeated story and subject grouping; train-only fitted transforms
SparrKULee,sub-033_ses-varyingStories02_task-listeningActive_run-02_desc-preproc-audio-podcast_10_eeg.npy,sub-033,ses-varyingStories02,sub-033_ses-varyingStories02_task-listeningActive_run-02_eeg.bdf,podcast_10,UNKNOWN,PASS_VIRTUAL_INITIAL_QC,UNASSIGNED,No adjacent-time random split; repeated story and subject grouping; train-only fitted transforms
SparrKULee,sub-033_ses-varyingStories02_task-listeningActive_run-03_desc-preproc-audio-podcast_5_eeg.npy,sub-033,ses-varyingStories02,sub-033_ses-varyingStories02_task-listeningActive_run-03_eeg.bdf,podcast_5,UNKNOWN,PASS_VIRTUAL_INITIAL_QC,UNASSIGNED,No adjacent-time random split; repeated story and subject grouping; train-only fitted transforms
SparrKULee,sub-033_ses-varyingStories02_task-listeningActive_run-04_desc-preproc-audio-audiobook_8_1_eeg.npy,sub-033,ses-varyingStories02,sub-033_ses-varyingStories02_task-listeningActive_run-04_eeg.bdf,audiobook_8_1,UNKNOWN,PASS_VIRTUAL_INITIAL_QC,UNASSIGNED,No adjacent-time random split; repeated story and subject grouping; train-only fitted transforms
SparrKULee,sub-033_ses-varyingStories02_task-listeningActive_run-05_desc-preproc-audio-audiobook_8_2_eeg.npy,sub-033,ses-varyingStories02,sub-033_ses-varyingStories02_task-listeningActive_run-05_eeg.bdf,audiobook_8_2,UNKNOWN,PASS_VIRTUAL_INITIAL_QC,UNASSIGNED,No adjacent-time random split; repeated story and subject grouping; train-only fitted transforms
SparrKULee,sub-033_ses-varyingStories02_task-listeningActive_run-07_desc-preproc-audio-podcast_8_eeg.npy,sub-033,ses-varyingStories02,sub-033_ses-varyingStories02_task-listeningActive_run-07_eeg.bdf,podcast_8,UNKNOWN,PASS_VIRTUAL_INITIAL_QC,UNASSIGNED,No adjacent-time random split; repeated story and subject grouping; train-only fitted transforms
SparrKULee,sub-033_ses-varyingStories02_task-listeningActive_run-08_desc-preproc-audio-audiobook_1_eeg.npy,sub-033,ses-varyingStories02,sub-033_ses-varyingStories02_task-listeningActive_run-08_eeg.bdf,audiobook_1,UNKNOWN,PASS_VIRTUAL_INITIAL_QC,UNASSIGNED,No adjacent-time random split; repeated story and subject grouping; train-only fitted transforms
SparrKULee,sub-033_ses-varyingStories02_task-listeningActive_run-09_desc-preproc-audio-podcast_6_eeg.npy,sub-033,ses-varyingStories02,sub-033_ses-varyingStories02_task-listeningActive_run-09_eeg.bdf,podcast_6,UNKNOWN,PASS_VIRTUAL_INITIAL_QC,UNASSIGNED,No adjacent-time random split; repeated story and subject grouping; train-only fitted transforms
SparrKULee,sub-034_ses-varyingStories02_task-listeningActive_run-01_desc-preproc-audio-podcast_7_eeg.npy,sub-034,ses-varyingStories02,sub-034_ses-varyingStories02_task-listeningActive_run-01_eeg.bdf,podcast_7,UNKNOWN,PASS_VIRTUAL_INITIAL_QC,UNASSIGNED,No adjacent-time random split; repeated story and subject grouping; train-only fitted transforms
SparrKULee,sub-034_ses-varyingStories02_task-listeningActive_run-02_desc-preproc-audio-podcast_10_eeg.npy,sub-034,ses-varyingStories02,sub-034_ses-varyingStories02_task-listeningActive_run-02_eeg.bdf,podcast_10,UNKNOWN,PASS_VIRTUAL_INITIAL_QC,UNASSIGNED,No adjacent-time random split; repeated story and subject grouping; train-only fitted transforms
SparrKULee,sub-034_ses-varyingStories02_task-listeningActive_run-03_desc-preproc-audio-audiobook_8_1_eeg.npy,sub-034,ses-varyingStories02,sub-034_ses-varyingStories02_task-listeningActive_run-03_eeg.bdf,audiobook_8_1,UNKNOWN,PASS_VIRTUAL_INITIAL_QC,UNASSIGNED,No adjacent-time random split; repeated story and subject grouping; train-only fitted transforms
SparrKULee,sub-034_ses-varyingStories02_task-listeningActive_run-04_desc-preproc-audio-audiobook_8_2_eeg.npy,sub-034,ses-varyingStories02,sub-034_ses-varyingStories02_task-listeningActive_run-04_eeg.bdf,audiobook_8_2,UNKNOWN,PASS_VIRTUAL_INITIAL_QC,UNASSIGNED,No adjacent-time random split; repeated story and subject grouping; train-only fitted transforms
SparrKULee,sub-034_ses-varyingStories02_task-listeningActive_run-06_desc-preproc-audio-podcast_8_eeg.npy,sub-034,ses-varyingStories02,sub-034_ses-varyingStories02_task-listeningActive_run-06_eeg.bdf,podcast_8,UNKNOWN,PASS_VIRTUAL_INITIAL_QC,UNASSIGNED,No adjacent-time random split; repeated story and subject grouping; train-only fitted transforms
SparrKULee,sub-034_ses-varyingStories02_task-listeningActive_run-07_desc-preproc-audio-podcast_5_eeg.npy,sub-034,ses-varyingStories02,sub-034_ses-varyingStories02_task-listeningActive_run-07_eeg.bdf,podcast_5,UNKNOWN,PASS_VIRTUAL_INITIAL_QC,UNASSIGNED,No adjacent-time random split; repeated story and subject grouping; train-only fitted transforms
SparrKULee,sub-034_ses-varyingStories02_task-listeningActive_run-08_desc-preproc-audio-podcast_6_eeg.npy,sub-034,ses-varyingStories02,sub-034_ses-varyingStories02_task-listeningActive_run-08_eeg.bdf,podcast_6,UNKNOWN,PASS_VIRTUAL_INITIAL_QC,UNASSIGNED,No adjacent-time random split; repeated story and subject grouping; train-only fitted transforms
SparrKULee,sub-034_ses-varyingStories02_task-listeningActive_run-09_desc-preproc-audio-audiobook_1_eeg.npy,sub-034,ses-varyingStories02,sub-034_ses-varyingStories02_task-listeningActive_run-09_eeg.bdf,audiobook_1,UNKNOWN,PASS_VIRTUAL_INITIAL_QC,UNASSIGNED,No adjacent-time random split; repeated story and subject grouping; train-only fitted transforms
SparrKULee,sub-035_ses-varyingStories02_task-listeningActive_run-01_desc-preproc-audio-podcast_8_eeg.npy,sub-035,ses-varyingStories02,sub-035_ses-varyingStories02_task-listeningActive_run-01_eeg.bdf,podcast_8,UNKNOWN,PASS_VIRTUAL_INITIAL_QC,UNASSIGNED,No adjacent-time random split; repeated story and subject grouping; train-only fitted transforms
SparrKULee,sub-035_ses-varyingStories02_task-listeningActive_run-02_desc-preproc-audio-podcast_10_eeg.npy,sub-035,ses-varyingStories02,sub-035_ses-varyingStories02_task-listeningActive_run-02_eeg.bdf,podcast_10,UNKNOWN,PASS_VIRTUAL_INITIAL_QC,UNASSIGNED,No adjacent-time random split; repeated story and subject grouping; train-only fitted transforms
SparrKULee,sub-035_ses-varyingStories02_task-listeningActive_run-03_desc-preproc-audio-audiobook_1_eeg.npy,sub-035,ses-varyingStories02,sub-035_ses-varyingStories02_task-listeningActive_run-03_eeg.bdf,audiobook_1,UNKNOWN,PASS_VIRTUAL_INITIAL_QC,UNASSIGNED,No adjacent-time random split; repeated story and subject grouping; train-only fitted transforms
SparrKULee,sub-035_ses-varyingStories02_task-listeningActive_run-04_desc-preproc-audio-audiobook_8_1_eeg.npy,sub-035,ses-varyingStories02,sub-035_ses-varyingStories02_task-listeningActive_run-04_eeg.bdf,audiobook_8_1,UNKNOWN,PASS_VIRTUAL_INITIAL_QC,UNASSIGNED,No adjacent-time random split; repeated story and subject grouping; train-only fitted transforms
SparrKULee,sub-035_ses-varyingStories02_task-listeningActive_run-05_desc-preproc-audio-audiobook_8_2_eeg.npy,sub-035,ses-varyingStories02,sub-035_ses-varyingStories02_task-listeningActive_run-05_eeg.bdf,audiobook_8_2,UNKNOWN,PASS_VIRTUAL_INITIAL_QC,UNASSIGNED,No adjacent-time random split; repeated story and subject grouping; train-only fitted transforms
SparrKULee,sub-035_ses-varyingStories02_task-listeningActive_run-06_desc-preproc-audio-podcast_6_eeg.npy,sub-035,ses-varyingStories02,sub-035_ses-varyingStories02_task-listeningActive_run-06_eeg.bdf,podcast_6,UNKNOWN,PASS_VIRTUAL_INITIAL_QC,UNASSIGNED,No adjacent-time random split; repeated story and subject grouping; train-only fitted transforms
SparrKULee,sub-035_ses-varyingStories02_task-listeningActive_run-07_desc-preproc-audio-podcast_5_eeg.npy,sub-035,ses-varyingStories02,sub-035_ses-varyingStories02_task-listeningActive_run-07_eeg.bdf,podcast_5,UNKNOWN,PASS_VIRTUAL_INITIAL_QC,UNASSIGNED,No adjacent-time random split; repeated story and subject grouping; train-only fitted transforms
SparrKULee,sub-035_ses-varyingStories02_task-listeningActive_run-08_desc-preproc-audio-podcast_7_eeg.npy,sub-035,ses-varyingStories02,sub-035_ses-varyingStories02_task-listeningActive_run-08_eeg.bdf,podcast_7,UNKNOWN,PASS_VIRTUAL_INITIAL_QC,UNASSIGNED,No adjacent-time random split; repeated story and subject grouping; train-only fitted transforms
SparrKULee,sub-036_ses-varyingStories02_task-listeningActive_run-01_desc-preproc-audio-podcast_10_eeg.npy,sub-036,ses-varyingStories02,sub-036_ses-varyingStories02_task-listeningActive_run-01_eeg.bdf,podcast_10,UNKNOWN,PASS_VIRTUAL_INITIAL_QC,UNASSIGNED,No adjacent-time random split; repeated story and subject grouping; train-only fitted transforms
SparrKULee,sub-036_ses-varyingStories02_task-listeningActive_run-02_desc-preproc-audio-audiobook_8_1_eeg.npy,sub-036,ses-varyingStories02,sub-036_ses-varyingStories02_task-listeningActive_run-02_eeg.bdf,audiobook_8_1,UNKNOWN,PASS_VIRTUAL_INITIAL_QC,UNASSIGNED,No adjacent-time random split; repeated story and subject grouping; train-only fitted transforms
SparrKULee,sub-036_ses-varyingStories02_task-listeningActive_run-03_desc-preproc-audio-audiobook_8_2_eeg.npy,sub-036,ses-varyingStories02,sub-036_ses-varyingStories02_task-listeningActive_run-03_eeg.bdf,audiobook_8_2,UNKNOWN,PASS_VIRTUAL_INITIAL_QC,UNASSIGNED,No adjacent-time random split; repeated story and subject grouping; train-only fitted transforms
SparrKULee,sub-036_ses-varyingStories02_task-listeningActive_run-04_desc-preproc-audio-audiobook_1_eeg.npy,sub-036,ses-varyingStories02,sub-036_ses-varyingStories02_task-listeningActive_run-04_eeg.bdf,audiobook_1,UNKNOWN,PASS_VIRTUAL_INITIAL_QC,UNASSIGNED,No adjacent-time random split; repeated story and subject grouping; train-only fitted transforms
SparrKULee,sub-036_ses-varyingStories02_task-listeningActive_run-05_desc-preproc-audio-podcast_6_eeg.npy,sub-036,ses-varyingStories02,sub-036_ses-varyingStories02_task-listeningActive_run-05_eeg.bdf,podcast_6,UNKNOWN,PASS_VIRTUAL_INITIAL_QC,UNASSIGNED,No adjacent-time random split; repeated story and subject grouping; train-only fitted transforms
SparrKULee,sub-036_ses-varyingStories02_task-listeningActive_run-06_desc-preproc-audio-podcast_8_eeg.npy,sub-036,ses-varyingStories02,sub-036_ses-varyingStories02_task-listeningActive_run-06_eeg.bdf,podcast_8,UNKNOWN,PASS_VIRTUAL_INITIAL_QC,UNASSIGNED,No adjacent-time random split; repeated story and subject grouping; train-only fitted transforms
SparrKULee,sub-036_ses-varyingStories02_task-listeningActive_run-07_desc-preproc-audio-podcast_5_eeg.npy,sub-036,ses-varyingStories02,sub-036_ses-varyingStories02_task-listeningActive_run-07_eeg.bdf,podcast_5,UNKNOWN,PASS_VIRTUAL_INITIAL_QC,UNASSIGNED,No adjacent-time random split; repeated story and subject grouping; train-only fitted transforms
SparrKULee,sub-036_ses-varyingStories02_task-listeningActive_run-09_desc-preproc-audio-podcast_7_eeg.npy,sub-036,ses-varyingStories02,sub-036_ses-varyingStories02_task-listeningActive_run-09_eeg.bdf,podcast_7,UNKNOWN,PASS_VIRTUAL_INITIAL_QC,UNASSIGNED,No adjacent-time random split; repeated story and subject grouping; train-only fitted transforms
SparrKULee,sub-037_ses-varyingStories03_task-listeningActive_run-01_desc-preproc-audio-audiobook_9_1_eeg.npy,sub-037,ses-varyingStories03,sub-037_ses-varyingStories03_task-listeningActive_run-01_eeg.bdf,audiobook_9_1,UNKNOWN,PASS_VIRTUAL_INITIAL_QC,UNASSIGNED,No adjacent-time random split; repeated story and subject grouping; train-only fitted transforms
SparrKULee,sub-037_ses-varyingStories03_task-listeningActive_run-02_desc-preproc-audio-audiobook_9_2_eeg.npy,sub-037,ses-varyingStories03,sub-037_ses-varyingStories03_task-listeningActive_run-02_eeg.bdf,audiobook_9_2,UNKNOWN,PASS_VIRTUAL_INITIAL_QC,UNASSIGNED,No adjacent-time random split; repeated story and subject grouping; train-only fitted transforms
SparrKULee,sub-037_ses-varyingStories03_task-listeningActive_run-03_desc-preproc-audio-podcast_10_eeg.npy,sub-037,ses-varyingStories03,sub-037_ses-varyingStories03_task-listeningActive_run-03_eeg.bdf,podcast_10,UNKNOWN,PASS_VIRTUAL_INITIAL_QC,UNASSIGNED,No adjacent-time random split; repeated story and subject grouping; train-only fitted transforms
SparrKULee,sub-037_ses-varyingStories03_task-listeningActive_run-04_desc-preproc-audio-podcast_9_eeg.npy,sub-037,ses-varyingStories03,sub-037_ses-varyingStories03_task-listeningActive_run-04_eeg.bdf,podcast_9,UNKNOWN,PASS_VIRTUAL_INITIAL_QC,UNASSIGNED,No adjacent-time random split; repeated story and subject grouping; train-only fitted transforms
SparrKULee,sub-037_ses-varyingStories03_task-listeningActive_run-06_desc-preproc-audio-podcast_12_eeg.npy,sub-037,ses-varyingStories03,sub-037_ses-varyingStories03_task-listeningActive_run-06_eeg.bdf,podcast_12,UNKNOWN,PASS_VIRTUAL_INITIAL_QC,UNASSIGNED,No adjacent-time random split; repeated story and subject grouping; train-only fitted transforms
SparrKULee,sub-037_ses-varyingStories03_task-listeningActive_run-07_desc-preproc-audio-audiobook_1_eeg.npy,sub-037,ses-varyingStories03,sub-037_ses-varyingStories03_task-listeningActive_run-07_eeg.bdf,audiobook_1,UNKNOWN,PASS_VIRTUAL_INITIAL_QC,UNASSIGNED,No adjacent-time random split; repeated story and subject grouping; train-only fitted transforms
SparrKULee,sub-037_ses-varyingStories03_task-listeningActive_run-08_desc-preproc-audio-podcast_11_eeg.npy,sub-037,ses-varyingStories03,sub-037_ses-varyingStories03_task-listeningActive_run-08_eeg.bdf,podcast_11,UNKNOWN,PASS_VIRTUAL_INITIAL_QC,UNASSIGNED,No adjacent-time random split; repeated story and subject grouping; train-only fitted transforms
SparrKULee,sub-038_ses-varyingStories03_task-listeningActive_run-03_desc-preproc-audio-audiobook_9_1_eeg.npy,sub-038,ses-varyingStories03,sub-038_ses-varyingStories03_task-listeningActive_run-03_eeg.bdf,audiobook_9_1,UNKNOWN,PASS_VIRTUAL_INITIAL_QC,UNASSIGNED,No adjacent-time random split; repeated story and subject grouping; train-only fitted transforms
SparrKULee,sub-038_ses-varyingStories03_task-listeningActive_run-04_desc-preproc-audio-audiobook_9_2_eeg.npy,sub-038,ses-varyingStories03,sub-038_ses-varyingStories03_task-listeningActive_run-04_eeg.bdf,audiobook_9_2,UNKNOWN,PASS_VIRTUAL_INITIAL_QC,UNASSIGNED,No adjacent-time random split; repeated story and subject grouping; train-only fitted transforms
SparrKULee,sub-038_ses-varyingStories03_task-listeningActive_run-05_desc-preproc-audio-podcast_11_eeg.npy,sub-038,ses-varyingStories03,sub-038_ses-varyingStories03_task-listeningActive_run-05_eeg.bdf,podcast_11,UNKNOWN,PASS_VIRTUAL_INITIAL_QC,UNASSIGNED,No adjacent-time random split; repeated story and subject grouping; train-only fitted transforms
SparrKULee,sub-038_ses-varyingStories03_task-listeningActive_run-06_desc-preproc-audio-audiobook_1_eeg.npy,sub-038,ses-varyingStories03,sub-038_ses-varyingStories03_task-listeningActive_run-06_eeg.bdf,audiobook_1,UNKNOWN,PASS_VIRTUAL_INITIAL_QC,UNASSIGNED,No adjacent-time random split; repeated story and subject grouping; train-only fitted transforms
SparrKULee,sub-038_ses-varyingStories03_task-listeningActive_run-07_desc-preproc-audio-podcast_12_eeg.npy,sub-038,ses-varyingStories03,sub-038_ses-varyingStories03_task-listeningActive_run-07_eeg.bdf,podcast_12,UNKNOWN,PASS_VIRTUAL_INITIAL_QC,UNASSIGNED,No adjacent-time random split; repeated story and subject grouping; train-only fitted transforms
SparrKULee,sub-038_ses-varyingStories03_task-listeningActive_run-08_desc-preproc-audio-podcast_10_eeg.npy,sub-038,ses-varyingStories03,sub-038_ses-varyingStories03_task-listeningActive_run-08_eeg.bdf,podcast_10,UNKNOWN,PASS_VIRTUAL_INITIAL_QC,UNASSIGNED,No adjacent-time random split; repeated story and subject grouping; train-only fitted transforms
SparrKULee,sub-038_ses-varyingStories03_task-listeningActive_run-09_desc-preproc-audio-podcast_9_eeg.npy,sub-038,ses-varyingStories03,sub-038_ses-varyingStories03_task-listeningActive_run-09_eeg.bdf,podcast_9,UNKNOWN,PASS_VIRTUAL_INITIAL_QC,UNASSIGNED,No adjacent-time random split; repeated story and subject grouping; train-only fitted transforms
SparrKULee,sub-039_ses-varyingStories03_task-listeningActive_run-01_desc-preproc-audio-audiobook_9_1_eeg.npy,sub-039,ses-varyingStories03,sub-039_ses-varyingStories03_task-listeningActive_run-01_eeg.bdf,audiobook_9_1,UNKNOWN,PASS_VIRTUAL_INITIAL_QC,UNASSIGNED,No adjacent-time random split; repeated story and subject grouping; train-only fitted transforms
SparrKULee,sub-039_ses-varyingStories03_task-listeningActive_run-02_desc-preproc-audio-audiobook_9_2_eeg.npy,sub-039,ses-varyingStories03,sub-039_ses-varyingStories03_task-listeningActive_run-02_eeg.bdf,audiobook_9_2,UNKNOWN,PASS_VIRTUAL_INITIAL_QC,UNASSIGNED,No adjacent-time random split; repeated story and subject grouping; train-only fitted transforms
SparrKULee,sub-039_ses-varyingStories03_task-listeningActive_run-03_desc-preproc-audio-audiobook_1_eeg.npy,sub-039,ses-varyingStories03,sub-039_ses-varyingStories03_task-listeningActive_run-03_eeg.bdf,audiobook_1,UNKNOWN,PASS_VIRTUAL_INITIAL_QC,UNASSIGNED,No adjacent-time random split; repeated story and subject grouping; train-only fitted transforms
SparrKULee,sub-039_ses-varyingStories03_task-listeningActive_run-04_desc-preproc-audio-podcast_9_eeg.npy,sub-039,ses-varyingStories03,sub-039_ses-varyingStories03_task-listeningActive_run-04_eeg.bdf,podcast_9,UNKNOWN,PASS_VIRTUAL_INITIAL_QC,UNASSIGNED,No adjacent-time random split; repeated story and subject grouping; train-only fitted transforms
SparrKULee,sub-039_ses-varyingStories03_task-listeningActive_run-05_desc-preproc-audio-podcast_11_eeg.npy,sub-039,ses-varyingStories03,sub-039_ses-varyingStories03_task-listeningActive_run-05_eeg.bdf,podcast_11,UNKNOWN,PASS_VIRTUAL_INITIAL_QC,UNASSIGNED,No adjacent-time random split; repeated story and subject grouping; train-only fitted transforms
SparrKULee,sub-039_ses-varyingStories03_task-listeningActive_run-07_desc-preproc-audio-podcast_12_eeg.npy,sub-039,ses-varyingStories03,sub-039_ses-varyingStories03_task-listeningActive_run-07_eeg.bdf,podcast_12,UNKNOWN,PASS_VIRTUAL_INITIAL_QC,UNASSIGNED,No adjacent-time random split; repeated story and subject grouping; train-only fitted transforms
SparrKULee,sub-039_ses-varyingStories03_task-listeningActive_run-08_desc-preproc-audio-podcast_10_eeg.npy,sub-039,ses-varyingStories03,sub-039_ses-varyingStories03_task-listeningActive_run-08_eeg.bdf,podcast_10,UNKNOWN,PASS_VIRTUAL_INITIAL_QC,UNASSIGNED,No adjacent-time random split; repeated story and subject grouping; train-only fitted transforms
SparrKULee,sub-040_ses-varyingStories03_task-listeningActive_run-02_desc-preproc-audio-audiobook_9_1_eeg.npy,sub-040,ses-varyingStories03,sub-040_ses-varyingStories03_task-listeningActive_run-02_eeg.bdf,audiobook_9_1,UNKNOWN,PASS_VIRTUAL_INITIAL_QC,UNASSIGNED,No adjacent-time random split; repeated story and subject grouping; train-only fitted transforms
SparrKULee,sub-040_ses-varyingStories03_task-listeningActive_run-03_desc-preproc-audio-audiobook_9_2_eeg.npy,sub-040,ses-varyingStories03,sub-040_ses-varyingStories03_task-listeningActive_run-03_eeg.bdf,audiobook_9_2,UNKNOWN,PASS_VIRTUAL_INITIAL_QC,UNASSIGNED,No adjacent-time random split; repeated story and subject grouping; train-only fitted transforms
SparrKULee,sub-040_ses-varyingStories03_task-listeningActive_run-04_desc-preproc-audio-podcast_11_eeg.npy,sub-040,ses-varyingStories03,sub-040_ses-varyingStories03_task-listeningActive_run-04_eeg.bdf,podcast_11,UNKNOWN,PASS_VIRTUAL_INITIAL_QC,UNASSIGNED,No adjacent-time random split; repeated story and subject grouping; train-only fitted transforms
SparrKULee,sub-040_ses-varyingStories03_task-listeningActive_run-05_desc-preproc-audio-podcast_9_eeg.npy,sub-040,ses-varyingStories03,sub-040_ses-varyingStories03_task-listeningActive_run-05_eeg.bdf,podcast_9,UNKNOWN,PASS_VIRTUAL_INITIAL_QC,UNASSIGNED,No adjacent-time random split; repeated story and subject grouping; train-only fitted transforms
SparrKULee,sub-040_ses-varyingStories03_task-listeningActive_run-06_desc-preproc-audio-podcast_10_eeg.npy,sub-040,ses-varyingStories03,sub-040_ses-varyingStories03_task-listeningActive_run-06_eeg.bdf,podcast_10,UNKNOWN,PASS_VIRTUAL_INITIAL_QC,UNASSIGNED,No adjacent-time random split; repeated story and subject grouping; train-only fitted transforms
SparrKULee,sub-040_ses-varyingStories03_task-listeningActive_run-07_desc-preproc-audio-audiobook_1_eeg.npy,sub-040,ses-varyingStories03,sub-040_ses-varyingStories03_task-listeningActive_run-07_eeg.bdf,audiobook_1,UNKNOWN,PASS_VIRTUAL_INITIAL_QC,UNASSIGNED,No adjacent-time random split; repeated story and subject grouping; train-only fitted transforms
SparrKULee,sub-040_ses-varyingStories03_task-listeningActive_run-08_desc-preproc-audio-podcast_12_eeg.npy,sub-040,ses-varyingStories03,sub-040_ses-varyingStories03_task-listeningActive_run-08_eeg.bdf,podcast_12,UNKNOWN,PASS_VIRTUAL_INITIAL_QC,UNASSIGNED,No adjacent-time random split; repeated story and subject grouping; train-only fitted transforms
SparrKULee,sub-041_ses-varyingStories03_task-listeningActive_run-01_desc-preproc-audio-podcast_12_eeg.npy,sub-041,ses-varyingStories03,sub-041_ses-varyingStories03_task-listeningActive_run-01_eeg.bdf,podcast_12,UNKNOWN,PASS_VIRTUAL_INITIAL_QC,UNASSIGNED,No adjacent-time random split; repeated story and subject grouping; train-only fitted transforms
SparrKULee,sub-041_ses-varyingStories03_task-listeningActive_run-03_desc-preproc-audio-podcast_11_eeg.npy,sub-041,ses-varyingStories03,sub-041_ses-varyingStories03_task-listeningActive_run-03_eeg.bdf,podcast_11,UNKNOWN,PASS_VIRTUAL_INITIAL_QC,UNASSIGNED,No adjacent-time random split; repeated story and subject grouping; train-only fitted transforms
SparrKULee,sub-041_ses-varyingStories03_task-listeningActive_run-04_desc-preproc-audio-podcast_9_eeg.npy,sub-041,ses-varyingStories03,sub-041_ses-varyingStories03_task-listeningActive_run-04_eeg.bdf,podcast_9,UNKNOWN,PASS_VIRTUAL_INITIAL_QC,UNASSIGNED,No adjacent-time random split; repeated story and subject grouping; train-only fitted transforms
SparrKULee,sub-041_ses-varyingStories03_task-listeningActive_run-05_desc-preproc-audio-podcast_10_eeg.npy,sub-041,ses-varyingStories03,sub-041_ses-varyingStories03_task-listeningActive_run-05_eeg.bdf,podcast_10,UNKNOWN,PASS_VIRTUAL_INITIAL_QC,UNASSIGNED,No adjacent-time random split; repeated story and subject grouping; train-only fitted transforms
SparrKULee,sub-041_ses-varyingStories03_task-listeningActive_run-06_desc-preproc-audio-audiobook_9_1_eeg.npy,sub-041,ses-varyingStories03,sub-041_ses-varyingStories03_task-listeningActive_run-06_eeg.bdf,audiobook_9_1,UNKNOWN,PASS_VIRTUAL_INITIAL_QC,UNASSIGNED,No adjacent-time random split; repeated story and subject grouping; train-only fitted transforms
SparrKULee,sub-041_ses-varyingStories03_task-listeningActive_run-07_desc-preproc-audio-audiobook_9_2_eeg.npy,sub-041,ses-varyingStories03,sub-041_ses-varyingStories03_task-listeningActive_run-07_eeg.bdf,audiobook_9_2,UNKNOWN,PASS_VIRTUAL_INITIAL_QC,UNASSIGNED,No adjacent-time random split; repeated story and subject grouping; train-only fitted transforms
SparrKULee,sub-041_ses-varyingStories03_task-listeningActive_run-09_desc-preproc-audio-audiobook_1_eeg.npy,sub-041,ses-varyingStories03,sub-041_ses-varyingStories03_task-listeningActive_run-09_eeg.bdf,audiobook_1,UNKNOWN,PASS_VIRTUAL_INITIAL_QC,UNASSIGNED,No adjacent-time random split; repeated story and subject grouping; train-only fitted transforms
SparrKULee,sub-042_ses-varyingStories03_task-listeningActive_run-01_desc-preproc-audio-audiobook_1_eeg.npy,sub-042,ses-varyingStories03,sub-042_ses-varyingStories03_task-listeningActive_run-01_eeg.bdf,audiobook_1,UNKNOWN,PASS_VIRTUAL_INITIAL_QC,UNASSIGNED,No adjacent-time random split; repeated story and subject grouping; train-only fitted transforms
SparrKULee,sub-042_ses-varyingStories03_task-listeningActive_run-02_desc-preproc-audio-audiobook_9_1_eeg.npy,sub-042,ses-varyingStories03,sub-042_ses-varyingStories03_task-listeningActive_run-02_eeg.bdf,audiobook_9_1,UNKNOWN,PASS_VIRTUAL_INITIAL_QC,UNASSIGNED,No adjacent-time random split; repeated story and subject grouping; train-only fitted transforms
SparrKULee,sub-042_ses-varyingStories03_task-listeningActive_run-03_desc-preproc-audio-audiobook_9_2_eeg.npy,sub-042,ses-varyingStories03,sub-042_ses-varyingStories03_task-listeningActive_run-03_eeg.bdf,audiobook_9_2,UNKNOWN,PASS_VIRTUAL_INITIAL_QC,UNASSIGNED,No adjacent-time random split; repeated story and subject grouping; train-only fitted transforms
SparrKULee,sub-042_ses-varyingStories03_task-listeningActive_run-05_desc-preproc-audio-podcast_9_eeg.npy,sub-042,ses-varyingStories03,sub-042_ses-varyingStories03_task-listeningActive_run-05_eeg.bdf,podcast_9,UNKNOWN,PASS_VIRTUAL_INITIAL_QC,UNASSIGNED,No adjacent-time random split; repeated story and subject grouping; train-only fitted transforms
SparrKULee,sub-042_ses-varyingStories03_task-listeningActive_run-07_desc-preproc-audio-podcast_12_eeg.npy,sub-042,ses-varyingStories03,sub-042_ses-varyingStories03_task-listeningActive_run-07_eeg.bdf,podcast_12,UNKNOWN,PASS_VIRTUAL_INITIAL_QC,UNASSIGNED,No adjacent-time random split; repeated story and subject grouping; train-only fitted transforms
SparrKULee,sub-042_ses-varyingStories03_task-listeningActive_run-08_desc-preproc-audio-podcast_10_eeg.npy,sub-042,ses-varyingStories03,sub-042_ses-varyingStories03_task-listeningActive_run-08_eeg.bdf,podcast_10,UNKNOWN,PASS_VIRTUAL_INITIAL_QC,UNASSIGNED,No adjacent-time random split; repeated story and subject grouping; train-only fitted transforms
SparrKULee,sub-042_ses-varyingStories03_task-listeningActive_run-09_desc-preproc-audio-podcast_11_eeg.npy,sub-042,ses-varyingStories03,sub-042_ses-varyingStories03_task-listeningActive_run-09_eeg.bdf,podcast_11,UNKNOWN,PASS_VIRTUAL_INITIAL_QC,UNASSIGNED,No adjacent-time random split; repeated story and subject grouping; train-only fitted transforms
SparrKULee,sub-043_ses-varyingStories04_task-listeningActive_run-02_desc-preproc-audio-podcast_13_eeg.npy,sub-043,ses-varyingStories04,sub-043_ses-varyingStories04_task-listeningActive_run-02_eeg.bdf,podcast_13,UNKNOWN,PASS_VIRTUAL_INITIAL_QC,UNASSIGNED,No adjacent-time random split; repeated story and subject grouping; train-only fitted transforms
SparrKULee,sub-043_ses-varyingStories04_task-listeningActive_run-03_desc-preproc-audio-podcast_14_eeg.npy,sub-043,ses-varyingStories04,sub-043_ses-varyingStories04_task-listeningActive_run-03_eeg.bdf,podcast_14,UNKNOWN,PASS_VIRTUAL_INITIAL_QC,UNASSIGNED,No adjacent-time random split; repeated story and subject grouping; train-only fitted transforms
SparrKULee,sub-043_ses-varyingStories04_task-listeningActive_run-04_desc-preproc-audio-audiobook_1_eeg.npy,sub-043,ses-varyingStories04,sub-043_ses-varyingStories04_task-listeningActive_run-04_eeg.bdf,audiobook_1,UNKNOWN,PASS_VIRTUAL_INITIAL_QC,UNASSIGNED,No adjacent-time random split; repeated story and subject grouping; train-only fitted transforms
SparrKULee,sub-043_ses-varyingStories04_task-listeningActive_run-05_desc-preproc-audio-audiobook_10_1_eeg.npy,sub-043,ses-varyingStories04,sub-043_ses-varyingStories04_task-listeningActive_run-05_eeg.bdf,audiobook_10_1,UNKNOWN,PASS_VIRTUAL_INITIAL_QC,UNASSIGNED,No adjacent-time random split; repeated story and subject grouping; train-only fitted transforms
SparrKULee,sub-043_ses-varyingStories04_task-listeningActive_run-06_desc-preproc-audio-audiobook_10_2_eeg.npy,sub-043,ses-varyingStories04,sub-043_ses-varyingStories04_task-listeningActive_run-06_eeg.bdf,audiobook_10_2,UNKNOWN,PASS_VIRTUAL_INITIAL_QC,UNASSIGNED,No adjacent-time random split; repeated story and subject grouping; train-only fitted transforms
SparrKULee,sub-043_ses-varyingStories04_task-listeningActive_run-07_desc-preproc-audio-podcast_15_eeg.npy,sub-043,ses-varyingStories04,sub-043_ses-varyingStories04_task-listeningActive_run-07_eeg.bdf,podcast_15,UNKNOWN,PASS_VIRTUAL_INITIAL_QC,UNASSIGNED,No adjacent-time random split; repeated story and subject grouping; train-only fitted transforms
SparrKULee,sub-043_ses-varyingStories04_task-listeningActive_run-09_desc-preproc-audio-podcast_10_eeg.npy,sub-043,ses-varyingStories04,sub-043_ses-varyingStories04_task-listeningActive_run-09_eeg.bdf,podcast_10,UNKNOWN,PASS_VIRTUAL_INITIAL_QC,UNASSIGNED,No adjacent-time random split; repeated story and subject grouping; train-only fitted transforms
SparrKULee,sub-044_ses-varyingStories04_task-listeningActive_run-02_desc-preproc-audio-podcast_13_eeg.npy,sub-044,ses-varyingStories04,sub-044_ses-varyingStories04_task-listeningActive_run-02_eeg.bdf,podcast_13,UNKNOWN,PASS_VIRTUAL_INITIAL_QC,UNASSIGNED,No adjacent-time random split; repeated story and subject grouping; train-only fitted transforms
SparrKULee,sub-044_ses-varyingStories04_task-listeningActive_run-03_desc-preproc-audio-audiobook_1_eeg.npy,sub-044,ses-varyingStories04,sub-044_ses-varyingStories04_task-listeningActive_run-03_eeg.bdf,audiobook_1,UNKNOWN,PASS_VIRTUAL_INITIAL_QC,UNASSIGNED,No adjacent-time random split; repeated story and subject grouping; train-only fitted transforms
SparrKULee,sub-044_ses-varyingStories04_task-listeningActive_run-04_desc-preproc-audio-audiobook_10_1_eeg.npy,sub-044,ses-varyingStories04,sub-044_ses-varyingStories04_task-listeningActive_run-04_eeg.bdf,audiobook_10_1,UNKNOWN,PASS_VIRTUAL_INITIAL_QC,UNASSIGNED,No adjacent-time random split; repeated story and subject grouping; train-only fitted transforms
SparrKULee,sub-044_ses-varyingStories04_task-listeningActive_run-05_desc-preproc-audio-audiobook_10_2_eeg.npy,sub-044,ses-varyingStories04,sub-044_ses-varyingStories04_task-listeningActive_run-05_eeg.bdf,audiobook_10_2,UNKNOWN,PASS_VIRTUAL_INITIAL_QC,UNASSIGNED,No adjacent-time random split; repeated story and subject grouping; train-only fitted transforms
SparrKULee,sub-044_ses-varyingStories04_task-listeningActive_run-06_desc-preproc-audio-podcast_14_eeg.npy,sub-044,ses-varyingStories04,sub-044_ses-varyingStories04_task-listeningActive_run-06_eeg.bdf,podcast_14,UNKNOWN,PASS_VIRTUAL_INITIAL_QC,UNASSIGNED,No adjacent-time random split; repeated story and subject grouping; train-only fitted transforms
SparrKULee,sub-044_ses-varyingStories04_task-listeningActive_run-08_desc-preproc-audio-podcast_15_eeg.npy,sub-044,ses-varyingStories04,sub-044_ses-varyingStories04_task-listeningActive_run-08_eeg.bdf,podcast_15,UNKNOWN,PASS_VIRTUAL_INITIAL_QC,UNASSIGNED,No adjacent-time random split; repeated story and subject grouping; train-only fitted transforms
SparrKULee,sub-044_ses-varyingStories04_task-listeningActive_run-09_desc-preproc-audio-podcast_10_eeg.npy,sub-044,ses-varyingStories04,sub-044_ses-varyingStories04_task-listeningActive_run-09_eeg.bdf,podcast_10,UNKNOWN,PASS_VIRTUAL_INITIAL_QC,UNASSIGNED,No adjacent-time random split; repeated story and subject grouping; train-only fitted transforms
SparrKULee,sub-045_ses-varyingStories04_task-listeningActive_run-01_desc-preproc-audio-audiobook_10_1_eeg.npy,sub-045,ses-varyingStories04,sub-045_ses-varyingStories04_task-listeningActive_run-01_eeg.bdf,audiobook_10_1,UNKNOWN,PASS_VIRTUAL_INITIAL_QC,UNASSIGNED,No adjacent-time random split; repeated story and subject grouping; train-only fitted transforms
SparrKULee,sub-045_ses-varyingStories04_task-listeningActive_run-02_desc-preproc-audio-audiobook_10_2_eeg.npy,sub-045,ses-varyingStories04,sub-045_ses-varyingStories04_task-listeningActive_run-02_eeg.bdf,audiobook_10_2,UNKNOWN,PASS_VIRTUAL_INITIAL_QC,UNASSIGNED,No adjacent-time random split; repeated story and subject grouping; train-only fitted transforms
SparrKULee,sub-045_ses-varyingStories04_task-listeningActive_run-04_desc-preproc-audio-podcast_13_eeg.npy,sub-045,ses-varyingStories04,sub-045_ses-varyingStories04_task-listeningActive_run-04_eeg.bdf,podcast_13,UNKNOWN,PASS_VIRTUAL_INITIAL_QC,UNASSIGNED,No adjacent-time random split; repeated story and subject grouping; train-only fitted transforms
SparrKULee,sub-045_ses-varyingStories04_task-listeningActive_run-05_desc-preproc-audio-podcast_10_eeg.npy,sub-045,ses-varyingStories04,sub-045_ses-varyingStories04_task-listeningActive_run-05_eeg.bdf,podcast_10,UNKNOWN,PASS_VIRTUAL_INITIAL_QC,UNASSIGNED,No adjacent-time random split; repeated story and subject grouping; train-only fitted transforms
SparrKULee,sub-045_ses-varyingStories04_task-listeningActive_run-06_desc-preproc-audio-podcast_14_eeg.npy,sub-045,ses-varyingStories04,sub-045_ses-varyingStories04_task-listeningActive_run-06_eeg.bdf,podcast_14,UNKNOWN,PASS_VIRTUAL_INITIAL_QC,UNASSIGNED,No adjacent-time random split; repeated story and subject grouping; train-only fitted transforms
SparrKULee,sub-045_ses-varyingStories04_task-listeningActive_run-07_desc-preproc-audio-audiobook_1_eeg.npy,sub-045,ses-varyingStories04,sub-045_ses-varyingStories04_task-listeningActive_run-07_eeg.bdf,audiobook_1,UNKNOWN,PASS_VIRTUAL_INITIAL_QC,UNASSIGNED,No adjacent-time random split; repeated story and subject grouping; train-only fitted transforms
SparrKULee,sub-045_ses-varyingStories04_task-listeningActive_run-08_desc-preproc-audio-podcast_15_eeg.npy,sub-045,ses-varyingStories04,sub-045_ses-varyingStories04_task-listeningActive_run-08_eeg.bdf,podcast_15,UNKNOWN,PASS_VIRTUAL_INITIAL_QC,UNASSIGNED,No adjacent-time random split; repeated story and subject grouping; train-only fitted transforms
SparrKULee,sub-046_ses-varyingStories04_task-listeningActive_run-01_desc-preproc-audio-podcast_13_eeg.npy,sub-046,ses-varyingStories04,sub-046_ses-varyingStories04_task-listeningActive_run-01_eeg.bdf,podcast_13,UNKNOWN,PASS_VIRTUAL_INITIAL_QC,UNASSIGNED,No adjacent-time random split; repeated story and subject grouping; train-only fitted transforms
SparrKULee,sub-046_ses-varyingStories04_task-listeningActive_run-02_desc-preproc-audio-podcast_10_eeg.npy,sub-046,ses-varyingStories04,sub-046_ses-varyingStories04_task-listeningActive_run-02_eeg.bdf,podcast_10,UNKNOWN,PASS_VIRTUAL_INITIAL_QC,UNASSIGNED,No adjacent-time random split; repeated story and subject grouping; train-only fitted transforms
SparrKULee,sub-046_ses-varyingStories04_task-listeningActive_run-04_desc-preproc-audio-podcast_14_eeg.npy,sub-046,ses-varyingStories04,sub-046_ses-varyingStories04_task-listeningActive_run-04_eeg.bdf,podcast_14,UNKNOWN,PASS_VIRTUAL_INITIAL_QC,UNASSIGNED,No adjacent-time random split; repeated story and subject grouping; train-only fitted transforms
SparrKULee,sub-046_ses-varyingStories04_task-listeningActive_run-06_desc-preproc-audio-audiobook_10_1_eeg.npy,sub-046,ses-varyingStories04,sub-046_ses-varyingStories04_task-listeningActive_run-06_eeg.bdf,audiobook_10_1,UNKNOWN,PASS_VIRTUAL_INITIAL_QC,UNASSIGNED,No adjacent-time random split; repeated story and subject grouping; train-only fitted transforms
SparrKULee,sub-046_ses-varyingStories04_task-listeningActive_run-07_desc-preproc-audio-audiobook_10_2_eeg.npy,sub-046,ses-varyingStories04,sub-046_ses-varyingStories04_task-listeningActive_run-07_eeg.bdf,audiobook_10_2,UNKNOWN,PASS_VIRTUAL_INITIAL_QC,UNASSIGNED,No adjacent-time random split; repeated story and subject grouping; train-only fitted transforms
SparrKULee,sub-046_ses-varyingStories04_task-listeningActive_run-08_desc-preproc-audio-audiobook_1_eeg.npy,sub-046,ses-varyingStories04,sub-046_ses-varyingStories04_task-listeningActive_run-08_eeg.bdf,audiobook_1,UNKNOWN,PASS_VIRTUAL_INITIAL_QC,UNASSIGNED,No adjacent-time random split; repeated story and subject grouping; train-only fitted transforms
SparrKULee,sub-046_ses-varyingStories04_task-listeningActive_run-09_desc-preproc-audio-podcast_15_eeg.npy,sub-046,ses-varyingStories04,sub-046_ses-varyingStories04_task-listeningActive_run-09_eeg.bdf,podcast_15,UNKNOWN,PASS_VIRTUAL_INITIAL_QC,UNASSIGNED,No adjacent-time random split; repeated story and subject grouping; train-only fitted transforms
SparrKULee,sub-047_ses-varyingStories05_task-listeningActive_run-01_desc-preproc-audio-audiobook_1_eeg.npy,sub-047,ses-varyingStories05,sub-047_ses-varyingStories05_task-listeningActive_run-01_eeg.bdf,audiobook_1,UNKNOWN,PASS_VIRTUAL_INITIAL_QC,UNASSIGNED,No adjacent-time random split; repeated story and subject grouping; train-only fitted transforms
SparrKULee,sub-047_ses-varyingStories05_task-listeningActive_run-03_desc-preproc-audio-podcast_18_eeg.npy,sub-047,ses-varyingStories05,sub-047_ses-varyingStories05_task-listeningActive_run-03_eeg.bdf,podcast_18,UNKNOWN,PASS_VIRTUAL_INITIAL_QC,UNASSIGNED,No adjacent-time random split; repeated story and subject grouping; train-only fitted transforms
SparrKULee,sub-047_ses-varyingStories05_task-listeningActive_run-04_desc-preproc-audio-audiobook_11_1_eeg.npy,sub-047,ses-varyingStories05,sub-047_ses-varyingStories05_task-listeningActive_run-04_eeg.bdf,audiobook_11_1,UNKNOWN,PASS_VIRTUAL_INITIAL_QC,UNASSIGNED,No adjacent-time random split; repeated story and subject grouping; train-only fitted transforms
SparrKULee,sub-047_ses-varyingStories05_task-listeningActive_run-05_desc-preproc-audio-audiobook_11_2_eeg.npy,sub-047,ses-varyingStories05,sub-047_ses-varyingStories05_task-listeningActive_run-05_eeg.bdf,audiobook_11_2,UNKNOWN,PASS_VIRTUAL_INITIAL_QC,UNASSIGNED,No adjacent-time random split; repeated story and subject grouping; train-only fitted transforms
SparrKULee,sub-047_ses-varyingStories05_task-listeningActive_run-07_desc-preproc-audio-podcast_19_eeg.npy,sub-047,ses-varyingStories05,sub-047_ses-varyingStories05_task-listeningActive_run-07_eeg.bdf,podcast_19,UNKNOWN,PASS_VIRTUAL_INITIAL_QC,UNASSIGNED,No adjacent-time random split; repeated story and subject grouping; train-only fitted transforms
SparrKULee,sub-047_ses-varyingStories05_task-listeningActive_run-08_desc-preproc-audio-podcast_17_eeg.npy,sub-047,ses-varyingStories05,sub-047_ses-varyingStories05_task-listeningActive_run-08_eeg.bdf,podcast_17,UNKNOWN,PASS_VIRTUAL_INITIAL_QC,UNASSIGNED,No adjacent-time random split; repeated story and subject grouping; train-only fitted transforms
SparrKULee,sub-047_ses-varyingStories05_task-listeningActive_run-09_desc-preproc-audio-podcast_16_eeg.npy,sub-047,ses-varyingStories05,sub-047_ses-varyingStories05_task-listeningActive_run-09_eeg.bdf,podcast_16,UNKNOWN,PASS_VIRTUAL_INITIAL_QC,UNASSIGNED,No adjacent-time random split; repeated story and subject grouping; train-only fitted transforms
SparrKULee,sub-048_ses-varyingStories05_task-listeningActive_run-01_desc-preproc-audio-podcast_17_eeg.npy,sub-048,ses-varyingStories05,sub-048_ses-varyingStories05_task-listeningActive_run-01_eeg.bdf,podcast_17,UNKNOWN,PASS_VIRTUAL_INITIAL_QC,UNASSIGNED,No adjacent-time random split; repeated story and subject grouping; train-only fitted transforms
SparrKULee,sub-048_ses-varyingStories05_task-listeningActive_run-02_desc-preproc-audio-podcast_16_eeg.npy,sub-048,ses-varyingStories05,sub-048_ses-varyingStories05_task-listeningActive_run-02_eeg.bdf,podcast_16,UNKNOWN,PASS_VIRTUAL_INITIAL_QC,UNASSIGNED,No adjacent-time random split; repeated story and subject grouping; train-only fitted transforms
SparrKULee,sub-048_ses-varyingStories05_task-listeningActive_run-05_desc-preproc-audio-audiobook_11_1_eeg.npy,sub-048,ses-varyingStories05,sub-048_ses-varyingStories05_task-listeningActive_run-05_eeg.bdf,audiobook_11_1,UNKNOWN,PASS_VIRTUAL_INITIAL_QC,UNASSIGNED,No adjacent-time random split; repeated story and subject grouping; train-only fitted transforms
SparrKULee,sub-048_ses-varyingStories05_task-listeningActive_run-06_desc-preproc-audio-audiobook_11_2_eeg.npy,sub-048,ses-varyingStories05,sub-048_ses-varyingStories05_task-listeningActive_run-06_eeg.bdf,audiobook_11_2,UNKNOWN,PASS_VIRTUAL_INITIAL_QC,UNASSIGNED,No adjacent-time random split; repeated story and subject grouping; train-only fitted transforms
SparrKULee,sub-048_ses-varyingStories05_task-listeningActive_run-08_desc-preproc-audio-podcast_19_eeg.npy,sub-048,ses-varyingStories05,sub-048_ses-varyingStories05_task-listeningActive_run-08_eeg.bdf,podcast_19,UNKNOWN,PASS_VIRTUAL_INITIAL_QC,UNASSIGNED,No adjacent-time random split; repeated story and subject grouping; train-only fitted transforms
SparrKULee,sub-048_ses-varyingStories05_task-listeningActive_run-09_desc-preproc-audio-audiobook_1_eeg.npy,sub-048,ses-varyingStories05,sub-048_ses-varyingStories05_task-listeningActive_run-09_eeg.bdf,audiobook_1,UNKNOWN,PASS_VIRTUAL_INITIAL_QC,UNASSIGNED,No adjacent-time random split; repeated story and subject grouping; train-only fitted transforms
SparrKULee,sub-049_ses-varyingStories06_task-listeningActive_run-02_desc-preproc-audio-audiobook_12_1_eeg.npy,sub-049,ses-varyingStories06,sub-049_ses-varyingStories06_task-listeningActive_run-02_eeg.bdf,audiobook_12_1,UNKNOWN,PASS_VIRTUAL_INITIAL_QC,UNASSIGNED,No adjacent-time random split; repeated story and subject grouping; train-only fitted transforms
SparrKULee,sub-049_ses-varyingStories06_task-listeningActive_run-03_desc-preproc-audio-audiobook_12_2_eeg.npy,sub-049,ses-varyingStories06,sub-049_ses-varyingStories06_task-listeningActive_run-03_eeg.bdf,audiobook_12_2,UNKNOWN,PASS_VIRTUAL_INITIAL_QC,UNASSIGNED,No adjacent-time random split; repeated story and subject grouping; train-only fitted transforms
SparrKULee,sub-049_ses-varyingStories06_task-listeningActive_run-04_desc-preproc-audio-audiobook_1_eeg.npy,sub-049,ses-varyingStories06,sub-049_ses-varyingStories06_task-listeningActive_run-04_eeg.bdf,audiobook_1,UNKNOWN,PASS_VIRTUAL_INITIAL_QC,UNASSIGNED,No adjacent-time random split; repeated story and subject grouping; train-only fitted transforms
SparrKULee,sub-049_ses-varyingStories06_task-listeningActive_run-05_desc-preproc-audio-podcast_22_eeg.npy,sub-049,ses-varyingStories06,sub-049_ses-varyingStories06_task-listeningActive_run-05_eeg.bdf,podcast_22,UNKNOWN,PASS_VIRTUAL_INITIAL_QC,UNASSIGNED,No adjacent-time random split; repeated story and subject grouping; train-only fitted transforms
SparrKULee,sub-049_ses-varyingStories06_task-listeningActive_run-06_desc-preproc-audio-podcast_20_eeg.npy,sub-049,ses-varyingStories06,sub-049_ses-varyingStories06_task-listeningActive_run-06_eeg.bdf,podcast_20,UNKNOWN,PASS_VIRTUAL_INITIAL_QC,UNASSIGNED,No adjacent-time random split; repeated story and subject grouping; train-only fitted transforms
SparrKULee,sub-049_ses-varyingStories06_task-listeningActive_run-07_desc-preproc-audio-podcast_23_eeg.npy,sub-049,ses-varyingStories06,sub-049_ses-varyingStories06_task-listeningActive_run-07_eeg.bdf,podcast_23,UNKNOWN,PASS_VIRTUAL_INITIAL_QC,UNASSIGNED,No adjacent-time random split; repeated story and subject grouping; train-only fitted transforms
SparrKULee,sub-049_ses-varyingStories06_task-listeningActive_run-09_desc-preproc-audio-podcast_21_eeg.npy,sub-049,ses-varyingStories06,sub-049_ses-varyingStories06_task-listeningActive_run-09_eeg.bdf,podcast_21,UNKNOWN,PASS_VIRTUAL_INITIAL_QC,UNASSIGNED,No adjacent-time random split; repeated story and subject grouping; train-only fitted transforms
SparrKULee,sub-050_ses-varyingStories06_task-listeningActive_run-02_desc-preproc-audio-audiobook_12_2_eeg.npy,sub-050,ses-varyingStories06,sub-050_ses-varyingStories06_task-listeningActive_run-02_eeg.bdf,audiobook_12_2,UNKNOWN,PASS_VIRTUAL_INITIAL_QC,UNASSIGNED,No adjacent-time random split; repeated story and subject grouping; train-only fitted transforms
SparrKULee,sub-050_ses-varyingStories06_task-listeningActive_run-03_desc-preproc-audio-podcast_23_eeg.npy,sub-050,ses-varyingStories06,sub-050_ses-varyingStories06_task-listeningActive_run-03_eeg.bdf,podcast_23,UNKNOWN,PASS_VIRTUAL_INITIAL_QC,UNASSIGNED,No adjacent-time random split; repeated story and subject grouping; train-only fitted transforms
SparrKULee,sub-050_ses-varyingStories06_task-listeningActive_run-04_desc-preproc-audio-podcast_22_eeg.npy,sub-050,ses-varyingStories06,sub-050_ses-varyingStories06_task-listeningActive_run-04_eeg.bdf,podcast_22,UNKNOWN,PASS_VIRTUAL_INITIAL_QC,UNASSIGNED,No adjacent-time random split; repeated story and subject grouping; train-only fitted transforms
SparrKULee,sub-050_ses-varyingStories06_task-listeningActive_run-05_desc-preproc-audio-audiobook_1_eeg.npy,sub-050,ses-varyingStories06,sub-050_ses-varyingStories06_task-listeningActive_run-05_eeg.bdf,audiobook_1,UNKNOWN,PASS_VIRTUAL_INITIAL_QC,UNASSIGNED,No adjacent-time random split; repeated story and subject grouping; train-only fitted transforms
SparrKULee,sub-051_ses-varyingStories06_task-listeningActive_run-02_desc-preproc-audio-podcast_20_eeg.npy,sub-051,ses-varyingStories06,sub-051_ses-varyingStories06_task-listeningActive_run-02_eeg.bdf,podcast_20,UNKNOWN,PASS_VIRTUAL_INITIAL_QC,UNASSIGNED,No adjacent-time random split; repeated story and subject grouping; train-only fitted transforms
SparrKULee,sub-051_ses-varyingStories06_task-listeningActive_run-03_desc-preproc-audio-podcast_22_eeg.npy,sub-051,ses-varyingStories06,sub-051_ses-varyingStories06_task-listeningActive_run-03_eeg.bdf,podcast_22,UNKNOWN,PASS_VIRTUAL_INITIAL_QC,UNASSIGNED,No adjacent-time random split; repeated story and subject grouping; train-only fitted transforms
SparrKULee,sub-051_ses-varyingStories06_task-listeningActive_run-04_desc-preproc-audio-podcast_21_eeg.npy,sub-051,ses-varyingStories06,sub-051_ses-varyingStories06_task-listeningActive_run-04_eeg.bdf,podcast_21,UNKNOWN,PASS_VIRTUAL_INITIAL_QC,UNASSIGNED,No adjacent-time random split; repeated story and subject grouping; train-only fitted transforms
SparrKULee,sub-051_ses-varyingStories06_task-listeningActive_run-05_desc-preproc-audio-audiobook_12_1_eeg.npy,sub-051,ses-varyingStories06,sub-051_ses-varyingStories06_task-listeningActive_run-05_eeg.bdf,audiobook_12_1,UNKNOWN,PASS_VIRTUAL_INITIAL_QC,UNASSIGNED,No adjacent-time random split; repeated story and subject grouping; train-only fitted transforms
SparrKULee,sub-051_ses-varyingStories06_task-listeningActive_run-06_desc-preproc-audio-audiobook_12_2_eeg.npy,sub-051,ses-varyingStories06,sub-051_ses-varyingStories06_task-listeningActive_run-06_eeg.bdf,audiobook_12_2,UNKNOWN,PASS_VIRTUAL_INITIAL_QC,UNASSIGNED,No adjacent-time random split; repeated story and subject grouping; train-only fitted transforms
SparrKULee,sub-051_ses-varyingStories06_task-listeningActive_run-07_desc-preproc-audio-podcast_23_eeg.npy,sub-051,ses-varyingStories06,sub-051_ses-varyingStories06_task-listeningActive_run-07_eeg.bdf,podcast_23,UNKNOWN,PASS_VIRTUAL_INITIAL_QC,UNASSIGNED,No adjacent-time random split; repeated story and subject grouping; train-only fitted transforms
SparrKULee,sub-051_ses-varyingStories06_task-listeningActive_run-08_desc-preproc-audio-audiobook_1_eeg.npy,sub-051,ses-varyingStories06,sub-051_ses-varyingStories06_task-listeningActive_run-08_eeg.bdf,audiobook_1,UNKNOWN,PASS_VIRTUAL_INITIAL_QC,UNASSIGNED,No adjacent-time random split; repeated story and subject grouping; train-only fitted transforms
SparrKULee,sub-052_ses-varyingStories06_task-listeningActive_run-01_desc-preproc-audio-podcast_23_eeg.npy,sub-052,ses-varyingStories06,sub-052_ses-varyingStories06_task-listeningActive_run-01_eeg.bdf,podcast_23,UNKNOWN,PASS_VIRTUAL_INITIAL_QC,UNASSIGNED,No adjacent-time random split; repeated story and subject grouping; train-only fitted transforms
SparrKULee,sub-052_ses-varyingStories06_task-listeningActive_run-02_desc-preproc-audio-podcast_22_eeg.npy,sub-052,ses-varyingStories06,sub-052_ses-varyingStories06_task-listeningActive_run-02_eeg.bdf,podcast_22,UNKNOWN,PASS_VIRTUAL_INITIAL_QC,UNASSIGNED,No adjacent-time random split; repeated story and subject grouping; train-only fitted transforms
SparrKULee,sub-052_ses-varyingStories06_task-listeningActive_run-03_desc-preproc-audio-audiobook_12_1_eeg.npy,sub-052,ses-varyingStories06,sub-052_ses-varyingStories06_task-listeningActive_run-03_eeg.bdf,audiobook_12_1,UNKNOWN,PASS_VIRTUAL_INITIAL_QC,UNASSIGNED,No adjacent-time random split; repeated story and subject grouping; train-only fitted transforms
SparrKULee,sub-052_ses-varyingStories06_task-listeningActive_run-04_desc-preproc-audio-audiobook_12_2_eeg.npy,sub-052,ses-varyingStories06,sub-052_ses-varyingStories06_task-listeningActive_run-04_eeg.bdf,audiobook_12_2,UNKNOWN,PASS_VIRTUAL_INITIAL_QC,UNASSIGNED,No adjacent-time random split; repeated story and subject grouping; train-only fitted transforms
SparrKULee,sub-052_ses-varyingStories06_task-listeningActive_run-05_desc-preproc-audio-podcast_20_eeg.npy,sub-052,ses-varyingStories06,sub-052_ses-varyingStories06_task-listeningActive_run-05_eeg.bdf,podcast_20,UNKNOWN,PASS_VIRTUAL_INITIAL_QC,UNASSIGNED,No adjacent-time random split; repeated story and subject grouping; train-only fitted transforms
SparrKULee,sub-052_ses-varyingStories06_task-listeningActive_run-06_desc-preproc-audio-podcast_21_eeg.npy,sub-052,ses-varyingStories06,sub-052_ses-varyingStories06_task-listeningActive_run-06_eeg.bdf,podcast_21,UNKNOWN,PASS_VIRTUAL_INITIAL_QC,UNASSIGNED,No adjacent-time random split; repeated story and subject grouping; train-only fitted transforms
SparrKULee,sub-052_ses-varyingStories06_task-listeningActive_run-08_desc-preproc-audio-audiobook_1_eeg.npy,sub-052,ses-varyingStories06,sub-052_ses-varyingStories06_task-listeningActive_run-08_eeg.bdf,audiobook_1,UNKNOWN,PASS_VIRTUAL_INITIAL_QC,UNASSIGNED,No adjacent-time random split; repeated story and subject grouping; train-only fitted transforms
SparrKULee,sub-053_ses-varyingStories06_task-listeningActive_run-01_desc-preproc-audio-podcast_21_eeg.npy,sub-053,ses-varyingStories06,sub-053_ses-varyingStories06_task-listeningActive_run-01_eeg.bdf,podcast_21,UNKNOWN,PASS_VIRTUAL_INITIAL_QC,UNASSIGNED,No adjacent-time random split; repeated story and subject grouping; train-only fitted transforms
SparrKULee,sub-053_ses-varyingStories06_task-listeningActive_run-02_desc-preproc-audio-audiobook_12_1_eeg.npy,sub-053,ses-varyingStories06,sub-053_ses-varyingStories06_task-listeningActive_run-02_eeg.bdf,audiobook_12_1,UNKNOWN,PASS_VIRTUAL_INITIAL_QC,UNASSIGNED,No adjacent-time random split; repeated story and subject grouping; train-only fitted transforms
SparrKULee,sub-053_ses-varyingStories06_task-listeningActive_run-03_desc-preproc-audio-audiobook_12_2_eeg.npy,sub-053,ses-varyingStories06,sub-053_ses-varyingStories06_task-listeningActive_run-03_eeg.bdf,audiobook_12_2,UNKNOWN,PASS_VIRTUAL_INITIAL_QC,UNASSIGNED,No adjacent-time random split; repeated story and subject grouping; train-only fitted transforms
SparrKULee,sub-053_ses-varyingStories06_task-listeningActive_run-05_desc-preproc-audio-podcast_23_eeg.npy,sub-053,ses-varyingStories06,sub-053_ses-varyingStories06_task-listeningActive_run-05_eeg.bdf,podcast_23,UNKNOWN,PASS_VIRTUAL_INITIAL_QC,UNASSIGNED,No adjacent-time random split; repeated story and subject grouping; train-only fitted transforms
SparrKULee,sub-053_ses-varyingStories06_task-listeningActive_run-06_desc-preproc-audio-audiobook_1_eeg.npy,sub-053,ses-varyingStories06,sub-053_ses-varyingStories06_task-listeningActive_run-06_eeg.bdf,audiobook_1,UNKNOWN,PASS_VIRTUAL_INITIAL_QC,UNASSIGNED,No adjacent-time random split; repeated story and subject grouping; train-only fitted transforms
SparrKULee,sub-053_ses-varyingStories06_task-listeningActive_run-07_desc-preproc-audio-podcast_20_eeg.npy,sub-053,ses-varyingStories06,sub-053_ses-varyingStories06_task-listeningActive_run-07_eeg.bdf,podcast_20,UNKNOWN,PASS_VIRTUAL_INITIAL_QC,UNASSIGNED,No adjacent-time random split; repeated story and subject grouping; train-only fitted transforms
SparrKULee,sub-053_ses-varyingStories06_task-listeningActive_run-09_desc-preproc-audio-podcast_22_eeg.npy,sub-053,ses-varyingStories06,sub-053_ses-varyingStories06_task-listeningActive_run-09_eeg.bdf,podcast_22,UNKNOWN,PASS_VIRTUAL_INITIAL_QC,UNASSIGNED,No adjacent-time random split; repeated story and subject grouping; train-only fitted transforms
SparrKULee,sub-054_ses-varyingStories06_task-listeningActive_run-01_desc-preproc-audio-podcast_21_eeg.npy,sub-054,ses-varyingStories06,sub-054_ses-varyingStories06_task-listeningActive_run-01_eeg.bdf,podcast_21,UNKNOWN,PASS_VIRTUAL_INITIAL_QC,UNASSIGNED,No adjacent-time random split; repeated story and subject grouping; train-only fitted transforms
SparrKULee,sub-054_ses-varyingStories06_task-listeningActive_run-02_desc-preproc-audio-audiobook_12_1_eeg.npy,sub-054,ses-varyingStories06,sub-054_ses-varyingStories06_task-listeningActive_run-02_eeg.bdf,audiobook_12_1,UNKNOWN,PASS_VIRTUAL_INITIAL_QC,UNASSIGNED,No adjacent-time random split; repeated story and subject grouping; train-only fitted transforms
SparrKULee,sub-054_ses-varyingStories06_task-listeningActive_run-03_desc-preproc-audio-audiobook_12_2_eeg.npy,sub-054,ses-varyingStories06,sub-054_ses-varyingStories06_task-listeningActive_run-03_eeg.bdf,audiobook_12_2,UNKNOWN,PASS_VIRTUAL_INITIAL_QC,UNASSIGNED,No adjacent-time random split; repeated story and subject grouping; train-only fitted transforms
SparrKULee,sub-054_ses-varyingStories06_task-listeningActive_run-04_desc-preproc-audio-podcast_20_eeg.npy,sub-054,ses-varyingStories06,sub-054_ses-varyingStories06_task-listeningActive_run-04_eeg.bdf,podcast_20,UNKNOWN,PASS_VIRTUAL_INITIAL_QC,UNASSIGNED,No adjacent-time random split; repeated story and subject grouping; train-only fitted transforms
SparrKULee,sub-054_ses-varyingStories06_task-listeningActive_run-06_desc-preproc-audio-podcast_23_eeg.npy,sub-054,ses-varyingStories06,sub-054_ses-varyingStories06_task-listeningActive_run-06_eeg.bdf,podcast_23,UNKNOWN,PASS_VIRTUAL_INITIAL_QC,UNASSIGNED,No adjacent-time random split; repeated story and subject grouping; train-only fitted transforms
SparrKULee,sub-054_ses-varyingStories06_task-listeningActive_run-08_desc-preproc-audio-podcast_22_eeg.npy,sub-054,ses-varyingStories06,sub-054_ses-varyingStories06_task-listeningActive_run-08_eeg.bdf,podcast_22,UNKNOWN,PASS_VIRTUAL_INITIAL_QC,UNASSIGNED,No adjacent-time random split; repeated story and subject grouping; train-only fitted transforms
SparrKULee,sub-054_ses-varyingStories06_task-listeningActive_run-09_desc-preproc-audio-audiobook_1_eeg.npy,sub-054,ses-varyingStories06,sub-054_ses-varyingStories06_task-listeningActive_run-09_eeg.bdf,audiobook_1,UNKNOWN,PASS_VIRTUAL_INITIAL_QC,UNASSIGNED,No adjacent-time random split; repeated story and subject grouping; train-only fitted transforms
SparrKULee,sub-055_ses-varyingStories06_task-listeningActive_run-01_desc-preproc-audio-audiobook_1_eeg.npy,sub-055,ses-varyingStories06,sub-055_ses-varyingStories06_task-listeningActive_run-01_eeg.bdf,audiobook_1,UNKNOWN,PASS_VIRTUAL_INITIAL_QC,UNASSIGNED,No adjacent-time random split; repeated story and subject grouping; train-only fitted transforms
SparrKULee,sub-055_ses-varyingStories06_task-listeningActive_run-02_desc-preproc-audio-podcast_20_eeg.npy,sub-055,ses-varyingStories06,sub-055_ses-varyingStories06_task-listeningActive_run-02_eeg.bdf,podcast_20,UNKNOWN,PASS_VIRTUAL_INITIAL_QC,UNASSIGNED,No adjacent-time random split; repeated story and subject grouping; train-only fitted transforms
SparrKULee,sub-055_ses-varyingStories06_task-listeningActive_run-03_desc-preproc-audio-audiobook_12_1_eeg.npy,sub-055,ses-varyingStories06,sub-055_ses-varyingStories06_task-listeningActive_run-03_eeg.bdf,audiobook_12_1,UNKNOWN,PASS_VIRTUAL_INITIAL_QC,UNASSIGNED,No adjacent-time random split; repeated story and subject grouping; train-only fitted transforms
SparrKULee,sub-055_ses-varyingStories06_task-listeningActive_run-04_desc-preproc-audio-audiobook_12_2_eeg.npy,sub-055,ses-varyingStories06,sub-055_ses-varyingStories06_task-listeningActive_run-04_eeg.bdf,audiobook_12_2,UNKNOWN,PASS_VIRTUAL_INITIAL_QC,UNASSIGNED,No adjacent-time random split; repeated story and subject grouping; train-only fitted transforms
SparrKULee,sub-055_ses-varyingStories06_task-listeningActive_run-06_desc-preproc-audio-podcast_21_eeg.npy,sub-055,ses-varyingStories06,sub-055_ses-varyingStories06_task-listeningActive_run-06_eeg.bdf,podcast_21,UNKNOWN,PASS_VIRTUAL_INITIAL_QC,UNASSIGNED,No adjacent-time random split; repeated story and subject grouping; train-only fitted transforms
SparrKULee,sub-055_ses-varyingStories06_task-listeningActive_run-07_desc-preproc-audio-podcast_23_eeg.npy,sub-055,ses-varyingStories06,sub-055_ses-varyingStories06_task-listeningActive_run-07_eeg.bdf,podcast_23,UNKNOWN,PASS_VIRTUAL_INITIAL_QC,UNASSIGNED,No adjacent-time random split; repeated story and subject grouping; train-only fitted transforms
SparrKULee,sub-055_ses-varyingStories06_task-listeningActive_run-09_desc-preproc-audio-podcast_22_eeg.npy,sub-055,ses-varyingStories06,sub-055_ses-varyingStories06_task-listeningActive_run-09_eeg.bdf,podcast_22,UNKNOWN,PASS_VIRTUAL_INITIAL_QC,UNASSIGNED,No adjacent-time random split; repeated story and subject grouping; train-only fitted transforms
SparrKULee,sub-056_ses-varyingStories06_task-listeningActive_run-01_desc-preproc-audio-podcast_23_eeg.npy,sub-056,ses-varyingStories06,sub-056_ses-varyingStories06_task-listeningActive_run-01_eeg.bdf,podcast_23,UNKNOWN,PASS_VIRTUAL_INITIAL_QC,UNASSIGNED,No adjacent-time random split; repeated story and subject grouping; train-only fitted transforms
SparrKULee,sub-056_ses-varyingStories06_task-listeningActive_run-02_desc-preproc-audio-audiobook_1_eeg.npy,sub-056,ses-varyingStories06,sub-056_ses-varyingStories06_task-listeningActive_run-02_eeg.bdf,audiobook_1,UNKNOWN,PASS_VIRTUAL_INITIAL_QC,UNASSIGNED,No adjacent-time random split; repeated story and subject grouping; train-only fitted transforms
SparrKULee,sub-056_ses-varyingStories06_task-listeningActive_run-03_desc-preproc-audio-podcast_22_eeg.npy,sub-056,ses-varyingStories06,sub-056_ses-varyingStories06_task-listeningActive_run-03_eeg.bdf,podcast_22,UNKNOWN,PASS_VIRTUAL_INITIAL_QC,UNASSIGNED,No adjacent-time random split; repeated story and subject grouping; train-only fitted transforms
SparrKULee,sub-056_ses-varyingStories06_task-listeningActive_run-04_desc-preproc-audio-podcast_20_eeg.npy,sub-056,ses-varyingStories06,sub-056_ses-varyingStories06_task-listeningActive_run-04_eeg.bdf,podcast_20,UNKNOWN,PASS_VIRTUAL_INITIAL_QC,UNASSIGNED,No adjacent-time random split; repeated story and subject grouping; train-only fitted transforms
SparrKULee,sub-056_ses-varyingStories06_task-listeningActive_run-05_desc-preproc-audio-audiobook_12_1_eeg.npy,sub-056,ses-varyingStories06,sub-056_ses-varyingStories06_task-listeningActive_run-05_eeg.bdf,audiobook_12_1,UNKNOWN,PASS_VIRTUAL_INITIAL_QC,UNASSIGNED,No adjacent-time random split; repeated story and subject grouping; train-only fitted transforms
SparrKULee,sub-056_ses-varyingStories06_task-listeningActive_run-06_desc-preproc-audio-audiobook_12_2_eeg.npy,sub-056,ses-varyingStories06,sub-056_ses-varyingStories06_task-listeningActive_run-06_eeg.bdf,audiobook_12_2,UNKNOWN,PASS_VIRTUAL_INITIAL_QC,UNASSIGNED,No adjacent-time random split; repeated story and subject grouping; train-only fitted transforms
SparrKULee,sub-056_ses-varyingStories06_task-listeningActive_run-08_desc-preproc-audio-podcast_21_eeg.npy,sub-056,ses-varyingStories06,sub-056_ses-varyingStories06_task-listeningActive_run-08_eeg.bdf,podcast_21,UNKNOWN,PASS_VIRTUAL_INITIAL_QC,UNASSIGNED,No adjacent-time random split; repeated story and subject grouping; train-only fitted transforms
SparrKULee,sub-057_ses-varyingStories07_task-listeningActive_run-01_desc-preproc-audio-podcast_27_eeg.npy,sub-057,ses-varyingStories07,sub-057_ses-varyingStories07_task-listeningActive_run-01_eeg.bdf,podcast_27,UNKNOWN,PASS_VIRTUAL_INITIAL_QC,UNASSIGNED,No adjacent-time random split; repeated story and subject grouping; train-only fitted transforms
SparrKULee,sub-057_ses-varyingStories07_task-listeningActive_run-02_desc-preproc-audio-audiobook_1_eeg.npy,sub-057,ses-varyingStories07,sub-057_ses-varyingStories07_task-listeningActive_run-02_eeg.bdf,audiobook_1,UNKNOWN,PASS_VIRTUAL_INITIAL_QC,UNASSIGNED,No adjacent-time random split; repeated story and subject grouping; train-only fitted transforms
SparrKULee,sub-057_ses-varyingStories07_task-listeningActive_run-04_desc-preproc-audio-podcast_24_eeg.npy,sub-057,ses-varyingStories07,sub-057_ses-varyingStories07_task-listeningActive_run-04_eeg.bdf,podcast_24,UNKNOWN,PASS_VIRTUAL_INITIAL_QC,UNASSIGNED,No adjacent-time random split; repeated story and subject grouping; train-only fitted transforms
SparrKULee,sub-057_ses-varyingStories07_task-listeningActive_run-05_desc-preproc-audio-podcast_26_eeg.npy,sub-057,ses-varyingStories07,sub-057_ses-varyingStories07_task-listeningActive_run-05_eeg.bdf,podcast_26,UNKNOWN,PASS_VIRTUAL_INITIAL_QC,UNASSIGNED,No adjacent-time random split; repeated story and subject grouping; train-only fitted transforms
SparrKULee,sub-057_ses-varyingStories07_task-listeningActive_run-06_desc-preproc-audio-audiobook_13_1_eeg.npy,sub-057,ses-varyingStories07,sub-057_ses-varyingStories07_task-listeningActive_run-06_eeg.bdf,audiobook_13_1,UNKNOWN,PASS_VIRTUAL_INITIAL_QC,UNASSIGNED,No adjacent-time random split; repeated story and subject grouping; train-only fitted transforms
SparrKULee,sub-057_ses-varyingStories07_task-listeningActive_run-07_desc-preproc-audio-audiobook_13_2_eeg.npy,sub-057,ses-varyingStories07,sub-057_ses-varyingStories07_task-listeningActive_run-07_eeg.bdf,audiobook_13_2,UNKNOWN,PASS_VIRTUAL_INITIAL_QC,UNASSIGNED,No adjacent-time random split; repeated story and subject grouping; train-only fitted transforms
SparrKULee,sub-057_ses-varyingStories07_task-listeningActive_run-08_desc-preproc-audio-podcast_25_eeg.npy,sub-057,ses-varyingStories07,sub-057_ses-varyingStories07_task-listeningActive_run-08_eeg.bdf,podcast_25,UNKNOWN,PASS_VIRTUAL_INITIAL_QC,UNASSIGNED,No adjacent-time random split; repeated story and subject grouping; train-only fitted transforms
SparrKULee,sub-058_ses-varyingStories07_task-listeningActive_run-01_desc-preproc-audio-audiobook_1_eeg.npy,sub-058,ses-varyingStories07,sub-058_ses-varyingStories07_task-listeningActive_run-01_eeg.bdf,audiobook_1,UNKNOWN,PASS_VIRTUAL_INITIAL_QC,UNASSIGNED,No adjacent-time random split; repeated story and subject grouping; train-only fitted transforms
SparrKULee,sub-058_ses-varyingStories07_task-listeningActive_run-03_desc-preproc-audio-audiobook_13_1_eeg.npy,sub-058,ses-varyingStories07,sub-058_ses-varyingStories07_task-listeningActive_run-03_eeg.bdf,audiobook_13_1,UNKNOWN,PASS_VIRTUAL_INITIAL_QC,UNASSIGNED,No adjacent-time random split; repeated story and subject grouping; train-only fitted transforms
SparrKULee,sub-058_ses-varyingStories07_task-listeningActive_run-04_desc-preproc-audio-audiobook_13_2_eeg.npy,sub-058,ses-varyingStories07,sub-058_ses-varyingStories07_task-listeningActive_run-04_eeg.bdf,audiobook_13_2,UNKNOWN,PASS_VIRTUAL_INITIAL_QC,UNASSIGNED,No adjacent-time random split; repeated story and subject grouping; train-only fitted transforms
SparrKULee,sub-058_ses-varyingStories07_task-listeningActive_run-05_desc-preproc-audio-podcast_27_eeg.npy,sub-058,ses-varyingStories07,sub-058_ses-varyingStories07_task-listeningActive_run-05_eeg.bdf,podcast_27,UNKNOWN,PASS_VIRTUAL_INITIAL_QC,UNASSIGNED,No adjacent-time random split; repeated story and subject grouping; train-only fitted transforms
SparrKULee,sub-058_ses-varyingStories07_task-listeningActive_run-07_desc-preproc-audio-podcast_24_eeg.npy,sub-058,ses-varyingStories07,sub-058_ses-varyingStories07_task-listeningActive_run-07_eeg.bdf,podcast_24,UNKNOWN,PASS_VIRTUAL_INITIAL_QC,UNASSIGNED,No adjacent-time random split; repeated story and subject grouping; train-only fitted transforms
SparrKULee,sub-058_ses-varyingStories07_task-listeningActive_run-08_desc-preproc-audio-podcast_26_eeg.npy,sub-058,ses-varyingStories07,sub-058_ses-varyingStories07_task-listeningActive_run-08_eeg.bdf,podcast_26,UNKNOWN,PASS_VIRTUAL_INITIAL_QC,UNASSIGNED,No adjacent-time random split; repeated story and subject grouping; train-only fitted transforms
SparrKULee,sub-058_ses-varyingStories07_task-listeningActive_run-09_desc-preproc-audio-podcast_25_eeg.npy,sub-058,ses-varyingStories07,sub-058_ses-varyingStories07_task-listeningActive_run-09_eeg.bdf,podcast_25,UNKNOWN,PASS_VIRTUAL_INITIAL_QC,UNASSIGNED,No adjacent-time random split; repeated story and subject grouping; train-only fitted transforms
SparrKULee,sub-059_ses-varyingStories07_task-listeningActive_run-01_desc-preproc-audio-podcast_25_eeg.npy,sub-059,ses-varyingStories07,sub-059_ses-varyingStories07_task-listeningActive_run-01_eeg.bdf,podcast_25,UNKNOWN,PASS_VIRTUAL_INITIAL_QC,UNASSIGNED,No adjacent-time random split; repeated story and subject grouping; train-only fitted transforms
SparrKULee,sub-059_ses-varyingStories07_task-listeningActive_run-02_desc-preproc-audio-podcast_27_eeg.npy,sub-059,ses-varyingStories07,sub-059_ses-varyingStories07_task-listeningActive_run-02_eeg.bdf,podcast_27,UNKNOWN,PASS_VIRTUAL_INITIAL_QC,UNASSIGNED,No adjacent-time random split; repeated story and subject grouping; train-only fitted transforms
SparrKULee,sub-059_ses-varyingStories07_task-listeningActive_run-03_desc-preproc-audio-audiobook_13_1_eeg.npy,sub-059,ses-varyingStories07,sub-059_ses-varyingStories07_task-listeningActive_run-03_eeg.bdf,audiobook_13_1,UNKNOWN,PASS_VIRTUAL_INITIAL_QC,UNASSIGNED,No adjacent-time random split; repeated story and subject grouping; train-only fitted transforms
SparrKULee,sub-059_ses-varyingStories07_task-listeningActive_run-04_desc-preproc-audio-audiobook_13_2_eeg.npy,sub-059,ses-varyingStories07,sub-059_ses-varyingStories07_task-listeningActive_run-04_eeg.bdf,audiobook_13_2,UNKNOWN,PASS_VIRTUAL_INITIAL_QC,UNASSIGNED,No adjacent-time random split; repeated story and subject grouping; train-only fitted transforms
SparrKULee,sub-059_ses-varyingStories07_task-listeningActive_run-06_desc-preproc-audio-audiobook_1_eeg.npy,sub-059,ses-varyingStories07,sub-059_ses-varyingStories07_task-listeningActive_run-06_eeg.bdf,audiobook_1,UNKNOWN,PASS_VIRTUAL_INITIAL_QC,UNASSIGNED,No adjacent-time random split; repeated story and subject grouping; train-only fitted transforms
SparrKULee,sub-059_ses-varyingStories07_task-listeningActive_run-07_desc-preproc-audio-podcast_24_eeg.npy,sub-059,ses-varyingStories07,sub-059_ses-varyingStories07_task-listeningActive_run-07_eeg.bdf,podcast_24,UNKNOWN,PASS_VIRTUAL_INITIAL_QC,UNASSIGNED,No adjacent-time random split; repeated story and subject grouping; train-only fitted transforms
SparrKULee,sub-059_ses-varyingStories07_task-listeningActive_run-08_desc-preproc-audio-podcast_26_eeg.npy,sub-059,ses-varyingStories07,sub-059_ses-varyingStories07_task-listeningActive_run-08_eeg.bdf,podcast_26,UNKNOWN,PASS_VIRTUAL_INITIAL_QC,UNASSIGNED,No adjacent-time random split; repeated story and subject grouping; train-only fitted transforms
SparrKULee,sub-060_ses-varyingStories07_task-listeningActive_run-01_desc-preproc-audio-podcast_25_eeg.npy,sub-060,ses-varyingStories07,sub-060_ses-varyingStories07_task-listeningActive_run-01_eeg.bdf,podcast_25,UNKNOWN,PASS_VIRTUAL_INITIAL_QC,UNASSIGNED,No adjacent-time random split; repeated story and subject grouping; train-only fitted transforms
SparrKULee,sub-060_ses-varyingStories07_task-listeningActive_run-03_desc-preproc-audio-podcast_26_eeg.npy,sub-060,ses-varyingStories07,sub-060_ses-varyingStories07_task-listeningActive_run-03_eeg.bdf,podcast_26,UNKNOWN,PASS_VIRTUAL_INITIAL_QC,UNASSIGNED,No adjacent-time random split; repeated story and subject grouping; train-only fitted transforms
SparrKULee,sub-060_ses-varyingStories07_task-listeningActive_run-04_desc-preproc-audio-podcast_24_eeg.npy,sub-060,ses-varyingStories07,sub-060_ses-varyingStories07_task-listeningActive_run-04_eeg.bdf,podcast_24,UNKNOWN,PASS_VIRTUAL_INITIAL_QC,UNASSIGNED,No adjacent-time random split; repeated story and subject grouping; train-only fitted transforms
SparrKULee,sub-060_ses-varyingStories07_task-listeningActive_run-05_desc-preproc-audio-audiobook_1_eeg.npy,sub-060,ses-varyingStories07,sub-060_ses-varyingStories07_task-listeningActive_run-05_eeg.bdf,audiobook_1,UNKNOWN,PASS_VIRTUAL_INITIAL_QC,UNASSIGNED,No adjacent-time random split; repeated story and subject grouping; train-only fitted transforms
SparrKULee,sub-060_ses-varyingStories07_task-listeningActive_run-06_desc-preproc-audio-audiobook_13_1_eeg.npy,sub-060,ses-varyingStories07,sub-060_ses-varyingStories07_task-listeningActive_run-06_eeg.bdf,audiobook_13_1,UNKNOWN,PASS_VIRTUAL_INITIAL_QC,UNASSIGNED,No adjacent-time random split; repeated story and subject grouping; train-only fitted transforms
SparrKULee,sub-060_ses-varyingStories07_task-listeningActive_run-07_desc-preproc-audio-audiobook_13_2_eeg.npy,sub-060,ses-varyingStories07,sub-060_ses-varyingStories07_task-listeningActive_run-07_eeg.bdf,audiobook_13_2,UNKNOWN,PASS_VIRTUAL_INITIAL_QC,UNASSIGNED,No adjacent-time random split; repeated story and subject grouping; train-only fitted transforms
SparrKULee,sub-061_ses-varyingStories07_task-listeningActive_run-01_desc-preproc-audio-audiobook_13_1_eeg.npy,sub-061,ses-varyingStories07,sub-061_ses-varyingStories07_task-listeningActive_run-01_eeg.bdf,audiobook_13_1,UNKNOWN,PASS_VIRTUAL_INITIAL_QC,UNASSIGNED,No adjacent-time random split; repeated story and subject grouping; train-only fitted transforms
SparrKULee,sub-061_ses-varyingStories07_task-listeningActive_run-02_desc-preproc-audio-audiobook_13_2_eeg.npy,sub-061,ses-varyingStories07,sub-061_ses-varyingStories07_task-listeningActive_run-02_eeg.bdf,audiobook_13_2,UNKNOWN,PASS_VIRTUAL_INITIAL_QC,UNASSIGNED,No adjacent-time random split; repeated story and subject grouping; train-only fitted transforms
SparrKULee,sub-061_ses-varyingStories07_task-listeningActive_run-04_desc-preproc-audio-audiobook_1_eeg.npy,sub-061,ses-varyingStories07,sub-061_ses-varyingStories07_task-listeningActive_run-04_eeg.bdf,audiobook_1,UNKNOWN,PASS_VIRTUAL_INITIAL_QC,UNASSIGNED,No adjacent-time random split; repeated story and subject grouping; train-only fitted transforms
SparrKULee,sub-061_ses-varyingStories07_task-listeningActive_run-05_desc-preproc-audio-podcast_24_eeg.npy,sub-061,ses-varyingStories07,sub-061_ses-varyingStories07_task-listeningActive_run-05_eeg.bdf,podcast_24,UNKNOWN,PASS_VIRTUAL_INITIAL_QC,UNASSIGNED,No adjacent-time random split; repeated story and subject grouping; train-only fitted transforms
SparrKULee,sub-061_ses-varyingStories07_task-listeningActive_run-07_desc-preproc-audio-podcast_26_eeg.npy,sub-061,ses-varyingStories07,sub-061_ses-varyingStories07_task-listeningActive_run-07_eeg.bdf,podcast_26,UNKNOWN,PASS_VIRTUAL_INITIAL_QC,UNASSIGNED,No adjacent-time random split; repeated story and subject grouping; train-only fitted transforms
SparrKULee,sub-061_ses-varyingStories07_task-listeningActive_run-08_desc-preproc-audio-podcast_27_eeg.npy,sub-061,ses-varyingStories07,sub-061_ses-varyingStories07_task-listeningActive_run-08_eeg.bdf,podcast_27,UNKNOWN,PASS_VIRTUAL_INITIAL_QC,UNASSIGNED,No adjacent-time random split; repeated story and subject grouping; train-only fitted transforms
SparrKULee,sub-061_ses-varyingStories07_task-listeningActive_run-09_desc-preproc-audio-podcast_25_eeg.npy,sub-061,ses-varyingStories07,sub-061_ses-varyingStories07_task-listeningActive_run-09_eeg.bdf,podcast_25,UNKNOWN,PASS_VIRTUAL_INITIAL_QC,UNASSIGNED,No adjacent-time random split; repeated story and subject grouping; train-only fitted transforms
SparrKULee,sub-062_ses-varyingStories07_task-listeningActive_run-02_desc-preproc-audio-audiobook_1_eeg.npy,sub-062,ses-varyingStories07,sub-062_ses-varyingStories07_task-listeningActive_run-02_eeg.bdf,audiobook_1,UNKNOWN,PASS_VIRTUAL_INITIAL_QC,UNASSIGNED,No adjacent-time random split; repeated story and subject grouping; train-only fitted transforms
SparrKULee,sub-062_ses-varyingStories07_task-listeningActive_run-03_desc-preproc-audio-podcast_24_eeg.npy,sub-062,ses-varyingStories07,sub-062_ses-varyingStories07_task-listeningActive_run-03_eeg.bdf,podcast_24,UNKNOWN,PASS_VIRTUAL_INITIAL_QC,UNASSIGNED,No adjacent-time random split; repeated story and subject grouping; train-only fitted transforms
SparrKULee,sub-062_ses-varyingStories07_task-listeningActive_run-04_desc-preproc-audio-podcast_26_eeg.npy,sub-062,ses-varyingStories07,sub-062_ses-varyingStories07_task-listeningActive_run-04_eeg.bdf,podcast_26,UNKNOWN,PASS_VIRTUAL_INITIAL_QC,UNASSIGNED,No adjacent-time random split; repeated story and subject grouping; train-only fitted transforms
SparrKULee,sub-062_ses-varyingStories07_task-listeningActive_run-05_desc-preproc-audio-audiobook_13_1_eeg.npy,sub-062,ses-varyingStories07,sub-062_ses-varyingStories07_task-listeningActive_run-05_eeg.bdf,audiobook_13_1,UNKNOWN,PASS_VIRTUAL_INITIAL_QC,UNASSIGNED,No adjacent-time random split; repeated story and subject grouping; train-only fitted transforms
SparrKULee,sub-062_ses-varyingStories07_task-listeningActive_run-06_desc-preproc-audio-audiobook_13_2_eeg.npy,sub-062,ses-varyingStories07,sub-062_ses-varyingStories07_task-listeningActive_run-06_eeg.bdf,audiobook_13_2,UNKNOWN,PASS_VIRTUAL_INITIAL_QC,UNASSIGNED,No adjacent-time random split; repeated story and subject grouping; train-only fitted transforms
SparrKULee,sub-062_ses-varyingStories07_task-listeningActive_run-08_desc-preproc-audio-podcast_25_eeg.npy,sub-062,ses-varyingStories07,sub-062_ses-varyingStories07_task-listeningActive_run-08_eeg.bdf,podcast_25,UNKNOWN,PASS_VIRTUAL_INITIAL_QC,UNASSIGNED,No adjacent-time random split; repeated story and subject grouping; train-only fitted transforms
SparrKULee,sub-062_ses-varyingStories07_task-listeningActive_run-09_desc-preproc-audio-podcast_27_eeg.npy,sub-062,ses-varyingStories07,sub-062_ses-varyingStories07_task-listeningActive_run-09_eeg.bdf,podcast_27,UNKNOWN,PASS_VIRTUAL_INITIAL_QC,UNASSIGNED,No adjacent-time random split; repeated story and subject grouping; train-only fitted transforms
SparrKULee,sub-063_ses-varyingStories08_task-listeningActive_run-02_desc-preproc-audio-audiobook_14_1_eeg.npy,sub-063,ses-varyingStories08,sub-063_ses-varyingStories08_task-listeningActive_run-02_eeg.bdf,audiobook_14_1,UNKNOWN,PASS_VIRTUAL_INITIAL_QC,UNASSIGNED,No adjacent-time random split; repeated story and subject grouping; train-only fitted transforms
SparrKULee,sub-063_ses-varyingStories08_task-listeningActive_run-03_desc-preproc-audio-audiobook_14_2_eeg.npy,sub-063,ses-varyingStories08,sub-063_ses-varyingStories08_task-listeningActive_run-03_eeg.bdf,audiobook_14_2,UNKNOWN,PASS_VIRTUAL_INITIAL_QC,UNASSIGNED,No adjacent-time random split; repeated story and subject grouping; train-only fitted transforms
SparrKULee,sub-063_ses-varyingStories08_task-listeningActive_run-04_desc-preproc-audio-podcast_28_eeg.npy,sub-063,ses-varyingStories08,sub-063_ses-varyingStories08_task-listeningActive_run-04_eeg.bdf,podcast_28,UNKNOWN,PASS_VIRTUAL_INITIAL_QC,UNASSIGNED,No adjacent-time random split; repeated story and subject grouping; train-only fitted transforms
SparrKULee,sub-063_ses-varyingStories08_task-listeningActive_run-05_desc-preproc-audio-audiobook_1_eeg.npy,sub-063,ses-varyingStories08,sub-063_ses-varyingStories08_task-listeningActive_run-05_eeg.bdf,audiobook_1,UNKNOWN,PASS_VIRTUAL_INITIAL_QC,UNASSIGNED,No adjacent-time random split; repeated story and subject grouping; train-only fitted transforms
SparrKULee,sub-063_ses-varyingStories08_task-listeningActive_run-06_desc-preproc-audio-podcast_30_eeg.npy,sub-063,ses-varyingStories08,sub-063_ses-varyingStories08_task-listeningActive_run-06_eeg.bdf,podcast_30,UNKNOWN,PASS_VIRTUAL_INITIAL_QC,UNASSIGNED,No adjacent-time random split; repeated story and subject grouping; train-only fitted transforms
SparrKULee,sub-063_ses-varyingStories08_task-listeningActive_run-08_desc-preproc-audio-podcast_31_eeg.npy,sub-063,ses-varyingStories08,sub-063_ses-varyingStories08_task-listeningActive_run-08_eeg.bdf,podcast_31,UNKNOWN,PASS_VIRTUAL_INITIAL_QC,UNASSIGNED,No adjacent-time random split; repeated story and subject grouping; train-only fitted transforms
SparrKULee,sub-063_ses-varyingStories08_task-listeningActive_run-09_desc-preproc-audio-podcast_29_eeg.npy,sub-063,ses-varyingStories08,sub-063_ses-varyingStories08_task-listeningActive_run-09_eeg.bdf,podcast_29,UNKNOWN,PASS_VIRTUAL_INITIAL_QC,UNASSIGNED,No adjacent-time random split; repeated story and subject grouping; train-only fitted transforms
SparrKULee,sub-064_ses-varyingStories08_task-listeningActive_run-01_desc-preproc-audio-audiobook_1_eeg.npy,sub-064,ses-varyingStories08,sub-064_ses-varyingStories08_task-listeningActive_run-01_eeg.bdf,audiobook_1,UNKNOWN,PASS_VIRTUAL_INITIAL_QC,UNASSIGNED,No adjacent-time random split; repeated story and subject grouping; train-only fitted transforms
SparrKULee,sub-064_ses-varyingStories08_task-listeningActive_run-02_desc-preproc-audio-podcast_31_eeg.npy,sub-064,ses-varyingStories08,sub-064_ses-varyingStories08_task-listeningActive_run-02_eeg.bdf,podcast_31,UNKNOWN,PASS_VIRTUAL_INITIAL_QC,UNASSIGNED,No adjacent-time random split; repeated story and subject grouping; train-only fitted transforms
SparrKULee,sub-064_ses-varyingStories08_task-listeningActive_run-03_desc-preproc-audio-podcast_30_eeg.npy,sub-064,ses-varyingStories08,sub-064_ses-varyingStories08_task-listeningActive_run-03_eeg.bdf,podcast_30,UNKNOWN,PASS_VIRTUAL_INITIAL_QC,UNASSIGNED,No adjacent-time random split; repeated story and subject grouping; train-only fitted transforms
SparrKULee,sub-064_ses-varyingStories08_task-listeningActive_run-04_desc-preproc-audio-audiobook_14_1_eeg.npy,sub-064,ses-varyingStories08,sub-064_ses-varyingStories08_task-listeningActive_run-04_eeg.bdf,audiobook_14_1,UNKNOWN,PASS_VIRTUAL_INITIAL_QC,UNASSIGNED,No adjacent-time random split; repeated story and subject grouping; train-only fitted transforms
SparrKULee,sub-064_ses-varyingStories08_task-listeningActive_run-05_desc-preproc-audio-audiobook_14_2_eeg.npy,sub-064,ses-varyingStories08,sub-064_ses-varyingStories08_task-listeningActive_run-05_eeg.bdf,audiobook_14_2,UNKNOWN,PASS_VIRTUAL_INITIAL_QC,UNASSIGNED,No adjacent-time random split; repeated story and subject grouping; train-only fitted transforms
SparrKULee,sub-064_ses-varyingStories08_task-listeningActive_run-06_desc-preproc-audio-podcast_28_eeg.npy,sub-064,ses-varyingStories08,sub-064_ses-varyingStories08_task-listeningActive_run-06_eeg.bdf,podcast_28,UNKNOWN,PASS_VIRTUAL_INITIAL_QC,UNASSIGNED,No adjacent-time random split; repeated story and subject grouping; train-only fitted transforms
SparrKULee,sub-064_ses-varyingStories08_task-listeningActive_run-09_desc-preproc-audio-podcast_29_eeg.npy,sub-064,ses-varyingStories08,sub-064_ses-varyingStories08_task-listeningActive_run-09_eeg.bdf,podcast_29,UNKNOWN,PASS_VIRTUAL_INITIAL_QC,UNASSIGNED,No adjacent-time random split; repeated story and subject grouping; train-only fitted transforms
SparrKULee,sub-065_ses-varyingStories08_task-listeningActive_run-01_desc-preproc-audio-podcast_30_eeg.npy,sub-065,ses-varyingStories08,sub-065_ses-varyingStories08_task-listeningActive_run-01_eeg.bdf,podcast_30,UNKNOWN,PASS_VIRTUAL_INITIAL_QC,UNASSIGNED,No adjacent-time random split; repeated story and subject grouping; train-only fitted transforms
SparrKULee,sub-065_ses-varyingStories08_task-listeningActive_run-02_desc-preproc-audio-audiobook_1_eeg.npy,sub-065,ses-varyingStories08,sub-065_ses-varyingStories08_task-listeningActive_run-02_eeg.bdf,audiobook_1,UNKNOWN,PASS_VIRTUAL_INITIAL_QC,UNASSIGNED,No adjacent-time random split; repeated story and subject grouping; train-only fitted transforms
SparrKULee,sub-065_ses-varyingStories08_task-listeningActive_run-03_desc-preproc-audio-audiobook_14_1_eeg.npy,sub-065,ses-varyingStories08,sub-065_ses-varyingStories08_task-listeningActive_run-03_eeg.bdf,audiobook_14_1,UNKNOWN,PASS_VIRTUAL_INITIAL_QC,UNASSIGNED,No adjacent-time random split; repeated story and subject grouping; train-only fitted transforms
SparrKULee,sub-065_ses-varyingStories08_task-listeningActive_run-04_desc-preproc-audio-audiobook_14_2_eeg.npy,sub-065,ses-varyingStories08,sub-065_ses-varyingStories08_task-listeningActive_run-04_eeg.bdf,audiobook_14_2,UNKNOWN,PASS_VIRTUAL_INITIAL_QC,UNASSIGNED,No adjacent-time random split; repeated story and subject grouping; train-only fitted transforms
SparrKULee,sub-065_ses-varyingStories08_task-listeningActive_run-05_desc-preproc-audio-podcast_29_eeg.npy,sub-065,ses-varyingStories08,sub-065_ses-varyingStories08_task-listeningActive_run-05_eeg.bdf,podcast_29,UNKNOWN,PASS_VIRTUAL_INITIAL_QC,UNASSIGNED,No adjacent-time random split; repeated story and subject grouping; train-only fitted transforms
SparrKULee,sub-065_ses-varyingStories08_task-listeningActive_run-08_desc-preproc-audio-podcast_31_eeg.npy,sub-065,ses-varyingStories08,sub-065_ses-varyingStories08_task-listeningActive_run-08_eeg.bdf,podcast_31,UNKNOWN,PASS_VIRTUAL_INITIAL_QC,UNASSIGNED,No adjacent-time random split; repeated story and subject grouping; train-only fitted transforms
SparrKULee,sub-065_ses-varyingStories08_task-listeningActive_run-09_desc-preproc-audio-podcast_28_eeg.npy,sub-065,ses-varyingStories08,sub-065_ses-varyingStories08_task-listeningActive_run-09_eeg.bdf,podcast_28,UNKNOWN,PASS_VIRTUAL_INITIAL_QC,UNASSIGNED,No adjacent-time random split; repeated story and subject grouping; train-only fitted transforms
SparrKULee,sub-066_ses-varyingStories08_task-listeningActive_run-01_desc-preproc-audio-podcast_29_eeg.npy,sub-066,ses-varyingStories08,sub-066_ses-varyingStories08_task-listeningActive_run-01_eeg.bdf,podcast_29,UNKNOWN,PASS_VIRTUAL_INITIAL_QC,UNASSIGNED,No adjacent-time random split; repeated story and subject grouping; train-only fitted transforms
SparrKULee,sub-066_ses-varyingStories08_task-listeningActive_run-02_desc-preproc-audio-audiobook_1_eeg.npy,sub-066,ses-varyingStories08,sub-066_ses-varyingStories08_task-listeningActive_run-02_eeg.bdf,audiobook_1,UNKNOWN,PASS_VIRTUAL_INITIAL_QC,UNASSIGNED,No adjacent-time random split; repeated story and subject grouping; train-only fitted transforms
SparrKULee,sub-066_ses-varyingStories08_task-listeningActive_run-03_desc-preproc-audio-audiobook_14_1_eeg.npy,sub-066,ses-varyingStories08,sub-066_ses-varyingStories08_task-listeningActive_run-03_eeg.bdf,audiobook_14_1,UNKNOWN,PASS_VIRTUAL_INITIAL_QC,UNASSIGNED,No adjacent-time random split; repeated story and subject grouping; train-only fitted transforms
SparrKULee,sub-066_ses-varyingStories08_task-listeningActive_run-04_desc-preproc-audio-audiobook_14_2_eeg.npy,sub-066,ses-varyingStories08,sub-066_ses-varyingStories08_task-listeningActive_run-04_eeg.bdf,audiobook_14_2,UNKNOWN,PASS_VIRTUAL_INITIAL_QC,UNASSIGNED,No adjacent-time random split; repeated story and subject grouping; train-only fitted transforms
SparrKULee,sub-066_ses-varyingStories08_task-listeningActive_run-07_desc-preproc-audio-podcast_31_eeg.npy,sub-066,ses-varyingStories08,sub-066_ses-varyingStories08_task-listeningActive_run-07_eeg.bdf,podcast_31,UNKNOWN,PASS_VIRTUAL_INITIAL_QC,UNASSIGNED,No adjacent-time random split; repeated story and subject grouping; train-only fitted transforms
SparrKULee,sub-066_ses-varyingStories08_task-listeningActive_run-08_desc-preproc-audio-podcast_30_eeg.npy,sub-066,ses-varyingStories08,sub-066_ses-varyingStories08_task-listeningActive_run-08_eeg.bdf,podcast_30,UNKNOWN,PASS_VIRTUAL_INITIAL_QC,UNASSIGNED,No adjacent-time random split; repeated story and subject grouping; train-only fitted transforms
SparrKULee,sub-066_ses-varyingStories08_task-listeningActive_run-09_desc-preproc-audio-podcast_28_eeg.npy,sub-066,ses-varyingStories08,sub-066_ses-varyingStories08_task-listeningActive_run-09_eeg.bdf,podcast_28,UNKNOWN,PASS_VIRTUAL_INITIAL_QC,UNASSIGNED,No adjacent-time random split; repeated story and subject grouping; train-only fitted transforms
SparrKULee,sub-067_ses-varyingStories08_task-listeningActive_run-01_desc-preproc-audio-podcast_30_eeg.npy,sub-067,ses-varyingStories08,sub-067_ses-varyingStories08_task-listeningActive_run-01_eeg.bdf,podcast_30,UNKNOWN,PASS_VIRTUAL_INITIAL_QC,UNASSIGNED,No adjacent-time random split; repeated story and subject grouping; train-only fitted transforms
SparrKULee,sub-067_ses-varyingStories08_task-listeningActive_run-02_desc-preproc-audio-audiobook_1_eeg.npy,sub-067,ses-varyingStories08,sub-067_ses-varyingStories08_task-listeningActive_run-02_eeg.bdf,audiobook_1,UNKNOWN,PASS_VIRTUAL_INITIAL_QC,UNASSIGNED,No adjacent-time random split; repeated story and subject grouping; train-only fitted transforms
SparrKULee,sub-067_ses-varyingStories08_task-listeningActive_run-03_desc-preproc-audio-audiobook_14_1_eeg.npy,sub-067,ses-varyingStories08,sub-067_ses-varyingStories08_task-listeningActive_run-03_eeg.bdf,audiobook_14_1,UNKNOWN,PASS_VIRTUAL_INITIAL_QC,UNASSIGNED,No adjacent-time random split; repeated story and subject grouping; train-only fitted transforms
SparrKULee,sub-067_ses-varyingStories08_task-listeningActive_run-04_desc-preproc-audio-audiobook_14_2_eeg.npy,sub-067,ses-varyingStories08,sub-067_ses-varyingStories08_task-listeningActive_run-04_eeg.bdf,audiobook_14_2,UNKNOWN,PASS_VIRTUAL_INITIAL_QC,UNASSIGNED,No adjacent-time random split; repeated story and subject grouping; train-only fitted transforms
SparrKULee,sub-067_ses-varyingStories08_task-listeningActive_run-05_desc-preproc-audio-podcast_29_eeg.npy,sub-067,ses-varyingStories08,sub-067_ses-varyingStories08_task-listeningActive_run-05_eeg.bdf,podcast_29,UNKNOWN,PASS_VIRTUAL_INITIAL_QC,UNASSIGNED,No adjacent-time random split; repeated story and subject grouping; train-only fitted transforms
SparrKULee,sub-067_ses-varyingStories08_task-listeningActive_run-07_desc-preproc-audio-podcast_31_eeg.npy,sub-067,ses-varyingStories08,sub-067_ses-varyingStories08_task-listeningActive_run-07_eeg.bdf,podcast_31,UNKNOWN,PASS_VIRTUAL_INITIAL_QC,UNASSIGNED,No adjacent-time random split; repeated story and subject grouping; train-only fitted transforms
SparrKULee,sub-067_ses-varyingStories08_task-listeningActive_run-08_desc-preproc-audio-podcast_28_eeg.npy,sub-067,ses-varyingStories08,sub-067_ses-varyingStories08_task-listeningActive_run-08_eeg.bdf,podcast_28,UNKNOWN,PASS_VIRTUAL_INITIAL_QC,UNASSIGNED,No adjacent-time random split; repeated story and subject grouping; train-only fitted transforms
SparrKULee,sub-068_ses-varyingStories08_task-listeningActive_run-02_desc-preproc-audio-audiobook_1_eeg.npy,sub-068,ses-varyingStories08,sub-068_ses-varyingStories08_task-listeningActive_run-02_eeg.bdf,audiobook_1,UNKNOWN,PASS_VIRTUAL_INITIAL_QC,UNASSIGNED,No adjacent-time random split; repeated story and subject grouping; train-only fitted transforms
SparrKULee,sub-068_ses-varyingStories08_task-listeningActive_run-03_desc-preproc-audio-podcast_29_eeg.npy,sub-068,ses-varyingStories08,sub-068_ses-varyingStories08_task-listeningActive_run-03_eeg.bdf,podcast_29,UNKNOWN,PASS_VIRTUAL_INITIAL_QC,UNASSIGNED,No adjacent-time random split; repeated story and subject grouping; train-only fitted transforms
SparrKULee,sub-068_ses-varyingStories08_task-listeningActive_run-04_desc-preproc-audio-podcast_31_eeg.npy,sub-068,ses-varyingStories08,sub-068_ses-varyingStories08_task-listeningActive_run-04_eeg.bdf,podcast_31,UNKNOWN,PASS_VIRTUAL_INITIAL_QC,UNASSIGNED,No adjacent-time random split; repeated story and subject grouping; train-only fitted transforms
SparrKULee,sub-068_ses-varyingStories08_task-listeningActive_run-05_desc-preproc-audio-audiobook_14_1_eeg.npy,sub-068,ses-varyingStories08,sub-068_ses-varyingStories08_task-listeningActive_run-05_eeg.bdf,audiobook_14_1,UNKNOWN,PASS_VIRTUAL_INITIAL_QC,UNASSIGNED,No adjacent-time random split; repeated story and subject grouping; train-only fitted transforms
SparrKULee,sub-068_ses-varyingStories08_task-listeningActive_run-06_desc-preproc-audio-audiobook_14_2_eeg.npy,sub-068,ses-varyingStories08,sub-068_ses-varyingStories08_task-listeningActive_run-06_eeg.bdf,audiobook_14_2,UNKNOWN,PASS_VIRTUAL_INITIAL_QC,UNASSIGNED,No adjacent-time random split; repeated story and subject grouping; train-only fitted transforms
SparrKULee,sub-068_ses-varyingStories08_task-listeningActive_run-07_desc-preproc-audio-podcast_30_eeg.npy,sub-068,ses-varyingStories08,sub-068_ses-varyingStories08_task-listeningActive_run-07_eeg.bdf,podcast_30,UNKNOWN,PASS_VIRTUAL_INITIAL_QC,UNASSIGNED,No adjacent-time random split; repeated story and subject grouping; train-only fitted transforms
SparrKULee,sub-068_ses-varyingStories08_task-listeningActive_run-09_desc-preproc-audio-podcast_28_eeg.npy,sub-068,ses-varyingStories08,sub-068_ses-varyingStories08_task-listeningActive_run-09_eeg.bdf,podcast_28,UNKNOWN,PASS_VIRTUAL_INITIAL_QC,UNASSIGNED,No adjacent-time random split; repeated story and subject grouping; train-only fitted transforms
SparrKULee,sub-069_ses-varyingStories08_task-listeningActive_run-01_desc-preproc-audio-podcast_29_eeg.npy,sub-069,ses-varyingStories08,sub-069_ses-varyingStories08_task-listeningActive_run-01_eeg.bdf,podcast_29,UNKNOWN,PASS_VIRTUAL_INITIAL_QC,UNASSIGNED,No adjacent-time random split; repeated story and subject grouping; train-only fitted transforms
SparrKULee,sub-069_ses-varyingStories08_task-listeningActive_run-03_desc-preproc-audio-audiobook_14_1_eeg.npy,sub-069,ses-varyingStories08,sub-069_ses-varyingStories08_task-listeningActive_run-03_eeg.bdf,audiobook_14_1,UNKNOWN,PASS_VIRTUAL_INITIAL_QC,UNASSIGNED,No adjacent-time random split; repeated story and subject grouping; train-only fitted transforms
SparrKULee,sub-069_ses-varyingStories08_task-listeningActive_run-04_desc-preproc-audio-audiobook_14_2_eeg.npy,sub-069,ses-varyingStories08,sub-069_ses-varyingStories08_task-listeningActive_run-04_eeg.bdf,audiobook_14_2,UNKNOWN,PASS_VIRTUAL_INITIAL_QC,UNASSIGNED,No adjacent-time random split; repeated story and subject grouping; train-only fitted transforms
SparrKULee,sub-069_ses-varyingStories08_task-listeningActive_run-06_desc-preproc-audio-podcast_28_eeg.npy,sub-069,ses-varyingStories08,sub-069_ses-varyingStories08_task-listeningActive_run-06_eeg.bdf,podcast_28,UNKNOWN,PASS_VIRTUAL_INITIAL_QC,UNASSIGNED,No adjacent-time random split; repeated story and subject grouping; train-only fitted transforms
SparrKULee,sub-069_ses-varyingStories08_task-listeningActive_run-07_desc-preproc-audio-podcast_30_eeg.npy,sub-069,ses-varyingStories08,sub-069_ses-varyingStories08_task-listeningActive_run-07_eeg.bdf,podcast_30,UNKNOWN,PASS_VIRTUAL_INITIAL_QC,UNASSIGNED,No adjacent-time random split; repeated story and subject grouping; train-only fitted transforms
SparrKULee,sub-069_ses-varyingStories08_task-listeningActive_run-08_desc-preproc-audio-podcast_31_eeg.npy,sub-069,ses-varyingStories08,sub-069_ses-varyingStories08_task-listeningActive_run-08_eeg.bdf,podcast_31,UNKNOWN,PASS_VIRTUAL_INITIAL_QC,UNASSIGNED,No adjacent-time random split; repeated story and subject grouping; train-only fitted transforms
SparrKULee,sub-069_ses-varyingStories08_task-listeningActive_run-09_desc-preproc-audio-audiobook_1_eeg.npy,sub-069,ses-varyingStories08,sub-069_ses-varyingStories08_task-listeningActive_run-09_eeg.bdf,audiobook_1,UNKNOWN,PASS_VIRTUAL_INITIAL_QC,UNASSIGNED,No adjacent-time random split; repeated story and subject grouping; train-only fitted transforms
SparrKULee,sub-070_ses-varyingStories08_task-listeningActive_run-03_desc-preproc-audio-podcast_28_eeg.npy,sub-070,ses-varyingStories08,sub-070_ses-varyingStories08_task-listeningActive_run-03_eeg.bdf,podcast_28,UNKNOWN,PASS_VIRTUAL_INITIAL_QC,UNASSIGNED,No adjacent-time random split; repeated story and subject grouping; train-only fitted transforms
SparrKULee,sub-070_ses-varyingStories08_task-listeningActive_run-04_desc-preproc-audio-podcast_30_eeg.npy,sub-070,ses-varyingStories08,sub-070_ses-varyingStories08_task-listeningActive_run-04_eeg.bdf,podcast_30,UNKNOWN,PASS_VIRTUAL_INITIAL_QC,UNASSIGNED,No adjacent-time random split; repeated story and subject grouping; train-only fitted transforms
SparrKULee,sub-070_ses-varyingStories08_task-listeningActive_run-05_desc-preproc-audio-audiobook_14_1_eeg.npy,sub-070,ses-varyingStories08,sub-070_ses-varyingStories08_task-listeningActive_run-05_eeg.bdf,audiobook_14_1,UNKNOWN,PASS_VIRTUAL_INITIAL_QC,UNASSIGNED,No adjacent-time random split; repeated story and subject grouping; train-only fitted transforms
SparrKULee,sub-070_ses-varyingStories08_task-listeningActive_run-06_desc-preproc-audio-audiobook_14_2_eeg.npy,sub-070,ses-varyingStories08,sub-070_ses-varyingStories08_task-listeningActive_run-06_eeg.bdf,audiobook_14_2,UNKNOWN,PASS_VIRTUAL_INITIAL_QC,UNASSIGNED,No adjacent-time random split; repeated story and subject grouping; train-only fitted transforms
SparrKULee,sub-070_ses-varyingStories08_task-listeningActive_run-07_desc-preproc-audio-podcast_31_eeg.npy,sub-070,ses-varyingStories08,sub-070_ses-varyingStories08_task-listeningActive_run-07_eeg.bdf,podcast_31,UNKNOWN,PASS_VIRTUAL_INITIAL_QC,UNASSIGNED,No adjacent-time random split; repeated story and subject grouping; train-only fitted transforms
SparrKULee,sub-070_ses-varyingStories08_task-listeningActive_run-08_desc-preproc-audio-audiobook_1_eeg.npy,sub-070,ses-varyingStories08,sub-070_ses-varyingStories08_task-listeningActive_run-08_eeg.bdf,audiobook_1,UNKNOWN,PASS_VIRTUAL_INITIAL_QC,UNASSIGNED,No adjacent-time random split; repeated story and subject grouping; train-only fitted transforms
SparrKULee,sub-070_ses-varyingStories08_task-listeningActive_run-09_desc-preproc-audio-podcast_29_eeg.npy,sub-070,ses-varyingStories08,sub-070_ses-varyingStories08_task-listeningActive_run-09_eeg.bdf,podcast_29,UNKNOWN,PASS_VIRTUAL_INITIAL_QC,UNASSIGNED,No adjacent-time random split; repeated story and subject grouping; train-only fitted transforms
SparrKULee,sub-071_ses-varyingStories08_task-listeningActive_run-01_desc-preproc-audio-audiobook_1_eeg.npy,sub-071,ses-varyingStories08,sub-071_ses-varyingStories08_task-listeningActive_run-01_eeg.bdf,audiobook_1,UNKNOWN,PASS_VIRTUAL_INITIAL_QC,UNASSIGNED,No adjacent-time random split; repeated story and subject grouping; train-only fitted transforms
SparrKULee,sub-071_ses-varyingStories08_task-listeningActive_run-02_desc-preproc-audio-podcast_29_eeg.npy,sub-071,ses-varyingStories08,sub-071_ses-varyingStories08_task-listeningActive_run-02_eeg.bdf,podcast_29,UNKNOWN,PASS_VIRTUAL_INITIAL_QC,UNASSIGNED,No adjacent-time random split; repeated story and subject grouping; train-only fitted transforms
SparrKULee,sub-071_ses-varyingStories08_task-listeningActive_run-03_desc-preproc-audio-podcast_30_eeg.npy,sub-071,ses-varyingStories08,sub-071_ses-varyingStories08_task-listeningActive_run-03_eeg.bdf,podcast_30,UNKNOWN,PASS_VIRTUAL_INITIAL_QC,UNASSIGNED,No adjacent-time random split; repeated story and subject grouping; train-only fitted transforms
SparrKULee,sub-071_ses-varyingStories08_task-listeningActive_run-04_desc-preproc-audio-podcast_28_eeg.npy,sub-071,ses-varyingStories08,sub-071_ses-varyingStories08_task-listeningActive_run-04_eeg.bdf,podcast_28,UNKNOWN,PASS_VIRTUAL_INITIAL_QC,UNASSIGNED,No adjacent-time random split; repeated story and subject grouping; train-only fitted transforms
SparrKULee,sub-071_ses-varyingStories08_task-listeningActive_run-06_desc-preproc-audio-podcast_31_eeg.npy,sub-071,ses-varyingStories08,sub-071_ses-varyingStories08_task-listeningActive_run-06_eeg.bdf,podcast_31,UNKNOWN,PASS_VIRTUAL_INITIAL_QC,UNASSIGNED,No adjacent-time random split; repeated story and subject grouping; train-only fitted transforms
SparrKULee,sub-071_ses-varyingStories08_task-listeningActive_run-07_desc-preproc-audio-audiobook_14_1_eeg.npy,sub-071,ses-varyingStories08,sub-071_ses-varyingStories08_task-listeningActive_run-07_eeg.bdf,audiobook_14_1,UNKNOWN,PASS_VIRTUAL_INITIAL_QC,UNASSIGNED,No adjacent-time random split; repeated story and subject grouping; train-only fitted transforms
SparrKULee,sub-071_ses-varyingStories08_task-listeningActive_run-08_desc-preproc-audio-audiobook_14_2_eeg.npy,sub-071,ses-varyingStories08,sub-071_ses-varyingStories08_task-listeningActive_run-08_eeg.bdf,audiobook_14_2,UNKNOWN,PASS_VIRTUAL_INITIAL_QC,UNASSIGNED,No adjacent-time random split; repeated story and subject grouping; train-only fitted transforms
SparrKULee,sub-072_ses-varyingStories09_task-listeningActive_run-01_desc-preproc-audio-podcast_32_eeg.npy,sub-072,ses-varyingStories09,sub-072_ses-varyingStories09_task-listeningActive_run-01_eeg.bdf,podcast_32,UNKNOWN,PASS_VIRTUAL_INITIAL_QC,UNASSIGNED,No adjacent-time random split; repeated story and subject grouping; train-only fitted transforms
SparrKULee,sub-072_ses-varyingStories09_task-listeningActive_run-02_desc-preproc-audio-audiobook_14_1_eeg.npy,sub-072,ses-varyingStories09,sub-072_ses-varyingStories09_task-listeningActive_run-02_eeg.bdf,audiobook_14_1,UNKNOWN,PASS_VIRTUAL_INITIAL_QC,UNASSIGNED,No adjacent-time random split; repeated story and subject grouping; train-only fitted transforms
SparrKULee,sub-072_ses-varyingStories09_task-listeningActive_run-03_desc-preproc-audio-audiobook_14_2_eeg.npy,sub-072,ses-varyingStories09,sub-072_ses-varyingStories09_task-listeningActive_run-03_eeg.bdf,audiobook_14_2,UNKNOWN,PASS_VIRTUAL_INITIAL_QC,UNASSIGNED,No adjacent-time random split; repeated story and subject grouping; train-only fitted transforms
SparrKULee,sub-072_ses-varyingStories09_task-listeningActive_run-04_desc-preproc-audio-podcast_34_eeg.npy,sub-072,ses-varyingStories09,sub-072_ses-varyingStories09_task-listeningActive_run-04_eeg.bdf,podcast_34,UNKNOWN,PASS_VIRTUAL_INITIAL_QC,UNASSIGNED,No adjacent-time random split; repeated story and subject grouping; train-only fitted transforms
SparrKULee,sub-072_ses-varyingStories09_task-listeningActive_run-06_desc-preproc-audio-audiobook_1_eeg.npy,sub-072,ses-varyingStories09,sub-072_ses-varyingStories09_task-listeningActive_run-06_eeg.bdf,audiobook_1,UNKNOWN,PASS_VIRTUAL_INITIAL_QC,UNASSIGNED,No adjacent-time random split; repeated story and subject grouping; train-only fitted transforms
SparrKULee,sub-072_ses-varyingStories09_task-listeningActive_run-07_desc-preproc-audio-podcast_33_eeg.npy,sub-072,ses-varyingStories09,sub-072_ses-varyingStories09_task-listeningActive_run-07_eeg.bdf,podcast_33,UNKNOWN,PASS_VIRTUAL_INITIAL_QC,UNASSIGNED,No adjacent-time random split; repeated story and subject grouping; train-only fitted transforms
SparrKULee,sub-073_ses-varyingStories09_task-listeningActive_run-02_desc-preproc-audio-podcast_33_eeg.npy,sub-073,ses-varyingStories09,sub-073_ses-varyingStories09_task-listeningActive_run-02_eeg.bdf,podcast_33,UNKNOWN,PASS_VIRTUAL_INITIAL_QC,UNASSIGNED,No adjacent-time random split; repeated story and subject grouping; train-only fitted transforms
SparrKULee,sub-073_ses-varyingStories09_task-listeningActive_run-03_desc-preproc-audio-audiobook_14_1_eeg.npy,sub-073,ses-varyingStories09,sub-073_ses-varyingStories09_task-listeningActive_run-03_eeg.bdf,audiobook_14_1,UNKNOWN,PASS_VIRTUAL_INITIAL_QC,UNASSIGNED,No adjacent-time random split; repeated story and subject grouping; train-only fitted transforms
SparrKULee,sub-073_ses-varyingStories09_task-listeningActive_run-04_desc-preproc-audio-audiobook_14_2_eeg.npy,sub-073,ses-varyingStories09,sub-073_ses-varyingStories09_task-listeningActive_run-04_eeg.bdf,audiobook_14_2,UNKNOWN,PASS_VIRTUAL_INITIAL_QC,UNASSIGNED,No adjacent-time random split; repeated story and subject grouping; train-only fitted transforms
SparrKULee,sub-073_ses-varyingStories09_task-listeningActive_run-06_desc-preproc-audio-audiobook_1_eeg.npy,sub-073,ses-varyingStories09,sub-073_ses-varyingStories09_task-listeningActive_run-06_eeg.bdf,audiobook_1,UNKNOWN,PASS_VIRTUAL_INITIAL_QC,UNASSIGNED,No adjacent-time random split; repeated story and subject grouping; train-only fitted transforms
SparrKULee,sub-073_ses-varyingStories09_task-listeningActive_run-07_desc-preproc-audio-podcast_34_eeg.npy,sub-073,ses-varyingStories09,sub-073_ses-varyingStories09_task-listeningActive_run-07_eeg.bdf,podcast_34,UNKNOWN,PASS_VIRTUAL_INITIAL_QC,UNASSIGNED,No adjacent-time random split; repeated story and subject grouping; train-only fitted transforms
SparrKULee,sub-073_ses-varyingStories09_task-listeningActive_run-08_desc-preproc-audio-podcast_32_eeg.npy,sub-073,ses-varyingStories09,sub-073_ses-varyingStories09_task-listeningActive_run-08_eeg.bdf,podcast_32,UNKNOWN,PASS_VIRTUAL_INITIAL_QC,UNASSIGNED,No adjacent-time random split; repeated story and subject grouping; train-only fitted transforms
SparrKULee,sub-074_ses-varyingStories09_task-listeningActive_run-03_desc-preproc-audio-audiobook_14_1_eeg.npy,sub-074,ses-varyingStories09,sub-074_ses-varyingStories09_task-listeningActive_run-03_eeg.bdf,audiobook_14_1,UNKNOWN,PASS_VIRTUAL_INITIAL_QC,UNASSIGNED,No adjacent-time random split; repeated story and subject grouping; train-only fitted transforms
SparrKULee,sub-074_ses-varyingStories09_task-listeningActive_run-04_desc-preproc-audio-audiobook_14_2_eeg.npy,sub-074,ses-varyingStories09,sub-074_ses-varyingStories09_task-listeningActive_run-04_eeg.bdf,audiobook_14_2,UNKNOWN,PASS_VIRTUAL_INITIAL_QC,UNASSIGNED,No adjacent-time random split; repeated story and subject grouping; train-only fitted transforms
SparrKULee,sub-074_ses-varyingStories09_task-listeningActive_run-05_desc-preproc-audio-podcast_33_eeg.npy,sub-074,ses-varyingStories09,sub-074_ses-varyingStories09_task-listeningActive_run-05_eeg.bdf,podcast_33,UNKNOWN,PASS_VIRTUAL_INITIAL_QC,UNASSIGNED,No adjacent-time random split; repeated story and subject grouping; train-only fitted transforms
SparrKULee,sub-074_ses-varyingStories09_task-listeningActive_run-06_desc-preproc-audio-audiobook_1_eeg.npy,sub-074,ses-varyingStories09,sub-074_ses-varyingStories09_task-listeningActive_run-06_eeg.bdf,audiobook_1,UNKNOWN,PASS_VIRTUAL_INITIAL_QC,UNASSIGNED,No adjacent-time random split; repeated story and subject grouping; train-only fitted transforms
SparrKULee,sub-074_ses-varyingStories09_task-listeningActive_run-07_desc-preproc-audio-podcast_32_eeg.npy,sub-074,ses-varyingStories09,sub-074_ses-varyingStories09_task-listeningActive_run-07_eeg.bdf,podcast_32,UNKNOWN,PASS_VIRTUAL_INITIAL_QC,UNASSIGNED,No adjacent-time random split; repeated story and subject grouping; train-only fitted transforms
SparrKULee,sub-074_ses-varyingStories09_task-listeningActive_run-08_desc-preproc-audio-podcast_34_eeg.npy,sub-074,ses-varyingStories09,sub-074_ses-varyingStories09_task-listeningActive_run-08_eeg.bdf,podcast_34,UNKNOWN,PASS_VIRTUAL_INITIAL_QC,UNASSIGNED,No adjacent-time random split; repeated story and subject grouping; train-only fitted transforms
SparrKULee,sub-075_ses-varyingStories09_task-listeningActive_run-01_desc-preproc-audio-podcast_33_eeg.npy,sub-075,ses-varyingStories09,sub-075_ses-varyingStories09_task-listeningActive_run-01_eeg.bdf,podcast_33,UNKNOWN,PASS_VIRTUAL_INITIAL_QC,UNASSIGNED,No adjacent-time random split; repeated story and subject grouping; train-only fitted transforms
SparrKULee,sub-075_ses-varyingStories09_task-listeningActive_run-02_desc-preproc-audio-audiobook_14_1_eeg.npy,sub-075,ses-varyingStories09,sub-075_ses-varyingStories09_task-listeningActive_run-02_eeg.bdf,audiobook_14_1,UNKNOWN,PASS_VIRTUAL_INITIAL_QC,UNASSIGNED,No adjacent-time random split; repeated story and subject grouping; train-only fitted transforms
SparrKULee,sub-075_ses-varyingStories09_task-listeningActive_run-03_desc-preproc-audio-audiobook_14_2_eeg.npy,sub-075,ses-varyingStories09,sub-075_ses-varyingStories09_task-listeningActive_run-03_eeg.bdf,audiobook_14_2,UNKNOWN,PASS_VIRTUAL_INITIAL_QC,UNASSIGNED,No adjacent-time random split; repeated story and subject grouping; train-only fitted transforms
SparrKULee,sub-075_ses-varyingStories09_task-listeningActive_run-04_desc-preproc-audio-podcast_34_eeg.npy,sub-075,ses-varyingStories09,sub-075_ses-varyingStories09_task-listeningActive_run-04_eeg.bdf,podcast_34,UNKNOWN,PASS_VIRTUAL_INITIAL_QC,UNASSIGNED,No adjacent-time random split; repeated story and subject grouping; train-only fitted transforms
SparrKULee,sub-075_ses-varyingStories09_task-listeningActive_run-07_desc-preproc-audio-audiobook_1_eeg.npy,sub-075,ses-varyingStories09,sub-075_ses-varyingStories09_task-listeningActive_run-07_eeg.bdf,audiobook_1,UNKNOWN,PASS_VIRTUAL_INITIAL_QC,UNASSIGNED,No adjacent-time random split; repeated story and subject grouping; train-only fitted transforms
SparrKULee,sub-075_ses-varyingStories09_task-listeningActive_run-08_desc-preproc-audio-podcast_32_eeg.npy,sub-075,ses-varyingStories09,sub-075_ses-varyingStories09_task-listeningActive_run-08_eeg.bdf,podcast_32,UNKNOWN,PASS_VIRTUAL_INITIAL_QC,UNASSIGNED,No adjacent-time random split; repeated story and subject grouping; train-only fitted transforms
SparrKULee,sub-076_ses-varyingStories09_task-listeningActive_run-01_desc-preproc-audio-audiobook_1_eeg.npy,sub-076,ses-varyingStories09,sub-076_ses-varyingStories09_task-listeningActive_run-01_eeg.bdf,audiobook_1,UNKNOWN,PASS_VIRTUAL_INITIAL_QC,UNASSIGNED,No adjacent-time random split; repeated story and subject grouping; train-only fitted transforms
SparrKULee,sub-076_ses-varyingStories09_task-listeningActive_run-03_desc-preproc-audio-podcast_32_eeg.npy,sub-076,ses-varyingStories09,sub-076_ses-varyingStories09_task-listeningActive_run-03_eeg.bdf,podcast_32,UNKNOWN,PASS_VIRTUAL_INITIAL_QC,UNASSIGNED,No adjacent-time random split; repeated story and subject grouping; train-only fitted transforms
SparrKULee,sub-076_ses-varyingStories09_task-listeningActive_run-04_desc-preproc-audio-podcast_33_eeg.npy,sub-076,ses-varyingStories09,sub-076_ses-varyingStories09_task-listeningActive_run-04_eeg.bdf,podcast_33,UNKNOWN,PASS_VIRTUAL_INITIAL_QC,UNASSIGNED,No adjacent-time random split; repeated story and subject grouping; train-only fitted transforms
SparrKULee,sub-076_ses-varyingStories09_task-listeningActive_run-05_desc-preproc-audio-audiobook_14_1_eeg.npy,sub-076,ses-varyingStories09,sub-076_ses-varyingStories09_task-listeningActive_run-05_eeg.bdf,audiobook_14_1,UNKNOWN,PASS_VIRTUAL_INITIAL_QC,UNASSIGNED,No adjacent-time random split; repeated story and subject grouping; train-only fitted transforms
SparrKULee,sub-076_ses-varyingStories09_task-listeningActive_run-06_desc-preproc-audio-audiobook_14_2_eeg.npy,sub-076,ses-varyingStories09,sub-076_ses-varyingStories09_task-listeningActive_run-06_eeg.bdf,audiobook_14_2,UNKNOWN,PASS_VIRTUAL_INITIAL_QC,UNASSIGNED,No adjacent-time random split; repeated story and subject grouping; train-only fitted transforms
SparrKULee,sub-076_ses-varyingStories09_task-listeningActive_run-08_desc-preproc-audio-podcast_34_eeg.npy,sub-076,ses-varyingStories09,sub-076_ses-varyingStories09_task-listeningActive_run-08_eeg.bdf,podcast_34,UNKNOWN,PASS_VIRTUAL_INITIAL_QC,UNASSIGNED,No adjacent-time random split; repeated story and subject grouping; train-only fitted transforms
SparrKULee,sub-077_ses-varyingStories09_task-listeningActive_run-04_desc-preproc-audio-audiobook_14_1_eeg.npy,sub-077,ses-varyingStories09,sub-077_ses-varyingStories09_task-listeningActive_run-04_eeg.bdf,audiobook_14_1,UNKNOWN,PASS_VIRTUAL_INITIAL_QC,UNASSIGNED,No adjacent-time random split; repeated story and subject grouping; train-only fitted transforms
SparrKULee,sub-077_ses-varyingStories09_task-listeningActive_run-05_desc-preproc-audio-audiobook_14_2_eeg.npy,sub-077,ses-varyingStories09,sub-077_ses-varyingStories09_task-listeningActive_run-05_eeg.bdf,audiobook_14_2,UNKNOWN,PASS_VIRTUAL_INITIAL_QC,UNASSIGNED,No adjacent-time random split; repeated story and subject grouping; train-only fitted transforms
SparrKULee,sub-077_ses-varyingStories09_task-listeningActive_run-06_desc-preproc-audio-podcast_34_eeg.npy,sub-077,ses-varyingStories09,sub-077_ses-varyingStories09_task-listeningActive_run-06_eeg.bdf,podcast_34,UNKNOWN,PASS_VIRTUAL_INITIAL_QC,UNASSIGNED,No adjacent-time random split; repeated story and subject grouping; train-only fitted transforms
SparrKULee,sub-078_ses-varyingStories09_task-listeningActive_run-01_desc-preproc-audio-audiobook_1_eeg.npy,sub-078,ses-varyingStories09,sub-078_ses-varyingStories09_task-listeningActive_run-01_eeg.bdf,audiobook_1,UNKNOWN,PASS_VIRTUAL_INITIAL_QC,UNASSIGNED,No adjacent-time random split; repeated story and subject grouping; train-only fitted transforms
SparrKULee,sub-078_ses-varyingStories09_task-listeningActive_run-03_desc-preproc-audio-audiobook_14_1_eeg.npy,sub-078,ses-varyingStories09,sub-078_ses-varyingStories09_task-listeningActive_run-03_eeg.bdf,audiobook_14_1,UNKNOWN,PASS_VIRTUAL_INITIAL_QC,UNASSIGNED,No adjacent-time random split; repeated story and subject grouping; train-only fitted transforms
SparrKULee,sub-078_ses-varyingStories09_task-listeningActive_run-04_desc-preproc-audio-audiobook_14_2_eeg.npy,sub-078,ses-varyingStories09,sub-078_ses-varyingStories09_task-listeningActive_run-04_eeg.bdf,audiobook_14_2,UNKNOWN,PASS_VIRTUAL_INITIAL_QC,UNASSIGNED,No adjacent-time random split; repeated story and subject grouping; train-only fitted transforms
SparrKULee,sub-078_ses-varyingStories09_task-listeningActive_run-05_desc-preproc-audio-podcast_32_eeg.npy,sub-078,ses-varyingStories09,sub-078_ses-varyingStories09_task-listeningActive_run-05_eeg.bdf,podcast_32,UNKNOWN,PASS_VIRTUAL_INITIAL_QC,UNASSIGNED,No adjacent-time random split; repeated story and subject grouping; train-only fitted transforms
SparrKULee,sub-078_ses-varyingStories09_task-listeningActive_run-06_desc-preproc-audio-podcast_34_eeg.npy,sub-078,ses-varyingStories09,sub-078_ses-varyingStories09_task-listeningActive_run-06_eeg.bdf,podcast_34,UNKNOWN,PASS_VIRTUAL_INITIAL_QC,UNASSIGNED,No adjacent-time random split; repeated story and subject grouping; train-only fitted transforms
SparrKULee,sub-078_ses-varyingStories09_task-listeningActive_run-08_desc-preproc-audio-podcast_33_eeg.npy,sub-078,ses-varyingStories09,sub-078_ses-varyingStories09_task-listeningActive_run-08_eeg.bdf,podcast_33,UNKNOWN,PASS_VIRTUAL_INITIAL_QC,UNASSIGNED,No adjacent-time random split; repeated story and subject grouping; train-only fitted transforms
SparrKULee,sub-079_ses-varyingStories10_task-listeningActive_run-01_desc-preproc-audio-audiobook_14_1_eeg.npy,sub-079,ses-varyingStories10,sub-079_ses-varyingStories10_task-listeningActive_run-01_eeg.bdf,audiobook_14_1,UNKNOWN,PASS_VIRTUAL_INITIAL_QC,UNASSIGNED,No adjacent-time random split; repeated story and subject grouping; train-only fitted transforms
SparrKULee,sub-079_ses-varyingStories10_task-listeningActive_run-02_desc-preproc-audio-audiobook_14_2_eeg.npy,sub-079,ses-varyingStories10,sub-079_ses-varyingStories10_task-listeningActive_run-02_eeg.bdf,audiobook_14_2,UNKNOWN,PASS_VIRTUAL_INITIAL_QC,UNASSIGNED,No adjacent-time random split; repeated story and subject grouping; train-only fitted transforms
SparrKULee,sub-079_ses-varyingStories10_task-listeningActive_run-03_desc-preproc-audio-podcast_36_eeg.npy,sub-079,ses-varyingStories10,sub-079_ses-varyingStories10_task-listeningActive_run-03_eeg.bdf,podcast_36,UNKNOWN,PASS_VIRTUAL_INITIAL_QC,UNASSIGNED,No adjacent-time random split; repeated story and subject grouping; train-only fitted transforms
SparrKULee,sub-079_ses-varyingStories10_task-listeningActive_run-05_desc-preproc-audio-audiobook_1_eeg.npy,sub-079,ses-varyingStories10,sub-079_ses-varyingStories10_task-listeningActive_run-05_eeg.bdf,audiobook_1,UNKNOWN,PASS_VIRTUAL_INITIAL_QC,UNASSIGNED,No adjacent-time random split; repeated story and subject grouping; train-only fitted transforms
SparrKULee,sub-079_ses-varyingStories10_task-listeningActive_run-07_desc-preproc-audio-podcast_37_eeg.npy,sub-079,ses-varyingStories10,sub-079_ses-varyingStories10_task-listeningActive_run-07_eeg.bdf,podcast_37,UNKNOWN,PASS_VIRTUAL_INITIAL_QC,UNASSIGNED,No adjacent-time random split; repeated story and subject grouping; train-only fitted transforms
SparrKULee,sub-079_ses-varyingStories10_task-listeningActive_run-08_desc-preproc-audio-podcast_35_eeg.npy,sub-079,ses-varyingStories10,sub-079_ses-varyingStories10_task-listeningActive_run-08_eeg.bdf,podcast_35,UNKNOWN,PASS_VIRTUAL_INITIAL_QC,UNASSIGNED,No adjacent-time random split; repeated story and subject grouping; train-only fitted transforms
SparrKULee,sub-080_ses-varyingStories10_task-listeningActive_run-02_desc-preproc-audio-audiobook_14_1_eeg.npy,sub-080,ses-varyingStories10,sub-080_ses-varyingStories10_task-listeningActive_run-02_eeg.bdf,audiobook_14_1,UNKNOWN,PASS_VIRTUAL_INITIAL_QC,UNASSIGNED,No adjacent-time random split; repeated story and subject grouping; train-only fitted transforms
SparrKULee,sub-080_ses-varyingStories10_task-listeningActive_run-03_desc-preproc-audio-audiobook_14_2_eeg.npy,sub-080,ses-varyingStories10,sub-080_ses-varyingStories10_task-listeningActive_run-03_eeg.bdf,audiobook_14_2,UNKNOWN,PASS_VIRTUAL_INITIAL_QC,UNASSIGNED,No adjacent-time random split; repeated story and subject grouping; train-only fitted transforms
SparrKULee,sub-080_ses-varyingStories10_task-listeningActive_run-05_desc-preproc-audio-podcast_36_eeg.npy,sub-080,ses-varyingStories10,sub-080_ses-varyingStories10_task-listeningActive_run-05_eeg.bdf,podcast_36,UNKNOWN,PASS_VIRTUAL_INITIAL_QC,UNASSIGNED,No adjacent-time random split; repeated story and subject grouping; train-only fitted transforms
SparrKULee,sub-080_ses-varyingStories10_task-listeningActive_run-06_desc-preproc-audio-audiobook_1_eeg.npy,sub-080,ses-varyingStories10,sub-080_ses-varyingStories10_task-listeningActive_run-06_eeg.bdf,audiobook_1,UNKNOWN,PASS_VIRTUAL_INITIAL_QC,UNASSIGNED,No adjacent-time random split; repeated story and subject grouping; train-only fitted transforms
SparrKULee,sub-080_ses-varyingStories10_task-listeningActive_run-07_desc-preproc-audio-podcast_37_eeg.npy,sub-080,ses-varyingStories10,sub-080_ses-varyingStories10_task-listeningActive_run-07_eeg.bdf,podcast_37,UNKNOWN,PASS_VIRTUAL_INITIAL_QC,UNASSIGNED,No adjacent-time random split; repeated story and subject grouping; train-only fitted transforms
SparrKULee,sub-080_ses-varyingStories10_task-listeningActive_run-08_desc-preproc-audio-podcast_35_eeg.npy,sub-080,ses-varyingStories10,sub-080_ses-varyingStories10_task-listeningActive_run-08_eeg.bdf,podcast_35,UNKNOWN,PASS_VIRTUAL_INITIAL_QC,UNASSIGNED,No adjacent-time random split; repeated story and subject grouping; train-only fitted transforms
SparrKULee,sub-081_ses-varyingStories10_task-listeningActive_run-01_desc-preproc-audio-podcast_37_eeg.npy,sub-081,ses-varyingStories10,sub-081_ses-varyingStories10_task-listeningActive_run-01_eeg.bdf,podcast_37,UNKNOWN,PASS_VIRTUAL_INITIAL_QC,UNASSIGNED,No adjacent-time random split; repeated story and subject grouping; train-only fitted transforms
SparrKULee,sub-081_ses-varyingStories10_task-listeningActive_run-07_desc-preproc-audio-podcast_36_eeg.npy,sub-081,ses-varyingStories10,sub-081_ses-varyingStories10_task-listeningActive_run-07_eeg.bdf,podcast_36,UNKNOWN,PASS_VIRTUAL_INITIAL_QC,UNASSIGNED,No adjacent-time random split; repeated story and subject grouping; train-only fitted transforms
SparrKULee,sub-081_ses-varyingStories10_task-listeningActive_run-08_desc-preproc-audio-audiobook_1_eeg.npy,sub-081,ses-varyingStories10,sub-081_ses-varyingStories10_task-listeningActive_run-08_eeg.bdf,audiobook_1,UNKNOWN,PASS_VIRTUAL_INITIAL_QC,UNASSIGNED,No adjacent-time random split; repeated story and subject grouping; train-only fitted transforms
SparrKULee,sub-082_ses-varyingStories10_task-listeningActive_run-01_desc-preproc-audio-audiobook_14_1_eeg.npy,sub-082,ses-varyingStories10,sub-082_ses-varyingStories10_task-listeningActive_run-01_eeg.bdf,audiobook_14_1,UNKNOWN,PASS_VIRTUAL_INITIAL_QC,UNASSIGNED,No adjacent-time random split; repeated story and subject grouping; train-only fitted transforms
SparrKULee,sub-082_ses-varyingStories10_task-listeningActive_run-02_desc-preproc-audio-audiobook_14_2_eeg.npy,sub-082,ses-varyingStories10,sub-082_ses-varyingStories10_task-listeningActive_run-02_eeg.bdf,audiobook_14_2,UNKNOWN,PASS_VIRTUAL_INITIAL_QC,UNASSIGNED,No adjacent-time random split; repeated story and subject grouping; train-only fitted transforms
SparrKULee,sub-082_ses-varyingStories10_task-listeningActive_run-03_desc-preproc-audio-podcast_37_eeg.npy,sub-082,ses-varyingStories10,sub-082_ses-varyingStories10_task-listeningActive_run-03_eeg.bdf,podcast_37,UNKNOWN,PASS_VIRTUAL_INITIAL_QC,UNASSIGNED,No adjacent-time random split; repeated story and subject grouping; train-only fitted transforms
SparrKULee,sub-082_ses-varyingStories10_task-listeningActive_run-06_desc-preproc-audio-podcast_36_eeg.npy,sub-082,ses-varyingStories10,sub-082_ses-varyingStories10_task-listeningActive_run-06_eeg.bdf,podcast_36,UNKNOWN,PASS_VIRTUAL_INITIAL_QC,UNASSIGNED,No adjacent-time random split; repeated story and subject grouping; train-only fitted transforms
SparrKULee,sub-082_ses-varyingStories10_task-listeningActive_run-07_desc-preproc-audio-podcast_35_eeg.npy,sub-082,ses-varyingStories10,sub-082_ses-varyingStories10_task-listeningActive_run-07_eeg.bdf,podcast_35,UNKNOWN,PASS_VIRTUAL_INITIAL_QC,UNASSIGNED,No adjacent-time random split; repeated story and subject grouping; train-only fitted transforms
SparrKULee,sub-082_ses-varyingStories10_task-listeningActive_run-08_desc-preproc-audio-audiobook_1_eeg.npy,sub-082,ses-varyingStories10,sub-082_ses-varyingStories10_task-listeningActive_run-08_eeg.bdf,audiobook_1,UNKNOWN,PASS_VIRTUAL_INITIAL_QC,UNASSIGNED,No adjacent-time random split; repeated story and subject grouping; train-only fitted transforms
SparrKULee,sub-083_ses-varyingStories10_task-listeningActive_run-01_desc-preproc-audio-audiobook_1_eeg.npy,sub-083,ses-varyingStories10,sub-083_ses-varyingStories10_task-listeningActive_run-01_eeg.bdf,audiobook_1,UNKNOWN,PASS_VIRTUAL_INITIAL_QC,UNASSIGNED,No adjacent-time random split; repeated story and subject grouping; train-only fitted transforms
SparrKULee,sub-083_ses-varyingStories10_task-listeningActive_run-03_desc-preproc-audio-podcast_36_eeg.npy,sub-083,ses-varyingStories10,sub-083_ses-varyingStories10_task-listeningActive_run-03_eeg.bdf,podcast_36,UNKNOWN,PASS_VIRTUAL_INITIAL_QC,UNASSIGNED,No adjacent-time random split; repeated story and subject grouping; train-only fitted transforms
SparrKULee,sub-083_ses-varyingStories10_task-listeningActive_run-04_desc-preproc-audio-podcast_35_eeg.npy,sub-083,ses-varyingStories10,sub-083_ses-varyingStories10_task-listeningActive_run-04_eeg.bdf,podcast_35,UNKNOWN,PASS_VIRTUAL_INITIAL_QC,UNASSIGNED,No adjacent-time random split; repeated story and subject grouping; train-only fitted transforms
SparrKULee,sub-083_ses-varyingStories10_task-listeningActive_run-05_desc-preproc-audio-podcast_37_eeg.npy,sub-083,ses-varyingStories10,sub-083_ses-varyingStories10_task-listeningActive_run-05_eeg.bdf,podcast_37,UNKNOWN,PASS_VIRTUAL_INITIAL_QC,UNASSIGNED,No adjacent-time random split; repeated story and subject grouping; train-only fitted transforms
SparrKULee,sub-083_ses-varyingStories10_task-listeningActive_run-06_desc-preproc-audio-audiobook_14_1_eeg.npy,sub-083,ses-varyingStories10,sub-083_ses-varyingStories10_task-listeningActive_run-06_eeg.bdf,audiobook_14_1,UNKNOWN,PASS_VIRTUAL_INITIAL_QC,UNASSIGNED,No adjacent-time random split; repeated story and subject grouping; train-only fitted transforms
SparrKULee,sub-083_ses-varyingStories10_task-listeningActive_run-07_desc-preproc-audio-audiobook_14_2_eeg.npy,sub-083,ses-varyingStories10,sub-083_ses-varyingStories10_task-listeningActive_run-07_eeg.bdf,audiobook_14_2,UNKNOWN,PASS_VIRTUAL_INITIAL_QC,UNASSIGNED,No adjacent-time random split; repeated story and subject grouping; train-only fitted transforms
SparrKULee,sub-084_ses-varyingStories10_task-listeningActive_run-01_desc-preproc-audio-audiobook_14_1_eeg.npy,sub-084,ses-varyingStories10,sub-084_ses-varyingStories10_task-listeningActive_run-01_eeg.bdf,audiobook_14_1,UNKNOWN,PASS_VIRTUAL_INITIAL_QC,UNASSIGNED,No adjacent-time random split; repeated story and subject grouping; train-only fitted transforms
SparrKULee,sub-084_ses-varyingStories10_task-listeningActive_run-02_desc-preproc-audio-audiobook_14_2_eeg.npy,sub-084,ses-varyingStories10,sub-084_ses-varyingStories10_task-listeningActive_run-02_eeg.bdf,audiobook_14_2,UNKNOWN,PASS_VIRTUAL_INITIAL_QC,UNASSIGNED,No adjacent-time random split; repeated story and subject grouping; train-only fitted transforms
SparrKULee,sub-084_ses-varyingStories10_task-listeningActive_run-03_desc-preproc-audio-podcast_36_eeg.npy,sub-084,ses-varyingStories10,sub-084_ses-varyingStories10_task-listeningActive_run-03_eeg.bdf,podcast_36,UNKNOWN,PASS_VIRTUAL_INITIAL_QC,UNASSIGNED,No adjacent-time random split; repeated story and subject grouping; train-only fitted transforms
SparrKULee,sub-084_ses-varyingStories10_task-listeningActive_run-06_desc-preproc-audio-podcast_35_eeg.npy,sub-084,ses-varyingStories10,sub-084_ses-varyingStories10_task-listeningActive_run-06_eeg.bdf,podcast_35,UNKNOWN,PASS_VIRTUAL_INITIAL_QC,UNASSIGNED,No adjacent-time random split; repeated story and subject grouping; train-only fitted transforms
SparrKULee,sub-084_ses-varyingStories10_task-listeningActive_run-07_desc-preproc-audio-podcast_37_eeg.npy,sub-084,ses-varyingStories10,sub-084_ses-varyingStories10_task-listeningActive_run-07_eeg.bdf,podcast_37,UNKNOWN,PASS_VIRTUAL_INITIAL_QC,UNASSIGNED,No adjacent-time random split; repeated story and subject grouping; train-only fitted transforms
SparrKULee,sub-084_ses-varyingStories10_task-listeningActive_run-08_desc-preproc-audio-audiobook_1_eeg.npy,sub-084,ses-varyingStories10,sub-084_ses-varyingStories10_task-listeningActive_run-08_eeg.bdf,audiobook_1,UNKNOWN,PASS_VIRTUAL_INITIAL_QC,UNASSIGNED,No adjacent-time random split; repeated story and subject grouping; train-only fitted transforms
SparrKULee,sub-085_ses-varyingStories10_task-listeningActive_run-02_desc-preproc-audio-podcast_37_eeg.npy,sub-085,ses-varyingStories10,sub-085_ses-varyingStories10_task-listeningActive_run-02_eeg.bdf,podcast_37,UNKNOWN,PASS_VIRTUAL_INITIAL_QC,UNASSIGNED,No adjacent-time random split; repeated story and subject grouping; train-only fitted transforms
SparrKULee,sub-085_ses-varyingStories10_task-listeningActive_run-03_desc-preproc-audio-podcast_36_eeg.npy,sub-085,ses-varyingStories10,sub-085_ses-varyingStories10_task-listeningActive_run-03_eeg.bdf,podcast_36,UNKNOWN,PASS_VIRTUAL_INITIAL_QC,UNASSIGNED,No adjacent-time random split; repeated story and subject grouping; train-only fitted transforms
SparrKULee,sub-085_ses-varyingStories10_task-listeningActive_run-04_desc-preproc-audio-podcast_35_eeg.npy,sub-085,ses-varyingStories10,sub-085_ses-varyingStories10_task-listeningActive_run-04_eeg.bdf,podcast_35,UNKNOWN,PASS_VIRTUAL_INITIAL_QC,UNASSIGNED,No adjacent-time random split; repeated story and subject grouping; train-only fitted transforms
SparrKULee,sub-085_ses-varyingStories10_task-listeningActive_run-05_desc-preproc-audio-audiobook_1_eeg.npy,sub-085,ses-varyingStories10,sub-085_ses-varyingStories10_task-listeningActive_run-05_eeg.bdf,audiobook_1,UNKNOWN,PASS_VIRTUAL_INITIAL_QC,UNASSIGNED,No adjacent-time random split; repeated story and subject grouping; train-only fitted transforms
SparrKULee,sub-085_ses-varyingStories10_task-listeningActive_run-06_desc-preproc-audio-audiobook_14_1_eeg.npy,sub-085,ses-varyingStories10,sub-085_ses-varyingStories10_task-listeningActive_run-06_eeg.bdf,audiobook_14_1,UNKNOWN,PASS_VIRTUAL_INITIAL_QC,UNASSIGNED,No adjacent-time random split; repeated story and subject grouping; train-only fitted transforms
SparrKULee,sub-085_ses-varyingStories10_task-listeningActive_run-07_desc-preproc-audio-audiobook_14_2_eeg.npy,sub-085,ses-varyingStories10,sub-085_ses-varyingStories10_task-listeningActive_run-07_eeg.bdf,audiobook_14_2,UNKNOWN,PASS_VIRTUAL_INITIAL_QC,UNASSIGNED,No adjacent-time random split; repeated story and subject grouping; train-only fitted transforms
