segment_id,participant_id,session_id,recording_id,event_file,segment_index,stimulus_id,stimulus_role,speaker_id,language,language_source,block_id,analysis_eligible,exclusion_reason,event_count,event_onset_seconds,event_offset_seconds,audio_onset_seconds,audio_offset_seconds,event_template_alignment,alignment_offset_spread_seconds,template_end_seconds,audio_timeline_margin_seconds,audio_file,audio_source_status,audio_bytes,audio_modified_at_utc,audio_sample_rate_hz,audio_channels,audio_frames,audio_duration_seconds,sample_id,subject_id,start_sec,end_sec,split
sub-SD010_ses-01_task-PassiveListen__seg-004,sub-SD010,ses-01,sub-SD010_ses-01_task-PassiveListen,sub-SD010/ses-01/sub-SD010_ses-01_task-PassiveListen_events.tsv,4,s3602b-ex01,PASSAGE,s3602b,en,BLOCK_DIRECTORY_AND_EVENT_LEXICON,block-01,True,,318,250.432128533,285.337988533,250.33212853299997,285.94049587993874,PASS,1.9895196601282805e-13,35.00586000000008,0.602507346938701,stimuli/excerpts/Block 1/s3602b-ex01_normed.wav,BUNDLED_BLOCK_AUDIO,3140702,2023-08-18T13:23:50+00:00,44100,1,1570329,35.60836734693878,sub-SD010_ses-01_task-PassiveListen__seg-004,sub-SD010,250.33212853299997,285.94049587993874,train
sub-SD010_ses-01_task-PassiveListen__seg-007,sub-SD010,ses-01,sub-SD010_ses-01_task-PassiveListen,sub-SD010/ses-01/sub-SD010_ses-01_task-PassiveListen_events.tsv,7,s4002b-ex01,PASSAGE,s4002b,en,BLOCK_DIRECTORY_AND_EVENT_LEXICON,block-01,True,,390,603.143659458,637.156306458,603.043659458,637.6751560566395,PASS,2.2737367544323206e-13,34.112646999999996,0.5188495986394628,stimuli/excerpts/Block 1/s4002b-ex01_normed.wav,BUNDLED_BLOCK_AUDIO,3054542,2023-08-18T13:23:51+00:00,44100,1,1527249,34.63149659863946,sub-SD010_ses-01_task-PassiveListen__seg-007,sub-SD010,603.043659458,637.6751560566395,train
sub-SD010_ses-01_task-PassiveListen__seg-008,sub-SD010,ses-01,sub-SD010_ses-01_task-PassiveListen,sub-SD010/ses-01/sub-SD010_ses-01_task-PassiveListen_events.tsv,8,s3001b-ex01,PASSAGE,s3001b,en,BLOCK_DIRECTORY_AND_EVENT_LEXICON,block-01,True,,485,673.052923124,721.7932701240001,672.952923124,722.1357349153832,PASS,2.2737367544323206e-13,48.840346999999994,0.34246479138322883,stimuli/excerpts/Block 1/s3001b-ex01_normed.wav,BUNDLED_BLOCK_AUDIO,4337968,2023-08-18T13:23:50+00:00,44100,1,2168962,49.18281179138322,sub-SD010_ses-01_task-PassiveListen__seg-008,sub-SD010,672.952923124,722.1357349153832,train
sub-SD010_ses-01_task-PassiveListen__seg-009,sub-SD010,ses-01,sub-SD010_ses-01_task-PassiveListen,sub-SD010/ses-01/sub-SD010_ses-01_task-PassiveListen_events.tsv,9,s1401a-ex01,PASSAGE,s1401a,en,BLOCK_DIRECTORY_AND_EVENT_LEXICON,block-01,True,,415,736.503932381,771.269683381,736.403932381,771.688059365127,PASS,2.2737367544323206e-13,34.86575099999998,0.41837598412700316,stimuli/excerpts/Block 1/s1401a-ex01_normed.wav,BUNDLED_BLOCK_AUDIO,3112104,2023-08-18T13:23:49+00:00,44100,1,1556030,35.284126984126985,sub-SD010_ses-01_task-PassiveListen__seg-009,sub-SD010,736.403932381,771.688059365127,train
sub-SD010_ses-01_task-PassiveListen__seg-010,sub-SD010,ses-01,sub-SD010_ses-01_task-PassiveListen,sub-SD010/ses-01/sub-SD010_ses-01_task-PassiveListen_events.tsv,10,s1303a-ex01,PASSAGE,s1303a,en,BLOCK_DIRECTORY_AND_EVENT_LEXICON,block-01,True,,311,782.665280197,816.207788197,782.565280197,816.7812212400839,PASS,2.2737367544323206e-13,33.64250799999997,0.5734330430839307,stimuli/excerpts/Block 1/s1303a-ex01_normed.wav,BUNDLED_BLOCK_AUDIO,3017890,2023-08-18T13:23:48+00:00,44100,1,1508923,34.2159410430839,sub-SD010_ses-01_task-PassiveListen__seg-010,sub-SD010,782.565280197,816.7812212400839,train
sub-SD010_ses-01_task-PassiveListen__seg-011,sub-SD010,ses-01,sub-SD010_ses-01_task-PassiveListen,sub-SD010/ses-01/sub-SD010_ses-01_task-PassiveListen_events.tsv,11,s2102a-ex01,PASSAGE,s2102a,en,BLOCK_DIRECTORY_AND_EVENT_LEXICON,block-01,True,,295,828.070887052,854.949675052,827.970887052,856.1594584805714,PASS,1.1368683772161603e-13,26.978788000000012,1.2097834285714164,stimuli/excerpts/Block 1/s2102a-ex01_normed.wav,BUNDLED_BLOCK_AUDIO,2486276,2023-08-18T13:23:49+00:00,44100,1,1243116,28.18857142857143,sub-SD010_ses-01_task-PassiveListen__seg-011,sub-SD010,827.970887052,856.1594584805714,train
sub-SD010_ses-01_task-PassiveListen__seg-012,sub-SD010,ses-01,sub-SD010_ses-01_task-PassiveListen,sub-SD010/ses-01/sub-SD010_ses-01_task-PassiveListen_events.tsv,12,s2301a-ex01,PASSAGE,s2301a,en,BLOCK_DIRECTORY_AND_EVENT_LEXICON,block-01,True,,206,866.932720501,889.1277825010001,866.832720501,889.3700220883017,PASS,1.1368683772161603e-13,22.295061999999998,0.24223958730159012,stimuli/excerpts/Block 1/s2301a-ex01_normed.wav,BUNDLED_BLOCK_AUDIO,1987834,2023-08-18T13:23:50+00:00,44100,1,993895,22.537301587301588,sub-SD010_ses-01_task-PassiveListen__seg-012,sub-SD010,866.832720501,889.3700220883017,train
sub-SD010_ses-01_task-PassiveListen__seg-013,sub-SD010,ses-01,sub-SD010_ses-01_task-PassiveListen,sub-SD010/ses-01/sub-SD010_ses-01_task-PassiveListen_events.tsv,13,s1901b-ex01,PASSAGE,s1901b,en,BLOCK_DIRECTORY_AND_EVENT_LEXICON,block-01,True,,406,901.288025189,938.1334811890001,901.188025189,938.575644236619,PASS,1.1368683772161603e-13,36.945456000000014,0.442163047619033,stimuli/excerpts/Block 1/s1901b-ex01_normed.wav,BUNDLED_BLOCK_AUDIO,3297632,2023-08-18T13:23:49+00:00,44100,1,1648794,37.38761904761905,sub-SD010_ses-01_task-PassiveListen__seg-013,sub-SD010,901.188025189,938.575644236619,train
sub-SD010_ses-01_task-PassiveListen__seg-014,sub-SD010,ses-01,sub-SD010_ses-01_task-PassiveListen,sub-SD010/ses-01/sub-SD010_ses-01_task-PassiveListen_events.tsv,14,s3301a-ex01,PASSAGE,s3301a,en,BLOCK_DIRECTORY_AND_EVENT_LEXICON,block-02,True,,255,957.547628885,982.3850928850001,957.4476288850001,983.0317558691271,PASS,1.1368683772161603e-13,24.937463999999952,0.6466629841270333,stimuli/excerpts/Block 2/s3301a-ex01_normed.wav,BUNDLED_BLOCK_AUDIO,2256564,2023-08-18T13:23:54+00:00,44100,1,1128260,25.584126984126986,sub-SD010_ses-01_task-PassiveListen__seg-014,sub-SD010,957.4476288850001,983.0317558691271,train
sub-SD010_ses-01_task-PassiveListen__seg-015,sub-SD010,ses-01,sub-SD010_ses-01_task-PassiveListen,sub-SD010/ses-01/sub-SD010_ses-01_task-PassiveListen_events.tsv,15,s0703b-ex01,PASSAGE,s0703b,en,BLOCK_DIRECTORY_AND_EVENT_LEXICON,block-02,True,,419,991.593024134,1030.104309134,991.493024134,1030.527718011551,PASS,3.410605131648481e-13,38.611285,0.42340887755101875,stimuli/excerpts/Block 2/s0703b-ex01_normed.wav,BUNDLED_BLOCK_AUDIO,3442904,2023-08-18T13:23:52+00:00,44100,1,1721430,39.03469387755102,sub-SD010_ses-01_task-PassiveListen__seg-015,sub-SD010,991.493024134,1030.527718011551,train
sub-SD010_ses-01_task-PassiveListen__seg-016,sub-SD010,ses-01,sub-SD010_ses-01_task-PassiveListen,sub-SD010/ses-01/sub-SD010_ses-01_task-PassiveListen_events.tsv,16,s4003b-ex01,PASSAGE,s4003b,en,BLOCK_DIRECTORY_AND_EVENT_LEXICON,block-02,True,,305,1038.64517706,1063.5664890599999,1038.54517706,1063.9391226382313,PASS,4.547473508864641e-13,25.021312,0.37263357823129084,stimuli/excerpts/Block 2/s4003b-ex01_normed.wav,BUNDLED_BLOCK_AUDIO,2239790,2023-08-18T13:23:55+00:00,44100,1,1119873,25.393945578231293,sub-SD010_ses-01_task-PassiveListen__seg-016,sub-SD010,1038.54517706,1063.9391226382313,train
sub-SD010_ses-01_task-PassiveListen__seg-017,sub-SD010,ses-01,sub-SD010_ses-01_task-PassiveListen,sub-SD010/ses-01/sub-SD010_ses-01_task-PassiveListen_events.tsv,17,s3602b-ex02,PASSAGE,s3602b,en,BLOCK_DIRECTORY_AND_EVENT_LEXICON,block-02,True,,288,1083.44800461,1115.5829056100001,1083.34800461,1116.2470068775738,PASS,2.2737367544323206e-13,32.23490099999999,0.664101267573713,stimuli/excerpts/Block 2/s3602b-ex02_normed.wav,BUNDLED_BLOCK_AUDIO,2901736,2023-08-18T13:23:54+00:00,44100,1,1450846,32.8990022675737,sub-SD010_ses-01_task-PassiveListen__seg-017,sub-SD010,1083.34800461,1116.2470068775738,train
sub-SD010_ses-01_task-PassiveListen__seg-018,sub-SD010,ses-01,sub-SD010_ses-01_task-PassiveListen,sub-SD010/ses-01/sub-SD010_ses-01_task-PassiveListen_events.tsv,18,s2102a-ex02,PASSAGE,s2102a,en,BLOCK_DIRECTORY_AND_EVENT_LEXICON,block-02,True,,373,1125.20687633,1161.05057233,1125.10687633,1161.4743139717234,PASS,2.2737367544323206e-13,35.943696000000024,0.42374164172333195,stimuli/excerpts/Block 2/s2102a-ex02_normed.wav,BUNDLED_BLOCK_AUDIO,3207652,2023-08-18T13:23:53+00:00,44100,1,1603804,36.367437641723356,sub-SD010_ses-01_task-PassiveListen__seg-018,sub-SD010,1125.10687633,1161.4743139717234,train
sub-SD010_ses-01_task-PassiveListen__seg-019,sub-SD010,ses-01,sub-SD010_ses-01_task-PassiveListen,sub-SD010/ses-01/sub-SD010_ses-01_task-PassiveListen_events.tsv,19,s3903b-ex01,PASSAGE,s3903b,en,BLOCK_DIRECTORY_AND_EVENT_LEXICON,block-02,True,,301,1169.75011934,1195.47544534,1169.65011934,1195.903067185805,PASS,2.2737367544323206e-13,25.825326000000008,0.42762184580498186,stimuli/excerpts/Block 2/s3903b-ex01_normed.wav,BUNDLED_BLOCK_AUDIO,2315554,2023-08-18T13:23:54+00:00,44100,1,1157755,26.25294784580499,sub-SD010_ses-01_task-PassiveListen__seg-019,sub-SD010,1169.65011934,1195.903067185805,train
sub-SD010_ses-01_task-PassiveListen__seg-020,sub-SD010,ses-01,sub-SD010_ses-01_task-PassiveListen,sub-SD010/ses-01/sub-SD010_ses-01_task-PassiveListen_events.tsv,20,s2202b-ex02,PASSAGE,s2202b,en,BLOCK_DIRECTORY_AND_EVENT_LEXICON,block-02,True,,444,1205.74022068,1259.6691066800001,1205.64022068,1260.1675902945126,PASS,4.547473508864641e-13,54.02888599999992,0.4984836145125513,stimuli/excerpts/Block 2/s2202b-ex02_normed.wav,BUNDLED_BLOCK_AUDIO,4809358,2023-08-18T13:23:53+00:00,44100,1,2404657,54.52736961451247,sub-SD010_ses-01_task-PassiveListen__seg-020,sub-SD010,1205.64022068,1260.1675902945126,train
sub-SD010_ses-01_task-PassiveListen__seg-021,sub-SD010,ses-01,sub-SD010_ses-01_task-PassiveListen,sub-SD010/ses-01/sub-SD010_ses-01_task-PassiveListen_events.tsv,21,s1201a-ex01,PASSAGE,s1201a,en,BLOCK_DIRECTORY_AND_EVENT_LEXICON,block-02,True,,437,1271.46572557,1305.02896757,1271.36572557,1305.9226643455102,PASS,4.547473508864641e-13,33.66324200000006,0.8936967755101435,stimuli/excerpts/Block 2/s1201a-ex01_normed.wav,BUNDLED_BLOCK_AUDIO,3047966,2023-08-18T13:23:52+00:00,44100,1,1523961,34.556938775510204,sub-SD010_ses-01_task-PassiveListen__seg-021,sub-SD010,1271.36572557,1305.9226643455102,train
sub-SD010_ses-01_task-PassiveListen__seg-024,sub-SD010,ses-01,sub-SD010_ses-01_task-PassiveListen,sub-SD010/ses-01/sub-SD010_ses-01_task-PassiveListen_events.tsv,24,s1303a-ex02,PASSAGE,s1303a,en,BLOCK_DIRECTORY_AND_EVENT_LEXICON,block-03,True,,211,1379.5955315,1408.3670665,1379.4955315,1408.8405881893423,PASS,2.2737367544323206e-13,28.871535000000033,0.4735216893423697,stimuli/excerpts/Block 3/s1303a-ex02_normed.wav,BUNDLED_BLOCK_AUDIO,2588278,2023-08-18T13:23:56+00:00,44100,1,1294117,29.345056689342403,sub-SD010_ses-01_task-PassiveListen__seg-024,sub-SD010,1379.4955315,1408.8405881893423,validation
sub-SD010_ses-01_task-PassiveListen__seg-025,sub-SD010,ses-01,sub-SD010_ses-01_task-PassiveListen,sub-SD010/ses-01/sub-SD010_ses-01_task-PassiveListen_events.tsv,25,s1501a-ex01,PASSAGE,s1501a,en,BLOCK_DIRECTORY_AND_EVENT_LEXICON,block-03,True,,404,1427.73795475,1470.38195875,1427.63795475,1470.7763901241497,PASS,2.2737367544323206e-13,42.74400400000002,0.39443137414964013,stimuli/excerpts/Block 3/s1501a-ex01_normed.wav,BUNDLED_BLOCK_AUDIO,3804854,2023-08-18T13:23:56+00:00,44100,1,1902405,43.13843537414966,sub-SD010_ses-01_task-PassiveListen__seg-025,sub-SD010,1427.63795475,1470.7763901241497,validation
sub-SD010_ses-01_task-PassiveListen__seg-026,sub-SD010,ses-01,sub-SD010_ses-01_task-PassiveListen,sub-SD010/ses-01/sub-SD010_ses-01_task-PassiveListen_events.tsv,26,s3201a-ex01,PASSAGE,s3201a,en,BLOCK_DIRECTORY_AND_EVENT_LEXICON,block-03,True,,1105,1486.8497196,1562.9314206000001,1486.7497196,1563.8395381941043,PASS,2.2737367544323206e-13,76.18170099999998,0.9081175941043398,stimuli/excerpts/Block 3/s3201a-ex01_normed.wav,BUNDLED_BLOCK_AUDIO,6799366,2023-08-18T13:23:57+00:00,44100,1,3399661,77.08981859410432,sub-SD010_ses-01_task-PassiveListen__seg-026,sub-SD010,1486.7497196,1563.8395381941043,validation
sub-SD010_ses-01_task-PassiveListen__seg-027,sub-SD010,ses-01,sub-SD010_ses-01_task-PassiveListen,sub-SD010/ses-01/sub-SD010_ses-01_task-PassiveListen_events.tsv,27,s3903b-ex02,PASSAGE,s3903b,en,BLOCK_DIRECTORY_AND_EVENT_LEXICON,block-03,True,,325,1576.00704986,1608.56299086,1575.90704986,1608.8438072296144,PASS,2.2737367544323206e-13,32.65594099999999,0.28081636961452006,stimuli/excerpts/Block 3/s3903b-ex02_normed.wav,BUNDLED_BLOCK_AUDIO,2905066,2023-08-18T13:23:58+00:00,44100,1,1452511,32.93675736961451,sub-SD010_ses-01_task-PassiveListen__seg-027,sub-SD010,1575.90704986,1608.8438072296144,validation
sub-SD010_ses-01_task-PassiveListen__seg-030,sub-SD010,ses-01,sub-SD010_ses-01_task-PassiveListen,sub-SD010/ses-01/sub-SD010_ses-01_task-PassiveListen_events.tsv,30,s1001a-ex01,PASSAGE,s1001a,en,BLOCK_DIRECTORY_AND_EVENT_LEXICON,block-03,True,,541,1686.85610733,1728.02244633,1686.75610733,1728.4274225227439,PASS,2.2737367544323206e-13,41.266339,0.40497619274376007,stimuli/excerpts/Block 3/s1001a-ex01_normed.wav,BUNDLED_BLOCK_AUDIO,3675454,2023-08-18T13:23:55+00:00,44100,1,1837705,41.67131519274376,sub-SD010_ses-01_task-PassiveListen__seg-030,sub-SD010,1686.75610733,1728.4274225227439,validation
sub-SD010_ses-01_task-PassiveListen__seg-031,sub-SD010,ses-01,sub-SD010_ses-01_task-PassiveListen,sub-SD010/ses-01/sub-SD010_ses-01_task-PassiveListen_events.tsv,31,s1401a-ex02,PASSAGE,s1401a,en,BLOCK_DIRECTORY_AND_EVENT_LEXICON,block-03,True,,434,1739.23901988,1775.39926988,1739.13901988,1775.7214461838548,PASS,2.2737367544323206e-13,36.26025000000001,0.3221763038548602,stimuli/excerpts/Block 3/s1401a-ex02_normed.wav,BUNDLED_BLOCK_AUDIO,3226614,2023-08-18T13:23:56+00:00,44100,1,1613285,36.582426303854874,sub-SD010_ses-01_task-PassiveListen__seg-031,sub-SD010,1739.13901988,1775.7214461838548,validation
sub-SD010_ses-01_task-PassiveListen__seg-032,sub-SD010,ses-01,sub-SD010_ses-01_task-PassiveListen,sub-SD010/ses-01/sub-SD010_ses-01_task-PassiveListen_events.tsv,32,s3703b-ex01,PASSAGE,s3703b,en,BLOCK_DIRECTORY_AND_EVENT_LEXICON,block-03,True,,408,1785.51219157,1819.84001957,1785.41219157,1820.783937601746,PASS,4.547473508864641e-13,34.42782800000001,0.9439180317460227,stimuli/excerpts/Block 3/s3703b-ex01_normed.wav,BUNDLED_BLOCK_AUDIO,3119832,2023-08-18T13:23:57+00:00,44100,1,1559894,35.371746031746035,sub-SD010_ses-01_task-PassiveListen__seg-032,sub-SD010,1785.41219157,1820.783937601746,validation
sub-SD010_ses-01_task-PassiveListen__seg-033,sub-SD010,ses-01,sub-SD010_ses-01_task-PassiveListen,sub-SD010/ses-01/sub-SD010_ses-01_task-PassiveListen_events.tsv,33,s3301a-ex02,PASSAGE,s3301a,en,BLOCK_DIRECTORY_AND_EVENT_LEXICON,block-03,True,,406,1835.91255017,1872.70052817,1835.81255017,1873.0505547051473,PASS,2.2737367544323206e-13,36.88797800000001,0.3500265351473786,stimuli/excerpts/Block 3/s3301a-ex02_normed.wav,BUNDLED_BLOCK_AUDIO,3284436,2023-08-18T13:23:57+00:00,44100,1,1642196,37.23800453514739,sub-SD010_ses-01_task-PassiveListen__seg-033,sub-SD010,1835.81255017,1873.0505547051473,validation
sub-SD010_ses-01_task-PassiveListen__seg-036,sub-SD010,ses-01,sub-SD010_ses-01_task-PassiveListen,sub-SD010/ses-01/sub-SD010_ses-01_task-PassiveListen_events.tsv,36,s3102b-ex01,PASSAGE,s3102b,en,BLOCK_DIRECTORY_AND_EVENT_LEXICON,block-04,True,,159,1945.7163427,1965.4376727,1945.6163427,1966.4182247861677,PASS,2.2737367544323206e-13,19.82133,0.9805520861678012,stimuli/excerpts/Block 4/s3102b-ex01_normed.wav,BUNDLED_BLOCK_AUDIO,1834770,2023-08-18T13:24:00+00:00,44100,1,917363,20.8018820861678,sub-SD010_ses-01_task-PassiveListen__seg-036,sub-SD010,1945.6163427,1966.4182247861677,test
sub-SD010_ses-01_task-PassiveListen__seg-037,sub-SD010,ses-01,sub-SD010_ses-01_task-PassiveListen,sub-SD010/ses-01/sub-SD010_ses-01_task-PassiveListen_events.tsv,37,s0702a-ex01,PASSAGE,s0702a,en,BLOCK_DIRECTORY_AND_EVENT_LEXICON,block-04,True,,370,1994.35684646,2022.53170046,1994.25684646,2024.719091357959,PASS,2.2737367544323206e-13,28.274854000000005,2.1873908979591796,stimuli/excerpts/Block 4/s0702a-ex01_normed.wav,BUNDLED_BLOCK_AUDIO,2686814,2023-08-18T13:23:59+00:00,44100,1,1343385,30.462244897959184,sub-SD010_ses-01_task-PassiveListen__seg-037,sub-SD010,1994.25684646,2024.719091357959,test
sub-SD010_ses-01_task-PassiveListen__seg-038,sub-SD010,ses-01,sub-SD010_ses-01_task-PassiveListen,sub-SD010/ses-01/sub-SD010_ses-01_task-PassiveListen_events.tsv,38,s0202b-ex01,PASSAGE,s0202b,en,BLOCK_DIRECTORY_AND_EVENT_LEXICON,block-04,True,,671,2033.70793891,2090.26293891,2033.60793891,2090.5258754179367,PASS,4.547473508864641e-13,56.654999999999994,0.2629365079365158,stimuli/excerpts/Block 4/s0202b-ex01_normed.wav,BUNDLED_BLOCK_AUDIO,5020206,2023-08-18T13:23:58+00:00,44100,1,2510081,56.91793650793651,sub-SD010_ses-01_task-PassiveListen__seg-038,sub-SD010,2033.60793891,2090.5258754179367,test
sub-SD010_ses-01_task-PassiveListen__seg-039,sub-SD010,ses-01,sub-SD010_ses-01_task-PassiveListen,sub-SD010/ses-01/sub-SD010_ses-01_task-PassiveListen_events.tsv,39,s1604a-ex01,PASSAGE,s1604a,en,BLOCK_DIRECTORY_AND_EVENT_LEXICON,block-04,True,,539,2101.78571531,2148.00140331,2101.68571531,2148.0493434279138,PASS,4.547473508864641e-13,46.315688,0.047940117913832125,stimuli/excerpts/Block 4/s1604a-ex01_normed.wav,BUNDLED_BLOCK_AUDIO,4089316,2023-08-18T13:23:59+00:00,44100,1,2044636,46.363628117913834,sub-SD010_ses-01_task-PassiveListen__seg-039,sub-SD010,2101.68571531,2148.0493434279138,test
sub-SD010_ses-01_task-PassiveListen__seg-040,sub-SD010,ses-01,sub-SD010_ses-01_task-PassiveListen,sub-SD010/ses-01/sub-SD010_ses-01_task-PassiveListen_events.tsv,40,s2801a-ex01,PASSAGE,s2801a,en,BLOCK_DIRECTORY_AND_EVENT_LEXICON,block-04,True,,743,2159.16581212,2219.46073512,2159.06581212,2219.993635249252,PASS,4.547473508864641e-13,60.39492300000001,0.5329001292516864,stimuli/excerpts/Block 4/s2801a-ex01_normed.wav,BUNDLED_BLOCK_AUDIO,5373878,2023-08-18T13:24:00+00:00,44100,1,2686917,60.9278231292517,sub-SD010_ses-01_task-PassiveListen__seg-040,sub-SD010,2159.06581212,2219.993635249252,test
sub-SD010_ses-01_task-PassiveListen__seg-041,sub-SD010,ses-01,sub-SD010_ses-01_task-PassiveListen,sub-SD010/ses-01/sub-SD010_ses-01_task-PassiveListen_events.tsv,41,s3802a-ex01,PASSAGE,s3802a,en,BLOCK_DIRECTORY_AND_EVENT_LEXICON,block-04,True,,362,2227.97508667,2261.81109667,2227.87508667,2262.551277146191,PASS,4.547473508864641e-13,33.936010000000046,0.7401804761904316,stimuli/excerpts/Block 4/s3802a-ex01_normed.wav,BUNDLED_BLOCK_AUDIO,3058484,2023-08-18T13:24:00+00:00,44100,1,1529220,34.67619047619048,sub-SD010_ses-01_task-PassiveListen__seg-041,sub-SD010,2227.87508667,2262.551277146191,test
sub-SD010_ses-01_task-PassiveListen__seg-042,sub-SD010,ses-01,sub-SD010_ses-01_task-PassiveListen,sub-SD010/ses-01/sub-SD010_ses-01_task-PassiveListen_events.tsv,42,s3902a-ex01,PASSAGE,s3902a,en,BLOCK_DIRECTORY_AND_EVENT_LEXICON,block-04,True,,312,2275.15796964,2306.27729064,2275.05796964,2306.611597757914,PASS,9.094947017729282e-13,31.21932099999996,0.3343071179138697,stimuli/excerpts/Block 4/s3902a-ex01_normed.wav,BUNDLED_BLOCK_AUDIO,2783074,2023-08-18T13:24:01+00:00,44100,1,1391515,31.55362811791383,sub-SD010_ses-01_task-PassiveListen__seg-042,sub-SD010,2275.05796964,2306.611597757914,test
sub-SD010_ses-01_task-PassiveListen__seg-043,sub-SD010,ses-01,sub-SD010_ses-01_task-PassiveListen,sub-SD010/ses-01/sub-SD010_ses-01_task-PassiveListen_events.tsv,43,s2102a-ex03,PASSAGE,s2102a,en,BLOCK_DIRECTORY_AND_EVENT_LEXICON,block-04,True,,346,2321.94598727,2366.13907027,2321.84598727,2367.1191165217006,PASS,9.094947017729282e-13,44.29308300000003,0.9800462517006494,stimuli/excerpts/Block 4/s2102a-ex03_normed.wav,BUNDLED_BLOCK_AUDIO,3993134,2023-08-18T13:23:59+00:00,44100,1,1996545,45.27312925170068,sub-SD010_ses-01_task-PassiveListen__seg-043,sub-SD010,2321.84598727,2367.1191165217006,test
sub-SD011_ses-01_task-PassiveListen__seg-004,sub-SD011,ses-01,sub-SD011_ses-01_task-PassiveListen,sub-SD011/ses-01/sub-SD011_ses-01_task-PassiveListen_events.tsv,4,s3602b-ex01,PASSAGE,s3602b,en,BLOCK_DIRECTORY_AND_EVENT_LEXICON,block-01,True,,318,96.7163886863,131.6222486863,96.61638868629996,132.22475603323875,PASS,1.9895196601282805e-13,35.00586000000008,0.602507346938701,stimuli/excerpts/Block 1/s3602b-ex01_normed.wav,BUNDLED_BLOCK_AUDIO,3140702,2023-08-18T13:23:50+00:00,44100,1,1570329,35.60836734693878,sub-SD011_ses-01_task-PassiveListen__seg-004,sub-SD011,96.61638868629996,132.22475603323875,train
sub-SD011_ses-01_task-PassiveListen__seg-005,sub-SD011,ses-01,sub-SD011_ses-01_task-PassiveListen,sub-SD011/ses-01/sub-SD011_ses-01_task-PassiveListen_events.tsv,5,s1901b-ex01,PASSAGE,s1901b,en,BLOCK_DIRECTORY_AND_EVENT_LEXICON,block-01,True,,406,153.190049069,190.035505069,153.090049069,190.47766811661904,PASS,5.684341886080802e-14,36.945456000000014,0.442163047619033,stimuli/excerpts/Block 1/s1901b-ex01_normed.wav,BUNDLED_BLOCK_AUDIO,3297632,2023-08-18T13:23:49+00:00,44100,1,1648794,37.38761904761905,sub-SD011_ses-01_task-PassiveListen__seg-005,sub-SD011,153.090049069,190.47766811661904,train
sub-SD011_ses-01_task-PassiveListen__seg-006,sub-SD011,ses-01,sub-SD011_ses-01_task-PassiveListen,sub-SD011/ses-01/sub-SD011_ses-01_task-PassiveListen_events.tsv,6,s2102a-ex01,PASSAGE,s2102a,en,BLOCK_DIRECTORY_AND_EVENT_LEXICON,block-01,True,,295,205.364857057,232.243645057,205.264857057,233.45342848557144,PASS,2.842170943040401e-14,26.978788000000012,1.2097834285714164,stimuli/excerpts/Block 1/s2102a-ex01_normed.wav,BUNDLED_BLOCK_AUDIO,2486276,2023-08-18T13:23:49+00:00,44100,1,1243116,28.18857142857143,sub-SD011_ses-01_task-PassiveListen__seg-006,sub-SD011,205.264857057,233.45342848557144,train
sub-SD011_ses-01_task-PassiveListen__seg-007,sub-SD011,ses-01,sub-SD011_ses-01_task-PassiveListen,sub-SD011/ses-01/sub-SD011_ses-01_task-PassiveListen_events.tsv,7,s3001b-ex01,PASSAGE,s3001b,en,BLOCK_DIRECTORY_AND_EVENT_LEXICON,block-01,True,,485,247.337728746,296.078075746,247.23772874600002,296.42054053738326,PASS,8.526512829121202e-14,48.840346999999994,0.34246479138322883,stimuli/excerpts/Block 1/s3001b-ex01_normed.wav,BUNDLED_BLOCK_AUDIO,4337968,2023-08-18T13:23:50+00:00,44100,1,2168962,49.18281179138322,sub-SD011_ses-01_task-PassiveListen__seg-007,sub-SD011,247.23772874600002,296.42054053738326,train
sub-SD011_ses-01_task-PassiveListen__seg-008,sub-SD011,ses-01,sub-SD011_ses-01_task-PassiveListen,sub-SD011/ses-01/sub-SD011_ses-01_task-PassiveListen_events.tsv,8,s2301a-ex01,PASSAGE,s2301a,en,BLOCK_DIRECTORY_AND_EVENT_LEXICON,block-01,True,,206,309.842121364,332.037183364,309.742121364,332.2794229513016,PASS,5.684341886080802e-14,22.295061999999998,0.24223958730159012,stimuli/excerpts/Block 1/s2301a-ex01_normed.wav,BUNDLED_BLOCK_AUDIO,1987834,2023-08-18T13:23:50+00:00,44100,1,993895,22.537301587301588,sub-SD011_ses-01_task-PassiveListen__seg-008,sub-SD011,309.742121364,332.2794229513016,train
sub-SD011_ses-01_task-PassiveListen__seg-009,sub-SD011,ses-01,sub-SD011_ses-01_task-PassiveListen,sub-SD011/ses-01/sub-SD011_ses-01_task-PassiveListen_events.tsv,9,s4002b-ex01,PASSAGE,s4002b,en,BLOCK_DIRECTORY_AND_EVENT_LEXICON,block-01,True,,390,343.078633983,377.091280983,342.978633983,377.61013058163945,PASS,5.684341886080802e-14,34.112646999999996,0.5188495986394628,stimuli/excerpts/Block 1/s4002b-ex01_normed.wav,BUNDLED_BLOCK_AUDIO,3054542,2023-08-18T13:23:51+00:00,44100,1,1527249,34.63149659863946,sub-SD011_ses-01_task-PassiveListen__seg-009,sub-SD011,342.978633983,377.61013058163945,train
sub-SD011_ses-01_task-PassiveListen__seg-010,sub-SD011,ses-01,sub-SD011_ses-01_task-PassiveListen,sub-SD011/ses-01/sub-SD011_ses-01_task-PassiveListen_events.tsv,10,s1401a-ex01,PASSAGE,s1401a,en,BLOCK_DIRECTORY_AND_EVENT_LEXICON,block-01,True,,415,386.550408859,421.316159859,386.450408859,421.734535843127,PASS,5.684341886080802e-14,34.86575099999998,0.41837598412700316,stimuli/excerpts/Block 1/s1401a-ex01_normed.wav,BUNDLED_BLOCK_AUDIO,3112104,2023-08-18T13:23:49+00:00,44100,1,1556030,35.284126984126985,sub-SD011_ses-01_task-PassiveListen__seg-010,sub-SD011,386.450408859,421.734535843127,train
sub-SD011_ses-01_task-PassiveListen__seg-013,sub-SD011,ses-01,sub-SD011_ses-01_task-PassiveListen,sub-SD011/ses-01/sub-SD011_ses-01_task-PassiveListen_events.tsv,13,s1303a-ex01,PASSAGE,s1303a,en,BLOCK_DIRECTORY_AND_EVENT_LEXICON,block-01,True,,311,491.141828625,524.684336625,491.041828625,525.2577696680839,PASS,1.7053025658242404e-13,33.64250799999997,0.5734330430839307,stimuli/excerpts/Block 1/s1303a-ex01_normed.wav,BUNDLED_BLOCK_AUDIO,3017890,2023-08-18T13:23:48+00:00,44100,1,1508923,34.2159410430839,sub-SD011_ses-01_task-PassiveListen__seg-013,sub-SD011,491.041828625,525.2577696680839,train
sub-SD011_ses-01_task-PassiveListen__seg-014,sub-SD011,ses-01,sub-SD011_ses-01_task-PassiveListen,sub-SD011/ses-01/sub-SD011_ses-01_task-PassiveListen_events.tsv,14,s3903b-ex01,PASSAGE,s3903b,en,BLOCK_DIRECTORY_AND_EVENT_LEXICON,block-02,True,,301,566.282515829,592.007841829,566.182515829,592.435463674805,PASS,1.1368683772161603e-13,25.825326000000008,0.42762184580498186,stimuli/excerpts/Block 2/s3903b-ex01_normed.wav,BUNDLED_BLOCK_AUDIO,2315554,2023-08-18T13:23:54+00:00,44100,1,1157755,26.25294784580499,sub-SD011_ses-01_task-PassiveListen__seg-014,sub-SD011,566.182515829,592.435463674805,train
sub-SD011_ses-01_task-PassiveListen__seg-015,sub-SD011,ses-01,sub-SD011_ses-01_task-PassiveListen,sub-SD011/ses-01/sub-SD011_ses-01_task-PassiveListen_events.tsv,15,s0703b-ex01,PASSAGE,s0703b,en,BLOCK_DIRECTORY_AND_EVENT_LEXICON,block-02,True,,419,601.12830356,639.63958856,601.02830356,640.0629974375511,PASS,1.1368683772161603e-13,38.611285,0.42340887755101875,stimuli/excerpts/Block 2/s0703b-ex01_normed.wav,BUNDLED_BLOCK_AUDIO,3442904,2023-08-18T13:23:52+00:00,44100,1,1721430,39.03469387755102,sub-SD011_ses-01_task-PassiveListen__seg-015,sub-SD011,601.02830356,640.0629974375511,train
sub-SD011_ses-01_task-PassiveListen__seg-016,sub-SD011,ses-01,sub-SD011_ses-01_task-PassiveListen,sub-SD011/ses-01/sub-SD011_ses-01_task-PassiveListen_events.tsv,16,s2102a-ex02,PASSAGE,s2102a,en,BLOCK_DIRECTORY_AND_EVENT_LEXICON,block-02,True,,373,649.350489389,685.194185389,649.250489389,685.6179270307233,PASS,2.2737367544323206e-13,35.943696000000024,0.42374164172333195,stimuli/excerpts/Block 2/s2102a-ex02_normed.wav,BUNDLED_BLOCK_AUDIO,3207652,2023-08-18T13:23:53+00:00,44100,1,1603804,36.367437641723356,sub-SD011_ses-01_task-PassiveListen__seg-016,sub-SD011,649.250489389,685.6179270307233,train
sub-SD011_ses-01_task-PassiveListen__seg-017,sub-SD011,ses-01,sub-SD011_ses-01_task-PassiveListen,sub-SD011/ses-01/sub-SD011_ses-01_task-PassiveListen_events.tsv,17,s3301a-ex01,PASSAGE,s3301a,en,BLOCK_DIRECTORY_AND_EVENT_LEXICON,block-02,True,,255,692.211505529,717.048969529,692.111505529,717.6956325131271,PASS,2.2737367544323206e-13,24.937463999999952,0.6466629841270333,stimuli/excerpts/Block 2/s3301a-ex01_normed.wav,BUNDLED_BLOCK_AUDIO,2256564,2023-08-18T13:23:54+00:00,44100,1,1128260,25.584126984126986,sub-SD011_ses-01_task-PassiveListen__seg-017,sub-SD011,692.111505529,717.6956325131271,train
sub-SD011_ses-01_task-PassiveListen__seg-018,sub-SD011,ses-01,sub-SD011_ses-01_task-PassiveListen,sub-SD011/ses-01/sub-SD011_ses-01_task-PassiveListen_events.tsv,18,s4003b-ex01,PASSAGE,s4003b,en,BLOCK_DIRECTORY_AND_EVENT_LEXICON,block-02,True,,305,726.194995332,751.116307332,726.094995332,751.4889409102313,PASS,1.1368683772161603e-13,25.021312,0.37263357823129084,stimuli/excerpts/Block 2/s4003b-ex01_normed.wav,BUNDLED_BLOCK_AUDIO,2239790,2023-08-18T13:23:55+00:00,44100,1,1119873,25.393945578231293,sub-SD011_ses-01_task-PassiveListen__seg-018,sub-SD011,726.094995332,751.4889409102313,train
sub-SD011_ses-01_task-PassiveListen__seg-019,sub-SD011,ses-01,sub-SD011_ses-01_task-PassiveListen,sub-SD011/ses-01/sub-SD011_ses-01_task-PassiveListen_events.tsv,19,s2202b-ex02,PASSAGE,s2202b,en,BLOCK_DIRECTORY_AND_EVENT_LEXICON,block-02,True,,444,760.585879645,814.514765645,760.4858796450001,815.0132492595126,PASS,2.2737367544323206e-13,54.02888599999992,0.4984836145125513,stimuli/excerpts/Block 2/s2202b-ex02_normed.wav,BUNDLED_BLOCK_AUDIO,4809358,2023-08-18T13:23:53+00:00,44100,1,2404657,54.52736961451247,sub-SD011_ses-01_task-PassiveListen__seg-019,sub-SD011,760.4858796450001,815.0132492595126,train
sub-SD011_ses-01_task-PassiveListen__seg-020,sub-SD011,ses-01,sub-SD011_ses-01_task-PassiveListen,sub-SD011/ses-01/sub-SD011_ses-01_task-PassiveListen_events.tsv,20,s3602b-ex02,PASSAGE,s3602b,en,BLOCK_DIRECTORY_AND_EVENT_LEXICON,block-02,True,,288,828.50094444,860.63584544,828.40094444,861.2999467075737,PASS,2.2737367544323206e-13,32.23490099999999,0.664101267573713,stimuli/excerpts/Block 2/s3602b-ex02_normed.wav,BUNDLED_BLOCK_AUDIO,2901736,2023-08-18T13:23:54+00:00,44100,1,1450846,32.8990022675737,sub-SD011_ses-01_task-PassiveListen__seg-020,sub-SD011,828.40094444,861.2999467075737,train
sub-SD011_ses-01_task-PassiveListen__seg-021,sub-SD011,ses-01,sub-SD011_ses-01_task-PassiveListen,sub-SD011/ses-01/sub-SD011_ses-01_task-PassiveListen_events.tsv,21,s1201a-ex01,PASSAGE,s1201a,en,BLOCK_DIRECTORY_AND_EVENT_LEXICON,block-02,True,,437,868.934315262,902.4975572620001,868.834315262,903.3912540375102,PASS,1.1368683772161603e-13,33.66324200000006,0.8936967755101435,stimuli/excerpts/Block 2/s1201a-ex01_normed.wav,BUNDLED_BLOCK_AUDIO,3047966,2023-08-18T13:23:52+00:00,44100,1,1523961,34.556938775510204,sub-SD011_ses-01_task-PassiveListen__seg-021,sub-SD011,868.834315262,903.3912540375102,train
sub-SD011_ses-01_task-PassiveListen__seg-024,sub-SD011,ses-01,sub-SD011_ses-01_task-PassiveListen,sub-SD011/ses-01/sub-SD011_ses-01_task-PassiveListen_events.tsv,24,s1303a-ex02,PASSAGE,s1303a,en,BLOCK_DIRECTORY_AND_EVENT_LEXICON,block-03,True,,211,977.035625,1005.8071600000001,976.935625,1006.2806816893424,PASS,1.1368683772161603e-13,28.871535000000033,0.4735216893423697,stimuli/excerpts/Block 3/s1303a-ex02_normed.wav,BUNDLED_BLOCK_AUDIO,2588278,2023-08-18T13:23:56+00:00,44100,1,1294117,29.345056689342403,sub-SD011_ses-01_task-PassiveListen__seg-024,sub-SD011,976.935625,1006.2806816893424,validation
sub-SD011_ses-01_task-PassiveListen__seg-025,sub-SD011,ses-01,sub-SD011_ses-01_task-PassiveListen,sub-SD011/ses-01/sub-SD011_ses-01_task-PassiveListen_events.tsv,25,s3301a-ex02,PASSAGE,s3301a,en,BLOCK_DIRECTORY_AND_EVENT_LEXICON,block-03,True,,406,1025.04599248,1061.83397048,1024.94599248,1062.1839970151475,PASS,2.2737367544323206e-13,36.88797800000001,0.3500265351473786,stimuli/excerpts/Block 3/s3301a-ex02_normed.wav,BUNDLED_BLOCK_AUDIO,3284436,2023-08-18T13:23:57+00:00,44100,1,1642196,37.23800453514739,sub-SD011_ses-01_task-PassiveListen__seg-025,sub-SD011,1024.94599248,1062.1839970151475,validation
sub-SD011_ses-01_task-PassiveListen__seg-026,sub-SD011,ses-01,sub-SD011_ses-01_task-PassiveListen,sub-SD011/ses-01/sub-SD011_ses-01_task-PassiveListen_events.tsv,26,s1501a-ex01,PASSAGE,s1501a,en,BLOCK_DIRECTORY_AND_EVENT_LEXICON,block-03,True,,404,1071.8951639,1114.5391679,1071.7951639,1114.9335992741496,PASS,2.2737367544323206e-13,42.74400400000002,0.39443137414964013,stimuli/excerpts/Block 3/s1501a-ex01_normed.wav,BUNDLED_BLOCK_AUDIO,3804854,2023-08-18T13:23:56+00:00,44100,1,1902405,43.13843537414966,sub-SD011_ses-01_task-PassiveListen__seg-026,sub-SD011,1071.7951639,1114.9335992741496,validation
sub-SD011_ses-01_task-PassiveListen__seg-027,sub-SD011,ses-01,sub-SD011_ses-01_task-PassiveListen,sub-SD011/ses-01/sub-SD011_ses-01_task-PassiveListen_events.tsv,27,s1401a-ex02,PASSAGE,s1401a,en,BLOCK_DIRECTORY_AND_EVENT_LEXICON,block-03,True,,434,1123.73462343,1159.89487343,1123.63462343,1160.2170497338548,PASS,2.2737367544323206e-13,36.26025000000001,0.3221763038548602,stimuli/excerpts/Block 3/s1401a-ex02_normed.wav,BUNDLED_BLOCK_AUDIO,3226614,2023-08-18T13:23:56+00:00,44100,1,1613285,36.582426303854874,sub-SD011_ses-01_task-PassiveListen__seg-027,sub-SD011,1123.63462343,1160.2170497338548,validation
sub-SD011_ses-01_task-PassiveListen__seg-028,sub-SD011,ses-01,sub-SD011_ses-01_task-PassiveListen,sub-SD011/ses-01/sub-SD011_ses-01_task-PassiveListen_events.tsv,28,s3903b-ex02,PASSAGE,s3903b,en,BLOCK_DIRECTORY_AND_EVENT_LEXICON,block-03,True,,325,1170.02103889,1202.57697989,1169.92103889,1202.8577962596146,PASS,2.2737367544323206e-13,32.65594099999999,0.28081636961452006,stimuli/excerpts/Block 3/s3903b-ex02_normed.wav,BUNDLED_BLOCK_AUDIO,2905066,2023-08-18T13:23:58+00:00,44100,1,1452511,32.93675736961451,sub-SD011_ses-01_task-PassiveListen__seg-028,sub-SD011,1169.92103889,1202.8577962596146,validation
sub-SD011_ses-01_task-PassiveListen__seg-029,sub-SD011,ses-01,sub-SD011_ses-01_task-PassiveListen,sub-SD011/ses-01/sub-SD011_ses-01_task-PassiveListen_events.tsv,29,s3201a-ex01,PASSAGE,s3201a,en,BLOCK_DIRECTORY_AND_EVENT_LEXICON,block-03,True,,1105,1212.89536676,1288.9770677600002,1212.79536676,1289.8851853541044,PASS,2.2737367544323206e-13,76.18170099999998,0.9081175941043398,stimuli/excerpts/Block 3/s3201a-ex01_normed.wav,BUNDLED_BLOCK_AUDIO,6799366,2023-08-18T13:23:57+00:00,44100,1,3399661,77.08981859410432,sub-SD011_ses-01_task-PassiveListen__seg-029,sub-SD011,1212.79536676,1289.8851853541044,validation
sub-SD011_ses-01_task-PassiveListen__seg-032,sub-SD011,ses-01,sub-SD011_ses-01_task-PassiveListen,sub-SD011/ses-01/sub-SD011_ses-01_task-PassiveListen_events.tsv,32,s1001a-ex01,PASSAGE,s1001a,en,BLOCK_DIRECTORY_AND_EVENT_LEXICON,block-03,True,,541,1361.62290866,1402.78924766,1361.52290866,1403.1942238527438,PASS,2.2737367544323206e-13,41.266339,0.40497619274376007,stimuli/excerpts/Block 3/s1001a-ex01_normed.wav,BUNDLED_BLOCK_AUDIO,3675454,2023-08-18T13:23:55+00:00,44100,1,1837705,41.67131519274376,sub-SD011_ses-01_task-PassiveListen__seg-032,sub-SD011,1361.52290866,1403.1942238527438,validation
sub-SD011_ses-01_task-PassiveListen__seg-033,sub-SD011,ses-01,sub-SD011_ses-01_task-PassiveListen,sub-SD011/ses-01/sub-SD011_ses-01_task-PassiveListen_events.tsv,33,s3703b-ex01,PASSAGE,s3703b,en,BLOCK_DIRECTORY_AND_EVENT_LEXICON,block-03,True,,408,1410.40634077,1444.73416877,1410.30634077,1445.6780868017458,PASS,2.2737367544323206e-13,34.42782800000001,0.9439180317460227,stimuli/excerpts/Block 3/s3703b-ex01_normed.wav,BUNDLED_BLOCK_AUDIO,3119832,2023-08-18T13:23:57+00:00,44100,1,1559894,35.371746031746035,sub-SD011_ses-01_task-PassiveListen__seg-033,sub-SD011,1410.30634077,1445.6780868017458,validation
sub-SD011_ses-01_task-PassiveListen__seg-034,sub-SD011,ses-01,sub-SD011_ses-01_task-PassiveListen,sub-SD011/ses-01/sub-SD011_ses-01_task-PassiveListen_events.tsv,34,s2801a-ex01,PASSAGE,s2801a,en,BLOCK_DIRECTORY_AND_EVENT_LEXICON,block-04,True,,743,1464.13013235,1524.42505535,1464.03013235,1524.9579554792517,PASS,2.2737367544323206e-13,60.39492300000001,0.5329001292516864,stimuli/excerpts/Block 4/s2801a-ex01_normed.wav,BUNDLED_BLOCK_AUDIO,5373878,2023-08-18T13:24:00+00:00,44100,1,2686917,60.9278231292517,sub-SD011_ses-01_task-PassiveListen__seg-034,sub-SD011,1464.03013235,1524.9579554792517,test
sub-SD011_ses-01_task-PassiveListen__seg-035,sub-SD011,ses-01,sub-SD011_ses-01_task-PassiveListen,sub-SD011/ses-01/sub-SD011_ses-01_task-PassiveListen_events.tsv,35,s1604a-ex01,PASSAGE,s1604a,en,BLOCK_DIRECTORY_AND_EVENT_LEXICON,block-04,True,,539,1534.93638983,1581.15207783,1534.83638983,1581.2000179479137,PASS,2.2737367544323206e-13,46.315688,0.047940117913832125,stimuli/excerpts/Block 4/s1604a-ex01_normed.wav,BUNDLED_BLOCK_AUDIO,4089316,2023-08-18T13:23:59+00:00,44100,1,2044636,46.363628117913834,sub-SD011_ses-01_task-PassiveListen__seg-035,sub-SD011,1534.83638983,1581.2000179479137,test
sub-SD011_ses-01_task-PassiveListen__seg-036,sub-SD011,ses-01,sub-SD011_ses-01_task-PassiveListen,sub-SD011/ses-01/sub-SD011_ses-01_task-PassiveListen_events.tsv,36,s0702a-ex01,PASSAGE,s0702a,en,BLOCK_DIRECTORY_AND_EVENT_LEXICON,block-04,True,,370,1591.940622,1620.115476,1591.840622,1622.3028668979591,PASS,2.2737367544323206e-13,28.274854000000005,2.1873908979591796,stimuli/excerpts/Block 4/s0702a-ex01_normed.wav,BUNDLED_BLOCK_AUDIO,2686814,2023-08-18T13:23:59+00:00,44100,1,1343385,30.462244897959184,sub-SD011_ses-01_task-PassiveListen__seg-036,sub-SD011,1591.840622,1622.3028668979591,test
sub-SD011_ses-01_task-PassiveListen__seg-037,sub-SD011,ses-01,sub-SD011_ses-01_task-PassiveListen,sub-SD011/ses-01/sub-SD011_ses-01_task-PassiveListen_events.tsv,37,s3902a-ex01,PASSAGE,s3902a,en,BLOCK_DIRECTORY_AND_EVENT_LEXICON,block-04,True,,312,1630.29251413,1661.41183513,1630.19251413,1661.746142247914,PASS,2.2737367544323206e-13,31.21932099999996,0.3343071179138697,stimuli/excerpts/Block 4/s3902a-ex01_normed.wav,BUNDLED_BLOCK_AUDIO,2783074,2023-08-18T13:24:01+00:00,44100,1,1391515,31.55362811791383,sub-SD011_ses-01_task-PassiveListen__seg-037,sub-SD011,1630.19251413,1661.746142247914,test
sub-SD011_ses-01_task-PassiveListen__seg-038,sub-SD011,ses-01,sub-SD011_ses-01_task-PassiveListen,sub-SD011/ses-01/sub-SD011_ses-01_task-PassiveListen_events.tsv,38,s3802a-ex01,PASSAGE,s3802a,en,BLOCK_DIRECTORY_AND_EVENT_LEXICON,block-04,True,,362,1672.72525517,1706.56126517,1672.62525517,1707.3014456461904,PASS,2.2737367544323206e-13,33.936010000000046,0.7401804761904316,stimuli/excerpts/Block 4/s3802a-ex01_normed.wav,BUNDLED_BLOCK_AUDIO,3058484,2023-08-18T13:24:00+00:00,44100,1,1529220,34.67619047619048,sub-SD011_ses-01_task-PassiveListen__seg-038,sub-SD011,1672.62525517,1707.3014456461904,test
sub-SD011_ses-01_task-PassiveListen__seg-039,sub-SD011,ses-01,sub-SD011_ses-01_task-PassiveListen,sub-SD011/ses-01/sub-SD011_ses-01_task-PassiveListen_events.tsv,39,s2102a-ex03,PASSAGE,s2102a,en,BLOCK_DIRECTORY_AND_EVENT_LEXICON,block-04,True,,346,1792.35906972,1836.55215272,1792.25906972,1837.5321989717008,PASS,2.2737367544323206e-13,44.29308300000003,0.9800462517006494,stimuli/excerpts/Block 4/s2102a-ex03_normed.wav,BUNDLED_BLOCK_AUDIO,3993134,2023-08-18T13:23:59+00:00,44100,1,1996545,45.27312925170068,sub-SD011_ses-01_task-PassiveListen__seg-039,sub-SD011,1792.25906972,1837.5321989717008,test
sub-SD011_ses-01_task-PassiveListen__seg-042,sub-SD011,ses-01,sub-SD011_ses-01_task-PassiveListen,sub-SD011/ses-01/sub-SD011_ses-01_task-PassiveListen_events.tsv,42,s0202b-ex01,PASSAGE,s0202b,en,BLOCK_DIRECTORY_AND_EVENT_LEXICON,block-04,True,,671,1895.67525474,1952.23025474,1895.57525474,1952.4931912479365,PASS,4.547473508864641e-13,56.654999999999994,0.2629365079365158,stimuli/excerpts/Block 4/s0202b-ex01_normed.wav,BUNDLED_BLOCK_AUDIO,5020206,2023-08-18T13:23:58+00:00,44100,1,2510081,56.91793650793651,sub-SD011_ses-01_task-PassiveListen__seg-042,sub-SD011,1895.57525474,1952.4931912479365,test
sub-SD011_ses-01_task-PassiveListen__seg-043,sub-SD011,ses-01,sub-SD011_ses-01_task-PassiveListen,sub-SD011/ses-01/sub-SD011_ses-01_task-PassiveListen_events.tsv,43,s3102b-ex01,PASSAGE,s3102b,en,BLOCK_DIRECTORY_AND_EVENT_LEXICON,block-04,True,,159,1963.26335008,1982.98468008,1963.16335008,1983.9652321661679,PASS,2.2737367544323206e-13,19.82133,0.9805520861678012,stimuli/excerpts/Block 4/s3102b-ex01_normed.wav,BUNDLED_BLOCK_AUDIO,1834770,2023-08-18T13:24:00+00:00,44100,1,917363,20.8018820861678,sub-SD011_ses-01_task-PassiveListen__seg-043,sub-SD011,1963.16335008,1983.9652321661679,test
sub-SD011_ses-01_task-PassiveListen__seg-044,sub-SD011,ses-01,sub-SD011_ses-01_task-PassiveListen,sub-SD011/ses-01/sub-SD011_ses-01_task-PassiveListen_events.tsv,44,s1202b-ex01,PASSAGE,s1202b,en,BLOCK_DIRECTORY_AND_EVENT_LEXICON,block-05,True,,417,2000.79617375,2035.00451475,2000.69617375,2035.1742916638323,PASS,2.2737367544323206e-13,34.308341,0.16977691383220161,stimuli/excerpts/Block 5/s1202b-ex01_normed.wav,BUNDLED_BLOCK_AUDIO,3041014,2023-08-18T13:24:02+00:00,44100,1,1520485,34.4781179138322,sub-SD011_ses-01_task-PassiveListen__seg-044,sub-SD011,2000.69617375,2035.1742916638323,train
sub-SD011_ses-01_task-PassiveListen__seg-045,sub-SD011,ses-01,sub-SD011_ses-01_task-PassiveListen,sub-SD011/ses-01/sub-SD011_ses-01_task-PassiveListen_events.tsv,45,s1103a-ex01,PASSAGE,s1103a,en,BLOCK_DIRECTORY_AND_EVENT_LEXICON,block-05,True,,443,2049.11446015,2103.21729215,2049.01446015,2103.7071585626986,PASS,4.547473508864641e-13,54.20283199999998,0.4898664126984329,stimuli/excerpts/Block 5/s1103a-ex01_normed.wav,BUNDLED_BLOCK_AUDIO,4823940,2023-08-18T13:24:02+00:00,44100,1,2411948,54.69269841269841,sub-SD011_ses-01_task-PassiveListen__seg-045,sub-SD011,2049.01446015,2103.7071585626986,train
sub-SD011_ses-01_task-PassiveListen__seg-046,sub-SD011,ses-01,sub-SD011_ses-01_task-PassiveListen,sub-SD011/ses-01/sub-SD011_ses-01_task-PassiveListen_events.tsv,46,s1703b-ex01,PASSAGE,s1703b,en,BLOCK_DIRECTORY_AND_EVENT_LEXICON,block-05,True,,431,2113.54675511,2166.60975511,2113.44675511,2166.947639463742,PASS,4.547473508864641e-13,53.16299999999999,0.33788435374150794,stimuli/excerpts/Block 5/s1703b-ex01_normed.wav,BUNDLED_BLOCK_AUDIO,4718822,2023-08-18T13:24:03+00:00,44100,1,2359389,53.5008843537415,sub-SD011_ses-01_task-PassiveListen__seg-046,sub-SD011,2113.44675511,2166.947639463742,train
sub-SD011_ses-01_task-PassiveListen__seg-047,sub-SD011,ses-01,sub-SD011_ses-01_task-PassiveListen,sub-SD011/ses-01/sub-SD011_ses-01_task-PassiveListen_events.tsv,47,s0203b-ex01,PASSAGE,s0203b,en,BLOCK_DIRECTORY_AND_EVENT_LEXICON,block-05,True,,505,2177.62410383,2219.41722183,2177.52410383,2220.4755324014286,PASS,4.547473508864641e-13,41.89311800000002,1.0583105714285495,stimuli/excerpts/Block 5/s0203b-ex01_normed.wav,BUNDLED_BLOCK_AUDIO,3788360,2023-08-18T13:24:01+00:00,44100,1,1894158,42.95142857142857,sub-SD011_ses-01_task-PassiveListen__seg-047,sub-SD011,2177.52410383,2220.4755324014286,train
sub-SD011_ses-01_task-PassiveListen__seg-048,sub-SD011,ses-01,sub-SD011_ses-01_task-PassiveListen,sub-SD011/ses-01/sub-SD011_ses-01_task-PassiveListen_events.tsv,48,s1401b-ex01,PASSAGE,s1401b,en,BLOCK_DIRECTORY_AND_EVENT_LEXICON,block-05,True,,664,2229.80005794,2283.77912994,2229.70005794,2284.1369286882996,PASS,4.547473508864641e-13,54.079072000000004,0.35779874829931657,stimuli/excerpts/Block 5/s1401b-ex01_normed.wav,BUNDLED_BLOCK_AUDIO,4801376,2023-08-18T13:24:03+00:00,44100,1,2400666,54.43687074829932,sub-SD011_ses-01_task-PassiveListen__seg-048,sub-SD011,2229.70005794,2284.1369286882996,train
sub-SD011_ses-01_task-PassiveListen__seg-051,sub-SD011,ses-01,sub-SD011_ses-01_task-PassiveListen,sub-SD011/ses-01/sub-SD011_ses-01_task-PassiveListen_events.tsv,51,s3003a-ex01,PASSAGE,s3003a,en,BLOCK_DIRECTORY_AND_EVENT_LEXICON,block-05,True,,371,2348.34071439,2381.33978339,2348.24071439,2381.7850908072337,PASS,9.094947017729282e-13,33.099069000000014,0.4453074172335434,stimuli/excerpts/Block 5/s3003a-ex01_normed.wav,BUNDLED_BLOCK_AUDIO,2958658,2023-08-18T13:24:03+00:00,44100,1,1479307,33.54437641723356,sub-SD011_ses-01_task-PassiveListen__seg-051,sub-SD011,2348.24071439,2381.7850908072337,train
sub-SD011_ses-01_task-PassiveListen__seg-052,sub-SD011,ses-01,sub-SD011_ses-01_task-PassiveListen,sub-SD011/ses-01/sub-SD011_ses-01_task-PassiveListen_events.tsv,52,s1503a-ex01,PASSAGE,s1503a,en,BLOCK_DIRECTORY_AND_EVENT_LEXICON,block-05,True,,430,2390.92839916,2407.2796561600003,2390.82839916,2407.6840227427665,PASS,4.547473508864641e-13,16.451257000000005,0.40436658276643556,stimuli/excerpts/Block 5/s1503a-ex01_normed.wav,BUNDLED_BLOCK_AUDIO,1486710,2023-08-18T13:24:03+00:00,44100,1,743333,16.85562358276644,sub-SD011_ses-01_task-PassiveListen__seg-052,sub-SD011,2390.82839916,2407.6840227427665,train
sub-SD011_ses-01_task-PassiveListen__seg-053,sub-SD011,ses-01,sub-SD011_ses-01_task-PassiveListen,sub-SD011/ses-01/sub-SD011_ses-01_task-PassiveListen_events.tsv,53,s0802b-ex01,PASSAGE,s0802b,en,BLOCK_DIRECTORY_AND_EVENT_LEXICON,block-05,True,,328,2415.98689,2445.154981,2415.8868899999998,2445.880132630385,PASS,4.547473508864641e-13,29.268091000000013,0.7251516303854757,stimuli/excerpts/Block 5/s0802b-ex01_normed.wav,BUNDLED_BLOCK_AUDIO,2645448,2023-08-18T13:24:02+00:00,44100,1,1322702,29.993242630385488,sub-SD011_ses-01_task-PassiveListen__seg-053,sub-SD011,2415.8868899999998,2445.880132630385,train
sub-SD011_ses-01_task-PassiveListen__seg-054,sub-SD011,ses-01,sub-SD011_ses-01_task-PassiveListen,sub-SD011/ses-01/sub-SD011_ses-01_task-PassiveListen_events.tsv,54,s1702b-ex01,PASSAGE,s1702b,en,BLOCK_DIRECTORY_AND_EVENT_LEXICON,block-06,True,,369,2470.68444646,2511.68844646,2470.58444646,2512.0076890903856,PASS,4.547473508864641e-13,41.10399999999999,0.31924263038549583,stimuli/excerpts/Block 6/s1702b-ex01_normed.wav,BUNDLED_BLOCK_AUDIO,3653574,2023-08-18T13:24:05+00:00,44100,1,1826765,41.42324263038549,sub-SD011_ses-01_task-PassiveListen__seg-054,sub-SD011,2470.58444646,2512.0076890903856,train
sub-SD011_ses-01_task-PassiveListen__seg-055,sub-SD011,ses-01,sub-SD011_ses-01_task-PassiveListen,sub-SD011/ses-01/sub-SD011_ses-01_task-PassiveListen_events.tsv,55,s0901b-ex01,PASSAGE,s0901b,en,BLOCK_DIRECTORY_AND_EVENT_LEXICON,block-06,True,,311,2522.77306172,2558.72769272,2522.67306172,2559.0491841689795,PASS,4.547473508864641e-13,36.05463099999999,0.32149144897960014,stimuli/excerpts/Block 6/s0901b-ex01_normed.wav,BUNDLED_BLOCK_AUDIO,3208418,2023-08-18T13:24:04+00:00,44100,1,1604187,36.376122448979594,sub-SD011_ses-01_task-PassiveListen__seg-055,sub-SD011,2522.67306172,2559.0491841689795,train
sub-SD011_ses-01_task-PassiveListen__seg-056,sub-SD011,ses-01,sub-SD011_ses-01_task-PassiveListen,sub-SD011/ses-01/sub-SD011_ses-01_task-PassiveListen_events.tsv,56,s2302b-ex01,PASSAGE,s2302b,en,BLOCK_DIRECTORY_AND_EVENT_LEXICON,block-06,True,,316,2571.25185002,2605.72351202,2571.15185002,2606.275342083492,PASS,4.547473508864641e-13,34.57166199999998,0.5518300634920834,stimuli/excerpts/Block 6/s2302b-ex01_normed.wav,BUNDLED_BLOCK_AUDIO,3097936,2023-08-18T13:24:06+00:00,44100,1,1548946,35.123492063492066,sub-SD011_ses-01_task-PassiveListen__seg-056,sub-SD011,2571.15185002,2606.275342083492,train
sub-SD011_ses-01_task-PassiveListen__seg-057,sub-SD011,ses-01,sub-SD011_ses-01_task-PassiveListen,sub-SD011/ses-01/sub-SD011_ses-01_task-PassiveListen_events.tsv,57,s3801a-ex01,PASSAGE,s3801a,en,BLOCK_DIRECTORY_AND_EVENT_LEXICON,block-06,True,,350,2618.67650944,2651.47907144,2618.57650944,2651.678142093061,PASS,4.547473508864641e-13,32.90256200000002,0.19907065306120586,stimuli/excerpts/Block 6/s3801a-ex01_normed.wav,BUNDLED_BLOCK_AUDIO,2919608,2023-08-18T13:24:06+00:00,44100,1,1459782,33.10163265306122,sub-SD011_ses-01_task-PassiveListen__seg-057,sub-SD011,2618.57650944,2651.678142093061,train
sub-SD011_ses-01_task-PassiveListen__seg-058,sub-SD011,ses-01,sub-SD011_ses-01_task-PassiveListen,sub-SD011/ses-01/sub-SD011_ses-01_task-PassiveListen_events.tsv,58,s0305a-ex01,PASSAGE,s0305a,en,BLOCK_DIRECTORY_AND_EVENT_LEXICON,block-06,True,,377,2664.82299803,2707.97240903,2664.72299803,2708.230367644512,PASS,4.547473508864641e-13,43.249410999999995,0.25795861451247504,stimuli/excerpts/Block 6/s0305a-ex01_normed.wav,BUNDLED_BLOCK_AUDIO,3837394,2023-08-18T13:24:04+00:00,44100,1,1918675,43.50736961451247,sub-SD011_ses-01_task-PassiveListen__seg-058,sub-SD011,2664.72299803,2708.230367644512,train
sub-SD011_ses-01_task-PassiveListen__seg-059,sub-SD011,ses-01,sub-SD011_ses-01_task-PassiveListen,sub-SD011/ses-01/sub-SD011_ses-01_task-PassiveListen_events.tsv,59,s1503a-ex02,PASSAGE,s1503a,en,BLOCK_DIRECTORY_AND_EVENT_LEXICON,block-06,True,,328,2717.69775819,2744.25072919,2717.59775819,2745.211998552812,PASS,4.547473508864641e-13,26.652971000000072,0.9612693628117199,stimuli/excerpts/Block 6/s1503a-ex02_normed.wav,BUNDLED_BLOCK_AUDIO,2435620,2023-08-18T13:24:05+00:00,44100,1,1217788,27.614240362811792,sub-SD011_ses-01_task-PassiveListen__seg-059,sub-SD011,2717.59775819,2745.211998552812,train
sub-SD011_ses-01_task-PassiveListen__seg-060,sub-SD011,ses-01,sub-SD011_ses-01_task-PassiveListen,sub-SD011/ses-01/sub-SD011_ses-01_task-PassiveListen_events.tsv,60,s1203a-ex01,PASSAGE,s1203a,en,BLOCK_DIRECTORY_AND_EVENT_LEXICON,block-06,True,,373,2752.89941422,2786.46890222,2752.79941422,2786.8579176213607,PASS,4.547473508864641e-13,33.66948800000001,0.38901540136053825,stimuli/excerpts/Block 6/s1203a-ex01_normed.wav,BUNDLED_BLOCK_AUDIO,3004004,2023-08-18T13:24:05+00:00,44100,1,1501980,34.05850340136055,sub-SD011_ses-01_task-PassiveListen__seg-060,sub-SD011,2752.79941422,2786.8579176213607,train
sub-SD011_ses-01_task-PassiveListen__seg-063,sub-SD011,ses-01,sub-SD011_ses-01_task-PassiveListen,sub-SD011/ses-01/sub-SD011_ses-01_task-PassiveListen_events.tsv,63,s3003a-ex02,PASSAGE,s3003a,en,BLOCK_DIRECTORY_AND_EVENT_LEXICON,block-06,True,,504,2859.42988432,2903.79250832,2859.32988432,2903.9171405558277,PASS,4.547473508864641e-13,44.462624,0.12463223582766858,stimuli/excerpts/Block 6/s3003a-ex02_normed.wav,BUNDLED_BLOCK_AUDIO,3932640,2023-08-18T13:24:06+00:00,44100,1,1966298,44.58725623582767,sub-SD011_ses-01_task-PassiveListen__seg-063,sub-SD011,2859.32988432,2903.9171405558277,train
sub-SD012_ses-01_task-PassiveListen__seg-004,sub-SD012,ses-01,sub-SD012_ses-01_task-PassiveListen,sub-SD012/ses-01/sub-SD012_ses-01_task-PassiveListen_events.tsv,4,s1401a-ex01,PASSAGE,s1401a,en,BLOCK_DIRECTORY_AND_EVENT_LEXICON,block-01,True,,415,151.571103377,186.336854377,151.471103377,186.75523036112696,PASS,5.684341886080802e-14,34.86575099999998,0.41837598412700316,stimuli/excerpts/Block 1/s1401a-ex01_normed.wav,BUNDLED_BLOCK_AUDIO,3112104,2023-08-18T13:23:49+00:00,44100,1,1556030,35.284126984126985,sub-SD012_ses-01_task-PassiveListen__seg-004,sub-SD012,151.471103377,186.75523036112696,train
sub-SD012_ses-01_task-PassiveListen__seg-007,sub-SD012,ses-01,sub-SD012_ses-01_task-PassiveListen,sub-SD012/ses-01/sub-SD012_ses-01_task-PassiveListen_events.tsv,7,s3602b-ex01,PASSAGE,s3602b,en,BLOCK_DIRECTORY_AND_EVENT_LEXICON,block-01,True,,318,268.09408823,302.99994823,267.99408822999993,303.6024555769387,PASS,2.2737367544323206e-13,35.00586000000008,0.602507346938701,stimuli/excerpts/Block 1/s3602b-ex01_normed.wav,BUNDLED_BLOCK_AUDIO,3140702,2023-08-18T13:23:50+00:00,44100,1,1570329,35.60836734693878,sub-SD012_ses-01_task-PassiveListen__seg-007,sub-SD012,267.99408822999993,303.6024555769387,train
sub-SD012_ses-02_task-PassiveListen__seg-004,sub-SD012,ses-02,sub-SD012_ses-02_task-PassiveListen,sub-SD012/ses-02/sub-SD012_ses-02_task-PassiveListen_events.tsv,4,s4002b-ex01,PASSAGE,s4002b,en,BLOCK_DIRECTORY_AND_EVENT_LEXICON,block-01,True,,390,126.619807944,160.632454944,126.519807944,161.15130454263945,PASS,7.105427357601002e-14,34.112646999999996,0.5188495986394628,stimuli/excerpts/Block 1/s4002b-ex01_normed.wav,BUNDLED_BLOCK_AUDIO,3054542,2023-08-18T13:23:51+00:00,44100,1,1527249,34.63149659863946,sub-SD012_ses-02_task-PassiveListen__seg-004,sub-SD012,126.519807944,161.15130454263945,train
sub-SD012_ses-02_task-PassiveListen__seg-005,sub-SD012,ses-02,sub-SD012_ses-02_task-PassiveListen,sub-SD012/ses-02/sub-SD012_ses-02_task-PassiveListen_events.tsv,5,s1401a-ex01,PASSAGE,s1401a,en,BLOCK_DIRECTORY_AND_EVENT_LEXICON,block-01,True,,415,176.615371631,211.381122631,176.515371631,211.799498615127,PASS,2.842170943040401e-14,34.86575099999998,0.41837598412700316,stimuli/excerpts/Block 1/s1401a-ex01_normed.wav,BUNDLED_BLOCK_AUDIO,3112104,2023-08-18T13:23:49+00:00,44100,1,1556030,35.284126984126985,sub-SD012_ses-02_task-PassiveListen__seg-005,sub-SD012,176.515371631,211.799498615127,train
sub-SD012_ses-02_task-PassiveListen__seg-006,sub-SD012,ses-02,sub-SD012_ses-02_task-PassiveListen,sub-SD012/ses-02/sub-SD012_ses-02_task-PassiveListen_events.tsv,6,s2301a-ex01,PASSAGE,s2301a,en,BLOCK_DIRECTORY_AND_EVENT_LEXICON,block-01,True,,206,225.492055464,247.687117464,225.392055464,247.9293570513016,PASS,2.842170943040401e-14,22.295061999999998,0.24223958730159012,stimuli/excerpts/Block 1/s2301a-ex01_normed.wav,BUNDLED_BLOCK_AUDIO,1987834,2023-08-18T13:23:50+00:00,44100,1,993895,22.537301587301588,sub-SD012_ses-02_task-PassiveListen__seg-006,sub-SD012,225.392055464,247.9293570513016,train
sub-SD012_ses-02_task-PassiveListen__seg-007,sub-SD012,ses-02,sub-SD012_ses-02_task-PassiveListen,sub-SD012/ses-02/sub-SD012_ses-02_task-PassiveListen_events.tsv,7,s1303a-ex01,PASSAGE,s1303a,en,BLOCK_DIRECTORY_AND_EVENT_LEXICON,block-01,True,,311,258.710866821,292.253374821,258.610866821,292.8268078640839,PASS,1.1368683772161603e-13,33.64250799999997,0.5734330430839307,stimuli/excerpts/Block 1/s1303a-ex01_normed.wav,BUNDLED_BLOCK_AUDIO,3017890,2023-08-18T13:23:48+00:00,44100,1,1508923,34.2159410430839,sub-SD012_ses-02_task-PassiveListen__seg-007,sub-SD012,258.610866821,292.8268078640839,train
sub-SD012_ses-02_task-PassiveListen__seg-010,sub-SD012,ses-02,sub-SD012_ses-02_task-PassiveListen,sub-SD012/ses-02/sub-SD012_ses-02_task-PassiveListen_events.tsv,10,s2102a-ex01,PASSAGE,s2102a,en,BLOCK_DIRECTORY_AND_EVENT_LEXICON,block-01,True,,295,386.102976448,412.98176444800004,386.00297644799997,414.1915478765714,PASS,1.1368683772161603e-13,26.978788000000012,1.2097834285714164,stimuli/excerpts/Block 1/s2102a-ex01_normed.wav,BUNDLED_BLOCK_AUDIO,2486276,2023-08-18T13:23:49+00:00,44100,1,1243116,28.18857142857143,sub-SD012_ses-02_task-PassiveListen__seg-010,sub-SD012,386.00297644799997,414.1915478765714,train
sub-SD012_ses-02_task-PassiveListen__seg-011,sub-SD012,ses-02,sub-SD012_ses-02_task-PassiveListen,sub-SD012/ses-02/sub-SD012_ses-02_task-PassiveListen_events.tsv,11,s3602b-ex01,PASSAGE,s3602b,en,BLOCK_DIRECTORY_AND_EVENT_LEXICON,block-01,True,,318,424.694127685,459.599987685,424.59412768499993,460.2024950319387,PASS,2.2737367544323206e-13,35.00586000000008,0.602507346938701,stimuli/excerpts/Block 1/s3602b-ex01_normed.wav,BUNDLED_BLOCK_AUDIO,3140702,2023-08-18T13:23:50+00:00,44100,1,1570329,35.60836734693878,sub-SD012_ses-02_task-PassiveListen__seg-011,sub-SD012,424.59412768499993,460.2024950319387,train
sub-SD012_ses-02_task-PassiveListen__seg-012,sub-SD012,ses-02,sub-SD012_ses-02_task-PassiveListen,sub-SD012/ses-02/sub-SD012_ses-02_task-PassiveListen_events.tsv,12,s1901b-ex01,PASSAGE,s1901b,en,BLOCK_DIRECTORY_AND_EVENT_LEXICON,block-01,True,,406,470.105549735,506.951005735,470.005549735,507.39316878261906,PASS,1.1368683772161603e-13,36.945456000000014,0.442163047619033,stimuli/excerpts/Block 1/s1901b-ex01_normed.wav,BUNDLED_BLOCK_AUDIO,3297632,2023-08-18T13:23:49+00:00,44100,1,1648794,37.38761904761905,sub-SD012_ses-02_task-PassiveListen__seg-012,sub-SD012,470.005549735,507.39316878261906,train
sub-SD012_ses-02_task-PassiveListen__seg-013,sub-SD012,ses-02,sub-SD012_ses-02_task-PassiveListen,sub-SD012/ses-02/sub-SD012_ses-02_task-PassiveListen_events.tsv,13,s3001b-ex01,PASSAGE,s3001b,en,BLOCK_DIRECTORY_AND_EVENT_LEXICON,block-01,True,,485,518.138704047,566.879051047,518.038704047,567.2215158383832,PASS,1.1368683772161603e-13,48.840346999999994,0.34246479138322883,stimuli/excerpts/Block 1/s3001b-ex01_normed.wav,BUNDLED_BLOCK_AUDIO,4337968,2023-08-18T13:23:50+00:00,44100,1,2168962,49.18281179138322,sub-SD012_ses-02_task-PassiveListen__seg-013,sub-SD012,518.038704047,567.2215158383832,train
sub-SD012_ses-02_task-PassiveListen__seg-016,sub-SD012,ses-02,sub-SD012_ses-02_task-PassiveListen,sub-SD012/ses-02/sub-SD012_ses-02_task-PassiveListen_events.tsv,16,s3602b-ex02,PASSAGE,s3602b,en,BLOCK_DIRECTORY_AND_EVENT_LEXICON,block-02,True,,288,664.215727374,696.350628374,664.115727374,697.0147296415737,PASS,1.1368683772161603e-13,32.23490099999999,0.664101267573713,stimuli/excerpts/Block 2/s3602b-ex02_normed.wav,BUNDLED_BLOCK_AUDIO,2901736,2023-08-18T13:23:54+00:00,44100,1,1450846,32.8990022675737,sub-SD012_ses-02_task-PassiveListen__seg-016,sub-SD012,664.115727374,697.0147296415737,train
sub-SD012_ses-02_task-PassiveListen__seg-017,sub-SD012,ses-02,sub-SD012_ses-02_task-PassiveListen,sub-SD012/ses-02/sub-SD012_ses-02_task-PassiveListen_events.tsv,17,s3903b-ex01,PASSAGE,s3903b,en,BLOCK_DIRECTORY_AND_EVENT_LEXICON,block-02,True,,301,707.349000718,733.074326718,707.249000718,733.5019485638051,PASS,1.1368683772161603e-13,25.825326000000008,0.42762184580498186,stimuli/excerpts/Block 2/s3903b-ex01_normed.wav,BUNDLED_BLOCK_AUDIO,2315554,2023-08-18T13:23:54+00:00,44100,1,1157755,26.25294784580499,sub-SD012_ses-02_task-PassiveListen__seg-017,sub-SD012,707.249000718,733.5019485638051,train
sub-SD012_ses-02_task-PassiveListen__seg-018,sub-SD012,ses-02,sub-SD012_ses-02_task-PassiveListen,sub-SD012/ses-02/sub-SD012_ses-02_task-PassiveListen_events.tsv,18,s1201a-ex01,PASSAGE,s1201a,en,BLOCK_DIRECTORY_AND_EVENT_LEXICON,block-02,True,,437,745.684401725,779.2476437250001,745.584401725,780.1413405005102,PASS,1.1368683772161603e-13,33.66324200000006,0.8936967755101435,stimuli/excerpts/Block 2/s1201a-ex01_normed.wav,BUNDLED_BLOCK_AUDIO,3047966,2023-08-18T13:23:52+00:00,44100,1,1523961,34.556938775510204,sub-SD012_ses-02_task-PassiveListen__seg-018,sub-SD012,745.584401725,780.1413405005102,train
sub-SD012_ses-02_task-PassiveListen__seg-019,sub-SD012,ses-02,sub-SD012_ses-02_task-PassiveListen,sub-SD012/ses-02/sub-SD012_ses-02_task-PassiveListen_events.tsv,19,s2202b-ex02,PASSAGE,s2202b,en,BLOCK_DIRECTORY_AND_EVENT_LEXICON,block-02,True,,444,789.051963447,842.980849447,788.951963447,843.4793330615125,PASS,1.1368683772161603e-13,54.02888599999992,0.4984836145125513,stimuli/excerpts/Block 2/s2202b-ex02_normed.wav,BUNDLED_BLOCK_AUDIO,4809358,2023-08-18T13:23:53+00:00,44100,1,2404657,54.52736961451247,sub-SD012_ses-02_task-PassiveListen__seg-019,sub-SD012,788.951963447,843.4793330615125,train
sub-SD012_ses-02_task-PassiveListen__seg-020,sub-SD012,ses-02,sub-SD012_ses-02_task-PassiveListen,sub-SD012/ses-02/sub-SD012_ses-02_task-PassiveListen_events.tsv,20,s0703b-ex01,PASSAGE,s0703b,en,BLOCK_DIRECTORY_AND_EVENT_LEXICON,block-02,True,,419,855.624725854,894.136010854,855.524725854,894.5594197315511,PASS,1.1368683772161603e-13,38.611285,0.42340887755101875,stimuli/excerpts/Block 2/s0703b-ex01_normed.wav,BUNDLED_BLOCK_AUDIO,3442904,2023-08-18T13:23:52+00:00,44100,1,1721430,39.03469387755102,sub-SD012_ses-02_task-PassiveListen__seg-020,sub-SD012,855.524725854,894.5594197315511,train
sub-SD012_ses-02_task-PassiveListen__seg-021,sub-SD012,ses-02,sub-SD012_ses-02_task-PassiveListen,sub-SD012/ses-02/sub-SD012_ses-02_task-PassiveListen_events.tsv,21,s2102a-ex02,PASSAGE,s2102a,en,BLOCK_DIRECTORY_AND_EVENT_LEXICON,block-02,True,,373,904.630053568,940.473749568,904.530053568,940.8974912097233,PASS,2.2737367544323206e-13,35.943696000000024,0.42374164172333195,stimuli/excerpts/Block 2/s2102a-ex02_normed.wav,BUNDLED_BLOCK_AUDIO,3207652,2023-08-18T13:23:53+00:00,44100,1,1603804,36.367437641723356,sub-SD012_ses-02_task-PassiveListen__seg-021,sub-SD012,904.530053568,940.8974912097233,train
sub-SD012_ses-02_task-PassiveListen__seg-022,sub-SD012,ses-02,sub-SD012_ses-02_task-PassiveListen,sub-SD012/ses-02/sub-SD012_ses-02_task-PassiveListen_events.tsv,22,s4003b-ex01,PASSAGE,s4003b,en,BLOCK_DIRECTORY_AND_EVENT_LEXICON,block-02,True,,305,948.948739966,973.870051966,948.848739966,974.2426855442313,PASS,1.1368683772161603e-13,25.021312,0.37263357823129084,stimuli/excerpts/Block 2/s4003b-ex01_normed.wav,BUNDLED_BLOCK_AUDIO,2239790,2023-08-18T13:23:55+00:00,44100,1,1119873,25.393945578231293,sub-SD012_ses-02_task-PassiveListen__seg-022,sub-SD012,948.848739966,974.2426855442313,train
sub-SD012_ses-02_task-PassiveListen__seg-023,sub-SD012,ses-02,sub-SD012_ses-02_task-PassiveListen,sub-SD012/ses-02/sub-SD012_ses-02_task-PassiveListen_events.tsv,23,s3301a-ex01,PASSAGE,s3301a,en,BLOCK_DIRECTORY_AND_EVENT_LEXICON,block-02,True,,255,988.502088266,1013.339552266,988.4020882660001,1013.9862152501271,PASS,2.2737367544323206e-13,24.937463999999952,0.6466629841270333,stimuli/excerpts/Block 2/s3301a-ex01_normed.wav,BUNDLED_BLOCK_AUDIO,2256564,2023-08-18T13:23:54+00:00,44100,1,1128260,25.584126984126986,sub-SD012_ses-02_task-PassiveListen__seg-023,sub-SD012,988.4020882660001,1013.9862152501271,train
sub-SD012_ses-02_task-PassiveListen__seg-024,sub-SD012,ses-02,sub-SD012_ses-02_task-PassiveListen,sub-SD012/ses-02/sub-SD012_ses-02_task-PassiveListen_events.tsv,24,s1501a-ex01,PASSAGE,s1501a,en,BLOCK_DIRECTORY_AND_EVENT_LEXICON,block-03,True,,404,1027.36169699,1070.00570099,1027.26169699,1070.4001323641496,PASS,2.2737367544323206e-13,42.74400400000002,0.39443137414964013,stimuli/excerpts/Block 3/s1501a-ex01_normed.wav,BUNDLED_BLOCK_AUDIO,3804854,2023-08-18T13:23:56+00:00,44100,1,1902405,43.13843537414966,sub-SD012_ses-02_task-PassiveListen__seg-024,sub-SD012,1027.26169699,1070.4001323641496,validation
sub-SD012_ses-02_task-PassiveListen__seg-025,sub-SD012,ses-02,sub-SD012_ses-02_task-PassiveListen,sub-SD012/ses-02/sub-SD012_ses-02_task-PassiveListen_events.tsv,25,s3301a-ex02,PASSAGE,s3301a,en,BLOCK_DIRECTORY_AND_EVENT_LEXICON,block-03,True,,406,1081.01690957,1117.8048875700001,1080.91690957,1118.1549141051473,PASS,2.2737367544323206e-13,36.88797800000001,0.3500265351473786,stimuli/excerpts/Block 3/s3301a-ex02_normed.wav,BUNDLED_BLOCK_AUDIO,3284436,2023-08-18T13:23:57+00:00,44100,1,1642196,37.23800453514739,sub-SD012_ses-02_task-PassiveListen__seg-025,sub-SD012,1080.91690957,1118.1549141051473,validation
sub-SD012_ses-02_task-PassiveListen__seg-026,sub-SD012,ses-02,sub-SD012_ses-02_task-PassiveListen,sub-SD012/ses-02/sub-SD012_ses-02_task-PassiveListen_events.tsv,26,s1303a-ex02,PASSAGE,s1303a,en,BLOCK_DIRECTORY_AND_EVENT_LEXICON,block-03,True,,211,1129.31781342,1158.08934842,1129.21781342,1158.5628701093424,PASS,2.2737367544323206e-13,28.871535000000033,0.4735216893423697,stimuli/excerpts/Block 3/s1303a-ex02_normed.wav,BUNDLED_BLOCK_AUDIO,2588278,2023-08-18T13:23:56+00:00,44100,1,1294117,29.345056689342403,sub-SD012_ses-02_task-PassiveListen__seg-026,sub-SD012,1129.21781342,1158.5628701093424,validation
sub-SD012_ses-02_task-PassiveListen__seg-027,sub-SD012,ses-02,sub-SD012_ses-02_task-PassiveListen,sub-SD012/ses-02/sub-SD012_ses-02_task-PassiveListen_events.tsv,27,s1001a-ex01,PASSAGE,s1001a,en,BLOCK_DIRECTORY_AND_EVENT_LEXICON,block-03,True,,541,1170.47300262,1211.63934162,1170.37300262,1212.0443178127439,PASS,2.2737367544323206e-13,41.266339,0.40497619274376007,stimuli/excerpts/Block 3/s1001a-ex01_normed.wav,BUNDLED_BLOCK_AUDIO,3675454,2023-08-18T13:23:55+00:00,44100,1,1837705,41.67131519274376,sub-SD012_ses-02_task-PassiveListen__seg-027,sub-SD012,1170.37300262,1212.0443178127439,validation
sub-SD012_ses-02_task-PassiveListen__seg-028,sub-SD012,ses-02,sub-SD012_ses-02_task-PassiveListen,sub-SD012/ses-02/sub-SD012_ses-02_task-PassiveListen_events.tsv,28,s3201a-ex01,PASSAGE,s3201a,en,BLOCK_DIRECTORY_AND_EVENT_LEXICON,block-03,True,,1105,1220.04953221,1296.1312332100001,1219.94953221,1297.0393508041043,PASS,2.2737367544323206e-13,76.18170099999998,0.9081175941043398,stimuli/excerpts/Block 3/s3201a-ex01_normed.wav,BUNDLED_BLOCK_AUDIO,6799366,2023-08-18T13:23:57+00:00,44100,1,3399661,77.08981859410432,sub-SD012_ses-02_task-PassiveListen__seg-028,sub-SD012,1219.94953221,1297.0393508041043,validation
sub-SD012_ses-02_task-PassiveListen__seg-029,sub-SD012,ses-02,sub-SD012_ses-02_task-PassiveListen,sub-SD012/ses-02/sub-SD012_ses-02_task-PassiveListen_events.tsv,29,s3703b-ex01,PASSAGE,s3703b,en,BLOCK_DIRECTORY_AND_EVENT_LEXICON,block-03,True,,408,1314.77540414,1349.10323214,1314.67540414,1350.047150171746,PASS,2.2737367544323206e-13,34.42782800000001,0.9439180317460227,stimuli/excerpts/Block 3/s3703b-ex01_normed.wav,BUNDLED_BLOCK_AUDIO,3119832,2023-08-18T13:23:57+00:00,44100,1,1559894,35.371746031746035,sub-SD012_ses-02_task-PassiveListen__seg-029,sub-SD012,1314.67540414,1350.047150171746,validation
sub-SD012_ses-02_task-PassiveListen__seg-030,sub-SD012,ses-02,sub-SD012_ses-02_task-PassiveListen,sub-SD012/ses-02/sub-SD012_ses-02_task-PassiveListen_events.tsv,30,s1401a-ex02,PASSAGE,s1401a,en,BLOCK_DIRECTORY_AND_EVENT_LEXICON,block-03,True,,434,1365.25557882,1401.41582882,1365.15557882,1401.738005123855,PASS,2.2737367544323206e-13,36.26025000000001,0.3221763038548602,stimuli/excerpts/Block 3/s1401a-ex02_normed.wav,BUNDLED_BLOCK_AUDIO,3226614,2023-08-18T13:23:56+00:00,44100,1,1613285,36.582426303854874,sub-SD012_ses-02_task-PassiveListen__seg-030,sub-SD012,1365.15557882,1401.738005123855,validation
sub-SD012_ses-02_task-PassiveListen__seg-031,sub-SD012,ses-02,sub-SD012_ses-02_task-PassiveListen,sub-SD012/ses-02/sub-SD012_ses-02_task-PassiveListen_events.tsv,31,s3903b-ex02,PASSAGE,s3903b,en,BLOCK_DIRECTORY_AND_EVENT_LEXICON,block-03,True,,325,1421.8627924,1454.4187334,1421.7627924,1454.6995497696146,PASS,2.2737367544323206e-13,32.65594099999999,0.28081636961452006,stimuli/excerpts/Block 3/s3903b-ex02_normed.wav,BUNDLED_BLOCK_AUDIO,2905066,2023-08-18T13:23:58+00:00,44100,1,1452511,32.93675736961451,sub-SD012_ses-02_task-PassiveListen__seg-031,sub-SD012,1421.7627924,1454.6995497696146,validation
sub-SD012_ses-02_task-PassiveListen__seg-036,sub-SD012,ses-02,sub-SD012_ses-02_task-PassiveListen,sub-SD012/ses-02/sub-SD012_ses-02_task-PassiveListen_events.tsv,36,s3902a-ex01,PASSAGE,s3902a,en,BLOCK_DIRECTORY_AND_EVENT_LEXICON,block-04,True,,312,1607.06318478,1638.1825057800002,1606.9631847800001,1638.516812897914,PASS,2.2737367544323206e-13,31.21932099999996,0.3343071179138697,stimuli/excerpts/Block 4/s3902a-ex01_normed.wav,BUNDLED_BLOCK_AUDIO,2783074,2023-08-18T13:24:01+00:00,44100,1,1391515,31.55362811791383,sub-SD012_ses-02_task-PassiveListen__seg-036,sub-SD012,1606.9631847800001,1638.516812897914,test
sub-SD012_ses-02_task-PassiveListen__seg-037,sub-SD012,ses-02,sub-SD012_ses-02_task-PassiveListen,sub-SD012/ses-02/sub-SD012_ses-02_task-PassiveListen_events.tsv,37,s2102a-ex03,PASSAGE,s2102a,en,BLOCK_DIRECTORY_AND_EVENT_LEXICON,block-04,True,,346,1651.80496168,1695.99804468,1651.70496168,1696.9780909317008,PASS,4.547473508864641e-13,44.29308300000003,0.9800462517006494,stimuli/excerpts/Block 4/s2102a-ex03_normed.wav,BUNDLED_BLOCK_AUDIO,3993134,2023-08-18T13:23:59+00:00,44100,1,1996545,45.27312925170068,sub-SD012_ses-02_task-PassiveListen__seg-037,sub-SD012,1651.70496168,1696.9780909317008,test
sub-SD012_ses-02_task-PassiveListen__seg-038,sub-SD012,ses-02,sub-SD012_ses-02_task-PassiveListen,sub-SD012/ses-02/sub-SD012_ses-02_task-PassiveListen_events.tsv,38,s1604a-ex01,PASSAGE,s1604a,en,BLOCK_DIRECTORY_AND_EVENT_LEXICON,block-04,True,,539,1703.45101982,1749.66670782,1703.35101982,1749.7146479379137,PASS,2.2737367544323206e-13,46.315688,0.047940117913832125,stimuli/excerpts/Block 4/s1604a-ex01_normed.wav,BUNDLED_BLOCK_AUDIO,4089316,2023-08-18T13:23:59+00:00,44100,1,2044636,46.363628117913834,sub-SD012_ses-02_task-PassiveListen__seg-038,sub-SD012,1703.35101982,1749.7146479379137,test
sub-SD012_ses-02_task-PassiveListen__seg-039,sub-SD012,ses-02,sub-SD012_ses-02_task-PassiveListen,sub-SD012/ses-02/sub-SD012_ses-02_task-PassiveListen_events.tsv,39,s0202b-ex01,PASSAGE,s0202b,en,BLOCK_DIRECTORY_AND_EVENT_LEXICON,block-04,True,,671,1760.6041715,1817.1591715,1760.5041715,1817.4221080079365,PASS,2.2737367544323206e-13,56.654999999999994,0.2629365079365158,stimuli/excerpts/Block 4/s0202b-ex01_normed.wav,BUNDLED_BLOCK_AUDIO,5020206,2023-08-18T13:23:58+00:00,44100,1,2510081,56.91793650793651,sub-SD012_ses-02_task-PassiveListen__seg-039,sub-SD012,1760.5041715,1817.4221080079365,test
sub-SD012_ses-02_task-PassiveListen__seg-040,sub-SD012,ses-02,sub-SD012_ses-02_task-PassiveListen,sub-SD012/ses-02/sub-SD012_ses-02_task-PassiveListen_events.tsv,40,s3102b-ex01,PASSAGE,s3102b,en,BLOCK_DIRECTORY_AND_EVENT_LEXICON,block-04,True,,159,1828.86835415,1848.58968415,1828.76835415,1849.5702362361678,PASS,2.2737367544323206e-13,19.82133,0.9805520861678012,stimuli/excerpts/Block 4/s3102b-ex01_normed.wav,BUNDLED_BLOCK_AUDIO,1834770,2023-08-18T13:24:00+00:00,44100,1,917363,20.8018820861678,sub-SD012_ses-02_task-PassiveListen__seg-040,sub-SD012,1828.76835415,1849.5702362361678,test
sub-SD012_ses-02_task-PassiveListen__seg-041,sub-SD012,ses-02,sub-SD012_ses-02_task-PassiveListen,sub-SD012/ses-02/sub-SD012_ses-02_task-PassiveListen_events.tsv,41,s2801a-ex01,PASSAGE,s2801a,en,BLOCK_DIRECTORY_AND_EVENT_LEXICON,block-04,True,,743,1858.43054876,1918.72547176,1858.33054876,1919.2583718892517,PASS,2.2737367544323206e-13,60.39492300000001,0.5329001292516864,stimuli/excerpts/Block 4/s2801a-ex01_normed.wav,BUNDLED_BLOCK_AUDIO,5373878,2023-08-18T13:24:00+00:00,44100,1,2686917,60.9278231292517,sub-SD012_ses-02_task-PassiveListen__seg-041,sub-SD012,1858.33054876,1919.2583718892517,test
sub-SD012_ses-02_task-PassiveListen__seg-042,sub-SD012,ses-02,sub-SD012_ses-02_task-PassiveListen,sub-SD012/ses-02/sub-SD012_ses-02_task-PassiveListen_events.tsv,42,s3802a-ex01,PASSAGE,s3802a,en,BLOCK_DIRECTORY_AND_EVENT_LEXICON,block-04,True,,362,1928.61665751,1962.45266751,1928.51665751,1963.1928479861904,PASS,2.2737367544323206e-13,33.936010000000046,0.7401804761904316,stimuli/excerpts/Block 4/s3802a-ex01_normed.wav,BUNDLED_BLOCK_AUDIO,3058484,2023-08-18T13:24:00+00:00,44100,1,1529220,34.67619047619048,sub-SD012_ses-02_task-PassiveListen__seg-042,sub-SD012,1928.51665751,1963.1928479861904,test
sub-SD012_ses-02_task-PassiveListen__seg-043,sub-SD012,ses-02,sub-SD012_ses-02_task-PassiveListen,sub-SD012/ses-02/sub-SD012_ses-02_task-PassiveListen_events.tsv,43,s0702a-ex01,PASSAGE,s0702a,en,BLOCK_DIRECTORY_AND_EVENT_LEXICON,block-04,True,,370,1975.59126138,2003.76611538,1975.49126138,2005.9535062779591,PASS,2.2737367544323206e-13,28.274854000000005,2.1873908979591796,stimuli/excerpts/Block 4/s0702a-ex01_normed.wav,BUNDLED_BLOCK_AUDIO,2686814,2023-08-18T13:23:59+00:00,44100,1,1343385,30.462244897959184,sub-SD012_ses-02_task-PassiveListen__seg-043,sub-SD012,1975.49126138,2005.9535062779591,test
sub-SD012_ses-02_task-PassiveListen__seg-044,sub-SD012,ses-02,sub-SD012_ses-02_task-PassiveListen,sub-SD012/ses-02/sub-SD012_ses-02_task-PassiveListen_events.tsv,44,s1401b-ex01,PASSAGE,s1401b,en,BLOCK_DIRECTORY_AND_EVENT_LEXICON,block-05,True,,664,2029.87595648,2083.8550284800003,2029.77595648,2084.2128272282994,PASS,4.547473508864641e-13,54.079072000000004,0.35779874829931657,stimuli/excerpts/Block 5/s1401b-ex01_normed.wav,BUNDLED_BLOCK_AUDIO,4801376,2023-08-18T13:24:03+00:00,44100,1,2400666,54.43687074829932,sub-SD012_ses-02_task-PassiveListen__seg-044,sub-SD012,2029.77595648,2084.2128272282994,train
sub-SD012_ses-02_task-PassiveListen__seg-045,sub-SD012,ses-02,sub-SD012_ses-02_task-PassiveListen,sub-SD012/ses-02/sub-SD012_ses-02_task-PassiveListen_events.tsv,45,s0802b-ex01,PASSAGE,s0802b,en,BLOCK_DIRECTORY_AND_EVENT_LEXICON,block-05,True,,328,2091.7347221,2120.9028131,2091.6347221,2121.6279647303854,PASS,4.547473508864641e-13,29.268091000000013,0.7251516303854757,stimuli/excerpts/Block 5/s0802b-ex01_normed.wav,BUNDLED_BLOCK_AUDIO,2645448,2023-08-18T13:24:02+00:00,44100,1,1322702,29.993242630385488,sub-SD012_ses-02_task-PassiveListen__seg-045,sub-SD012,2091.6347221,2121.6279647303854,train
sub-SD012_ses-02_task-PassiveListen__seg-046,sub-SD012,ses-02,sub-SD012_ses-02_task-PassiveListen,sub-SD012/ses-02/sub-SD012_ses-02_task-PassiveListen_events.tsv,46,s1703b-ex01,PASSAGE,s1703b,en,BLOCK_DIRECTORY_AND_EVENT_LEXICON,block-05,True,,431,2133.35591017,2186.41891017,2133.25591017,2186.7567945237415,PASS,4.547473508864641e-13,53.16299999999999,0.33788435374150794,stimuli/excerpts/Block 5/s1703b-ex01_normed.wav,BUNDLED_BLOCK_AUDIO,4718822,2023-08-18T13:24:03+00:00,44100,1,2359389,53.5008843537415,sub-SD012_ses-02_task-PassiveListen__seg-046,sub-SD012,2133.25591017,2186.7567945237415,train
sub-SD012_ses-02_task-PassiveListen__seg-047,sub-SD012,ses-02,sub-SD012_ses-02_task-PassiveListen,sub-SD012/ses-02/sub-SD012_ses-02_task-PassiveListen_events.tsv,47,s0203b-ex01,PASSAGE,s0203b,en,BLOCK_DIRECTORY_AND_EVENT_LEXICON,block-05,True,,505,2195.69221075,2237.48532875,2195.59221075,2238.5436393214286,PASS,4.547473508864641e-13,41.89311800000002,1.0583105714285495,stimuli/excerpts/Block 5/s0203b-ex01_normed.wav,BUNDLED_BLOCK_AUDIO,3788360,2023-08-18T13:24:01+00:00,44100,1,1894158,42.95142857142857,sub-SD012_ses-02_task-PassiveListen__seg-047,sub-SD012,2195.59221075,2238.5436393214286,train
sub-SD012_ses-02_task-PassiveListen__seg-048,sub-SD012,ses-02,sub-SD012_ses-02_task-PassiveListen,sub-SD012/ses-02/sub-SD012_ses-02_task-PassiveListen_events.tsv,48,s1202b-ex01,PASSAGE,s1202b,en,BLOCK_DIRECTORY_AND_EVENT_LEXICON,block-05,True,,417,2249.25491276,2283.46325376,2249.15491276,2283.6330306738323,PASS,4.547473508864641e-13,34.308341,0.16977691383220161,stimuli/excerpts/Block 5/s1202b-ex01_normed.wav,BUNDLED_BLOCK_AUDIO,3041014,2023-08-18T13:24:02+00:00,44100,1,1520485,34.4781179138322,sub-SD012_ses-02_task-PassiveListen__seg-048,sub-SD012,2249.15491276,2283.6330306738323,train
sub-SD012_ses-02_task-PassiveListen__seg-049,sub-SD012,ses-02,sub-SD012_ses-02_task-PassiveListen,sub-SD012/ses-02/sub-SD012_ses-02_task-PassiveListen_events.tsv,49,s1503a-ex01,PASSAGE,s1503a,en,BLOCK_DIRECTORY_AND_EVENT_LEXICON,block-05,True,,430,2300.22855931,2316.5798163100003,2300.12855931,2316.9841828927665,PASS,4.547473508864641e-13,16.451257000000005,0.40436658276643556,stimuli/excerpts/Block 5/s1503a-ex01_normed.wav,BUNDLED_BLOCK_AUDIO,1486710,2023-08-18T13:24:03+00:00,44100,1,743333,16.85562358276644,sub-SD012_ses-02_task-PassiveListen__seg-049,sub-SD012,2300.12855931,2316.9841828927665,train
sub-SD012_ses-02_task-PassiveListen__seg-052,sub-SD012,ses-02,sub-SD012_ses-02_task-PassiveListen,sub-SD012/ses-02/sub-SD012_ses-02_task-PassiveListen_events.tsv,52,s1103a-ex01,PASSAGE,s1103a,en,BLOCK_DIRECTORY_AND_EVENT_LEXICON,block-05,True,,443,2388.55704755,2442.6598795500004,2388.45704755,2443.1497459626985,PASS,4.547473508864641e-13,54.20283199999998,0.4898664126984329,stimuli/excerpts/Block 5/s1103a-ex01_normed.wav,BUNDLED_BLOCK_AUDIO,4823940,2023-08-18T13:24:02+00:00,44100,1,2411948,54.69269841269841,sub-SD012_ses-02_task-PassiveListen__seg-052,sub-SD012,2388.45704755,2443.1497459626985,train
sub-SD012_ses-02_task-PassiveListen__seg-053,sub-SD012,ses-02,sub-SD012_ses-02_task-PassiveListen,sub-SD012/ses-02/sub-SD012_ses-02_task-PassiveListen_events.tsv,53,s3003a-ex01,PASSAGE,s3003a,en,BLOCK_DIRECTORY_AND_EVENT_LEXICON,block-05,True,,371,2451.08091087,2484.07997987,2450.98091087,2484.525287287234,PASS,4.547473508864641e-13,33.099069000000014,0.4453074172335434,stimuli/excerpts/Block 5/s3003a-ex01_normed.wav,BUNDLED_BLOCK_AUDIO,2958658,2023-08-18T13:24:03+00:00,44100,1,1479307,33.54437641723356,sub-SD012_ses-02_task-PassiveListen__seg-053,sub-SD012,2450.98091087,2484.525287287234,train
sub-SD013_ses-01_task-PassiveListen__seg-004,sub-SD013,ses-01,sub-SD013_ses-01_task-PassiveListen,sub-SD013/ses-01/sub-SD013_ses-01_task-PassiveListen_events.tsv,4,s2102a-ex01,PASSAGE,s2102a,en,BLOCK_DIRECTORY_AND_EVENT_LEXICON,block-01,True,,295,337.662,364.540788,337.56199999999995,365.7505714285714,PASS,5.684341886080802e-14,26.978788000000012,1.2097834285714164,stimuli/excerpts/Block 1/s2102a-ex01_normed.wav,BUNDLED_BLOCK_AUDIO,2486276,2023-08-18T13:23:49+00:00,44100,1,1243116,28.18857142857143,sub-SD013_ses-01_task-PassiveListen__seg-004,sub-SD013,337.56199999999995,365.7505714285714,train
sub-SD013_ses-01_task-PassiveListen__seg-005,sub-SD013,ses-01,sub-SD013_ses-01_task-PassiveListen,sub-SD013/ses-01/sub-SD013_ses-01_task-PassiveListen_events.tsv,5,s3001b-ex01,PASSAGE,s3001b,en,BLOCK_DIRECTORY_AND_EVENT_LEXICON,block-01,True,,485,394.595,443.335347,394.495,443.67781179138325,PASS,1.1368683772161603e-13,48.840346999999994,0.34246479138322883,stimuli/excerpts/Block 1/s3001b-ex01_normed.wav,BUNDLED_BLOCK_AUDIO,4337968,2023-08-18T13:23:50+00:00,44100,1,2168962,49.18281179138322,sub-SD013_ses-01_task-PassiveListen__seg-005,sub-SD013,394.495,443.67781179138325,train
sub-SD013_ses-01_task-PassiveListen__seg-006,sub-SD013,ses-01,sub-SD013_ses-01_task-PassiveListen,sub-SD013/ses-01/sub-SD013_ses-01_task-PassiveListen_events.tsv,6,s4002b-ex01,PASSAGE,s4002b,en,BLOCK_DIRECTORY_AND_EVENT_LEXICON,block-01,True,,390,464.255,498.267647,464.155,498.7864965986394,PASS,5.684341886080802e-14,34.112646999999996,0.5188495986394628,stimuli/excerpts/Block 1/s4002b-ex01_normed.wav,BUNDLED_BLOCK_AUDIO,3054542,2023-08-18T13:23:51+00:00,44100,1,1527249,34.63149659863946,sub-SD013_ses-01_task-PassiveListen__seg-006,sub-SD013,464.155,498.7864965986394,train
sub-SD013_ses-01_task-PassiveListen__seg-007,sub-SD013,ses-01,sub-SD013_ses-01_task-PassiveListen,sub-SD013/ses-01/sub-SD013_ses-01_task-PassiveListen_events.tsv,7,s1303a-ex01,PASSAGE,s1303a,en,BLOCK_DIRECTORY_AND_EVENT_LEXICON,block-01,True,,311,510.981,544.523508,510.88100000000003,545.0969410430839,PASS,1.7053025658242404e-13,33.64250799999997,0.5734330430839307,stimuli/excerpts/Block 1/s1303a-ex01_normed.wav,BUNDLED_BLOCK_AUDIO,3017890,2023-08-18T13:23:48+00:00,44100,1,1508923,34.2159410430839,sub-SD013_ses-01_task-PassiveListen__seg-007,sub-SD013,510.88100000000003,545.0969410430839,train
sub-SD013_ses-01_task-PassiveListen__seg-008,sub-SD013,ses-01,sub-SD013_ses-01_task-PassiveListen,sub-SD013/ses-01/sub-SD013_ses-01_task-PassiveListen_events.tsv,8,s1401a-ex01,PASSAGE,s1401a,en,BLOCK_DIRECTORY_AND_EVENT_LEXICON,block-01,True,,415,583.239,618.004751,583.139,618.423126984127,PASS,2.2737367544323206e-13,34.86575099999998,0.41837598412700316,stimuli/excerpts/Block 1/s1401a-ex01_normed.wav,BUNDLED_BLOCK_AUDIO,3112104,2023-08-18T13:23:49+00:00,44100,1,1556030,35.284126984126985,sub-SD013_ses-01_task-PassiveListen__seg-008,sub-SD013,583.139,618.423126984127,train
sub-SD013_ses-01_task-PassiveListen__seg-009,sub-SD013,ses-01,sub-SD013_ses-01_task-PassiveListen,sub-SD013/ses-01/sub-SD013_ses-01_task-PassiveListen_events.tsv,9,s3602b-ex01,PASSAGE,s3602b,en,BLOCK_DIRECTORY_AND_EVENT_LEXICON,block-01,True,,318,628.284,663.18986,628.184,663.7923673469387,PASS,1.1368683772161603e-13,35.00586000000008,0.602507346938701,stimuli/excerpts/Block 1/s3602b-ex01_normed.wav,BUNDLED_BLOCK_AUDIO,3140702,2023-08-18T13:23:50+00:00,44100,1,1570329,35.60836734693878,sub-SD013_ses-01_task-PassiveListen__seg-009,sub-SD013,628.184,663.7923673469387,train
sub-SD013_ses-01_task-PassiveListen__seg-010,sub-SD013,ses-01,sub-SD013_ses-01_task-PassiveListen,sub-SD013/ses-01/sub-SD013_ses-01_task-PassiveListen_events.tsv,10,s2301a-ex01,PASSAGE,s2301a,en,BLOCK_DIRECTORY_AND_EVENT_LEXICON,block-01,True,,206,675.18,697.3750620000001,675.08,697.6173015873017,PASS,1.1368683772161603e-13,22.295061999999998,0.24223958730159012,stimuli/excerpts/Block 1/s2301a-ex01_normed.wav,BUNDLED_BLOCK_AUDIO,1987834,2023-08-18T13:23:50+00:00,44100,1,993895,22.537301587301588,sub-SD013_ses-01_task-PassiveListen__seg-010,sub-SD013,675.08,697.6173015873017,train
sub-SD013_ses-01_task-PassiveListen__seg-011,sub-SD013,ses-01,sub-SD013_ses-01_task-PassiveListen,sub-SD013/ses-01/sub-SD013_ses-01_task-PassiveListen_events.tsv,11,s1901b-ex01,PASSAGE,s1901b,en,BLOCK_DIRECTORY_AND_EVENT_LEXICON,block-01,True,,406,707.133,743.978456,707.033,744.4206190476191,PASS,1.1368683772161603e-13,36.945456000000014,0.442163047619033,stimuli/excerpts/Block 1/s1901b-ex01_normed.wav,BUNDLED_BLOCK_AUDIO,3297632,2023-08-18T13:23:49+00:00,44100,1,1648794,37.38761904761905,sub-SD013_ses-01_task-PassiveListen__seg-011,sub-SD013,707.033,744.4206190476191,train
sub-SD013_ses-01_task-PassiveListen__seg-013,sub-SD013,ses-01,sub-SD013_ses-01_task-PassiveListen,sub-SD013/ses-01/sub-SD013_ses-01_task-PassiveListen_events.tsv,13,s1201a-ex01,PASSAGE,s1201a,en,BLOCK_DIRECTORY_AND_EVENT_LEXICON,block-02,True,,437,930.14,963.7032420000002,930.04,964.5969387755101,PASS,1.1368683772161603e-13,33.66324200000006,0.8936967755101435,stimuli/excerpts/Block 2/s1201a-ex01_normed.wav,BUNDLED_BLOCK_AUDIO,3047966,2023-08-18T13:23:52+00:00,44100,1,1523961,34.556938775510204,sub-SD013_ses-01_task-PassiveListen__seg-013,sub-SD013,930.04,964.5969387755101,train
sub-SD013_ses-01_task-PassiveListen__seg-014,sub-SD013,ses-01,sub-SD013_ses-01_task-PassiveListen,sub-SD013/ses-01/sub-SD013_ses-01_task-PassiveListen_events.tsv,14,s0703b-ex01,PASSAGE,s0703b,en,BLOCK_DIRECTORY_AND_EVENT_LEXICON,block-02,True,,419,973.699,1012.210285,973.599,1012.6336938775511,PASS,1.1368683772161603e-13,38.611285,0.42340887755101875,stimuli/excerpts/Block 2/s0703b-ex01_normed.wav,BUNDLED_BLOCK_AUDIO,3442904,2023-08-18T13:23:52+00:00,44100,1,1721430,39.03469387755102,sub-SD013_ses-01_task-PassiveListen__seg-014,sub-SD013,973.599,1012.6336938775511,train
sub-SD013_ses-01_task-PassiveListen__seg-015,sub-SD013,ses-01,sub-SD013_ses-01_task-PassiveListen,sub-SD013/ses-01/sub-SD013_ses-01_task-PassiveListen_events.tsv,15,s4003b-ex01,PASSAGE,s4003b,en,BLOCK_DIRECTORY_AND_EVENT_LEXICON,block-02,True,,305,1022.648,1047.5693119999999,1022.548,1047.9419455782313,PASS,2.2737367544323206e-13,25.021312,0.37263357823129084,stimuli/excerpts/Block 2/s4003b-ex01_normed.wav,BUNDLED_BLOCK_AUDIO,2239790,2023-08-18T13:23:55+00:00,44100,1,1119873,25.393945578231293,sub-SD013_ses-01_task-PassiveListen__seg-015,sub-SD013,1022.548,1047.9419455782313,train
sub-SD013_ses-01_task-PassiveListen__seg-017,sub-SD013,ses-01,sub-SD013_ses-01_task-PassiveListen,sub-SD013/ses-01/sub-SD013_ses-01_task-PassiveListen_events.tsv,17,s2102a-ex02,PASSAGE,s2102a,en,BLOCK_DIRECTORY_AND_EVENT_LEXICON,block-02,True,,373,1116.453,1152.296696,1116.353,1152.7204376417235,PASS,4.547473508864641e-13,35.943696000000024,0.42374164172333195,stimuli/excerpts/Block 2/s2102a-ex02_normed.wav,BUNDLED_BLOCK_AUDIO,3207652,2023-08-18T13:23:53+00:00,44100,1,1603804,36.367437641723356,sub-SD013_ses-01_task-PassiveListen__seg-017,sub-SD013,1116.353,1152.7204376417235,train
sub-SD013_ses-01_task-PassiveListen__seg-018,sub-SD013,ses-01,sub-SD013_ses-01_task-PassiveListen,sub-SD013/ses-01/sub-SD013_ses-01_task-PassiveListen_events.tsv,18,s3301a-ex01,PASSAGE,s3301a,en,BLOCK_DIRECTORY_AND_EVENT_LEXICON,block-02,True,,255,1168.465,1193.302464,1168.365,1193.949126984127,PASS,2.2737367544323206e-13,24.937463999999952,0.6466629841270333,stimuli/excerpts/Block 2/s3301a-ex01_normed.wav,BUNDLED_BLOCK_AUDIO,2256564,2023-08-18T13:23:54+00:00,44100,1,1128260,25.584126984126986,sub-SD013_ses-01_task-PassiveListen__seg-018,sub-SD013,1168.365,1193.949126984127,train
sub-SD013_ses-01_task-PassiveListen__seg-019,sub-SD013,ses-01,sub-SD013_ses-01_task-PassiveListen,sub-SD013/ses-01/sub-SD013_ses-01_task-PassiveListen_events.tsv,19,s2202b-ex02,PASSAGE,s2202b,en,BLOCK_DIRECTORY_AND_EVENT_LEXICON,block-02,True,,444,1203.393,1257.321886,1203.2930000000001,1257.8203696145126,PASS,2.2737367544323206e-13,54.02888599999992,0.4984836145125513,stimuli/excerpts/Block 2/s2202b-ex02_normed.wav,BUNDLED_BLOCK_AUDIO,4809358,2023-08-18T13:23:53+00:00,44100,1,2404657,54.52736961451247,sub-SD013_ses-01_task-PassiveListen__seg-019,sub-SD013,1203.2930000000001,1257.8203696145126,train
sub-SD013_ses-01_task-PassiveListen__seg-020,sub-SD013,ses-01,sub-SD013_ses-01_task-PassiveListen,sub-SD013/ses-01/sub-SD013_ses-01_task-PassiveListen_events.tsv,20,s3602b-ex02,PASSAGE,s3602b,en,BLOCK_DIRECTORY_AND_EVENT_LEXICON,block-02,True,,288,1270.081,1302.215901,1269.981,1302.8800022675737,PASS,4.547473508864641e-13,32.23490099999999,0.664101267573713,stimuli/excerpts/Block 2/s3602b-ex02_normed.wav,BUNDLED_BLOCK_AUDIO,2901736,2023-08-18T13:23:54+00:00,44100,1,1450846,32.8990022675737,sub-SD013_ses-01_task-PassiveListen__seg-020,sub-SD013,1269.981,1302.8800022675737,train
sub-SD013_ses-01_task-PassiveListen__seg-021,sub-SD013,ses-01,sub-SD013_ses-01_task-PassiveListen,sub-SD013/ses-01/sub-SD013_ses-01_task-PassiveListen_events.tsv,21,s3903b-ex01,PASSAGE,s3903b,en,BLOCK_DIRECTORY_AND_EVENT_LEXICON,block-02,True,,301,1310.664,1336.389326,1310.564,1336.816947845805,PASS,2.2737367544323206e-13,25.825326000000008,0.42762184580498186,stimuli/excerpts/Block 2/s3903b-ex01_normed.wav,BUNDLED_BLOCK_AUDIO,2315554,2023-08-18T13:23:54+00:00,44100,1,1157755,26.25294784580499,sub-SD013_ses-01_task-PassiveListen__seg-021,sub-SD013,1310.564,1336.816947845805,train
sub-SD015_ses-01_task-PassiveListen__seg-005,sub-SD015,ses-01,sub-SD015_ses-01_task-PassiveListen,sub-SD015/ses-01/sub-SD015_ses-01_task-PassiveListen_events.tsv,5,s1401a-ex01,PASSAGE,s1401a,en,BLOCK_DIRECTORY_AND_EVENT_LEXICON,block-01,True,,415,344.42028952,379.18604052,344.32028952,379.604416504127,PASS,5.684341886080802e-14,34.86575099999998,0.41837598412700316,stimuli/excerpts/Block 1/s1401a-ex01_normed.wav,BUNDLED_BLOCK_AUDIO,3112104,2023-08-18T13:23:49+00:00,44100,1,1556030,35.284126984126985,sub-SD015_ses-01_task-PassiveListen__seg-005,sub-SD015,344.32028952,379.604416504127,train
sub-SD015_ses-01_task-PassiveListen__seg-006,sub-SD015,ses-01,sub-SD015_ses-01_task-PassiveListen,sub-SD015/ses-01/sub-SD015_ses-01_task-PassiveListen_events.tsv,6,s3001b-ex01,PASSAGE,s3001b,en,BLOCK_DIRECTORY_AND_EVENT_LEXICON,block-01,True,,485,420.3851334865,469.1254804865,420.2851334865,469.46794527788325,PASS,1.1368683772161603e-13,48.840346999999994,0.34246479138322883,stimuli/excerpts/Block 1/s3001b-ex01_normed.wav,BUNDLED_BLOCK_AUDIO,4337968,2023-08-18T13:23:50+00:00,44100,1,2168962,49.18281179138322,sub-SD015_ses-01_task-PassiveListen__seg-006,sub-SD015,420.2851334865,469.46794527788325,train
sub-SD015_ses-01_task-PassiveListen__seg-007,sub-SD015,ses-01,sub-SD015_ses-01_task-PassiveListen,sub-SD015/ses-01/sub-SD015_ses-01_task-PassiveListen_events.tsv,7,s4002b-ex01,PASSAGE,s4002b,en,BLOCK_DIRECTORY_AND_EVENT_LEXICON,block-01,True,,390,485.77504602,519.78769302,485.67504601999997,520.3065426186395,PASS,1.7053025658242404e-13,34.112646999999996,0.5188495986394628,stimuli/excerpts/Block 1/s4002b-ex01_normed.wav,BUNDLED_BLOCK_AUDIO,3054542,2023-08-18T13:23:51+00:00,44100,1,1527249,34.63149659863946,sub-SD015_ses-01_task-PassiveListen__seg-007,sub-SD015,485.67504601999997,520.3065426186395,train
sub-SD015_ses-01_task-PassiveListen__seg-008,sub-SD015,ses-01,sub-SD015_ses-01_task-PassiveListen,sub-SD015/ses-01/sub-SD015_ses-01_task-PassiveListen_events.tsv,8,s2102a-ex01,PASSAGE,s2102a,en,BLOCK_DIRECTORY_AND_EVENT_LEXICON,block-01,True,,295,540.509577511,567.388365511,540.409577511,568.5981489395714,PASS,1.1368683772161603e-13,26.978788000000012,1.2097834285714164,stimuli/excerpts/Block 1/s2102a-ex01_normed.wav,BUNDLED_BLOCK_AUDIO,2486276,2023-08-18T13:23:49+00:00,44100,1,1243116,28.18857142857143,sub-SD015_ses-01_task-PassiveListen__seg-008,sub-SD015,540.409577511,568.5981489395714,train
sub-SD015_ses-01_task-PassiveListen__seg-011,sub-SD015,ses-01,sub-SD015_ses-01_task-PassiveListen,sub-SD015/ses-01/sub-SD015_ses-01_task-PassiveListen_events.tsv,11,s2301a-ex01,PASSAGE,s2301a,en,BLOCK_DIRECTORY_AND_EVENT_LEXICON,block-01,True,,206,634.95553638,657.15059838,634.85553638,657.3928379673016,PASS,1.1368683772161603e-13,22.295061999999998,0.24223958730159012,stimuli/excerpts/Block 1/s2301a-ex01_normed.wav,BUNDLED_BLOCK_AUDIO,1987834,2023-08-18T13:23:50+00:00,44100,1,993895,22.537301587301588,sub-SD015_ses-01_task-PassiveListen__seg-011,sub-SD015,634.85553638,657.3928379673016,train
sub-SD017_ses-01_task-PassiveListen__seg-005,sub-SD017,ses-01,sub-SD017_ses-01_task-PassiveListen,sub-SD017/ses-01/sub-SD017_ses-01_task-PassiveListen_events.tsv,5,s2102a-ex01,PASSAGE,s2102a,en,BLOCK_DIRECTORY_AND_EVENT_LEXICON,block-01,True,,295,87.5261112125,114.40489921250001,87.42611121249999,115.61468264107143,PASS,5.684341886080802e-14,26.978788000000012,1.2097834285714164,stimuli/excerpts/Block 1/s2102a-ex01_normed.wav,BUNDLED_BLOCK_AUDIO,2486276,2023-08-18T13:23:49+00:00,44100,1,1243116,28.18857142857143,sub-SD017_ses-01_task-PassiveListen__seg-005,sub-SD017,87.42611121249999,115.61468264107143,train
sub-SD017_ses-01_task-PassiveListen__seg-006,sub-SD017,ses-01,sub-SD017_ses-01_task-PassiveListen,sub-SD017/ses-01/sub-SD017_ses-01_task-PassiveListen_events.tsv,6,s3001b-ex01,PASSAGE,s3001b,en,BLOCK_DIRECTORY_AND_EVENT_LEXICON,block-01,True,,485,131.616411612,180.356758612,131.516411612,180.69922340338323,PASS,8.526512829121202e-14,48.840346999999994,0.34246479138322883,stimuli/excerpts/Block 1/s3001b-ex01_normed.wav,BUNDLED_BLOCK_AUDIO,4337968,2023-08-18T13:23:50+00:00,44100,1,2168962,49.18281179138322,sub-SD017_ses-01_task-PassiveListen__seg-006,sub-SD017,131.516411612,180.69922340338323,train
sub-SD017_ses-01_task-PassiveListen__seg-007,sub-SD017,ses-01,sub-SD017_ses-01_task-PassiveListen,sub-SD017/ses-01/sub-SD017_ses-01_task-PassiveListen_events.tsv,7,s1303a-ex01,PASSAGE,s1303a,en,BLOCK_DIRECTORY_AND_EVENT_LEXICON,block-01,True,,311,189.949070964,223.491578964,189.84907096400002,224.0650120070839,PASS,8.526512829121202e-14,33.64250799999997,0.5734330430839307,stimuli/excerpts/Block 1/s1303a-ex01_normed.wav,BUNDLED_BLOCK_AUDIO,3017890,2023-08-18T13:23:48+00:00,44100,1,1508923,34.2159410430839,sub-SD017_ses-01_task-PassiveListen__seg-007,sub-SD017,189.84907096400002,224.0650120070839,train
sub-SD017_ses-01_task-PassiveListen__seg-008,sub-SD017,ses-01,sub-SD017_ses-01_task-PassiveListen,sub-SD017/ses-01/sub-SD017_ses-01_task-PassiveListen_events.tsv,8,s3602b-ex01,PASSAGE,s3602b,en,BLOCK_DIRECTORY_AND_EVENT_LEXICON,block-01,True,,318,234.798180507,269.704040507,234.69818050699993,270.3065478539387,PASS,1.7053025658242404e-13,35.00586000000008,0.602507346938701,stimuli/excerpts/Block 1/s3602b-ex01_normed.wav,BUNDLED_BLOCK_AUDIO,3140702,2023-08-18T13:23:50+00:00,44100,1,1570329,35.60836734693878,sub-SD017_ses-01_task-PassiveListen__seg-008,sub-SD017,234.69818050699993,270.3065478539387,train
sub-SD017_ses-01_task-PassiveListen__seg-009,sub-SD017,ses-01,sub-SD017_ses-01_task-PassiveListen,sub-SD017/ses-01/sub-SD017_ses-01_task-PassiveListen_events.tsv,9,s1401a-ex01,PASSAGE,s1401a,en,BLOCK_DIRECTORY_AND_EVENT_LEXICON,block-01,True,,415,279.276657321,314.042408321,279.176657321,314.460784305127,PASS,5.684341886080802e-14,34.86575099999998,0.41837598412700316,stimuli/excerpts/Block 1/s1401a-ex01_normed.wav,BUNDLED_BLOCK_AUDIO,3112104,2023-08-18T13:23:49+00:00,44100,1,1556030,35.284126984126985,sub-SD017_ses-01_task-PassiveListen__seg-009,sub-SD017,279.176657321,314.460784305127,train
sub-SD017_ses-01_task-PassiveListen__seg-010,sub-SD017,ses-01,sub-SD017_ses-01_task-PassiveListen,sub-SD017/ses-01/sub-SD017_ses-01_task-PassiveListen_events.tsv,10,s4002b-ex01,PASSAGE,s4002b,en,BLOCK_DIRECTORY_AND_EVENT_LEXICON,block-01,True,,390,326.830402053,360.843049053,326.730402053,361.3618986516394,PASS,1.1368683772161603e-13,34.112646999999996,0.5188495986394628,stimuli/excerpts/Block 1/s4002b-ex01_normed.wav,BUNDLED_BLOCK_AUDIO,3054542,2023-08-18T13:23:51+00:00,44100,1,1527249,34.63149659863946,sub-SD017_ses-01_task-PassiveListen__seg-010,sub-SD017,326.730402053,361.3618986516394,train
sub-SD017_ses-01_task-PassiveListen__seg-011,sub-SD017,ses-01,sub-SD017_ses-01_task-PassiveListen,sub-SD017/ses-01/sub-SD017_ses-01_task-PassiveListen_events.tsv,11,s1901b-ex01,PASSAGE,s1901b,en,BLOCK_DIRECTORY_AND_EVENT_LEXICON,block-01,True,,406,371.949001727,408.794457727,371.849001727,409.23662077461904,PASS,5.684341886080802e-14,36.945456000000014,0.442163047619033,stimuli/excerpts/Block 1/s1901b-ex01_normed.wav,BUNDLED_BLOCK_AUDIO,3297632,2023-08-18T13:23:49+00:00,44100,1,1648794,37.38761904761905,sub-SD017_ses-01_task-PassiveListen__seg-011,sub-SD017,371.849001727,409.23662077461904,train
sub-SD017_ses-01_task-PassiveListen__seg-014,sub-SD017,ses-01,sub-SD017_ses-01_task-PassiveListen,sub-SD017/ses-01/sub-SD017_ses-01_task-PassiveListen_events.tsv,14,s2301a-ex01,PASSAGE,s2301a,en,BLOCK_DIRECTORY_AND_EVENT_LEXICON,block-01,True,,206,472.363704064,494.558766064,472.263704064,494.80100565130164,PASS,5.684341886080802e-14,22.295061999999998,0.24223958730159012,stimuli/excerpts/Block 1/s2301a-ex01_normed.wav,BUNDLED_BLOCK_AUDIO,1987834,2023-08-18T13:23:50+00:00,44100,1,993895,22.537301587301588,sub-SD017_ses-01_task-PassiveListen__seg-014,sub-SD017,472.263704064,494.80100565130164,train
sub-SD017_ses-01_task-PassiveListen__seg-015,sub-SD017,ses-01,sub-SD017_ses-01_task-PassiveListen,sub-SD017/ses-01/sub-SD017_ses-01_task-PassiveListen_events.tsv,15,s3602b-ex02,PASSAGE,s3602b,en,BLOCK_DIRECTORY_AND_EVENT_LEXICON,block-02,True,,288,523.179466119,555.314367119,523.079466119,555.9784683865737,PASS,1.1368683772161603e-13,32.23490099999999,0.664101267573713,stimuli/excerpts/Block 2/s3602b-ex02_normed.wav,BUNDLED_BLOCK_AUDIO,2901736,2023-08-18T13:23:54+00:00,44100,1,1450846,32.8990022675737,sub-SD017_ses-01_task-PassiveListen__seg-015,sub-SD017,523.079466119,555.9784683865737,train
sub-SD017_ses-01_task-PassiveListen__seg-016,sub-SD017,ses-01,sub-SD017_ses-01_task-PassiveListen,sub-SD017/ses-01/sub-SD017_ses-01_task-PassiveListen_events.tsv,16,s3301a-ex01,PASSAGE,s3301a,en,BLOCK_DIRECTORY_AND_EVENT_LEXICON,block-02,True,,255,563.06776849,587.90523249,562.96776849,588.551895474127,PASS,1.1368683772161603e-13,24.937463999999952,0.6466629841270333,stimuli/excerpts/Block 2/s3301a-ex01_normed.wav,BUNDLED_BLOCK_AUDIO,2256564,2023-08-18T13:23:54+00:00,44100,1,1128260,25.584126984126986,sub-SD017_ses-01_task-PassiveListen__seg-016,sub-SD017,562.96776849,588.551895474127,train
sub-SD017_ses-01_task-PassiveListen__seg-019,sub-SD017,ses-01,sub-SD017_ses-01_task-PassiveListen,sub-SD017/ses-01/sub-SD017_ses-01_task-PassiveListen_events.tsv,19,s3903b-ex01,PASSAGE,s3903b,en,BLOCK_DIRECTORY_AND_EVENT_LEXICON,block-02,True,,301,649.547873792,675.273199792,649.447873792,675.700821637805,PASS,2.2737367544323206e-13,25.825326000000008,0.42762184580498186,stimuli/excerpts/Block 2/s3903b-ex01_normed.wav,BUNDLED_BLOCK_AUDIO,2315554,2023-08-18T13:23:54+00:00,44100,1,1157755,26.25294784580499,sub-SD017_ses-01_task-PassiveListen__seg-019,sub-SD017,649.447873792,675.700821637805,train
sub-SD017_ses-01_task-PassiveListen__seg-020,sub-SD017,ses-01,sub-SD017_ses-01_task-PassiveListen,sub-SD017/ses-01/sub-SD017_ses-01_task-PassiveListen_events.tsv,20,s2102a-ex02,PASSAGE,s2102a,en,BLOCK_DIRECTORY_AND_EVENT_LEXICON,block-02,True,,373,683.774264408,719.617960408,683.674264408,720.0417020497233,PASS,2.2737367544323206e-13,35.943696000000024,0.42374164172333195,stimuli/excerpts/Block 2/s2102a-ex02_normed.wav,BUNDLED_BLOCK_AUDIO,3207652,2023-08-18T13:23:53+00:00,44100,1,1603804,36.367437641723356,sub-SD017_ses-01_task-PassiveListen__seg-020,sub-SD017,683.674264408,720.0417020497233,train
sub-SD017_ses-01_task-PassiveListen__seg-021,sub-SD017,ses-01,sub-SD017_ses-01_task-PassiveListen,sub-SD017/ses-01/sub-SD017_ses-01_task-PassiveListen_events.tsv,21,s0703b-ex01,PASSAGE,s0703b,en,BLOCK_DIRECTORY_AND_EVENT_LEXICON,block-02,True,,419,726.863760527,765.375045527,726.763760527,765.7984544045511,PASS,1.1368683772161603e-13,38.611285,0.42340887755101875,stimuli/excerpts/Block 2/s0703b-ex01_normed.wav,BUNDLED_BLOCK_AUDIO,3442904,2023-08-18T13:23:52+00:00,44100,1,1721430,39.03469387755102,sub-SD017_ses-01_task-PassiveListen__seg-021,sub-SD017,726.763760527,765.7984544045511,train
sub-SD017_ses-01_task-PassiveListen__seg-022,sub-SD017,ses-01,sub-SD017_ses-01_task-PassiveListen,sub-SD017/ses-01/sub-SD017_ses-01_task-PassiveListen_events.tsv,22,s4003b-ex01,PASSAGE,s4003b,en,BLOCK_DIRECTORY_AND_EVENT_LEXICON,block-02,True,,305,773.324537041,798.245849041,773.224537041,798.6184826192313,PASS,1.1368683772161603e-13,25.021312,0.37263357823129084,stimuli/excerpts/Block 2/s4003b-ex01_normed.wav,BUNDLED_BLOCK_AUDIO,2239790,2023-08-18T13:23:55+00:00,44100,1,1119873,25.393945578231293,sub-SD017_ses-01_task-PassiveListen__seg-022,sub-SD017,773.224537041,798.6184826192313,train
sub-SD017_ses-01_task-PassiveListen__seg-023,sub-SD017,ses-01,sub-SD017_ses-01_task-PassiveListen,sub-SD017/ses-01/sub-SD017_ses-01_task-PassiveListen_events.tsv,23,s2202b-ex02,PASSAGE,s2202b,en,BLOCK_DIRECTORY_AND_EVENT_LEXICON,block-02,True,,444,807.584497164,861.513383164,807.4844971640001,862.0118667785126,PASS,1.1368683772161603e-13,54.02888599999992,0.4984836145125513,stimuli/excerpts/Block 2/s2202b-ex02_normed.wav,BUNDLED_BLOCK_AUDIO,4809358,2023-08-18T13:23:53+00:00,44100,1,2404657,54.52736961451247,sub-SD017_ses-01_task-PassiveListen__seg-023,sub-SD017,807.4844971640001,862.0118667785126,train
sub-SD017_ses-01_task-PassiveListen__seg-024,sub-SD017,ses-01,sub-SD017_ses-01_task-PassiveListen,sub-SD017/ses-01/sub-SD017_ses-01_task-PassiveListen_events.tsv,24,s1201a-ex01,PASSAGE,s1201a,en,BLOCK_DIRECTORY_AND_EVENT_LEXICON,block-02,True,,437,872.109885137,905.6731271370002,872.009885137,906.5668239125101,PASS,1.1368683772161603e-13,33.66324200000006,0.8936967755101435,stimuli/excerpts/Block 2/s1201a-ex01_normed.wav,BUNDLED_BLOCK_AUDIO,3047966,2023-08-18T13:23:52+00:00,44100,1,1523961,34.556938775510204,sub-SD017_ses-01_task-PassiveListen__seg-024,sub-SD017,872.009885137,906.5668239125101,train
sub-SD018_ses-01_task-PassiveListen__seg-005,sub-SD018,ses-01,sub-SD018_ses-01_task-PassiveListen,sub-SD018/ses-01/sub-SD018_ses-01_task-PassiveListen_events.tsv,5,s2301a-ex01,PASSAGE,s2301a,en,BLOCK_DIRECTORY_AND_EVENT_LEXICON,block-01,True,,206,132.856749569,155.051811569,132.756749569,155.29405115630158,PASS,2.842170943040401e-14,22.295061999999998,0.24223958730159012,stimuli/excerpts/Block 1/s2301a-ex01_normed.wav,BUNDLED_BLOCK_AUDIO,1987834,2023-08-18T13:23:50+00:00,44100,1,993895,22.537301587301588,sub-SD018_ses-01_task-PassiveListen__seg-005,sub-SD018,132.756749569,155.29405115630158,train
sub-SD018_ses-01_task-PassiveListen__seg-006,sub-SD018,ses-01,sub-SD018_ses-01_task-PassiveListen,sub-SD018/ses-01/sub-SD018_ses-01_task-PassiveListen_events.tsv,6,s2102a-ex01,PASSAGE,s2102a,en,BLOCK_DIRECTORY_AND_EVENT_LEXICON,block-01,True,,295,178.222628009,205.10141600900002,178.12262800899998,206.31119943757142,PASS,5.684341886080802e-14,26.978788000000012,1.2097834285714164,stimuli/excerpts/Block 1/s2102a-ex01_normed.wav,BUNDLED_BLOCK_AUDIO,2486276,2023-08-18T13:23:49+00:00,44100,1,1243116,28.18857142857143,sub-SD018_ses-01_task-PassiveListen__seg-006,sub-SD018,178.12262800899998,206.31119943757142,train
sub-SD018_ses-01_task-PassiveListen__seg-007,sub-SD018,ses-01,sub-SD018_ses-01_task-PassiveListen,sub-SD018/ses-01/sub-SD018_ses-01_task-PassiveListen_events.tsv,7,s3602b-ex01,PASSAGE,s3602b,en,BLOCK_DIRECTORY_AND_EVENT_LEXICON,block-01,True,,318,217.91962972,252.82548972,217.81962971999994,253.4279970669387,PASS,1.9895196601282805e-13,35.00586000000008,0.602507346938701,stimuli/excerpts/Block 1/s3602b-ex01_normed.wav,BUNDLED_BLOCK_AUDIO,3140702,2023-08-18T13:23:50+00:00,44100,1,1570329,35.60836734693878,sub-SD018_ses-01_task-PassiveListen__seg-007,sub-SD018,217.81962971999994,253.4279970669387,train
sub-SD018_ses-01_task-PassiveListen__seg-008,sub-SD018,ses-01,sub-SD018_ses-01_task-PassiveListen,sub-SD018/ses-01/sub-SD018_ses-01_task-PassiveListen_events.tsv,8,s3001b-ex01,PASSAGE,s3001b,en,BLOCK_DIRECTORY_AND_EVENT_LEXICON,block-01,True,,485,266.32358341,315.06393041,266.22358341,315.40639520138325,PASS,1.1368683772161603e-13,48.840346999999994,0.34246479138322883,stimuli/excerpts/Block 1/s3001b-ex01_normed.wav,BUNDLED_BLOCK_AUDIO,4337968,2023-08-18T13:23:50+00:00,44100,1,2168962,49.18281179138322,sub-SD018_ses-01_task-PassiveListen__seg-008,sub-SD018,266.22358341,315.40639520138325,train
sub-SD018_ses-01_task-PassiveListen__seg-009,sub-SD018,ses-01,sub-SD018_ses-01_task-PassiveListen,sub-SD018/ses-01/sub-SD018_ses-01_task-PassiveListen_events.tsv,9,s4002b-ex01,PASSAGE,s4002b,en,BLOCK_DIRECTORY_AND_EVENT_LEXICON,block-01,True,,390,327.808443524,361.821090524,327.708443524,362.33994012263946,PASS,5.684341886080802e-14,34.112646999999996,0.5188495986394628,stimuli/excerpts/Block 1/s4002b-ex01_normed.wav,BUNDLED_BLOCK_AUDIO,3054542,2023-08-18T13:23:51+00:00,44100,1,1527249,34.63149659863946,sub-SD018_ses-01_task-PassiveListen__seg-009,sub-SD018,327.708443524,362.33994012263946,train
sub-SD018_ses-01_task-PassiveListen__seg-012,sub-SD018,ses-01,sub-SD018_ses-01_task-PassiveListen,sub-SD018/ses-01/sub-SD018_ses-01_task-PassiveListen_events.tsv,12,s1901b-ex01,PASSAGE,s1901b,en,BLOCK_DIRECTORY_AND_EVENT_LEXICON,block-01,True,,406,432.38335324,469.22880924000003,432.28335324,469.67097228761907,PASS,1.1368683772161603e-13,36.945456000000014,0.442163047619033,stimuli/excerpts/Block 1/s1901b-ex01_normed.wav,BUNDLED_BLOCK_AUDIO,3297632,2023-08-18T13:23:49+00:00,44100,1,1648794,37.38761904761905,sub-SD018_ses-01_task-PassiveListen__seg-012,sub-SD018,432.28335324,469.67097228761907,train
sub-SD018_ses-01_task-PassiveListen__seg-013,sub-SD018,ses-01,sub-SD018_ses-01_task-PassiveListen,sub-SD018/ses-01/sub-SD018_ses-01_task-PassiveListen_events.tsv,13,s1401a-ex01,PASSAGE,s1401a,en,BLOCK_DIRECTORY_AND_EVENT_LEXICON,block-01,True,,415,761.040380142,795.806131142,760.940380142,796.2245071261269,PASS,1.1368683772161603e-13,34.86575099999998,0.41837598412700316,stimuli/excerpts/Block 1/s1401a-ex01_normed.wav,BUNDLED_BLOCK_AUDIO,3112104,2023-08-18T13:23:49+00:00,44100,1,1556030,35.284126984126985,sub-SD018_ses-01_task-PassiveListen__seg-013,sub-SD018,760.940380142,796.2245071261269,train
sub-SD018_ses-01_task-PassiveListen__seg-014,sub-SD018,ses-01,sub-SD018_ses-01_task-PassiveListen,sub-SD018/ses-01/sub-SD018_ses-01_task-PassiveListen_events.tsv,14,s1303a-ex01,PASSAGE,s1303a,en,BLOCK_DIRECTORY_AND_EVENT_LEXICON,block-01,True,,311,805.583924769,839.126432769,805.4839247689999,839.6998658120839,PASS,1.1368683772161603e-13,33.64250799999997,0.5734330430839307,stimuli/excerpts/Block 1/s1303a-ex01_normed.wav,BUNDLED_BLOCK_AUDIO,3017890,2023-08-18T13:23:48+00:00,44100,1,1508923,34.2159410430839,sub-SD018_ses-01_task-PassiveListen__seg-014,sub-SD018,805.4839247689999,839.6998658120839,train
sub-SD018_ses-01_task-PassiveListen__seg-017,sub-SD018,ses-01,sub-SD018_ses-01_task-PassiveListen,sub-SD018/ses-01/sub-SD018_ses-01_task-PassiveListen_events.tsv,17,s3301a-ex01,PASSAGE,s3301a,en,BLOCK_DIRECTORY_AND_EVENT_LEXICON,block-02,True,,255,959.710231307,984.547695307,959.610231307,985.1943582911271,PASS,2.2737367544323206e-13,24.937463999999952,0.6466629841270333,stimuli/excerpts/Block 2/s3301a-ex01_normed.wav,BUNDLED_BLOCK_AUDIO,2256564,2023-08-18T13:23:54+00:00,44100,1,1128260,25.584126984126986,sub-SD018_ses-01_task-PassiveListen__seg-017,sub-SD018,959.610231307,985.1943582911271,train
sub-SD018_ses-01_task-PassiveListen__seg-018,sub-SD018,ses-01,sub-SD018_ses-01_task-PassiveListen,sub-SD018/ses-01/sub-SD018_ses-01_task-PassiveListen_events.tsv,18,s3903b-ex01,PASSAGE,s3903b,en,BLOCK_DIRECTORY_AND_EVENT_LEXICON,block-02,True,,301,994.206438447,1019.931764447,994.106438447,1020.359386292805,PASS,1.1368683772161603e-13,25.825326000000008,0.42762184580498186,stimuli/excerpts/Block 2/s3903b-ex01_normed.wav,BUNDLED_BLOCK_AUDIO,2315554,2023-08-18T13:23:54+00:00,44100,1,1157755,26.25294784580499,sub-SD018_ses-01_task-PassiveListen__seg-018,sub-SD018,994.106438447,1020.359386292805,train
sub-SD018_ses-01_task-PassiveListen__seg-019,sub-SD018,ses-01,sub-SD018_ses-01_task-PassiveListen,sub-SD018/ses-01/sub-SD018_ses-01_task-PassiveListen_events.tsv,19,s2202b-ex02,PASSAGE,s2202b,en,BLOCK_DIRECTORY_AND_EVENT_LEXICON,block-02,True,,444,1029.15550674,1083.08439274,1029.05550674,1083.5828763545126,PASS,4.547473508864641e-13,54.02888599999992,0.4984836145125513,stimuli/excerpts/Block 2/s2202b-ex02_normed.wav,BUNDLED_BLOCK_AUDIO,4809358,2023-08-18T13:23:53+00:00,44100,1,2404657,54.52736961451247,sub-SD018_ses-01_task-PassiveListen__seg-019,sub-SD018,1029.05550674,1083.5828763545126,train
sub-SD018_ses-01_task-PassiveListen__seg-020,sub-SD018,ses-01,sub-SD018_ses-01_task-PassiveListen,sub-SD018/ses-01/sub-SD018_ses-01_task-PassiveListen_events.tsv,20,s4003b-ex01,PASSAGE,s4003b,en,BLOCK_DIRECTORY_AND_EVENT_LEXICON,block-02,True,,305,1096.86305989,1121.7843718899999,1096.76305989,1122.1570054682313,PASS,4.547473508864641e-13,25.021312,0.37263357823129084,stimuli/excerpts/Block 2/s4003b-ex01_normed.wav,BUNDLED_BLOCK_AUDIO,2239790,2023-08-18T13:23:55+00:00,44100,1,1119873,25.393945578231293,sub-SD018_ses-01_task-PassiveListen__seg-020,sub-SD018,1096.76305989,1122.1570054682313,train
sub-SD018_ses-01_task-PassiveListen__seg-021,sub-SD018,ses-01,sub-SD018_ses-01_task-PassiveListen,sub-SD018/ses-01/sub-SD018_ses-01_task-PassiveListen_events.tsv,21,s1201a-ex01,PASSAGE,s1201a,en,BLOCK_DIRECTORY_AND_EVENT_LEXICON,block-02,True,,437,1134.67179837,1168.23504037,1134.57179837,1169.12873714551,PASS,2.2737367544323206e-13,33.66324200000006,0.8936967755101435,stimuli/excerpts/Block 2/s1201a-ex01_normed.wav,BUNDLED_BLOCK_AUDIO,3047966,2023-08-18T13:23:52+00:00,44100,1,1523961,34.556938775510204,sub-SD018_ses-01_task-PassiveListen__seg-021,sub-SD018,1134.57179837,1169.12873714551,train
sub-SD018_ses-01_task-PassiveListen__seg-022,sub-SD018,ses-01,sub-SD018_ses-01_task-PassiveListen,sub-SD018/ses-01/sub-SD018_ses-01_task-PassiveListen_events.tsv,22,s3602b-ex02,PASSAGE,s3602b,en,BLOCK_DIRECTORY_AND_EVENT_LEXICON,block-02,True,,288,1177.28243335,1209.4173343500001,1177.18243335,1210.0814356175738,PASS,2.2737367544323206e-13,32.23490099999999,0.664101267573713,stimuli/excerpts/Block 2/s3602b-ex02_normed.wav,BUNDLED_BLOCK_AUDIO,2901736,2023-08-18T13:23:54+00:00,44100,1,1450846,32.8990022675737,sub-SD018_ses-01_task-PassiveListen__seg-022,sub-SD018,1177.18243335,1210.0814356175738,train
sub-SD018_ses-01_task-PassiveListen__seg-023,sub-SD018,ses-01,sub-SD018_ses-01_task-PassiveListen,sub-SD018/ses-01/sub-SD018_ses-01_task-PassiveListen_events.tsv,23,s2102a-ex02,PASSAGE,s2102a,en,BLOCK_DIRECTORY_AND_EVENT_LEXICON,block-02,True,,373,1224.09737332,1259.94106932,1223.99737332,1260.3648109617234,PASS,2.2737367544323206e-13,35.943696000000024,0.42374164172333195,stimuli/excerpts/Block 2/s2102a-ex02_normed.wav,BUNDLED_BLOCK_AUDIO,3207652,2023-08-18T13:23:53+00:00,44100,1,1603804,36.367437641723356,sub-SD018_ses-01_task-PassiveListen__seg-023,sub-SD018,1223.99737332,1260.3648109617234,train
sub-SD018_ses-01_task-PassiveListen__seg-024,sub-SD018,ses-01,sub-SD018_ses-01_task-PassiveListen,sub-SD018/ses-01/sub-SD018_ses-01_task-PassiveListen_events.tsv,24,s0703b-ex01,PASSAGE,s0703b,en,BLOCK_DIRECTORY_AND_EVENT_LEXICON,block-02,True,,419,1267.95327377,1306.46455877,1267.85327377,1306.887967647551,PASS,4.547473508864641e-13,38.611285,0.42340887755101875,stimuli/excerpts/Block 2/s0703b-ex01_normed.wav,BUNDLED_BLOCK_AUDIO,3442904,2023-08-18T13:23:52+00:00,44100,1,1721430,39.03469387755102,sub-SD018_ses-01_task-PassiveListen__seg-024,sub-SD018,1267.85327377,1306.887967647551,train
sub-SD019_ses-01_task-PassiveListen__seg-005,sub-SD019,ses-01,sub-SD019_ses-01_task-PassiveListen,sub-SD019/ses-01/sub-SD019_ses-01_task-PassiveListen_events.tsv,5,s3602b-ex01,PASSAGE,s3602b,en,BLOCK_DIRECTORY_AND_EVENT_LEXICON,block-01,True,,318,80.0514259224,114.9572859224,79.95142592239998,115.55979326933875,PASS,1.8474111129762605e-13,35.00586000000008,0.602507346938701,stimuli/excerpts/Block 1/s3602b-ex01_normed.wav,BUNDLED_BLOCK_AUDIO,3140702,2023-08-18T13:23:50+00:00,44100,1,1570329,35.60836734693878,sub-SD019_ses-01_task-PassiveListen__seg-005,sub-SD019,79.95142592239998,115.55979326933875,train
sub-SD019_ses-01_task-PassiveListen__seg-006,sub-SD019,ses-01,sub-SD019_ses-01_task-PassiveListen,sub-SD019/ses-01/sub-SD019_ses-01_task-PassiveListen_events.tsv,6,s1303a-ex01,PASSAGE,s1303a,en,BLOCK_DIRECTORY_AND_EVENT_LEXICON,block-01,True,,311,125.064789018,158.607297018,124.964789018,159.18073006108392,PASS,9.947598300641403e-14,33.64250799999997,0.5734330430839307,stimuli/excerpts/Block 1/s1303a-ex01_normed.wav,BUNDLED_BLOCK_AUDIO,3017890,2023-08-18T13:23:48+00:00,44100,1,1508923,34.2159410430839,sub-SD019_ses-01_task-PassiveListen__seg-006,sub-SD019,124.964789018,159.18073006108392,train
sub-SD019_ses-01_task-PassiveListen__seg-007,sub-SD019,ses-01,sub-SD019_ses-01_task-PassiveListen,sub-SD019/ses-01/sub-SD019_ses-01_task-PassiveListen_events.tsv,7,s1401a-ex01,PASSAGE,s1401a,en,BLOCK_DIRECTORY_AND_EVENT_LEXICON,block-01,True,,415,170.024127179,204.789878179,169.924127179,205.20825416312698,PASS,5.684341886080802e-14,34.86575099999998,0.41837598412700316,stimuli/excerpts/Block 1/s1401a-ex01_normed.wav,BUNDLED_BLOCK_AUDIO,3112104,2023-08-18T13:23:49+00:00,44100,1,1556030,35.284126984126985,sub-SD019_ses-01_task-PassiveListen__seg-007,sub-SD019,169.924127179,205.20825416312698,train
sub-SD019_ses-01_task-PassiveListen__seg-008,sub-SD019,ses-01,sub-SD019_ses-01_task-PassiveListen,sub-SD019/ses-01/sub-SD019_ses-01_task-PassiveListen_events.tsv,8,s2102a-ex01,PASSAGE,s2102a,en,BLOCK_DIRECTORY_AND_EVENT_LEXICON,block-01,True,,295,213.622689849,240.50147784900003,213.522689849,241.71126127757142,PASS,5.684341886080802e-14,26.978788000000012,1.2097834285714164,stimuli/excerpts/Block 1/s2102a-ex01_normed.wav,BUNDLED_BLOCK_AUDIO,2486276,2023-08-18T13:23:49+00:00,44100,1,1243116,28.18857142857143,sub-SD019_ses-01_task-PassiveListen__seg-008,sub-SD019,213.522689849,241.71126127757142,train
sub-SD019_ses-01_task-PassiveListen__seg-009,sub-SD019,ses-01,sub-SD019_ses-01_task-PassiveListen,sub-SD019/ses-01/sub-SD019_ses-01_task-PassiveListen_events.tsv,9,s4002b-ex01,PASSAGE,s4002b,en,BLOCK_DIRECTORY_AND_EVENT_LEXICON,block-01,True,,390,250.775231083,284.787878083,250.675231083,285.3067276816395,PASS,8.526512829121202e-14,34.112646999999996,0.5188495986394628,stimuli/excerpts/Block 1/s4002b-ex01_normed.wav,BUNDLED_BLOCK_AUDIO,3054542,2023-08-18T13:23:51+00:00,44100,1,1527249,34.63149659863946,sub-SD019_ses-01_task-PassiveListen__seg-009,sub-SD019,250.675231083,285.3067276816395,train
sub-SD019_ses-01_task-PassiveListen__seg-012,sub-SD019,ses-01,sub-SD019_ses-01_task-PassiveListen,sub-SD019/ses-01/sub-SD019_ses-01_task-PassiveListen_events.tsv,12,s2301a-ex01,PASSAGE,s2301a,en,BLOCK_DIRECTORY_AND_EVENT_LEXICON,block-01,True,,206,352.597905884,374.792967884,352.497905884,375.0352074713016,PASS,5.684341886080802e-14,22.295061999999998,0.24223958730159012,stimuli/excerpts/Block 1/s2301a-ex01_normed.wav,BUNDLED_BLOCK_AUDIO,1987834,2023-08-18T13:23:50+00:00,44100,1,993895,22.537301587301588,sub-SD019_ses-01_task-PassiveListen__seg-012,sub-SD019,352.497905884,375.0352074713016,train
sub-SD019_ses-01_task-PassiveListen__seg-013,sub-SD019,ses-01,sub-SD019_ses-01_task-PassiveListen,sub-SD019/ses-01/sub-SD019_ses-01_task-PassiveListen_events.tsv,13,s3001b-ex01,PASSAGE,s3001b,en,BLOCK_DIRECTORY_AND_EVENT_LEXICON,block-01,True,,485,382.282954388,431.023301388,382.182954388,431.36576617938323,PASS,5.684341886080802e-14,48.840346999999994,0.34246479138322883,stimuli/excerpts/Block 1/s3001b-ex01_normed.wav,BUNDLED_BLOCK_AUDIO,4337968,2023-08-18T13:23:50+00:00,44100,1,2168962,49.18281179138322,sub-SD019_ses-01_task-PassiveListen__seg-013,sub-SD019,382.182954388,431.36576617938323,train
sub-SD019_ses-01_task-PassiveListen__seg-014,sub-SD019,ses-01,sub-SD019_ses-01_task-PassiveListen,sub-SD019/ses-01/sub-SD019_ses-01_task-PassiveListen_events.tsv,14,s1901b-ex01,PASSAGE,s1901b,en,BLOCK_DIRECTORY_AND_EVENT_LEXICON,block-01,True,,406,440.153614364,476.99907036400003,440.053614364,477.44123341161907,PASS,1.1368683772161603e-13,36.945456000000014,0.442163047619033,stimuli/excerpts/Block 1/s1901b-ex01_normed.wav,BUNDLED_BLOCK_AUDIO,3297632,2023-08-18T13:23:49+00:00,44100,1,1648794,37.38761904761905,sub-SD019_ses-01_task-PassiveListen__seg-014,sub-SD019,440.053614364,477.44123341161907,train
sub-SD019_ses-01_task-PassiveListen__seg-015,sub-SD019,ses-01,sub-SD019_ses-01_task-PassiveListen,sub-SD019/ses-01/sub-SD019_ses-01_task-PassiveListen_events.tsv,15,s0703b-ex01,PASSAGE,s0703b,en,BLOCK_DIRECTORY_AND_EVENT_LEXICON,block-02,True,,419,770.404242931,808.915527931,770.304242931,809.338936808551,PASS,1.1368683772161603e-13,38.611285,0.42340887755101875,stimuli/excerpts/Block 2/s0703b-ex01_normed.wav,BUNDLED_BLOCK_AUDIO,3442904,2023-08-18T13:23:52+00:00,44100,1,1721430,39.03469387755102,sub-SD019_ses-01_task-PassiveListen__seg-015,sub-SD019,770.304242931,809.338936808551,train
sub-SD019_ses-01_task-PassiveListen__seg-016,sub-SD019,ses-01,sub-SD019_ses-01_task-PassiveListen,sub-SD019/ses-01/sub-SD019_ses-01_task-PassiveListen_events.tsv,16,s3903b-ex01,PASSAGE,s3903b,en,BLOCK_DIRECTORY_AND_EVENT_LEXICON,block-02,True,,301,817.702572059,843.427898059,817.602572059,843.855519904805,PASS,1.1368683772161603e-13,25.825326000000008,0.42762184580498186,stimuli/excerpts/Block 2/s3903b-ex01_normed.wav,BUNDLED_BLOCK_AUDIO,2315554,2023-08-18T13:23:54+00:00,44100,1,1157755,26.25294784580499,sub-SD019_ses-01_task-PassiveListen__seg-016,sub-SD019,817.602572059,843.855519904805,train
sub-SD019_ses-01_task-PassiveListen__seg-017,sub-SD019,ses-01,sub-SD019_ses-01_task-PassiveListen,sub-SD019/ses-01/sub-SD019_ses-01_task-PassiveListen_events.tsv,17,s1201a-ex01,PASSAGE,s1201a,en,BLOCK_DIRECTORY_AND_EVENT_LEXICON,block-02,True,,437,850.887052227,884.4502942270001,850.787052227,885.3439910025102,PASS,2.2737367544323206e-13,33.66324200000006,0.8936967755101435,stimuli/excerpts/Block 2/s1201a-ex01_normed.wav,BUNDLED_BLOCK_AUDIO,3047966,2023-08-18T13:23:52+00:00,44100,1,1523961,34.556938775510204,sub-SD019_ses-01_task-PassiveListen__seg-017,sub-SD019,850.787052227,885.3439910025102,train
sub-SD019_ses-01_task-PassiveListen__seg-018,sub-SD019,ses-01,sub-SD019_ses-01_task-PassiveListen,sub-SD019/ses-01/sub-SD019_ses-01_task-PassiveListen_events.tsv,18,s4003b-ex01,PASSAGE,s4003b,en,BLOCK_DIRECTORY_AND_EVENT_LEXICON,block-02,True,,305,892.901701965,917.823013965,892.801701965,918.1956475432313,PASS,2.2737367544323206e-13,25.021312,0.37263357823129084,stimuli/excerpts/Block 2/s4003b-ex01_normed.wav,BUNDLED_BLOCK_AUDIO,2239790,2023-08-18T13:23:55+00:00,44100,1,1119873,25.393945578231293,sub-SD019_ses-01_task-PassiveListen__seg-018,sub-SD019,892.801701965,918.1956475432313,train
sub-SD019_ses-01_task-PassiveListen__seg-019,sub-SD019,ses-01,sub-SD019_ses-01_task-PassiveListen,sub-SD019/ses-01/sub-SD019_ses-01_task-PassiveListen_events.tsv,19,s3602b-ex02,PASSAGE,s3602b,en,BLOCK_DIRECTORY_AND_EVENT_LEXICON,block-02,True,,288,926.186469993,958.321370993,926.086469993,958.9854722605737,PASS,1.1368683772161603e-13,32.23490099999999,0.664101267573713,stimuli/excerpts/Block 2/s3602b-ex02_normed.wav,BUNDLED_BLOCK_AUDIO,2901736,2023-08-18T13:23:54+00:00,44100,1,1450846,32.8990022675737,sub-SD019_ses-01_task-PassiveListen__seg-019,sub-SD019,926.086469993,958.9854722605737,train
sub-SD019_ses-01_task-PassiveListen__seg-020,sub-SD019,ses-01,sub-SD019_ses-01_task-PassiveListen,sub-SD019/ses-01/sub-SD019_ses-01_task-PassiveListen_events.tsv,20,s3301a-ex01,PASSAGE,s3301a,en,BLOCK_DIRECTORY_AND_EVENT_LEXICON,block-02,True,,255,965.621552157,990.4590161570001,965.5215521570001,991.1056791411271,PASS,1.1368683772161603e-13,24.937463999999952,0.6466629841270333,stimuli/excerpts/Block 2/s3301a-ex01_normed.wav,BUNDLED_BLOCK_AUDIO,2256564,2023-08-18T13:23:54+00:00,44100,1,1128260,25.584126984126986,sub-SD019_ses-01_task-PassiveListen__seg-020,sub-SD019,965.5215521570001,991.1056791411271,train
sub-SD019_ses-01_task-PassiveListen__seg-021,sub-SD019,ses-01,sub-SD019_ses-01_task-PassiveListen,sub-SD019/ses-01/sub-SD019_ses-01_task-PassiveListen_events.tsv,21,s2102a-ex02,PASSAGE,s2102a,en,BLOCK_DIRECTORY_AND_EVENT_LEXICON,block-02,True,,373,1000.024423547,1035.868119547,999.9244235470001,1036.2918611887235,PASS,3.410605131648481e-13,35.943696000000024,0.42374164172333195,stimuli/excerpts/Block 2/s2102a-ex02_normed.wav,BUNDLED_BLOCK_AUDIO,3207652,2023-08-18T13:23:53+00:00,44100,1,1603804,36.367437641723356,sub-SD019_ses-01_task-PassiveListen__seg-021,sub-SD019,999.9244235470001,1036.2918611887235,train
sub-SD019_ses-01_task-PassiveListen__seg-024,sub-SD019,ses-01,sub-SD019_ses-01_task-PassiveListen,sub-SD019/ses-01/sub-SD019_ses-01_task-PassiveListen_events.tsv,24,s2202b-ex02,PASSAGE,s2202b,en,BLOCK_DIRECTORY_AND_EVENT_LEXICON,block-02,True,,444,1098.20357754,1152.1324635400001,1098.10357754,1152.6309471545126,PASS,4.547473508864641e-13,54.02888599999992,0.4984836145125513,stimuli/excerpts/Block 2/s2202b-ex02_normed.wav,BUNDLED_BLOCK_AUDIO,4809358,2023-08-18T13:23:53+00:00,44100,1,2404657,54.52736961451247,sub-SD019_ses-01_task-PassiveListen__seg-024,sub-SD019,1098.10357754,1152.6309471545126,train
sub-SD019_ses-01_task-PassiveListen__seg-025,sub-SD019,ses-01,sub-SD019_ses-01_task-PassiveListen,sub-SD019/ses-01/sub-SD019_ses-01_task-PassiveListen_events.tsv,25,s3301a-ex02,PASSAGE,s3301a,en,BLOCK_DIRECTORY_AND_EVENT_LEXICON,block-03,True,,406,1171.23727985,1208.0252578500001,1171.13727985,1208.3752843851473,PASS,2.2737367544323206e-13,36.88797800000001,0.3500265351473786,stimuli/excerpts/Block 3/s3301a-ex02_normed.wav,BUNDLED_BLOCK_AUDIO,3284436,2023-08-18T13:23:57+00:00,44100,1,1642196,37.23800453514739,sub-SD019_ses-01_task-PassiveListen__seg-025,sub-SD019,1171.13727985,1208.3752843851473,validation
sub-SD019_ses-01_task-PassiveListen__seg-026,sub-SD019,ses-01,sub-SD019_ses-01_task-PassiveListen,sub-SD019/ses-01/sub-SD019_ses-01_task-PassiveListen_events.tsv,26,s3903b-ex02,PASSAGE,s3903b,en,BLOCK_DIRECTORY_AND_EVENT_LEXICON,block-03,True,,325,1215.14333349,1247.69927449,1215.04333349,1247.9800908596144,PASS,2.2737367544323206e-13,32.65594099999999,0.28081636961452006,stimuli/excerpts/Block 3/s3903b-ex02_normed.wav,BUNDLED_BLOCK_AUDIO,2905066,2023-08-18T13:23:58+00:00,44100,1,1452511,32.93675736961451,sub-SD019_ses-01_task-PassiveListen__seg-026,sub-SD019,1215.04333349,1247.9800908596144,validation
sub-SD019_ses-01_task-PassiveListen__seg-029,sub-SD019,ses-01,sub-SD019_ses-01_task-PassiveListen,sub-SD019/ses-01/sub-SD019_ses-01_task-PassiveListen_events.tsv,29,s1401a-ex02,PASSAGE,s1401a,en,BLOCK_DIRECTORY_AND_EVENT_LEXICON,block-03,True,,434,1315.15995739,1351.32020739,1315.05995739,1351.6423836938548,PASS,2.2737367544323206e-13,36.26025000000001,0.3221763038548602,stimuli/excerpts/Block 3/s1401a-ex02_normed.wav,BUNDLED_BLOCK_AUDIO,3226614,2023-08-18T13:23:56+00:00,44100,1,1613285,36.582426303854874,sub-SD019_ses-01_task-PassiveListen__seg-029,sub-SD019,1315.05995739,1351.6423836938548,validation
sub-SD019_ses-01_task-PassiveListen__seg-030,sub-SD019,ses-01,sub-SD019_ses-01_task-PassiveListen,sub-SD019/ses-01/sub-SD019_ses-01_task-PassiveListen_events.tsv,30,s3201a-ex01,PASSAGE,s3201a,en,BLOCK_DIRECTORY_AND_EVENT_LEXICON,block-03,True,,1105,1359.00848819,1435.09018919,1358.90848819,1435.9983067841044,PASS,2.2737367544323206e-13,76.18170099999998,0.9081175941043398,stimuli/excerpts/Block 3/s3201a-ex01_normed.wav,BUNDLED_BLOCK_AUDIO,6799366,2023-08-18T13:23:57+00:00,44100,1,3399661,77.08981859410432,sub-SD019_ses-01_task-PassiveListen__seg-030,sub-SD019,1358.90848819,1435.9983067841044,validation
sub-SD019_ses-01_task-PassiveListen__seg-031,sub-SD019,ses-01,sub-SD019_ses-01_task-PassiveListen,sub-SD019/ses-01/sub-SD019_ses-01_task-PassiveListen_events.tsv,31,s1303a-ex02,PASSAGE,s1303a,en,BLOCK_DIRECTORY_AND_EVENT_LEXICON,block-03,True,,211,1445.22325632,1473.99479132,1445.12325632,1474.4683130093424,PASS,2.2737367544323206e-13,28.871535000000033,0.4735216893423697,stimuli/excerpts/Block 3/s1303a-ex02_normed.wav,BUNDLED_BLOCK_AUDIO,2588278,2023-08-18T13:23:56+00:00,44100,1,1294117,29.345056689342403,sub-SD019_ses-01_task-PassiveListen__seg-031,sub-SD019,1445.12325632,1474.4683130093424,validation
sub-SD019_ses-01_task-PassiveListen__seg-032,sub-SD019,ses-01,sub-SD019_ses-01_task-PassiveListen,sub-SD019/ses-01/sub-SD019_ses-01_task-PassiveListen_events.tsv,32,s3703b-ex01,PASSAGE,s3703b,en,BLOCK_DIRECTORY_AND_EVENT_LEXICON,block-03,True,,408,1486.61524132,1520.9430693200002,1486.51524132,1521.886987351746,PASS,2.2737367544323206e-13,34.42782800000001,0.9439180317460227,stimuli/excerpts/Block 3/s3703b-ex01_normed.wav,BUNDLED_BLOCK_AUDIO,3119832,2023-08-18T13:23:57+00:00,44100,1,1559894,35.371746031746035,sub-SD019_ses-01_task-PassiveListen__seg-032,sub-SD019,1486.51524132,1521.886987351746,validation
sub-SD019_ses-01_task-PassiveListen__seg-033,sub-SD019,ses-01,sub-SD019_ses-01_task-PassiveListen,sub-SD019/ses-01/sub-SD019_ses-01_task-PassiveListen_events.tsv,33,s1501a-ex01,PASSAGE,s1501a,en,BLOCK_DIRECTORY_AND_EVENT_LEXICON,block-03,True,,404,1536.85776527,1579.50176927,1536.75776527,1579.8962006441495,PASS,2.2737367544323206e-13,42.74400400000002,0.39443137414964013,stimuli/excerpts/Block 3/s1501a-ex01_normed.wav,BUNDLED_BLOCK_AUDIO,3804854,2023-08-18T13:23:56+00:00,44100,1,1902405,43.13843537414966,sub-SD019_ses-01_task-PassiveListen__seg-033,sub-SD019,1536.75776527,1579.8962006441495,validation
sub-SD019_ses-01_task-PassiveListen__seg-034,sub-SD019,ses-01,sub-SD019_ses-01_task-PassiveListen,sub-SD019/ses-01/sub-SD019_ses-01_task-PassiveListen_events.tsv,34,s1001a-ex01,PASSAGE,s1001a,en,BLOCK_DIRECTORY_AND_EVENT_LEXICON,block-03,True,,541,1587.59277822,1628.75911722,1587.49277822,1629.1640934127438,PASS,2.2737367544323206e-13,41.266339,0.40497619274376007,stimuli/excerpts/Block 3/s1001a-ex01_normed.wav,BUNDLED_BLOCK_AUDIO,3675454,2023-08-18T13:23:55+00:00,44100,1,1837705,41.67131519274376,sub-SD019_ses-01_task-PassiveListen__seg-034,sub-SD019,1587.49277822,1629.1640934127438,validation
sub-SD019_ses-01_task-PassiveListen__seg-035,sub-SD019,ses-01,sub-SD019_ses-01_task-PassiveListen,sub-SD019/ses-01/sub-SD019_ses-01_task-PassiveListen_events.tsv,35,s3902a-ex01,PASSAGE,s3902a,en,BLOCK_DIRECTORY_AND_EVENT_LEXICON,block-04,True,,312,1640.93051627,1672.0498372700001,1640.83051627,1672.384144387914,PASS,2.2737367544323206e-13,31.21932099999996,0.3343071179138697,stimuli/excerpts/Block 4/s3902a-ex01_normed.wav,BUNDLED_BLOCK_AUDIO,2783074,2023-08-18T13:24:01+00:00,44100,1,1391515,31.55362811791383,sub-SD019_ses-01_task-PassiveListen__seg-035,sub-SD019,1640.83051627,1672.384144387914,test
sub-SD019_ses-01_task-PassiveListen__seg-036,sub-SD019,ses-01,sub-SD019_ses-01_task-PassiveListen,sub-SD019/ses-01/sub-SD019_ses-01_task-PassiveListen_events.tsv,36,s1604a-ex01,PASSAGE,s1604a,en,BLOCK_DIRECTORY_AND_EVENT_LEXICON,block-04,True,,539,1682.79380948,1729.00949748,1682.69380948,1729.0574375979138,PASS,2.2737367544323206e-13,46.315688,0.047940117913832125,stimuli/excerpts/Block 4/s1604a-ex01_normed.wav,BUNDLED_BLOCK_AUDIO,4089316,2023-08-18T13:23:59+00:00,44100,1,2044636,46.363628117913834,sub-SD019_ses-01_task-PassiveListen__seg-036,sub-SD019,1682.69380948,1729.0574375979138,test
sub-SD019_ses-01_task-PassiveListen__seg-037,sub-SD019,ses-01,sub-SD019_ses-01_task-PassiveListen,sub-SD019/ses-01/sub-SD019_ses-01_task-PassiveListen_events.tsv,37,s2801a-ex01,PASSAGE,s2801a,en,BLOCK_DIRECTORY_AND_EVENT_LEXICON,block-04,True,,743,1736.25164242,1796.54656542,1736.15164242,1797.0794655492516,PASS,2.2737367544323206e-13,60.39492300000001,0.5329001292516864,stimuli/excerpts/Block 4/s2801a-ex01_normed.wav,BUNDLED_BLOCK_AUDIO,5373878,2023-08-18T13:24:00+00:00,44100,1,2686917,60.9278231292517,sub-SD019_ses-01_task-PassiveListen__seg-037,sub-SD019,1736.15164242,1797.0794655492516,test
sub-SD019_ses-01_task-PassiveListen__seg-038,sub-SD019,ses-01,sub-SD019_ses-01_task-PassiveListen,sub-SD019/ses-01/sub-SD019_ses-01_task-PassiveListen_events.tsv,38,s0702a-ex01,PASSAGE,s0702a,en,BLOCK_DIRECTORY_AND_EVENT_LEXICON,block-04,True,,370,1807.9266939,1836.1015479,1807.8266939,1838.2889387979592,PASS,2.2737367544323206e-13,28.274854000000005,2.1873908979591796,stimuli/excerpts/Block 4/s0702a-ex01_normed.wav,BUNDLED_BLOCK_AUDIO,2686814,2023-08-18T13:23:59+00:00,44100,1,1343385,30.462244897959184,sub-SD019_ses-01_task-PassiveListen__seg-038,sub-SD019,1807.8266939,1838.2889387979592,test
sub-SD019_ses-01_task-PassiveListen__seg-039,sub-SD019,ses-01,sub-SD019_ses-01_task-PassiveListen,sub-SD019/ses-01/sub-SD019_ses-01_task-PassiveListen_events.tsv,39,s2102a-ex03,PASSAGE,s2102a,en,BLOCK_DIRECTORY_AND_EVENT_LEXICON,block-04,True,,346,1845.11440294,1889.30748594,1845.01440294,1890.2875321917008,PASS,2.2737367544323206e-13,44.29308300000003,0.9800462517006494,stimuli/excerpts/Block 4/s2102a-ex03_normed.wav,BUNDLED_BLOCK_AUDIO,3993134,2023-08-18T13:23:59+00:00,44100,1,1996545,45.27312925170068,sub-SD019_ses-01_task-PassiveListen__seg-039,sub-SD019,1845.01440294,1890.2875321917008,test
sub-SD019_ses-01_task-PassiveListen__seg-040,sub-SD019,ses-01,sub-SD019_ses-01_task-PassiveListen,sub-SD019/ses-01/sub-SD019_ses-01_task-PassiveListen_events.tsv,40,s3802a-ex01,PASSAGE,s3802a,en,BLOCK_DIRECTORY_AND_EVENT_LEXICON,block-04,True,,362,1896.03907354,1929.87508354,1895.93907354,1930.6152640161904,PASS,4.547473508864641e-13,33.936010000000046,0.7401804761904316,stimuli/excerpts/Block 4/s3802a-ex01_normed.wav,BUNDLED_BLOCK_AUDIO,3058484,2023-08-18T13:24:00+00:00,44100,1,1529220,34.67619047619048,sub-SD019_ses-01_task-PassiveListen__seg-040,sub-SD019,1895.93907354,1930.6152640161904,test
sub-SD019_ses-01_task-PassiveListen__seg-041,sub-SD019,ses-01,sub-SD019_ses-01_task-PassiveListen,sub-SD019/ses-01/sub-SD019_ses-01_task-PassiveListen_events.tsv,41,s0202b-ex01,PASSAGE,s0202b,en,BLOCK_DIRECTORY_AND_EVENT_LEXICON,block-04,True,,671,1939.80359113,1996.3585911300001,1939.70359113,1996.6215276379364,PASS,2.2737367544323206e-13,56.654999999999994,0.2629365079365158,stimuli/excerpts/Block 4/s0202b-ex01_normed.wav,BUNDLED_BLOCK_AUDIO,5020206,2023-08-18T13:23:58+00:00,44100,1,2510081,56.91793650793651,sub-SD019_ses-01_task-PassiveListen__seg-041,sub-SD019,1939.70359113,1996.6215276379364,test
sub-SD019_ses-01_task-PassiveListen__seg-042,sub-SD019,ses-01,sub-SD019_ses-01_task-PassiveListen,sub-SD019/ses-01/sub-SD019_ses-01_task-PassiveListen_events.tsv,42,s3102b-ex01,PASSAGE,s3102b,en,BLOCK_DIRECTORY_AND_EVENT_LEXICON,block-04,True,,159,2003.92721305,2023.64854305,2003.82721305,2024.6290951361677,PASS,2.2737367544323206e-13,19.82133,0.9805520861678012,stimuli/excerpts/Block 4/s3102b-ex01_normed.wav,BUNDLED_BLOCK_AUDIO,1834770,2023-08-18T13:24:00+00:00,44100,1,917363,20.8018820861678,sub-SD019_ses-01_task-PassiveListen__seg-042,sub-SD019,2003.82721305,2024.6290951361677,test
sub-SD019_ses-01_task-PassiveListen__seg-045,sub-SD019,ses-01,sub-SD019_ses-01_task-PassiveListen,sub-SD019/ses-01/sub-SD019_ses-01_task-PassiveListen_events.tsv,45,s1401b-ex01,PASSAGE,s1401b,en,BLOCK_DIRECTORY_AND_EVENT_LEXICON,block-05,True,,664,2087.3668723,2141.3459443,2087.2668723,2141.7037430482997,PASS,4.547473508864641e-13,54.079072000000004,0.35779874829931657,stimuli/excerpts/Block 5/s1401b-ex01_normed.wav,BUNDLED_BLOCK_AUDIO,4801376,2023-08-18T13:24:03+00:00,44100,1,2400666,54.43687074829932,sub-SD019_ses-01_task-PassiveListen__seg-045,sub-SD019,2087.2668723,2141.7037430482997,train
sub-SD019_ses-01_task-PassiveListen__seg-046,sub-SD019,ses-01,sub-SD019_ses-01_task-PassiveListen,sub-SD019/ses-01/sub-SD019_ses-01_task-PassiveListen_events.tsv,46,s0203b-ex01,PASSAGE,s0203b,en,BLOCK_DIRECTORY_AND_EVENT_LEXICON,block-05,True,,505,2157.72140722,2199.51452522,2157.62140722,2200.5728357914286,PASS,4.547473508864641e-13,41.89311800000002,1.0583105714285495,stimuli/excerpts/Block 5/s0203b-ex01_normed.wav,BUNDLED_BLOCK_AUDIO,3788360,2023-08-18T13:24:01+00:00,44100,1,1894158,42.95142857142857,sub-SD019_ses-01_task-PassiveListen__seg-046,sub-SD019,2157.62140722,2200.5728357914286,train
sub-SD019_ses-01_task-PassiveListen__seg-047,sub-SD019,ses-01,sub-SD019_ses-01_task-PassiveListen,sub-SD019/ses-01/sub-SD019_ses-01_task-PassiveListen_events.tsv,47,s1103a-ex01,PASSAGE,s1103a,en,BLOCK_DIRECTORY_AND_EVENT_LEXICON,block-05,True,,443,2209.75581724,2263.85864924,2209.65581724,2264.3485156526986,PASS,4.547473508864641e-13,54.20283199999998,0.4898664126984329,stimuli/excerpts/Block 5/s1103a-ex01_normed.wav,BUNDLED_BLOCK_AUDIO,4823940,2023-08-18T13:24:02+00:00,44100,1,2411948,54.69269841269841,sub-SD019_ses-01_task-PassiveListen__seg-047,sub-SD019,2209.65581724,2264.3485156526986,train
sub-SD019_ses-01_task-PassiveListen__seg-048,sub-SD019,ses-01,sub-SD019_ses-01_task-PassiveListen,sub-SD019/ses-01/sub-SD019_ses-01_task-PassiveListen_events.tsv,48,s0802b-ex01,PASSAGE,s0802b,en,BLOCK_DIRECTORY_AND_EVENT_LEXICON,block-05,True,,328,2271.33625808,2300.50434908,2271.23625808,2301.2295007103853,PASS,4.547473508864641e-13,29.268091000000013,0.7251516303854757,stimuli/excerpts/Block 5/s0802b-ex01_normed.wav,BUNDLED_BLOCK_AUDIO,2645448,2023-08-18T13:24:02+00:00,44100,1,1322702,29.993242630385488,sub-SD019_ses-01_task-PassiveListen__seg-048,sub-SD019,2271.23625808,2301.2295007103853,train
sub-SD019_ses-01_task-PassiveListen__seg-049,sub-SD019,ses-01,sub-SD019_ses-01_task-PassiveListen,sub-SD019/ses-01/sub-SD019_ses-01_task-PassiveListen_events.tsv,49,s1202b-ex01,PASSAGE,s1202b,en,BLOCK_DIRECTORY_AND_EVENT_LEXICON,block-05,True,,417,2309.0968115,2343.3051525,2308.9968115,2343.4749294138323,PASS,4.547473508864641e-13,34.308341,0.16977691383220161,stimuli/excerpts/Block 5/s1202b-ex01_normed.wav,BUNDLED_BLOCK_AUDIO,3041014,2023-08-18T13:24:02+00:00,44100,1,1520485,34.4781179138322,sub-SD019_ses-01_task-PassiveListen__seg-049,sub-SD019,2308.9968115,2343.4749294138323,train
sub-SD019_ses-01_task-PassiveListen__seg-050,sub-SD019,ses-01,sub-SD019_ses-01_task-PassiveListen,sub-SD019/ses-01/sub-SD019_ses-01_task-PassiveListen_events.tsv,50,s3003a-ex01,PASSAGE,s3003a,en,BLOCK_DIRECTORY_AND_EVENT_LEXICON,block-05,True,,371,2351.59007617,2384.58914517,2351.49007617,2385.034452587234,PASS,4.547473508864641e-13,33.099069000000014,0.4453074172335434,stimuli/excerpts/Block 5/s3003a-ex01_normed.wav,BUNDLED_BLOCK_AUDIO,2958658,2023-08-18T13:24:03+00:00,44100,1,1479307,33.54437641723356,sub-SD019_ses-01_task-PassiveListen__seg-050,sub-SD019,2351.49007617,2385.034452587234,train
sub-SD019_ses-01_task-PassiveListen__seg-053,sub-SD019,ses-01,sub-SD019_ses-01_task-PassiveListen,sub-SD019/ses-01/sub-SD019_ses-01_task-PassiveListen_events.tsv,53,s1703b-ex01,PASSAGE,s1703b,en,BLOCK_DIRECTORY_AND_EVENT_LEXICON,block-05,True,,431,2449.13115407,2502.19415407,2449.03115407,2502.5320384237416,PASS,4.547473508864641e-13,53.16299999999999,0.33788435374150794,stimuli/excerpts/Block 5/s1703b-ex01_normed.wav,BUNDLED_BLOCK_AUDIO,4718822,2023-08-18T13:24:03+00:00,44100,1,2359389,53.5008843537415,sub-SD019_ses-01_task-PassiveListen__seg-053,sub-SD019,2449.03115407,2502.5320384237416,train
sub-SD019_ses-01_task-PassiveListen__seg-054,sub-SD019,ses-01,sub-SD019_ses-01_task-PassiveListen,sub-SD019/ses-01/sub-SD019_ses-01_task-PassiveListen_events.tsv,54,s1503a-ex01,PASSAGE,s1503a,en,BLOCK_DIRECTORY_AND_EVENT_LEXICON,block-05,True,,430,2510.08470413,2526.43596113,2509.98470413,2526.8403277127663,PASS,4.547473508864641e-13,16.451257000000005,0.40436658276643556,stimuli/excerpts/Block 5/s1503a-ex01_normed.wav,BUNDLED_BLOCK_AUDIO,1486710,2023-08-18T13:24:03+00:00,44100,1,743333,16.85562358276644,sub-SD019_ses-01_task-PassiveListen__seg-054,sub-SD019,2509.98470413,2526.8403277127663,train
sub-SD019_ses-01_task-PassiveListen__seg-057,sub-SD019,ses-01,sub-SD019_ses-01_task-PassiveListen,sub-SD019/ses-01/sub-SD019_ses-01_task-PassiveListen_events.tsv,57,s1203a-ex01,PASSAGE,s1203a,en,BLOCK_DIRECTORY_AND_EVENT_LEXICON,block-06,True,,373,2600.99944515,2634.56893315,2600.89944515,2634.9579485513605,PASS,4.547473508864641e-13,33.66948800000001,0.38901540136053825,stimuli/excerpts/Block 6/s1203a-ex01_normed.wav,BUNDLED_BLOCK_AUDIO,3004004,2023-08-18T13:24:05+00:00,44100,1,1501980,34.05850340136055,sub-SD019_ses-01_task-PassiveListen__seg-057,sub-SD019,2600.89944515,2634.9579485513605,train
sub-SD019_ses-01_task-PassiveListen__seg-058,sub-SD019,ses-01,sub-SD019_ses-01_task-PassiveListen,sub-SD019/ses-01/sub-SD019_ses-01_task-PassiveListen_events.tsv,58,s1503a-ex02,PASSAGE,s1503a,en,BLOCK_DIRECTORY_AND_EVENT_LEXICON,block-06,True,,328,2646.55686005,2673.10983105,2646.45686005,2674.071100412812,PASS,4.547473508864641e-13,26.652971000000072,0.9612693628117199,stimuli/excerpts/Block 6/s1503a-ex02_normed.wav,BUNDLED_BLOCK_AUDIO,2435620,2023-08-18T13:24:05+00:00,44100,1,1217788,27.614240362811792,sub-SD019_ses-01_task-PassiveListen__seg-058,sub-SD019,2646.45686005,2674.071100412812,train
sub-SD019_ses-01_task-PassiveListen__seg-059,sub-SD019,ses-01,sub-SD019_ses-01_task-PassiveListen,sub-SD019/ses-01/sub-SD019_ses-01_task-PassiveListen_events.tsv,59,s0901b-ex01,PASSAGE,s0901b,en,BLOCK_DIRECTORY_AND_EVENT_LEXICON,block-06,True,,311,2682.00708836,2717.96171936,2681.90708836,2718.2832108089797,PASS,4.547473508864641e-13,36.05463099999999,0.32149144897960014,stimuli/excerpts/Block 6/s0901b-ex01_normed.wav,BUNDLED_BLOCK_AUDIO,3208418,2023-08-18T13:24:04+00:00,44100,1,1604187,36.376122448979594,sub-SD019_ses-01_task-PassiveListen__seg-059,sub-SD019,2681.90708836,2718.2832108089797,train
sub-SD019_ses-01_task-PassiveListen__seg-060,sub-SD019,ses-01,sub-SD019_ses-01_task-PassiveListen,sub-SD019/ses-01/sub-SD019_ses-01_task-PassiveListen_events.tsv,60,s3801a-ex01,PASSAGE,s3801a,en,BLOCK_DIRECTORY_AND_EVENT_LEXICON,block-06,True,,350,2726.85450063,2759.6570626300004,2726.75450063,2759.8561332830614,PASS,4.547473508864641e-13,32.90256200000002,0.19907065306120586,stimuli/excerpts/Block 6/s3801a-ex01_normed.wav,BUNDLED_BLOCK_AUDIO,2919608,2023-08-18T13:24:06+00:00,44100,1,1459782,33.10163265306122,sub-SD019_ses-01_task-PassiveListen__seg-060,sub-SD019,2726.75450063,2759.8561332830614,train
sub-SD019_ses-01_task-PassiveListen__seg-061,sub-SD019,ses-01,sub-SD019_ses-01_task-PassiveListen,sub-SD019/ses-01/sub-SD019_ses-01_task-PassiveListen_events.tsv,61,s3003a-ex02,PASSAGE,s3003a,en,BLOCK_DIRECTORY_AND_EVENT_LEXICON,block-06,True,,504,2772.63243139,2816.99505539,2772.53243139,2817.1196876258277,PASS,4.547473508864641e-13,44.462624,0.12463223582766858,stimuli/excerpts/Block 6/s3003a-ex02_normed.wav,BUNDLED_BLOCK_AUDIO,3932640,2023-08-18T13:24:06+00:00,44100,1,1966298,44.58725623582767,sub-SD019_ses-01_task-PassiveListen__seg-061,sub-SD019,2772.53243139,2817.1196876258277,train
sub-SD019_ses-01_task-PassiveListen__seg-062,sub-SD019,ses-01,sub-SD019_ses-01_task-PassiveListen,sub-SD019/ses-01/sub-SD019_ses-01_task-PassiveListen_events.tsv,62,s0305a-ex01,PASSAGE,s0305a,en,BLOCK_DIRECTORY_AND_EVENT_LEXICON,block-06,True,,377,2823.68914867,2866.83855967,2823.58914867,2867.0965182845125,PASS,4.547473508864641e-13,43.249410999999995,0.25795861451247504,stimuli/excerpts/Block 6/s0305a-ex01_normed.wav,BUNDLED_BLOCK_AUDIO,3837394,2023-08-18T13:24:04+00:00,44100,1,1918675,43.50736961451247,sub-SD019_ses-01_task-PassiveListen__seg-062,sub-SD019,2823.58914867,2867.0965182845125,train
sub-SD019_ses-01_task-PassiveListen__seg-063,sub-SD019,ses-01,sub-SD019_ses-01_task-PassiveListen,sub-SD019/ses-01/sub-SD019_ses-01_task-PassiveListen_events.tsv,63,s1702b-ex01,PASSAGE,s1702b,en,BLOCK_DIRECTORY_AND_EVENT_LEXICON,block-06,True,,369,2875.49753269,2916.50153269,2875.39753269,2916.8207753203856,PASS,4.547473508864641e-13,41.10399999999999,0.31924263038549583,stimuli/excerpts/Block 6/s1702b-ex01_normed.wav,BUNDLED_BLOCK_AUDIO,3653574,2023-08-18T13:24:05+00:00,44100,1,1826765,41.42324263038549,sub-SD019_ses-01_task-PassiveListen__seg-063,sub-SD019,2875.39753269,2916.8207753203856,train
sub-SD019_ses-01_task-PassiveListen__seg-064,sub-SD019,ses-01,sub-SD019_ses-01_task-PassiveListen,sub-SD019/ses-01/sub-SD019_ses-01_task-PassiveListen_events.tsv,64,s2302b-ex01,PASSAGE,s2302b,en,BLOCK_DIRECTORY_AND_EVENT_LEXICON,block-06,True,,316,2924.26408653,2958.73574853,2924.16408653,2959.287578593492,PASS,4.547473508864641e-13,34.57166199999998,0.5518300634920834,stimuli/excerpts/Block 6/s2302b-ex01_normed.wav,BUNDLED_BLOCK_AUDIO,3097936,2023-08-18T13:24:06+00:00,44100,1,1548946,35.123492063492066,sub-SD019_ses-01_task-PassiveListen__seg-064,sub-SD019,2924.16408653,2959.287578593492,train
sub-SD021_ses-01_task-PassiveListen__seg-005,sub-SD021,ses-01,sub-SD021_ses-01_task-PassiveListen,sub-SD021/ses-01/sub-SD021_ses-01_task-PassiveListen_events.tsv,5,s2102a-ex01,PASSAGE,s2102a,en,BLOCK_DIRECTORY_AND_EVENT_LEXICON,block-01,True,,295,191.684107358,218.56289535800002,191.58410735799998,219.77267878657142,PASS,5.684341886080802e-14,26.978788000000012,1.2097834285714164,stimuli/excerpts/Block 1/s2102a-ex01_normed.wav,BUNDLED_BLOCK_AUDIO,2486276,2023-08-18T13:23:49+00:00,44100,1,1243116,28.18857142857143,sub-SD021_ses-01_task-PassiveListen__seg-005,sub-SD021,191.58410735799998,219.77267878657142,train
sub-SD021_ses-01_task-PassiveListen__seg-006,sub-SD021,ses-01,sub-SD021_ses-01_task-PassiveListen,sub-SD021/ses-01/sub-SD021_ses-01_task-PassiveListen_events.tsv,6,s3602b-ex01,PASSAGE,s3602b,en,BLOCK_DIRECTORY_AND_EVENT_LEXICON,block-01,True,,318,237.573976275,272.479836275,237.47397627499996,273.0823436219387,PASS,2.2737367544323206e-13,35.00586000000008,0.602507346938701,stimuli/excerpts/Block 1/s3602b-ex01_normed.wav,BUNDLED_BLOCK_AUDIO,3140702,2023-08-18T13:23:50+00:00,44100,1,1570329,35.60836734693878,sub-SD021_ses-01_task-PassiveListen__seg-006,sub-SD021,237.47397627499996,273.0823436219387,train
sub-SD021_ses-01_task-PassiveListen__seg-007,sub-SD021,ses-01,sub-SD021_ses-01_task-PassiveListen,sub-SD021/ses-01/sub-SD021_ses-01_task-PassiveListen_events.tsv,7,s2301a-ex01,PASSAGE,s2301a,en,BLOCK_DIRECTORY_AND_EVENT_LEXICON,block-01,True,,206,295.187282959,317.382344959,295.087282959,317.6245845463016,PASS,5.684341886080802e-14,22.295061999999998,0.24223958730159012,stimuli/excerpts/Block 1/s2301a-ex01_normed.wav,BUNDLED_BLOCK_AUDIO,1987834,2023-08-18T13:23:50+00:00,44100,1,993895,22.537301587301588,sub-SD021_ses-01_task-PassiveListen__seg-007,sub-SD021,295.087282959,317.6245845463016,train
sub-SD021_ses-01_task-PassiveListen__seg-008,sub-SD021,ses-01,sub-SD021_ses-01_task-PassiveListen,sub-SD021/ses-01/sub-SD021_ses-01_task-PassiveListen_events.tsv,8,s3001b-ex01,PASSAGE,s3001b,en,BLOCK_DIRECTORY_AND_EVENT_LEXICON,block-01,True,,485,331.688499981,380.428846981,331.588499981,380.7713117723832,PASS,5.684341886080802e-14,48.840346999999994,0.34246479138322883,stimuli/excerpts/Block 1/s3001b-ex01_normed.wav,BUNDLED_BLOCK_AUDIO,4337968,2023-08-18T13:23:50+00:00,44100,1,2168962,49.18281179138322,sub-SD021_ses-01_task-PassiveListen__seg-008,sub-SD021,331.588499981,380.7713117723832,train
sub-SD021_ses-01_task-PassiveListen__seg-009,sub-SD021,ses-01,sub-SD021_ses-01_task-PassiveListen,sub-SD021/ses-01/sub-SD021_ses-01_task-PassiveListen_events.tsv,9,s1303a-ex01,PASSAGE,s1303a,en,BLOCK_DIRECTORY_AND_EVENT_LEXICON,block-01,True,,311,395.846305821,429.388813821,395.746305821,429.9622468640839,PASS,1.1368683772161603e-13,33.64250799999997,0.5734330430839307,stimuli/excerpts/Block 1/s1303a-ex01_normed.wav,BUNDLED_BLOCK_AUDIO,3017890,2023-08-18T13:23:48+00:00,44100,1,1508923,34.2159410430839,sub-SD021_ses-01_task-PassiveListen__seg-009,sub-SD021,395.746305821,429.9622468640839,train
sub-SD021_ses-01_task-PassiveListen__seg-010,sub-SD021,ses-01,sub-SD021_ses-01_task-PassiveListen,sub-SD021/ses-01/sub-SD021_ses-01_task-PassiveListen_events.tsv,10,s1401a-ex01,PASSAGE,s1401a,en,BLOCK_DIRECTORY_AND_EVENT_LEXICON,block-01,True,,415,445.573798455,480.339549455,445.473798455,480.757925439127,PASS,1.1368683772161603e-13,34.86575099999998,0.41837598412700316,stimuli/excerpts/Block 1/s1401a-ex01_normed.wav,BUNDLED_BLOCK_AUDIO,3112104,2023-08-18T13:23:49+00:00,44100,1,1556030,35.284126984126985,sub-SD021_ses-01_task-PassiveListen__seg-010,sub-SD021,445.473798455,480.757925439127,train
sub-SD021_ses-01_task-PassiveListen__seg-011,sub-SD021,ses-01,sub-SD021_ses-01_task-PassiveListen,sub-SD021/ses-01/sub-SD021_ses-01_task-PassiveListen_events.tsv,11,s4002b-ex01,PASSAGE,s4002b,en,BLOCK_DIRECTORY_AND_EVENT_LEXICON,block-01,True,,390,496.293565612,530.306212612,496.193565612,530.8250622106394,PASS,1.1368683772161603e-13,34.112646999999996,0.5188495986394628,stimuli/excerpts/Block 1/s4002b-ex01_normed.wav,BUNDLED_BLOCK_AUDIO,3054542,2023-08-18T13:23:51+00:00,44100,1,1527249,34.63149659863946,sub-SD021_ses-01_task-PassiveListen__seg-011,sub-SD021,496.193565612,530.8250622106394,train
sub-SD021_ses-01_task-PassiveListen__seg-014,sub-SD021,ses-01,sub-SD021_ses-01_task-PassiveListen,sub-SD021/ses-01/sub-SD021_ses-01_task-PassiveListen_events.tsv,14,s1901b-ex01,PASSAGE,s1901b,en,BLOCK_DIRECTORY_AND_EVENT_LEXICON,block-01,True,,406,610.101211273,646.9466672730001,610.001211273,647.388830320619,PASS,1.1368683772161603e-13,36.945456000000014,0.442163047619033,stimuli/excerpts/Block 1/s1901b-ex01_normed.wav,BUNDLED_BLOCK_AUDIO,3297632,2023-08-18T13:23:49+00:00,44100,1,1648794,37.38761904761905,sub-SD021_ses-01_task-PassiveListen__seg-014,sub-SD021,610.001211273,647.388830320619,train
sub-SD021_ses-01_task-PassiveListen__seg-015,sub-SD021,ses-01,sub-SD021_ses-01_task-PassiveListen,sub-SD021/ses-01/sub-SD021_ses-01_task-PassiveListen_events.tsv,15,s2102a-ex02,PASSAGE,s2102a,en,BLOCK_DIRECTORY_AND_EVENT_LEXICON,block-02,True,,373,673.461616816,709.3053128160001,673.361616816,709.7290544577234,PASS,2.2737367544323206e-13,35.943696000000024,0.42374164172333195,stimuli/excerpts/Block 2/s2102a-ex02_normed.wav,BUNDLED_BLOCK_AUDIO,3207652,2023-08-18T13:23:53+00:00,44100,1,1603804,36.367437641723356,sub-SD021_ses-01_task-PassiveListen__seg-015,sub-SD021,673.361616816,709.7290544577234,train
sub-SD021_ses-01_task-PassiveListen__seg-016,sub-SD021,ses-01,sub-SD021_ses-01_task-PassiveListen,sub-SD021/ses-01/sub-SD021_ses-01_task-PassiveListen_events.tsv,16,s0703b-ex01,PASSAGE,s0703b,en,BLOCK_DIRECTORY_AND_EVENT_LEXICON,block-02,True,,419,721.974616735,760.485901735,721.874616735,760.909310612551,PASS,2.2737367544323206e-13,38.611285,0.42340887755101875,stimuli/excerpts/Block 2/s0703b-ex01_normed.wav,BUNDLED_BLOCK_AUDIO,3442904,2023-08-18T13:23:52+00:00,44100,1,1721430,39.03469387755102,sub-SD021_ses-01_task-PassiveListen__seg-016,sub-SD021,721.874616735,760.909310612551,train
sub-SD021_ses-01_task-PassiveListen__seg-017,sub-SD021,ses-01,sub-SD021_ses-01_task-PassiveListen,sub-SD021/ses-01/sub-SD021_ses-01_task-PassiveListen_events.tsv,17,s3301a-ex01,PASSAGE,s3301a,en,BLOCK_DIRECTORY_AND_EVENT_LEXICON,block-02,True,,255,773.348565749,798.186029749,773.248565749,798.832692733127,PASS,1.1368683772161603e-13,24.937463999999952,0.6466629841270333,stimuli/excerpts/Block 2/s3301a-ex01_normed.wav,BUNDLED_BLOCK_AUDIO,2256564,2023-08-18T13:23:54+00:00,44100,1,1128260,25.584126984126986,sub-SD021_ses-01_task-PassiveListen__seg-017,sub-SD021,773.248565749,798.832692733127,train
sub-SD021_ses-01_task-PassiveListen__seg-018,sub-SD021,ses-01,sub-SD021_ses-01_task-PassiveListen,sub-SD021/ses-01/sub-SD021_ses-01_task-PassiveListen_events.tsv,18,s1201a-ex01,PASSAGE,s1201a,en,BLOCK_DIRECTORY_AND_EVENT_LEXICON,block-02,True,,437,810.116878625,843.6801206250001,810.016878625,844.5738174005102,PASS,2.2737367544323206e-13,33.66324200000006,0.8936967755101435,stimuli/excerpts/Block 2/s1201a-ex01_normed.wav,BUNDLED_BLOCK_AUDIO,3047966,2023-08-18T13:23:52+00:00,44100,1,1523961,34.556938775510204,sub-SD021_ses-01_task-PassiveListen__seg-018,sub-SD021,810.016878625,844.5738174005102,train
sub-SD021_ses-01_task-PassiveListen__seg-019,sub-SD021,ses-01,sub-SD021_ses-01_task-PassiveListen,sub-SD021/ses-01/sub-SD021_ses-01_task-PassiveListen_events.tsv,19,s2202b-ex02,PASSAGE,s2202b,en,BLOCK_DIRECTORY_AND_EVENT_LEXICON,block-02,True,,444,856.72794186,910.65682786,856.6279418600001,911.1553114745126,PASS,2.2737367544323206e-13,54.02888599999992,0.4984836145125513,stimuli/excerpts/Block 2/s2202b-ex02_normed.wav,BUNDLED_BLOCK_AUDIO,4809358,2023-08-18T13:23:53+00:00,44100,1,2404657,54.52736961451247,sub-SD021_ses-01_task-PassiveListen__seg-019,sub-SD021,856.6279418600001,911.1553114745126,train
sub-SD021_ses-01_task-PassiveListen__seg-020,sub-SD021,ses-01,sub-SD021_ses-01_task-PassiveListen,sub-SD021/ses-01/sub-SD021_ses-01_task-PassiveListen_events.tsv,20,s3602b-ex02,PASSAGE,s3602b,en,BLOCK_DIRECTORY_AND_EVENT_LEXICON,block-02,True,,288,927.927554641,960.062455641,927.827554641,960.7265569085737,PASS,1.1368683772161603e-13,32.23490099999999,0.664101267573713,stimuli/excerpts/Block 2/s3602b-ex02_normed.wav,BUNDLED_BLOCK_AUDIO,2901736,2023-08-18T13:23:54+00:00,44100,1,1450846,32.8990022675737,sub-SD021_ses-01_task-PassiveListen__seg-020,sub-SD021,927.827554641,960.7265569085737,train
sub-SD021_ses-01_task-PassiveListen__seg-021,sub-SD021,ses-01,sub-SD021_ses-01_task-PassiveListen,sub-SD021/ses-01/sub-SD021_ses-01_task-PassiveListen_events.tsv,21,s4003b-ex01,PASSAGE,s4003b,en,BLOCK_DIRECTORY_AND_EVENT_LEXICON,block-02,True,,305,975.907766763,1000.829078763,975.807766763,1001.2017123412313,PASS,2.2737367544323206e-13,25.021312,0.37263357823129084,stimuli/excerpts/Block 2/s4003b-ex01_normed.wav,BUNDLED_BLOCK_AUDIO,2239790,2023-08-18T13:23:55+00:00,44100,1,1119873,25.393945578231293,sub-SD021_ses-01_task-PassiveListen__seg-021,sub-SD021,975.807766763,1001.2017123412313,train
sub-SD021_ses-01_task-PassiveListen__seg-022,sub-SD021,ses-01,sub-SD021_ses-01_task-PassiveListen,sub-SD021/ses-01/sub-SD021_ses-01_task-PassiveListen_events.tsv,22,s3903b-ex01,PASSAGE,s3903b,en,BLOCK_DIRECTORY_AND_EVENT_LEXICON,block-02,True,,301,1014.54781701,1040.27314301,1014.44781701,1040.700764855805,PASS,2.2737367544323206e-13,25.825326000000008,0.42762184580498186,stimuli/excerpts/Block 2/s3903b-ex01_normed.wav,BUNDLED_BLOCK_AUDIO,2315554,2023-08-18T13:23:54+00:00,44100,1,1157755,26.25294784580499,sub-SD021_ses-01_task-PassiveListen__seg-022,sub-SD021,1014.44781701,1040.700764855805,train
sub-SD021_ses-01_task-PassiveListen__seg-025,sub-SD021,ses-01,sub-SD021_ses-01_task-PassiveListen,sub-SD021/ses-01/sub-SD021_ses-01_task-PassiveListen_events.tsv,25,s3201a-ex01,PASSAGE,s3201a,en,BLOCK_DIRECTORY_AND_EVENT_LEXICON,block-03,True,,1105,1119.8382569,1195.9199579,1119.7382569000001,1196.8280754941045,PASS,2.2737367544323206e-13,76.18170099999998,0.9081175941043398,stimuli/excerpts/Block 3/s3201a-ex01_normed.wav,BUNDLED_BLOCK_AUDIO,6799366,2023-08-18T13:23:57+00:00,44100,1,3399661,77.08981859410432,sub-SD021_ses-01_task-PassiveListen__seg-025,sub-SD021,1119.7382569000001,1196.8280754941045,validation
sub-SD021_ses-01_task-PassiveListen__seg-026,sub-SD021,ses-01,sub-SD021_ses-01_task-PassiveListen,sub-SD021/ses-01/sub-SD021_ses-01_task-PassiveListen_events.tsv,26,s1501a-ex01,PASSAGE,s1501a,en,BLOCK_DIRECTORY_AND_EVENT_LEXICON,block-03,True,,404,1210.44040765,1253.08441165,1210.34040765,1253.4788430241497,PASS,2.2737367544323206e-13,42.74400400000002,0.39443137414964013,stimuli/excerpts/Block 3/s1501a-ex01_normed.wav,BUNDLED_BLOCK_AUDIO,3804854,2023-08-18T13:23:56+00:00,44100,1,1902405,43.13843537414966,sub-SD021_ses-01_task-PassiveListen__seg-026,sub-SD021,1210.34040765,1253.4788430241497,validation
sub-SD021_ses-01_task-PassiveListen__seg-027,sub-SD021,ses-01,sub-SD021_ses-01_task-PassiveListen,sub-SD021/ses-01/sub-SD021_ses-01_task-PassiveListen_events.tsv,27,s3903b-ex02,PASSAGE,s3903b,en,BLOCK_DIRECTORY_AND_EVENT_LEXICON,block-03,True,,325,1270.30875341,1302.86469441,1270.20875341,1303.1455107796146,PASS,2.2737367544323206e-13,32.65594099999999,0.28081636961452006,stimuli/excerpts/Block 3/s3903b-ex02_normed.wav,BUNDLED_BLOCK_AUDIO,2905066,2023-08-18T13:23:58+00:00,44100,1,1452511,32.93675736961451,sub-SD021_ses-01_task-PassiveListen__seg-027,sub-SD021,1270.20875341,1303.1455107796146,validation
sub-SD021_ses-01_task-PassiveListen__seg-028,sub-SD021,ses-01,sub-SD021_ses-01_task-PassiveListen,sub-SD021/ses-01/sub-SD021_ses-01_task-PassiveListen_events.tsv,28,s3301a-ex02,PASSAGE,s3301a,en,BLOCK_DIRECTORY_AND_EVENT_LEXICON,block-03,True,,406,1317.44557313,1354.23355113,1317.34557313,1354.5835776651475,PASS,4.547473508864641e-13,36.88797800000001,0.3500265351473786,stimuli/excerpts/Block 3/s3301a-ex02_normed.wav,BUNDLED_BLOCK_AUDIO,3284436,2023-08-18T13:23:57+00:00,44100,1,1642196,37.23800453514739,sub-SD021_ses-01_task-PassiveListen__seg-028,sub-SD021,1317.34557313,1354.5835776651475,validation
sub-SD021_ses-01_task-PassiveListen__seg-029,sub-SD021,ses-01,sub-SD021_ses-01_task-PassiveListen,sub-SD021/ses-01/sub-SD021_ses-01_task-PassiveListen_events.tsv,29,s1303a-ex02,PASSAGE,s1303a,en,BLOCK_DIRECTORY_AND_EVENT_LEXICON,block-03,True,,211,1367.42912705,1396.20066205,1367.32912705,1396.6741837393422,PASS,2.2737367544323206e-13,28.871535000000033,0.4735216893423697,stimuli/excerpts/Block 3/s1303a-ex02_normed.wav,BUNDLED_BLOCK_AUDIO,2588278,2023-08-18T13:23:56+00:00,44100,1,1294117,29.345056689342403,sub-SD021_ses-01_task-PassiveListen__seg-029,sub-SD021,1367.32912705,1396.6741837393422,validation
sub-SD021_ses-01_task-PassiveListen__seg-032,sub-SD021,ses-01,sub-SD021_ses-01_task-PassiveListen,sub-SD021/ses-01/sub-SD021_ses-01_task-PassiveListen_events.tsv,32,s1401a-ex02,PASSAGE,s1401a,en,BLOCK_DIRECTORY_AND_EVENT_LEXICON,block-03,True,,434,1482.00554291,1518.16579291,1481.90554291,1518.4879692138547,PASS,2.2737367544323206e-13,36.26025000000001,0.3221763038548602,stimuli/excerpts/Block 3/s1401a-ex02_normed.wav,BUNDLED_BLOCK_AUDIO,3226614,2023-08-18T13:23:56+00:00,44100,1,1613285,36.582426303854874,sub-SD021_ses-01_task-PassiveListen__seg-032,sub-SD021,1481.90554291,1518.4879692138547,validation
sub-SD021_ses-01_task-PassiveListen__seg-033,sub-SD021,ses-01,sub-SD021_ses-01_task-PassiveListen,sub-SD021/ses-01/sub-SD021_ses-01_task-PassiveListen_events.tsv,33,s1001a-ex01,PASSAGE,s1001a,en,BLOCK_DIRECTORY_AND_EVENT_LEXICON,block-03,True,,541,1531.495115,1572.661454,1531.395115,1573.0664301927438,PASS,4.547473508864641e-13,41.266339,0.40497619274376007,stimuli/excerpts/Block 3/s1001a-ex01_normed.wav,BUNDLED_BLOCK_AUDIO,3675454,2023-08-18T13:23:55+00:00,44100,1,1837705,41.67131519274376,sub-SD021_ses-01_task-PassiveListen__seg-033,sub-SD021,1531.395115,1573.0664301927438,validation
sub-SD021_ses-01_task-PassiveListen__seg-034,sub-SD021,ses-01,sub-SD021_ses-01_task-PassiveListen,sub-SD021/ses-01/sub-SD021_ses-01_task-PassiveListen_events.tsv,34,s3703b-ex01,PASSAGE,s3703b,en,BLOCK_DIRECTORY_AND_EVENT_LEXICON,block-03,True,,408,1586.34056128,1620.6683892800002,1586.24056128,1621.612307311746,PASS,2.2737367544323206e-13,34.42782800000001,0.9439180317460227,stimuli/excerpts/Block 3/s3703b-ex01_normed.wav,BUNDLED_BLOCK_AUDIO,3119832,2023-08-18T13:23:57+00:00,44100,1,1559894,35.371746031746035,sub-SD021_ses-01_task-PassiveListen__seg-034,sub-SD021,1586.24056128,1621.612307311746,validation
sub-SD021_ses-01_task-PassiveListen__seg-035,sub-SD021,ses-01,sub-SD021_ses-01_task-PassiveListen,sub-SD021/ses-01/sub-SD021_ses-01_task-PassiveListen_events.tsv,35,s3802a-ex01,PASSAGE,s3802a,en,BLOCK_DIRECTORY_AND_EVENT_LEXICON,block-04,True,,362,1647.89198623,1681.72799623,1647.79198623,1682.4681767061904,PASS,2.2737367544323206e-13,33.936010000000046,0.7401804761904316,stimuli/excerpts/Block 4/s3802a-ex01_normed.wav,BUNDLED_BLOCK_AUDIO,3058484,2023-08-18T13:24:00+00:00,44100,1,1529220,34.67619047619048,sub-SD021_ses-01_task-PassiveListen__seg-035,sub-SD021,1647.79198623,1682.4681767061904,test
sub-SD021_ses-01_task-PassiveListen__seg-038,sub-SD021,ses-01,sub-SD021_ses-01_task-PassiveListen,sub-SD021/ses-01/sub-SD021_ses-01_task-PassiveListen_events.tsv,38,s2801a-ex01,PASSAGE,s2801a,en,BLOCK_DIRECTORY_AND_EVENT_LEXICON,block-04,True,,743,1755.61040364,1815.90532664,1755.51040364,1816.4382267692517,PASS,2.2737367544323206e-13,60.39492300000001,0.5329001292516864,stimuli/excerpts/Block 4/s2801a-ex01_normed.wav,BUNDLED_BLOCK_AUDIO,5373878,2023-08-18T13:24:00+00:00,44100,1,2686917,60.9278231292517,sub-SD021_ses-01_task-PassiveListen__seg-038,sub-SD021,1755.51040364,1816.4382267692517,test
sub-SD021_ses-01_task-PassiveListen__seg-039,sub-SD021,ses-01,sub-SD021_ses-01_task-PassiveListen,sub-SD021/ses-01/sub-SD021_ses-01_task-PassiveListen_events.tsv,39,s0202b-ex01,PASSAGE,s0202b,en,BLOCK_DIRECTORY_AND_EVENT_LEXICON,block-04,True,,671,1827.61004979,1884.16504979,1827.51004979,1884.4279862979365,PASS,2.2737367544323206e-13,56.654999999999994,0.2629365079365158,stimuli/excerpts/Block 4/s0202b-ex01_normed.wav,BUNDLED_BLOCK_AUDIO,5020206,2023-08-18T13:23:58+00:00,44100,1,2510081,56.91793650793651,sub-SD021_ses-01_task-PassiveListen__seg-039,sub-SD021,1827.51004979,1884.4279862979365,test
sub-SD021_ses-01_task-PassiveListen__seg-040,sub-SD021,ses-01,sub-SD021_ses-01_task-PassiveListen,sub-SD021/ses-01/sub-SD021_ses-01_task-PassiveListen_events.tsv,40,s3102b-ex01,PASSAGE,s3102b,en,BLOCK_DIRECTORY_AND_EVENT_LEXICON,block-04,True,,159,1907.07736444,1926.79869444,1906.97736444,1927.7792465261678,PASS,2.2737367544323206e-13,19.82133,0.9805520861678012,stimuli/excerpts/Block 4/s3102b-ex01_normed.wav,BUNDLED_BLOCK_AUDIO,1834770,2023-08-18T13:24:00+00:00,44100,1,917363,20.8018820861678,sub-SD021_ses-01_task-PassiveListen__seg-040,sub-SD021,1906.97736444,1927.7792465261678,test
sub-SD021_ses-01_task-PassiveListen__seg-041,sub-SD021,ses-01,sub-SD021_ses-01_task-PassiveListen,sub-SD021/ses-01/sub-SD021_ses-01_task-PassiveListen_events.tsv,41,s3902a-ex01,PASSAGE,s3902a,en,BLOCK_DIRECTORY_AND_EVENT_LEXICON,block-04,True,,312,1940.70866624,1971.82798724,1940.60866624,1972.1622943579139,PASS,2.2737367544323206e-13,31.21932099999996,0.3343071179138697,stimuli/excerpts/Block 4/s3902a-ex01_normed.wav,BUNDLED_BLOCK_AUDIO,2783074,2023-08-18T13:24:01+00:00,44100,1,1391515,31.55362811791383,sub-SD021_ses-01_task-PassiveListen__seg-041,sub-SD021,1940.60866624,1972.1622943579139,test
sub-SD021_ses-01_task-PassiveListen__seg-042,sub-SD021,ses-01,sub-SD021_ses-01_task-PassiveListen,sub-SD021/ses-01/sub-SD021_ses-01_task-PassiveListen_events.tsv,42,s2102a-ex03,PASSAGE,s2102a,en,BLOCK_DIRECTORY_AND_EVENT_LEXICON,block-04,True,,346,1987.01544106,2031.20852406,1986.91544106,2032.1885703117007,PASS,2.2737367544323206e-13,44.29308300000003,0.9800462517006494,stimuli/excerpts/Block 4/s2102a-ex03_normed.wav,BUNDLED_BLOCK_AUDIO,3993134,2023-08-18T13:23:59+00:00,44100,1,1996545,45.27312925170068,sub-SD021_ses-01_task-PassiveListen__seg-042,sub-SD021,1986.91544106,2032.1885703117007,test
sub-SD021_ses-01_task-PassiveListen__seg-043,sub-SD021,ses-01,sub-SD021_ses-01_task-PassiveListen,sub-SD021/ses-01/sub-SD021_ses-01_task-PassiveListen_events.tsv,43,s1604a-ex01,PASSAGE,s1604a,en,BLOCK_DIRECTORY_AND_EVENT_LEXICON,block-04,True,,539,2051.43214565,2097.64783365,2051.33214565,2097.6957737679136,PASS,4.547473508864641e-13,46.315688,0.047940117913832125,stimuli/excerpts/Block 4/s1604a-ex01_normed.wav,BUNDLED_BLOCK_AUDIO,4089316,2023-08-18T13:23:59+00:00,44100,1,2044636,46.363628117913834,sub-SD021_ses-01_task-PassiveListen__seg-043,sub-SD021,2051.33214565,2097.6957737679136,test
sub-SD021_ses-01_task-PassiveListen__seg-044,sub-SD021,ses-01,sub-SD021_ses-01_task-PassiveListen,sub-SD021/ses-01/sub-SD021_ses-01_task-PassiveListen_events.tsv,44,s0702a-ex01,PASSAGE,s0702a,en,BLOCK_DIRECTORY_AND_EVENT_LEXICON,block-04,True,,370,2113.65400922,2141.82886322,2113.55400922,2144.0162541179593,PASS,4.547473508864641e-13,28.274854000000005,2.1873908979591796,stimuli/excerpts/Block 4/s0702a-ex01_normed.wav,BUNDLED_BLOCK_AUDIO,2686814,2023-08-18T13:23:59+00:00,44100,1,1343385,30.462244897959184,sub-SD021_ses-01_task-PassiveListen__seg-044,sub-SD021,2113.55400922,2144.0162541179593,test
sub-SD021_ses-01_task-PassiveListen__seg-045,sub-SD021,ses-01,sub-SD021_ses-01_task-PassiveListen,sub-SD021/ses-01/sub-SD021_ses-01_task-PassiveListen_events.tsv,45,s1703b-ex01,PASSAGE,s1703b,en,BLOCK_DIRECTORY_AND_EVENT_LEXICON,block-05,True,,431,2161.4957389,2214.5587389,2161.3957389,2214.896623253742,PASS,4.547473508864641e-13,53.16299999999999,0.33788435374150794,stimuli/excerpts/Block 5/s1703b-ex01_normed.wav,BUNDLED_BLOCK_AUDIO,4718822,2023-08-18T13:24:03+00:00,44100,1,2359389,53.5008843537415,sub-SD021_ses-01_task-PassiveListen__seg-045,sub-SD021,2161.3957389,2214.896623253742,train
sub-SD021_ses-01_task-PassiveListen__seg-046,sub-SD021,ses-01,sub-SD021_ses-01_task-PassiveListen,sub-SD021/ses-01/sub-SD021_ses-01_task-PassiveListen_events.tsv,46,s0802b-ex01,PASSAGE,s0802b,en,BLOCK_DIRECTORY_AND_EVENT_LEXICON,block-05,True,,328,2236.50221121,2265.67030221,2236.40221121,2266.3954538403855,PASS,4.547473508864641e-13,29.268091000000013,0.7251516303854757,stimuli/excerpts/Block 5/s0802b-ex01_normed.wav,BUNDLED_BLOCK_AUDIO,2645448,2023-08-18T13:24:02+00:00,44100,1,1322702,29.993242630385488,sub-SD021_ses-01_task-PassiveListen__seg-046,sub-SD021,2236.40221121,2266.3954538403855,train
sub-SD021_ses-01_task-PassiveListen__seg-047,sub-SD021,ses-01,sub-SD021_ses-01_task-PassiveListen,sub-SD021/ses-01/sub-SD021_ses-01_task-PassiveListen_events.tsv,47,s1401b-ex01,PASSAGE,s1401b,en,BLOCK_DIRECTORY_AND_EVENT_LEXICON,block-05,True,,664,2280.56805864,2334.54713064,2280.46805864,2334.9049293882995,PASS,4.547473508864641e-13,54.079072000000004,0.35779874829931657,stimuli/excerpts/Block 5/s1401b-ex01_normed.wav,BUNDLED_BLOCK_AUDIO,4801376,2023-08-18T13:24:03+00:00,44100,1,2400666,54.43687074829932,sub-SD021_ses-01_task-PassiveListen__seg-047,sub-SD021,2280.46805864,2334.9049293882995,train
sub-SD021_ses-01_task-PassiveListen__seg-048,sub-SD021,ses-01,sub-SD021_ses-01_task-PassiveListen,sub-SD021/ses-01/sub-SD021_ses-01_task-PassiveListen_events.tsv,48,s3003a-ex01,PASSAGE,s3003a,en,BLOCK_DIRECTORY_AND_EVENT_LEXICON,block-05,True,,371,2348.58190563,2381.58097463,2348.48190563,2382.0262820472335,PASS,4.547473508864641e-13,33.099069000000014,0.4453074172335434,stimuli/excerpts/Block 5/s3003a-ex01_normed.wav,BUNDLED_BLOCK_AUDIO,2958658,2023-08-18T13:24:03+00:00,44100,1,1479307,33.54437641723356,sub-SD021_ses-01_task-PassiveListen__seg-048,sub-SD021,2348.48190563,2382.0262820472335,train
sub-SD021_ses-01_task-PassiveListen__seg-049,sub-SD021,ses-01,sub-SD021_ses-01_task-PassiveListen,sub-SD021/ses-01/sub-SD021_ses-01_task-PassiveListen_events.tsv,49,s1202b-ex01,PASSAGE,s1202b,en,BLOCK_DIRECTORY_AND_EVENT_LEXICON,block-05,True,,417,2396.63086677,2430.83920777,2396.53086677,2431.0089846838323,PASS,4.547473508864641e-13,34.308341,0.16977691383220161,stimuli/excerpts/Block 5/s1202b-ex01_normed.wav,BUNDLED_BLOCK_AUDIO,3041014,2023-08-18T13:24:02+00:00,44100,1,1520485,34.4781179138322,sub-SD021_ses-01_task-PassiveListen__seg-049,sub-SD021,2396.53086677,2431.0089846838323,train
sub-SD021_ses-01_task-PassiveListen__seg-050,sub-SD021,ses-01,sub-SD021_ses-01_task-PassiveListen,sub-SD021/ses-01/sub-SD021_ses-01_task-PassiveListen_events.tsv,50,s1503a-ex01,PASSAGE,s1503a,en,BLOCK_DIRECTORY_AND_EVENT_LEXICON,block-05,True,,430,2446.33673763,2462.68799463,2446.23673763,2463.0923612127663,PASS,4.547473508864641e-13,16.451257000000005,0.40436658276643556,stimuli/excerpts/Block 5/s1503a-ex01_normed.wav,BUNDLED_BLOCK_AUDIO,1486710,2023-08-18T13:24:03+00:00,44100,1,743333,16.85562358276644,sub-SD021_ses-01_task-PassiveListen__seg-050,sub-SD021,2446.23673763,2463.0923612127663,train
sub-SD021_ses-01_task-PassiveListen__seg-051,sub-SD021,ses-01,sub-SD021_ses-01_task-PassiveListen,sub-SD021/ses-01/sub-SD021_ses-01_task-PassiveListen_events.tsv,51,s1103a-ex01,PASSAGE,s1103a,en,BLOCK_DIRECTORY_AND_EVENT_LEXICON,block-05,True,,443,2475.60924091,2529.71207291,2475.50924091,2530.2019393226983,PASS,4.547473508864641e-13,54.20283199999998,0.4898664126984329,stimuli/excerpts/Block 5/s1103a-ex01_normed.wav,BUNDLED_BLOCK_AUDIO,4823940,2023-08-18T13:24:02+00:00,44100,1,2411948,54.69269841269841,sub-SD021_ses-01_task-PassiveListen__seg-051,sub-SD021,2475.50924091,2530.2019393226983,train
sub-SD021_ses-01_task-PassiveListen__seg-052,sub-SD021,ses-01,sub-SD021_ses-01_task-PassiveListen,sub-SD021/ses-01/sub-SD021_ses-01_task-PassiveListen_events.tsv,52,s0203b-ex01,PASSAGE,s0203b,en,BLOCK_DIRECTORY_AND_EVENT_LEXICON,block-05,True,,505,2549.33557413,2591.12869213,2549.23557413,2592.1870027014284,PASS,4.547473508864641e-13,41.89311800000002,1.0583105714285495,stimuli/excerpts/Block 5/s0203b-ex01_normed.wav,BUNDLED_BLOCK_AUDIO,3788360,2023-08-18T13:24:01+00:00,44100,1,1894158,42.95142857142857,sub-SD021_ses-01_task-PassiveListen__seg-052,sub-SD021,2549.23557413,2592.1870027014284,train
sub-SD021_ses-01_task-PassiveListen__seg-055,sub-SD021,ses-01,sub-SD021_ses-01_task-PassiveListen,sub-SD021/ses-01/sub-SD021_ses-01_task-PassiveListen_events.tsv,55,s0305a-ex01,PASSAGE,s0305a,en,BLOCK_DIRECTORY_AND_EVENT_LEXICON,block-06,True,,377,2675.7176408,2718.8670518,2675.6176408,2719.1250104145124,PASS,4.547473508864641e-13,43.249410999999995,0.25795861451247504,stimuli/excerpts/Block 6/s0305a-ex01_normed.wav,BUNDLED_BLOCK_AUDIO,3837394,2023-08-18T13:24:04+00:00,44100,1,1918675,43.50736961451247,sub-SD021_ses-01_task-PassiveListen__seg-055,sub-SD021,2675.6176408,2719.1250104145124,train
sub-SD021_ses-01_task-PassiveListen__seg-056,sub-SD021,ses-01,sub-SD021_ses-01_task-PassiveListen,sub-SD021/ses-01/sub-SD021_ses-01_task-PassiveListen_events.tsv,56,s2302b-ex01,PASSAGE,s2302b,en,BLOCK_DIRECTORY_AND_EVENT_LEXICON,block-06,True,,316,2733.67135769,2768.14301969,2733.5713576900002,2768.6948497534922,PASS,4.547473508864641e-13,34.57166199999998,0.5518300634920834,stimuli/excerpts/Block 6/s2302b-ex01_normed.wav,BUNDLED_BLOCK_AUDIO,3097936,2023-08-18T13:24:06+00:00,44100,1,1548946,35.123492063492066,sub-SD021_ses-01_task-PassiveListen__seg-056,sub-SD021,2733.5713576900002,2768.6948497534922,train
sub-SD021_ses-01_task-PassiveListen__seg-057,sub-SD021,ses-01,sub-SD021_ses-01_task-PassiveListen,sub-SD021/ses-01/sub-SD021_ses-01_task-PassiveListen_events.tsv,57,s3801a-ex01,PASSAGE,s3801a,en,BLOCK_DIRECTORY_AND_EVENT_LEXICON,block-06,True,,350,2782.32516015,2815.1277221500004,2782.22516015,2815.3267928030614,PASS,4.547473508864641e-13,32.90256200000002,0.19907065306120586,stimuli/excerpts/Block 6/s3801a-ex01_normed.wav,BUNDLED_BLOCK_AUDIO,2919608,2023-08-18T13:24:06+00:00,44100,1,1459782,33.10163265306122,sub-SD021_ses-01_task-PassiveListen__seg-057,sub-SD021,2782.22516015,2815.3267928030614,train
sub-SD021_ses-01_task-PassiveListen__seg-058,sub-SD021,ses-01,sub-SD021_ses-01_task-PassiveListen,sub-SD021/ses-01/sub-SD021_ses-01_task-PassiveListen_events.tsv,58,s1503a-ex02,PASSAGE,s1503a,en,BLOCK_DIRECTORY_AND_EVENT_LEXICON,block-06,True,,328,2832.23628038,2858.78925138,2832.1362803800002,2859.750520742812,PASS,4.547473508864641e-13,26.652971000000072,0.9612693628117199,stimuli/excerpts/Block 6/s1503a-ex02_normed.wav,BUNDLED_BLOCK_AUDIO,2435620,2023-08-18T13:24:05+00:00,44100,1,1217788,27.614240362811792,sub-SD021_ses-01_task-PassiveListen__seg-058,sub-SD021,2832.1362803800002,2859.750520742812,train
sub-SD021_ses-01_task-PassiveListen__seg-061,sub-SD021,ses-01,sub-SD021_ses-01_task-PassiveListen,sub-SD021/ses-01/sub-SD021_ses-01_task-PassiveListen_events.tsv,61,s1702b-ex01,PASSAGE,s1702b,en,BLOCK_DIRECTORY_AND_EVENT_LEXICON,block-06,True,,369,2941.78264282,2982.78664282,2941.68264282,2983.105885450386,PASS,4.547473508864641e-13,41.10399999999999,0.31924263038549583,stimuli/excerpts/Block 6/s1702b-ex01_normed.wav,BUNDLED_BLOCK_AUDIO,3653574,2023-08-18T13:24:05+00:00,44100,1,1826765,41.42324263038549,sub-SD021_ses-01_task-PassiveListen__seg-061,sub-SD021,2941.68264282,2983.105885450386,train
sub-SD021_ses-01_task-PassiveListen__seg-062,sub-SD021,ses-01,sub-SD021_ses-01_task-PassiveListen,sub-SD021/ses-01/sub-SD021_ses-01_task-PassiveListen_events.tsv,62,s3003a-ex02,PASSAGE,s3003a,en,BLOCK_DIRECTORY_AND_EVENT_LEXICON,block-06,True,,504,2996.93578675,3041.29841075,2996.83578675,3041.4230429858276,PASS,4.547473508864641e-13,44.462624,0.12463223582766858,stimuli/excerpts/Block 6/s3003a-ex02_normed.wav,BUNDLED_BLOCK_AUDIO,3932640,2023-08-18T13:24:06+00:00,44100,1,1966298,44.58725623582767,sub-SD021_ses-01_task-PassiveListen__seg-062,sub-SD021,2996.83578675,3041.4230429858276,train
sub-SD021_ses-01_task-PassiveListen__seg-063,sub-SD021,ses-01,sub-SD021_ses-01_task-PassiveListen,sub-SD021/ses-01/sub-SD021_ses-01_task-PassiveListen_events.tsv,63,s0901b-ex01,PASSAGE,s0901b,en,BLOCK_DIRECTORY_AND_EVENT_LEXICON,block-06,True,,311,3053.87696067,3089.83159167,3053.77696067,3090.1530831189793,PASS,4.547473508864641e-13,36.05463099999999,0.32149144897960014,stimuli/excerpts/Block 6/s0901b-ex01_normed.wav,BUNDLED_BLOCK_AUDIO,3208418,2023-08-18T13:24:04+00:00,44100,1,1604187,36.376122448979594,sub-SD021_ses-01_task-PassiveListen__seg-063,sub-SD021,3053.77696067,3090.1530831189793,train
sub-SD021_ses-01_task-PassiveListen__seg-064,sub-SD021,ses-01,sub-SD021_ses-01_task-PassiveListen,sub-SD021/ses-01/sub-SD021_ses-01_task-PassiveListen_events.tsv,64,s1203a-ex01,PASSAGE,s1203a,en,BLOCK_DIRECTORY_AND_EVENT_LEXICON,block-06,True,,373,3106.26120078,3139.83068878,3106.16120078,3140.2197041813606,PASS,4.547473508864641e-13,33.66948800000001,0.38901540136053825,stimuli/excerpts/Block 6/s1203a-ex01_normed.wav,BUNDLED_BLOCK_AUDIO,3004004,2023-08-18T13:24:05+00:00,44100,1,1501980,34.05850340136055,sub-SD021_ses-01_task-PassiveListen__seg-064,sub-SD021,3106.16120078,3140.2197041813606,train
sub-SD022_ses-01_task-PassiveListen__seg-007,sub-SD022,ses-01,sub-SD022_ses-01_task-PassiveListen,sub-SD022/ses-01/sub-SD022_ses-01_task-PassiveListen_events.tsv,7,s2102a-ex01,PASSAGE,s2102a,en,BLOCK_DIRECTORY_AND_EVENT_LEXICON,block-01,True,,295,214.35556967,241.23435767,214.25556967,242.44414109857144,PASS,5.684341886080802e-14,26.978788000000012,1.2097834285714164,stimuli/excerpts/Block 1/s2102a-ex01_normed.wav,BUNDLED_BLOCK_AUDIO,2486276,2023-08-18T13:23:49+00:00,44100,1,1243116,28.18857142857143,sub-SD022_ses-01_task-PassiveListen__seg-007,sub-SD022,214.25556967,242.44414109857144,train
sub-SD022_ses-01_task-PassiveListen__seg-008,sub-SD022,ses-01,sub-SD022_ses-01_task-PassiveListen,sub-SD022/ses-01/sub-SD022_ses-01_task-PassiveListen_events.tsv,8,s4002b-ex01,PASSAGE,s4002b,en,BLOCK_DIRECTORY_AND_EVENT_LEXICON,block-01,True,,390,263.491628531,297.504275531,263.391628531,298.0231251296394,PASS,1.1368683772161603e-13,34.112646999999996,0.5188495986394628,stimuli/excerpts/Block 1/s4002b-ex01_normed.wav,BUNDLED_BLOCK_AUDIO,3054542,2023-08-18T13:23:51+00:00,44100,1,1527249,34.63149659863946,sub-SD022_ses-01_task-PassiveListen__seg-008,sub-SD022,263.391628531,298.0231251296394,train
sub-SD022_ses-01_task-PassiveListen__seg-009,sub-SD022,ses-01,sub-SD022_ses-01_task-PassiveListen,sub-SD022/ses-01/sub-SD022_ses-01_task-PassiveListen_events.tsv,9,s1303a-ex01,PASSAGE,s1303a,en,BLOCK_DIRECTORY_AND_EVENT_LEXICON,block-01,True,,311,308.771486305,342.313994305,308.67148630500003,342.8874273480839,PASS,1.1368683772161603e-13,33.64250799999997,0.5734330430839307,stimuli/excerpts/Block 1/s1303a-ex01_normed.wav,BUNDLED_BLOCK_AUDIO,3017890,2023-08-18T13:23:48+00:00,44100,1,1508923,34.2159410430839,sub-SD022_ses-01_task-PassiveListen__seg-009,sub-SD022,308.67148630500003,342.8874273480839,train
sub-SD022_ses-01_task-PassiveListen__seg-010,sub-SD022,ses-01,sub-SD022_ses-01_task-PassiveListen,sub-SD022/ses-01/sub-SD022_ses-01_task-PassiveListen_events.tsv,10,s2301a-ex01,PASSAGE,s2301a,en,BLOCK_DIRECTORY_AND_EVENT_LEXICON,block-01,True,,206,360.305934458,382.500996458,360.205934458,382.7432360453016,PASS,1.1368683772161603e-13,22.295061999999998,0.24223958730159012,stimuli/excerpts/Block 1/s2301a-ex01_normed.wav,BUNDLED_BLOCK_AUDIO,1987834,2023-08-18T13:23:50+00:00,44100,1,993895,22.537301587301588,sub-SD022_ses-01_task-PassiveListen__seg-010,sub-SD022,360.205934458,382.7432360453016,train
sub-SD022_ses-01_task-PassiveListen__seg-011,sub-SD022,ses-01,sub-SD022_ses-01_task-PassiveListen,sub-SD022/ses-01/sub-SD022_ses-01_task-PassiveListen_events.tsv,11,s3001b-ex01,PASSAGE,s3001b,en,BLOCK_DIRECTORY_AND_EVENT_LEXICON,block-01,True,,485,392.358324613,441.098671613,392.258324613,441.44113640438326,PASS,5.684341886080802e-14,48.840346999999994,0.34246479138322883,stimuli/excerpts/Block 1/s3001b-ex01_normed.wav,BUNDLED_BLOCK_AUDIO,4337968,2023-08-18T13:23:50+00:00,44100,1,2168962,49.18281179138322,sub-SD022_ses-01_task-PassiveListen__seg-011,sub-SD022,392.258324613,441.44113640438326,train
sub-SD022_ses-01_task-PassiveListen__seg-012,sub-SD022,ses-01,sub-SD022_ses-01_task-PassiveListen,sub-SD022/ses-01/sub-SD022_ses-01_task-PassiveListen_events.tsv,12,s3602b-ex01,PASSAGE,s3602b,en,BLOCK_DIRECTORY_AND_EVENT_LEXICON,block-01,True,,318,452.565165547,487.471025547,452.4651655469999,488.0735328939387,PASS,2.2737367544323206e-13,35.00586000000008,0.602507346938701,stimuli/excerpts/Block 1/s3602b-ex01_normed.wav,BUNDLED_BLOCK_AUDIO,3140702,2023-08-18T13:23:50+00:00,44100,1,1570329,35.60836734693878,sub-SD022_ses-01_task-PassiveListen__seg-012,sub-SD022,452.4651655469999,488.0735328939387,train
sub-SD022_ses-01_task-PassiveListen__seg-013,sub-SD022,ses-01,sub-SD022_ses-01_task-PassiveListen,sub-SD022/ses-01/sub-SD022_ses-01_task-PassiveListen_events.tsv,13,s1401a-ex01,PASSAGE,s1401a,en,BLOCK_DIRECTORY_AND_EVENT_LEXICON,block-01,True,,415,500.548643555,535.314394555,500.448643555,535.7327705391269,PASS,1.1368683772161603e-13,34.86575099999998,0.41837598412700316,stimuli/excerpts/Block 1/s1401a-ex01_normed.wav,BUNDLED_BLOCK_AUDIO,3112104,2023-08-18T13:23:49+00:00,44100,1,1556030,35.284126984126985,sub-SD022_ses-01_task-PassiveListen__seg-013,sub-SD022,500.448643555,535.7327705391269,train
sub-SD022_ses-01_task-PassiveListen__seg-014,sub-SD022,ses-01,sub-SD022_ses-01_task-PassiveListen,sub-SD022/ses-01/sub-SD022_ses-01_task-PassiveListen_events.tsv,14,s1901b-ex01,PASSAGE,s1901b,en,BLOCK_DIRECTORY_AND_EVENT_LEXICON,block-01,True,,406,545.315035503,582.1604915030001,545.215035503,582.602654550619,PASS,1.1368683772161603e-13,36.945456000000014,0.442163047619033,stimuli/excerpts/Block 1/s1901b-ex01_normed.wav,BUNDLED_BLOCK_AUDIO,3297632,2023-08-18T13:23:49+00:00,44100,1,1648794,37.38761904761905,sub-SD022_ses-01_task-PassiveListen__seg-014,sub-SD022,545.215035503,582.602654550619,train
sub-SD022_ses-01_task-PassiveListen__seg-015,sub-SD022,ses-01,sub-SD022_ses-01_task-PassiveListen,sub-SD022/ses-01/sub-SD022_ses-01_task-PassiveListen_events.tsv,15,s3602b-ex02,PASSAGE,s3602b,en,BLOCK_DIRECTORY_AND_EVENT_LEXICON,block-02,True,,288,607.00520013,639.14010113,606.90520013,639.8042023975737,PASS,2.2737367544323206e-13,32.23490099999999,0.664101267573713,stimuli/excerpts/Block 2/s3602b-ex02_normed.wav,BUNDLED_BLOCK_AUDIO,2901736,2023-08-18T13:23:54+00:00,44100,1,1450846,32.8990022675737,sub-SD022_ses-01_task-PassiveListen__seg-015,sub-SD022,606.90520013,639.8042023975737,train
sub-SD022_ses-01_task-PassiveListen__seg-016,sub-SD022,ses-01,sub-SD022_ses-01_task-PassiveListen,sub-SD022/ses-01/sub-SD022_ses-01_task-PassiveListen_events.tsv,16,s2102a-ex02,PASSAGE,s2102a,en,BLOCK_DIRECTORY_AND_EVENT_LEXICON,block-02,True,,373,651.493734275,687.3374302750001,651.393734275,687.7611719167234,PASS,2.2737367544323206e-13,35.943696000000024,0.42374164172333195,stimuli/excerpts/Block 2/s2102a-ex02_normed.wav,BUNDLED_BLOCK_AUDIO,3207652,2023-08-18T13:23:53+00:00,44100,1,1603804,36.367437641723356,sub-SD022_ses-01_task-PassiveListen__seg-016,sub-SD022,651.393734275,687.7611719167234,train
sub-SD022_ses-01_task-PassiveListen__seg-017,sub-SD022,ses-01,sub-SD022_ses-01_task-PassiveListen,sub-SD022/ses-01/sub-SD022_ses-01_task-PassiveListen_events.tsv,17,s2202b-ex02,PASSAGE,s2202b,en,BLOCK_DIRECTORY_AND_EVENT_LEXICON,block-02,True,,444,696.408407187,750.337293187,696.3084071870001,750.8357768015126,PASS,2.2737367544323206e-13,54.02888599999992,0.4984836145125513,stimuli/excerpts/Block 2/s2202b-ex02_normed.wav,BUNDLED_BLOCK_AUDIO,4809358,2023-08-18T13:23:53+00:00,44100,1,2404657,54.52736961451247,sub-SD022_ses-01_task-PassiveListen__seg-017,sub-SD022,696.3084071870001,750.8357768015126,train
sub-SD022_ses-01_task-PassiveListen__seg-018,sub-SD022,ses-01,sub-SD022_ses-01_task-PassiveListen,sub-SD022/ses-01/sub-SD022_ses-01_task-PassiveListen_events.tsv,18,s1201a-ex01,PASSAGE,s1201a,en,BLOCK_DIRECTORY_AND_EVENT_LEXICON,block-02,True,,437,763.398877686,796.9621196860002,763.298877686,797.8558164615101,PASS,1.1368683772161603e-13,33.66324200000006,0.8936967755101435,stimuli/excerpts/Block 2/s1201a-ex01_normed.wav,BUNDLED_BLOCK_AUDIO,3047966,2023-08-18T13:23:52+00:00,44100,1,1523961,34.556938775510204,sub-SD022_ses-01_task-PassiveListen__seg-018,sub-SD022,763.298877686,797.8558164615101,train
sub-SD022_ses-01_task-PassiveListen__seg-019,sub-SD022,ses-01,sub-SD022_ses-01_task-PassiveListen,sub-SD022/ses-01/sub-SD022_ses-01_task-PassiveListen_events.tsv,19,s0703b-ex01,PASSAGE,s0703b,en,BLOCK_DIRECTORY_AND_EVENT_LEXICON,block-02,True,,419,808.838010647,847.349295647,808.738010647,847.772704524551,PASS,2.2737367544323206e-13,38.611285,0.42340887755101875,stimuli/excerpts/Block 2/s0703b-ex01_normed.wav,BUNDLED_BLOCK_AUDIO,3442904,2023-08-18T13:23:52+00:00,44100,1,1721430,39.03469387755102,sub-SD022_ses-01_task-PassiveListen__seg-019,sub-SD022,808.738010647,847.772704524551,train
sub-SD022_ses-01_task-PassiveListen__seg-020,sub-SD022,ses-01,sub-SD022_ses-01_task-PassiveListen,sub-SD022/ses-01/sub-SD022_ses-01_task-PassiveListen_events.tsv,20,s3903b-ex01,PASSAGE,s3903b,en,BLOCK_DIRECTORY_AND_EVENT_LEXICON,block-02,True,,301,856.836948833,882.562274833,856.736948833,882.989896678805,PASS,1.1368683772161603e-13,25.825326000000008,0.42762184580498186,stimuli/excerpts/Block 2/s3903b-ex01_normed.wav,BUNDLED_BLOCK_AUDIO,2315554,2023-08-18T13:23:54+00:00,44100,1,1157755,26.25294784580499,sub-SD022_ses-01_task-PassiveListen__seg-020,sub-SD022,856.736948833,882.989896678805,train
sub-SD022_ses-01_task-PassiveListen__seg-021,sub-SD022,ses-01,sub-SD022_ses-01_task-PassiveListen,sub-SD022/ses-01/sub-SD022_ses-01_task-PassiveListen_events.tsv,21,s4003b-ex01,PASSAGE,s4003b,en,BLOCK_DIRECTORY_AND_EVENT_LEXICON,block-02,True,,305,897.651685515,922.572997515,897.551685515,922.9456310932313,PASS,1.1368683772161603e-13,25.021312,0.37263357823129084,stimuli/excerpts/Block 2/s4003b-ex01_normed.wav,BUNDLED_BLOCK_AUDIO,2239790,2023-08-18T13:23:55+00:00,44100,1,1119873,25.393945578231293,sub-SD022_ses-01_task-PassiveListen__seg-021,sub-SD022,897.551685515,922.9456310932313,train
sub-SD022_ses-01_task-PassiveListen__seg-022,sub-SD022,ses-01,sub-SD022_ses-01_task-PassiveListen,sub-SD022/ses-01/sub-SD022_ses-01_task-PassiveListen_events.tsv,22,s3301a-ex01,PASSAGE,s3301a,en,BLOCK_DIRECTORY_AND_EVENT_LEXICON,block-02,True,,255,934.835985893,959.673449893,934.735985893,960.320112877127,PASS,1.1368683772161603e-13,24.937463999999952,0.6466629841270333,stimuli/excerpts/Block 2/s3301a-ex01_normed.wav,BUNDLED_BLOCK_AUDIO,2256564,2023-08-18T13:23:54+00:00,44100,1,1128260,25.584126984126986,sub-SD022_ses-01_task-PassiveListen__seg-022,sub-SD022,934.735985893,960.320112877127,train
sub-SD022_ses-01_task-PassiveListen__seg-025,sub-SD022,ses-01,sub-SD022_ses-01_task-PassiveListen,sub-SD022/ses-01/sub-SD022_ses-01_task-PassiveListen_events.tsv,25,s3201a-ex01,PASSAGE,s3201a,en,BLOCK_DIRECTORY_AND_EVENT_LEXICON,block-03,True,,1105,1232.43843614,1308.52013714,1232.33843614,1309.4282547341045,PASS,2.2737367544323206e-13,76.18170099999998,0.9081175941043398,stimuli/excerpts/Block 3/s3201a-ex01_normed.wav,BUNDLED_BLOCK_AUDIO,6799366,2023-08-18T13:23:57+00:00,44100,1,3399661,77.08981859410432,sub-SD022_ses-01_task-PassiveListen__seg-025,sub-SD022,1232.33843614,1309.4282547341045,validation
sub-SD022_ses-01_task-PassiveListen__seg-026,sub-SD022,ses-01,sub-SD022_ses-01_task-PassiveListen,sub-SD022/ses-01/sub-SD022_ses-01_task-PassiveListen_events.tsv,26,s3703b-ex01,PASSAGE,s3703b,en,BLOCK_DIRECTORY_AND_EVENT_LEXICON,block-03,True,,408,1320.42279405,1354.7506220500002,1320.32279405,1355.694540081746,PASS,2.2737367544323206e-13,34.42782800000001,0.9439180317460227,stimuli/excerpts/Block 3/s3703b-ex01_normed.wav,BUNDLED_BLOCK_AUDIO,3119832,2023-08-18T13:23:57+00:00,44100,1,1559894,35.371746031746035,sub-SD022_ses-01_task-PassiveListen__seg-026,sub-SD022,1320.32279405,1355.694540081746,validation
sub-SD022_ses-01_task-PassiveListen__seg-027,sub-SD022,ses-01,sub-SD022_ses-01_task-PassiveListen,sub-SD022/ses-01/sub-SD022_ses-01_task-PassiveListen_events.tsv,27,s1001a-ex01,PASSAGE,s1001a,en,BLOCK_DIRECTORY_AND_EVENT_LEXICON,block-03,True,,541,1374.90394225,1416.07028125,1374.80394225,1416.475257442744,PASS,2.2737367544323206e-13,41.266339,0.40497619274376007,stimuli/excerpts/Block 3/s1001a-ex01_normed.wav,BUNDLED_BLOCK_AUDIO,3675454,2023-08-18T13:23:55+00:00,44100,1,1837705,41.67131519274376,sub-SD022_ses-01_task-PassiveListen__seg-027,sub-SD022,1374.80394225,1416.475257442744,validation
sub-SD022_ses-01_task-PassiveListen__seg-030,sub-SD022,ses-01,sub-SD022_ses-01_task-PassiveListen,sub-SD022/ses-01/sub-SD022_ses-01_task-PassiveListen_events.tsv,30,s1401a-ex02,PASSAGE,s1401a,en,BLOCK_DIRECTORY_AND_EVENT_LEXICON,block-03,True,,434,1490.13462367,1526.29487367,1490.03462367,1526.6170499738548,PASS,2.2737367544323206e-13,36.26025000000001,0.3221763038548602,stimuli/excerpts/Block 3/s1401a-ex02_normed.wav,BUNDLED_BLOCK_AUDIO,3226614,2023-08-18T13:23:56+00:00,44100,1,1613285,36.582426303854874,sub-SD022_ses-01_task-PassiveListen__seg-030,sub-SD022,1490.03462367,1526.6170499738548,validation
sub-SD022_ses-01_task-PassiveListen__seg-031,sub-SD022,ses-01,sub-SD022_ses-01_task-PassiveListen,sub-SD022/ses-01/sub-SD022_ses-01_task-PassiveListen_events.tsv,31,s3301a-ex02,PASSAGE,s3301a,en,BLOCK_DIRECTORY_AND_EVENT_LEXICON,block-03,True,,406,1538.24720791,1575.03518591,1538.14720791,1575.3852124451473,PASS,2.2737367544323206e-13,36.88797800000001,0.3500265351473786,stimuli/excerpts/Block 3/s3301a-ex02_normed.wav,BUNDLED_BLOCK_AUDIO,3284436,2023-08-18T13:23:57+00:00,44100,1,1642196,37.23800453514739,sub-SD022_ses-01_task-PassiveListen__seg-031,sub-SD022,1538.14720791,1575.3852124451473,validation
sub-SD022_ses-01_task-PassiveListen__seg-032,sub-SD022,ses-01,sub-SD022_ses-01_task-PassiveListen,sub-SD022/ses-01/sub-SD022_ses-01_task-PassiveListen_events.tsv,32,s3903b-ex02,PASSAGE,s3903b,en,BLOCK_DIRECTORY_AND_EVENT_LEXICON,block-03,True,,325,1584.80645285,1617.36239385,1584.70645285,1617.6432102196145,PASS,2.2737367544323206e-13,32.65594099999999,0.28081636961452006,stimuli/excerpts/Block 3/s3903b-ex02_normed.wav,BUNDLED_BLOCK_AUDIO,2905066,2023-08-18T13:23:58+00:00,44100,1,1452511,32.93675736961451,sub-SD022_ses-01_task-PassiveListen__seg-032,sub-SD022,1584.70645285,1617.6432102196145,validation
sub-SD022_ses-01_task-PassiveListen__seg-033,sub-SD022,ses-01,sub-SD022_ses-01_task-PassiveListen,sub-SD022/ses-01/sub-SD022_ses-01_task-PassiveListen_events.tsv,33,s1501a-ex01,PASSAGE,s1501a,en,BLOCK_DIRECTORY_AND_EVENT_LEXICON,block-03,True,,404,1628.47173408,1671.11573808,1628.37173408,1671.5101694541495,PASS,2.2737367544323206e-13,42.74400400000002,0.39443137414964013,stimuli/excerpts/Block 3/s1501a-ex01_normed.wav,BUNDLED_BLOCK_AUDIO,3804854,2023-08-18T13:23:56+00:00,44100,1,1902405,43.13843537414966,sub-SD022_ses-01_task-PassiveListen__seg-033,sub-SD022,1628.37173408,1671.5101694541495,validation
sub-SD022_ses-01_task-PassiveListen__seg-034,sub-SD022,ses-01,sub-SD022_ses-01_task-PassiveListen,sub-SD022/ses-01/sub-SD022_ses-01_task-PassiveListen_events.tsv,34,s1303a-ex02,PASSAGE,s1303a,en,BLOCK_DIRECTORY_AND_EVENT_LEXICON,block-03,True,,211,1682.98196132,1711.75349632,1682.88196132,1712.2270180093424,PASS,2.2737367544323206e-13,28.871535000000033,0.4735216893423697,stimuli/excerpts/Block 3/s1303a-ex02_normed.wav,BUNDLED_BLOCK_AUDIO,2588278,2023-08-18T13:23:56+00:00,44100,1,1294117,29.345056689342403,sub-SD022_ses-01_task-PassiveListen__seg-034,sub-SD022,1682.88196132,1712.2270180093424,validation
sub-SD022_ses-01_task-PassiveListen__seg-035,sub-SD022,ses-01,sub-SD022_ses-01_task-PassiveListen,sub-SD022/ses-01/sub-SD022_ses-01_task-PassiveListen_events.tsv,35,s3802a-ex01,PASSAGE,s3802a,en,BLOCK_DIRECTORY_AND_EVENT_LEXICON,block-04,True,,362,1737.10154392,1770.93755392,1737.00154392,1771.6777343961903,PASS,2.2737367544323206e-13,33.936010000000046,0.7401804761904316,stimuli/excerpts/Block 4/s3802a-ex01_normed.wav,BUNDLED_BLOCK_AUDIO,3058484,2023-08-18T13:24:00+00:00,44100,1,1529220,34.67619047619048,sub-SD022_ses-01_task-PassiveListen__seg-035,sub-SD022,1737.00154392,1771.6777343961903,test
sub-SD022_ses-01_task-PassiveListen__seg-036,sub-SD022,ses-01,sub-SD022_ses-01_task-PassiveListen,sub-SD022/ses-01/sub-SD022_ses-01_task-PassiveListen_events.tsv,36,s0202b-ex01,PASSAGE,s0202b,en,BLOCK_DIRECTORY_AND_EVENT_LEXICON,block-04,True,,671,1783.3382158,1839.8932158,1783.2382158,1840.1561523079365,PASS,2.2737367544323206e-13,56.654999999999994,0.2629365079365158,stimuli/excerpts/Block 4/s0202b-ex01_normed.wav,BUNDLED_BLOCK_AUDIO,5020206,2023-08-18T13:23:58+00:00,44100,1,2510081,56.91793650793651,sub-SD022_ses-01_task-PassiveListen__seg-036,sub-SD022,1783.2382158,1840.1561523079365,test
sub-SD022_ses-01_task-PassiveListen__seg-039,sub-SD022,ses-01,sub-SD022_ses-01_task-PassiveListen,sub-SD022/ses-01/sub-SD022_ses-01_task-PassiveListen_events.tsv,39,s3102b-ex01,PASSAGE,s3102b,en,BLOCK_DIRECTORY_AND_EVENT_LEXICON,block-04,True,,159,1903.46151654,1923.18284654,1903.36151654,1924.1633986261677,PASS,2.2737367544323206e-13,19.82133,0.9805520861678012,stimuli/excerpts/Block 4/s3102b-ex01_normed.wav,BUNDLED_BLOCK_AUDIO,1834770,2023-08-18T13:24:00+00:00,44100,1,917363,20.8018820861678,sub-SD022_ses-01_task-PassiveListen__seg-039,sub-SD022,1903.36151654,1924.1633986261677,test
sub-SD022_ses-01_task-PassiveListen__seg-040,sub-SD022,ses-01,sub-SD022_ses-01_task-PassiveListen,sub-SD022/ses-01/sub-SD022_ses-01_task-PassiveListen_events.tsv,40,s2801a-ex01,PASSAGE,s2801a,en,BLOCK_DIRECTORY_AND_EVENT_LEXICON,block-04,True,,743,1933.09819471,1993.39311771,1932.99819471,1993.9260178392517,PASS,2.2737367544323206e-13,60.39492300000001,0.5329001292516864,stimuli/excerpts/Block 4/s2801a-ex01_normed.wav,BUNDLED_BLOCK_AUDIO,5373878,2023-08-18T13:24:00+00:00,44100,1,2686917,60.9278231292517,sub-SD022_ses-01_task-PassiveListen__seg-040,sub-SD022,1932.99819471,1993.9260178392517,test
sub-SD022_ses-01_task-PassiveListen__seg-041,sub-SD022,ses-01,sub-SD022_ses-01_task-PassiveListen,sub-SD022/ses-01/sub-SD022_ses-01_task-PassiveListen_events.tsv,41,s0702a-ex01,PASSAGE,s0702a,en,BLOCK_DIRECTORY_AND_EVENT_LEXICON,block-04,True,,370,2003.17425903,2031.34911303,2003.0742590300001,2033.5365039279593,PASS,2.2737367544323206e-13,28.274854000000005,2.1873908979591796,stimuli/excerpts/Block 4/s0702a-ex01_normed.wav,BUNDLED_BLOCK_AUDIO,2686814,2023-08-18T13:23:59+00:00,44100,1,1343385,30.462244897959184,sub-SD022_ses-01_task-PassiveListen__seg-041,sub-SD022,2003.0742590300001,2033.5365039279593,test
sub-SD022_ses-01_task-PassiveListen__seg-042,sub-SD022,ses-01,sub-SD022_ses-01_task-PassiveListen,sub-SD022/ses-01/sub-SD022_ses-01_task-PassiveListen_events.tsv,42,s2102a-ex03,PASSAGE,s2102a,en,BLOCK_DIRECTORY_AND_EVENT_LEXICON,block-04,True,,346,2044.55303874,2088.74612174,2044.45303874,2089.7261679917005,PASS,4.547473508864641e-13,44.29308300000003,0.9800462517006494,stimuli/excerpts/Block 4/s2102a-ex03_normed.wav,BUNDLED_BLOCK_AUDIO,3993134,2023-08-18T13:23:59+00:00,44100,1,1996545,45.27312925170068,sub-SD022_ses-01_task-PassiveListen__seg-042,sub-SD022,2044.45303874,2089.7261679917005,test
sub-SD022_ses-01_task-PassiveListen__seg-043,sub-SD022,ses-01,sub-SD022_ses-01_task-PassiveListen,sub-SD022/ses-01/sub-SD022_ses-01_task-PassiveListen_events.tsv,43,s3902a-ex01,PASSAGE,s3902a,en,BLOCK_DIRECTORY_AND_EVENT_LEXICON,block-04,True,,312,2097.89367388,2129.01299488,2097.79367388,2129.3473019979137,PASS,4.547473508864641e-13,31.21932099999996,0.3343071179138697,stimuli/excerpts/Block 4/s3902a-ex01_normed.wav,BUNDLED_BLOCK_AUDIO,2783074,2023-08-18T13:24:01+00:00,44100,1,1391515,31.55362811791383,sub-SD022_ses-01_task-PassiveListen__seg-043,sub-SD022,2097.79367388,2129.3473019979137,test
sub-SD022_ses-01_task-PassiveListen__seg-044,sub-SD022,ses-01,sub-SD022_ses-01_task-PassiveListen,sub-SD022/ses-01/sub-SD022_ses-01_task-PassiveListen_events.tsv,44,s1604a-ex01,PASSAGE,s1604a,en,BLOCK_DIRECTORY_AND_EVENT_LEXICON,block-04,True,,539,2141.49766242,2187.71335042,2141.39766242,2187.7612905379137,PASS,4.547473508864641e-13,46.315688,0.047940117913832125,stimuli/excerpts/Block 4/s1604a-ex01_normed.wav,BUNDLED_BLOCK_AUDIO,4089316,2023-08-18T13:23:59+00:00,44100,1,2044636,46.363628117913834,sub-SD022_ses-01_task-PassiveListen__seg-044,sub-SD022,2141.39766242,2187.7612905379137,test
sub-SD022_ses-01_task-PassiveListen__seg-045,sub-SD022,ses-01,sub-SD022_ses-01_task-PassiveListen,sub-SD022/ses-01/sub-SD022_ses-01_task-PassiveListen_events.tsv,45,s1401b-ex01,PASSAGE,s1401b,en,BLOCK_DIRECTORY_AND_EVENT_LEXICON,block-05,True,,664,2224.28985523,2278.2689272300004,2224.18985523,2278.6267259782994,PASS,4.547473508864641e-13,54.079072000000004,0.35779874829931657,stimuli/excerpts/Block 5/s1401b-ex01_normed.wav,BUNDLED_BLOCK_AUDIO,4801376,2023-08-18T13:24:03+00:00,44100,1,2400666,54.43687074829932,sub-SD022_ses-01_task-PassiveListen__seg-045,sub-SD022,2224.18985523,2278.6267259782994,train
sub-SD022_ses-01_task-PassiveListen__seg-046,sub-SD022,ses-01,sub-SD022_ses-01_task-PassiveListen,sub-SD022/ses-01/sub-SD022_ses-01_task-PassiveListen_events.tsv,46,s1202b-ex01,PASSAGE,s1202b,en,BLOCK_DIRECTORY_AND_EVENT_LEXICON,block-05,True,,417,2288.93553761,2323.1438786100002,2288.83553761,2323.313655523832,PASS,4.547473508864641e-13,34.308341,0.16977691383220161,stimuli/excerpts/Block 5/s1202b-ex01_normed.wav,BUNDLED_BLOCK_AUDIO,3041014,2023-08-18T13:24:02+00:00,44100,1,1520485,34.4781179138322,sub-SD022_ses-01_task-PassiveListen__seg-046,sub-SD022,2288.83553761,2323.313655523832,train
sub-SD022_ses-01_task-PassiveListen__seg-049,sub-SD022,ses-01,sub-SD022_ses-01_task-PassiveListen,sub-SD022/ses-01/sub-SD022_ses-01_task-PassiveListen_events.tsv,49,s1503a-ex01,PASSAGE,s1503a,en,BLOCK_DIRECTORY_AND_EVENT_LEXICON,block-05,True,,430,2393.57249503,2409.9237520300003,2393.47249503,2410.3281186127665,PASS,4.547473508864641e-13,16.451257000000005,0.40436658276643556,stimuli/excerpts/Block 5/s1503a-ex01_normed.wav,BUNDLED_BLOCK_AUDIO,1486710,2023-08-18T13:24:03+00:00,44100,1,743333,16.85562358276644,sub-SD022_ses-01_task-PassiveListen__seg-049,sub-SD022,2393.47249503,2410.3281186127665,train
sub-SD022_ses-01_task-PassiveListen__seg-050,sub-SD022,ses-01,sub-SD022_ses-01_task-PassiveListen,sub-SD022/ses-01/sub-SD022_ses-01_task-PassiveListen_events.tsv,50,s3003a-ex01,PASSAGE,s3003a,en,BLOCK_DIRECTORY_AND_EVENT_LEXICON,block-05,True,,371,2419.68828617,2452.68735517,2419.58828617,2453.132662587234,PASS,4.547473508864641e-13,33.099069000000014,0.4453074172335434,stimuli/excerpts/Block 5/s3003a-ex01_normed.wav,BUNDLED_BLOCK_AUDIO,2958658,2023-08-18T13:24:03+00:00,44100,1,1479307,33.54437641723356,sub-SD022_ses-01_task-PassiveListen__seg-050,sub-SD022,2419.58828617,2453.132662587234,train
sub-SD022_ses-01_task-PassiveListen__seg-051,sub-SD022,ses-01,sub-SD022_ses-01_task-PassiveListen,sub-SD022/ses-01/sub-SD022_ses-01_task-PassiveListen_events.tsv,51,s1703b-ex01,PASSAGE,s1703b,en,BLOCK_DIRECTORY_AND_EVENT_LEXICON,block-05,True,,431,2461.67504108,2514.73804108,2461.57504108,2515.0759254337418,PASS,4.547473508864641e-13,53.16299999999999,0.33788435374150794,stimuli/excerpts/Block 5/s1703b-ex01_normed.wav,BUNDLED_BLOCK_AUDIO,4718822,2023-08-18T13:24:03+00:00,44100,1,2359389,53.5008843537415,sub-SD022_ses-01_task-PassiveListen__seg-051,sub-SD022,2461.57504108,2515.0759254337418,train
sub-SD022_ses-01_task-PassiveListen__seg-052,sub-SD022,ses-01,sub-SD022_ses-01_task-PassiveListen,sub-SD022/ses-01/sub-SD022_ses-01_task-PassiveListen_events.tsv,52,s0802b-ex01,PASSAGE,s0802b,en,BLOCK_DIRECTORY_AND_EVENT_LEXICON,block-05,True,,328,2525.25389458,2554.42198558,2525.15389458,2555.147137210385,PASS,4.547473508864641e-13,29.268091000000013,0.7251516303854757,stimuli/excerpts/Block 5/s0802b-ex01_normed.wav,BUNDLED_BLOCK_AUDIO,2645448,2023-08-18T13:24:02+00:00,44100,1,1322702,29.993242630385488,sub-SD022_ses-01_task-PassiveListen__seg-052,sub-SD022,2525.15389458,2555.147137210385,train
sub-SD022_ses-01_task-PassiveListen__seg-053,sub-SD022,ses-01,sub-SD022_ses-01_task-PassiveListen,sub-SD022/ses-01/sub-SD022_ses-01_task-PassiveListen_events.tsv,53,s1103a-ex01,PASSAGE,s1103a,en,BLOCK_DIRECTORY_AND_EVENT_LEXICON,block-05,True,,443,2566.42711361,2620.52994561,2566.32711361,2621.0198120226987,PASS,4.547473508864641e-13,54.20283199999998,0.4898664126984329,stimuli/excerpts/Block 5/s1103a-ex01_normed.wav,BUNDLED_BLOCK_AUDIO,4823940,2023-08-18T13:24:02+00:00,44100,1,2411948,54.69269841269841,sub-SD022_ses-01_task-PassiveListen__seg-053,sub-SD022,2566.32711361,2621.0198120226987,train
sub-SD022_ses-01_task-PassiveListen__seg-054,sub-SD022,ses-01,sub-SD022_ses-01_task-PassiveListen,sub-SD022/ses-01/sub-SD022_ses-01_task-PassiveListen_events.tsv,54,s0203b-ex01,PASSAGE,s0203b,en,BLOCK_DIRECTORY_AND_EVENT_LEXICON,block-05,True,,505,2630.65074455,2672.44386255,2630.5507445499998,2673.5021731214283,PASS,4.547473508864641e-13,41.89311800000002,1.0583105714285495,stimuli/excerpts/Block 5/s0203b-ex01_normed.wav,BUNDLED_BLOCK_AUDIO,3788360,2023-08-18T13:24:01+00:00,44100,1,1894158,42.95142857142857,sub-SD022_ses-01_task-PassiveListen__seg-054,sub-SD022,2630.5507445499998,2673.5021731214283,train
sub-SD022_ses-01_task-PassiveListen__seg-055,sub-SD022,ses-01,sub-SD022_ses-01_task-PassiveListen,sub-SD022/ses-01/sub-SD022_ses-01_task-PassiveListen_events.tsv,55,s3003a-ex02,PASSAGE,s3003a,en,BLOCK_DIRECTORY_AND_EVENT_LEXICON,block-06,True,,504,2706.0963115,2750.4589355,2705.9963115,2750.5835677358277,PASS,4.547473508864641e-13,44.462624,0.12463223582766858,stimuli/excerpts/Block 6/s3003a-ex02_normed.wav,BUNDLED_BLOCK_AUDIO,3932640,2023-08-18T13:24:06+00:00,44100,1,1966298,44.58725623582767,sub-SD022_ses-01_task-PassiveListen__seg-055,sub-SD022,2705.9963115,2750.5835677358277,train
sub-SD022_ses-01_task-PassiveListen__seg-056,sub-SD022,ses-01,sub-SD022_ses-01_task-PassiveListen,sub-SD022/ses-01/sub-SD022_ses-01_task-PassiveListen_events.tsv,56,s0305a-ex01,PASSAGE,s0305a,en,BLOCK_DIRECTORY_AND_EVENT_LEXICON,block-06,True,,377,2760.29804673,2803.44745773,2760.19804673,2803.7054163445123,PASS,4.547473508864641e-13,43.249410999999995,0.25795861451247504,stimuli/excerpts/Block 6/s0305a-ex01_normed.wav,BUNDLED_BLOCK_AUDIO,3837394,2023-08-18T13:24:04+00:00,44100,1,1918675,43.50736961451247,sub-SD022_ses-01_task-PassiveListen__seg-056,sub-SD022,2760.19804673,2803.7054163445123,train
sub-SD022_ses-01_task-PassiveListen__seg-057,sub-SD022,ses-01,sub-SD022_ses-01_task-PassiveListen,sub-SD022/ses-01/sub-SD022_ses-01_task-PassiveListen_events.tsv,57,s2302b-ex01,PASSAGE,s2302b,en,BLOCK_DIRECTORY_AND_EVENT_LEXICON,block-06,True,,316,2821.16023547,2855.63189747,2821.06023547,2856.183727533492,PASS,4.547473508864641e-13,34.57166199999998,0.5518300634920834,stimuli/excerpts/Block 6/s2302b-ex01_normed.wav,BUNDLED_BLOCK_AUDIO,3097936,2023-08-18T13:24:06+00:00,44100,1,1548946,35.123492063492066,sub-SD022_ses-01_task-PassiveListen__seg-057,sub-SD022,2821.06023547,2856.183727533492,train
sub-SD022_ses-01_task-PassiveListen__seg-058,sub-SD022,ses-01,sub-SD022_ses-01_task-PassiveListen,sub-SD022/ses-01/sub-SD022_ses-01_task-PassiveListen_events.tsv,58,s0901b-ex01,PASSAGE,s0901b,en,BLOCK_DIRECTORY_AND_EVENT_LEXICON,block-06,True,,311,2867.32104742,2903.27567842,2867.22104742,2903.5971698689796,PASS,4.547473508864641e-13,36.05463099999999,0.32149144897960014,stimuli/excerpts/Block 6/s0901b-ex01_normed.wav,BUNDLED_BLOCK_AUDIO,3208418,2023-08-18T13:24:04+00:00,44100,1,1604187,36.376122448979594,sub-SD022_ses-01_task-PassiveListen__seg-058,sub-SD022,2867.22104742,2903.5971698689796,train
sub-SD022_ses-01_task-PassiveListen__seg-059,sub-SD022,ses-01,sub-SD022_ses-01_task-PassiveListen,sub-SD022/ses-01/sub-SD022_ses-01_task-PassiveListen_events.tsv,59,s1203a-ex01,PASSAGE,s1203a,en,BLOCK_DIRECTORY_AND_EVENT_LEXICON,block-06,True,,373,2914.80935648,2948.37884448,2914.7093564799998,2948.7678598813604,PASS,4.547473508864641e-13,33.66948800000001,0.38901540136053825,stimuli/excerpts/Block 6/s1203a-ex01_normed.wav,BUNDLED_BLOCK_AUDIO,3004004,2023-08-18T13:24:05+00:00,44100,1,1501980,34.05850340136055,sub-SD022_ses-01_task-PassiveListen__seg-059,sub-SD022,2914.7093564799998,2948.7678598813604,train
sub-SD022_ses-01_task-PassiveListen__seg-060,sub-SD022,ses-01,sub-SD022_ses-01_task-PassiveListen,sub-SD022/ses-01/sub-SD022_ses-01_task-PassiveListen_events.tsv,60,s1702b-ex01,PASSAGE,s1702b,en,BLOCK_DIRECTORY_AND_EVENT_LEXICON,block-06,True,,369,2958.68180338,2999.68580338,2958.58180338,3000.0050460103857,PASS,4.547473508864641e-13,41.10399999999999,0.31924263038549583,stimuli/excerpts/Block 6/s1702b-ex01_normed.wav,BUNDLED_BLOCK_AUDIO,3653574,2023-08-18T13:24:05+00:00,44100,1,1826765,41.42324263038549,sub-SD022_ses-01_task-PassiveListen__seg-060,sub-SD022,2958.58180338,3000.0050460103857,train
sub-SD022_ses-01_task-PassiveListen__seg-061,sub-SD022,ses-01,sub-SD022_ses-01_task-PassiveListen,sub-SD022/ses-01/sub-SD022_ses-01_task-PassiveListen_events.tsv,61,s1503a-ex02,PASSAGE,s1503a,en,BLOCK_DIRECTORY_AND_EVENT_LEXICON,block-06,True,,328,3011.91810046,3038.47107146,3011.81810046,3039.432340822812,PASS,4.547473508864641e-13,26.652971000000072,0.9612693628117199,stimuli/excerpts/Block 6/s1503a-ex02_normed.wav,BUNDLED_BLOCK_AUDIO,2435620,2023-08-18T13:24:05+00:00,44100,1,1217788,27.614240362811792,sub-SD022_ses-01_task-PassiveListen__seg-061,sub-SD022,3011.81810046,3039.432340822812,train
sub-SD022_ses-01_task-PassiveListen__seg-064,sub-SD022,ses-01,sub-SD022_ses-01_task-PassiveListen,sub-SD022/ses-01/sub-SD022_ses-01_task-PassiveListen_events.tsv,64,s3801a-ex01,PASSAGE,s3801a,en,BLOCK_DIRECTORY_AND_EVENT_LEXICON,block-06,True,,350,3114.79208616,3147.5946481600004,3114.69208616,3147.7937188130613,PASS,4.547473508864641e-13,32.90256200000002,0.19907065306120586,stimuli/excerpts/Block 6/s3801a-ex01_normed.wav,BUNDLED_BLOCK_AUDIO,2919608,2023-08-18T13:24:06+00:00,44100,1,1459782,33.10163265306122,sub-SD022_ses-01_task-PassiveListen__seg-064,sub-SD022,3114.69208616,3147.7937188130613,train
