path,shape,dtype,samples,channels,nonfinite,flat_channels,role,source_recording,story,paired_feature_path,paired_samples,sample_count_difference,sampling_rate_hz,channel_names,units,status,reason,scan
/home/fanyu/auditory_simulation_m6a/pub_01/s06/sparrkulee_v3.1/raw/derivatives/preprocessed_eeg/sub-001/ses-shortstories01/sub-001_ses-shortstories01_task-listeningActive_run-05_desc-preproc-audio-audiobook_2_1_eeg.npy,"(64, 50752)",float64,50752,64,0,0,EEG,sub-001_ses-shortstories01_task-listeningActive_run-05_eeg.bdf.gz,audiobook_2_1,/home/fanyu/auditory_simulation_m6a/pub_01/s06/sparrkulee_v3.1/raw/derivatives/preprocessed_stimuli/audiobook_2_1_envelope.npy,50619,133,64_PUBLISHER_PIPELINE_NOT_PER_FILE_VERIFIED,UNKNOWN_NPY_HAS_NO_NAMES,UNKNOWN_NPY_HAS_NO_UNITS,HOLD,PAIR_LENGTH_MISMATCH,ALL_SAMPLES
/home/fanyu/auditory_simulation_m6a/pub_01/s06/sparrkulee_v3.1/raw/derivatives/preprocessed_eeg/sub-001/ses-shortstories01/sub-001_ses-shortstories01_task-listeningActive_run-06_desc-preproc-audio-audiobook_2_2_eeg.npy,"(64, 50752)",float64,50752,64,0,0,EEG,sub-001_ses-shortstories01_task-listeningActive_run-06_eeg.bdf.gz,audiobook_2_2,/home/fanyu/auditory_simulation_m6a/pub_01/s06/sparrkulee_v3.1/raw/derivatives/preprocessed_stimuli/audiobook_2_2_envelope.npy,48747,2005,64_PUBLISHER_PIPELINE_NOT_PER_FILE_VERIFIED,UNKNOWN_NPY_HAS_NO_NAMES,UNKNOWN_NPY_HAS_NO_UNITS,HOLD,PAIR_LENGTH_MISMATCH,ALL_SAMPLES
/home/fanyu/auditory_simulation_m6a/pub_01/s06/sparrkulee_v3.1/raw/derivatives/preprocessed_eeg/sub-001/ses-shortstories01/sub-001_ses-shortstories01_task-listeningActive_run-07_desc-preproc-audio-audiobook_4_eeg.npy,"(64, 52224)",float64,52224,64,0,0,EEG,sub-001_ses-shortstories01_task-listeningActive_run-07_eeg.bdf.gz,audiobook_4,/home/fanyu/auditory_simulation_m6a/pub_01/s06/sparrkulee_v3.1/raw/derivatives/preprocessed_stimuli/audiobook_4_envelope.npy,52060,164,64_PUBLISHER_PIPELINE_NOT_PER_FILE_VERIFIED,UNKNOWN_NPY_HAS_NO_NAMES,UNKNOWN_NPY_HAS_NO_UNITS,HOLD,PAIR_LENGTH_MISMATCH,ALL_SAMPLES
/home/fanyu/auditory_simulation_m6a/pub_01/s06/sparrkulee_v3.1/raw/derivatives/preprocessed_eeg/sub-001/ses-shortstories01/sub-001_ses-shortstories01_task-listeningActive_run-09_desc-preproc-audio-audiobook_6_1_eeg.npy,"(64, 53440)",float64,53440,64,0,0,EEG,sub-001_ses-shortstories01_task-listeningActive_run-09_eeg.bdf.gz,audiobook_6_1,/home/fanyu/auditory_simulation_m6a/pub_01/s06/sparrkulee_v3.1/raw/derivatives/preprocessed_stimuli/audiobook_6_1_envelope.npy,53350,90,64_PUBLISHER_PIPELINE_NOT_PER_FILE_VERIFIED,UNKNOWN_NPY_HAS_NO_NAMES,UNKNOWN_NPY_HAS_NO_UNITS,HOLD,PAIR_LENGTH_MISMATCH,ALL_SAMPLES
/home/fanyu/auditory_simulation_m6a/pub_01/s06/sparrkulee_v3.1/raw/derivatives/preprocessed_eeg/sub-001/ses-shortstories01/sub-001_ses-shortstories01_task-listeningActive_run-10_desc-preproc-audio-audiobook_6_2_eeg.npy,"(64, 53440)",float64,53440,64,0,0,EEG,sub-001_ses-shortstories01_task-listeningActive_run-10_eeg.bdf.gz,audiobook_6_2,/home/fanyu/auditory_simulation_m6a/pub_01/s06/sparrkulee_v3.1/raw/derivatives/preprocessed_stimuli/audiobook_6_2_envelope.npy,53339,101,64_PUBLISHER_PIPELINE_NOT_PER_FILE_VERIFIED,UNKNOWN_NPY_HAS_NO_NAMES,UNKNOWN_NPY_HAS_NO_UNITS,HOLD,PAIR_LENGTH_MISMATCH,ALL_SAMPLES
/home/fanyu/auditory_simulation_m6a/pub_01/s06/sparrkulee_v3.1/raw/derivatives/preprocessed_eeg/sub-002/ses-shortstories01/sub-002_ses-shortstories01_task-listeningActive_run-01_desc-preproc-audio-audiobook_1_artefact_eeg.npy,"(64, 19328)",float64,19328,64,0,0,EEG,sub-002_ses-shortstories01_task-listeningActive_run-01_eeg.bdf.gz,audiobook_1_artefact,/home/fanyu/auditory_simulation_m6a/pub_01/s06/sparrkulee_v3.1/raw/derivatives/preprocessed_stimuli/audiobook_1_artefact_envelope.npy,19223,105,64_PUBLISHER_PIPELINE_NOT_PER_FILE_VERIFIED,UNKNOWN_NPY_HAS_NO_NAMES,UNKNOWN_NPY_HAS_NO_UNITS,HOLD,PAIR_LENGTH_MISMATCH,ALL_SAMPLES
/home/fanyu/auditory_simulation_m6a/pub_01/s06/sparrkulee_v3.1/raw/derivatives/preprocessed_eeg/sub-002/ses-shortstories01/sub-002_ses-shortstories01_task-listeningActive_run-04_desc-preproc-audio-audiobook_2_1_eeg.npy,"(64, 50752)",float64,50752,64,0,0,EEG,sub-002_ses-shortstories01_task-listeningActive_run-04_eeg.bdf.gz,audiobook_2_1,/home/fanyu/auditory_simulation_m6a/pub_01/s06/sparrkulee_v3.1/raw/derivatives/preprocessed_stimuli/audiobook_2_1_envelope.npy,50619,133,64_PUBLISHER_PIPELINE_NOT_PER_FILE_VERIFIED,UNKNOWN_NPY_HAS_NO_NAMES,UNKNOWN_NPY_HAS_NO_UNITS,HOLD,PAIR_LENGTH_MISMATCH,ALL_SAMPLES
/home/fanyu/auditory_simulation_m6a/pub_01/s06/sparrkulee_v3.1/raw/derivatives/preprocessed_eeg/sub-002/ses-shortstories01/sub-002_ses-shortstories01_task-listeningActive_run-05_desc-preproc-audio-audiobook_2_2_eeg.npy,"(64, 50752)",float64,50752,64,0,0,EEG,sub-002_ses-shortstories01_task-listeningActive_run-05_eeg.bdf.gz,audiobook_2_2,/home/fanyu/auditory_simulation_m6a/pub_01/s06/sparrkulee_v3.1/raw/derivatives/preprocessed_stimuli/audiobook_2_2_envelope.npy,48747,2005,64_PUBLISHER_PIPELINE_NOT_PER_FILE_VERIFIED,UNKNOWN_NPY_HAS_NO_NAMES,UNKNOWN_NPY_HAS_NO_UNITS,HOLD,PAIR_LENGTH_MISMATCH,ALL_SAMPLES
/home/fanyu/auditory_simulation_m6a/pub_01/s06/sparrkulee_v3.1/raw/derivatives/preprocessed_eeg/sub-002/ses-shortstories01/sub-002_ses-shortstories01_task-listeningActive_run-06_desc-preproc-audio-audiobook_6_1_eeg.npy,"(64, 53440)",float64,53440,64,0,0,EEG,sub-002_ses-shortstories01_task-listeningActive_run-06_eeg.bdf.gz,audiobook_6_1,/home/fanyu/auditory_simulation_m6a/pub_01/s06/sparrkulee_v3.1/raw/derivatives/preprocessed_stimuli/audiobook_6_1_envelope.npy,53350,90,64_PUBLISHER_PIPELINE_NOT_PER_FILE_VERIFIED,UNKNOWN_NPY_HAS_NO_NAMES,UNKNOWN_NPY_HAS_NO_UNITS,HOLD,PAIR_LENGTH_MISMATCH,ALL_SAMPLES
/home/fanyu/auditory_simulation_m6a/pub_01/s06/sparrkulee_v3.1/raw/derivatives/preprocessed_eeg/sub-002/ses-shortstories01/sub-002_ses-shortstories01_task-listeningActive_run-11_desc-preproc-audio-audiobook_4_eeg.npy,"(64, 52224)",float64,52224,64,0,0,EEG,sub-002_ses-shortstories01_task-listeningActive_run-11_eeg.bdf.gz,audiobook_4,/home/fanyu/auditory_simulation_m6a/pub_01/s06/sparrkulee_v3.1/raw/derivatives/preprocessed_stimuli/audiobook_4_envelope.npy,52060,164,64_PUBLISHER_PIPELINE_NOT_PER_FILE_VERIFIED,UNKNOWN_NPY_HAS_NO_NAMES,UNKNOWN_NPY_HAS_NO_UNITS,HOLD,PAIR_LENGTH_MISMATCH,ALL_SAMPLES
/home/fanyu/auditory_simulation_m6a/pub_01/s06/sparrkulee_v3.1/raw/derivatives/preprocessed_eeg/sub-003/ses-shortstories01/sub-003_ses-shortstories01_task-listeningActive_run-07_desc-preproc-audio-audiobook_4_eeg.npy,"(64, 52224)",float64,52224,64,0,0,EEG,sub-003_ses-shortstories01_task-listeningActive_run-07_eeg.bdf.gz,audiobook_4,/home/fanyu/auditory_simulation_m6a/pub_01/s06/sparrkulee_v3.1/raw/derivatives/preprocessed_stimuli/audiobook_4_envelope.npy,52060,164,64_PUBLISHER_PIPELINE_NOT_PER_FILE_VERIFIED,UNKNOWN_NPY_HAS_NO_NAMES,UNKNOWN_NPY_HAS_NO_UNITS,HOLD,PAIR_LENGTH_MISMATCH,ALL_SAMPLES
/home/fanyu/auditory_simulation_m6a/pub_01/s06/sparrkulee_v3.1/raw/derivatives/preprocessed_eeg/sub-003/ses-shortstories01/sub-003_ses-shortstories01_task-listeningActive_run-09_desc-preproc-audio-audiobook_2_1_eeg.npy,"(64, 50752)",float64,50752,64,0,0,EEG,sub-003_ses-shortstories01_task-listeningActive_run-09_eeg.bdf.gz,audiobook_2_1,/home/fanyu/auditory_simulation_m6a/pub_01/s06/sparrkulee_v3.1/raw/derivatives/preprocessed_stimuli/audiobook_2_1_envelope.npy,50619,133,64_PUBLISHER_PIPELINE_NOT_PER_FILE_VERIFIED,UNKNOWN_NPY_HAS_NO_NAMES,UNKNOWN_NPY_HAS_NO_UNITS,HOLD,PAIR_LENGTH_MISMATCH,ALL_SAMPLES
/home/fanyu/auditory_simulation_m6a/pub_01/s06/sparrkulee_v3.1/raw/derivatives/preprocessed_eeg/sub-003/ses-shortstories01/sub-003_ses-shortstories01_task-listeningActive_run-10_desc-preproc-audio-audiobook_2_2_eeg.npy,"(64, 50752)",float64,50752,64,0,0,EEG,sub-003_ses-shortstories01_task-listeningActive_run-10_eeg.bdf.gz,audiobook_2_2,/home/fanyu/auditory_simulation_m6a/pub_01/s06/sparrkulee_v3.1/raw/derivatives/preprocessed_stimuli/audiobook_2_2_envelope.npy,48747,2005,64_PUBLISHER_PIPELINE_NOT_PER_FILE_VERIFIED,UNKNOWN_NPY_HAS_NO_NAMES,UNKNOWN_NPY_HAS_NO_UNITS,HOLD,PAIR_LENGTH_MISMATCH,ALL_SAMPLES
/home/fanyu/auditory_simulation_m6a/pub_01/s06/sparrkulee_v3.1/raw/derivatives/preprocessed_eeg/sub-004/ses-shortstories01/sub-004_ses-shortstories01_task-listeningActive_run-01_desc-preproc-audio-audiobook_2_1_eeg.npy,"(64, 50752)",float64,50752,64,0,0,EEG,sub-004_ses-shortstories01_task-listeningActive_run-01_eeg.bdf.gz,audiobook_2_1,/home/fanyu/auditory_simulation_m6a/pub_01/s06/sparrkulee_v3.1/raw/derivatives/preprocessed_stimuli/audiobook_2_1_envelope.npy,50619,133,64_PUBLISHER_PIPELINE_NOT_PER_FILE_VERIFIED,UNKNOWN_NPY_HAS_NO_NAMES,UNKNOWN_NPY_HAS_NO_UNITS,HOLD,PAIR_LENGTH_MISMATCH,ALL_SAMPLES
/home/fanyu/auditory_simulation_m6a/pub_01/s06/sparrkulee_v3.1/raw/derivatives/preprocessed_eeg/sub-004/ses-shortstories01/sub-004_ses-shortstories01_task-listeningActive_run-02_desc-preproc-audio-audiobook_2_2_eeg.npy,"(64, 50752)",float64,50752,64,0,0,EEG,sub-004_ses-shortstories01_task-listeningActive_run-02_eeg.bdf.gz,audiobook_2_2,/home/fanyu/auditory_simulation_m6a/pub_01/s06/sparrkulee_v3.1/raw/derivatives/preprocessed_stimuli/audiobook_2_2_envelope.npy,48747,2005,64_PUBLISHER_PIPELINE_NOT_PER_FILE_VERIFIED,UNKNOWN_NPY_HAS_NO_NAMES,UNKNOWN_NPY_HAS_NO_UNITS,HOLD,PAIR_LENGTH_MISMATCH,ALL_SAMPLES
/home/fanyu/auditory_simulation_m6a/pub_01/s06/sparrkulee_v3.1/raw/derivatives/preprocessed_eeg/sub-005/ses-shortstories01/sub-005_ses-shortstories01_task-listeningActive_run-07_desc-preproc-audio-audiobook_2_1_eeg.npy,"(64, 50752)",float64,50752,64,0,0,EEG,sub-005_ses-shortstories01_task-listeningActive_run-07_eeg.bdf.gz,audiobook_2_1,/home/fanyu/auditory_simulation_m6a/pub_01/s06/sparrkulee_v3.1/raw/derivatives/preprocessed_stimuli/audiobook_2_1_envelope.npy,50619,133,64_PUBLISHER_PIPELINE_NOT_PER_FILE_VERIFIED,UNKNOWN_NPY_HAS_NO_NAMES,UNKNOWN_NPY_HAS_NO_UNITS,HOLD,PAIR_LENGTH_MISMATCH,ALL_SAMPLES
/home/fanyu/auditory_simulation_m6a/pub_01/s06/sparrkulee_v3.1/raw/derivatives/preprocessed_eeg/sub-005/ses-shortstories01/sub-005_ses-shortstories01_task-listeningActive_run-08_desc-preproc-audio-audiobook_2_2_eeg.npy,"(64, 50752)",float64,50752,64,0,0,EEG,sub-005_ses-shortstories01_task-listeningActive_run-08_eeg.bdf.gz,audiobook_2_2,/home/fanyu/auditory_simulation_m6a/pub_01/s06/sparrkulee_v3.1/raw/derivatives/preprocessed_stimuli/audiobook_2_2_envelope.npy,48747,2005,64_PUBLISHER_PIPELINE_NOT_PER_FILE_VERIFIED,UNKNOWN_NPY_HAS_NO_NAMES,UNKNOWN_NPY_HAS_NO_UNITS,HOLD,PAIR_LENGTH_MISMATCH,ALL_SAMPLES
/home/fanyu/auditory_simulation_m6a/pub_01/s06/sparrkulee_v3.1/raw/derivatives/preprocessed_eeg/sub-006/ses-shortstories01/sub-006_ses-shortstories01_task-listeningActive_run-01_desc-preproc-audio-audiobook_4_eeg.npy,"(64, 52224)",float64,52224,64,0,0,EEG,sub-006_ses-shortstories01_task-listeningActive_run-01_eeg.bdf.gz,audiobook_4,/home/fanyu/auditory_simulation_m6a/pub_01/s06/sparrkulee_v3.1/raw/derivatives/preprocessed_stimuli/audiobook_4_envelope.npy,52060,164,64_PUBLISHER_PIPELINE_NOT_PER_FILE_VERIFIED,UNKNOWN_NPY_HAS_NO_NAMES,UNKNOWN_NPY_HAS_NO_UNITS,HOLD,PAIR_LENGTH_MISMATCH,ALL_SAMPLES
/home/fanyu/auditory_simulation_m6a/pub_01/s06/sparrkulee_v3.1/raw/derivatives/preprocessed_eeg/sub-006/ses-shortstories01/sub-006_ses-shortstories01_task-listeningActive_run-09_desc-preproc-audio-audiobook_2_1_eeg.npy,"(64, 50752)",float64,50752,64,0,0,EEG,sub-006_ses-shortstories01_task-listeningActive_run-09_eeg.bdf.gz,audiobook_2_1,/home/fanyu/auditory_simulation_m6a/pub_01/s06/sparrkulee_v3.1/raw/derivatives/preprocessed_stimuli/audiobook_2_1_envelope.npy,50619,133,64_PUBLISHER_PIPELINE_NOT_PER_FILE_VERIFIED,UNKNOWN_NPY_HAS_NO_NAMES,UNKNOWN_NPY_HAS_NO_UNITS,HOLD,PAIR_LENGTH_MISMATCH,ALL_SAMPLES
/home/fanyu/auditory_simulation_m6a/pub_01/s06/sparrkulee_v3.1/raw/derivatives/preprocessed_eeg/sub-006/ses-shortstories01/sub-006_ses-shortstories01_task-listeningActive_run-10_desc-preproc-audio-audiobook_2_2_eeg.npy,"(64, 50752)",float64,50752,64,0,0,EEG,sub-006_ses-shortstories01_task-listeningActive_run-10_eeg.bdf.gz,audiobook_2_2,/home/fanyu/auditory_simulation_m6a/pub_01/s06/sparrkulee_v3.1/raw/derivatives/preprocessed_stimuli/audiobook_2_2_envelope.npy,48747,2005,64_PUBLISHER_PIPELINE_NOT_PER_FILE_VERIFIED,UNKNOWN_NPY_HAS_NO_NAMES,UNKNOWN_NPY_HAS_NO_UNITS,HOLD,PAIR_LENGTH_MISMATCH,ALL_SAMPLES
/home/fanyu/auditory_simulation_m6a/pub_01/s06/sparrkulee_v3.1/raw/derivatives/preprocessed_eeg/sub-007/ses-shortstories01/sub-007_ses-shortstories01_task-listeningActive_run-08_desc-preproc-audio-audiobook_4_eeg.npy,"(64, 52224)",float64,52224,64,0,0,EEG,sub-007_ses-shortstories01_task-listeningActive_run-08_eeg.bdf.gz,audiobook_4,/home/fanyu/auditory_simulation_m6a/pub_01/s06/sparrkulee_v3.1/raw/derivatives/preprocessed_stimuli/audiobook_4_envelope.npy,52060,164,64_PUBLISHER_PIPELINE_NOT_PER_FILE_VERIFIED,UNKNOWN_NPY_HAS_NO_NAMES,UNKNOWN_NPY_HAS_NO_UNITS,HOLD,PAIR_LENGTH_MISMATCH,ALL_SAMPLES
/home/fanyu/auditory_simulation_m6a/pub_01/s06/sparrkulee_v3.1/raw/derivatives/preprocessed_eeg/sub-007/ses-shortstories01/sub-007_ses-shortstories01_task-listeningActive_run-09_desc-preproc-audio-audiobook_2_1_eeg.npy,"(64, 50752)",float64,50752,64,0,0,EEG,sub-007_ses-shortstories01_task-listeningActive_run-09_eeg.bdf.gz,audiobook_2_1,/home/fanyu/auditory_simulation_m6a/pub_01/s06/sparrkulee_v3.1/raw/derivatives/preprocessed_stimuli/audiobook_2_1_envelope.npy,50619,133,64_PUBLISHER_PIPELINE_NOT_PER_FILE_VERIFIED,UNKNOWN_NPY_HAS_NO_NAMES,UNKNOWN_NPY_HAS_NO_UNITS,HOLD,PAIR_LENGTH_MISMATCH,ALL_SAMPLES
/home/fanyu/auditory_simulation_m6a/pub_01/s06/sparrkulee_v3.1/raw/derivatives/preprocessed_eeg/sub-007/ses-shortstories01/sub-007_ses-shortstories01_task-listeningActive_run-10_desc-preproc-audio-audiobook_2_2_eeg.npy,"(64, 50752)",float64,50752,64,0,0,EEG,sub-007_ses-shortstories01_task-listeningActive_run-10_eeg.bdf.gz,audiobook_2_2,/home/fanyu/auditory_simulation_m6a/pub_01/s06/sparrkulee_v3.1/raw/derivatives/preprocessed_stimuli/audiobook_2_2_envelope.npy,48747,2005,64_PUBLISHER_PIPELINE_NOT_PER_FILE_VERIFIED,UNKNOWN_NPY_HAS_NO_NAMES,UNKNOWN_NPY_HAS_NO_UNITS,HOLD,PAIR_LENGTH_MISMATCH,ALL_SAMPLES
/home/fanyu/auditory_simulation_m6a/pub_01/s06/sparrkulee_v3.1/raw/derivatives/preprocessed_eeg/sub-008/ses-shortstories01/sub-008_ses-shortstories01_task-listeningActive_run-05_desc-preproc-audio-audiobook_4_eeg.npy,"(64, 52224)",float64,52224,64,0,0,EEG,sub-008_ses-shortstories01_task-listeningActive_run-05_eeg.bdf.gz,audiobook_4,/home/fanyu/auditory_simulation_m6a/pub_01/s06/sparrkulee_v3.1/raw/derivatives/preprocessed_stimuli/audiobook_4_envelope.npy,52060,164,64_PUBLISHER_PIPELINE_NOT_PER_FILE_VERIFIED,UNKNOWN_NPY_HAS_NO_NAMES,UNKNOWN_NPY_HAS_NO_UNITS,HOLD,PAIR_LENGTH_MISMATCH,ALL_SAMPLES
/home/fanyu/auditory_simulation_m6a/pub_01/s06/sparrkulee_v3.1/raw/derivatives/preprocessed_eeg/sub-008/ses-shortstories01/sub-008_ses-shortstories01_task-listeningActive_run-09_desc-preproc-audio-audiobook_2_1_eeg.npy,"(64, 50752)",float64,50752,64,0,0,EEG,sub-008_ses-shortstories01_task-listeningActive_run-09_eeg.bdf.gz,audiobook_2_1,/home/fanyu/auditory_simulation_m6a/pub_01/s06/sparrkulee_v3.1/raw/derivatives/preprocessed_stimuli/audiobook_2_1_envelope.npy,50619,133,64_PUBLISHER_PIPELINE_NOT_PER_FILE_VERIFIED,UNKNOWN_NPY_HAS_NO_NAMES,UNKNOWN_NPY_HAS_NO_UNITS,HOLD,PAIR_LENGTH_MISMATCH,ALL_SAMPLES
/home/fanyu/auditory_simulation_m6a/pub_01/s06/sparrkulee_v3.1/raw/derivatives/preprocessed_eeg/sub-008/ses-shortstories01/sub-008_ses-shortstories01_task-listeningActive_run-10_desc-preproc-audio-audiobook_2_2_eeg.npy,"(64, 50752)",float64,50752,64,0,0,EEG,sub-008_ses-shortstories01_task-listeningActive_run-10_eeg.bdf.gz,audiobook_2_2,/home/fanyu/auditory_simulation_m6a/pub_01/s06/sparrkulee_v3.1/raw/derivatives/preprocessed_stimuli/audiobook_2_2_envelope.npy,48747,2005,64_PUBLISHER_PIPELINE_NOT_PER_FILE_VERIFIED,UNKNOWN_NPY_HAS_NO_NAMES,UNKNOWN_NPY_HAS_NO_UNITS,HOLD,PAIR_LENGTH_MISMATCH,ALL_SAMPLES
/home/fanyu/auditory_simulation_m6a/pub_01/s06/sparrkulee_v3.1/raw/derivatives/preprocessed_eeg/sub-009/ses-shortstories01/sub-009_ses-shortstories01_task-listeningActive_run-05_desc-preproc-audio-audiobook_4_eeg.npy,"(64, 52224)",float64,52224,64,0,0,EEG,sub-009_ses-shortstories01_task-listeningActive_run-05_eeg.bdf.gz,audiobook_4,/home/fanyu/auditory_simulation_m6a/pub_01/s06/sparrkulee_v3.1/raw/derivatives/preprocessed_stimuli/audiobook_4_envelope.npy,52060,164,64_PUBLISHER_PIPELINE_NOT_PER_FILE_VERIFIED,UNKNOWN_NPY_HAS_NO_NAMES,UNKNOWN_NPY_HAS_NO_UNITS,HOLD,PAIR_LENGTH_MISMATCH,ALL_SAMPLES
/home/fanyu/auditory_simulation_m6a/pub_01/s06/sparrkulee_v3.1/raw/derivatives/preprocessed_eeg/sub-009/ses-shortstories01/sub-009_ses-shortstories01_task-listeningActive_run-06_desc-preproc-audio-audiobook_2_1_eeg.npy,"(64, 50752)",float64,50752,64,0,0,EEG,sub-009_ses-shortstories01_task-listeningActive_run-06_eeg.bdf.gz,audiobook_2_1,/home/fanyu/auditory_simulation_m6a/pub_01/s06/sparrkulee_v3.1/raw/derivatives/preprocessed_stimuli/audiobook_2_1_envelope.npy,50619,133,64_PUBLISHER_PIPELINE_NOT_PER_FILE_VERIFIED,UNKNOWN_NPY_HAS_NO_NAMES,UNKNOWN_NPY_HAS_NO_UNITS,HOLD,PAIR_LENGTH_MISMATCH,ALL_SAMPLES
/home/fanyu/auditory_simulation_m6a/pub_01/s06/sparrkulee_v3.1/raw/derivatives/preprocessed_eeg/sub-009/ses-shortstories01/sub-009_ses-shortstories01_task-listeningActive_run-07_desc-preproc-audio-audiobook_2_2_eeg.npy,"(64, 50752)",float64,50752,64,0,0,EEG,sub-009_ses-shortstories01_task-listeningActive_run-07_eeg.bdf.gz,audiobook_2_2,/home/fanyu/auditory_simulation_m6a/pub_01/s06/sparrkulee_v3.1/raw/derivatives/preprocessed_stimuli/audiobook_2_2_envelope.npy,48747,2005,64_PUBLISHER_PIPELINE_NOT_PER_FILE_VERIFIED,UNKNOWN_NPY_HAS_NO_NAMES,UNKNOWN_NPY_HAS_NO_UNITS,HOLD,PAIR_LENGTH_MISMATCH,ALL_SAMPLES
/home/fanyu/auditory_simulation_m6a/pub_01/s06/sparrkulee_v3.1/raw/derivatives/preprocessed_eeg/sub-010/ses-shortstories01/sub-010_ses-shortstories01_task-listeningActive_run-01_desc-preproc-audio-audiobook_2_1_eeg.npy,"(64, 50752)",float64,50752,64,0,0,EEG,sub-010_ses-shortstories01_task-listeningActive_run-01_eeg.bdf.gz,audiobook_2_1,/home/fanyu/auditory_simulation_m6a/pub_01/s06/sparrkulee_v3.1/raw/derivatives/preprocessed_stimuli/audiobook_2_1_envelope.npy,50619,133,64_PUBLISHER_PIPELINE_NOT_PER_FILE_VERIFIED,UNKNOWN_NPY_HAS_NO_NAMES,UNKNOWN_NPY_HAS_NO_UNITS,HOLD,PAIR_LENGTH_MISMATCH,ALL_SAMPLES
/home/fanyu/auditory_simulation_m6a/pub_01/s06/sparrkulee_v3.1/raw/derivatives/preprocessed_eeg/sub-010/ses-shortstories01/sub-010_ses-shortstories01_task-listeningActive_run-02_desc-preproc-audio-audiobook_2_2_eeg.npy,"(64, 50752)",float64,50752,64,0,0,EEG,sub-010_ses-shortstories01_task-listeningActive_run-02_eeg.bdf.gz,audiobook_2_2,/home/fanyu/auditory_simulation_m6a/pub_01/s06/sparrkulee_v3.1/raw/derivatives/preprocessed_stimuli/audiobook_2_2_envelope.npy,48747,2005,64_PUBLISHER_PIPELINE_NOT_PER_FILE_VERIFIED,UNKNOWN_NPY_HAS_NO_NAMES,UNKNOWN_NPY_HAS_NO_UNITS,HOLD,PAIR_LENGTH_MISMATCH,ALL_SAMPLES
/home/fanyu/auditory_simulation_m6a/pub_01/s06/sparrkulee_v3.1/raw/derivatives/preprocessed_eeg/sub-010/ses-shortstories01/sub-010_ses-shortstories01_task-listeningActive_run-09_desc-preproc-audio-audiobook_4_eeg.npy,"(64, 52224)",float64,52224,64,0,0,EEG,sub-010_ses-shortstories01_task-listeningActive_run-09_eeg.bdf.gz,audiobook_4,/home/fanyu/auditory_simulation_m6a/pub_01/s06/sparrkulee_v3.1/raw/derivatives/preprocessed_stimuli/audiobook_4_envelope.npy,52060,164,64_PUBLISHER_PIPELINE_NOT_PER_FILE_VERIFIED,UNKNOWN_NPY_HAS_NO_NAMES,UNKNOWN_NPY_HAS_NO_UNITS,HOLD,PAIR_LENGTH_MISMATCH,ALL_SAMPLES
/home/fanyu/auditory_simulation_m6a/pub_01/s06/sparrkulee_v3.1/raw/derivatives/preprocessed_eeg/sub-011/ses-shortstories01/sub-011_ses-shortstories01_task-listeningActive_run-01_desc-preproc-audio-audiobook_2_1_eeg.npy,"(64, 50752)",float64,50752,64,0,0,EEG,sub-011_ses-shortstories01_task-listeningActive_run-01_eeg.bdf.gz,audiobook_2_1,/home/fanyu/auditory_simulation_m6a/pub_01/s06/sparrkulee_v3.1/raw/derivatives/preprocessed_stimuli/audiobook_2_1_envelope.npy,50619,133,64_PUBLISHER_PIPELINE_NOT_PER_FILE_VERIFIED,UNKNOWN_NPY_HAS_NO_NAMES,UNKNOWN_NPY_HAS_NO_UNITS,HOLD,PAIR_LENGTH_MISMATCH,ALL_SAMPLES
/home/fanyu/auditory_simulation_m6a/pub_01/s06/sparrkulee_v3.1/raw/derivatives/preprocessed_eeg/sub-011/ses-shortstories01/sub-011_ses-shortstories01_task-listeningActive_run-02_desc-preproc-audio-audiobook_2_2_eeg.npy,"(64, 50752)",float64,50752,64,0,0,EEG,sub-011_ses-shortstories01_task-listeningActive_run-02_eeg.bdf.gz,audiobook_2_2,/home/fanyu/auditory_simulation_m6a/pub_01/s06/sparrkulee_v3.1/raw/derivatives/preprocessed_stimuli/audiobook_2_2_envelope.npy,48747,2005,64_PUBLISHER_PIPELINE_NOT_PER_FILE_VERIFIED,UNKNOWN_NPY_HAS_NO_NAMES,UNKNOWN_NPY_HAS_NO_UNITS,HOLD,PAIR_LENGTH_MISMATCH,ALL_SAMPLES
/home/fanyu/auditory_simulation_m6a/pub_01/s06/sparrkulee_v3.1/raw/derivatives/preprocessed_eeg/sub-011/ses-shortstories01/sub-011_ses-shortstories01_task-listeningActive_run-03_desc-preproc-audio-audiobook_4_eeg.npy,"(64, 52224)",float64,52224,64,0,0,EEG,sub-011_ses-shortstories01_task-listeningActive_run-03_eeg.bdf.gz,audiobook_4,/home/fanyu/auditory_simulation_m6a/pub_01/s06/sparrkulee_v3.1/raw/derivatives/preprocessed_stimuli/audiobook_4_envelope.npy,52060,164,64_PUBLISHER_PIPELINE_NOT_PER_FILE_VERIFIED,UNKNOWN_NPY_HAS_NO_NAMES,UNKNOWN_NPY_HAS_NO_UNITS,HOLD,PAIR_LENGTH_MISMATCH,ALL_SAMPLES
/home/fanyu/auditory_simulation_m6a/pub_01/s06/sparrkulee_v3.1/raw/derivatives/preprocessed_eeg/sub-012/ses-shortstories01/sub-012_ses-shortstories01_task-listeningActive_run-03_desc-preproc-audio-audiobook_4_eeg.npy,"(64, 52224)",float64,52224,64,0,0,EEG,sub-012_ses-shortstories01_task-listeningActive_run-03_eeg.bdf.gz,audiobook_4,/home/fanyu/auditory_simulation_m6a/pub_01/s06/sparrkulee_v3.1/raw/derivatives/preprocessed_stimuli/audiobook_4_envelope.npy,52060,164,64_PUBLISHER_PIPELINE_NOT_PER_FILE_VERIFIED,UNKNOWN_NPY_HAS_NO_NAMES,UNKNOWN_NPY_HAS_NO_UNITS,HOLD,PAIR_LENGTH_MISMATCH,ALL_SAMPLES
/home/fanyu/auditory_simulation_m6a/pub_01/s06/sparrkulee_v3.1/raw/derivatives/preprocessed_eeg/sub-012/ses-shortstories01/sub-012_ses-shortstories01_task-listeningActive_run-05_desc-preproc-audio-audiobook_2_1_eeg.npy,"(64, 50752)",float64,50752,64,0,0,EEG,sub-012_ses-shortstories01_task-listeningActive_run-05_eeg.bdf.gz,audiobook_2_1,/home/fanyu/auditory_simulation_m6a/pub_01/s06/sparrkulee_v3.1/raw/derivatives/preprocessed_stimuli/audiobook_2_1_envelope.npy,50619,133,64_PUBLISHER_PIPELINE_NOT_PER_FILE_VERIFIED,UNKNOWN_NPY_HAS_NO_NAMES,UNKNOWN_NPY_HAS_NO_UNITS,HOLD,PAIR_LENGTH_MISMATCH,ALL_SAMPLES
/home/fanyu/auditory_simulation_m6a/pub_01/s06/sparrkulee_v3.1/raw/derivatives/preprocessed_eeg/sub-012/ses-shortstories01/sub-012_ses-shortstories01_task-listeningActive_run-06_desc-preproc-audio-audiobook_2_2_eeg.npy,"(64, 50752)",float64,50752,64,0,0,EEG,sub-012_ses-shortstories01_task-listeningActive_run-06_eeg.bdf.gz,audiobook_2_2,/home/fanyu/auditory_simulation_m6a/pub_01/s06/sparrkulee_v3.1/raw/derivatives/preprocessed_stimuli/audiobook_2_2_envelope.npy,48747,2005,64_PUBLISHER_PIPELINE_NOT_PER_FILE_VERIFIED,UNKNOWN_NPY_HAS_NO_NAMES,UNKNOWN_NPY_HAS_NO_UNITS,HOLD,PAIR_LENGTH_MISMATCH,ALL_SAMPLES
/home/fanyu/auditory_simulation_m6a/pub_01/s06/sparrkulee_v3.1/raw/derivatives/preprocessed_eeg/sub-013/ses-shortstories01/sub-013_ses-shortstories01_task-listeningActive_run-02_desc-preproc-audio-audiobook_4_eeg.npy,"(64, 52224)",float64,52224,64,0,0,EEG,sub-013_ses-shortstories01_task-listeningActive_run-02_eeg.bdf.gz,audiobook_4,/home/fanyu/auditory_simulation_m6a/pub_01/s06/sparrkulee_v3.1/raw/derivatives/preprocessed_stimuli/audiobook_4_envelope.npy,52060,164,64_PUBLISHER_PIPELINE_NOT_PER_FILE_VERIFIED,UNKNOWN_NPY_HAS_NO_NAMES,UNKNOWN_NPY_HAS_NO_UNITS,HOLD,PAIR_LENGTH_MISMATCH,ALL_SAMPLES
/home/fanyu/auditory_simulation_m6a/pub_01/s06/sparrkulee_v3.1/raw/derivatives/preprocessed_eeg/sub-013/ses-shortstories01/sub-013_ses-shortstories01_task-listeningActive_run-04_desc-preproc-audio-audiobook_2_1_eeg.npy,"(64, 50752)",float64,50752,64,0,0,EEG,sub-013_ses-shortstories01_task-listeningActive_run-04_eeg.bdf.gz,audiobook_2_1,/home/fanyu/auditory_simulation_m6a/pub_01/s06/sparrkulee_v3.1/raw/derivatives/preprocessed_stimuli/audiobook_2_1_envelope.npy,50619,133,64_PUBLISHER_PIPELINE_NOT_PER_FILE_VERIFIED,UNKNOWN_NPY_HAS_NO_NAMES,UNKNOWN_NPY_HAS_NO_UNITS,HOLD,PAIR_LENGTH_MISMATCH,ALL_SAMPLES
/home/fanyu/auditory_simulation_m6a/pub_01/s06/sparrkulee_v3.1/raw/derivatives/preprocessed_eeg/sub-013/ses-shortstories01/sub-013_ses-shortstories01_task-listeningActive_run-05_desc-preproc-audio-audiobook_2_2_eeg.npy,"(64, 50752)",float64,50752,64,0,0,EEG,sub-013_ses-shortstories01_task-listeningActive_run-05_eeg.bdf.gz,audiobook_2_2,/home/fanyu/auditory_simulation_m6a/pub_01/s06/sparrkulee_v3.1/raw/derivatives/preprocessed_stimuli/audiobook_2_2_envelope.npy,48747,2005,64_PUBLISHER_PIPELINE_NOT_PER_FILE_VERIFIED,UNKNOWN_NPY_HAS_NO_NAMES,UNKNOWN_NPY_HAS_NO_UNITS,HOLD,PAIR_LENGTH_MISMATCH,ALL_SAMPLES
/home/fanyu/auditory_simulation_m6a/pub_01/s06/sparrkulee_v3.1/raw/derivatives/preprocessed_eeg/sub-014/ses-shortstories01/sub-014_ses-shortstories01_task-listeningActive_run-01_desc-preproc-audio-audiobook_1_1_eeg.npy,"(64, 29440)",float64,29440,64,0,0,EEG,sub-014_ses-shortstories01_task-listeningActive_run-01_eeg.bdf.gz,audiobook_1_1,/home/fanyu/auditory_simulation_m6a/pub_01/s06/sparrkulee_v3.1/raw/derivatives/preprocessed_stimuli/audiobook_1_1_envelope.npy,29275,165,64_PUBLISHER_PIPELINE_NOT_PER_FILE_VERIFIED,UNKNOWN_NPY_HAS_NO_NAMES,UNKNOWN_NPY_HAS_NO_UNITS,HOLD,PAIR_LENGTH_MISMATCH,ALL_SAMPLES
/home/fanyu/auditory_simulation_m6a/pub_01/s06/sparrkulee_v3.1/raw/derivatives/preprocessed_eeg/sub-014/ses-shortstories01/sub-014_ses-shortstories01_task-listeningActive_run-02_desc-preproc-audio-audiobook_1_2_shifted_eeg.npy,"(64, 26944)",float64,26944,64,0,0,EEG,sub-014_ses-shortstories01_task-listeningActive_run-02_eeg.bdf.gz,audiobook_1_2_shifted,/home/fanyu/auditory_simulation_m6a/pub_01/s06/sparrkulee_v3.1/raw/derivatives/preprocessed_stimuli/audiobook_1_2_shifted_envelope.npy,26796,148,64_PUBLISHER_PIPELINE_NOT_PER_FILE_VERIFIED,UNKNOWN_NPY_HAS_NO_NAMES,UNKNOWN_NPY_HAS_NO_UNITS,HOLD,PAIR_LENGTH_MISMATCH,ALL_SAMPLES
/home/fanyu/auditory_simulation_m6a/pub_01/s06/sparrkulee_v3.1/raw/derivatives/preprocessed_eeg/sub-014/ses-shortstories01/sub-014_ses-shortstories01_task-listeningActive_run-03_desc-preproc-audio-audiobook_4_eeg.npy,"(64, 52206)",float64,52206,64,0,0,EEG,sub-014_ses-shortstories01_task-listeningActive_run-03_eeg.bdf.gz,audiobook_4,/home/fanyu/auditory_simulation_m6a/pub_01/s06/sparrkulee_v3.1/raw/derivatives/preprocessed_stimuli/audiobook_4_envelope.npy,52060,146,64_PUBLISHER_PIPELINE_NOT_PER_FILE_VERIFIED,UNKNOWN_NPY_HAS_NO_NAMES,UNKNOWN_NPY_HAS_NO_UNITS,HOLD,PAIR_LENGTH_MISMATCH,ALL_SAMPLES
/home/fanyu/auditory_simulation_m6a/pub_01/s06/sparrkulee_v3.1/raw/derivatives/preprocessed_eeg/sub-014/ses-shortstories01/sub-014_ses-shortstories01_task-listeningActive_run-04_desc-preproc-audio-audiobook_2_1_eeg.npy,"(64, 50752)",float64,50752,64,0,0,EEG,sub-014_ses-shortstories01_task-listeningActive_run-04_eeg.bdf.gz,audiobook_2_1,/home/fanyu/auditory_simulation_m6a/pub_01/s06/sparrkulee_v3.1/raw/derivatives/preprocessed_stimuli/audiobook_2_1_envelope.npy,50619,133,64_PUBLISHER_PIPELINE_NOT_PER_FILE_VERIFIED,UNKNOWN_NPY_HAS_NO_NAMES,UNKNOWN_NPY_HAS_NO_UNITS,HOLD,PAIR_LENGTH_MISMATCH,ALL_SAMPLES
/home/fanyu/auditory_simulation_m6a/pub_01/s06/sparrkulee_v3.1/raw/derivatives/preprocessed_eeg/sub-014/ses-shortstories01/sub-014_ses-shortstories01_task-listeningActive_run-05_desc-preproc-audio-audiobook_2_2_eeg.npy,"(64, 50752)",float64,50752,64,0,0,EEG,sub-014_ses-shortstories01_task-listeningActive_run-05_eeg.bdf.gz,audiobook_2_2,/home/fanyu/auditory_simulation_m6a/pub_01/s06/sparrkulee_v3.1/raw/derivatives/preprocessed_stimuli/audiobook_2_2_envelope.npy,48747,2005,64_PUBLISHER_PIPELINE_NOT_PER_FILE_VERIFIED,UNKNOWN_NPY_HAS_NO_NAMES,UNKNOWN_NPY_HAS_NO_UNITS,HOLD,PAIR_LENGTH_MISMATCH,ALL_SAMPLES
/home/fanyu/auditory_simulation_m6a/pub_01/s06/sparrkulee_v3.1/raw/derivatives/preprocessed_eeg/sub-015/ses-shortstories01/sub-015_ses-shortstories01_task-listeningActive_run-01_desc-preproc-audio-audiobook_2_1_eeg.npy,"(64, 50752)",float64,50752,64,0,0,EEG,sub-015_ses-shortstories01_task-listeningActive_run-01_eeg.bdf.gz,audiobook_2_1,/home/fanyu/auditory_simulation_m6a/pub_01/s06/sparrkulee_v3.1/raw/derivatives/preprocessed_stimuli/audiobook_2_1_envelope.npy,50619,133,64_PUBLISHER_PIPELINE_NOT_PER_FILE_VERIFIED,UNKNOWN_NPY_HAS_NO_NAMES,UNKNOWN_NPY_HAS_NO_UNITS,HOLD,PAIR_LENGTH_MISMATCH,ALL_SAMPLES
/home/fanyu/auditory_simulation_m6a/pub_01/s06/sparrkulee_v3.1/raw/derivatives/preprocessed_eeg/sub-015/ses-shortstories01/sub-015_ses-shortstories01_task-listeningActive_run-02_desc-preproc-audio-audiobook_2_2_eeg.npy,"(64, 50752)",float64,50752,64,0,0,EEG,sub-015_ses-shortstories01_task-listeningActive_run-02_eeg.bdf.gz,audiobook_2_2,/home/fanyu/auditory_simulation_m6a/pub_01/s06/sparrkulee_v3.1/raw/derivatives/preprocessed_stimuli/audiobook_2_2_envelope.npy,48747,2005,64_PUBLISHER_PIPELINE_NOT_PER_FILE_VERIFIED,UNKNOWN_NPY_HAS_NO_NAMES,UNKNOWN_NPY_HAS_NO_UNITS,HOLD,PAIR_LENGTH_MISMATCH,ALL_SAMPLES
/home/fanyu/auditory_simulation_m6a/pub_01/s06/sparrkulee_v3.1/raw/derivatives/preprocessed_eeg/sub-015/ses-shortstories01/sub-015_ses-shortstories01_task-listeningActive_run-06_desc-preproc-audio-audiobook_4_eeg.npy,"(64, 52224)",float64,52224,64,0,0,EEG,sub-015_ses-shortstories01_task-listeningActive_run-06_eeg.bdf.gz,audiobook_4,/home/fanyu/auditory_simulation_m6a/pub_01/s06/sparrkulee_v3.1/raw/derivatives/preprocessed_stimuli/audiobook_4_envelope.npy,52060,164,64_PUBLISHER_PIPELINE_NOT_PER_FILE_VERIFIED,UNKNOWN_NPY_HAS_NO_NAMES,UNKNOWN_NPY_HAS_NO_UNITS,HOLD,PAIR_LENGTH_MISMATCH,ALL_SAMPLES
/home/fanyu/auditory_simulation_m6a/pub_01/s06/sparrkulee_v3.1/raw/derivatives/preprocessed_eeg/sub-016/ses-shortstories01/sub-016_ses-shortstories01_task-listeningActive_run-06_desc-preproc-audio-audiobook_4_eeg.npy,"(64, 52224)",float64,52224,64,0,0,EEG,sub-016_ses-shortstories01_task-listeningActive_run-06_eeg.bdf.gz,audiobook_4,/home/fanyu/auditory_simulation_m6a/pub_01/s06/sparrkulee_v3.1/raw/derivatives/preprocessed_stimuli/audiobook_4_envelope.npy,52060,164,64_PUBLISHER_PIPELINE_NOT_PER_FILE_VERIFIED,UNKNOWN_NPY_HAS_NO_NAMES,UNKNOWN_NPY_HAS_NO_UNITS,HOLD,PAIR_LENGTH_MISMATCH,ALL_SAMPLES
/home/fanyu/auditory_simulation_m6a/pub_01/s06/sparrkulee_v3.1/raw/derivatives/preprocessed_eeg/sub-016/ses-shortstories01/sub-016_ses-shortstories01_task-listeningActive_run-09_desc-preproc-audio-audiobook_2_1_eeg.npy,"(64, 50752)",float64,50752,64,0,0,EEG,sub-016_ses-shortstories01_task-listeningActive_run-09_eeg.bdf.gz,audiobook_2_1,/home/fanyu/auditory_simulation_m6a/pub_01/s06/sparrkulee_v3.1/raw/derivatives/preprocessed_stimuli/audiobook_2_1_envelope.npy,50619,133,64_PUBLISHER_PIPELINE_NOT_PER_FILE_VERIFIED,UNKNOWN_NPY_HAS_NO_NAMES,UNKNOWN_NPY_HAS_NO_UNITS,HOLD,PAIR_LENGTH_MISMATCH,ALL_SAMPLES
/home/fanyu/auditory_simulation_m6a/pub_01/s06/sparrkulee_v3.1/raw/derivatives/preprocessed_eeg/sub-016/ses-shortstories01/sub-016_ses-shortstories01_task-listeningActive_run-10_desc-preproc-audio-audiobook_2_2_eeg.npy,"(64, 50752)",float64,50752,64,0,0,EEG,sub-016_ses-shortstories01_task-listeningActive_run-10_eeg.bdf.gz,audiobook_2_2,/home/fanyu/auditory_simulation_m6a/pub_01/s06/sparrkulee_v3.1/raw/derivatives/preprocessed_stimuli/audiobook_2_2_envelope.npy,48747,2005,64_PUBLISHER_PIPELINE_NOT_PER_FILE_VERIFIED,UNKNOWN_NPY_HAS_NO_NAMES,UNKNOWN_NPY_HAS_NO_UNITS,HOLD,PAIR_LENGTH_MISMATCH,ALL_SAMPLES
/home/fanyu/auditory_simulation_m6a/pub_01/s06/sparrkulee_v3.1/raw/derivatives/preprocessed_eeg/sub-017/ses-shortstories01/sub-017_ses-shortstories01_task-listeningActive_run-04_desc-preproc-audio-audiobook_2_1_eeg.npy,"(64, 50752)",float64,50752,64,0,0,EEG,sub-017_ses-shortstories01_task-listeningActive_run-04_eeg.bdf.gz,audiobook_2_1,/home/fanyu/auditory_simulation_m6a/pub_01/s06/sparrkulee_v3.1/raw/derivatives/preprocessed_stimuli/audiobook_2_1_envelope.npy,50619,133,64_PUBLISHER_PIPELINE_NOT_PER_FILE_VERIFIED,UNKNOWN_NPY_HAS_NO_NAMES,UNKNOWN_NPY_HAS_NO_UNITS,HOLD,PAIR_LENGTH_MISMATCH,ALL_SAMPLES
/home/fanyu/auditory_simulation_m6a/pub_01/s06/sparrkulee_v3.1/raw/derivatives/preprocessed_eeg/sub-017/ses-shortstories01/sub-017_ses-shortstories01_task-listeningActive_run-05_desc-preproc-audio-audiobook_2_2_eeg.npy,"(64, 50752)",float64,50752,64,0,0,EEG,sub-017_ses-shortstories01_task-listeningActive_run-05_eeg.bdf.gz,audiobook_2_2,/home/fanyu/auditory_simulation_m6a/pub_01/s06/sparrkulee_v3.1/raw/derivatives/preprocessed_stimuli/audiobook_2_2_envelope.npy,48747,2005,64_PUBLISHER_PIPELINE_NOT_PER_FILE_VERIFIED,UNKNOWN_NPY_HAS_NO_NAMES,UNKNOWN_NPY_HAS_NO_UNITS,HOLD,PAIR_LENGTH_MISMATCH,ALL_SAMPLES
/home/fanyu/auditory_simulation_m6a/pub_01/s06/sparrkulee_v3.1/raw/derivatives/preprocessed_eeg/sub-018/ses-shortstories01/sub-018_ses-shortstories01_task-listeningActive_run-04_desc-preproc-audio-audiobook_4_eeg.npy,"(64, 52224)",float64,52224,64,0,0,EEG,sub-018_ses-shortstories01_task-listeningActive_run-04_eeg.bdf.gz,audiobook_4,/home/fanyu/auditory_simulation_m6a/pub_01/s06/sparrkulee_v3.1/raw/derivatives/preprocessed_stimuli/audiobook_4_envelope.npy,52060,164,64_PUBLISHER_PIPELINE_NOT_PER_FILE_VERIFIED,UNKNOWN_NPY_HAS_NO_NAMES,UNKNOWN_NPY_HAS_NO_UNITS,HOLD,PAIR_LENGTH_MISMATCH,ALL_SAMPLES
/home/fanyu/auditory_simulation_m6a/pub_01/s06/sparrkulee_v3.1/raw/derivatives/preprocessed_eeg/sub-018/ses-shortstories01/sub-018_ses-shortstories01_task-listeningActive_run-09_desc-preproc-audio-audiobook_2_1_eeg.npy,"(64, 50752)",float64,50752,64,0,0,EEG,sub-018_ses-shortstories01_task-listeningActive_run-09_eeg.bdf.gz,audiobook_2_1,/home/fanyu/auditory_simulation_m6a/pub_01/s06/sparrkulee_v3.1/raw/derivatives/preprocessed_stimuli/audiobook_2_1_envelope.npy,50619,133,64_PUBLISHER_PIPELINE_NOT_PER_FILE_VERIFIED,UNKNOWN_NPY_HAS_NO_NAMES,UNKNOWN_NPY_HAS_NO_UNITS,HOLD,PAIR_LENGTH_MISMATCH,ALL_SAMPLES
/home/fanyu/auditory_simulation_m6a/pub_01/s06/sparrkulee_v3.1/raw/derivatives/preprocessed_eeg/sub-018/ses-shortstories01/sub-018_ses-shortstories01_task-listeningActive_run-10_desc-preproc-audio-audiobook_2_2_eeg.npy,"(64, 50752)",float64,50752,64,0,0,EEG,sub-018_ses-shortstories01_task-listeningActive_run-10_eeg.bdf.gz,audiobook_2_2,/home/fanyu/auditory_simulation_m6a/pub_01/s06/sparrkulee_v3.1/raw/derivatives/preprocessed_stimuli/audiobook_2_2_envelope.npy,48747,2005,64_PUBLISHER_PIPELINE_NOT_PER_FILE_VERIFIED,UNKNOWN_NPY_HAS_NO_NAMES,UNKNOWN_NPY_HAS_NO_UNITS,HOLD,PAIR_LENGTH_MISMATCH,ALL_SAMPLES
/home/fanyu/auditory_simulation_m6a/pub_01/s06/sparrkulee_v3.1/raw/derivatives/preprocessed_eeg/sub-019/ses-shortstories01/sub-019_ses-shortstories01_task-listeningActive_run-07_desc-preproc-audio-audiobook_4_eeg.npy,"(64, 52224)",float64,52224,64,0,0,EEG,sub-019_ses-shortstories01_task-listeningActive_run-07_eeg.bdf.gz,audiobook_4,/home/fanyu/auditory_simulation_m6a/pub_01/s06/sparrkulee_v3.1/raw/derivatives/preprocessed_stimuli/audiobook_4_envelope.npy,52060,164,64_PUBLISHER_PIPELINE_NOT_PER_FILE_VERIFIED,UNKNOWN_NPY_HAS_NO_NAMES,UNKNOWN_NPY_HAS_NO_UNITS,HOLD,PAIR_LENGTH_MISMATCH,ALL_SAMPLES
/home/fanyu/auditory_simulation_m6a/pub_01/s06/sparrkulee_v3.1/raw/derivatives/preprocessed_eeg/sub-019/ses-shortstories01/sub-019_ses-shortstories01_task-listeningActive_run-08_desc-preproc-audio-audiobook_2_1_eeg.npy,"(64, 50752)",float64,50752,64,0,0,EEG,sub-019_ses-shortstories01_task-listeningActive_run-08_eeg.bdf.gz,audiobook_2_1,/home/fanyu/auditory_simulation_m6a/pub_01/s06/sparrkulee_v3.1/raw/derivatives/preprocessed_stimuli/audiobook_2_1_envelope.npy,50619,133,64_PUBLISHER_PIPELINE_NOT_PER_FILE_VERIFIED,UNKNOWN_NPY_HAS_NO_NAMES,UNKNOWN_NPY_HAS_NO_UNITS,HOLD,PAIR_LENGTH_MISMATCH,ALL_SAMPLES
/home/fanyu/auditory_simulation_m6a/pub_01/s06/sparrkulee_v3.1/raw/derivatives/preprocessed_eeg/sub-019/ses-shortstories01/sub-019_ses-shortstories01_task-listeningActive_run-09_desc-preproc-audio-audiobook_2_2_eeg.npy,"(64, 50752)",float64,50752,64,0,0,EEG,sub-019_ses-shortstories01_task-listeningActive_run-09_eeg.bdf.gz,audiobook_2_2,/home/fanyu/auditory_simulation_m6a/pub_01/s06/sparrkulee_v3.1/raw/derivatives/preprocessed_stimuli/audiobook_2_2_envelope.npy,48747,2005,64_PUBLISHER_PIPELINE_NOT_PER_FILE_VERIFIED,UNKNOWN_NPY_HAS_NO_NAMES,UNKNOWN_NPY_HAS_NO_UNITS,HOLD,PAIR_LENGTH_MISMATCH,ALL_SAMPLES
/home/fanyu/auditory_simulation_m6a/pub_01/s06/sparrkulee_v3.1/raw/derivatives/preprocessed_eeg/sub-020/ses-shortstories01/sub-020_ses-shortstories01_task-listeningActive_run-05_desc-preproc-audio-audiobook_2_1_eeg.npy,"(64, 50752)",float64,50752,64,0,0,EEG,sub-020_ses-shortstories01_task-listeningActive_run-05_eeg.bdf.gz,audiobook_2_1,/home/fanyu/auditory_simulation_m6a/pub_01/s06/sparrkulee_v3.1/raw/derivatives/preprocessed_stimuli/audiobook_2_1_envelope.npy,50619,133,64_PUBLISHER_PIPELINE_NOT_PER_FILE_VERIFIED,UNKNOWN_NPY_HAS_NO_NAMES,UNKNOWN_NPY_HAS_NO_UNITS,HOLD,PAIR_LENGTH_MISMATCH,ALL_SAMPLES
/home/fanyu/auditory_simulation_m6a/pub_01/s06/sparrkulee_v3.1/raw/derivatives/preprocessed_eeg/sub-020/ses-shortstories01/sub-020_ses-shortstories01_task-listeningActive_run-06_desc-preproc-audio-audiobook_2_2_eeg.npy,"(64, 50752)",float64,50752,64,0,0,EEG,sub-020_ses-shortstories01_task-listeningActive_run-06_eeg.bdf.gz,audiobook_2_2,/home/fanyu/auditory_simulation_m6a/pub_01/s06/sparrkulee_v3.1/raw/derivatives/preprocessed_stimuli/audiobook_2_2_envelope.npy,48747,2005,64_PUBLISHER_PIPELINE_NOT_PER_FILE_VERIFIED,UNKNOWN_NPY_HAS_NO_NAMES,UNKNOWN_NPY_HAS_NO_UNITS,HOLD,PAIR_LENGTH_MISMATCH,ALL_SAMPLES
/home/fanyu/auditory_simulation_m6a/pub_01/s06/sparrkulee_v3.1/raw/derivatives/preprocessed_eeg/sub-021/ses-shortstories01/sub-021_ses-shortstories01_task-listeningActive_run-01_desc-preproc-audio-audiobook_1_1_eeg.npy,"(64, 29440)",float64,29440,64,0,0,EEG,sub-021_ses-shortstories01_task-listeningActive_run-01_eeg.bdf.gz,audiobook_1_1,/home/fanyu/auditory_simulation_m6a/pub_01/s06/sparrkulee_v3.1/raw/derivatives/preprocessed_stimuli/audiobook_1_1_envelope.npy,29275,165,64_PUBLISHER_PIPELINE_NOT_PER_FILE_VERIFIED,UNKNOWN_NPY_HAS_NO_NAMES,UNKNOWN_NPY_HAS_NO_UNITS,HOLD,PAIR_LENGTH_MISMATCH,ALL_SAMPLES
/home/fanyu/auditory_simulation_m6a/pub_01/s06/sparrkulee_v3.1/raw/derivatives/preprocessed_eeg/sub-021/ses-shortstories01/sub-021_ses-shortstories01_task-listeningActive_run-02_desc-preproc-audio-audiobook_1_2_shifted_eeg.npy,"(64, 26944)",float64,26944,64,0,0,EEG,sub-021_ses-shortstories01_task-listeningActive_run-02_eeg.bdf.gz,audiobook_1_2_shifted,/home/fanyu/auditory_simulation_m6a/pub_01/s06/sparrkulee_v3.1/raw/derivatives/preprocessed_stimuli/audiobook_1_2_shifted_envelope.npy,26796,148,64_PUBLISHER_PIPELINE_NOT_PER_FILE_VERIFIED,UNKNOWN_NPY_HAS_NO_NAMES,UNKNOWN_NPY_HAS_NO_UNITS,HOLD,PAIR_LENGTH_MISMATCH,ALL_SAMPLES
/home/fanyu/auditory_simulation_m6a/pub_01/s06/sparrkulee_v3.1/raw/derivatives/preprocessed_eeg/sub-021/ses-shortstories01/sub-021_ses-shortstories01_task-listeningActive_run-03_desc-preproc-audio-audiobook_4_eeg.npy,"(64, 52224)",float64,52224,64,0,0,EEG,sub-021_ses-shortstories01_task-listeningActive_run-03_eeg.bdf.gz,audiobook_4,/home/fanyu/auditory_simulation_m6a/pub_01/s06/sparrkulee_v3.1/raw/derivatives/preprocessed_stimuli/audiobook_4_envelope.npy,52060,164,64_PUBLISHER_PIPELINE_NOT_PER_FILE_VERIFIED,UNKNOWN_NPY_HAS_NO_NAMES,UNKNOWN_NPY_HAS_NO_UNITS,HOLD,PAIR_LENGTH_MISMATCH,ALL_SAMPLES
/home/fanyu/auditory_simulation_m6a/pub_01/s06/sparrkulee_v3.1/raw/derivatives/preprocessed_eeg/sub-021/ses-shortstories01/sub-021_ses-shortstories01_task-listeningActive_run-09_desc-preproc-audio-audiobook_2_1_eeg.npy,"(64, 50752)",float64,50752,64,0,0,EEG,sub-021_ses-shortstories01_task-listeningActive_run-09_eeg.bdf.gz,audiobook_2_1,/home/fanyu/auditory_simulation_m6a/pub_01/s06/sparrkulee_v3.1/raw/derivatives/preprocessed_stimuli/audiobook_2_1_envelope.npy,50619,133,64_PUBLISHER_PIPELINE_NOT_PER_FILE_VERIFIED,UNKNOWN_NPY_HAS_NO_NAMES,UNKNOWN_NPY_HAS_NO_UNITS,HOLD,PAIR_LENGTH_MISMATCH,ALL_SAMPLES
/home/fanyu/auditory_simulation_m6a/pub_01/s06/sparrkulee_v3.1/raw/derivatives/preprocessed_eeg/sub-021/ses-shortstories01/sub-021_ses-shortstories01_task-listeningActive_run-10_desc-preproc-audio-audiobook_2_2_eeg.npy,"(64, 50752)",float64,50752,64,0,0,EEG,sub-021_ses-shortstories01_task-listeningActive_run-10_eeg.bdf.gz,audiobook_2_2,/home/fanyu/auditory_simulation_m6a/pub_01/s06/sparrkulee_v3.1/raw/derivatives/preprocessed_stimuli/audiobook_2_2_envelope.npy,48747,2005,64_PUBLISHER_PIPELINE_NOT_PER_FILE_VERIFIED,UNKNOWN_NPY_HAS_NO_NAMES,UNKNOWN_NPY_HAS_NO_UNITS,HOLD,PAIR_LENGTH_MISMATCH,ALL_SAMPLES
/home/fanyu/auditory_simulation_m6a/pub_01/s06/sparrkulee_v3.1/raw/derivatives/preprocessed_eeg/sub-022/ses-shortstories01/sub-022_ses-shortstories01_task-listeningActive_run-01_desc-preproc-audio-audiobook_1_1_eeg.npy,"(64, 29440)",float64,29440,64,0,0,EEG,sub-022_ses-shortstories01_task-listeningActive_run-01_eeg.bdf.gz,audiobook_1_1,/home/fanyu/auditory_simulation_m6a/pub_01/s06/sparrkulee_v3.1/raw/derivatives/preprocessed_stimuli/audiobook_1_1_envelope.npy,29275,165,64_PUBLISHER_PIPELINE_NOT_PER_FILE_VERIFIED,UNKNOWN_NPY_HAS_NO_NAMES,UNKNOWN_NPY_HAS_NO_UNITS,HOLD,PAIR_LENGTH_MISMATCH,ALL_SAMPLES
/home/fanyu/auditory_simulation_m6a/pub_01/s06/sparrkulee_v3.1/raw/derivatives/preprocessed_eeg/sub-022/ses-shortstories01/sub-022_ses-shortstories01_task-listeningActive_run-02_desc-preproc-audio-audiobook_1_2_shifted_eeg.npy,"(64, 26944)",float64,26944,64,0,0,EEG,sub-022_ses-shortstories01_task-listeningActive_run-02_eeg.bdf.gz,audiobook_1_2_shifted,/home/fanyu/auditory_simulation_m6a/pub_01/s06/sparrkulee_v3.1/raw/derivatives/preprocessed_stimuli/audiobook_1_2_shifted_envelope.npy,26796,148,64_PUBLISHER_PIPELINE_NOT_PER_FILE_VERIFIED,UNKNOWN_NPY_HAS_NO_NAMES,UNKNOWN_NPY_HAS_NO_UNITS,HOLD,PAIR_LENGTH_MISMATCH,ALL_SAMPLES
/home/fanyu/auditory_simulation_m6a/pub_01/s06/sparrkulee_v3.1/raw/derivatives/preprocessed_eeg/sub-022/ses-shortstories01/sub-022_ses-shortstories01_task-listeningActive_run-03_desc-preproc-audio-audiobook_2_1_eeg.npy,"(64, 50752)",float64,50752,64,0,0,EEG,sub-022_ses-shortstories01_task-listeningActive_run-03_eeg.bdf.gz,audiobook_2_1,/home/fanyu/auditory_simulation_m6a/pub_01/s06/sparrkulee_v3.1/raw/derivatives/preprocessed_stimuli/audiobook_2_1_envelope.npy,50619,133,64_PUBLISHER_PIPELINE_NOT_PER_FILE_VERIFIED,UNKNOWN_NPY_HAS_NO_NAMES,UNKNOWN_NPY_HAS_NO_UNITS,HOLD,PAIR_LENGTH_MISMATCH,ALL_SAMPLES
/home/fanyu/auditory_simulation_m6a/pub_01/s06/sparrkulee_v3.1/raw/derivatives/preprocessed_eeg/sub-022/ses-shortstories01/sub-022_ses-shortstories01_task-listeningActive_run-04_desc-preproc-audio-audiobook_2_2_eeg.npy,"(64, 50752)",float64,50752,64,0,0,EEG,sub-022_ses-shortstories01_task-listeningActive_run-04_eeg.bdf.gz,audiobook_2_2,/home/fanyu/auditory_simulation_m6a/pub_01/s06/sparrkulee_v3.1/raw/derivatives/preprocessed_stimuli/audiobook_2_2_envelope.npy,48747,2005,64_PUBLISHER_PIPELINE_NOT_PER_FILE_VERIFIED,UNKNOWN_NPY_HAS_NO_NAMES,UNKNOWN_NPY_HAS_NO_UNITS,HOLD,PAIR_LENGTH_MISMATCH,ALL_SAMPLES
/home/fanyu/auditory_simulation_m6a/pub_01/s06/sparrkulee_v3.1/raw/derivatives/preprocessed_eeg/sub-022/ses-shortstories01/sub-022_ses-shortstories01_task-listeningActive_run-05_desc-preproc-audio-audiobook_4_eeg.npy,"(64, 52224)",float64,52224,64,0,0,EEG,sub-022_ses-shortstories01_task-listeningActive_run-05_eeg.bdf.gz,audiobook_4,/home/fanyu/auditory_simulation_m6a/pub_01/s06/sparrkulee_v3.1/raw/derivatives/preprocessed_stimuli/audiobook_4_envelope.npy,52060,164,64_PUBLISHER_PIPELINE_NOT_PER_FILE_VERIFIED,UNKNOWN_NPY_HAS_NO_NAMES,UNKNOWN_NPY_HAS_NO_UNITS,HOLD,PAIR_LENGTH_MISMATCH,ALL_SAMPLES
/home/fanyu/auditory_simulation_m6a/pub_01/s06/sparrkulee_v3.1/raw/derivatives/preprocessed_eeg/sub-023/ses-shortstories01/sub-023_ses-shortstories01_task-listeningActive_run-03_desc-preproc-audio-audiobook_4_eeg.npy,"(64, 52224)",float64,52224,64,0,0,EEG,sub-023_ses-shortstories01_task-listeningActive_run-03_eeg.bdf.gz,audiobook_4,/home/fanyu/auditory_simulation_m6a/pub_01/s06/sparrkulee_v3.1/raw/derivatives/preprocessed_stimuli/audiobook_4_envelope.npy,52060,164,64_PUBLISHER_PIPELINE_NOT_PER_FILE_VERIFIED,UNKNOWN_NPY_HAS_NO_NAMES,UNKNOWN_NPY_HAS_NO_UNITS,HOLD,PAIR_LENGTH_MISMATCH,ALL_SAMPLES
/home/fanyu/auditory_simulation_m6a/pub_01/s06/sparrkulee_v3.1/raw/derivatives/preprocessed_eeg/sub-023/ses-shortstories01/sub-023_ses-shortstories01_task-listeningActive_run-04_desc-preproc-audio-audiobook_1_1_shifted_eeg.npy,"(64, 29440)",float64,29440,64,0,0,EEG,sub-023_ses-shortstories01_task-listeningActive_run-04_eeg.bdf.gz,audiobook_1_1_shifted,/home/fanyu/auditory_simulation_m6a/pub_01/s06/sparrkulee_v3.1/raw/derivatives/preprocessed_stimuli/audiobook_1_1_shifted_envelope.npy,29275,165,64_PUBLISHER_PIPELINE_NOT_PER_FILE_VERIFIED,UNKNOWN_NPY_HAS_NO_NAMES,UNKNOWN_NPY_HAS_NO_UNITS,HOLD,PAIR_LENGTH_MISMATCH,ALL_SAMPLES
/home/fanyu/auditory_simulation_m6a/pub_01/s06/sparrkulee_v3.1/raw/derivatives/preprocessed_eeg/sub-023/ses-shortstories01/sub-023_ses-shortstories01_task-listeningActive_run-05_desc-preproc-audio-audiobook_1_2_eeg.npy,"(64, 26944)",float64,26944,64,0,0,EEG,sub-023_ses-shortstories01_task-listeningActive_run-05_eeg.bdf.gz,audiobook_1_2,/home/fanyu/auditory_simulation_m6a/pub_01/s06/sparrkulee_v3.1/raw/derivatives/preprocessed_stimuli/audiobook_1_2_envelope.npy,26796,148,64_PUBLISHER_PIPELINE_NOT_PER_FILE_VERIFIED,UNKNOWN_NPY_HAS_NO_NAMES,UNKNOWN_NPY_HAS_NO_UNITS,HOLD,PAIR_LENGTH_MISMATCH,ALL_SAMPLES
/home/fanyu/auditory_simulation_m6a/pub_01/s06/sparrkulee_v3.1/raw/derivatives/preprocessed_eeg/sub-023/ses-shortstories01/sub-023_ses-shortstories01_task-listeningActive_run-09_desc-preproc-audio-audiobook_2_1_eeg.npy,"(64, 50752)",float64,50752,64,0,0,EEG,sub-023_ses-shortstories01_task-listeningActive_run-09_eeg.bdf.gz,audiobook_2_1,/home/fanyu/auditory_simulation_m6a/pub_01/s06/sparrkulee_v3.1/raw/derivatives/preprocessed_stimuli/audiobook_2_1_envelope.npy,50619,133,64_PUBLISHER_PIPELINE_NOT_PER_FILE_VERIFIED,UNKNOWN_NPY_HAS_NO_NAMES,UNKNOWN_NPY_HAS_NO_UNITS,HOLD,PAIR_LENGTH_MISMATCH,ALL_SAMPLES
/home/fanyu/auditory_simulation_m6a/pub_01/s06/sparrkulee_v3.1/raw/derivatives/preprocessed_eeg/sub-023/ses-shortstories01/sub-023_ses-shortstories01_task-listeningActive_run-10_desc-preproc-audio-audiobook_2_2_eeg.npy,"(64, 50752)",float64,50752,64,0,0,EEG,sub-023_ses-shortstories01_task-listeningActive_run-10_eeg.bdf.gz,audiobook_2_2,/home/fanyu/auditory_simulation_m6a/pub_01/s06/sparrkulee_v3.1/raw/derivatives/preprocessed_stimuli/audiobook_2_2_envelope.npy,48747,2005,64_PUBLISHER_PIPELINE_NOT_PER_FILE_VERIFIED,UNKNOWN_NPY_HAS_NO_NAMES,UNKNOWN_NPY_HAS_NO_UNITS,HOLD,PAIR_LENGTH_MISMATCH,ALL_SAMPLES
/home/fanyu/auditory_simulation_m6a/pub_01/s06/sparrkulee_v3.1/raw/derivatives/preprocessed_eeg/sub-024/ses-shortstories01/sub-024_ses-shortstories01_task-listeningActive_run-06_desc-preproc-audio-audiobook_2_1_eeg.npy,"(64, 50752)",float64,50752,64,0,0,EEG,sub-024_ses-shortstories01_task-listeningActive_run-06_eeg.bdf.gz,audiobook_2_1,/home/fanyu/auditory_simulation_m6a/pub_01/s06/sparrkulee_v3.1/raw/derivatives/preprocessed_stimuli/audiobook_2_1_envelope.npy,50619,133,64_PUBLISHER_PIPELINE_NOT_PER_FILE_VERIFIED,UNKNOWN_NPY_HAS_NO_NAMES,UNKNOWN_NPY_HAS_NO_UNITS,HOLD,PAIR_LENGTH_MISMATCH,ALL_SAMPLES
/home/fanyu/auditory_simulation_m6a/pub_01/s06/sparrkulee_v3.1/raw/derivatives/preprocessed_eeg/sub-024/ses-shortstories01/sub-024_ses-shortstories01_task-listeningActive_run-07_desc-preproc-audio-audiobook_2_2_eeg.npy,"(64, 50752)",float64,50752,64,0,0,EEG,sub-024_ses-shortstories01_task-listeningActive_run-07_eeg.bdf.gz,audiobook_2_2,/home/fanyu/auditory_simulation_m6a/pub_01/s06/sparrkulee_v3.1/raw/derivatives/preprocessed_stimuli/audiobook_2_2_envelope.npy,48747,2005,64_PUBLISHER_PIPELINE_NOT_PER_FILE_VERIFIED,UNKNOWN_NPY_HAS_NO_NAMES,UNKNOWN_NPY_HAS_NO_UNITS,HOLD,PAIR_LENGTH_MISMATCH,ALL_SAMPLES
/home/fanyu/auditory_simulation_m6a/pub_01/s06/sparrkulee_v3.1/raw/derivatives/preprocessed_eeg/sub-025/ses-shortstories01/sub-025_ses-shortstories01_task-listeningActive_run-05_desc-preproc-audio-audiobook_2_1_eeg.npy,"(64, 50752)",float64,50752,64,0,0,EEG,sub-025_ses-shortstories01_task-listeningActive_run-05_eeg.bdf.gz,audiobook_2_1,/home/fanyu/auditory_simulation_m6a/pub_01/s06/sparrkulee_v3.1/raw/derivatives/preprocessed_stimuli/audiobook_2_1_envelope.npy,50619,133,64_PUBLISHER_PIPELINE_NOT_PER_FILE_VERIFIED,UNKNOWN_NPY_HAS_NO_NAMES,UNKNOWN_NPY_HAS_NO_UNITS,HOLD,PAIR_LENGTH_MISMATCH,ALL_SAMPLES
/home/fanyu/auditory_simulation_m6a/pub_01/s06/sparrkulee_v3.1/raw/derivatives/preprocessed_eeg/sub-025/ses-shortstories01/sub-025_ses-shortstories01_task-listeningActive_run-06_desc-preproc-audio-audiobook_2_2_eeg.npy,"(64, 50752)",float64,50752,64,0,0,EEG,sub-025_ses-shortstories01_task-listeningActive_run-06_eeg.bdf.gz,audiobook_2_2,/home/fanyu/auditory_simulation_m6a/pub_01/s06/sparrkulee_v3.1/raw/derivatives/preprocessed_stimuli/audiobook_2_2_envelope.npy,48747,2005,64_PUBLISHER_PIPELINE_NOT_PER_FILE_VERIFIED,UNKNOWN_NPY_HAS_NO_NAMES,UNKNOWN_NPY_HAS_NO_UNITS,HOLD,PAIR_LENGTH_MISMATCH,ALL_SAMPLES
/home/fanyu/auditory_simulation_m6a/pub_01/s06/sparrkulee_v3.1/raw/derivatives/preprocessed_eeg/sub-026/ses-shortstories01/sub-026_ses-shortstories01_task-listeningActive_run-01_desc-preproc-audio-audiobook_4_eeg.npy,"(64, 52224)",float64,52224,64,0,0,EEG,sub-026_ses-shortstories01_task-listeningActive_run-01_eeg.bdf.gz,audiobook_4,/home/fanyu/auditory_simulation_m6a/pub_01/s06/sparrkulee_v3.1/raw/derivatives/preprocessed_stimuli/audiobook_4_envelope.npy,52060,164,64_PUBLISHER_PIPELINE_NOT_PER_FILE_VERIFIED,UNKNOWN_NPY_HAS_NO_NAMES,UNKNOWN_NPY_HAS_NO_UNITS,HOLD,PAIR_LENGTH_MISMATCH,ALL_SAMPLES
/home/fanyu/auditory_simulation_m6a/pub_01/s06/sparrkulee_v3.1/raw/derivatives/preprocessed_eeg/sub-026/ses-shortstories01/sub-026_ses-shortstories01_task-listeningActive_run-06_desc-preproc-audio-audiobook_2_1_eeg.npy,"(64, 50752)",float64,50752,64,0,0,EEG,sub-026_ses-shortstories01_task-listeningActive_run-06_eeg.bdf.gz,audiobook_2_1,/home/fanyu/auditory_simulation_m6a/pub_01/s06/sparrkulee_v3.1/raw/derivatives/preprocessed_stimuli/audiobook_2_1_envelope.npy,50619,133,64_PUBLISHER_PIPELINE_NOT_PER_FILE_VERIFIED,UNKNOWN_NPY_HAS_NO_NAMES,UNKNOWN_NPY_HAS_NO_UNITS,HOLD,PAIR_LENGTH_MISMATCH,ALL_SAMPLES
/home/fanyu/auditory_simulation_m6a/pub_01/s06/sparrkulee_v3.1/raw/derivatives/preprocessed_eeg/sub-026/ses-shortstories01/sub-026_ses-shortstories01_task-listeningActive_run-07_desc-preproc-audio-audiobook_2_2_eeg.npy,"(64, 50752)",float64,50752,64,0,0,EEG,sub-026_ses-shortstories01_task-listeningActive_run-07_eeg.bdf.gz,audiobook_2_2,/home/fanyu/auditory_simulation_m6a/pub_01/s06/sparrkulee_v3.1/raw/derivatives/preprocessed_stimuli/audiobook_2_2_envelope.npy,48747,2005,64_PUBLISHER_PIPELINE_NOT_PER_FILE_VERIFIED,UNKNOWN_NPY_HAS_NO_NAMES,UNKNOWN_NPY_HAS_NO_UNITS,HOLD,PAIR_LENGTH_MISMATCH,ALL_SAMPLES
/home/fanyu/auditory_simulation_m6a/pub_01/s06/sparrkulee_v3.1/raw/derivatives/preprocessed_eeg/sub-027/ses-varyingStories01/sub-027_ses-varyingStories01_task-listeningActive_run-04_desc-preproc-audio-audiobook_7_1_eeg.npy,"(64, 15872)",float64,15872,64,0,0,EEG,sub-027_ses-varyingStories01_task-listeningActive_run-04_eeg.bdf.gz,audiobook_7_1,/home/fanyu/auditory_simulation_m6a/pub_01/s06/sparrkulee_v3.1/raw/derivatives/preprocessed_stimuli/audiobook_7_1_envelope.npy,15727,145,64_PUBLISHER_PIPELINE_NOT_PER_FILE_VERIFIED,UNKNOWN_NPY_HAS_NO_NAMES,UNKNOWN_NPY_HAS_NO_UNITS,HOLD,PAIR_LENGTH_MISMATCH,ALL_SAMPLES
/home/fanyu/auditory_simulation_m6a/pub_01/s06/sparrkulee_v3.1/raw/derivatives/preprocessed_eeg/sub-027/ses-varyingStories01/sub-027_ses-varyingStories01_task-listeningActive_run-05_desc-preproc-audio-audiobook_7_2_eeg.npy,"(64, 15616)",float64,15616,64,0,0,EEG,sub-027_ses-varyingStories01_task-listeningActive_run-05_eeg.bdf.gz,audiobook_7_2,/home/fanyu/auditory_simulation_m6a/pub_01/s06/sparrkulee_v3.1/raw/derivatives/preprocessed_stimuli/audiobook_7_2_envelope.npy,15480,136,64_PUBLISHER_PIPELINE_NOT_PER_FILE_VERIFIED,UNKNOWN_NPY_HAS_NO_NAMES,UNKNOWN_NPY_HAS_NO_UNITS,HOLD,PAIR_LENGTH_MISMATCH,ALL_SAMPLES
/home/fanyu/auditory_simulation_m6a/pub_01/s06/sparrkulee_v3.1/raw/derivatives/preprocessed_eeg/sub-027/ses-varyingStories01/sub-027_ses-varyingStories01_task-listeningActive_run-06_desc-preproc-audio-audiobook_7_3_eeg.npy,"(64, 15232)",float64,15232,64,0,0,EEG,sub-027_ses-varyingStories01_task-listeningActive_run-06_eeg.bdf.gz,audiobook_7_3,/home/fanyu/auditory_simulation_m6a/pub_01/s06/sparrkulee_v3.1/raw/derivatives/preprocessed_stimuli/audiobook_7_3_envelope.npy,15072,160,64_PUBLISHER_PIPELINE_NOT_PER_FILE_VERIFIED,UNKNOWN_NPY_HAS_NO_NAMES,UNKNOWN_NPY_HAS_NO_UNITS,HOLD,PAIR_LENGTH_MISMATCH,ALL_SAMPLES
/home/fanyu/auditory_simulation_m6a/pub_01/s06/sparrkulee_v3.1/raw/derivatives/preprocessed_eeg/sub-027/ses-varyingStories01/sub-027_ses-varyingStories01_task-listeningActive_run-07_desc-preproc-audio-audiobook_7_4_eeg.npy,"(64, 21056)",float64,21056,64,0,0,EEG,sub-027_ses-varyingStories01_task-listeningActive_run-07_eeg.bdf.gz,audiobook_7_4,/home/fanyu/auditory_simulation_m6a/pub_01/s06/sparrkulee_v3.1/raw/derivatives/preprocessed_stimuli/audiobook_7_4_envelope.npy,20897,159,64_PUBLISHER_PIPELINE_NOT_PER_FILE_VERIFIED,UNKNOWN_NPY_HAS_NO_NAMES,UNKNOWN_NPY_HAS_NO_UNITS,HOLD,PAIR_LENGTH_MISMATCH,ALL_SAMPLES
/home/fanyu/auditory_simulation_m6a/pub_01/s06/sparrkulee_v3.1/raw/derivatives/preprocessed_eeg/sub-027/ses-varyingStories01/sub-027_ses-varyingStories01_task-listeningActive_run-08_desc-preproc-audio-audiobook_7_5_eeg.npy,"(64, 7808)",float64,7808,64,0,0,EEG,sub-027_ses-varyingStories01_task-listeningActive_run-08_eeg.bdf.gz,audiobook_7_5,/home/fanyu/auditory_simulation_m6a/pub_01/s06/sparrkulee_v3.1/raw/derivatives/preprocessed_stimuli/audiobook_7_5_envelope.npy,7642,166,64_PUBLISHER_PIPELINE_NOT_PER_FILE_VERIFIED,UNKNOWN_NPY_HAS_NO_NAMES,UNKNOWN_NPY_HAS_NO_UNITS,HOLD,PAIR_LENGTH_MISMATCH,ALL_SAMPLES
/home/fanyu/auditory_simulation_m6a/pub_01/s06/sparrkulee_v3.1/raw/derivatives/preprocessed_eeg/sub-027/ses-varyingStories01/sub-027_ses-varyingStories01_task-listeningActive_run-09_desc-preproc-audio-audiobook_7_6_eeg.npy,"(64, 7936)",float64,7936,64,0,0,EEG,sub-027_ses-varyingStories01_task-listeningActive_run-09_eeg.bdf.gz,audiobook_7_6,/home/fanyu/auditory_simulation_m6a/pub_01/s06/sparrkulee_v3.1/raw/derivatives/preprocessed_stimuli/audiobook_7_6_envelope.npy,7746,190,64_PUBLISHER_PIPELINE_NOT_PER_FILE_VERIFIED,UNKNOWN_NPY_HAS_NO_NAMES,UNKNOWN_NPY_HAS_NO_UNITS,HOLD,PAIR_LENGTH_MISMATCH,ALL_SAMPLES
/home/fanyu/auditory_simulation_m6a/pub_01/s06/sparrkulee_v3.1/raw/derivatives/preprocessed_eeg/sub-027/ses-varyingStories01/sub-027_ses-varyingStories01_task-listeningActive_run-13_desc-preproc-audio-podcast_3_eeg.npy,"(64, 46720)",float64,46720,64,0,0,EEG,sub-027_ses-varyingStories01_task-listeningActive_run-13_eeg.bdf.gz,podcast_3,/home/fanyu/auditory_simulation_m6a/pub_01/s06/sparrkulee_v3.1/raw/derivatives/preprocessed_stimuli/podcast_3_envelope.npy,46544,176,64_PUBLISHER_PIPELINE_NOT_PER_FILE_VERIFIED,UNKNOWN_NPY_HAS_NO_NAMES,UNKNOWN_NPY_HAS_NO_UNITS,HOLD,PAIR_LENGTH_MISMATCH,ALL_SAMPLES
/home/fanyu/auditory_simulation_m6a/pub_01/s06/sparrkulee_v3.1/raw/derivatives/preprocessed_eeg/sub-028/ses-varyingStories01/sub-028_ses-varyingStories01_task-listeningActive_run-04_desc-preproc-audio-audiobook_7_1_eeg.npy,"(64, 15872)",float64,15872,64,0,0,EEG,sub-028_ses-varyingStories01_task-listeningActive_run-04_eeg.bdf.gz,audiobook_7_1,/home/fanyu/auditory_simulation_m6a/pub_01/s06/sparrkulee_v3.1/raw/derivatives/preprocessed_stimuli/audiobook_7_1_envelope.npy,15727,145,64_PUBLISHER_PIPELINE_NOT_PER_FILE_VERIFIED,UNKNOWN_NPY_HAS_NO_NAMES,UNKNOWN_NPY_HAS_NO_UNITS,HOLD,PAIR_LENGTH_MISMATCH,ALL_SAMPLES
/home/fanyu/auditory_simulation_m6a/pub_01/s06/sparrkulee_v3.1/raw/derivatives/preprocessed_eeg/sub-028/ses-varyingStories01/sub-028_ses-varyingStories01_task-listeningActive_run-05_desc-preproc-audio-audiobook_7_2_eeg.npy,"(64, 15616)",float64,15616,64,0,0,EEG,sub-028_ses-varyingStories01_task-listeningActive_run-05_eeg.bdf.gz,audiobook_7_2,/home/fanyu/auditory_simulation_m6a/pub_01/s06/sparrkulee_v3.1/raw/derivatives/preprocessed_stimuli/audiobook_7_2_envelope.npy,15480,136,64_PUBLISHER_PIPELINE_NOT_PER_FILE_VERIFIED,UNKNOWN_NPY_HAS_NO_NAMES,UNKNOWN_NPY_HAS_NO_UNITS,HOLD,PAIR_LENGTH_MISMATCH,ALL_SAMPLES
/home/fanyu/auditory_simulation_m6a/pub_01/s06/sparrkulee_v3.1/raw/derivatives/preprocessed_eeg/sub-028/ses-varyingStories01/sub-028_ses-varyingStories01_task-listeningActive_run-06_desc-preproc-audio-audiobook_7_3_eeg.npy,"(64, 15232)",float64,15232,64,0,0,EEG,sub-028_ses-varyingStories01_task-listeningActive_run-06_eeg.bdf.gz,audiobook_7_3,/home/fanyu/auditory_simulation_m6a/pub_01/s06/sparrkulee_v3.1/raw/derivatives/preprocessed_stimuli/audiobook_7_3_envelope.npy,15072,160,64_PUBLISHER_PIPELINE_NOT_PER_FILE_VERIFIED,UNKNOWN_NPY_HAS_NO_NAMES,UNKNOWN_NPY_HAS_NO_UNITS,HOLD,PAIR_LENGTH_MISMATCH,ALL_SAMPLES
/home/fanyu/auditory_simulation_m6a/pub_01/s06/sparrkulee_v3.1/raw/derivatives/preprocessed_eeg/sub-028/ses-varyingStories01/sub-028_ses-varyingStories01_task-listeningActive_run-07_desc-preproc-audio-audiobook_7_4_eeg.npy,"(64, 21056)",float64,21056,64,0,0,EEG,sub-028_ses-varyingStories01_task-listeningActive_run-07_eeg.bdf.gz,audiobook_7_4,/home/fanyu/auditory_simulation_m6a/pub_01/s06/sparrkulee_v3.1/raw/derivatives/preprocessed_stimuli/audiobook_7_4_envelope.npy,20897,159,64_PUBLISHER_PIPELINE_NOT_PER_FILE_VERIFIED,UNKNOWN_NPY_HAS_NO_NAMES,UNKNOWN_NPY_HAS_NO_UNITS,HOLD,PAIR_LENGTH_MISMATCH,ALL_SAMPLES
/home/fanyu/auditory_simulation_m6a/pub_01/s06/sparrkulee_v3.1/raw/derivatives/preprocessed_eeg/sub-028/ses-varyingStories01/sub-028_ses-varyingStories01_task-listeningActive_run-08_desc-preproc-audio-audiobook_7_5_eeg.npy,"(64, 7808)",float64,7808,64,0,0,EEG,sub-028_ses-varyingStories01_task-listeningActive_run-08_eeg.bdf.gz,audiobook_7_5,/home/fanyu/auditory_simulation_m6a/pub_01/s06/sparrkulee_v3.1/raw/derivatives/preprocessed_stimuli/audiobook_7_5_envelope.npy,7642,166,64_PUBLISHER_PIPELINE_NOT_PER_FILE_VERIFIED,UNKNOWN_NPY_HAS_NO_NAMES,UNKNOWN_NPY_HAS_NO_UNITS,HOLD,PAIR_LENGTH_MISMATCH,ALL_SAMPLES
/home/fanyu/auditory_simulation_m6a/pub_01/s06/sparrkulee_v3.1/raw/derivatives/preprocessed_eeg/sub-028/ses-varyingStories01/sub-028_ses-varyingStories01_task-listeningActive_run-09_desc-preproc-audio-audiobook_7_6_eeg.npy,"(64, 7936)",float64,7936,64,0,0,EEG,sub-028_ses-varyingStories01_task-listeningActive_run-09_eeg.bdf.gz,audiobook_7_6,/home/fanyu/auditory_simulation_m6a/pub_01/s06/sparrkulee_v3.1/raw/derivatives/preprocessed_stimuli/audiobook_7_6_envelope.npy,7746,190,64_PUBLISHER_PIPELINE_NOT_PER_FILE_VERIFIED,UNKNOWN_NPY_HAS_NO_NAMES,UNKNOWN_NPY_HAS_NO_UNITS,HOLD,PAIR_LENGTH_MISMATCH,ALL_SAMPLES
/home/fanyu/auditory_simulation_m6a/pub_01/s06/sparrkulee_v3.1/raw/derivatives/preprocessed_eeg/sub-028/ses-varyingStories01/sub-028_ses-varyingStories01_task-listeningActive_run-11_desc-preproc-audio-podcast_3_eeg.npy,"(64, 46720)",float64,46720,64,0,0,EEG,sub-028_ses-varyingStories01_task-listeningActive_run-11_eeg.bdf.gz,podcast_3,/home/fanyu/auditory_simulation_m6a/pub_01/s06/sparrkulee_v3.1/raw/derivatives/preprocessed_stimuli/podcast_3_envelope.npy,46544,176,64_PUBLISHER_PIPELINE_NOT_PER_FILE_VERIFIED,UNKNOWN_NPY_HAS_NO_NAMES,UNKNOWN_NPY_HAS_NO_UNITS,HOLD,PAIR_LENGTH_MISMATCH,ALL_SAMPLES
/home/fanyu/auditory_simulation_m6a/pub_01/s06/sparrkulee_v3.1/raw/derivatives/preprocessed_eeg/sub-029/ses-varyingStories01/sub-029_ses-varyingStories01_task-listeningActive_run-01_desc-preproc-audio-podcast_3_eeg.npy,"(64, 46720)",float64,46720,64,0,0,EEG,sub-029_ses-varyingStories01_task-listeningActive_run-01_eeg.bdf.gz,podcast_3,/home/fanyu/auditory_simulation_m6a/pub_01/s06/sparrkulee_v3.1/raw/derivatives/preprocessed_stimuli/podcast_3_envelope.npy,46544,176,64_PUBLISHER_PIPELINE_NOT_PER_FILE_VERIFIED,UNKNOWN_NPY_HAS_NO_NAMES,UNKNOWN_NPY_HAS_NO_UNITS,HOLD,PAIR_LENGTH_MISMATCH,ALL_SAMPLES
/home/fanyu/auditory_simulation_m6a/pub_01/s06/sparrkulee_v3.1/raw/derivatives/preprocessed_eeg/sub-029/ses-varyingStories01/sub-029_ses-varyingStories01_task-listeningActive_run-08_desc-preproc-audio-audiobook_7_1_eeg.npy,"(64, 15872)",float64,15872,64,0,0,EEG,sub-029_ses-varyingStories01_task-listeningActive_run-08_eeg.bdf.gz,audiobook_7_1,/home/fanyu/auditory_simulation_m6a/pub_01/s06/sparrkulee_v3.1/raw/derivatives/preprocessed_stimuli/audiobook_7_1_envelope.npy,15727,145,64_PUBLISHER_PIPELINE_NOT_PER_FILE_VERIFIED,UNKNOWN_NPY_HAS_NO_NAMES,UNKNOWN_NPY_HAS_NO_UNITS,HOLD,PAIR_LENGTH_MISMATCH,ALL_SAMPLES
/home/fanyu/auditory_simulation_m6a/pub_01/s06/sparrkulee_v3.1/raw/derivatives/preprocessed_eeg/sub-029/ses-varyingStories01/sub-029_ses-varyingStories01_task-listeningActive_run-09_desc-preproc-audio-audiobook_7_2_eeg.npy,"(64, 15616)",float64,15616,64,0,0,EEG,sub-029_ses-varyingStories01_task-listeningActive_run-09_eeg.bdf.gz,audiobook_7_2,/home/fanyu/auditory_simulation_m6a/pub_01/s06/sparrkulee_v3.1/raw/derivatives/preprocessed_stimuli/audiobook_7_2_envelope.npy,15480,136,64_PUBLISHER_PIPELINE_NOT_PER_FILE_VERIFIED,UNKNOWN_NPY_HAS_NO_NAMES,UNKNOWN_NPY_HAS_NO_UNITS,HOLD,PAIR_LENGTH_MISMATCH,ALL_SAMPLES
/home/fanyu/auditory_simulation_m6a/pub_01/s06/sparrkulee_v3.1/raw/derivatives/preprocessed_eeg/sub-029/ses-varyingStories01/sub-029_ses-varyingStories01_task-listeningActive_run-10_desc-preproc-audio-audiobook_7_3_eeg.npy,"(64, 15232)",float64,15232,64,0,0,EEG,sub-029_ses-varyingStories01_task-listeningActive_run-10_eeg.bdf.gz,audiobook_7_3,/home/fanyu/auditory_simulation_m6a/pub_01/s06/sparrkulee_v3.1/raw/derivatives/preprocessed_stimuli/audiobook_7_3_envelope.npy,15072,160,64_PUBLISHER_PIPELINE_NOT_PER_FILE_VERIFIED,UNKNOWN_NPY_HAS_NO_NAMES,UNKNOWN_NPY_HAS_NO_UNITS,HOLD,PAIR_LENGTH_MISMATCH,ALL_SAMPLES
/home/fanyu/auditory_simulation_m6a/pub_01/s06/sparrkulee_v3.1/raw/derivatives/preprocessed_eeg/sub-029/ses-varyingStories01/sub-029_ses-varyingStories01_task-listeningActive_run-11_desc-preproc-audio-audiobook_7_4_eeg.npy,"(64, 21056)",float64,21056,64,0,0,EEG,sub-029_ses-varyingStories01_task-listeningActive_run-11_eeg.bdf.gz,audiobook_7_4,/home/fanyu/auditory_simulation_m6a/pub_01/s06/sparrkulee_v3.1/raw/derivatives/preprocessed_stimuli/audiobook_7_4_envelope.npy,20897,159,64_PUBLISHER_PIPELINE_NOT_PER_FILE_VERIFIED,UNKNOWN_NPY_HAS_NO_NAMES,UNKNOWN_NPY_HAS_NO_UNITS,HOLD,PAIR_LENGTH_MISMATCH,ALL_SAMPLES
/home/fanyu/auditory_simulation_m6a/pub_01/s06/sparrkulee_v3.1/raw/derivatives/preprocessed_eeg/sub-029/ses-varyingStories01/sub-029_ses-varyingStories01_task-listeningActive_run-12_desc-preproc-audio-audiobook_7_5_eeg.npy,"(64, 7808)",float64,7808,64,0,0,EEG,sub-029_ses-varyingStories01_task-listeningActive_run-12_eeg.bdf.gz,audiobook_7_5,/home/fanyu/auditory_simulation_m6a/pub_01/s06/sparrkulee_v3.1/raw/derivatives/preprocessed_stimuli/audiobook_7_5_envelope.npy,7642,166,64_PUBLISHER_PIPELINE_NOT_PER_FILE_VERIFIED,UNKNOWN_NPY_HAS_NO_NAMES,UNKNOWN_NPY_HAS_NO_UNITS,HOLD,PAIR_LENGTH_MISMATCH,ALL_SAMPLES
/home/fanyu/auditory_simulation_m6a/pub_01/s06/sparrkulee_v3.1/raw/derivatives/preprocessed_eeg/sub-029/ses-varyingStories01/sub-029_ses-varyingStories01_task-listeningActive_run-13_desc-preproc-audio-audiobook_7_6_eeg.npy,"(64, 7936)",float64,7936,64,0,0,EEG,sub-029_ses-varyingStories01_task-listeningActive_run-13_eeg.bdf.gz,audiobook_7_6,/home/fanyu/auditory_simulation_m6a/pub_01/s06/sparrkulee_v3.1/raw/derivatives/preprocessed_stimuli/audiobook_7_6_envelope.npy,7746,190,64_PUBLISHER_PIPELINE_NOT_PER_FILE_VERIFIED,UNKNOWN_NPY_HAS_NO_NAMES,UNKNOWN_NPY_HAS_NO_UNITS,HOLD,PAIR_LENGTH_MISMATCH,ALL_SAMPLES
/home/fanyu/auditory_simulation_m6a/pub_01/s06/sparrkulee_v3.1/raw/derivatives/preprocessed_eeg/sub-030/ses-varyingStories01/sub-030_ses-varyingStories01_task-listeningActive_run-03_desc-preproc-audio-audiobook_7_1_eeg.npy,"(64, 15872)",float64,15872,64,0,0,EEG,sub-030_ses-varyingStories01_task-listeningActive_run-03_eeg.bdf.gz,audiobook_7_1,/home/fanyu/auditory_simulation_m6a/pub_01/s06/sparrkulee_v3.1/raw/derivatives/preprocessed_stimuli/audiobook_7_1_envelope.npy,15727,145,64_PUBLISHER_PIPELINE_NOT_PER_FILE_VERIFIED,UNKNOWN_NPY_HAS_NO_NAMES,UNKNOWN_NPY_HAS_NO_UNITS,HOLD,PAIR_LENGTH_MISMATCH,ALL_SAMPLES
/home/fanyu/auditory_simulation_m6a/pub_01/s06/sparrkulee_v3.1/raw/derivatives/preprocessed_eeg/sub-030/ses-varyingStories01/sub-030_ses-varyingStories01_task-listeningActive_run-04_desc-preproc-audio-audiobook_7_2_eeg.npy,"(64, 15616)",float64,15616,64,0,0,EEG,sub-030_ses-varyingStories01_task-listeningActive_run-04_eeg.bdf.gz,audiobook_7_2,/home/fanyu/auditory_simulation_m6a/pub_01/s06/sparrkulee_v3.1/raw/derivatives/preprocessed_stimuli/audiobook_7_2_envelope.npy,15480,136,64_PUBLISHER_PIPELINE_NOT_PER_FILE_VERIFIED,UNKNOWN_NPY_HAS_NO_NAMES,UNKNOWN_NPY_HAS_NO_UNITS,HOLD,PAIR_LENGTH_MISMATCH,ALL_SAMPLES
/home/fanyu/auditory_simulation_m6a/pub_01/s06/sparrkulee_v3.1/raw/derivatives/preprocessed_eeg/sub-030/ses-varyingStories01/sub-030_ses-varyingStories01_task-listeningActive_run-05_desc-preproc-audio-audiobook_7_3_eeg.npy,"(64, 15232)",float64,15232,64,0,0,EEG,sub-030_ses-varyingStories01_task-listeningActive_run-05_eeg.bdf.gz,audiobook_7_3,/home/fanyu/auditory_simulation_m6a/pub_01/s06/sparrkulee_v3.1/raw/derivatives/preprocessed_stimuli/audiobook_7_3_envelope.npy,15072,160,64_PUBLISHER_PIPELINE_NOT_PER_FILE_VERIFIED,UNKNOWN_NPY_HAS_NO_NAMES,UNKNOWN_NPY_HAS_NO_UNITS,HOLD,PAIR_LENGTH_MISMATCH,ALL_SAMPLES
/home/fanyu/auditory_simulation_m6a/pub_01/s06/sparrkulee_v3.1/raw/derivatives/preprocessed_eeg/sub-030/ses-varyingStories01/sub-030_ses-varyingStories01_task-listeningActive_run-06_desc-preproc-audio-audiobook_7_4_eeg.npy,"(64, 21056)",float64,21056,64,0,0,EEG,sub-030_ses-varyingStories01_task-listeningActive_run-06_eeg.bdf.gz,audiobook_7_4,/home/fanyu/auditory_simulation_m6a/pub_01/s06/sparrkulee_v3.1/raw/derivatives/preprocessed_stimuli/audiobook_7_4_envelope.npy,20897,159,64_PUBLISHER_PIPELINE_NOT_PER_FILE_VERIFIED,UNKNOWN_NPY_HAS_NO_NAMES,UNKNOWN_NPY_HAS_NO_UNITS,HOLD,PAIR_LENGTH_MISMATCH,ALL_SAMPLES
/home/fanyu/auditory_simulation_m6a/pub_01/s06/sparrkulee_v3.1/raw/derivatives/preprocessed_eeg/sub-030/ses-varyingStories01/sub-030_ses-varyingStories01_task-listeningActive_run-07_desc-preproc-audio-audiobook_7_5_eeg.npy,"(64, 7808)",float64,7808,64,0,0,EEG,sub-030_ses-varyingStories01_task-listeningActive_run-07_eeg.bdf.gz,audiobook_7_5,/home/fanyu/auditory_simulation_m6a/pub_01/s06/sparrkulee_v3.1/raw/derivatives/preprocessed_stimuli/audiobook_7_5_envelope.npy,7642,166,64_PUBLISHER_PIPELINE_NOT_PER_FILE_VERIFIED,UNKNOWN_NPY_HAS_NO_NAMES,UNKNOWN_NPY_HAS_NO_UNITS,HOLD,PAIR_LENGTH_MISMATCH,ALL_SAMPLES
/home/fanyu/auditory_simulation_m6a/pub_01/s06/sparrkulee_v3.1/raw/derivatives/preprocessed_eeg/sub-030/ses-varyingStories01/sub-030_ses-varyingStories01_task-listeningActive_run-08_desc-preproc-audio-audiobook_7_6_eeg.npy,"(64, 7936)",float64,7936,64,0,0,EEG,sub-030_ses-varyingStories01_task-listeningActive_run-08_eeg.bdf.gz,audiobook_7_6,/home/fanyu/auditory_simulation_m6a/pub_01/s06/sparrkulee_v3.1/raw/derivatives/preprocessed_stimuli/audiobook_7_6_envelope.npy,7746,190,64_PUBLISHER_PIPELINE_NOT_PER_FILE_VERIFIED,UNKNOWN_NPY_HAS_NO_NAMES,UNKNOWN_NPY_HAS_NO_UNITS,HOLD,PAIR_LENGTH_MISMATCH,ALL_SAMPLES
/home/fanyu/auditory_simulation_m6a/pub_01/s06/sparrkulee_v3.1/raw/derivatives/preprocessed_eeg/sub-030/ses-varyingStories01/sub-030_ses-varyingStories01_task-listeningActive_run-10_desc-preproc-audio-podcast_3_eeg.npy,"(64, 46720)",float64,46720,64,0,0,EEG,sub-030_ses-varyingStories01_task-listeningActive_run-10_eeg.bdf.gz,podcast_3,/home/fanyu/auditory_simulation_m6a/pub_01/s06/sparrkulee_v3.1/raw/derivatives/preprocessed_stimuli/podcast_3_envelope.npy,46544,176,64_PUBLISHER_PIPELINE_NOT_PER_FILE_VERIFIED,UNKNOWN_NPY_HAS_NO_NAMES,UNKNOWN_NPY_HAS_NO_UNITS,HOLD,PAIR_LENGTH_MISMATCH,ALL_SAMPLES
/home/fanyu/auditory_simulation_m6a/pub_01/s06/sparrkulee_v3.1/raw/derivatives/preprocessed_eeg/sub-031/ses-varyingStories01/sub-031_ses-varyingStories01_task-listeningActive_run-04_desc-preproc-audio-podcast_3_eeg.npy,"(64, 46720)",float64,46720,64,0,0,EEG,sub-031_ses-varyingStories01_task-listeningActive_run-04_eeg.bdf.gz,podcast_3,/home/fanyu/auditory_simulation_m6a/pub_01/s06/sparrkulee_v3.1/raw/derivatives/preprocessed_stimuli/podcast_3_envelope.npy,46544,176,64_PUBLISHER_PIPELINE_NOT_PER_FILE_VERIFIED,UNKNOWN_NPY_HAS_NO_NAMES,UNKNOWN_NPY_HAS_NO_UNITS,HOLD,PAIR_LENGTH_MISMATCH,ALL_SAMPLES
/home/fanyu/auditory_simulation_m6a/pub_01/s06/sparrkulee_v3.1/raw/derivatives/preprocessed_eeg/sub-031/ses-varyingStories01/sub-031_ses-varyingStories01_task-listeningActive_run-07_desc-preproc-audio-audiobook_7_1_eeg.npy,"(64, 15872)",float64,15872,64,0,0,EEG,sub-031_ses-varyingStories01_task-listeningActive_run-07_eeg.bdf.gz,audiobook_7_1,/home/fanyu/auditory_simulation_m6a/pub_01/s06/sparrkulee_v3.1/raw/derivatives/preprocessed_stimuli/audiobook_7_1_envelope.npy,15727,145,64_PUBLISHER_PIPELINE_NOT_PER_FILE_VERIFIED,UNKNOWN_NPY_HAS_NO_NAMES,UNKNOWN_NPY_HAS_NO_UNITS,HOLD,PAIR_LENGTH_MISMATCH,ALL_SAMPLES
/home/fanyu/auditory_simulation_m6a/pub_01/s06/sparrkulee_v3.1/raw/derivatives/preprocessed_eeg/sub-031/ses-varyingStories01/sub-031_ses-varyingStories01_task-listeningActive_run-08_desc-preproc-audio-audiobook_7_2_eeg.npy,"(64, 15616)",float64,15616,64,0,0,EEG,sub-031_ses-varyingStories01_task-listeningActive_run-08_eeg.bdf.gz,audiobook_7_2,/home/fanyu/auditory_simulation_m6a/pub_01/s06/sparrkulee_v3.1/raw/derivatives/preprocessed_stimuli/audiobook_7_2_envelope.npy,15480,136,64_PUBLISHER_PIPELINE_NOT_PER_FILE_VERIFIED,UNKNOWN_NPY_HAS_NO_NAMES,UNKNOWN_NPY_HAS_NO_UNITS,HOLD,PAIR_LENGTH_MISMATCH,ALL_SAMPLES
/home/fanyu/auditory_simulation_m6a/pub_01/s06/sparrkulee_v3.1/raw/derivatives/preprocessed_eeg/sub-031/ses-varyingStories01/sub-031_ses-varyingStories01_task-listeningActive_run-09_desc-preproc-audio-audiobook_7_3_eeg.npy,"(64, 15232)",float64,15232,64,0,0,EEG,sub-031_ses-varyingStories01_task-listeningActive_run-09_eeg.bdf.gz,audiobook_7_3,/home/fanyu/auditory_simulation_m6a/pub_01/s06/sparrkulee_v3.1/raw/derivatives/preprocessed_stimuli/audiobook_7_3_envelope.npy,15072,160,64_PUBLISHER_PIPELINE_NOT_PER_FILE_VERIFIED,UNKNOWN_NPY_HAS_NO_NAMES,UNKNOWN_NPY_HAS_NO_UNITS,HOLD,PAIR_LENGTH_MISMATCH,ALL_SAMPLES
/home/fanyu/auditory_simulation_m6a/pub_01/s06/sparrkulee_v3.1/raw/derivatives/preprocessed_eeg/sub-031/ses-varyingStories01/sub-031_ses-varyingStories01_task-listeningActive_run-10_desc-preproc-audio-audiobook_7_4_eeg.npy,"(64, 21056)",float64,21056,64,0,0,EEG,sub-031_ses-varyingStories01_task-listeningActive_run-10_eeg.bdf.gz,audiobook_7_4,/home/fanyu/auditory_simulation_m6a/pub_01/s06/sparrkulee_v3.1/raw/derivatives/preprocessed_stimuli/audiobook_7_4_envelope.npy,20897,159,64_PUBLISHER_PIPELINE_NOT_PER_FILE_VERIFIED,UNKNOWN_NPY_HAS_NO_NAMES,UNKNOWN_NPY_HAS_NO_UNITS,HOLD,PAIR_LENGTH_MISMATCH,ALL_SAMPLES
/home/fanyu/auditory_simulation_m6a/pub_01/s06/sparrkulee_v3.1/raw/derivatives/preprocessed_eeg/sub-031/ses-varyingStories01/sub-031_ses-varyingStories01_task-listeningActive_run-11_desc-preproc-audio-audiobook_7_5_eeg.npy,"(64, 7808)",float64,7808,64,0,0,EEG,sub-031_ses-varyingStories01_task-listeningActive_run-11_eeg.bdf.gz,audiobook_7_5,/home/fanyu/auditory_simulation_m6a/pub_01/s06/sparrkulee_v3.1/raw/derivatives/preprocessed_stimuli/audiobook_7_5_envelope.npy,7642,166,64_PUBLISHER_PIPELINE_NOT_PER_FILE_VERIFIED,UNKNOWN_NPY_HAS_NO_NAMES,UNKNOWN_NPY_HAS_NO_UNITS,HOLD,PAIR_LENGTH_MISMATCH,ALL_SAMPLES
/home/fanyu/auditory_simulation_m6a/pub_01/s06/sparrkulee_v3.1/raw/derivatives/preprocessed_eeg/sub-031/ses-varyingStories01/sub-031_ses-varyingStories01_task-listeningActive_run-12_desc-preproc-audio-audiobook_7_6_eeg.npy,"(64, 7936)",float64,7936,64,0,0,EEG,sub-031_ses-varyingStories01_task-listeningActive_run-12_eeg.bdf.gz,audiobook_7_6,/home/fanyu/auditory_simulation_m6a/pub_01/s06/sparrkulee_v3.1/raw/derivatives/preprocessed_stimuli/audiobook_7_6_envelope.npy,7746,190,64_PUBLISHER_PIPELINE_NOT_PER_FILE_VERIFIED,UNKNOWN_NPY_HAS_NO_NAMES,UNKNOWN_NPY_HAS_NO_UNITS,HOLD,PAIR_LENGTH_MISMATCH,ALL_SAMPLES
/home/fanyu/auditory_simulation_m6a/pub_01/s06/sparrkulee_v3.1/raw/derivatives/preprocessed_eeg/sub-032/ses-varyingStories02/sub-032_ses-varyingStories02_task-listeningActive_run-03_desc-preproc-audio-audiobook_8_1_eeg.npy,"(64, 48000)",float64,48000,64,0,0,EEG,sub-032_ses-varyingStories02_task-listeningActive_run-03_eeg.bdf.gz,audiobook_8_1,/home/fanyu/auditory_simulation_m6a/pub_01/s06/sparrkulee_v3.1/raw/derivatives/preprocessed_stimuli/audiobook_8_1_envelope.npy,47818,182,64_PUBLISHER_PIPELINE_NOT_PER_FILE_VERIFIED,UNKNOWN_NPY_HAS_NO_NAMES,UNKNOWN_NPY_HAS_NO_UNITS,HOLD,PAIR_LENGTH_MISMATCH,ALL_SAMPLES
/home/fanyu/auditory_simulation_m6a/pub_01/s06/sparrkulee_v3.1/raw/derivatives/preprocessed_eeg/sub-032/ses-varyingStories02/sub-032_ses-varyingStories02_task-listeningActive_run-04_desc-preproc-audio-audiobook_8_2_eeg.npy,"(64, 50048)",float64,50048,64,0,0,EEG,sub-032_ses-varyingStories02_task-listeningActive_run-04_eeg.bdf.gz,audiobook_8_2,/home/fanyu/auditory_simulation_m6a/pub_01/s06/sparrkulee_v3.1/raw/derivatives/preprocessed_stimuli/audiobook_8_2_envelope.npy,49866,182,64_PUBLISHER_PIPELINE_NOT_PER_FILE_VERIFIED,UNKNOWN_NPY_HAS_NO_NAMES,UNKNOWN_NPY_HAS_NO_UNITS,HOLD,PAIR_LENGTH_MISMATCH,ALL_SAMPLES
/home/fanyu/auditory_simulation_m6a/pub_01/s06/sparrkulee_v3.1/raw/derivatives/preprocessed_eeg/sub-033/ses-varyingStories02/sub-033_ses-varyingStories02_task-listeningActive_run-04_desc-preproc-audio-audiobook_8_1_eeg.npy,"(64, 48000)",float64,48000,64,0,0,EEG,sub-033_ses-varyingStories02_task-listeningActive_run-04_eeg.bdf.gz,audiobook_8_1,/home/fanyu/auditory_simulation_m6a/pub_01/s06/sparrkulee_v3.1/raw/derivatives/preprocessed_stimuli/audiobook_8_1_envelope.npy,47818,182,64_PUBLISHER_PIPELINE_NOT_PER_FILE_VERIFIED,UNKNOWN_NPY_HAS_NO_NAMES,UNKNOWN_NPY_HAS_NO_UNITS,HOLD,PAIR_LENGTH_MISMATCH,ALL_SAMPLES
/home/fanyu/auditory_simulation_m6a/pub_01/s06/sparrkulee_v3.1/raw/derivatives/preprocessed_eeg/sub-033/ses-varyingStories02/sub-033_ses-varyingStories02_task-listeningActive_run-05_desc-preproc-audio-audiobook_8_2_eeg.npy,"(64, 50048)",float64,50048,64,0,0,EEG,sub-033_ses-varyingStories02_task-listeningActive_run-05_eeg.bdf.gz,audiobook_8_2,/home/fanyu/auditory_simulation_m6a/pub_01/s06/sparrkulee_v3.1/raw/derivatives/preprocessed_stimuli/audiobook_8_2_envelope.npy,49866,182,64_PUBLISHER_PIPELINE_NOT_PER_FILE_VERIFIED,UNKNOWN_NPY_HAS_NO_NAMES,UNKNOWN_NPY_HAS_NO_UNITS,HOLD,PAIR_LENGTH_MISMATCH,ALL_SAMPLES
/home/fanyu/auditory_simulation_m6a/pub_01/s06/sparrkulee_v3.1/raw/derivatives/preprocessed_eeg/sub-034/ses-varyingStories02/sub-034_ses-varyingStories02_task-listeningActive_run-03_desc-preproc-audio-audiobook_8_1_eeg.npy,"(64, 48000)",float64,48000,64,0,0,EEG,sub-034_ses-varyingStories02_task-listeningActive_run-03_eeg.bdf.gz,audiobook_8_1,/home/fanyu/auditory_simulation_m6a/pub_01/s06/sparrkulee_v3.1/raw/derivatives/preprocessed_stimuli/audiobook_8_1_envelope.npy,47818,182,64_PUBLISHER_PIPELINE_NOT_PER_FILE_VERIFIED,UNKNOWN_NPY_HAS_NO_NAMES,UNKNOWN_NPY_HAS_NO_UNITS,HOLD,PAIR_LENGTH_MISMATCH,ALL_SAMPLES
/home/fanyu/auditory_simulation_m6a/pub_01/s06/sparrkulee_v3.1/raw/derivatives/preprocessed_eeg/sub-034/ses-varyingStories02/sub-034_ses-varyingStories02_task-listeningActive_run-04_desc-preproc-audio-audiobook_8_2_eeg.npy,"(64, 50048)",float64,50048,64,0,0,EEG,sub-034_ses-varyingStories02_task-listeningActive_run-04_eeg.bdf.gz,audiobook_8_2,/home/fanyu/auditory_simulation_m6a/pub_01/s06/sparrkulee_v3.1/raw/derivatives/preprocessed_stimuli/audiobook_8_2_envelope.npy,49866,182,64_PUBLISHER_PIPELINE_NOT_PER_FILE_VERIFIED,UNKNOWN_NPY_HAS_NO_NAMES,UNKNOWN_NPY_HAS_NO_UNITS,HOLD,PAIR_LENGTH_MISMATCH,ALL_SAMPLES
/home/fanyu/auditory_simulation_m6a/pub_01/s06/sparrkulee_v3.1/raw/derivatives/preprocessed_eeg/sub-035/ses-varyingStories02/sub-035_ses-varyingStories02_task-listeningActive_run-04_desc-preproc-audio-audiobook_8_1_eeg.npy,"(64, 48000)",float64,48000,64,0,0,EEG,sub-035_ses-varyingStories02_task-listeningActive_run-04_eeg.bdf.gz,audiobook_8_1,/home/fanyu/auditory_simulation_m6a/pub_01/s06/sparrkulee_v3.1/raw/derivatives/preprocessed_stimuli/audiobook_8_1_envelope.npy,47818,182,64_PUBLISHER_PIPELINE_NOT_PER_FILE_VERIFIED,UNKNOWN_NPY_HAS_NO_NAMES,UNKNOWN_NPY_HAS_NO_UNITS,HOLD,PAIR_LENGTH_MISMATCH,ALL_SAMPLES
/home/fanyu/auditory_simulation_m6a/pub_01/s06/sparrkulee_v3.1/raw/derivatives/preprocessed_eeg/sub-035/ses-varyingStories02/sub-035_ses-varyingStories02_task-listeningActive_run-05_desc-preproc-audio-audiobook_8_2_eeg.npy,"(64, 50048)",float64,50048,64,0,0,EEG,sub-035_ses-varyingStories02_task-listeningActive_run-05_eeg.bdf.gz,audiobook_8_2,/home/fanyu/auditory_simulation_m6a/pub_01/s06/sparrkulee_v3.1/raw/derivatives/preprocessed_stimuli/audiobook_8_2_envelope.npy,49866,182,64_PUBLISHER_PIPELINE_NOT_PER_FILE_VERIFIED,UNKNOWN_NPY_HAS_NO_NAMES,UNKNOWN_NPY_HAS_NO_UNITS,HOLD,PAIR_LENGTH_MISMATCH,ALL_SAMPLES
/home/fanyu/auditory_simulation_m6a/pub_01/s06/sparrkulee_v3.1/raw/derivatives/preprocessed_eeg/sub-036/ses-varyingStories02/sub-036_ses-varyingStories02_task-listeningActive_run-02_desc-preproc-audio-audiobook_8_1_eeg.npy,"(64, 48000)",float64,48000,64,0,0,EEG,sub-036_ses-varyingStories02_task-listeningActive_run-02_eeg.bdf.gz,audiobook_8_1,/home/fanyu/auditory_simulation_m6a/pub_01/s06/sparrkulee_v3.1/raw/derivatives/preprocessed_stimuli/audiobook_8_1_envelope.npy,47818,182,64_PUBLISHER_PIPELINE_NOT_PER_FILE_VERIFIED,UNKNOWN_NPY_HAS_NO_NAMES,UNKNOWN_NPY_HAS_NO_UNITS,HOLD,PAIR_LENGTH_MISMATCH,ALL_SAMPLES
/home/fanyu/auditory_simulation_m6a/pub_01/s06/sparrkulee_v3.1/raw/derivatives/preprocessed_eeg/sub-036/ses-varyingStories02/sub-036_ses-varyingStories02_task-listeningActive_run-03_desc-preproc-audio-audiobook_8_2_eeg.npy,"(64, 50048)",float64,50048,64,0,0,EEG,sub-036_ses-varyingStories02_task-listeningActive_run-03_eeg.bdf.gz,audiobook_8_2,/home/fanyu/auditory_simulation_m6a/pub_01/s06/sparrkulee_v3.1/raw/derivatives/preprocessed_stimuli/audiobook_8_2_envelope.npy,49866,182,64_PUBLISHER_PIPELINE_NOT_PER_FILE_VERIFIED,UNKNOWN_NPY_HAS_NO_NAMES,UNKNOWN_NPY_HAS_NO_UNITS,HOLD,PAIR_LENGTH_MISMATCH,ALL_SAMPLES
/home/fanyu/auditory_simulation_m6a/pub_01/s06/sparrkulee_v3.1/raw/derivatives/preprocessed_eeg/sub-037/ses-varyingStories03/sub-037_ses-varyingStories03_task-listeningActive_run-01_desc-preproc-audio-audiobook_9_1_eeg.npy,"(64, 41536)",float64,41536,64,0,0,EEG,sub-037_ses-varyingStories03_task-listeningActive_run-01_eeg.bdf.gz,audiobook_9_1,/home/fanyu/auditory_simulation_m6a/pub_01/s06/sparrkulee_v3.1/raw/derivatives/preprocessed_stimuli/audiobook_9_1_envelope.npy,41409,127,64_PUBLISHER_PIPELINE_NOT_PER_FILE_VERIFIED,UNKNOWN_NPY_HAS_NO_NAMES,UNKNOWN_NPY_HAS_NO_UNITS,HOLD,PAIR_LENGTH_MISMATCH,ALL_SAMPLES
/home/fanyu/auditory_simulation_m6a/pub_01/s06/sparrkulee_v3.1/raw/derivatives/preprocessed_eeg/sub-038/ses-varyingStories03/sub-038_ses-varyingStories03_task-listeningActive_run-03_desc-preproc-audio-audiobook_9_1_eeg.npy,"(64, 41536)",float64,41536,64,0,0,EEG,sub-038_ses-varyingStories03_task-listeningActive_run-03_eeg.bdf.gz,audiobook_9_1,/home/fanyu/auditory_simulation_m6a/pub_01/s06/sparrkulee_v3.1/raw/derivatives/preprocessed_stimuli/audiobook_9_1_envelope.npy,41409,127,64_PUBLISHER_PIPELINE_NOT_PER_FILE_VERIFIED,UNKNOWN_NPY_HAS_NO_NAMES,UNKNOWN_NPY_HAS_NO_UNITS,HOLD,PAIR_LENGTH_MISMATCH,ALL_SAMPLES
/home/fanyu/auditory_simulation_m6a/pub_01/s06/sparrkulee_v3.1/raw/derivatives/preprocessed_eeg/sub-039/ses-varyingStories03/sub-039_ses-varyingStories03_task-listeningActive_run-01_desc-preproc-audio-audiobook_9_1_eeg.npy,"(64, 41536)",float64,41536,64,0,0,EEG,sub-039_ses-varyingStories03_task-listeningActive_run-01_eeg.bdf.gz,audiobook_9_1,/home/fanyu/auditory_simulation_m6a/pub_01/s06/sparrkulee_v3.1/raw/derivatives/preprocessed_stimuli/audiobook_9_1_envelope.npy,41409,127,64_PUBLISHER_PIPELINE_NOT_PER_FILE_VERIFIED,UNKNOWN_NPY_HAS_NO_NAMES,UNKNOWN_NPY_HAS_NO_UNITS,HOLD,PAIR_LENGTH_MISMATCH,ALL_SAMPLES
/home/fanyu/auditory_simulation_m6a/pub_01/s06/sparrkulee_v3.1/raw/derivatives/preprocessed_eeg/sub-040/ses-varyingStories03/sub-040_ses-varyingStories03_task-listeningActive_run-02_desc-preproc-audio-audiobook_9_1_eeg.npy,"(64, 41536)",float64,41536,64,0,0,EEG,sub-040_ses-varyingStories03_task-listeningActive_run-02_eeg.bdf.gz,audiobook_9_1,/home/fanyu/auditory_simulation_m6a/pub_01/s06/sparrkulee_v3.1/raw/derivatives/preprocessed_stimuli/audiobook_9_1_envelope.npy,41409,127,64_PUBLISHER_PIPELINE_NOT_PER_FILE_VERIFIED,UNKNOWN_NPY_HAS_NO_NAMES,UNKNOWN_NPY_HAS_NO_UNITS,HOLD,PAIR_LENGTH_MISMATCH,ALL_SAMPLES
/home/fanyu/auditory_simulation_m6a/pub_01/s06/sparrkulee_v3.1/raw/derivatives/preprocessed_eeg/sub-041/ses-varyingStories03/sub-041_ses-varyingStories03_task-listeningActive_run-06_desc-preproc-audio-audiobook_9_1_eeg.npy,"(64, 41536)",float64,41536,64,0,0,EEG,sub-041_ses-varyingStories03_task-listeningActive_run-06_eeg.bdf.gz,audiobook_9_1,/home/fanyu/auditory_simulation_m6a/pub_01/s06/sparrkulee_v3.1/raw/derivatives/preprocessed_stimuli/audiobook_9_1_envelope.npy,41409,127,64_PUBLISHER_PIPELINE_NOT_PER_FILE_VERIFIED,UNKNOWN_NPY_HAS_NO_NAMES,UNKNOWN_NPY_HAS_NO_UNITS,HOLD,PAIR_LENGTH_MISMATCH,ALL_SAMPLES
/home/fanyu/auditory_simulation_m6a/pub_01/s06/sparrkulee_v3.1/raw/derivatives/preprocessed_eeg/sub-042/ses-varyingStories03/sub-042_ses-varyingStories03_task-listeningActive_run-02_desc-preproc-audio-audiobook_9_1_eeg.npy,"(64, 41536)",float64,41536,64,0,0,EEG,sub-042_ses-varyingStories03_task-listeningActive_run-02_eeg.bdf.gz,audiobook_9_1,/home/fanyu/auditory_simulation_m6a/pub_01/s06/sparrkulee_v3.1/raw/derivatives/preprocessed_stimuli/audiobook_9_1_envelope.npy,41409,127,64_PUBLISHER_PIPELINE_NOT_PER_FILE_VERIFIED,UNKNOWN_NPY_HAS_NO_NAMES,UNKNOWN_NPY_HAS_NO_UNITS,HOLD,PAIR_LENGTH_MISMATCH,ALL_SAMPLES
/home/fanyu/auditory_simulation_m6a/pub_01/s06/sparrkulee_v3.1/raw/derivatives/preprocessed_eeg/sub-043/ses-varyingStories04/sub-043_ses-varyingStories04_task-listeningActive_run-02_desc-preproc-audio-podcast_13_eeg.npy,"(64, 45184)",float64,45184,64,0,0,EEG,sub-043_ses-varyingStories04_task-listeningActive_run-02_eeg.bdf.gz,podcast_13,/home/fanyu/auditory_simulation_m6a/pub_01/s06/sparrkulee_v3.1/raw/derivatives/preprocessed_stimuli/podcast_13_envelope.npy,45024,160,64_PUBLISHER_PIPELINE_NOT_PER_FILE_VERIFIED,UNKNOWN_NPY_HAS_NO_NAMES,UNKNOWN_NPY_HAS_NO_UNITS,HOLD,PAIR_LENGTH_MISMATCH,ALL_SAMPLES
/home/fanyu/auditory_simulation_m6a/pub_01/s06/sparrkulee_v3.1/raw/derivatives/preprocessed_eeg/sub-043/ses-varyingStories04/sub-043_ses-varyingStories04_task-listeningActive_run-05_desc-preproc-audio-audiobook_10_1_eeg.npy,"(64, 39552)",float64,39552,64,0,0,EEG,sub-043_ses-varyingStories04_task-listeningActive_run-05_eeg.bdf.gz,audiobook_10_1,/home/fanyu/auditory_simulation_m6a/pub_01/s06/sparrkulee_v3.1/raw/derivatives/preprocessed_stimuli/audiobook_10_1_envelope.npy,39391,161,64_PUBLISHER_PIPELINE_NOT_PER_FILE_VERIFIED,UNKNOWN_NPY_HAS_NO_NAMES,UNKNOWN_NPY_HAS_NO_UNITS,HOLD,PAIR_LENGTH_MISMATCH,ALL_SAMPLES
/home/fanyu/auditory_simulation_m6a/pub_01/s06/sparrkulee_v3.1/raw/derivatives/preprocessed_eeg/sub-043/ses-varyingStories04/sub-043_ses-varyingStories04_task-listeningActive_run-06_desc-preproc-audio-audiobook_10_2_eeg.npy,"(64, 41856)",float64,41856,64,0,0,EEG,sub-043_ses-varyingStories04_task-listeningActive_run-06_eeg.bdf.gz,audiobook_10_2,/home/fanyu/auditory_simulation_m6a/pub_01/s06/sparrkulee_v3.1/raw/derivatives/preprocessed_stimuli/audiobook_10_2_envelope.npy,41695,161,64_PUBLISHER_PIPELINE_NOT_PER_FILE_VERIFIED,UNKNOWN_NPY_HAS_NO_NAMES,UNKNOWN_NPY_HAS_NO_UNITS,HOLD,PAIR_LENGTH_MISMATCH,ALL_SAMPLES
/home/fanyu/auditory_simulation_m6a/pub_01/s06/sparrkulee_v3.1/raw/derivatives/preprocessed_eeg/sub-044/ses-varyingStories04/sub-044_ses-varyingStories04_task-listeningActive_run-02_desc-preproc-audio-podcast_13_eeg.npy,"(64, 45184)",float64,45184,64,0,0,EEG,sub-044_ses-varyingStories04_task-listeningActive_run-02_eeg.bdf.gz,podcast_13,/home/fanyu/auditory_simulation_m6a/pub_01/s06/sparrkulee_v3.1/raw/derivatives/preprocessed_stimuli/podcast_13_envelope.npy,45024,160,64_PUBLISHER_PIPELINE_NOT_PER_FILE_VERIFIED,UNKNOWN_NPY_HAS_NO_NAMES,UNKNOWN_NPY_HAS_NO_UNITS,HOLD,PAIR_LENGTH_MISMATCH,ALL_SAMPLES
/home/fanyu/auditory_simulation_m6a/pub_01/s06/sparrkulee_v3.1/raw/derivatives/preprocessed_eeg/sub-044/ses-varyingStories04/sub-044_ses-varyingStories04_task-listeningActive_run-04_desc-preproc-audio-audiobook_10_1_eeg.npy,"(64, 39552)",float64,39552,64,0,0,EEG,sub-044_ses-varyingStories04_task-listeningActive_run-04_eeg.bdf.gz,audiobook_10_1,/home/fanyu/auditory_simulation_m6a/pub_01/s06/sparrkulee_v3.1/raw/derivatives/preprocessed_stimuli/audiobook_10_1_envelope.npy,39391,161,64_PUBLISHER_PIPELINE_NOT_PER_FILE_VERIFIED,UNKNOWN_NPY_HAS_NO_NAMES,UNKNOWN_NPY_HAS_NO_UNITS,HOLD,PAIR_LENGTH_MISMATCH,ALL_SAMPLES
/home/fanyu/auditory_simulation_m6a/pub_01/s06/sparrkulee_v3.1/raw/derivatives/preprocessed_eeg/sub-044/ses-varyingStories04/sub-044_ses-varyingStories04_task-listeningActive_run-05_desc-preproc-audio-audiobook_10_2_eeg.npy,"(64, 41856)",float64,41856,64,0,0,EEG,sub-044_ses-varyingStories04_task-listeningActive_run-05_eeg.bdf.gz,audiobook_10_2,/home/fanyu/auditory_simulation_m6a/pub_01/s06/sparrkulee_v3.1/raw/derivatives/preprocessed_stimuli/audiobook_10_2_envelope.npy,41695,161,64_PUBLISHER_PIPELINE_NOT_PER_FILE_VERIFIED,UNKNOWN_NPY_HAS_NO_NAMES,UNKNOWN_NPY_HAS_NO_UNITS,HOLD,PAIR_LENGTH_MISMATCH,ALL_SAMPLES
/home/fanyu/auditory_simulation_m6a/pub_01/s06/sparrkulee_v3.1/raw/derivatives/preprocessed_eeg/sub-045/ses-varyingStories04/sub-045_ses-varyingStories04_task-listeningActive_run-01_desc-preproc-audio-audiobook_10_1_eeg.npy,"(64, 39552)",float64,39552,64,0,0,EEG,sub-045_ses-varyingStories04_task-listeningActive_run-01_eeg.bdf.gz,audiobook_10_1,/home/fanyu/auditory_simulation_m6a/pub_01/s06/sparrkulee_v3.1/raw/derivatives/preprocessed_stimuli/audiobook_10_1_envelope.npy,39391,161,64_PUBLISHER_PIPELINE_NOT_PER_FILE_VERIFIED,UNKNOWN_NPY_HAS_NO_NAMES,UNKNOWN_NPY_HAS_NO_UNITS,HOLD,PAIR_LENGTH_MISMATCH,ALL_SAMPLES
/home/fanyu/auditory_simulation_m6a/pub_01/s06/sparrkulee_v3.1/raw/derivatives/preprocessed_eeg/sub-045/ses-varyingStories04/sub-045_ses-varyingStories04_task-listeningActive_run-02_desc-preproc-audio-audiobook_10_2_eeg.npy,"(64, 41856)",float64,41856,64,0,0,EEG,sub-045_ses-varyingStories04_task-listeningActive_run-02_eeg.bdf.gz,audiobook_10_2,/home/fanyu/auditory_simulation_m6a/pub_01/s06/sparrkulee_v3.1/raw/derivatives/preprocessed_stimuli/audiobook_10_2_envelope.npy,41695,161,64_PUBLISHER_PIPELINE_NOT_PER_FILE_VERIFIED,UNKNOWN_NPY_HAS_NO_NAMES,UNKNOWN_NPY_HAS_NO_UNITS,HOLD,PAIR_LENGTH_MISMATCH,ALL_SAMPLES
/home/fanyu/auditory_simulation_m6a/pub_01/s06/sparrkulee_v3.1/raw/derivatives/preprocessed_eeg/sub-045/ses-varyingStories04/sub-045_ses-varyingStories04_task-listeningActive_run-04_desc-preproc-audio-podcast_13_eeg.npy,"(64, 45184)",float64,45184,64,0,0,EEG,sub-045_ses-varyingStories04_task-listeningActive_run-04_eeg.bdf.gz,podcast_13,/home/fanyu/auditory_simulation_m6a/pub_01/s06/sparrkulee_v3.1/raw/derivatives/preprocessed_stimuli/podcast_13_envelope.npy,45024,160,64_PUBLISHER_PIPELINE_NOT_PER_FILE_VERIFIED,UNKNOWN_NPY_HAS_NO_NAMES,UNKNOWN_NPY_HAS_NO_UNITS,HOLD,PAIR_LENGTH_MISMATCH,ALL_SAMPLES
/home/fanyu/auditory_simulation_m6a/pub_01/s06/sparrkulee_v3.1/raw/derivatives/preprocessed_eeg/sub-046/ses-varyingStories04/sub-046_ses-varyingStories04_task-listeningActive_run-01_desc-preproc-audio-podcast_13_eeg.npy,"(64, 45184)",float64,45184,64,0,0,EEG,sub-046_ses-varyingStories04_task-listeningActive_run-01_eeg.bdf.gz,podcast_13,/home/fanyu/auditory_simulation_m6a/pub_01/s06/sparrkulee_v3.1/raw/derivatives/preprocessed_stimuli/podcast_13_envelope.npy,45024,160,64_PUBLISHER_PIPELINE_NOT_PER_FILE_VERIFIED,UNKNOWN_NPY_HAS_NO_NAMES,UNKNOWN_NPY_HAS_NO_UNITS,HOLD,PAIR_LENGTH_MISMATCH,ALL_SAMPLES
/home/fanyu/auditory_simulation_m6a/pub_01/s06/sparrkulee_v3.1/raw/derivatives/preprocessed_eeg/sub-046/ses-varyingStories04/sub-046_ses-varyingStories04_task-listeningActive_run-06_desc-preproc-audio-audiobook_10_1_eeg.npy,"(64, 39552)",float64,39552,64,0,0,EEG,sub-046_ses-varyingStories04_task-listeningActive_run-06_eeg.bdf.gz,audiobook_10_1,/home/fanyu/auditory_simulation_m6a/pub_01/s06/sparrkulee_v3.1/raw/derivatives/preprocessed_stimuli/audiobook_10_1_envelope.npy,39391,161,64_PUBLISHER_PIPELINE_NOT_PER_FILE_VERIFIED,UNKNOWN_NPY_HAS_NO_NAMES,UNKNOWN_NPY_HAS_NO_UNITS,HOLD,PAIR_LENGTH_MISMATCH,ALL_SAMPLES
/home/fanyu/auditory_simulation_m6a/pub_01/s06/sparrkulee_v3.1/raw/derivatives/preprocessed_eeg/sub-046/ses-varyingStories04/sub-046_ses-varyingStories04_task-listeningActive_run-07_desc-preproc-audio-audiobook_10_2_eeg.npy,"(64, 41856)",float64,41856,64,0,0,EEG,sub-046_ses-varyingStories04_task-listeningActive_run-07_eeg.bdf.gz,audiobook_10_2,/home/fanyu/auditory_simulation_m6a/pub_01/s06/sparrkulee_v3.1/raw/derivatives/preprocessed_stimuli/audiobook_10_2_envelope.npy,41695,161,64_PUBLISHER_PIPELINE_NOT_PER_FILE_VERIFIED,UNKNOWN_NPY_HAS_NO_NAMES,UNKNOWN_NPY_HAS_NO_UNITS,HOLD,PAIR_LENGTH_MISMATCH,ALL_SAMPLES
/home/fanyu/auditory_simulation_m6a/pub_01/s06/sparrkulee_v3.1/raw/derivatives/preprocessed_eeg/sub-047/ses-varyingStories05/sub-047_ses-varyingStories05_task-listeningActive_run-04_desc-preproc-audio-audiobook_11_1_eeg.npy,"(64, 50816)",float64,50816,64,0,0,EEG,sub-047_ses-varyingStories05_task-listeningActive_run-04_eeg.bdf.gz,audiobook_11_1,/home/fanyu/auditory_simulation_m6a/pub_01/s06/sparrkulee_v3.1/raw/derivatives/preprocessed_stimuli/audiobook_11_1_envelope.npy,50649,167,64_PUBLISHER_PIPELINE_NOT_PER_FILE_VERIFIED,UNKNOWN_NPY_HAS_NO_NAMES,UNKNOWN_NPY_HAS_NO_UNITS,HOLD,PAIR_LENGTH_MISMATCH,ALL_SAMPLES
/home/fanyu/auditory_simulation_m6a/pub_01/s06/sparrkulee_v3.1/raw/derivatives/preprocessed_eeg/sub-047/ses-varyingStories05/sub-047_ses-varyingStories05_task-listeningActive_run-05_desc-preproc-audio-audiobook_11_2_eeg.npy,"(64, 38272)",float64,38272,64,0,0,EEG,sub-047_ses-varyingStories05_task-listeningActive_run-05_eeg.bdf.gz,audiobook_11_2,/home/fanyu/auditory_simulation_m6a/pub_01/s06/sparrkulee_v3.1/raw/derivatives/preprocessed_stimuli/audiobook_11_2_envelope.npy,38105,167,64_PUBLISHER_PIPELINE_NOT_PER_FILE_VERIFIED,UNKNOWN_NPY_HAS_NO_NAMES,UNKNOWN_NPY_HAS_NO_UNITS,HOLD,PAIR_LENGTH_MISMATCH,ALL_SAMPLES
/home/fanyu/auditory_simulation_m6a/pub_01/s06/sparrkulee_v3.1/raw/derivatives/preprocessed_eeg/sub-047/ses-varyingStories05/sub-047_ses-varyingStories05_task-listeningActive_run-09_desc-preproc-audio-podcast_16_eeg.npy,"(64, 49600)",float64,49600,64,0,0,EEG,sub-047_ses-varyingStories05_task-listeningActive_run-09_eeg.bdf.gz,podcast_16,/home/fanyu/auditory_simulation_m6a/pub_01/s06/sparrkulee_v3.1/raw/derivatives/preprocessed_stimuli/podcast_16_envelope.npy,49451,149,64_PUBLISHER_PIPELINE_NOT_PER_FILE_VERIFIED,UNKNOWN_NPY_HAS_NO_NAMES,UNKNOWN_NPY_HAS_NO_UNITS,HOLD,PAIR_LENGTH_MISMATCH,ALL_SAMPLES
/home/fanyu/auditory_simulation_m6a/pub_01/s06/sparrkulee_v3.1/raw/derivatives/preprocessed_eeg/sub-048/ses-varyingStories05/sub-048_ses-varyingStories05_task-listeningActive_run-02_desc-preproc-audio-podcast_16_eeg.npy,"(64, 49600)",float64,49600,64,0,0,EEG,sub-048_ses-varyingStories05_task-listeningActive_run-02_eeg.bdf.gz,podcast_16,/home/fanyu/auditory_simulation_m6a/pub_01/s06/sparrkulee_v3.1/raw/derivatives/preprocessed_stimuli/podcast_16_envelope.npy,49451,149,64_PUBLISHER_PIPELINE_NOT_PER_FILE_VERIFIED,UNKNOWN_NPY_HAS_NO_NAMES,UNKNOWN_NPY_HAS_NO_UNITS,HOLD,PAIR_LENGTH_MISMATCH,ALL_SAMPLES
/home/fanyu/auditory_simulation_m6a/pub_01/s06/sparrkulee_v3.1/raw/derivatives/preprocessed_eeg/sub-048/ses-varyingStories05/sub-048_ses-varyingStories05_task-listeningActive_run-05_desc-preproc-audio-audiobook_11_1_eeg.npy,"(64, 50816)",float64,50816,64,0,0,EEG,sub-048_ses-varyingStories05_task-listeningActive_run-05_eeg.bdf.gz,audiobook_11_1,/home/fanyu/auditory_simulation_m6a/pub_01/s06/sparrkulee_v3.1/raw/derivatives/preprocessed_stimuli/audiobook_11_1_envelope.npy,50649,167,64_PUBLISHER_PIPELINE_NOT_PER_FILE_VERIFIED,UNKNOWN_NPY_HAS_NO_NAMES,UNKNOWN_NPY_HAS_NO_UNITS,HOLD,PAIR_LENGTH_MISMATCH,ALL_SAMPLES
/home/fanyu/auditory_simulation_m6a/pub_01/s06/sparrkulee_v3.1/raw/derivatives/preprocessed_eeg/sub-048/ses-varyingStories05/sub-048_ses-varyingStories05_task-listeningActive_run-06_desc-preproc-audio-audiobook_11_2_eeg.npy,"(64, 38272)",float64,38272,64,0,0,EEG,sub-048_ses-varyingStories05_task-listeningActive_run-06_eeg.bdf.gz,audiobook_11_2,/home/fanyu/auditory_simulation_m6a/pub_01/s06/sparrkulee_v3.1/raw/derivatives/preprocessed_stimuli/audiobook_11_2_envelope.npy,38105,167,64_PUBLISHER_PIPELINE_NOT_PER_FILE_VERIFIED,UNKNOWN_NPY_HAS_NO_NAMES,UNKNOWN_NPY_HAS_NO_UNITS,HOLD,PAIR_LENGTH_MISMATCH,ALL_SAMPLES
/home/fanyu/auditory_simulation_m6a/pub_01/s06/sparrkulee_v3.1/raw/derivatives/preprocessed_eeg/sub-049/ses-varyingStories06/sub-049_ses-varyingStories06_task-listeningActive_run-02_desc-preproc-audio-audiobook_12_1_eeg.npy,"(64, 42368)",float64,42368,64,0,0,EEG,sub-049_ses-varyingStories06_task-listeningActive_run-02_eeg.bdf.gz,audiobook_12_1,/home/fanyu/auditory_simulation_m6a/pub_01/s06/sparrkulee_v3.1/raw/derivatives/preprocessed_stimuli/audiobook_12_1_envelope.npy,42239,129,64_PUBLISHER_PIPELINE_NOT_PER_FILE_VERIFIED,UNKNOWN_NPY_HAS_NO_NAMES,UNKNOWN_NPY_HAS_NO_UNITS,HOLD,PAIR_LENGTH_MISMATCH,ALL_SAMPLES
/home/fanyu/auditory_simulation_m6a/pub_01/s06/sparrkulee_v3.1/raw/derivatives/preprocessed_eeg/sub-049/ses-varyingStories06/sub-049_ses-varyingStories06_task-listeningActive_run-03_desc-preproc-audio-audiobook_12_2_eeg.npy,"(64, 48768)",float64,48768,64,0,0,EEG,sub-049_ses-varyingStories06_task-listeningActive_run-03_eeg.bdf.gz,audiobook_12_2,/home/fanyu/auditory_simulation_m6a/pub_01/s06/sparrkulee_v3.1/raw/derivatives/preprocessed_stimuli/audiobook_12_2_envelope.npy,48639,129,64_PUBLISHER_PIPELINE_NOT_PER_FILE_VERIFIED,UNKNOWN_NPY_HAS_NO_NAMES,UNKNOWN_NPY_HAS_NO_UNITS,HOLD,PAIR_LENGTH_MISMATCH,ALL_SAMPLES
/home/fanyu/auditory_simulation_m6a/pub_01/s06/sparrkulee_v3.1/raw/derivatives/preprocessed_eeg/sub-049/ses-varyingStories06/sub-049_ses-varyingStories06_task-listeningActive_run-05_desc-preproc-audio-podcast_22_eeg.npy,"(64, 40384)",float64,40384,64,0,0,EEG,sub-049_ses-varyingStories06_task-listeningActive_run-05_eeg.bdf.gz,podcast_22,/home/fanyu/auditory_simulation_m6a/pub_01/s06/sparrkulee_v3.1/raw/derivatives/preprocessed_stimuli/podcast_22_envelope.npy,40223,161,64_PUBLISHER_PIPELINE_NOT_PER_FILE_VERIFIED,UNKNOWN_NPY_HAS_NO_NAMES,UNKNOWN_NPY_HAS_NO_UNITS,HOLD,PAIR_LENGTH_MISMATCH,ALL_SAMPLES
/home/fanyu/auditory_simulation_m6a/pub_01/s06/sparrkulee_v3.1/raw/derivatives/preprocessed_eeg/sub-049/ses-varyingStories06/sub-049_ses-varyingStories06_task-listeningActive_run-06_desc-preproc-audio-podcast_20_eeg.npy,"(64, 51136)",float64,51136,64,0,0,EEG,sub-049_ses-varyingStories06_task-listeningActive_run-06_eeg.bdf.gz,podcast_20,/home/fanyu/auditory_simulation_m6a/pub_01/s06/sparrkulee_v3.1/raw/derivatives/preprocessed_stimuli/podcast_20_envelope.npy,50958,178,64_PUBLISHER_PIPELINE_NOT_PER_FILE_VERIFIED,UNKNOWN_NPY_HAS_NO_NAMES,UNKNOWN_NPY_HAS_NO_UNITS,HOLD,PAIR_LENGTH_MISMATCH,ALL_SAMPLES
/home/fanyu/auditory_simulation_m6a/pub_01/s06/sparrkulee_v3.1/raw/derivatives/preprocessed_eeg/sub-050/ses-varyingStories06/sub-050_ses-varyingStories06_task-listeningActive_run-02_desc-preproc-audio-audiobook_12_2_eeg.npy,"(64, 48768)",float64,48768,64,0,0,EEG,sub-050_ses-varyingStories06_task-listeningActive_run-02_eeg.bdf.gz,audiobook_12_2,/home/fanyu/auditory_simulation_m6a/pub_01/s06/sparrkulee_v3.1/raw/derivatives/preprocessed_stimuli/audiobook_12_2_envelope.npy,48639,129,64_PUBLISHER_PIPELINE_NOT_PER_FILE_VERIFIED,UNKNOWN_NPY_HAS_NO_NAMES,UNKNOWN_NPY_HAS_NO_UNITS,HOLD,PAIR_LENGTH_MISMATCH,ALL_SAMPLES
/home/fanyu/auditory_simulation_m6a/pub_01/s06/sparrkulee_v3.1/raw/derivatives/preprocessed_eeg/sub-050/ses-varyingStories06/sub-050_ses-varyingStories06_task-listeningActive_run-04_desc-preproc-audio-podcast_22_eeg.npy,"(64, 40384)",float64,40384,64,0,0,EEG,sub-050_ses-varyingStories06_task-listeningActive_run-04_eeg.bdf.gz,podcast_22,/home/fanyu/auditory_simulation_m6a/pub_01/s06/sparrkulee_v3.1/raw/derivatives/preprocessed_stimuli/podcast_22_envelope.npy,40223,161,64_PUBLISHER_PIPELINE_NOT_PER_FILE_VERIFIED,UNKNOWN_NPY_HAS_NO_NAMES,UNKNOWN_NPY_HAS_NO_UNITS,HOLD,PAIR_LENGTH_MISMATCH,ALL_SAMPLES
/home/fanyu/auditory_simulation_m6a/pub_01/s06/sparrkulee_v3.1/raw/derivatives/preprocessed_eeg/sub-051/ses-varyingStories06/sub-051_ses-varyingStories06_task-listeningActive_run-02_desc-preproc-audio-podcast_20_eeg.npy,"(64, 51136)",float64,51136,64,0,0,EEG,sub-051_ses-varyingStories06_task-listeningActive_run-02_eeg.bdf.gz,podcast_20,/home/fanyu/auditory_simulation_m6a/pub_01/s06/sparrkulee_v3.1/raw/derivatives/preprocessed_stimuli/podcast_20_envelope.npy,50958,178,64_PUBLISHER_PIPELINE_NOT_PER_FILE_VERIFIED,UNKNOWN_NPY_HAS_NO_NAMES,UNKNOWN_NPY_HAS_NO_UNITS,HOLD,PAIR_LENGTH_MISMATCH,ALL_SAMPLES
/home/fanyu/auditory_simulation_m6a/pub_01/s06/sparrkulee_v3.1/raw/derivatives/preprocessed_eeg/sub-051/ses-varyingStories06/sub-051_ses-varyingStories06_task-listeningActive_run-03_desc-preproc-audio-podcast_22_eeg.npy,"(64, 40384)",float64,40384,64,0,0,EEG,sub-051_ses-varyingStories06_task-listeningActive_run-03_eeg.bdf.gz,podcast_22,/home/fanyu/auditory_simulation_m6a/pub_01/s06/sparrkulee_v3.1/raw/derivatives/preprocessed_stimuli/podcast_22_envelope.npy,40223,161,64_PUBLISHER_PIPELINE_NOT_PER_FILE_VERIFIED,UNKNOWN_NPY_HAS_NO_NAMES,UNKNOWN_NPY_HAS_NO_UNITS,HOLD,PAIR_LENGTH_MISMATCH,ALL_SAMPLES
/home/fanyu/auditory_simulation_m6a/pub_01/s06/sparrkulee_v3.1/raw/derivatives/preprocessed_eeg/sub-051/ses-varyingStories06/sub-051_ses-varyingStories06_task-listeningActive_run-05_desc-preproc-audio-audiobook_12_1_eeg.npy,"(64, 42368)",float64,42368,64,0,0,EEG,sub-051_ses-varyingStories06_task-listeningActive_run-05_eeg.bdf.gz,audiobook_12_1,/home/fanyu/auditory_simulation_m6a/pub_01/s06/sparrkulee_v3.1/raw/derivatives/preprocessed_stimuli/audiobook_12_1_envelope.npy,42239,129,64_PUBLISHER_PIPELINE_NOT_PER_FILE_VERIFIED,UNKNOWN_NPY_HAS_NO_NAMES,UNKNOWN_NPY_HAS_NO_UNITS,HOLD,PAIR_LENGTH_MISMATCH,ALL_SAMPLES
/home/fanyu/auditory_simulation_m6a/pub_01/s06/sparrkulee_v3.1/raw/derivatives/preprocessed_eeg/sub-051/ses-varyingStories06/sub-051_ses-varyingStories06_task-listeningActive_run-06_desc-preproc-audio-audiobook_12_2_eeg.npy,"(64, 48768)",float64,48768,64,0,0,EEG,sub-051_ses-varyingStories06_task-listeningActive_run-06_eeg.bdf.gz,audiobook_12_2,/home/fanyu/auditory_simulation_m6a/pub_01/s06/sparrkulee_v3.1/raw/derivatives/preprocessed_stimuli/audiobook_12_2_envelope.npy,48639,129,64_PUBLISHER_PIPELINE_NOT_PER_FILE_VERIFIED,UNKNOWN_NPY_HAS_NO_NAMES,UNKNOWN_NPY_HAS_NO_UNITS,HOLD,PAIR_LENGTH_MISMATCH,ALL_SAMPLES
/home/fanyu/auditory_simulation_m6a/pub_01/s06/sparrkulee_v3.1/raw/derivatives/preprocessed_eeg/sub-052/ses-varyingStories06/sub-052_ses-varyingStories06_task-listeningActive_run-02_desc-preproc-audio-podcast_22_eeg.npy,"(64, 40384)",float64,40384,64,0,0,EEG,sub-052_ses-varyingStories06_task-listeningActive_run-02_eeg.bdf.gz,podcast_22,/home/fanyu/auditory_simulation_m6a/pub_01/s06/sparrkulee_v3.1/raw/derivatives/preprocessed_stimuli/podcast_22_envelope.npy,40223,161,64_PUBLISHER_PIPELINE_NOT_PER_FILE_VERIFIED,UNKNOWN_NPY_HAS_NO_NAMES,UNKNOWN_NPY_HAS_NO_UNITS,HOLD,PAIR_LENGTH_MISMATCH,ALL_SAMPLES
/home/fanyu/auditory_simulation_m6a/pub_01/s06/sparrkulee_v3.1/raw/derivatives/preprocessed_eeg/sub-052/ses-varyingStories06/sub-052_ses-varyingStories06_task-listeningActive_run-03_desc-preproc-audio-audiobook_12_1_eeg.npy,"(64, 42368)",float64,42368,64,0,0,EEG,sub-052_ses-varyingStories06_task-listeningActive_run-03_eeg.bdf.gz,audiobook_12_1,/home/fanyu/auditory_simulation_m6a/pub_01/s06/sparrkulee_v3.1/raw/derivatives/preprocessed_stimuli/audiobook_12_1_envelope.npy,42239,129,64_PUBLISHER_PIPELINE_NOT_PER_FILE_VERIFIED,UNKNOWN_NPY_HAS_NO_NAMES,UNKNOWN_NPY_HAS_NO_UNITS,HOLD,PAIR_LENGTH_MISMATCH,ALL_SAMPLES
/home/fanyu/auditory_simulation_m6a/pub_01/s06/sparrkulee_v3.1/raw/derivatives/preprocessed_eeg/sub-052/ses-varyingStories06/sub-052_ses-varyingStories06_task-listeningActive_run-04_desc-preproc-audio-audiobook_12_2_eeg.npy,"(64, 48768)",float64,48768,64,0,0,EEG,sub-052_ses-varyingStories06_task-listeningActive_run-04_eeg.bdf.gz,audiobook_12_2,/home/fanyu/auditory_simulation_m6a/pub_01/s06/sparrkulee_v3.1/raw/derivatives/preprocessed_stimuli/audiobook_12_2_envelope.npy,48639,129,64_PUBLISHER_PIPELINE_NOT_PER_FILE_VERIFIED,UNKNOWN_NPY_HAS_NO_NAMES,UNKNOWN_NPY_HAS_NO_UNITS,HOLD,PAIR_LENGTH_MISMATCH,ALL_SAMPLES
/home/fanyu/auditory_simulation_m6a/pub_01/s06/sparrkulee_v3.1/raw/derivatives/preprocessed_eeg/sub-052/ses-varyingStories06/sub-052_ses-varyingStories06_task-listeningActive_run-05_desc-preproc-audio-podcast_20_eeg.npy,"(64, 51136)",float64,51136,64,0,0,EEG,sub-052_ses-varyingStories06_task-listeningActive_run-05_eeg.bdf.gz,podcast_20,/home/fanyu/auditory_simulation_m6a/pub_01/s06/sparrkulee_v3.1/raw/derivatives/preprocessed_stimuli/podcast_20_envelope.npy,50958,178,64_PUBLISHER_PIPELINE_NOT_PER_FILE_VERIFIED,UNKNOWN_NPY_HAS_NO_NAMES,UNKNOWN_NPY_HAS_NO_UNITS,HOLD,PAIR_LENGTH_MISMATCH,ALL_SAMPLES
/home/fanyu/auditory_simulation_m6a/pub_01/s06/sparrkulee_v3.1/raw/derivatives/preprocessed_eeg/sub-053/ses-varyingStories06/sub-053_ses-varyingStories06_task-listeningActive_run-02_desc-preproc-audio-audiobook_12_1_eeg.npy,"(64, 42368)",float64,42368,64,0,0,EEG,sub-053_ses-varyingStories06_task-listeningActive_run-02_eeg.bdf.gz,audiobook_12_1,/home/fanyu/auditory_simulation_m6a/pub_01/s06/sparrkulee_v3.1/raw/derivatives/preprocessed_stimuli/audiobook_12_1_envelope.npy,42239,129,64_PUBLISHER_PIPELINE_NOT_PER_FILE_VERIFIED,UNKNOWN_NPY_HAS_NO_NAMES,UNKNOWN_NPY_HAS_NO_UNITS,HOLD,PAIR_LENGTH_MISMATCH,ALL_SAMPLES
/home/fanyu/auditory_simulation_m6a/pub_01/s06/sparrkulee_v3.1/raw/derivatives/preprocessed_eeg/sub-053/ses-varyingStories06/sub-053_ses-varyingStories06_task-listeningActive_run-03_desc-preproc-audio-audiobook_12_2_eeg.npy,"(64, 48768)",float64,48768,64,0,0,EEG,sub-053_ses-varyingStories06_task-listeningActive_run-03_eeg.bdf.gz,audiobook_12_2,/home/fanyu/auditory_simulation_m6a/pub_01/s06/sparrkulee_v3.1/raw/derivatives/preprocessed_stimuli/audiobook_12_2_envelope.npy,48639,129,64_PUBLISHER_PIPELINE_NOT_PER_FILE_VERIFIED,UNKNOWN_NPY_HAS_NO_NAMES,UNKNOWN_NPY_HAS_NO_UNITS,HOLD,PAIR_LENGTH_MISMATCH,ALL_SAMPLES
/home/fanyu/auditory_simulation_m6a/pub_01/s06/sparrkulee_v3.1/raw/derivatives/preprocessed_eeg/sub-053/ses-varyingStories06/sub-053_ses-varyingStories06_task-listeningActive_run-07_desc-preproc-audio-podcast_20_eeg.npy,"(64, 51136)",float64,51136,64,0,0,EEG,sub-053_ses-varyingStories06_task-listeningActive_run-07_eeg.bdf.gz,podcast_20,/home/fanyu/auditory_simulation_m6a/pub_01/s06/sparrkulee_v3.1/raw/derivatives/preprocessed_stimuli/podcast_20_envelope.npy,50958,178,64_PUBLISHER_PIPELINE_NOT_PER_FILE_VERIFIED,UNKNOWN_NPY_HAS_NO_NAMES,UNKNOWN_NPY_HAS_NO_UNITS,HOLD,PAIR_LENGTH_MISMATCH,ALL_SAMPLES
/home/fanyu/auditory_simulation_m6a/pub_01/s06/sparrkulee_v3.1/raw/derivatives/preprocessed_eeg/sub-053/ses-varyingStories06/sub-053_ses-varyingStories06_task-listeningActive_run-09_desc-preproc-audio-podcast_22_eeg.npy,"(64, 40384)",float64,40384,64,0,0,EEG,sub-053_ses-varyingStories06_task-listeningActive_run-09_eeg.bdf.gz,podcast_22,/home/fanyu/auditory_simulation_m6a/pub_01/s06/sparrkulee_v3.1/raw/derivatives/preprocessed_stimuli/podcast_22_envelope.npy,40223,161,64_PUBLISHER_PIPELINE_NOT_PER_FILE_VERIFIED,UNKNOWN_NPY_HAS_NO_NAMES,UNKNOWN_NPY_HAS_NO_UNITS,HOLD,PAIR_LENGTH_MISMATCH,ALL_SAMPLES
/home/fanyu/auditory_simulation_m6a/pub_01/s06/sparrkulee_v3.1/raw/derivatives/preprocessed_eeg/sub-054/ses-varyingStories06/sub-054_ses-varyingStories06_task-listeningActive_run-02_desc-preproc-audio-audiobook_12_1_eeg.npy,"(64, 42368)",float64,42368,64,0,0,EEG,sub-054_ses-varyingStories06_task-listeningActive_run-02_eeg.bdf.gz,audiobook_12_1,/home/fanyu/auditory_simulation_m6a/pub_01/s06/sparrkulee_v3.1/raw/derivatives/preprocessed_stimuli/audiobook_12_1_envelope.npy,42239,129,64_PUBLISHER_PIPELINE_NOT_PER_FILE_VERIFIED,UNKNOWN_NPY_HAS_NO_NAMES,UNKNOWN_NPY_HAS_NO_UNITS,HOLD,PAIR_LENGTH_MISMATCH,ALL_SAMPLES
/home/fanyu/auditory_simulation_m6a/pub_01/s06/sparrkulee_v3.1/raw/derivatives/preprocessed_eeg/sub-054/ses-varyingStories06/sub-054_ses-varyingStories06_task-listeningActive_run-03_desc-preproc-audio-audiobook_12_2_eeg.npy,"(64, 48768)",float64,48768,64,0,0,EEG,sub-054_ses-varyingStories06_task-listeningActive_run-03_eeg.bdf.gz,audiobook_12_2,/home/fanyu/auditory_simulation_m6a/pub_01/s06/sparrkulee_v3.1/raw/derivatives/preprocessed_stimuli/audiobook_12_2_envelope.npy,48639,129,64_PUBLISHER_PIPELINE_NOT_PER_FILE_VERIFIED,UNKNOWN_NPY_HAS_NO_NAMES,UNKNOWN_NPY_HAS_NO_UNITS,HOLD,PAIR_LENGTH_MISMATCH,ALL_SAMPLES
/home/fanyu/auditory_simulation_m6a/pub_01/s06/sparrkulee_v3.1/raw/derivatives/preprocessed_eeg/sub-054/ses-varyingStories06/sub-054_ses-varyingStories06_task-listeningActive_run-04_desc-preproc-audio-podcast_20_eeg.npy,"(64, 51136)",float64,51136,64,0,0,EEG,sub-054_ses-varyingStories06_task-listeningActive_run-04_eeg.bdf.gz,podcast_20,/home/fanyu/auditory_simulation_m6a/pub_01/s06/sparrkulee_v3.1/raw/derivatives/preprocessed_stimuli/podcast_20_envelope.npy,50958,178,64_PUBLISHER_PIPELINE_NOT_PER_FILE_VERIFIED,UNKNOWN_NPY_HAS_NO_NAMES,UNKNOWN_NPY_HAS_NO_UNITS,HOLD,PAIR_LENGTH_MISMATCH,ALL_SAMPLES
/home/fanyu/auditory_simulation_m6a/pub_01/s06/sparrkulee_v3.1/raw/derivatives/preprocessed_eeg/sub-054/ses-varyingStories06/sub-054_ses-varyingStories06_task-listeningActive_run-08_desc-preproc-audio-podcast_22_eeg.npy,"(64, 40384)",float64,40384,64,0,0,EEG,sub-054_ses-varyingStories06_task-listeningActive_run-08_eeg.bdf.gz,podcast_22,/home/fanyu/auditory_simulation_m6a/pub_01/s06/sparrkulee_v3.1/raw/derivatives/preprocessed_stimuli/podcast_22_envelope.npy,40223,161,64_PUBLISHER_PIPELINE_NOT_PER_FILE_VERIFIED,UNKNOWN_NPY_HAS_NO_NAMES,UNKNOWN_NPY_HAS_NO_UNITS,HOLD,PAIR_LENGTH_MISMATCH,ALL_SAMPLES
/home/fanyu/auditory_simulation_m6a/pub_01/s06/sparrkulee_v3.1/raw/derivatives/preprocessed_eeg/sub-055/ses-varyingStories06/sub-055_ses-varyingStories06_task-listeningActive_run-02_desc-preproc-audio-podcast_20_eeg.npy,"(64, 51136)",float64,51136,64,0,0,EEG,sub-055_ses-varyingStories06_task-listeningActive_run-02_eeg.bdf.gz,podcast_20,/home/fanyu/auditory_simulation_m6a/pub_01/s06/sparrkulee_v3.1/raw/derivatives/preprocessed_stimuli/podcast_20_envelope.npy,50958,178,64_PUBLISHER_PIPELINE_NOT_PER_FILE_VERIFIED,UNKNOWN_NPY_HAS_NO_NAMES,UNKNOWN_NPY_HAS_NO_UNITS,HOLD,PAIR_LENGTH_MISMATCH,ALL_SAMPLES
/home/fanyu/auditory_simulation_m6a/pub_01/s06/sparrkulee_v3.1/raw/derivatives/preprocessed_eeg/sub-055/ses-varyingStories06/sub-055_ses-varyingStories06_task-listeningActive_run-03_desc-preproc-audio-audiobook_12_1_eeg.npy,"(64, 42368)",float64,42368,64,0,0,EEG,sub-055_ses-varyingStories06_task-listeningActive_run-03_eeg.bdf.gz,audiobook_12_1,/home/fanyu/auditory_simulation_m6a/pub_01/s06/sparrkulee_v3.1/raw/derivatives/preprocessed_stimuli/audiobook_12_1_envelope.npy,42239,129,64_PUBLISHER_PIPELINE_NOT_PER_FILE_VERIFIED,UNKNOWN_NPY_HAS_NO_NAMES,UNKNOWN_NPY_HAS_NO_UNITS,HOLD,PAIR_LENGTH_MISMATCH,ALL_SAMPLES
/home/fanyu/auditory_simulation_m6a/pub_01/s06/sparrkulee_v3.1/raw/derivatives/preprocessed_eeg/sub-055/ses-varyingStories06/sub-055_ses-varyingStories06_task-listeningActive_run-04_desc-preproc-audio-audiobook_12_2_eeg.npy,"(64, 48768)",float64,48768,64,0,0,EEG,sub-055_ses-varyingStories06_task-listeningActive_run-04_eeg.bdf.gz,audiobook_12_2,/home/fanyu/auditory_simulation_m6a/pub_01/s06/sparrkulee_v3.1/raw/derivatives/preprocessed_stimuli/audiobook_12_2_envelope.npy,48639,129,64_PUBLISHER_PIPELINE_NOT_PER_FILE_VERIFIED,UNKNOWN_NPY_HAS_NO_NAMES,UNKNOWN_NPY_HAS_NO_UNITS,HOLD,PAIR_LENGTH_MISMATCH,ALL_SAMPLES
/home/fanyu/auditory_simulation_m6a/pub_01/s06/sparrkulee_v3.1/raw/derivatives/preprocessed_eeg/sub-055/ses-varyingStories06/sub-055_ses-varyingStories06_task-listeningActive_run-09_desc-preproc-audio-podcast_22_eeg.npy,"(64, 40384)",float64,40384,64,0,0,EEG,sub-055_ses-varyingStories06_task-listeningActive_run-09_eeg.bdf.gz,podcast_22,/home/fanyu/auditory_simulation_m6a/pub_01/s06/sparrkulee_v3.1/raw/derivatives/preprocessed_stimuli/podcast_22_envelope.npy,40223,161,64_PUBLISHER_PIPELINE_NOT_PER_FILE_VERIFIED,UNKNOWN_NPY_HAS_NO_NAMES,UNKNOWN_NPY_HAS_NO_UNITS,HOLD,PAIR_LENGTH_MISMATCH,ALL_SAMPLES
/home/fanyu/auditory_simulation_m6a/pub_01/s06/sparrkulee_v3.1/raw/derivatives/preprocessed_eeg/sub-056/ses-varyingStories06/sub-056_ses-varyingStories06_task-listeningActive_run-03_desc-preproc-audio-podcast_22_eeg.npy,"(64, 40384)",float64,40384,64,0,0,EEG,sub-056_ses-varyingStories06_task-listeningActive_run-03_eeg.bdf.gz,podcast_22,/home/fanyu/auditory_simulation_m6a/pub_01/s06/sparrkulee_v3.1/raw/derivatives/preprocessed_stimuli/podcast_22_envelope.npy,40223,161,64_PUBLISHER_PIPELINE_NOT_PER_FILE_VERIFIED,UNKNOWN_NPY_HAS_NO_NAMES,UNKNOWN_NPY_HAS_NO_UNITS,HOLD,PAIR_LENGTH_MISMATCH,ALL_SAMPLES
/home/fanyu/auditory_simulation_m6a/pub_01/s06/sparrkulee_v3.1/raw/derivatives/preprocessed_eeg/sub-056/ses-varyingStories06/sub-056_ses-varyingStories06_task-listeningActive_run-04_desc-preproc-audio-podcast_20_eeg.npy,"(64, 51136)",float64,51136,64,0,0,EEG,sub-056_ses-varyingStories06_task-listeningActive_run-04_eeg.bdf.gz,podcast_20,/home/fanyu/auditory_simulation_m6a/pub_01/s06/sparrkulee_v3.1/raw/derivatives/preprocessed_stimuli/podcast_20_envelope.npy,50958,178,64_PUBLISHER_PIPELINE_NOT_PER_FILE_VERIFIED,UNKNOWN_NPY_HAS_NO_NAMES,UNKNOWN_NPY_HAS_NO_UNITS,HOLD,PAIR_LENGTH_MISMATCH,ALL_SAMPLES
/home/fanyu/auditory_simulation_m6a/pub_01/s06/sparrkulee_v3.1/raw/derivatives/preprocessed_eeg/sub-056/ses-varyingStories06/sub-056_ses-varyingStories06_task-listeningActive_run-05_desc-preproc-audio-audiobook_12_1_eeg.npy,"(64, 42368)",float64,42368,64,0,0,EEG,sub-056_ses-varyingStories06_task-listeningActive_run-05_eeg.bdf.gz,audiobook_12_1,/home/fanyu/auditory_simulation_m6a/pub_01/s06/sparrkulee_v3.1/raw/derivatives/preprocessed_stimuli/audiobook_12_1_envelope.npy,42239,129,64_PUBLISHER_PIPELINE_NOT_PER_FILE_VERIFIED,UNKNOWN_NPY_HAS_NO_NAMES,UNKNOWN_NPY_HAS_NO_UNITS,HOLD,PAIR_LENGTH_MISMATCH,ALL_SAMPLES
/home/fanyu/auditory_simulation_m6a/pub_01/s06/sparrkulee_v3.1/raw/derivatives/preprocessed_eeg/sub-056/ses-varyingStories06/sub-056_ses-varyingStories06_task-listeningActive_run-06_desc-preproc-audio-audiobook_12_2_eeg.npy,"(64, 48768)",float64,48768,64,0,0,EEG,sub-056_ses-varyingStories06_task-listeningActive_run-06_eeg.bdf.gz,audiobook_12_2,/home/fanyu/auditory_simulation_m6a/pub_01/s06/sparrkulee_v3.1/raw/derivatives/preprocessed_stimuli/audiobook_12_2_envelope.npy,48639,129,64_PUBLISHER_PIPELINE_NOT_PER_FILE_VERIFIED,UNKNOWN_NPY_HAS_NO_NAMES,UNKNOWN_NPY_HAS_NO_UNITS,HOLD,PAIR_LENGTH_MISMATCH,ALL_SAMPLES
/home/fanyu/auditory_simulation_m6a/pub_01/s06/sparrkulee_v3.1/raw/derivatives/preprocessed_eeg/sub-057/ses-varyingStories07/sub-057_ses-varyingStories07_task-listeningActive_run-05_desc-preproc-audio-podcast_26_eeg.npy,"(64, 50688)",float64,50688,64,0,0,EEG,sub-057_ses-varyingStories07_task-listeningActive_run-05_eeg.bdf.gz,podcast_26,/home/fanyu/auditory_simulation_m6a/pub_01/s06/sparrkulee_v3.1/raw/derivatives/preprocessed_stimuli/podcast_26_envelope.npy,50538,150,64_PUBLISHER_PIPELINE_NOT_PER_FILE_VERIFIED,UNKNOWN_NPY_HAS_NO_NAMES,UNKNOWN_NPY_HAS_NO_UNITS,HOLD,PAIR_LENGTH_MISMATCH,ALL_SAMPLES
/home/fanyu/auditory_simulation_m6a/pub_01/s06/sparrkulee_v3.1/raw/derivatives/preprocessed_eeg/sub-058/ses-varyingStories07/sub-058_ses-varyingStories07_task-listeningActive_run-08_desc-preproc-audio-podcast_26_eeg.npy,"(64, 50688)",float64,50688,64,0,0,EEG,sub-058_ses-varyingStories07_task-listeningActive_run-08_eeg.bdf.gz,podcast_26,/home/fanyu/auditory_simulation_m6a/pub_01/s06/sparrkulee_v3.1/raw/derivatives/preprocessed_stimuli/podcast_26_envelope.npy,50538,150,64_PUBLISHER_PIPELINE_NOT_PER_FILE_VERIFIED,UNKNOWN_NPY_HAS_NO_NAMES,UNKNOWN_NPY_HAS_NO_UNITS,HOLD,PAIR_LENGTH_MISMATCH,ALL_SAMPLES
/home/fanyu/auditory_simulation_m6a/pub_01/s06/sparrkulee_v3.1/raw/derivatives/preprocessed_eeg/sub-059/ses-varyingStories07/sub-059_ses-varyingStories07_task-listeningActive_run-08_desc-preproc-audio-podcast_26_eeg.npy,"(64, 50688)",float64,50688,64,0,0,EEG,sub-059_ses-varyingStories07_task-listeningActive_run-08_eeg.bdf.gz,podcast_26,/home/fanyu/auditory_simulation_m6a/pub_01/s06/sparrkulee_v3.1/raw/derivatives/preprocessed_stimuli/podcast_26_envelope.npy,50538,150,64_PUBLISHER_PIPELINE_NOT_PER_FILE_VERIFIED,UNKNOWN_NPY_HAS_NO_NAMES,UNKNOWN_NPY_HAS_NO_UNITS,HOLD,PAIR_LENGTH_MISMATCH,ALL_SAMPLES
/home/fanyu/auditory_simulation_m6a/pub_01/s06/sparrkulee_v3.1/raw/derivatives/preprocessed_eeg/sub-060/ses-varyingStories07/sub-060_ses-varyingStories07_task-listeningActive_run-03_desc-preproc-audio-podcast_26_eeg.npy,"(64, 50688)",float64,50688,64,0,0,EEG,sub-060_ses-varyingStories07_task-listeningActive_run-03_eeg.bdf.gz,podcast_26,/home/fanyu/auditory_simulation_m6a/pub_01/s06/sparrkulee_v3.1/raw/derivatives/preprocessed_stimuli/podcast_26_envelope.npy,50538,150,64_PUBLISHER_PIPELINE_NOT_PER_FILE_VERIFIED,UNKNOWN_NPY_HAS_NO_NAMES,UNKNOWN_NPY_HAS_NO_UNITS,HOLD,PAIR_LENGTH_MISMATCH,ALL_SAMPLES
/home/fanyu/auditory_simulation_m6a/pub_01/s06/sparrkulee_v3.1/raw/derivatives/preprocessed_eeg/sub-061/ses-varyingStories07/sub-061_ses-varyingStories07_task-listeningActive_run-07_desc-preproc-audio-podcast_26_eeg.npy,"(64, 50688)",float64,50688,64,0,0,EEG,sub-061_ses-varyingStories07_task-listeningActive_run-07_eeg.bdf.gz,podcast_26,/home/fanyu/auditory_simulation_m6a/pub_01/s06/sparrkulee_v3.1/raw/derivatives/preprocessed_stimuli/podcast_26_envelope.npy,50538,150,64_PUBLISHER_PIPELINE_NOT_PER_FILE_VERIFIED,UNKNOWN_NPY_HAS_NO_NAMES,UNKNOWN_NPY_HAS_NO_UNITS,HOLD,PAIR_LENGTH_MISMATCH,ALL_SAMPLES
/home/fanyu/auditory_simulation_m6a/pub_01/s06/sparrkulee_v3.1/raw/derivatives/preprocessed_eeg/sub-062/ses-varyingStories07/sub-062_ses-varyingStories07_task-listeningActive_run-04_desc-preproc-audio-podcast_26_eeg.npy,"(64, 50688)",float64,50688,64,0,0,EEG,sub-062_ses-varyingStories07_task-listeningActive_run-04_eeg.bdf.gz,podcast_26,/home/fanyu/auditory_simulation_m6a/pub_01/s06/sparrkulee_v3.1/raw/derivatives/preprocessed_stimuli/podcast_26_envelope.npy,50538,150,64_PUBLISHER_PIPELINE_NOT_PER_FILE_VERIFIED,UNKNOWN_NPY_HAS_NO_NAMES,UNKNOWN_NPY_HAS_NO_UNITS,HOLD,PAIR_LENGTH_MISMATCH,ALL_SAMPLES
/home/fanyu/auditory_simulation_m6a/pub_01/s06/sparrkulee_v3.1/raw/derivatives/preprocessed_eeg/sub-063/ses-varyingStories08/sub-063_ses-varyingStories08_task-listeningActive_run-04_desc-preproc-audio-podcast_28_eeg.npy,"(64, 51840)",float64,51840,64,0,0,EEG,sub-063_ses-varyingStories08_task-listeningActive_run-04_eeg.bdf.gz,podcast_28,/home/fanyu/auditory_simulation_m6a/pub_01/s06/sparrkulee_v3.1/raw/derivatives/preprocessed_stimuli/podcast_28_envelope.npy,51701,139,64_PUBLISHER_PIPELINE_NOT_PER_FILE_VERIFIED,UNKNOWN_NPY_HAS_NO_NAMES,UNKNOWN_NPY_HAS_NO_UNITS,HOLD,PAIR_LENGTH_MISMATCH,ALL_SAMPLES
/home/fanyu/auditory_simulation_m6a/pub_01/s06/sparrkulee_v3.1/raw/derivatives/preprocessed_eeg/sub-064/ses-varyingStories08/sub-064_ses-varyingStories08_task-listeningActive_run-06_desc-preproc-audio-podcast_28_eeg.npy,"(64, 51840)",float64,51840,64,0,0,EEG,sub-064_ses-varyingStories08_task-listeningActive_run-06_eeg.bdf.gz,podcast_28,/home/fanyu/auditory_simulation_m6a/pub_01/s06/sparrkulee_v3.1/raw/derivatives/preprocessed_stimuli/podcast_28_envelope.npy,51701,139,64_PUBLISHER_PIPELINE_NOT_PER_FILE_VERIFIED,UNKNOWN_NPY_HAS_NO_NAMES,UNKNOWN_NPY_HAS_NO_UNITS,HOLD,PAIR_LENGTH_MISMATCH,ALL_SAMPLES
/home/fanyu/auditory_simulation_m6a/pub_01/s06/sparrkulee_v3.1/raw/derivatives/preprocessed_eeg/sub-065/ses-varyingStories08/sub-065_ses-varyingStories08_task-listeningActive_run-09_desc-preproc-audio-podcast_28_eeg.npy,"(64, 51840)",float64,51840,64,0,0,EEG,sub-065_ses-varyingStories08_task-listeningActive_run-09_eeg.bdf.gz,podcast_28,/home/fanyu/auditory_simulation_m6a/pub_01/s06/sparrkulee_v3.1/raw/derivatives/preprocessed_stimuli/podcast_28_envelope.npy,51701,139,64_PUBLISHER_PIPELINE_NOT_PER_FILE_VERIFIED,UNKNOWN_NPY_HAS_NO_NAMES,UNKNOWN_NPY_HAS_NO_UNITS,HOLD,PAIR_LENGTH_MISMATCH,ALL_SAMPLES
/home/fanyu/auditory_simulation_m6a/pub_01/s06/sparrkulee_v3.1/raw/derivatives/preprocessed_eeg/sub-066/ses-varyingStories08/sub-066_ses-varyingStories08_task-listeningActive_run-09_desc-preproc-audio-podcast_28_eeg.npy,"(64, 51840)",float64,51840,64,0,0,EEG,sub-066_ses-varyingStories08_task-listeningActive_run-09_eeg.bdf.gz,podcast_28,/home/fanyu/auditory_simulation_m6a/pub_01/s06/sparrkulee_v3.1/raw/derivatives/preprocessed_stimuli/podcast_28_envelope.npy,51701,139,64_PUBLISHER_PIPELINE_NOT_PER_FILE_VERIFIED,UNKNOWN_NPY_HAS_NO_NAMES,UNKNOWN_NPY_HAS_NO_UNITS,HOLD,PAIR_LENGTH_MISMATCH,ALL_SAMPLES
/home/fanyu/auditory_simulation_m6a/pub_01/s06/sparrkulee_v3.1/raw/derivatives/preprocessed_eeg/sub-067/ses-varyingStories08/sub-067_ses-varyingStories08_task-listeningActive_run-08_desc-preproc-audio-podcast_28_eeg.npy,"(64, 51840)",float64,51840,64,0,0,EEG,sub-067_ses-varyingStories08_task-listeningActive_run-08_eeg.bdf.gz,podcast_28,/home/fanyu/auditory_simulation_m6a/pub_01/s06/sparrkulee_v3.1/raw/derivatives/preprocessed_stimuli/podcast_28_envelope.npy,51701,139,64_PUBLISHER_PIPELINE_NOT_PER_FILE_VERIFIED,UNKNOWN_NPY_HAS_NO_NAMES,UNKNOWN_NPY_HAS_NO_UNITS,HOLD,PAIR_LENGTH_MISMATCH,ALL_SAMPLES
/home/fanyu/auditory_simulation_m6a/pub_01/s06/sparrkulee_v3.1/raw/derivatives/preprocessed_eeg/sub-068/ses-varyingStories08/sub-068_ses-varyingStories08_task-listeningActive_run-09_desc-preproc-audio-podcast_28_eeg.npy,"(64, 51840)",float64,51840,64,0,0,EEG,sub-068_ses-varyingStories08_task-listeningActive_run-09_eeg.bdf.gz,podcast_28,/home/fanyu/auditory_simulation_m6a/pub_01/s06/sparrkulee_v3.1/raw/derivatives/preprocessed_stimuli/podcast_28_envelope.npy,51701,139,64_PUBLISHER_PIPELINE_NOT_PER_FILE_VERIFIED,UNKNOWN_NPY_HAS_NO_NAMES,UNKNOWN_NPY_HAS_NO_UNITS,HOLD,PAIR_LENGTH_MISMATCH,ALL_SAMPLES
/home/fanyu/auditory_simulation_m6a/pub_01/s06/sparrkulee_v3.1/raw/derivatives/preprocessed_eeg/sub-069/ses-varyingStories08/sub-069_ses-varyingStories08_task-listeningActive_run-06_desc-preproc-audio-podcast_28_eeg.npy,"(64, 51840)",float64,51840,64,0,0,EEG,sub-069_ses-varyingStories08_task-listeningActive_run-06_eeg.bdf.gz,podcast_28,/home/fanyu/auditory_simulation_m6a/pub_01/s06/sparrkulee_v3.1/raw/derivatives/preprocessed_stimuli/podcast_28_envelope.npy,51701,139,64_PUBLISHER_PIPELINE_NOT_PER_FILE_VERIFIED,UNKNOWN_NPY_HAS_NO_NAMES,UNKNOWN_NPY_HAS_NO_UNITS,HOLD,PAIR_LENGTH_MISMATCH,ALL_SAMPLES
/home/fanyu/auditory_simulation_m6a/pub_01/s06/sparrkulee_v3.1/raw/derivatives/preprocessed_eeg/sub-070/ses-varyingStories08/sub-070_ses-varyingStories08_task-listeningActive_run-03_desc-preproc-audio-podcast_28_eeg.npy,"(64, 51840)",float64,51840,64,0,0,EEG,sub-070_ses-varyingStories08_task-listeningActive_run-03_eeg.bdf.gz,podcast_28,/home/fanyu/auditory_simulation_m6a/pub_01/s06/sparrkulee_v3.1/raw/derivatives/preprocessed_stimuli/podcast_28_envelope.npy,51701,139,64_PUBLISHER_PIPELINE_NOT_PER_FILE_VERIFIED,UNKNOWN_NPY_HAS_NO_NAMES,UNKNOWN_NPY_HAS_NO_UNITS,HOLD,PAIR_LENGTH_MISMATCH,ALL_SAMPLES
/home/fanyu/auditory_simulation_m6a/pub_01/s06/sparrkulee_v3.1/raw/derivatives/preprocessed_eeg/sub-071/ses-varyingStories08/sub-071_ses-varyingStories08_task-listeningActive_run-04_desc-preproc-audio-podcast_28_eeg.npy,"(64, 51840)",float64,51840,64,0,0,EEG,sub-071_ses-varyingStories08_task-listeningActive_run-04_eeg.bdf.gz,podcast_28,/home/fanyu/auditory_simulation_m6a/pub_01/s06/sparrkulee_v3.1/raw/derivatives/preprocessed_stimuli/podcast_28_envelope.npy,51701,139,64_PUBLISHER_PIPELINE_NOT_PER_FILE_VERIFIED,UNKNOWN_NPY_HAS_NO_NAMES,UNKNOWN_NPY_HAS_NO_UNITS,HOLD,PAIR_LENGTH_MISMATCH,ALL_SAMPLES
/home/fanyu/auditory_simulation_m6a/pub_01/s06/sparrkulee_v3.1/raw/derivatives/preprocessed_eeg/sub-072/ses-varyingStories09/sub-072_ses-varyingStories09_task-listeningActive_run-07_desc-preproc-audio-podcast_33_eeg.npy,"(64, 45632)",float64,45632,64,0,0,EEG,sub-072_ses-varyingStories09_task-listeningActive_run-07_eeg.bdf.gz,podcast_33,/home/fanyu/auditory_simulation_m6a/pub_01/s06/sparrkulee_v3.1/raw/derivatives/preprocessed_stimuli/podcast_33_envelope.npy,45474,158,64_PUBLISHER_PIPELINE_NOT_PER_FILE_VERIFIED,UNKNOWN_NPY_HAS_NO_NAMES,UNKNOWN_NPY_HAS_NO_UNITS,HOLD,PAIR_LENGTH_MISMATCH,ALL_SAMPLES
/home/fanyu/auditory_simulation_m6a/pub_01/s06/sparrkulee_v3.1/raw/derivatives/preprocessed_eeg/sub-073/ses-varyingStories09/sub-073_ses-varyingStories09_task-listeningActive_run-02_desc-preproc-audio-podcast_33_eeg.npy,"(64, 45632)",float64,45632,64,0,0,EEG,sub-073_ses-varyingStories09_task-listeningActive_run-02_eeg.bdf.gz,podcast_33,/home/fanyu/auditory_simulation_m6a/pub_01/s06/sparrkulee_v3.1/raw/derivatives/preprocessed_stimuli/podcast_33_envelope.npy,45474,158,64_PUBLISHER_PIPELINE_NOT_PER_FILE_VERIFIED,UNKNOWN_NPY_HAS_NO_NAMES,UNKNOWN_NPY_HAS_NO_UNITS,HOLD,PAIR_LENGTH_MISMATCH,ALL_SAMPLES
/home/fanyu/auditory_simulation_m6a/pub_01/s06/sparrkulee_v3.1/raw/derivatives/preprocessed_eeg/sub-074/ses-varyingStories09/sub-074_ses-varyingStories09_task-listeningActive_run-05_desc-preproc-audio-podcast_33_eeg.npy,"(64, 45632)",float64,45632,64,0,0,EEG,sub-074_ses-varyingStories09_task-listeningActive_run-05_eeg.bdf.gz,podcast_33,/home/fanyu/auditory_simulation_m6a/pub_01/s06/sparrkulee_v3.1/raw/derivatives/preprocessed_stimuli/podcast_33_envelope.npy,45474,158,64_PUBLISHER_PIPELINE_NOT_PER_FILE_VERIFIED,UNKNOWN_NPY_HAS_NO_NAMES,UNKNOWN_NPY_HAS_NO_UNITS,HOLD,PAIR_LENGTH_MISMATCH,ALL_SAMPLES
/home/fanyu/auditory_simulation_m6a/pub_01/s06/sparrkulee_v3.1/raw/derivatives/preprocessed_eeg/sub-075/ses-varyingStories09/sub-075_ses-varyingStories09_task-listeningActive_run-01_desc-preproc-audio-podcast_33_eeg.npy,"(64, 45632)",float64,45632,64,0,0,EEG,sub-075_ses-varyingStories09_task-listeningActive_run-01_eeg.bdf.gz,podcast_33,/home/fanyu/auditory_simulation_m6a/pub_01/s06/sparrkulee_v3.1/raw/derivatives/preprocessed_stimuli/podcast_33_envelope.npy,45474,158,64_PUBLISHER_PIPELINE_NOT_PER_FILE_VERIFIED,UNKNOWN_NPY_HAS_NO_NAMES,UNKNOWN_NPY_HAS_NO_UNITS,HOLD,PAIR_LENGTH_MISMATCH,ALL_SAMPLES
/home/fanyu/auditory_simulation_m6a/pub_01/s06/sparrkulee_v3.1/raw/derivatives/preprocessed_eeg/sub-076/ses-varyingStories09/sub-076_ses-varyingStories09_task-listeningActive_run-04_desc-preproc-audio-podcast_33_eeg.npy,"(64, 45632)",float64,45632,64,0,0,EEG,sub-076_ses-varyingStories09_task-listeningActive_run-04_eeg.bdf.gz,podcast_33,/home/fanyu/auditory_simulation_m6a/pub_01/s06/sparrkulee_v3.1/raw/derivatives/preprocessed_stimuli/podcast_33_envelope.npy,45474,158,64_PUBLISHER_PIPELINE_NOT_PER_FILE_VERIFIED,UNKNOWN_NPY_HAS_NO_NAMES,UNKNOWN_NPY_HAS_NO_UNITS,HOLD,PAIR_LENGTH_MISMATCH,ALL_SAMPLES
/home/fanyu/auditory_simulation_m6a/pub_01/s06/sparrkulee_v3.1/raw/derivatives/preprocessed_eeg/sub-078/ses-varyingStories09/sub-078_ses-varyingStories09_task-listeningActive_run-08_desc-preproc-audio-podcast_33_eeg.npy,"(64, 45632)",float64,45632,64,0,0,EEG,sub-078_ses-varyingStories09_task-listeningActive_run-08_eeg.bdf.gz,podcast_33,/home/fanyu/auditory_simulation_m6a/pub_01/s06/sparrkulee_v3.1/raw/derivatives/preprocessed_stimuli/podcast_33_envelope.npy,45474,158,64_PUBLISHER_PIPELINE_NOT_PER_FILE_VERIFIED,UNKNOWN_NPY_HAS_NO_NAMES,UNKNOWN_NPY_HAS_NO_UNITS,HOLD,PAIR_LENGTH_MISMATCH,ALL_SAMPLES
/home/fanyu/auditory_simulation_m6a/pub_01/s06/sparrkulee_v3.1/raw/derivatives/preprocessed_stimuli/audiobook_10_1_envelope.npy,"(39391, 1)",float64,39391,1,0,0,STIMULUS_FEATURE,UNKNOWN,UNKNOWN,UNKNOWN,UNKNOWN,UNKNOWN,64_PUBLISHER_PIPELINE_NOT_PER_FILE_VERIFIED,UNKNOWN_NPY_HAS_NO_NAMES,UNKNOWN_NPY_HAS_NO_UNITS,PASS_FORMAT_QC_ONLY,,ALL_SAMPLES
/home/fanyu/auditory_simulation_m6a/pub_01/s06/sparrkulee_v3.1/raw/derivatives/preprocessed_stimuli/audiobook_10_2_envelope.npy,"(41695, 1)",float64,41695,1,0,0,STIMULUS_FEATURE,UNKNOWN,UNKNOWN,UNKNOWN,UNKNOWN,UNKNOWN,64_PUBLISHER_PIPELINE_NOT_PER_FILE_VERIFIED,UNKNOWN_NPY_HAS_NO_NAMES,UNKNOWN_NPY_HAS_NO_UNITS,PASS_FORMAT_QC_ONLY,,ALL_SAMPLES
/home/fanyu/auditory_simulation_m6a/pub_01/s06/sparrkulee_v3.1/raw/derivatives/preprocessed_stimuli/audiobook_11_1_envelope.npy,"(50649, 1)",float64,50649,1,0,0,STIMULUS_FEATURE,UNKNOWN,UNKNOWN,UNKNOWN,UNKNOWN,UNKNOWN,64_PUBLISHER_PIPELINE_NOT_PER_FILE_VERIFIED,UNKNOWN_NPY_HAS_NO_NAMES,UNKNOWN_NPY_HAS_NO_UNITS,PASS_FORMAT_QC_ONLY,,ALL_SAMPLES
/home/fanyu/auditory_simulation_m6a/pub_01/s06/sparrkulee_v3.1/raw/derivatives/preprocessed_stimuli/audiobook_11_2_envelope.npy,"(38105, 1)",float64,38105,1,0,0,STIMULUS_FEATURE,UNKNOWN,UNKNOWN,UNKNOWN,UNKNOWN,UNKNOWN,64_PUBLISHER_PIPELINE_NOT_PER_FILE_VERIFIED,UNKNOWN_NPY_HAS_NO_NAMES,UNKNOWN_NPY_HAS_NO_UNITS,PASS_FORMAT_QC_ONLY,,ALL_SAMPLES
/home/fanyu/auditory_simulation_m6a/pub_01/s06/sparrkulee_v3.1/raw/derivatives/preprocessed_stimuli/audiobook_12_1_envelope.npy,"(42239, 1)",float64,42239,1,0,0,STIMULUS_FEATURE,UNKNOWN,UNKNOWN,UNKNOWN,UNKNOWN,UNKNOWN,64_PUBLISHER_PIPELINE_NOT_PER_FILE_VERIFIED,UNKNOWN_NPY_HAS_NO_NAMES,UNKNOWN_NPY_HAS_NO_UNITS,PASS_FORMAT_QC_ONLY,,ALL_SAMPLES
/home/fanyu/auditory_simulation_m6a/pub_01/s06/sparrkulee_v3.1/raw/derivatives/preprocessed_stimuli/audiobook_12_2_envelope.npy,"(48639, 1)",float64,48639,1,0,0,STIMULUS_FEATURE,UNKNOWN,UNKNOWN,UNKNOWN,UNKNOWN,UNKNOWN,64_PUBLISHER_PIPELINE_NOT_PER_FILE_VERIFIED,UNKNOWN_NPY_HAS_NO_NAMES,UNKNOWN_NPY_HAS_NO_UNITS,PASS_FORMAT_QC_ONLY,,ALL_SAMPLES
/home/fanyu/auditory_simulation_m6a/pub_01/s06/sparrkulee_v3.1/raw/derivatives/preprocessed_stimuli/audiobook_13_1_envelope.npy,"(64094, 1)",float64,64094,1,0,0,STIMULUS_FEATURE,UNKNOWN,UNKNOWN,UNKNOWN,UNKNOWN,UNKNOWN,64_PUBLISHER_PIPELINE_NOT_PER_FILE_VERIFIED,UNKNOWN_NPY_HAS_NO_NAMES,UNKNOWN_NPY_HAS_NO_UNITS,PASS_FORMAT_QC_ONLY,,ALL_SAMPLES
/home/fanyu/auditory_simulation_m6a/pub_01/s06/sparrkulee_v3.1/raw/derivatives/preprocessed_stimuli/audiobook_13_2_envelope.npy,"(54494, 1)",float64,54494,1,0,0,STIMULUS_FEATURE,UNKNOWN,UNKNOWN,UNKNOWN,UNKNOWN,UNKNOWN,64_PUBLISHER_PIPELINE_NOT_PER_FILE_VERIFIED,UNKNOWN_NPY_HAS_NO_NAMES,UNKNOWN_NPY_HAS_NO_UNITS,PASS_FORMAT_QC_ONLY,,ALL_SAMPLES
/home/fanyu/auditory_simulation_m6a/pub_01/s06/sparrkulee_v3.1/raw/derivatives/preprocessed_stimuli/audiobook_14_1_envelope.npy,"(67344, 1)",float64,67344,1,0,0,STIMULUS_FEATURE,UNKNOWN,UNKNOWN,UNKNOWN,UNKNOWN,UNKNOWN,64_PUBLISHER_PIPELINE_NOT_PER_FILE_VERIFIED,UNKNOWN_NPY_HAS_NO_NAMES,UNKNOWN_NPY_HAS_NO_UNITS,PASS_FORMAT_QC_ONLY,,ALL_SAMPLES
/home/fanyu/auditory_simulation_m6a/pub_01/s06/sparrkulee_v3.1/raw/derivatives/preprocessed_stimuli/audiobook_14_2_envelope.npy,"(73488, 1)",float64,73488,1,0,0,STIMULUS_FEATURE,UNKNOWN,UNKNOWN,UNKNOWN,UNKNOWN,UNKNOWN,64_PUBLISHER_PIPELINE_NOT_PER_FILE_VERIFIED,UNKNOWN_NPY_HAS_NO_NAMES,UNKNOWN_NPY_HAS_NO_UNITS,PASS_FORMAT_QC_ONLY,,ALL_SAMPLES
/home/fanyu/auditory_simulation_m6a/pub_01/s06/sparrkulee_v3.1/raw/derivatives/preprocessed_stimuli/audiobook_1_1_envelope.npy,"(29275, 1)",float64,29275,1,0,0,STIMULUS_FEATURE,UNKNOWN,UNKNOWN,UNKNOWN,UNKNOWN,UNKNOWN,64_PUBLISHER_PIPELINE_NOT_PER_FILE_VERIFIED,UNKNOWN_NPY_HAS_NO_NAMES,UNKNOWN_NPY_HAS_NO_UNITS,PASS_FORMAT_QC_ONLY,,ALL_SAMPLES
/home/fanyu/auditory_simulation_m6a/pub_01/s06/sparrkulee_v3.1/raw/derivatives/preprocessed_stimuli/audiobook_1_1_shifted_envelope.npy,"(29275, 1)",float64,29275,1,0,0,STIMULUS_FEATURE,UNKNOWN,UNKNOWN,UNKNOWN,UNKNOWN,UNKNOWN,64_PUBLISHER_PIPELINE_NOT_PER_FILE_VERIFIED,UNKNOWN_NPY_HAS_NO_NAMES,UNKNOWN_NPY_HAS_NO_UNITS,PASS_FORMAT_QC_ONLY,,ALL_SAMPLES
/home/fanyu/auditory_simulation_m6a/pub_01/s06/sparrkulee_v3.1/raw/derivatives/preprocessed_stimuli/audiobook_1_2_envelope.npy,"(26796, 1)",float64,26796,1,0,0,STIMULUS_FEATURE,UNKNOWN,UNKNOWN,UNKNOWN,UNKNOWN,UNKNOWN,64_PUBLISHER_PIPELINE_NOT_PER_FILE_VERIFIED,UNKNOWN_NPY_HAS_NO_NAMES,UNKNOWN_NPY_HAS_NO_UNITS,PASS_FORMAT_QC_ONLY,,ALL_SAMPLES
/home/fanyu/auditory_simulation_m6a/pub_01/s06/sparrkulee_v3.1/raw/derivatives/preprocessed_stimuli/audiobook_1_2_shifted_envelope.npy,"(26796, 1)",float64,26796,1,0,0,STIMULUS_FEATURE,UNKNOWN,UNKNOWN,UNKNOWN,UNKNOWN,UNKNOWN,64_PUBLISHER_PIPELINE_NOT_PER_FILE_VERIFIED,UNKNOWN_NPY_HAS_NO_NAMES,UNKNOWN_NPY_HAS_NO_UNITS,PASS_FORMAT_QC_ONLY,,ALL_SAMPLES
/home/fanyu/auditory_simulation_m6a/pub_01/s06/sparrkulee_v3.1/raw/derivatives/preprocessed_stimuli/audiobook_1_artefact_envelope.npy,"(19223, 1)",float64,19223,1,0,0,STIMULUS_FEATURE,UNKNOWN,UNKNOWN,UNKNOWN,UNKNOWN,UNKNOWN,64_PUBLISHER_PIPELINE_NOT_PER_FILE_VERIFIED,UNKNOWN_NPY_HAS_NO_NAMES,UNKNOWN_NPY_HAS_NO_UNITS,PASS_FORMAT_QC_ONLY,,ALL_SAMPLES
/home/fanyu/auditory_simulation_m6a/pub_01/s06/sparrkulee_v3.1/raw/derivatives/preprocessed_stimuli/audiobook_1_envelope.npy,"(59958, 1)",float64,59958,1,0,0,STIMULUS_FEATURE,UNKNOWN,UNKNOWN,UNKNOWN,UNKNOWN,UNKNOWN,64_PUBLISHER_PIPELINE_NOT_PER_FILE_VERIFIED,UNKNOWN_NPY_HAS_NO_NAMES,UNKNOWN_NPY_HAS_NO_UNITS,PASS_FORMAT_QC_ONLY,,ALL_SAMPLES
/home/fanyu/auditory_simulation_m6a/pub_01/s06/sparrkulee_v3.1/raw/derivatives/preprocessed_stimuli/audiobook_2_1_envelope.npy,"(50619, 1)",float64,50619,1,0,0,STIMULUS_FEATURE,UNKNOWN,UNKNOWN,UNKNOWN,UNKNOWN,UNKNOWN,64_PUBLISHER_PIPELINE_NOT_PER_FILE_VERIFIED,UNKNOWN_NPY_HAS_NO_NAMES,UNKNOWN_NPY_HAS_NO_UNITS,PASS_FORMAT_QC_ONLY,,ALL_SAMPLES
/home/fanyu/auditory_simulation_m6a/pub_01/s06/sparrkulee_v3.1/raw/derivatives/preprocessed_stimuli/audiobook_2_2_envelope.npy,"(48747, 1)",float64,48747,1,0,0,STIMULUS_FEATURE,UNKNOWN,UNKNOWN,UNKNOWN,UNKNOWN,UNKNOWN,64_PUBLISHER_PIPELINE_NOT_PER_FILE_VERIFIED,UNKNOWN_NPY_HAS_NO_NAMES,UNKNOWN_NPY_HAS_NO_UNITS,PASS_FORMAT_QC_ONLY,,ALL_SAMPLES
/home/fanyu/auditory_simulation_m6a/pub_01/s06/sparrkulee_v3.1/raw/derivatives/preprocessed_stimuli/audiobook_3_envelope.npy,"(61597, 1)",float64,61597,1,0,0,STIMULUS_FEATURE,UNKNOWN,UNKNOWN,UNKNOWN,UNKNOWN,UNKNOWN,64_PUBLISHER_PIPELINE_NOT_PER_FILE_VERIFIED,UNKNOWN_NPY_HAS_NO_NAMES,UNKNOWN_NPY_HAS_NO_UNITS,PASS_FORMAT_QC_ONLY,,ALL_SAMPLES
/home/fanyu/auditory_simulation_m6a/pub_01/s06/sparrkulee_v3.1/raw/derivatives/preprocessed_stimuli/audiobook_4_envelope.npy,"(52060, 1)",float64,52060,1,0,0,STIMULUS_FEATURE,UNKNOWN,UNKNOWN,UNKNOWN,UNKNOWN,UNKNOWN,64_PUBLISHER_PIPELINE_NOT_PER_FILE_VERIFIED,UNKNOWN_NPY_HAS_NO_NAMES,UNKNOWN_NPY_HAS_NO_UNITS,PASS_FORMAT_QC_ONLY,,ALL_SAMPLES
/home/fanyu/auditory_simulation_m6a/pub_01/s06/sparrkulee_v3.1/raw/derivatives/preprocessed_stimuli/audiobook_5_1_envelope.npy,"(57991, 1)",float64,57991,1,0,0,STIMULUS_FEATURE,UNKNOWN,UNKNOWN,UNKNOWN,UNKNOWN,UNKNOWN,64_PUBLISHER_PIPELINE_NOT_PER_FILE_VERIFIED,UNKNOWN_NPY_HAS_NO_NAMES,UNKNOWN_NPY_HAS_NO_UNITS,PASS_FORMAT_QC_ONLY,,ALL_SAMPLES
/home/fanyu/auditory_simulation_m6a/pub_01/s06/sparrkulee_v3.1/raw/derivatives/preprocessed_stimuli/audiobook_5_2_envelope.npy,"(58219, 1)",float64,58219,1,0,0,STIMULUS_FEATURE,UNKNOWN,UNKNOWN,UNKNOWN,UNKNOWN,UNKNOWN,64_PUBLISHER_PIPELINE_NOT_PER_FILE_VERIFIED,UNKNOWN_NPY_HAS_NO_NAMES,UNKNOWN_NPY_HAS_NO_UNITS,PASS_FORMAT_QC_ONLY,,ALL_SAMPLES
/home/fanyu/auditory_simulation_m6a/pub_01/s06/sparrkulee_v3.1/raw/derivatives/preprocessed_stimuli/audiobook_5_3_envelope.npy,"(60990, 1)",float64,60990,1,0,0,STIMULUS_FEATURE,UNKNOWN,UNKNOWN,UNKNOWN,UNKNOWN,UNKNOWN,64_PUBLISHER_PIPELINE_NOT_PER_FILE_VERIFIED,UNKNOWN_NPY_HAS_NO_NAMES,UNKNOWN_NPY_HAS_NO_UNITS,PASS_FORMAT_QC_ONLY,,ALL_SAMPLES
/home/fanyu/auditory_simulation_m6a/pub_01/s06/sparrkulee_v3.1/raw/derivatives/preprocessed_stimuli/audiobook_6_1_envelope.npy,"(53350, 1)",float64,53350,1,0,0,STIMULUS_FEATURE,UNKNOWN,UNKNOWN,UNKNOWN,UNKNOWN,UNKNOWN,64_PUBLISHER_PIPELINE_NOT_PER_FILE_VERIFIED,UNKNOWN_NPY_HAS_NO_NAMES,UNKNOWN_NPY_HAS_NO_UNITS,PASS_FORMAT_QC_ONLY,,ALL_SAMPLES
/home/fanyu/auditory_simulation_m6a/pub_01/s06/sparrkulee_v3.1/raw/derivatives/preprocessed_stimuli/audiobook_6_2_envelope.npy,"(53339, 1)",float64,53339,1,0,0,STIMULUS_FEATURE,UNKNOWN,UNKNOWN,UNKNOWN,UNKNOWN,UNKNOWN,64_PUBLISHER_PIPELINE_NOT_PER_FILE_VERIFIED,UNKNOWN_NPY_HAS_NO_NAMES,UNKNOWN_NPY_HAS_NO_UNITS,PASS_FORMAT_QC_ONLY,,ALL_SAMPLES
/home/fanyu/auditory_simulation_m6a/pub_01/s06/sparrkulee_v3.1/raw/derivatives/preprocessed_stimuli/audiobook_7_1_envelope.npy,"(15727, 1)",float64,15727,1,0,0,STIMULUS_FEATURE,UNKNOWN,UNKNOWN,UNKNOWN,UNKNOWN,UNKNOWN,64_PUBLISHER_PIPELINE_NOT_PER_FILE_VERIFIED,UNKNOWN_NPY_HAS_NO_NAMES,UNKNOWN_NPY_HAS_NO_UNITS,PASS_FORMAT_QC_ONLY,,ALL_SAMPLES
/home/fanyu/auditory_simulation_m6a/pub_01/s06/sparrkulee_v3.1/raw/derivatives/preprocessed_stimuli/audiobook_7_2_envelope.npy,"(15480, 1)",float64,15480,1,0,0,STIMULUS_FEATURE,UNKNOWN,UNKNOWN,UNKNOWN,UNKNOWN,UNKNOWN,64_PUBLISHER_PIPELINE_NOT_PER_FILE_VERIFIED,UNKNOWN_NPY_HAS_NO_NAMES,UNKNOWN_NPY_HAS_NO_UNITS,PASS_FORMAT_QC_ONLY,,ALL_SAMPLES
/home/fanyu/auditory_simulation_m6a/pub_01/s06/sparrkulee_v3.1/raw/derivatives/preprocessed_stimuli/audiobook_7_3_envelope.npy,"(15072, 1)",float64,15072,1,0,0,STIMULUS_FEATURE,UNKNOWN,UNKNOWN,UNKNOWN,UNKNOWN,UNKNOWN,64_PUBLISHER_PIPELINE_NOT_PER_FILE_VERIFIED,UNKNOWN_NPY_HAS_NO_NAMES,UNKNOWN_NPY_HAS_NO_UNITS,PASS_FORMAT_QC_ONLY,,ALL_SAMPLES
/home/fanyu/auditory_simulation_m6a/pub_01/s06/sparrkulee_v3.1/raw/derivatives/preprocessed_stimuli/audiobook_7_4_envelope.npy,"(20897, 1)",float64,20897,1,0,0,STIMULUS_FEATURE,UNKNOWN,UNKNOWN,UNKNOWN,UNKNOWN,UNKNOWN,64_PUBLISHER_PIPELINE_NOT_PER_FILE_VERIFIED,UNKNOWN_NPY_HAS_NO_NAMES,UNKNOWN_NPY_HAS_NO_UNITS,PASS_FORMAT_QC_ONLY,,ALL_SAMPLES
/home/fanyu/auditory_simulation_m6a/pub_01/s06/sparrkulee_v3.1/raw/derivatives/preprocessed_stimuli/audiobook_7_5_envelope.npy,"(7642, 1)",float64,7642,1,0,0,STIMULUS_FEATURE,UNKNOWN,UNKNOWN,UNKNOWN,UNKNOWN,UNKNOWN,64_PUBLISHER_PIPELINE_NOT_PER_FILE_VERIFIED,UNKNOWN_NPY_HAS_NO_NAMES,UNKNOWN_NPY_HAS_NO_UNITS,PASS_FORMAT_QC_ONLY,,ALL_SAMPLES
/home/fanyu/auditory_simulation_m6a/pub_01/s06/sparrkulee_v3.1/raw/derivatives/preprocessed_stimuli/audiobook_7_6_envelope.npy,"(7746, 1)",float64,7746,1,0,0,STIMULUS_FEATURE,UNKNOWN,UNKNOWN,UNKNOWN,UNKNOWN,UNKNOWN,64_PUBLISHER_PIPELINE_NOT_PER_FILE_VERIFIED,UNKNOWN_NPY_HAS_NO_NAMES,UNKNOWN_NPY_HAS_NO_UNITS,PASS_FORMAT_QC_ONLY,,ALL_SAMPLES
/home/fanyu/auditory_simulation_m6a/pub_01/s06/sparrkulee_v3.1/raw/derivatives/preprocessed_stimuli/audiobook_8_1_envelope.npy,"(47818, 1)",float64,47818,1,0,0,STIMULUS_FEATURE,UNKNOWN,UNKNOWN,UNKNOWN,UNKNOWN,UNKNOWN,64_PUBLISHER_PIPELINE_NOT_PER_FILE_VERIFIED,UNKNOWN_NPY_HAS_NO_NAMES,UNKNOWN_NPY_HAS_NO_UNITS,PASS_FORMAT_QC_ONLY,,ALL_SAMPLES
/home/fanyu/auditory_simulation_m6a/pub_01/s06/sparrkulee_v3.1/raw/derivatives/preprocessed_stimuli/audiobook_8_2_envelope.npy,"(49866, 1)",float64,49866,1,0,0,STIMULUS_FEATURE,UNKNOWN,UNKNOWN,UNKNOWN,UNKNOWN,UNKNOWN,64_PUBLISHER_PIPELINE_NOT_PER_FILE_VERIFIED,UNKNOWN_NPY_HAS_NO_NAMES,UNKNOWN_NPY_HAS_NO_UNITS,PASS_FORMAT_QC_ONLY,,ALL_SAMPLES
/home/fanyu/auditory_simulation_m6a/pub_01/s06/sparrkulee_v3.1/raw/derivatives/preprocessed_stimuli/audiobook_9_1_envelope.npy,"(41409, 1)",float64,41409,1,0,0,STIMULUS_FEATURE,UNKNOWN,UNKNOWN,UNKNOWN,UNKNOWN,UNKNOWN,64_PUBLISHER_PIPELINE_NOT_PER_FILE_VERIFIED,UNKNOWN_NPY_HAS_NO_NAMES,UNKNOWN_NPY_HAS_NO_UNITS,PASS_FORMAT_QC_ONLY,,ALL_SAMPLES
/home/fanyu/auditory_simulation_m6a/pub_01/s06/sparrkulee_v3.1/raw/derivatives/preprocessed_stimuli/audiobook_9_2_envelope-1.npy,"(56385, 1)",float64,56385,1,0,0,STIMULUS_FEATURE,UNKNOWN,UNKNOWN,UNKNOWN,UNKNOWN,UNKNOWN,64_PUBLISHER_PIPELINE_NOT_PER_FILE_VERIFIED,UNKNOWN_NPY_HAS_NO_NAMES,UNKNOWN_NPY_HAS_NO_UNITS,PASS_FORMAT_QC_ONLY,,ALL_SAMPLES
/home/fanyu/auditory_simulation_m6a/pub_01/s06/sparrkulee_v3.1/raw/derivatives/preprocessed_stimuli/audiobook_9_2_envelope.npy,"(56385, 1)",float64,56385,1,0,0,STIMULUS_FEATURE,UNKNOWN,UNKNOWN,UNKNOWN,UNKNOWN,UNKNOWN,64_PUBLISHER_PIPELINE_NOT_PER_FILE_VERIFIED,UNKNOWN_NPY_HAS_NO_NAMES,UNKNOWN_NPY_HAS_NO_UNITS,PASS_FORMAT_QC_ONLY,,ALL_SAMPLES
/home/fanyu/auditory_simulation_m6a/pub_01/s06/sparrkulee_v3.1/raw/derivatives/preprocessed_stimuli/podcast_10_envelope.npy,"(53461, 1)",float64,53461,1,0,0,STIMULUS_FEATURE,UNKNOWN,UNKNOWN,UNKNOWN,UNKNOWN,UNKNOWN,64_PUBLISHER_PIPELINE_NOT_PER_FILE_VERIFIED,UNKNOWN_NPY_HAS_NO_NAMES,UNKNOWN_NPY_HAS_NO_UNITS,PASS_FORMAT_QC_ONLY,,ALL_SAMPLES
/home/fanyu/auditory_simulation_m6a/pub_01/s06/sparrkulee_v3.1/raw/derivatives/preprocessed_stimuli/podcast_11_envelope.npy,"(57601, 1)",float64,57601,1,0,0,STIMULUS_FEATURE,UNKNOWN,UNKNOWN,UNKNOWN,UNKNOWN,UNKNOWN,64_PUBLISHER_PIPELINE_NOT_PER_FILE_VERIFIED,UNKNOWN_NPY_HAS_NO_NAMES,UNKNOWN_NPY_HAS_NO_UNITS,PASS_FORMAT_QC_ONLY,,ALL_SAMPLES
/home/fanyu/auditory_simulation_m6a/pub_01/s06/sparrkulee_v3.1/raw/derivatives/preprocessed_stimuli/podcast_12_envelope.npy,"(67339, 1)",float64,67339,1,0,0,STIMULUS_FEATURE,UNKNOWN,UNKNOWN,UNKNOWN,UNKNOWN,UNKNOWN,64_PUBLISHER_PIPELINE_NOT_PER_FILE_VERIFIED,UNKNOWN_NPY_HAS_NO_NAMES,UNKNOWN_NPY_HAS_NO_UNITS,PASS_FORMAT_QC_ONLY,,ALL_SAMPLES
/home/fanyu/auditory_simulation_m6a/pub_01/s06/sparrkulee_v3.1/raw/derivatives/preprocessed_stimuli/podcast_13_envelope.npy,"(45024, 1)",float64,45024,1,0,0,STIMULUS_FEATURE,UNKNOWN,UNKNOWN,UNKNOWN,UNKNOWN,UNKNOWN,64_PUBLISHER_PIPELINE_NOT_PER_FILE_VERIFIED,UNKNOWN_NPY_HAS_NO_NAMES,UNKNOWN_NPY_HAS_NO_UNITS,PASS_FORMAT_QC_ONLY,,ALL_SAMPLES
/home/fanyu/auditory_simulation_m6a/pub_01/s06/sparrkulee_v3.1/raw/derivatives/preprocessed_stimuli/podcast_14_envelope.npy,"(64377, 1)",float64,64377,1,0,0,STIMULUS_FEATURE,UNKNOWN,UNKNOWN,UNKNOWN,UNKNOWN,UNKNOWN,64_PUBLISHER_PIPELINE_NOT_PER_FILE_VERIFIED,UNKNOWN_NPY_HAS_NO_NAMES,UNKNOWN_NPY_HAS_NO_UNITS,PASS_FORMAT_QC_ONLY,,ALL_SAMPLES
/home/fanyu/auditory_simulation_m6a/pub_01/s06/sparrkulee_v3.1/raw/derivatives/preprocessed_stimuli/podcast_15_envelope.npy,"(58993, 1)",float64,58993,1,0,0,STIMULUS_FEATURE,UNKNOWN,UNKNOWN,UNKNOWN,UNKNOWN,UNKNOWN,64_PUBLISHER_PIPELINE_NOT_PER_FILE_VERIFIED,UNKNOWN_NPY_HAS_NO_NAMES,UNKNOWN_NPY_HAS_NO_UNITS,PASS_FORMAT_QC_ONLY,,ALL_SAMPLES
/home/fanyu/auditory_simulation_m6a/pub_01/s06/sparrkulee_v3.1/raw/derivatives/preprocessed_stimuli/podcast_16_envelope.npy,"(49451, 1)",float64,49451,1,0,0,STIMULUS_FEATURE,UNKNOWN,UNKNOWN,UNKNOWN,UNKNOWN,UNKNOWN,64_PUBLISHER_PIPELINE_NOT_PER_FILE_VERIFIED,UNKNOWN_NPY_HAS_NO_NAMES,UNKNOWN_NPY_HAS_NO_UNITS,PASS_FORMAT_QC_ONLY,,ALL_SAMPLES
/home/fanyu/auditory_simulation_m6a/pub_01/s06/sparrkulee_v3.1/raw/derivatives/preprocessed_stimuli/podcast_17_envelope.npy,"(58400, 1)",float64,58400,1,0,0,STIMULUS_FEATURE,UNKNOWN,UNKNOWN,UNKNOWN,UNKNOWN,UNKNOWN,64_PUBLISHER_PIPELINE_NOT_PER_FILE_VERIFIED,UNKNOWN_NPY_HAS_NO_NAMES,UNKNOWN_NPY_HAS_NO_UNITS,PASS_FORMAT_QC_ONLY,,ALL_SAMPLES
/home/fanyu/auditory_simulation_m6a/pub_01/s06/sparrkulee_v3.1/raw/derivatives/preprocessed_stimuli/podcast_18_envelope.npy,"(73827, 1)",float64,73827,1,0,0,STIMULUS_FEATURE,UNKNOWN,UNKNOWN,UNKNOWN,UNKNOWN,UNKNOWN,64_PUBLISHER_PIPELINE_NOT_PER_FILE_VERIFIED,UNKNOWN_NPY_HAS_NO_NAMES,UNKNOWN_NPY_HAS_NO_UNITS,PASS_FORMAT_QC_ONLY,,ALL_SAMPLES
/home/fanyu/auditory_simulation_m6a/pub_01/s06/sparrkulee_v3.1/raw/derivatives/preprocessed_stimuli/podcast_19_envelope.npy,"(65461, 1)",float64,65461,1,0,0,STIMULUS_FEATURE,UNKNOWN,UNKNOWN,UNKNOWN,UNKNOWN,UNKNOWN,64_PUBLISHER_PIPELINE_NOT_PER_FILE_VERIFIED,UNKNOWN_NPY_HAS_NO_NAMES,UNKNOWN_NPY_HAS_NO_UNITS,PASS_FORMAT_QC_ONLY,,ALL_SAMPLES
/home/fanyu/auditory_simulation_m6a/pub_01/s06/sparrkulee_v3.1/raw/derivatives/preprocessed_stimuli/podcast_1_envelope.npy,"(61052, 1)",float64,61052,1,0,0,STIMULUS_FEATURE,UNKNOWN,UNKNOWN,UNKNOWN,UNKNOWN,UNKNOWN,64_PUBLISHER_PIPELINE_NOT_PER_FILE_VERIFIED,UNKNOWN_NPY_HAS_NO_NAMES,UNKNOWN_NPY_HAS_NO_UNITS,PASS_FORMAT_QC_ONLY,,ALL_SAMPLES
/home/fanyu/auditory_simulation_m6a/pub_01/s06/sparrkulee_v3.1/raw/derivatives/preprocessed_stimuli/podcast_20_envelope.npy,"(50958, 1)",float64,50958,1,0,0,STIMULUS_FEATURE,UNKNOWN,UNKNOWN,UNKNOWN,UNKNOWN,UNKNOWN,64_PUBLISHER_PIPELINE_NOT_PER_FILE_VERIFIED,UNKNOWN_NPY_HAS_NO_NAMES,UNKNOWN_NPY_HAS_NO_UNITS,PASS_FORMAT_QC_ONLY,,ALL_SAMPLES
/home/fanyu/auditory_simulation_m6a/pub_01/s06/sparrkulee_v3.1/raw/derivatives/preprocessed_stimuli/podcast_21_envelope.npy,"(67522, 1)",float64,67522,1,0,0,STIMULUS_FEATURE,UNKNOWN,UNKNOWN,UNKNOWN,UNKNOWN,UNKNOWN,64_PUBLISHER_PIPELINE_NOT_PER_FILE_VERIFIED,UNKNOWN_NPY_HAS_NO_NAMES,UNKNOWN_NPY_HAS_NO_UNITS,PASS_FORMAT_QC_ONLY,,ALL_SAMPLES
/home/fanyu/auditory_simulation_m6a/pub_01/s06/sparrkulee_v3.1/raw/derivatives/preprocessed_stimuli/podcast_22_envelope.npy,"(40223, 1)",float64,40223,1,0,0,STIMULUS_FEATURE,UNKNOWN,UNKNOWN,UNKNOWN,UNKNOWN,UNKNOWN,64_PUBLISHER_PIPELINE_NOT_PER_FILE_VERIFIED,UNKNOWN_NPY_HAS_NO_NAMES,UNKNOWN_NPY_HAS_NO_UNITS,PASS_FORMAT_QC_ONLY,,ALL_SAMPLES
/home/fanyu/auditory_simulation_m6a/pub_01/s06/sparrkulee_v3.1/raw/derivatives/preprocessed_stimuli/podcast_23_envelope.npy,"(54171, 1)",float64,54171,1,0,0,STIMULUS_FEATURE,UNKNOWN,UNKNOWN,UNKNOWN,UNKNOWN,UNKNOWN,64_PUBLISHER_PIPELINE_NOT_PER_FILE_VERIFIED,UNKNOWN_NPY_HAS_NO_NAMES,UNKNOWN_NPY_HAS_NO_UNITS,PASS_FORMAT_QC_ONLY,,ALL_SAMPLES
/home/fanyu/auditory_simulation_m6a/pub_01/s06/sparrkulee_v3.1/raw/derivatives/preprocessed_stimuli/podcast_24_envelope.npy,"(63544, 1)",float64,63544,1,0,0,STIMULUS_FEATURE,UNKNOWN,UNKNOWN,UNKNOWN,UNKNOWN,UNKNOWN,64_PUBLISHER_PIPELINE_NOT_PER_FILE_VERIFIED,UNKNOWN_NPY_HAS_NO_NAMES,UNKNOWN_NPY_HAS_NO_UNITS,PASS_FORMAT_QC_ONLY,,ALL_SAMPLES
/home/fanyu/auditory_simulation_m6a/pub_01/s06/sparrkulee_v3.1/raw/derivatives/preprocessed_stimuli/podcast_25_envelope.npy,"(62099, 1)",float64,62099,1,0,0,STIMULUS_FEATURE,UNKNOWN,UNKNOWN,UNKNOWN,UNKNOWN,UNKNOWN,64_PUBLISHER_PIPELINE_NOT_PER_FILE_VERIFIED,UNKNOWN_NPY_HAS_NO_NAMES,UNKNOWN_NPY_HAS_NO_UNITS,PASS_FORMAT_QC_ONLY,,ALL_SAMPLES
/home/fanyu/auditory_simulation_m6a/pub_01/s06/sparrkulee_v3.1/raw/derivatives/preprocessed_stimuli/podcast_26_envelope.npy,"(50538, 1)",float64,50538,1,0,0,STIMULUS_FEATURE,UNKNOWN,UNKNOWN,UNKNOWN,UNKNOWN,UNKNOWN,64_PUBLISHER_PIPELINE_NOT_PER_FILE_VERIFIED,UNKNOWN_NPY_HAS_NO_NAMES,UNKNOWN_NPY_HAS_NO_UNITS,PASS_FORMAT_QC_ONLY,,ALL_SAMPLES
/home/fanyu/auditory_simulation_m6a/pub_01/s06/sparrkulee_v3.1/raw/derivatives/preprocessed_stimuli/podcast_27_envelope.npy,"(55930, 1)",float64,55930,1,0,0,STIMULUS_FEATURE,UNKNOWN,UNKNOWN,UNKNOWN,UNKNOWN,UNKNOWN,64_PUBLISHER_PIPELINE_NOT_PER_FILE_VERIFIED,UNKNOWN_NPY_HAS_NO_NAMES,UNKNOWN_NPY_HAS_NO_UNITS,PASS_FORMAT_QC_ONLY,,ALL_SAMPLES
/home/fanyu/auditory_simulation_m6a/pub_01/s06/sparrkulee_v3.1/raw/derivatives/preprocessed_stimuli/podcast_28_envelope.npy,"(51701, 1)",float64,51701,1,0,0,STIMULUS_FEATURE,UNKNOWN,UNKNOWN,UNKNOWN,UNKNOWN,UNKNOWN,64_PUBLISHER_PIPELINE_NOT_PER_FILE_VERIFIED,UNKNOWN_NPY_HAS_NO_NAMES,UNKNOWN_NPY_HAS_NO_UNITS,PASS_FORMAT_QC_ONLY,,ALL_SAMPLES
/home/fanyu/auditory_simulation_m6a/pub_01/s06/sparrkulee_v3.1/raw/derivatives/preprocessed_stimuli/podcast_29_envelope.npy,"(57689, 1)",float64,57689,1,0,0,STIMULUS_FEATURE,UNKNOWN,UNKNOWN,UNKNOWN,UNKNOWN,UNKNOWN,64_PUBLISHER_PIPELINE_NOT_PER_FILE_VERIFIED,UNKNOWN_NPY_HAS_NO_NAMES,UNKNOWN_NPY_HAS_NO_UNITS,PASS_FORMAT_QC_ONLY,,ALL_SAMPLES
/home/fanyu/auditory_simulation_m6a/pub_01/s06/sparrkulee_v3.1/raw/derivatives/preprocessed_stimuli/podcast_2_envelope.npy,"(72626, 1)",float64,72626,1,0,0,STIMULUS_FEATURE,UNKNOWN,UNKNOWN,UNKNOWN,UNKNOWN,UNKNOWN,64_PUBLISHER_PIPELINE_NOT_PER_FILE_VERIFIED,UNKNOWN_NPY_HAS_NO_NAMES,UNKNOWN_NPY_HAS_NO_UNITS,PASS_FORMAT_QC_ONLY,,ALL_SAMPLES
/home/fanyu/auditory_simulation_m6a/pub_01/s06/sparrkulee_v3.1/raw/derivatives/preprocessed_stimuli/podcast_30_envelope.npy,"(62276, 1)",float64,62276,1,0,0,STIMULUS_FEATURE,UNKNOWN,UNKNOWN,UNKNOWN,UNKNOWN,UNKNOWN,64_PUBLISHER_PIPELINE_NOT_PER_FILE_VERIFIED,UNKNOWN_NPY_HAS_NO_NAMES,UNKNOWN_NPY_HAS_NO_UNITS,PASS_FORMAT_QC_ONLY,,ALL_SAMPLES
/home/fanyu/auditory_simulation_m6a/pub_01/s06/sparrkulee_v3.1/raw/derivatives/preprocessed_stimuli/podcast_31_envelope.npy,"(56791, 1)",float64,56791,1,0,0,STIMULUS_FEATURE,UNKNOWN,UNKNOWN,UNKNOWN,UNKNOWN,UNKNOWN,64_PUBLISHER_PIPELINE_NOT_PER_FILE_VERIFIED,UNKNOWN_NPY_HAS_NO_NAMES,UNKNOWN_NPY_HAS_NO_UNITS,PASS_FORMAT_QC_ONLY,,ALL_SAMPLES
/home/fanyu/auditory_simulation_m6a/pub_01/s06/sparrkulee_v3.1/raw/derivatives/preprocessed_stimuli/podcast_32_envelope.npy,"(60396, 1)",float64,60396,1,0,0,STIMULUS_FEATURE,UNKNOWN,UNKNOWN,UNKNOWN,UNKNOWN,UNKNOWN,64_PUBLISHER_PIPELINE_NOT_PER_FILE_VERIFIED,UNKNOWN_NPY_HAS_NO_NAMES,UNKNOWN_NPY_HAS_NO_UNITS,PASS_FORMAT_QC_ONLY,,ALL_SAMPLES
/home/fanyu/auditory_simulation_m6a/pub_01/s06/sparrkulee_v3.1/raw/derivatives/preprocessed_stimuli/podcast_33_envelope.npy,"(45474, 1)",float64,45474,1,0,0,STIMULUS_FEATURE,UNKNOWN,UNKNOWN,UNKNOWN,UNKNOWN,UNKNOWN,64_PUBLISHER_PIPELINE_NOT_PER_FILE_VERIFIED,UNKNOWN_NPY_HAS_NO_NAMES,UNKNOWN_NPY_HAS_NO_UNITS,PASS_FORMAT_QC_ONLY,,ALL_SAMPLES
/home/fanyu/auditory_simulation_m6a/pub_01/s06/sparrkulee_v3.1/raw/derivatives/preprocessed_stimuli/podcast_34_envelope.npy,"(61621, 1)",float64,61621,1,0,0,STIMULUS_FEATURE,UNKNOWN,UNKNOWN,UNKNOWN,UNKNOWN,UNKNOWN,64_PUBLISHER_PIPELINE_NOT_PER_FILE_VERIFIED,UNKNOWN_NPY_HAS_NO_NAMES,UNKNOWN_NPY_HAS_NO_UNITS,PASS_FORMAT_QC_ONLY,,ALL_SAMPLES
/home/fanyu/auditory_simulation_m6a/pub_01/s06/sparrkulee_v3.1/raw/derivatives/preprocessed_stimuli/podcast_35_envelope.npy,"(59915, 1)",float64,59915,1,0,0,STIMULUS_FEATURE,UNKNOWN,UNKNOWN,UNKNOWN,UNKNOWN,UNKNOWN,64_PUBLISHER_PIPELINE_NOT_PER_FILE_VERIFIED,UNKNOWN_NPY_HAS_NO_NAMES,UNKNOWN_NPY_HAS_NO_UNITS,PASS_FORMAT_QC_ONLY,,ALL_SAMPLES
/home/fanyu/auditory_simulation_m6a/pub_01/s06/sparrkulee_v3.1/raw/derivatives/preprocessed_stimuli/podcast_36_envelope.npy,"(59111, 1)",float64,59111,1,0,0,STIMULUS_FEATURE,UNKNOWN,UNKNOWN,UNKNOWN,UNKNOWN,UNKNOWN,64_PUBLISHER_PIPELINE_NOT_PER_FILE_VERIFIED,UNKNOWN_NPY_HAS_NO_NAMES,UNKNOWN_NPY_HAS_NO_UNITS,PASS_FORMAT_QC_ONLY,,ALL_SAMPLES
/home/fanyu/auditory_simulation_m6a/pub_01/s06/sparrkulee_v3.1/raw/derivatives/preprocessed_stimuli/podcast_37_envelope.npy,"(54690, 1)",float64,54690,1,0,0,STIMULUS_FEATURE,UNKNOWN,UNKNOWN,UNKNOWN,UNKNOWN,UNKNOWN,64_PUBLISHER_PIPELINE_NOT_PER_FILE_VERIFIED,UNKNOWN_NPY_HAS_NO_NAMES,UNKNOWN_NPY_HAS_NO_UNITS,PASS_FORMAT_QC_ONLY,,ALL_SAMPLES
/home/fanyu/auditory_simulation_m6a/pub_01/s06/sparrkulee_v3.1/raw/derivatives/preprocessed_stimuli/podcast_3_envelope.npy,"(46544, 1)",float64,46544,1,0,0,STIMULUS_FEATURE,UNKNOWN,UNKNOWN,UNKNOWN,UNKNOWN,UNKNOWN,64_PUBLISHER_PIPELINE_NOT_PER_FILE_VERIFIED,UNKNOWN_NPY_HAS_NO_NAMES,UNKNOWN_NPY_HAS_NO_UNITS,PASS_FORMAT_QC_ONLY,,ALL_SAMPLES
/home/fanyu/auditory_simulation_m6a/pub_01/s06/sparrkulee_v3.1/raw/derivatives/preprocessed_stimuli/podcast_4_envelope.npy,"(63205, 1)",float64,63205,1,0,0,STIMULUS_FEATURE,UNKNOWN,UNKNOWN,UNKNOWN,UNKNOWN,UNKNOWN,64_PUBLISHER_PIPELINE_NOT_PER_FILE_VERIFIED,UNKNOWN_NPY_HAS_NO_NAMES,UNKNOWN_NPY_HAS_NO_UNITS,PASS_FORMAT_QC_ONLY,,ALL_SAMPLES
/home/fanyu/auditory_simulation_m6a/pub_01/s06/sparrkulee_v3.1/raw/derivatives/preprocessed_stimuli/podcast_5_envelope.npy,"(63701, 1)",float64,63701,1,0,0,STIMULUS_FEATURE,UNKNOWN,UNKNOWN,UNKNOWN,UNKNOWN,UNKNOWN,64_PUBLISHER_PIPELINE_NOT_PER_FILE_VERIFIED,UNKNOWN_NPY_HAS_NO_NAMES,UNKNOWN_NPY_HAS_NO_UNITS,PASS_FORMAT_QC_ONLY,,ALL_SAMPLES
/home/fanyu/auditory_simulation_m6a/pub_01/s06/sparrkulee_v3.1/raw/derivatives/preprocessed_stimuli/podcast_6_envelope.npy,"(54064, 1)",float64,54064,1,0,0,STIMULUS_FEATURE,UNKNOWN,UNKNOWN,UNKNOWN,UNKNOWN,UNKNOWN,64_PUBLISHER_PIPELINE_NOT_PER_FILE_VERIFIED,UNKNOWN_NPY_HAS_NO_NAMES,UNKNOWN_NPY_HAS_NO_UNITS,PASS_FORMAT_QC_ONLY,,ALL_SAMPLES
/home/fanyu/auditory_simulation_m6a/pub_01/s06/sparrkulee_v3.1/raw/derivatives/preprocessed_stimuli/podcast_7_envelope.npy,"(63044, 1)",float64,63044,1,0,0,STIMULUS_FEATURE,UNKNOWN,UNKNOWN,UNKNOWN,UNKNOWN,UNKNOWN,64_PUBLISHER_PIPELINE_NOT_PER_FILE_VERIFIED,UNKNOWN_NPY_HAS_NO_NAMES,UNKNOWN_NPY_HAS_NO_UNITS,PASS_FORMAT_QC_ONLY,,ALL_SAMPLES
/home/fanyu/auditory_simulation_m6a/pub_01/s06/sparrkulee_v3.1/raw/derivatives/preprocessed_stimuli/podcast_8_envelope.npy,"(64839, 1)",float64,64839,1,0,0,STIMULUS_FEATURE,UNKNOWN,UNKNOWN,UNKNOWN,UNKNOWN,UNKNOWN,64_PUBLISHER_PIPELINE_NOT_PER_FILE_VERIFIED,UNKNOWN_NPY_HAS_NO_NAMES,UNKNOWN_NPY_HAS_NO_UNITS,PASS_FORMAT_QC_ONLY,,ALL_SAMPLES
/home/fanyu/auditory_simulation_m6a/pub_01/s06/sparrkulee_v3.1/raw/derivatives/preprocessed_stimuli/podcast_9_envelope.npy,"(76251, 1)",float64,76251,1,0,0,STIMULUS_FEATURE,UNKNOWN,UNKNOWN,UNKNOWN,UNKNOWN,UNKNOWN,64_PUBLISHER_PIPELINE_NOT_PER_FILE_VERIFIED,UNKNOWN_NPY_HAS_NO_NAMES,UNKNOWN_NPY_HAS_NO_UNITS,PASS_FORMAT_QC_ONLY,,ALL_SAMPLES
