dataset,sample_key,neural_rate_hz,audio_rate_hz,neural_offset_s,duration_s,alignment_rule,residual_s,physical_sync,source
ds004703,sub-SD010_ses-01_task-PassiveListen__trial-0,1024.0,SEE_AUDIO_QC_PER_PATH,136.77342819499987,1.9793197278911565,template word/POS/phone+duration match; constant onset offset,9.379164112033322e-13,UNKNOWN,/home/fanyu/auditory_simulation_m6a/pub_01/s06/ds004703_qc_20260919_v2/audio_neural_pairing_audit.csv
ds004703,sub-SD010_ses-01_task-PassiveListen__trial-1,1024.0,SEE_AUDIO_QC_PER_PATH,158.72178215699998,35.22081632653061,template word/POS/phone+duration match; constant onset offset,9.947598300641403e-13,UNKNOWN,/home/fanyu/auditory_simulation_m6a/pub_01/s06/ds004703_qc_20260919_v2/audio_neural_pairing_audit.csv
ds004703,sub-SD010_ses-01_task-PassiveListen__trial-2,1024.0,SEE_AUDIO_QC_PER_PATH,241.889067532,6.248140589569161,template word/POS/phone+duration match; constant onset offset,9.663381206337363e-13,UNKNOWN,/home/fanyu/auditory_simulation_m6a/pub_01/s06/ds004703_qc_20260919_v2/audio_neural_pairing_audit.csv
ds004703,sub-SD010_ses-01_task-PassiveListen__trial-3,1024.0,SEE_AUDIO_QC_PER_PATH,250.33212853299997,35.60836734693878,template word/POS/phone+duration match; constant onset offset,1.9895196601282805e-13,UNKNOWN,/home/fanyu/auditory_simulation_m6a/pub_01/s06/ds004703_qc_20260919_v2/audio_neural_pairing_audit.csv
ds004703,sub-SD010_ses-01_task-PassiveListen__trial-4,1024.0,SEE_AUDIO_QC_PER_PATH,522.584308491,3.44312925170068,template word/POS/phone+duration match; constant onset offset,9.094947017729282e-13,UNKNOWN,/home/fanyu/auditory_simulation_m6a/pub_01/s06/ds004703_qc_20260919_v2/audio_neural_pairing_audit.csv
ds004703,sub-SD010_ses-01_task-PassiveListen__trial-5,1024.0,SEE_AUDIO_QC_PER_PATH,569.590603224,3.44312925170068,template word/POS/phone+duration match; constant onset offset,1.1368683772161603e-12,UNKNOWN,/home/fanyu/auditory_simulation_m6a/pub_01/s06/ds004703_qc_20260919_v2/audio_neural_pairing_audit.csv
ds004703,sub-SD010_ses-01_task-PassiveListen__trial-6,1024.0,SEE_AUDIO_QC_PER_PATH,603.043659458,34.63149659863946,template word/POS/phone+duration match; constant onset offset,2.2737367544323206e-13,UNKNOWN,/home/fanyu/auditory_simulation_m6a/pub_01/s06/ds004703_qc_20260919_v2/audio_neural_pairing_audit.csv
ds004703,sub-SD010_ses-01_task-PassiveListen__trial-7,1024.0,SEE_AUDIO_QC_PER_PATH,672.952923124,49.18281179138322,template word/POS/phone+duration match; constant onset offset,2.2737367544323206e-13,UNKNOWN,/home/fanyu/auditory_simulation_m6a/pub_01/s06/ds004703_qc_20260919_v2/audio_neural_pairing_audit.csv
ds004703,sub-SD010_ses-01_task-PassiveListen__trial-8,1024.0,SEE_AUDIO_QC_PER_PATH,736.403932381,35.284126984126985,template word/POS/phone+duration match; constant onset offset,2.2737367544323206e-13,UNKNOWN,/home/fanyu/auditory_simulation_m6a/pub_01/s06/ds004703_qc_20260919_v2/audio_neural_pairing_audit.csv
ds004703,sub-SD010_ses-01_task-PassiveListen__trial-9,1024.0,SEE_AUDIO_QC_PER_PATH,782.565280197,34.2159410430839,template word/POS/phone+duration match; constant onset offset,2.2737367544323206e-13,UNKNOWN,/home/fanyu/auditory_simulation_m6a/pub_01/s06/ds004703_qc_20260919_v2/audio_neural_pairing_audit.csv
ds004703,sub-SD010_ses-01_task-PassiveListen__trial-10,1024.0,SEE_AUDIO_QC_PER_PATH,827.970887052,28.18857142857143,template word/POS/phone+duration match; constant onset offset,1.1368683772161603e-13,UNKNOWN,/home/fanyu/auditory_simulation_m6a/pub_01/s06/ds004703_qc_20260919_v2/audio_neural_pairing_audit.csv
ds004703,sub-SD010_ses-01_task-PassiveListen__trial-11,1024.0,SEE_AUDIO_QC_PER_PATH,866.832720501,22.537301587301588,template word/POS/phone+duration match; constant onset offset,1.1368683772161603e-13,UNKNOWN,/home/fanyu/auditory_simulation_m6a/pub_01/s06/ds004703_qc_20260919_v2/audio_neural_pairing_audit.csv
ds004703,sub-SD010_ses-01_task-PassiveListen__trial-12,1024.0,SEE_AUDIO_QC_PER_PATH,901.188025189,37.38761904761905,template word/POS/phone+duration match; constant onset offset,1.1368683772161603e-13,UNKNOWN,/home/fanyu/auditory_simulation_m6a/pub_01/s06/ds004703_qc_20260919_v2/audio_neural_pairing_audit.csv
ds004703,sub-SD010_ses-01_task-PassiveListen__trial-13,1024.0,SEE_AUDIO_QC_PER_PATH,957.4476288850001,25.584126984126986,template word/POS/phone+duration match; constant onset offset,1.1368683772161603e-13,UNKNOWN,/home/fanyu/auditory_simulation_m6a/pub_01/s06/ds004703_qc_20260919_v2/audio_neural_pairing_audit.csv
ds004703,sub-SD010_ses-01_task-PassiveListen__trial-14,1024.0,SEE_AUDIO_QC_PER_PATH,991.493024134,39.03469387755102,template word/POS/phone+duration match; constant onset offset,3.410605131648481e-13,UNKNOWN,/home/fanyu/auditory_simulation_m6a/pub_01/s06/ds004703_qc_20260919_v2/audio_neural_pairing_audit.csv
ds004703,sub-SD010_ses-01_task-PassiveListen__trial-15,1024.0,SEE_AUDIO_QC_PER_PATH,1038.54517706,25.393945578231293,template word/POS/phone+duration match; constant onset offset,4.547473508864641e-13,UNKNOWN,/home/fanyu/auditory_simulation_m6a/pub_01/s06/ds004703_qc_20260919_v2/audio_neural_pairing_audit.csv
ds004703,sub-SD010_ses-01_task-PassiveListen__trial-16,1024.0,SEE_AUDIO_QC_PER_PATH,1083.34800461,32.8990022675737,template word/POS/phone+duration match; constant onset offset,2.2737367544323206e-13,UNKNOWN,/home/fanyu/auditory_simulation_m6a/pub_01/s06/ds004703_qc_20260919_v2/audio_neural_pairing_audit.csv
ds004703,sub-SD010_ses-01_task-PassiveListen__trial-17,1024.0,SEE_AUDIO_QC_PER_PATH,1125.10687633,36.367437641723356,template word/POS/phone+duration match; constant onset offset,2.2737367544323206e-13,UNKNOWN,/home/fanyu/auditory_simulation_m6a/pub_01/s06/ds004703_qc_20260919_v2/audio_neural_pairing_audit.csv
ds004703,sub-SD010_ses-01_task-PassiveListen__trial-18,1024.0,SEE_AUDIO_QC_PER_PATH,1169.65011934,26.25294784580499,template word/POS/phone+duration match; constant onset offset,2.2737367544323206e-13,UNKNOWN,/home/fanyu/auditory_simulation_m6a/pub_01/s06/ds004703_qc_20260919_v2/audio_neural_pairing_audit.csv
ds004703,sub-SD010_ses-01_task-PassiveListen__trial-19,1024.0,SEE_AUDIO_QC_PER_PATH,1205.64022068,54.52736961451247,template word/POS/phone+duration match; constant onset offset,4.547473508864641e-13,UNKNOWN,/home/fanyu/auditory_simulation_m6a/pub_01/s06/ds004703_qc_20260919_v2/audio_neural_pairing_audit.csv
ds004703,sub-SD010_ses-01_task-PassiveListen__trial-20,1024.0,SEE_AUDIO_QC_PER_PATH,1271.36572557,34.556938775510204,template word/POS/phone+duration match; constant onset offset,4.547473508864641e-13,UNKNOWN,/home/fanyu/auditory_simulation_m6a/pub_01/s06/ds004703_qc_20260919_v2/audio_neural_pairing_audit.csv
ds004703,sub-SD010_ses-01_task-PassiveListen__trial-21,1024.0,SEE_AUDIO_QC_PER_PATH,1316.0060297900013,3.44312925170068,template word/POS/phone+duration match; constant onset offset,9.322320693172514e-12,UNKNOWN,/home/fanyu/auditory_simulation_m6a/pub_01/s06/ds004703_qc_20260919_v2/audio_neural_pairing_audit.csv
ds004703,sub-SD010_ses-01_task-PassiveListen__trial-22,1024.0,SEE_AUDIO_QC_PER_PATH,1363.0137532199997,3.44312925170068,template word/POS/phone+duration match; constant onset offset,1.000444171950221e-11,UNKNOWN,/home/fanyu/auditory_simulation_m6a/pub_01/s06/ds004703_qc_20260919_v2/audio_neural_pairing_audit.csv
ds004703,sub-SD010_ses-01_task-PassiveListen__trial-23,1024.0,SEE_AUDIO_QC_PER_PATH,1379.4955315,29.345056689342403,template word/POS/phone+duration match; constant onset offset,2.2737367544323206e-13,UNKNOWN,/home/fanyu/auditory_simulation_m6a/pub_01/s06/ds004703_qc_20260919_v2/audio_neural_pairing_audit.csv
ds004703,sub-SD010_ses-01_task-PassiveListen__trial-24,1024.0,SEE_AUDIO_QC_PER_PATH,1427.63795475,43.13843537414966,template word/POS/phone+duration match; constant onset offset,2.2737367544323206e-13,UNKNOWN,/home/fanyu/auditory_simulation_m6a/pub_01/s06/ds004703_qc_20260919_v2/audio_neural_pairing_audit.csv
ds004703,sub-SD010_ses-01_task-PassiveListen__trial-25,1024.0,SEE_AUDIO_QC_PER_PATH,1486.7497196,77.08981859410432,template word/POS/phone+duration match; constant onset offset,2.2737367544323206e-13,UNKNOWN,/home/fanyu/auditory_simulation_m6a/pub_01/s06/ds004703_qc_20260919_v2/audio_neural_pairing_audit.csv
ds004703,sub-SD010_ses-01_task-PassiveListen__trial-26,1024.0,SEE_AUDIO_QC_PER_PATH,1575.90704986,32.93675736961451,template word/POS/phone+duration match; constant onset offset,2.2737367544323206e-13,UNKNOWN,/home/fanyu/auditory_simulation_m6a/pub_01/s06/ds004703_qc_20260919_v2/audio_neural_pairing_audit.csv
ds004703,sub-SD010_ses-01_task-PassiveListen__trial-27,1024.0,SEE_AUDIO_QC_PER_PATH,1623.4619730500012,3.44312925170068,template word/POS/phone+duration match; constant onset offset,9.322320693172514e-12,UNKNOWN,/home/fanyu/auditory_simulation_m6a/pub_01/s06/ds004703_qc_20260919_v2/audio_neural_pairing_audit.csv
ds004703,sub-SD010_ses-01_task-PassiveListen__trial-28,1024.0,SEE_AUDIO_QC_PER_PATH,1675.4699557999998,3.44312925170068,template word/POS/phone+duration match; constant onset offset,1.0231815394945443e-11,UNKNOWN,/home/fanyu/auditory_simulation_m6a/pub_01/s06/ds004703_qc_20260919_v2/audio_neural_pairing_audit.csv
ds004703,sub-SD010_ses-01_task-PassiveListen__trial-29,1024.0,SEE_AUDIO_QC_PER_PATH,1686.75610733,41.67131519274376,template word/POS/phone+duration match; constant onset offset,2.2737367544323206e-13,UNKNOWN,/home/fanyu/auditory_simulation_m6a/pub_01/s06/ds004703_qc_20260919_v2/audio_neural_pairing_audit.csv
ds004703,sub-SD010_ses-01_task-PassiveListen__trial-30,1024.0,SEE_AUDIO_QC_PER_PATH,1739.13901988,36.582426303854874,template word/POS/phone+duration match; constant onset offset,2.2737367544323206e-13,UNKNOWN,/home/fanyu/auditory_simulation_m6a/pub_01/s06/ds004703_qc_20260919_v2/audio_neural_pairing_audit.csv
ds004703,sub-SD010_ses-01_task-PassiveListen__trial-31,1024.0,SEE_AUDIO_QC_PER_PATH,1785.41219157,35.371746031746035,template word/POS/phone+duration match; constant onset offset,4.547473508864641e-13,UNKNOWN,/home/fanyu/auditory_simulation_m6a/pub_01/s06/ds004703_qc_20260919_v2/audio_neural_pairing_audit.csv
ds004703,sub-SD010_ses-01_task-PassiveListen__trial-32,1024.0,SEE_AUDIO_QC_PER_PATH,1835.81255017,37.23800453514739,template word/POS/phone+duration match; constant onset offset,2.2737367544323206e-13,UNKNOWN,/home/fanyu/auditory_simulation_m6a/pub_01/s06/ds004703_qc_20260919_v2/audio_neural_pairing_audit.csv
ds004703,sub-SD010_ses-01_task-PassiveListen__trial-33,1024.0,SEE_AUDIO_QC_PER_PATH,1884.0595511200013,3.44312925170068,template word/POS/phone+duration match; constant onset offset,9.322320693172514e-12,UNKNOWN,/home/fanyu/auditory_simulation_m6a/pub_01/s06/ds004703_qc_20260919_v2/audio_neural_pairing_audit.csv
ds004703,sub-SD010_ses-01_task-PassiveListen__trial-34,1024.0,SEE_AUDIO_QC_PER_PATH,1928.0652600100009,3.44312925170068,template word/POS/phone+duration match; constant onset offset,1.0231815394945443e-11,UNKNOWN,/home/fanyu/auditory_simulation_m6a/pub_01/s06/ds004703_qc_20260919_v2/audio_neural_pairing_audit.csv
ds004703,sub-SD010_ses-01_task-PassiveListen__trial-35,1024.0,SEE_AUDIO_QC_PER_PATH,1945.6163427,20.8018820861678,template word/POS/phone+duration match; constant onset offset,2.2737367544323206e-13,UNKNOWN,/home/fanyu/auditory_simulation_m6a/pub_01/s06/ds004703_qc_20260919_v2/audio_neural_pairing_audit.csv
ds004703,sub-SD010_ses-01_task-PassiveListen__trial-36,1024.0,SEE_AUDIO_QC_PER_PATH,1994.25684646,30.462244897959184,template word/POS/phone+duration match; constant onset offset,2.2737367544323206e-13,UNKNOWN,/home/fanyu/auditory_simulation_m6a/pub_01/s06/ds004703_qc_20260919_v2/audio_neural_pairing_audit.csv
ds004703,sub-SD010_ses-01_task-PassiveListen__trial-37,1024.0,SEE_AUDIO_QC_PER_PATH,2033.60793891,56.91793650793651,template word/POS/phone+duration match; constant onset offset,4.547473508864641e-13,UNKNOWN,/home/fanyu/auditory_simulation_m6a/pub_01/s06/ds004703_qc_20260919_v2/audio_neural_pairing_audit.csv
ds004703,sub-SD010_ses-01_task-PassiveListen__trial-38,1024.0,SEE_AUDIO_QC_PER_PATH,2101.68571531,46.363628117913834,template word/POS/phone+duration match; constant onset offset,4.547473508864641e-13,UNKNOWN,/home/fanyu/auditory_simulation_m6a/pub_01/s06/ds004703_qc_20260919_v2/audio_neural_pairing_audit.csv
ds004703,sub-SD010_ses-01_task-PassiveListen__trial-39,1024.0,SEE_AUDIO_QC_PER_PATH,2159.06581212,60.9278231292517,template word/POS/phone+duration match; constant onset offset,4.547473508864641e-13,UNKNOWN,/home/fanyu/auditory_simulation_m6a/pub_01/s06/ds004703_qc_20260919_v2/audio_neural_pairing_audit.csv
ds004703,sub-SD010_ses-01_task-PassiveListen__trial-40,1024.0,SEE_AUDIO_QC_PER_PATH,2227.87508667,34.67619047619048,template word/POS/phone+duration match; constant onset offset,4.547473508864641e-13,UNKNOWN,/home/fanyu/auditory_simulation_m6a/pub_01/s06/ds004703_qc_20260919_v2/audio_neural_pairing_audit.csv
ds004703,sub-SD010_ses-01_task-PassiveListen__trial-41,1024.0,SEE_AUDIO_QC_PER_PATH,2275.05796964,31.55362811791383,template word/POS/phone+duration match; constant onset offset,9.094947017729282e-13,UNKNOWN,/home/fanyu/auditory_simulation_m6a/pub_01/s06/ds004703_qc_20260919_v2/audio_neural_pairing_audit.csv
ds004703,sub-SD010_ses-01_task-PassiveListen__trial-42,1024.0,SEE_AUDIO_QC_PER_PATH,2321.84598727,45.27312925170068,template word/POS/phone+duration match; constant onset offset,9.094947017729282e-13,UNKNOWN,/home/fanyu/auditory_simulation_m6a/pub_01/s06/ds004703_qc_20260919_v2/audio_neural_pairing_audit.csv
ds004703,sub-SD011_ses-01_task-PassiveListen__trial-0,1024.0,SEE_AUDIO_QC_PER_PATH,2.76896173954,1.9793197278911565,template word/POS/phone+duration match; constant onset offset,9.769962616701378e-15,UNKNOWN,/home/fanyu/auditory_simulation_m6a/pub_01/s06/ds004703_qc_20260919_v2/audio_neural_pairing_audit.csv
ds004703,sub-SD011_ses-01_task-PassiveListen__trial-1,1024.0,SEE_AUDIO_QC_PER_PATH,23.5354237767,35.22081632653061,template word/POS/phone+duration match; constant onset offset,1.1013412404281553e-13,UNKNOWN,/home/fanyu/auditory_simulation_m6a/pub_01/s06/ds004703_qc_20260919_v2/audio_neural_pairing_audit.csv
ds004703,sub-SD011_ses-01_task-PassiveListen__trial-2,1024.0,SEE_AUDIO_QC_PER_PATH,89.5666089943,6.248140589569161,template word/POS/phone+duration match; constant onset offset,1.1368683772161603e-13,UNKNOWN,/home/fanyu/auditory_simulation_m6a/pub_01/s06/ds004703_qc_20260919_v2/audio_neural_pairing_audit.csv
ds004703,sub-SD011_ses-01_task-PassiveListen__trial-3,1024.0,SEE_AUDIO_QC_PER_PATH,96.61638868629996,35.60836734693878,template word/POS/phone+duration match; constant onset offset,1.9895196601282805e-13,UNKNOWN,/home/fanyu/auditory_simulation_m6a/pub_01/s06/ds004703_qc_20260919_v2/audio_neural_pairing_audit.csv
ds004703,sub-SD011_ses-01_task-PassiveListen__trial-4,1024.0,SEE_AUDIO_QC_PER_PATH,153.090049069,37.38761904761905,template word/POS/phone+duration match; constant onset offset,5.684341886080802e-14,UNKNOWN,/home/fanyu/auditory_simulation_m6a/pub_01/s06/ds004703_qc_20260919_v2/audio_neural_pairing_audit.csv
ds004703,sub-SD011_ses-01_task-PassiveListen__trial-5,1024.0,SEE_AUDIO_QC_PER_PATH,205.264857057,28.18857142857143,template word/POS/phone+duration match; constant onset offset,2.842170943040401e-14,UNKNOWN,/home/fanyu/auditory_simulation_m6a/pub_01/s06/ds004703_qc_20260919_v2/audio_neural_pairing_audit.csv
ds004703,sub-SD011_ses-01_task-PassiveListen__trial-6,1024.0,SEE_AUDIO_QC_PER_PATH,247.23772874600002,49.18281179138322,template word/POS/phone+duration match; constant onset offset,8.526512829121202e-14,UNKNOWN,/home/fanyu/auditory_simulation_m6a/pub_01/s06/ds004703_qc_20260919_v2/audio_neural_pairing_audit.csv
ds004703,sub-SD011_ses-01_task-PassiveListen__trial-7,1024.0,SEE_AUDIO_QC_PER_PATH,309.742121364,22.537301587301588,template word/POS/phone+duration match; constant onset offset,5.684341886080802e-14,UNKNOWN,/home/fanyu/auditory_simulation_m6a/pub_01/s06/ds004703_qc_20260919_v2/audio_neural_pairing_audit.csv
ds004703,sub-SD011_ses-01_task-PassiveListen__trial-8,1024.0,SEE_AUDIO_QC_PER_PATH,342.978633983,34.63149659863946,template word/POS/phone+duration match; constant onset offset,5.684341886080802e-14,UNKNOWN,/home/fanyu/auditory_simulation_m6a/pub_01/s06/ds004703_qc_20260919_v2/audio_neural_pairing_audit.csv
ds004703,sub-SD011_ses-01_task-PassiveListen__trial-9,1024.0,SEE_AUDIO_QC_PER_PATH,386.450408859,35.284126984126985,template word/POS/phone+duration match; constant onset offset,5.684341886080802e-14,UNKNOWN,/home/fanyu/auditory_simulation_m6a/pub_01/s06/ds004703_qc_20260919_v2/audio_neural_pairing_audit.csv
ds004703,sub-SD011_ses-01_task-PassiveListen__trial-10,1024.0,SEE_AUDIO_QC_PER_PATH,431.39791229900004,3.44312925170068,template word/POS/phone+duration match; constant onset offset,1.0231815394945443e-12,UNKNOWN,/home/fanyu/auditory_simulation_m6a/pub_01/s06/ds004703_qc_20260919_v2/audio_neural_pairing_audit.csv
ds004703,sub-SD011_ses-01_task-PassiveListen__trial-11,1024.0,SEE_AUDIO_QC_PER_PATH,478.40469373800005,3.44312925170068,template word/POS/phone+duration match; constant onset offset,1.1368683772161603e-12,UNKNOWN,/home/fanyu/auditory_simulation_m6a/pub_01/s06/ds004703_qc_20260919_v2/audio_neural_pairing_audit.csv
ds004703,sub-SD011_ses-01_task-PassiveListen__trial-12,1024.0,SEE_AUDIO_QC_PER_PATH,491.041828625,34.2159410430839,template word/POS/phone+duration match; constant onset offset,1.7053025658242404e-13,UNKNOWN,/home/fanyu/auditory_simulation_m6a/pub_01/s06/ds004703_qc_20260919_v2/audio_neural_pairing_audit.csv
ds004703,sub-SD011_ses-01_task-PassiveListen__trial-13,1024.0,SEE_AUDIO_QC_PER_PATH,566.182515829,26.25294784580499,template word/POS/phone+duration match; constant onset offset,1.1368683772161603e-13,UNKNOWN,/home/fanyu/auditory_simulation_m6a/pub_01/s06/ds004703_qc_20260919_v2/audio_neural_pairing_audit.csv
ds004703,sub-SD011_ses-01_task-PassiveListen__trial-14,1024.0,SEE_AUDIO_QC_PER_PATH,601.02830356,39.03469387755102,template word/POS/phone+duration match; constant onset offset,1.1368683772161603e-13,UNKNOWN,/home/fanyu/auditory_simulation_m6a/pub_01/s06/ds004703_qc_20260919_v2/audio_neural_pairing_audit.csv
ds004703,sub-SD011_ses-01_task-PassiveListen__trial-15,1024.0,SEE_AUDIO_QC_PER_PATH,649.250489389,36.367437641723356,template word/POS/phone+duration match; constant onset offset,2.2737367544323206e-13,UNKNOWN,/home/fanyu/auditory_simulation_m6a/pub_01/s06/ds004703_qc_20260919_v2/audio_neural_pairing_audit.csv
ds004703,sub-SD011_ses-01_task-PassiveListen__trial-16,1024.0,SEE_AUDIO_QC_PER_PATH,692.111505529,25.584126984126986,template word/POS/phone+duration match; constant onset offset,2.2737367544323206e-13,UNKNOWN,/home/fanyu/auditory_simulation_m6a/pub_01/s06/ds004703_qc_20260919_v2/audio_neural_pairing_audit.csv
ds004703,sub-SD011_ses-01_task-PassiveListen__trial-17,1024.0,SEE_AUDIO_QC_PER_PATH,726.094995332,25.393945578231293,template word/POS/phone+duration match; constant onset offset,1.1368683772161603e-13,UNKNOWN,/home/fanyu/auditory_simulation_m6a/pub_01/s06/ds004703_qc_20260919_v2/audio_neural_pairing_audit.csv
ds004703,sub-SD011_ses-01_task-PassiveListen__trial-18,1024.0,SEE_AUDIO_QC_PER_PATH,760.4858796450001,54.52736961451247,template word/POS/phone+duration match; constant onset offset,2.2737367544323206e-13,UNKNOWN,/home/fanyu/auditory_simulation_m6a/pub_01/s06/ds004703_qc_20260919_v2/audio_neural_pairing_audit.csv
ds004703,sub-SD011_ses-01_task-PassiveListen__trial-19,1024.0,SEE_AUDIO_QC_PER_PATH,828.40094444,32.8990022675737,template word/POS/phone+duration match; constant onset offset,2.2737367544323206e-13,UNKNOWN,/home/fanyu/auditory_simulation_m6a/pub_01/s06/ds004703_qc_20260919_v2/audio_neural_pairing_audit.csv
ds004703,sub-SD011_ses-01_task-PassiveListen__trial-20,1024.0,SEE_AUDIO_QC_PER_PATH,868.834315262,34.556938775510204,template word/POS/phone+duration match; constant onset offset,1.1368683772161603e-13,UNKNOWN,/home/fanyu/auditory_simulation_m6a/pub_01/s06/ds004703_qc_20260919_v2/audio_neural_pairing_audit.csv
ds004703,sub-SD011_ses-01_task-PassiveListen__trial-21,1024.0,SEE_AUDIO_QC_PER_PATH,916.260437356,3.44312925170068,template word/POS/phone+duration match; constant onset offset,9.094947017729282e-13,UNKNOWN,/home/fanyu/auditory_simulation_m6a/pub_01/s06/ds004703_qc_20260919_v2/audio_neural_pairing_audit.csv
ds004703,sub-SD011_ses-01_task-PassiveListen__trial-22,1024.0,SEE_AUDIO_QC_PER_PATH,963.267082364,3.44312925170068,template word/POS/phone+duration match; constant onset offset,9.890754881780595e-12,UNKNOWN,/home/fanyu/auditory_simulation_m6a/pub_01/s06/ds004703_qc_20260919_v2/audio_neural_pairing_audit.csv
ds004703,sub-SD011_ses-01_task-PassiveListen__trial-23,1024.0,SEE_AUDIO_QC_PER_PATH,976.935625,29.345056689342403,template word/POS/phone+duration match; constant onset offset,1.1368683772161603e-13,UNKNOWN,/home/fanyu/auditory_simulation_m6a/pub_01/s06/ds004703_qc_20260919_v2/audio_neural_pairing_audit.csv
ds004703,sub-SD011_ses-01_task-PassiveListen__trial-24,1024.0,SEE_AUDIO_QC_PER_PATH,1024.94599248,37.23800453514739,template word/POS/phone+duration match; constant onset offset,2.2737367544323206e-13,UNKNOWN,/home/fanyu/auditory_simulation_m6a/pub_01/s06/ds004703_qc_20260919_v2/audio_neural_pairing_audit.csv
ds004703,sub-SD011_ses-01_task-PassiveListen__trial-25,1024.0,SEE_AUDIO_QC_PER_PATH,1071.7951639,43.13843537414966,template word/POS/phone+duration match; constant onset offset,2.2737367544323206e-13,UNKNOWN,/home/fanyu/auditory_simulation_m6a/pub_01/s06/ds004703_qc_20260919_v2/audio_neural_pairing_audit.csv
ds004703,sub-SD011_ses-01_task-PassiveListen__trial-26,1024.0,SEE_AUDIO_QC_PER_PATH,1123.63462343,36.582426303854874,template word/POS/phone+duration match; constant onset offset,2.2737367544323206e-13,UNKNOWN,/home/fanyu/auditory_simulation_m6a/pub_01/s06/ds004703_qc_20260919_v2/audio_neural_pairing_audit.csv
ds004703,sub-SD011_ses-01_task-PassiveListen__trial-27,1024.0,SEE_AUDIO_QC_PER_PATH,1169.92103889,32.93675736961451,template word/POS/phone+duration match; constant onset offset,2.2737367544323206e-13,UNKNOWN,/home/fanyu/auditory_simulation_m6a/pub_01/s06/ds004703_qc_20260919_v2/audio_neural_pairing_audit.csv
ds004703,sub-SD011_ses-01_task-PassiveListen__trial-28,1024.0,SEE_AUDIO_QC_PER_PATH,1212.79536676,77.08981859410432,template word/POS/phone+duration match; constant onset offset,2.2737367544323206e-13,UNKNOWN,/home/fanyu/auditory_simulation_m6a/pub_01/s06/ds004703_qc_20260919_v2/audio_neural_pairing_audit.csv
ds004703,sub-SD011_ses-01_task-PassiveListen__trial-29,1024.0,SEE_AUDIO_QC_PER_PATH,1303.4609030600013,3.44312925170068,template word/POS/phone+duration match; constant onset offset,9.322320693172514e-12,UNKNOWN,/home/fanyu/auditory_simulation_m6a/pub_01/s06/ds004703_qc_20260919_v2/audio_neural_pairing_audit.csv
ds004703,sub-SD011_ses-01_task-PassiveListen__trial-30,1024.0,SEE_AUDIO_QC_PER_PATH,1355.4689989899998,3.44312925170068,template word/POS/phone+duration match; constant onset offset,1.0231815394945443e-11,UNKNOWN,/home/fanyu/auditory_simulation_m6a/pub_01/s06/ds004703_qc_20260919_v2/audio_neural_pairing_audit.csv
ds004703,sub-SD011_ses-01_task-PassiveListen__trial-31,1024.0,SEE_AUDIO_QC_PER_PATH,1361.52290866,41.67131519274376,template word/POS/phone+duration match; constant onset offset,2.2737367544323206e-13,UNKNOWN,/home/fanyu/auditory_simulation_m6a/pub_01/s06/ds004703_qc_20260919_v2/audio_neural_pairing_audit.csv
ds004703,sub-SD011_ses-01_task-PassiveListen__trial-32,1024.0,SEE_AUDIO_QC_PER_PATH,1410.30634077,35.371746031746035,template word/POS/phone+duration match; constant onset offset,2.2737367544323206e-13,UNKNOWN,/home/fanyu/auditory_simulation_m6a/pub_01/s06/ds004703_qc_20260919_v2/audio_neural_pairing_audit.csv
ds004703,sub-SD011_ses-01_task-PassiveListen__trial-33,1024.0,SEE_AUDIO_QC_PER_PATH,1464.03013235,60.9278231292517,template word/POS/phone+duration match; constant onset offset,2.2737367544323206e-13,UNKNOWN,/home/fanyu/auditory_simulation_m6a/pub_01/s06/ds004703_qc_20260919_v2/audio_neural_pairing_audit.csv
ds004703,sub-SD011_ses-01_task-PassiveListen__trial-34,1024.0,SEE_AUDIO_QC_PER_PATH,1534.83638983,46.363628117913834,template word/POS/phone+duration match; constant onset offset,2.2737367544323206e-13,UNKNOWN,/home/fanyu/auditory_simulation_m6a/pub_01/s06/ds004703_qc_20260919_v2/audio_neural_pairing_audit.csv
ds004703,sub-SD011_ses-01_task-PassiveListen__trial-35,1024.0,SEE_AUDIO_QC_PER_PATH,1591.840622,30.462244897959184,template word/POS/phone+duration match; constant onset offset,2.2737367544323206e-13,UNKNOWN,/home/fanyu/auditory_simulation_m6a/pub_01/s06/ds004703_qc_20260919_v2/audio_neural_pairing_audit.csv
ds004703,sub-SD011_ses-01_task-PassiveListen__trial-36,1024.0,SEE_AUDIO_QC_PER_PATH,1630.19251413,31.55362811791383,template word/POS/phone+duration match; constant onset offset,2.2737367544323206e-13,UNKNOWN,/home/fanyu/auditory_simulation_m6a/pub_01/s06/ds004703_qc_20260919_v2/audio_neural_pairing_audit.csv
ds004703,sub-SD011_ses-01_task-PassiveListen__trial-37,1024.0,SEE_AUDIO_QC_PER_PATH,1672.62525517,34.67619047619048,template word/POS/phone+duration match; constant onset offset,2.2737367544323206e-13,UNKNOWN,/home/fanyu/auditory_simulation_m6a/pub_01/s06/ds004703_qc_20260919_v2/audio_neural_pairing_audit.csv
ds004703,sub-SD011_ses-01_task-PassiveListen__trial-38,1024.0,SEE_AUDIO_QC_PER_PATH,1792.25906972,45.27312925170068,template word/POS/phone+duration match; constant onset offset,2.2737367544323206e-13,UNKNOWN,/home/fanyu/auditory_simulation_m6a/pub_01/s06/ds004703_qc_20260919_v2/audio_neural_pairing_audit.csv
ds004703,sub-SD011_ses-01_task-PassiveListen__trial-39,1024.0,SEE_AUDIO_QC_PER_PATH,1844.7558495400012,3.44312925170068,template word/POS/phone+duration match; constant onset offset,9.322320693172514e-12,UNKNOWN,/home/fanyu/auditory_simulation_m6a/pub_01/s06/ds004703_qc_20260919_v2/audio_neural_pairing_audit.csv
ds004703,sub-SD011_ses-01_task-PassiveListen__trial-40,1024.0,SEE_AUDIO_QC_PER_PATH,1888.7611649900007,3.44312925170068,template word/POS/phone+duration match; constant onset offset,1.000444171950221e-11,UNKNOWN,/home/fanyu/auditory_simulation_m6a/pub_01/s06/ds004703_qc_20260919_v2/audio_neural_pairing_audit.csv
ds004703,sub-SD011_ses-01_task-PassiveListen__trial-41,1024.0,SEE_AUDIO_QC_PER_PATH,1895.57525474,56.91793650793651,template word/POS/phone+duration match; constant onset offset,4.547473508864641e-13,UNKNOWN,/home/fanyu/auditory_simulation_m6a/pub_01/s06/ds004703_qc_20260919_v2/audio_neural_pairing_audit.csv
ds004703,sub-SD011_ses-01_task-PassiveListen__trial-42,1024.0,SEE_AUDIO_QC_PER_PATH,1963.16335008,20.8018820861678,template word/POS/phone+duration match; constant onset offset,2.2737367544323206e-13,UNKNOWN,/home/fanyu/auditory_simulation_m6a/pub_01/s06/ds004703_qc_20260919_v2/audio_neural_pairing_audit.csv
ds004703,sub-SD011_ses-01_task-PassiveListen__trial-43,1024.0,SEE_AUDIO_QC_PER_PATH,2000.69617375,34.4781179138322,template word/POS/phone+duration match; constant onset offset,2.2737367544323206e-13,UNKNOWN,/home/fanyu/auditory_simulation_m6a/pub_01/s06/ds004703_qc_20260919_v2/audio_neural_pairing_audit.csv
ds004703,sub-SD011_ses-01_task-PassiveListen__trial-44,1024.0,SEE_AUDIO_QC_PER_PATH,2049.01446015,54.69269841269841,template word/POS/phone+duration match; constant onset offset,4.547473508864641e-13,UNKNOWN,/home/fanyu/auditory_simulation_m6a/pub_01/s06/ds004703_qc_20260919_v2/audio_neural_pairing_audit.csv
ds004703,sub-SD011_ses-01_task-PassiveListen__trial-45,1024.0,SEE_AUDIO_QC_PER_PATH,2113.44675511,53.5008843537415,template word/POS/phone+duration match; constant onset offset,4.547473508864641e-13,UNKNOWN,/home/fanyu/auditory_simulation_m6a/pub_01/s06/ds004703_qc_20260919_v2/audio_neural_pairing_audit.csv
ds004703,sub-SD011_ses-01_task-PassiveListen__trial-46,1024.0,SEE_AUDIO_QC_PER_PATH,2177.52410383,42.95142857142857,template word/POS/phone+duration match; constant onset offset,4.547473508864641e-13,UNKNOWN,/home/fanyu/auditory_simulation_m6a/pub_01/s06/ds004703_qc_20260919_v2/audio_neural_pairing_audit.csv
ds004703,sub-SD011_ses-01_task-PassiveListen__trial-47,1024.0,SEE_AUDIO_QC_PER_PATH,2229.70005794,54.43687074829932,template word/POS/phone+duration match; constant onset offset,4.547473508864641e-13,UNKNOWN,/home/fanyu/auditory_simulation_m6a/pub_01/s06/ds004703_qc_20260919_v2/audio_neural_pairing_audit.csv
ds004703,sub-SD011_ses-01_task-PassiveListen__trial-48,1024.0,SEE_AUDIO_QC_PER_PATH,2291.7801232800016,3.44312925170068,template word/POS/phone+duration match; constant onset offset,1.000444171950221e-11,UNKNOWN,/home/fanyu/auditory_simulation_m6a/pub_01/s06/ds004703_qc_20260919_v2/audio_neural_pairing_audit.csv
ds004703,sub-SD011_ses-01_task-PassiveListen__trial-49,1024.0,SEE_AUDIO_QC_PER_PATH,2342.7879575899997,3.44312925170068,template word/POS/phone+duration match; constant onset offset,1.0459189070388675e-11,UNKNOWN,/home/fanyu/auditory_simulation_m6a/pub_01/s06/ds004703_qc_20260919_v2/audio_neural_pairing_audit.csv
ds004703,sub-SD011_ses-01_task-PassiveListen__trial-50,1024.0,SEE_AUDIO_QC_PER_PATH,2348.24071439,33.54437641723356,template word/POS/phone+duration match; constant onset offset,9.094947017729282e-13,UNKNOWN,/home/fanyu/auditory_simulation_m6a/pub_01/s06/ds004703_qc_20260919_v2/audio_neural_pairing_audit.csv
ds004703,sub-SD011_ses-01_task-PassiveListen__trial-51,1024.0,SEE_AUDIO_QC_PER_PATH,2390.82839916,16.85562358276644,template word/POS/phone+duration match; constant onset offset,4.547473508864641e-13,UNKNOWN,/home/fanyu/auditory_simulation_m6a/pub_01/s06/ds004703_qc_20260919_v2/audio_neural_pairing_audit.csv
ds004703,sub-SD011_ses-01_task-PassiveListen__trial-52,1024.0,SEE_AUDIO_QC_PER_PATH,2415.8868899999998,29.993242630385488,template word/POS/phone+duration match; constant onset offset,4.547473508864641e-13,UNKNOWN,/home/fanyu/auditory_simulation_m6a/pub_01/s06/ds004703_qc_20260919_v2/audio_neural_pairing_audit.csv
ds004703,sub-SD011_ses-01_task-PassiveListen__trial-53,1024.0,SEE_AUDIO_QC_PER_PATH,2470.58444646,41.42324263038549,template word/POS/phone+duration match; constant onset offset,4.547473508864641e-13,UNKNOWN,/home/fanyu/auditory_simulation_m6a/pub_01/s06/ds004703_qc_20260919_v2/audio_neural_pairing_audit.csv
ds004703,sub-SD011_ses-01_task-PassiveListen__trial-54,1024.0,SEE_AUDIO_QC_PER_PATH,2522.67306172,36.376122448979594,template word/POS/phone+duration match; constant onset offset,4.547473508864641e-13,UNKNOWN,/home/fanyu/auditory_simulation_m6a/pub_01/s06/ds004703_qc_20260919_v2/audio_neural_pairing_audit.csv
ds004703,sub-SD011_ses-01_task-PassiveListen__trial-55,1024.0,SEE_AUDIO_QC_PER_PATH,2571.15185002,35.123492063492066,template word/POS/phone+duration match; constant onset offset,4.547473508864641e-13,UNKNOWN,/home/fanyu/auditory_simulation_m6a/pub_01/s06/ds004703_qc_20260919_v2/audio_neural_pairing_audit.csv
ds004703,sub-SD011_ses-01_task-PassiveListen__trial-56,1024.0,SEE_AUDIO_QC_PER_PATH,2618.57650944,33.10163265306122,template word/POS/phone+duration match; constant onset offset,4.547473508864641e-13,UNKNOWN,/home/fanyu/auditory_simulation_m6a/pub_01/s06/ds004703_qc_20260919_v2/audio_neural_pairing_audit.csv
ds004703,sub-SD011_ses-01_task-PassiveListen__trial-57,1024.0,SEE_AUDIO_QC_PER_PATH,2664.72299803,43.50736961451247,template word/POS/phone+duration match; constant onset offset,4.547473508864641e-13,UNKNOWN,/home/fanyu/auditory_simulation_m6a/pub_01/s06/ds004703_qc_20260919_v2/audio_neural_pairing_audit.csv
ds004703,sub-SD011_ses-01_task-PassiveListen__trial-58,1024.0,SEE_AUDIO_QC_PER_PATH,2717.59775819,27.614240362811792,template word/POS/phone+duration match; constant onset offset,4.547473508864641e-13,UNKNOWN,/home/fanyu/auditory_simulation_m6a/pub_01/s06/ds004703_qc_20260919_v2/audio_neural_pairing_audit.csv
ds004703,sub-SD011_ses-01_task-PassiveListen__trial-59,1024.0,SEE_AUDIO_QC_PER_PATH,2752.79941422,34.05850340136055,template word/POS/phone+duration match; constant onset offset,4.547473508864641e-13,UNKNOWN,/home/fanyu/auditory_simulation_m6a/pub_01/s06/ds004703_qc_20260919_v2/audio_neural_pairing_audit.csv
ds004703,sub-SD011_ses-01_task-PassiveListen__trial-60,1024.0,SEE_AUDIO_QC_PER_PATH,2798.1484944300014,3.44312925170068,template word/POS/phone+duration match; constant onset offset,9.549694368615746e-12,UNKNOWN,/home/fanyu/auditory_simulation_m6a/pub_01/s06/ds004703_qc_20260919_v2/audio_neural_pairing_audit.csv
ds004703,sub-SD011_ses-01_task-PassiveListen__trial-61,1024.0,SEE_AUDIO_QC_PER_PATH,2853.15562103,3.44312925170068,template word/POS/phone+duration match; constant onset offset,1.000444171950221e-11,UNKNOWN,/home/fanyu/auditory_simulation_m6a/pub_01/s06/ds004703_qc_20260919_v2/audio_neural_pairing_audit.csv
ds004703,sub-SD011_ses-01_task-PassiveListen__trial-62,1024.0,SEE_AUDIO_QC_PER_PATH,2859.32988432,44.58725623582767,template word/POS/phone+duration match; constant onset offset,4.547473508864641e-13,UNKNOWN,/home/fanyu/auditory_simulation_m6a/pub_01/s06/ds004703_qc_20260919_v2/audio_neural_pairing_audit.csv
ds004703,sub-SD012_ses-01_task-PassiveListen__trial-0,512.0,SEE_AUDIO_QC_PER_PATH,54.34188499089999,1.9793197278911565,template word/POS/phone+duration match; constant onset offset,9.237055564881302e-14,UNKNOWN,/home/fanyu/auditory_simulation_m6a/pub_01/s06/ds004703_qc_20260919_v2/audio_neural_pairing_audit.csv
ds004703,sub-SD012_ses-01_task-PassiveListen__trial-1,512.0,SEE_AUDIO_QC_PER_PATH,60.99510891,35.22081632653061,template word/POS/phone+duration match; constant onset offset,1.1368683772161603e-13,UNKNOWN,/home/fanyu/auditory_simulation_m6a/pub_01/s06/ds004703_qc_20260919_v2/audio_neural_pairing_audit.csv
ds004703,sub-SD012_ses-01_task-PassiveListen__trial-2,512.0,SEE_AUDIO_QC_PER_PATH,143.50711768000002,6.248140589569161,template word/POS/phone+duration match; constant onset offset,9.379164112033322e-13,UNKNOWN,/home/fanyu/auditory_simulation_m6a/pub_01/s06/ds004703_qc_20260919_v2/audio_neural_pairing_audit.csv
ds004703,sub-SD012_ses-01_task-PassiveListen__trial-3,512.0,SEE_AUDIO_QC_PER_PATH,151.471103377,35.284126984126985,template word/POS/phone+duration match; constant onset offset,5.684341886080802e-14,UNKNOWN,/home/fanyu/auditory_simulation_m6a/pub_01/s06/ds004703_qc_20260919_v2/audio_neural_pairing_audit.csv
ds004703,sub-SD012_ses-01_task-PassiveListen__trial-4,512.0,SEE_AUDIO_QC_PER_PATH,204.74782093099995,3.44312925170068,template word/POS/phone+duration match; constant onset offset,9.947598300641403e-13,UNKNOWN,/home/fanyu/auditory_simulation_m6a/pub_01/s06/ds004703_qc_20260919_v2/audio_neural_pairing_audit.csv
ds004703,sub-SD012_ses-01_task-PassiveListen__trial-5,512.0,SEE_AUDIO_QC_PER_PATH,251.75759953399995,3.44312925170068,template word/POS/phone+duration match; constant onset offset,1.0231815394945443e-12,UNKNOWN,/home/fanyu/auditory_simulation_m6a/pub_01/s06/ds004703_qc_20260919_v2/audio_neural_pairing_audit.csv
ds004703,sub-SD012_ses-01_task-PassiveListen__trial-6,512.0,SEE_AUDIO_QC_PER_PATH,267.99408822999993,35.60836734693878,template word/POS/phone+duration match; constant onset offset,2.2737367544323206e-13,UNKNOWN,/home/fanyu/auditory_simulation_m6a/pub_01/s06/ds004703_qc_20260919_v2/audio_neural_pairing_audit.csv
ds004703,sub-SD012_ses-02_task-PassiveListen__trial-0,512.0,SEE_AUDIO_QC_PER_PATH,47.953333890299994,1.9793197278911565,template word/POS/phone+duration match; constant onset offset,9.237055564881302e-14,UNKNOWN,/home/fanyu/auditory_simulation_m6a/pub_01/s06/ds004703_qc_20260919_v2/audio_neural_pairing_audit.csv
ds004703,sub-SD012_ses-02_task-PassiveListen__trial-1,512.0,SEE_AUDIO_QC_PER_PATH,52.541468055799996,35.22081632653061,template word/POS/phone+duration match; constant onset offset,1.2079226507921703e-13,UNKNOWN,/home/fanyu/auditory_simulation_m6a/pub_01/s06/ds004703_qc_20260919_v2/audio_neural_pairing_audit.csv
ds004703,sub-SD012_ses-02_task-PassiveListen__trial-2,512.0,SEE_AUDIO_QC_PER_PATH,116.06174431100001,6.248140589569161,template word/POS/phone+duration match; constant onset offset,9.237055564881302e-13,UNKNOWN,/home/fanyu/auditory_simulation_m6a/pub_01/s06/ds004703_qc_20260919_v2/audio_neural_pairing_audit.csv
ds004703,sub-SD012_ses-02_task-PassiveListen__trial-3,512.0,SEE_AUDIO_QC_PER_PATH,126.519807944,34.63149659863946,template word/POS/phone+duration match; constant onset offset,7.105427357601002e-14,UNKNOWN,/home/fanyu/auditory_simulation_m6a/pub_01/s06/ds004703_qc_20260919_v2/audio_neural_pairing_audit.csv
ds004703,sub-SD012_ses-02_task-PassiveListen__trial-4,512.0,SEE_AUDIO_QC_PER_PATH,176.515371631,35.284126984126985,template word/POS/phone+duration match; constant onset offset,2.842170943040401e-14,UNKNOWN,/home/fanyu/auditory_simulation_m6a/pub_01/s06/ds004703_qc_20260919_v2/audio_neural_pairing_audit.csv
ds004703,sub-SD012_ses-02_task-PassiveListen__trial-5,512.0,SEE_AUDIO_QC_PER_PATH,225.392055464,22.537301587301588,template word/POS/phone+duration match; constant onset offset,2.842170943040401e-14,UNKNOWN,/home/fanyu/auditory_simulation_m6a/pub_01/s06/ds004703_qc_20260919_v2/audio_neural_pairing_audit.csv
ds004703,sub-SD012_ses-02_task-PassiveListen__trial-6,512.0,SEE_AUDIO_QC_PER_PATH,258.610866821,34.2159410430839,template word/POS/phone+duration match; constant onset offset,1.1368683772161603e-13,UNKNOWN,/home/fanyu/auditory_simulation_m6a/pub_01/s06/ds004703_qc_20260919_v2/audio_neural_pairing_audit.csv
ds004703,sub-SD012_ses-02_task-PassiveListen__trial-7,512.0,SEE_AUDIO_QC_PER_PATH,319.76657211,3.44312925170068,template word/POS/phone+duration match; constant onset offset,9.663381206337363e-13,UNKNOWN,/home/fanyu/auditory_simulation_m6a/pub_01/s06/ds004703_qc_20260919_v2/audio_neural_pairing_audit.csv
ds004703,sub-SD012_ses-02_task-PassiveListen__trial-8,512.0,SEE_AUDIO_QC_PER_PATH,366.77583716799995,3.44312925170068,template word/POS/phone+duration match; constant onset offset,1.0800249583553523e-12,UNKNOWN,/home/fanyu/auditory_simulation_m6a/pub_01/s06/ds004703_qc_20260919_v2/audio_neural_pairing_audit.csv
ds004703,sub-SD012_ses-02_task-PassiveListen__trial-9,512.0,SEE_AUDIO_QC_PER_PATH,386.00297644799997,28.18857142857143,template word/POS/phone+duration match; constant onset offset,1.1368683772161603e-13,UNKNOWN,/home/fanyu/auditory_simulation_m6a/pub_01/s06/ds004703_qc_20260919_v2/audio_neural_pairing_audit.csv
ds004703,sub-SD012_ses-02_task-PassiveListen__trial-10,512.0,SEE_AUDIO_QC_PER_PATH,424.59412768499993,35.60836734693878,template word/POS/phone+duration match; constant onset offset,2.2737367544323206e-13,UNKNOWN,/home/fanyu/auditory_simulation_m6a/pub_01/s06/ds004703_qc_20260919_v2/audio_neural_pairing_audit.csv
ds004703,sub-SD012_ses-02_task-PassiveListen__trial-11,512.0,SEE_AUDIO_QC_PER_PATH,470.005549735,37.38761904761905,template word/POS/phone+duration match; constant onset offset,1.1368683772161603e-13,UNKNOWN,/home/fanyu/auditory_simulation_m6a/pub_01/s06/ds004703_qc_20260919_v2/audio_neural_pairing_audit.csv
ds004703,sub-SD012_ses-02_task-PassiveListen__trial-12,512.0,SEE_AUDIO_QC_PER_PATH,518.038704047,49.18281179138322,template word/POS/phone+duration match; constant onset offset,1.1368683772161603e-13,UNKNOWN,/home/fanyu/auditory_simulation_m6a/pub_01/s06/ds004703_qc_20260919_v2/audio_neural_pairing_audit.csv
ds004703,sub-SD012_ses-02_task-PassiveListen__trial-13,512.0,SEE_AUDIO_QC_PER_PATH,590.34807991,3.44312925170068,template word/POS/phone+duration match; constant onset offset,9.094947017729282e-13,UNKNOWN,/home/fanyu/auditory_simulation_m6a/pub_01/s06/ds004703_qc_20260919_v2/audio_neural_pairing_audit.csv
ds004703,sub-SD012_ses-02_task-PassiveListen__trial-14,512.0,SEE_AUDIO_QC_PER_PATH,637.356608137,3.44312925170068,template word/POS/phone+duration match; constant onset offset,1.0231815394945443e-12,UNKNOWN,/home/fanyu/auditory_simulation_m6a/pub_01/s06/ds004703_qc_20260919_v2/audio_neural_pairing_audit.csv
ds004703,sub-SD012_ses-02_task-PassiveListen__trial-15,512.0,SEE_AUDIO_QC_PER_PATH,664.115727374,32.8990022675737,template word/POS/phone+duration match; constant onset offset,1.1368683772161603e-13,UNKNOWN,/home/fanyu/auditory_simulation_m6a/pub_01/s06/ds004703_qc_20260919_v2/audio_neural_pairing_audit.csv
ds004703,sub-SD012_ses-02_task-PassiveListen__trial-16,512.0,SEE_AUDIO_QC_PER_PATH,707.249000718,26.25294784580499,template word/POS/phone+duration match; constant onset offset,1.1368683772161603e-13,UNKNOWN,/home/fanyu/auditory_simulation_m6a/pub_01/s06/ds004703_qc_20260919_v2/audio_neural_pairing_audit.csv
ds004703,sub-SD012_ses-02_task-PassiveListen__trial-17,512.0,SEE_AUDIO_QC_PER_PATH,745.584401725,34.556938775510204,template word/POS/phone+duration match; constant onset offset,1.1368683772161603e-13,UNKNOWN,/home/fanyu/auditory_simulation_m6a/pub_01/s06/ds004703_qc_20260919_v2/audio_neural_pairing_audit.csv
ds004703,sub-SD012_ses-02_task-PassiveListen__trial-18,512.0,SEE_AUDIO_QC_PER_PATH,788.951963447,54.52736961451247,template word/POS/phone+duration match; constant onset offset,1.1368683772161603e-13,UNKNOWN,/home/fanyu/auditory_simulation_m6a/pub_01/s06/ds004703_qc_20260919_v2/audio_neural_pairing_audit.csv
ds004703,sub-SD012_ses-02_task-PassiveListen__trial-19,512.0,SEE_AUDIO_QC_PER_PATH,855.524725854,39.03469387755102,template word/POS/phone+duration match; constant onset offset,1.1368683772161603e-13,UNKNOWN,/home/fanyu/auditory_simulation_m6a/pub_01/s06/ds004703_qc_20260919_v2/audio_neural_pairing_audit.csv
ds004703,sub-SD012_ses-02_task-PassiveListen__trial-20,512.0,SEE_AUDIO_QC_PER_PATH,904.530053568,36.367437641723356,template word/POS/phone+duration match; constant onset offset,2.2737367544323206e-13,UNKNOWN,/home/fanyu/auditory_simulation_m6a/pub_01/s06/ds004703_qc_20260919_v2/audio_neural_pairing_audit.csv
ds004703,sub-SD012_ses-02_task-PassiveListen__trial-21,512.0,SEE_AUDIO_QC_PER_PATH,948.848739966,25.393945578231293,template word/POS/phone+duration match; constant onset offset,1.1368683772161603e-13,UNKNOWN,/home/fanyu/auditory_simulation_m6a/pub_01/s06/ds004703_qc_20260919_v2/audio_neural_pairing_audit.csv
ds004703,sub-SD012_ses-02_task-PassiveListen__trial-22,512.0,SEE_AUDIO_QC_PER_PATH,988.4020882660001,25.584126984126986,template word/POS/phone+duration match; constant onset offset,2.2737367544323206e-13,UNKNOWN,/home/fanyu/auditory_simulation_m6a/pub_01/s06/ds004703_qc_20260919_v2/audio_neural_pairing_audit.csv
ds004703,sub-SD012_ses-02_task-PassiveListen__trial-23,512.0,SEE_AUDIO_QC_PER_PATH,1027.26169699,43.13843537414966,template word/POS/phone+duration match; constant onset offset,2.2737367544323206e-13,UNKNOWN,/home/fanyu/auditory_simulation_m6a/pub_01/s06/ds004703_qc_20260919_v2/audio_neural_pairing_audit.csv
ds004703,sub-SD012_ses-02_task-PassiveListen__trial-24,512.0,SEE_AUDIO_QC_PER_PATH,1080.91690957,37.23800453514739,template word/POS/phone+duration match; constant onset offset,2.2737367544323206e-13,UNKNOWN,/home/fanyu/auditory_simulation_m6a/pub_01/s06/ds004703_qc_20260919_v2/audio_neural_pairing_audit.csv
ds004703,sub-SD012_ses-02_task-PassiveListen__trial-25,512.0,SEE_AUDIO_QC_PER_PATH,1129.21781342,29.345056689342403,template word/POS/phone+duration match; constant onset offset,2.2737367544323206e-13,UNKNOWN,/home/fanyu/auditory_simulation_m6a/pub_01/s06/ds004703_qc_20260919_v2/audio_neural_pairing_audit.csv
ds004703,sub-SD012_ses-02_task-PassiveListen__trial-26,512.0,SEE_AUDIO_QC_PER_PATH,1170.37300262,41.67131519274376,template word/POS/phone+duration match; constant onset offset,2.2737367544323206e-13,UNKNOWN,/home/fanyu/auditory_simulation_m6a/pub_01/s06/ds004703_qc_20260919_v2/audio_neural_pairing_audit.csv
ds004703,sub-SD012_ses-02_task-PassiveListen__trial-27,512.0,SEE_AUDIO_QC_PER_PATH,1219.94953221,77.08981859410432,template word/POS/phone+duration match; constant onset offset,2.2737367544323206e-13,UNKNOWN,/home/fanyu/auditory_simulation_m6a/pub_01/s06/ds004703_qc_20260919_v2/audio_neural_pairing_audit.csv
ds004703,sub-SD012_ses-02_task-PassiveListen__trial-28,512.0,SEE_AUDIO_QC_PER_PATH,1314.67540414,35.371746031746035,template word/POS/phone+duration match; constant onset offset,2.2737367544323206e-13,UNKNOWN,/home/fanyu/auditory_simulation_m6a/pub_01/s06/ds004703_qc_20260919_v2/audio_neural_pairing_audit.csv
ds004703,sub-SD012_ses-02_task-PassiveListen__trial-29,512.0,SEE_AUDIO_QC_PER_PATH,1365.15557882,36.582426303854874,template word/POS/phone+duration match; constant onset offset,2.2737367544323206e-13,UNKNOWN,/home/fanyu/auditory_simulation_m6a/pub_01/s06/ds004703_qc_20260919_v2/audio_neural_pairing_audit.csv
ds004703,sub-SD012_ses-02_task-PassiveListen__trial-30,512.0,SEE_AUDIO_QC_PER_PATH,1421.7627924,32.93675736961451,template word/POS/phone+duration match; constant onset offset,2.2737367544323206e-13,UNKNOWN,/home/fanyu/auditory_simulation_m6a/pub_01/s06/ds004703_qc_20260919_v2/audio_neural_pairing_audit.csv
ds004703,sub-SD012_ses-02_task-PassiveListen__trial-31,512.0,SEE_AUDIO_QC_PER_PATH,1472.7435947000013,3.44312925170068,template word/POS/phone+duration match; constant onset offset,9.322320693172514e-12,UNKNOWN,/home/fanyu/auditory_simulation_m6a/pub_01/s06/ds004703_qc_20260919_v2/audio_neural_pairing_audit.csv
ds004703,sub-SD012_ses-02_task-PassiveListen__trial-32,512.0,SEE_AUDIO_QC_PER_PATH,1524.75321667,3.44312925170068,template word/POS/phone+duration match; constant onset offset,1.0231815394945443e-11,UNKNOWN,/home/fanyu/auditory_simulation_m6a/pub_01/s06/ds004703_qc_20260919_v2/audio_neural_pairing_audit.csv
ds004703,sub-SD012_ses-02_task-PassiveListen__trial-33,512.0,SEE_AUDIO_QC_PER_PATH,1548.8909416600013,3.44312925170068,template word/POS/phone+duration match; constant onset offset,9.322320693172514e-12,UNKNOWN,/home/fanyu/auditory_simulation_m6a/pub_01/s06/ds004703_qc_20260919_v2/audio_neural_pairing_audit.csv
ds004703,sub-SD012_ses-02_task-PassiveListen__trial-34,512.0,SEE_AUDIO_QC_PER_PATH,1592.9007238300007,3.44312925170068,template word/POS/phone+duration match; constant onset offset,1.0231815394945443e-11,UNKNOWN,/home/fanyu/auditory_simulation_m6a/pub_01/s06/ds004703_qc_20260919_v2/audio_neural_pairing_audit.csv
ds004703,sub-SD012_ses-02_task-PassiveListen__trial-35,512.0,SEE_AUDIO_QC_PER_PATH,1606.9631847800001,31.55362811791383,template word/POS/phone+duration match; constant onset offset,2.2737367544323206e-13,UNKNOWN,/home/fanyu/auditory_simulation_m6a/pub_01/s06/ds004703_qc_20260919_v2/audio_neural_pairing_audit.csv
ds004703,sub-SD012_ses-02_task-PassiveListen__trial-36,512.0,SEE_AUDIO_QC_PER_PATH,1651.70496168,45.27312925170068,template word/POS/phone+duration match; constant onset offset,4.547473508864641e-13,UNKNOWN,/home/fanyu/auditory_simulation_m6a/pub_01/s06/ds004703_qc_20260919_v2/audio_neural_pairing_audit.csv
ds004703,sub-SD012_ses-02_task-PassiveListen__trial-37,512.0,SEE_AUDIO_QC_PER_PATH,1703.35101982,46.363628117913834,template word/POS/phone+duration match; constant onset offset,2.2737367544323206e-13,UNKNOWN,/home/fanyu/auditory_simulation_m6a/pub_01/s06/ds004703_qc_20260919_v2/audio_neural_pairing_audit.csv
ds004703,sub-SD012_ses-02_task-PassiveListen__trial-38,512.0,SEE_AUDIO_QC_PER_PATH,1760.5041715,56.91793650793651,template word/POS/phone+duration match; constant onset offset,2.2737367544323206e-13,UNKNOWN,/home/fanyu/auditory_simulation_m6a/pub_01/s06/ds004703_qc_20260919_v2/audio_neural_pairing_audit.csv
ds004703,sub-SD012_ses-02_task-PassiveListen__trial-39,512.0,SEE_AUDIO_QC_PER_PATH,1828.76835415,20.8018820861678,template word/POS/phone+duration match; constant onset offset,2.2737367544323206e-13,UNKNOWN,/home/fanyu/auditory_simulation_m6a/pub_01/s06/ds004703_qc_20260919_v2/audio_neural_pairing_audit.csv
ds004703,sub-SD012_ses-02_task-PassiveListen__trial-40,512.0,SEE_AUDIO_QC_PER_PATH,1858.33054876,60.9278231292517,template word/POS/phone+duration match; constant onset offset,2.2737367544323206e-13,UNKNOWN,/home/fanyu/auditory_simulation_m6a/pub_01/s06/ds004703_qc_20260919_v2/audio_neural_pairing_audit.csv
ds004703,sub-SD012_ses-02_task-PassiveListen__trial-41,512.0,SEE_AUDIO_QC_PER_PATH,1928.51665751,34.67619047619048,template word/POS/phone+duration match; constant onset offset,2.2737367544323206e-13,UNKNOWN,/home/fanyu/auditory_simulation_m6a/pub_01/s06/ds004703_qc_20260919_v2/audio_neural_pairing_audit.csv
ds004703,sub-SD012_ses-02_task-PassiveListen__trial-42,512.0,SEE_AUDIO_QC_PER_PATH,1975.49126138,30.462244897959184,template word/POS/phone+duration match; constant onset offset,2.2737367544323206e-13,UNKNOWN,/home/fanyu/auditory_simulation_m6a/pub_01/s06/ds004703_qc_20260919_v2/audio_neural_pairing_audit.csv
ds004703,sub-SD012_ses-02_task-PassiveListen__trial-43,512.0,SEE_AUDIO_QC_PER_PATH,2029.77595648,54.43687074829932,template word/POS/phone+duration match; constant onset offset,4.547473508864641e-13,UNKNOWN,/home/fanyu/auditory_simulation_m6a/pub_01/s06/ds004703_qc_20260919_v2/audio_neural_pairing_audit.csv
ds004703,sub-SD012_ses-02_task-PassiveListen__trial-44,512.0,SEE_AUDIO_QC_PER_PATH,2091.6347221,29.993242630385488,template word/POS/phone+duration match; constant onset offset,4.547473508864641e-13,UNKNOWN,/home/fanyu/auditory_simulation_m6a/pub_01/s06/ds004703_qc_20260919_v2/audio_neural_pairing_audit.csv
ds004703,sub-SD012_ses-02_task-PassiveListen__trial-45,512.0,SEE_AUDIO_QC_PER_PATH,2133.25591017,53.5008843537415,template word/POS/phone+duration match; constant onset offset,4.547473508864641e-13,UNKNOWN,/home/fanyu/auditory_simulation_m6a/pub_01/s06/ds004703_qc_20260919_v2/audio_neural_pairing_audit.csv
ds004703,sub-SD012_ses-02_task-PassiveListen__trial-46,512.0,SEE_AUDIO_QC_PER_PATH,2195.59221075,42.95142857142857,template word/POS/phone+duration match; constant onset offset,4.547473508864641e-13,UNKNOWN,/home/fanyu/auditory_simulation_m6a/pub_01/s06/ds004703_qc_20260919_v2/audio_neural_pairing_audit.csv
ds004703,sub-SD012_ses-02_task-PassiveListen__trial-47,512.0,SEE_AUDIO_QC_PER_PATH,2249.15491276,34.4781179138322,template word/POS/phone+duration match; constant onset offset,4.547473508864641e-13,UNKNOWN,/home/fanyu/auditory_simulation_m6a/pub_01/s06/ds004703_qc_20260919_v2/audio_neural_pairing_audit.csv
ds004703,sub-SD012_ses-02_task-PassiveListen__trial-48,512.0,SEE_AUDIO_QC_PER_PATH,2300.12855931,16.85562358276644,template word/POS/phone+duration match; constant onset offset,4.547473508864641e-13,UNKNOWN,/home/fanyu/auditory_simulation_m6a/pub_01/s06/ds004703_qc_20260919_v2/audio_neural_pairing_audit.csv
ds004703,sub-SD012_ses-02_task-PassiveListen__trial-49,512.0,SEE_AUDIO_QC_PER_PATH,2325.4792135300013,3.44312925170068,template word/POS/phone+duration match; constant onset offset,9.549694368615746e-12,UNKNOWN,/home/fanyu/auditory_simulation_m6a/pub_01/s06/ds004703_qc_20260919_v2/audio_neural_pairing_audit.csv
ds004703,sub-SD012_ses-02_task-PassiveListen__trial-50,512.0,SEE_AUDIO_QC_PER_PATH,2376.4885197199997,3.44312925170068,template word/POS/phone+duration match; constant onset offset,1.000444171950221e-11,UNKNOWN,/home/fanyu/auditory_simulation_m6a/pub_01/s06/ds004703_qc_20260919_v2/audio_neural_pairing_audit.csv
ds004703,sub-SD012_ses-02_task-PassiveListen__trial-51,512.0,SEE_AUDIO_QC_PER_PATH,2388.45704755,54.69269841269841,template word/POS/phone+duration match; constant onset offset,4.547473508864641e-13,UNKNOWN,/home/fanyu/auditory_simulation_m6a/pub_01/s06/ds004703_qc_20260919_v2/audio_neural_pairing_audit.csv
ds004703,sub-SD012_ses-02_task-PassiveListen__trial-52,512.0,SEE_AUDIO_QC_PER_PATH,2450.98091087,33.54437641723356,template word/POS/phone+duration match; constant onset offset,4.547473508864641e-13,UNKNOWN,/home/fanyu/auditory_simulation_m6a/pub_01/s06/ds004703_qc_20260919_v2/audio_neural_pairing_audit.csv
ds004703,sub-SD013_ses-01_task-PassiveListen__trial-0,1024.0,SEE_AUDIO_QC_PER_PATH,259.7209999999999,1.9793197278911565,template word/POS/phone+duration match; constant onset offset,9.094947017729282e-13,UNKNOWN,/home/fanyu/auditory_simulation_m6a/pub_01/s06/ds004703_qc_20260919_v2/audio_neural_pairing_audit.csv
ds004703,sub-SD013_ses-01_task-PassiveListen__trial-1,1024.0,SEE_AUDIO_QC_PER_PATH,268.6379999999999,35.22081632653061,template word/POS/phone+duration match; constant onset offset,1.0231815394945443e-12,UNKNOWN,/home/fanyu/auditory_simulation_m6a/pub_01/s06/ds004703_qc_20260919_v2/audio_neural_pairing_audit.csv
ds004703,sub-SD013_ses-01_task-PassiveListen__trial-2,1024.0,SEE_AUDIO_QC_PER_PATH,329.944,6.248140589569161,template word/POS/phone+duration match; constant onset offset,9.663381206337363e-13,UNKNOWN,/home/fanyu/auditory_simulation_m6a/pub_01/s06/ds004703_qc_20260919_v2/audio_neural_pairing_audit.csv
ds004703,sub-SD013_ses-01_task-PassiveListen__trial-3,1024.0,SEE_AUDIO_QC_PER_PATH,337.56199999999995,28.18857142857143,template word/POS/phone+duration match; constant onset offset,5.684341886080802e-14,UNKNOWN,/home/fanyu/auditory_simulation_m6a/pub_01/s06/ds004703_qc_20260919_v2/audio_neural_pairing_audit.csv
ds004703,sub-SD013_ses-01_task-PassiveListen__trial-4,1024.0,SEE_AUDIO_QC_PER_PATH,394.495,49.18281179138322,template word/POS/phone+duration match; constant onset offset,1.1368683772161603e-13,UNKNOWN,/home/fanyu/auditory_simulation_m6a/pub_01/s06/ds004703_qc_20260919_v2/audio_neural_pairing_audit.csv
ds004703,sub-SD013_ses-01_task-PassiveListen__trial-5,1024.0,SEE_AUDIO_QC_PER_PATH,464.155,34.63149659863946,template word/POS/phone+duration match; constant onset offset,5.684341886080802e-14,UNKNOWN,/home/fanyu/auditory_simulation_m6a/pub_01/s06/ds004703_qc_20260919_v2/audio_neural_pairing_audit.csv
ds004703,sub-SD013_ses-01_task-PassiveListen__trial-6,1024.0,SEE_AUDIO_QC_PER_PATH,510.88100000000003,34.2159410430839,template word/POS/phone+duration match; constant onset offset,1.7053025658242404e-13,UNKNOWN,/home/fanyu/auditory_simulation_m6a/pub_01/s06/ds004703_qc_20260919_v2/audio_neural_pairing_audit.csv
ds004703,sub-SD013_ses-01_task-PassiveListen__trial-7,1024.0,SEE_AUDIO_QC_PER_PATH,583.139,35.284126984126985,template word/POS/phone+duration match; constant onset offset,2.2737367544323206e-13,UNKNOWN,/home/fanyu/auditory_simulation_m6a/pub_01/s06/ds004703_qc_20260919_v2/audio_neural_pairing_audit.csv
ds004703,sub-SD013_ses-01_task-PassiveListen__trial-8,1024.0,SEE_AUDIO_QC_PER_PATH,628.184,35.60836734693878,template word/POS/phone+duration match; constant onset offset,1.1368683772161603e-13,UNKNOWN,/home/fanyu/auditory_simulation_m6a/pub_01/s06/ds004703_qc_20260919_v2/audio_neural_pairing_audit.csv
ds004703,sub-SD013_ses-01_task-PassiveListen__trial-9,1024.0,SEE_AUDIO_QC_PER_PATH,675.08,22.537301587301588,template word/POS/phone+duration match; constant onset offset,1.1368683772161603e-13,UNKNOWN,/home/fanyu/auditory_simulation_m6a/pub_01/s06/ds004703_qc_20260919_v2/audio_neural_pairing_audit.csv
ds004703,sub-SD013_ses-01_task-PassiveListen__trial-10,1024.0,SEE_AUDIO_QC_PER_PATH,707.033,37.38761904761905,template word/POS/phone+duration match; constant onset offset,1.1368683772161603e-13,UNKNOWN,/home/fanyu/auditory_simulation_m6a/pub_01/s06/ds004703_qc_20260919_v2/audio_neural_pairing_audit.csv
ds004703,sub-SD013_ses-01_task-PassiveListen__trial-11,1024.0,SEE_AUDIO_QC_PER_PATH,755.056,3.44312925170068,template word/POS/phone+duration match; constant onset offset,1.0231815394945443e-12,UNKNOWN,/home/fanyu/auditory_simulation_m6a/pub_01/s06/ds004703_qc_20260919_v2/audio_neural_pairing_audit.csv
ds004703,sub-SD013_ses-01_task-PassiveListen__trial-12,1024.0,SEE_AUDIO_QC_PER_PATH,930.04,34.556938775510204,template word/POS/phone+duration match; constant onset offset,1.1368683772161603e-13,UNKNOWN,/home/fanyu/auditory_simulation_m6a/pub_01/s06/ds004703_qc_20260919_v2/audio_neural_pairing_audit.csv
ds004703,sub-SD013_ses-01_task-PassiveListen__trial-13,1024.0,SEE_AUDIO_QC_PER_PATH,973.599,39.03469387755102,template word/POS/phone+duration match; constant onset offset,1.1368683772161603e-13,UNKNOWN,/home/fanyu/auditory_simulation_m6a/pub_01/s06/ds004703_qc_20260919_v2/audio_neural_pairing_audit.csv
ds004703,sub-SD013_ses-01_task-PassiveListen__trial-14,1024.0,SEE_AUDIO_QC_PER_PATH,1022.548,25.393945578231293,template word/POS/phone+duration match; constant onset offset,2.2737367544323206e-13,UNKNOWN,/home/fanyu/auditory_simulation_m6a/pub_01/s06/ds004703_qc_20260919_v2/audio_neural_pairing_audit.csv
ds004703,sub-SD013_ses-01_task-PassiveListen__trial-15,1024.0,SEE_AUDIO_QC_PER_PATH,1057.7529999999997,3.44312925170068,template word/POS/phone+duration match; constant onset offset,1.000444171950221e-11,UNKNOWN,/home/fanyu/auditory_simulation_m6a/pub_01/s06/ds004703_qc_20260919_v2/audio_neural_pairing_audit.csv
ds004703,sub-SD013_ses-01_task-PassiveListen__trial-16,1024.0,SEE_AUDIO_QC_PER_PATH,1116.353,36.367437641723356,template word/POS/phone+duration match; constant onset offset,4.547473508864641e-13,UNKNOWN,/home/fanyu/auditory_simulation_m6a/pub_01/s06/ds004703_qc_20260919_v2/audio_neural_pairing_audit.csv
ds004703,sub-SD013_ses-01_task-PassiveListen__trial-17,1024.0,SEE_AUDIO_QC_PER_PATH,1168.365,25.584126984126986,template word/POS/phone+duration match; constant onset offset,2.2737367544323206e-13,UNKNOWN,/home/fanyu/auditory_simulation_m6a/pub_01/s06/ds004703_qc_20260919_v2/audio_neural_pairing_audit.csv
ds004703,sub-SD013_ses-01_task-PassiveListen__trial-18,1024.0,SEE_AUDIO_QC_PER_PATH,1203.2930000000001,54.52736961451247,template word/POS/phone+duration match; constant onset offset,2.2737367544323206e-13,UNKNOWN,/home/fanyu/auditory_simulation_m6a/pub_01/s06/ds004703_qc_20260919_v2/audio_neural_pairing_audit.csv
ds004703,sub-SD013_ses-01_task-PassiveListen__trial-19,1024.0,SEE_AUDIO_QC_PER_PATH,1269.981,32.8990022675737,template word/POS/phone+duration match; constant onset offset,4.547473508864641e-13,UNKNOWN,/home/fanyu/auditory_simulation_m6a/pub_01/s06/ds004703_qc_20260919_v2/audio_neural_pairing_audit.csv
ds004703,sub-SD013_ses-01_task-PassiveListen__trial-20,1024.0,SEE_AUDIO_QC_PER_PATH,1310.564,26.25294784580499,template word/POS/phone+duration match; constant onset offset,2.2737367544323206e-13,UNKNOWN,/home/fanyu/auditory_simulation_m6a/pub_01/s06/ds004703_qc_20260919_v2/audio_neural_pairing_audit.csv
ds004703,sub-SD015_ses-01_task-PassiveListen__trial-0,1024.0,SEE_AUDIO_QC_PER_PATH,109.01219039499988,1.9793197278911565,template word/POS/phone+duration match; constant onset offset,9.094947017729282e-13,UNKNOWN,/home/fanyu/auditory_simulation_m6a/pub_01/s06/ds004703_qc_20260919_v2/audio_neural_pairing_audit.csv
ds004703,sub-SD015_ses-01_task-PassiveListen__trial-1,1024.0,SEE_AUDIO_QC_PER_PATH,118.21048807299995,35.22081632653061,template word/POS/phone+duration match; constant onset offset,1.0089706847793423e-12,UNKNOWN,/home/fanyu/auditory_simulation_m6a/pub_01/s06/ds004703_qc_20260919_v2/audio_neural_pairing_audit.csv
ds004703,sub-SD015_ses-01_task-PassiveListen__trial-2,1024.0,SEE_AUDIO_QC_PER_PATH,175.150396838,3.44312925170068,template word/POS/phone+duration match; constant onset offset,9.379164112033322e-13,UNKNOWN,/home/fanyu/auditory_simulation_m6a/pub_01/s06/ds004703_qc_20260919_v2/audio_neural_pairing_audit.csv
ds004703,sub-SD015_ses-01_task-PassiveListen__trial-3,1024.0,SEE_AUDIO_QC_PER_PATH,217.61827818400002,6.248140589569161,template word/POS/phone+duration match; constant onset offset,9.379164112033322e-13,UNKNOWN,/home/fanyu/auditory_simulation_m6a/pub_01/s06/ds004703_qc_20260919_v2/audio_neural_pairing_audit.csv
ds004703,sub-SD015_ses-01_task-PassiveListen__trial-4,1024.0,SEE_AUDIO_QC_PER_PATH,344.32028952,35.284126984126985,template word/POS/phone+duration match; constant onset offset,5.684341886080802e-14,UNKNOWN,/home/fanyu/auditory_simulation_m6a/pub_01/s06/ds004703_qc_20260919_v2/audio_neural_pairing_audit.csv
ds004703,sub-SD015_ses-01_task-PassiveListen__trial-5,1024.0,SEE_AUDIO_QC_PER_PATH,420.2851334865,49.18281179138322,template word/POS/phone+duration match; constant onset offset,1.1368683772161603e-13,UNKNOWN,/home/fanyu/auditory_simulation_m6a/pub_01/s06/ds004703_qc_20260919_v2/audio_neural_pairing_audit.csv
ds004703,sub-SD015_ses-01_task-PassiveListen__trial-6,1024.0,SEE_AUDIO_QC_PER_PATH,485.67504601999997,34.63149659863946,template word/POS/phone+duration match; constant onset offset,1.7053025658242404e-13,UNKNOWN,/home/fanyu/auditory_simulation_m6a/pub_01/s06/ds004703_qc_20260919_v2/audio_neural_pairing_audit.csv
ds004703,sub-SD015_ses-01_task-PassiveListen__trial-7,1024.0,SEE_AUDIO_QC_PER_PATH,540.409577511,28.18857142857143,template word/POS/phone+duration match; constant onset offset,1.1368683772161603e-13,UNKNOWN,/home/fanyu/auditory_simulation_m6a/pub_01/s06/ds004703_qc_20260919_v2/audio_neural_pairing_audit.csv
ds004703,sub-SD015_ses-01_task-PassiveListen__trial-8,1024.0,SEE_AUDIO_QC_PER_PATH,601.924899305,3.44312925170068,template word/POS/phone+duration match; constant onset offset,1.0231815394945443e-12,UNKNOWN,/home/fanyu/auditory_simulation_m6a/pub_01/s06/ds004703_qc_20260919_v2/audio_neural_pairing_audit.csv
ds004703,sub-SD015_ses-01_task-PassiveListen__trial-9,1024.0,SEE_AUDIO_QC_PER_PATH,605.942147358,3.44312925170068,template word/POS/phone+duration match; constant onset offset,1.0231815394945443e-12,UNKNOWN,/home/fanyu/auditory_simulation_m6a/pub_01/s06/ds004703_qc_20260919_v2/audio_neural_pairing_audit.csv
ds004703,sub-SD015_ses-01_task-PassiveListen__trial-10,1024.0,SEE_AUDIO_QC_PER_PATH,634.85553638,22.537301587301588,template word/POS/phone+duration match; constant onset offset,1.1368683772161603e-13,UNKNOWN,/home/fanyu/auditory_simulation_m6a/pub_01/s06/ds004703_qc_20260919_v2/audio_neural_pairing_audit.csv
ds004703,sub-SD017_ses-01_task-PassiveListen__trial-0,512.0,SEE_AUDIO_QC_PER_PATH,17.67527870049999,1.9793197278911565,template word/POS/phone+duration match; constant onset offset,9.237055564881302e-14,UNKNOWN,/home/fanyu/auditory_simulation_m6a/pub_01/s06/ds004703_qc_20260919_v2/audio_neural_pairing_audit.csv
ds004703,sub-SD017_ses-01_task-PassiveListen__trial-1,512.0,SEE_AUDIO_QC_PER_PATH,21.3375371545,35.22081632653061,template word/POS/phone+duration match; constant onset offset,1.0658141036401503e-13,UNKNOWN,/home/fanyu/auditory_simulation_m6a/pub_01/s06/ds004703_qc_20260919_v2/audio_neural_pairing_audit.csv
ds004703,sub-SD017_ses-01_task-PassiveListen__trial-2,512.0,SEE_AUDIO_QC_PER_PATH,73.55733359089999,3.44312925170068,template word/POS/phone+duration match; constant onset offset,9.947598300641403e-14,UNKNOWN,/home/fanyu/auditory_simulation_m6a/pub_01/s06/ds004703_qc_20260919_v2/audio_neural_pairing_audit.csv
ds004703,sub-SD017_ses-01_task-PassiveListen__trial-3,512.0,SEE_AUDIO_QC_PER_PATH,79.7688460416,6.248140589569161,template word/POS/phone+duration match; constant onset offset,1.1368683772161603e-13,UNKNOWN,/home/fanyu/auditory_simulation_m6a/pub_01/s06/ds004703_qc_20260919_v2/audio_neural_pairing_audit.csv
ds004703,sub-SD017_ses-01_task-PassiveListen__trial-4,512.0,SEE_AUDIO_QC_PER_PATH,87.42611121249999,28.18857142857143,template word/POS/phone+duration match; constant onset offset,5.684341886080802e-14,UNKNOWN,/home/fanyu/auditory_simulation_m6a/pub_01/s06/ds004703_qc_20260919_v2/audio_neural_pairing_audit.csv
ds004703,sub-SD017_ses-01_task-PassiveListen__trial-5,512.0,SEE_AUDIO_QC_PER_PATH,131.516411612,49.18281179138322,template word/POS/phone+duration match; constant onset offset,8.526512829121202e-14,UNKNOWN,/home/fanyu/auditory_simulation_m6a/pub_01/s06/ds004703_qc_20260919_v2/audio_neural_pairing_audit.csv
ds004703,sub-SD017_ses-01_task-PassiveListen__trial-6,512.0,SEE_AUDIO_QC_PER_PATH,189.84907096400002,34.2159410430839,template word/POS/phone+duration match; constant onset offset,8.526512829121202e-14,UNKNOWN,/home/fanyu/auditory_simulation_m6a/pub_01/s06/ds004703_qc_20260919_v2/audio_neural_pairing_audit.csv
ds004703,sub-SD017_ses-01_task-PassiveListen__trial-7,512.0,SEE_AUDIO_QC_PER_PATH,234.69818050699993,35.60836734693878,template word/POS/phone+duration match; constant onset offset,1.7053025658242404e-13,UNKNOWN,/home/fanyu/auditory_simulation_m6a/pub_01/s06/ds004703_qc_20260919_v2/audio_neural_pairing_audit.csv
ds004703,sub-SD017_ses-01_task-PassiveListen__trial-8,512.0,SEE_AUDIO_QC_PER_PATH,279.176657321,35.284126984126985,template word/POS/phone+duration match; constant onset offset,5.684341886080802e-14,UNKNOWN,/home/fanyu/auditory_simulation_m6a/pub_01/s06/ds004703_qc_20260919_v2/audio_neural_pairing_audit.csv
ds004703,sub-SD017_ses-01_task-PassiveListen__trial-9,512.0,SEE_AUDIO_QC_PER_PATH,326.730402053,34.63149659863946,template word/POS/phone+duration match; constant onset offset,1.1368683772161603e-13,UNKNOWN,/home/fanyu/auditory_simulation_m6a/pub_01/s06/ds004703_qc_20260919_v2/audio_neural_pairing_audit.csv
ds004703,sub-SD017_ses-01_task-PassiveListen__trial-10,512.0,SEE_AUDIO_QC_PER_PATH,371.849001727,37.38761904761905,template word/POS/phone+duration match; constant onset offset,5.684341886080802e-14,UNKNOWN,/home/fanyu/auditory_simulation_m6a/pub_01/s06/ds004703_qc_20260919_v2/audio_neural_pairing_audit.csv
ds004703,sub-SD017_ses-01_task-PassiveListen__trial-11,512.0,SEE_AUDIO_QC_PER_PATH,418.371706807,3.44312925170068,template word/POS/phone+duration match; constant onset offset,1.0231815394945443e-12,UNKNOWN,/home/fanyu/auditory_simulation_m6a/pub_01/s06/ds004703_qc_20260919_v2/audio_neural_pairing_audit.csv
ds004703,sub-SD017_ses-01_task-PassiveListen__trial-12,512.0,SEE_AUDIO_QC_PER_PATH,422.385985082,3.44312925170068,template word/POS/phone+duration match; constant onset offset,1.0800249583553523e-12,UNKNOWN,/home/fanyu/auditory_simulation_m6a/pub_01/s06/ds004703_qc_20260919_v2/audio_neural_pairing_audit.csv
ds004703,sub-SD017_ses-01_task-PassiveListen__trial-13,512.0,SEE_AUDIO_QC_PER_PATH,472.263704064,22.537301587301588,template word/POS/phone+duration match; constant onset offset,5.684341886080802e-14,UNKNOWN,/home/fanyu/auditory_simulation_m6a/pub_01/s06/ds004703_qc_20260919_v2/audio_neural_pairing_audit.csv
ds004703,sub-SD017_ses-01_task-PassiveListen__trial-14,512.0,SEE_AUDIO_QC_PER_PATH,523.079466119,32.8990022675737,template word/POS/phone+duration match; constant onset offset,1.1368683772161603e-13,UNKNOWN,/home/fanyu/auditory_simulation_m6a/pub_01/s06/ds004703_qc_20260919_v2/audio_neural_pairing_audit.csv
ds004703,sub-SD017_ses-01_task-PassiveListen__trial-15,512.0,SEE_AUDIO_QC_PER_PATH,562.96776849,25.584126984126986,template word/POS/phone+duration match; constant onset offset,1.1368683772161603e-13,UNKNOWN,/home/fanyu/auditory_simulation_m6a/pub_01/s06/ds004703_qc_20260919_v2/audio_neural_pairing_audit.csv
ds004703,sub-SD017_ses-01_task-PassiveListen__trial-16,512.0,SEE_AUDIO_QC_PER_PATH,595.396538835,3.44312925170068,template word/POS/phone+duration match; constant onset offset,9.094947017729282e-13,UNKNOWN,/home/fanyu/auditory_simulation_m6a/pub_01/s06/ds004703_qc_20260919_v2/audio_neural_pairing_audit.csv
ds004703,sub-SD017_ses-01_task-PassiveListen__trial-17,512.0,SEE_AUDIO_QC_PER_PATH,599.410633159,3.44312925170068,template word/POS/phone+duration match; constant onset offset,1.0231815394945443e-12,UNKNOWN,/home/fanyu/auditory_simulation_m6a/pub_01/s06/ds004703_qc_20260919_v2/audio_neural_pairing_audit.csv
ds004703,sub-SD017_ses-01_task-PassiveListen__trial-18,512.0,SEE_AUDIO_QC_PER_PATH,649.447873792,26.25294784580499,template word/POS/phone+duration match; constant onset offset,2.2737367544323206e-13,UNKNOWN,/home/fanyu/auditory_simulation_m6a/pub_01/s06/ds004703_qc_20260919_v2/audio_neural_pairing_audit.csv
ds004703,sub-SD017_ses-01_task-PassiveListen__trial-19,512.0,SEE_AUDIO_QC_PER_PATH,683.674264408,36.367437641723356,template word/POS/phone+duration match; constant onset offset,2.2737367544323206e-13,UNKNOWN,/home/fanyu/auditory_simulation_m6a/pub_01/s06/ds004703_qc_20260919_v2/audio_neural_pairing_audit.csv
ds004703,sub-SD017_ses-01_task-PassiveListen__trial-20,512.0,SEE_AUDIO_QC_PER_PATH,726.763760527,39.03469387755102,template word/POS/phone+duration match; constant onset offset,1.1368683772161603e-13,UNKNOWN,/home/fanyu/auditory_simulation_m6a/pub_01/s06/ds004703_qc_20260919_v2/audio_neural_pairing_audit.csv
ds004703,sub-SD017_ses-01_task-PassiveListen__trial-21,512.0,SEE_AUDIO_QC_PER_PATH,773.224537041,25.393945578231293,template word/POS/phone+duration match; constant onset offset,1.1368683772161603e-13,UNKNOWN,/home/fanyu/auditory_simulation_m6a/pub_01/s06/ds004703_qc_20260919_v2/audio_neural_pairing_audit.csv
ds004703,sub-SD017_ses-01_task-PassiveListen__trial-22,512.0,SEE_AUDIO_QC_PER_PATH,807.4844971640001,54.52736961451247,template word/POS/phone+duration match; constant onset offset,1.1368683772161603e-13,UNKNOWN,/home/fanyu/auditory_simulation_m6a/pub_01/s06/ds004703_qc_20260919_v2/audio_neural_pairing_audit.csv
ds004703,sub-SD017_ses-01_task-PassiveListen__trial-23,512.0,SEE_AUDIO_QC_PER_PATH,872.009885137,34.556938775510204,template word/POS/phone+duration match; constant onset offset,1.1368683772161603e-13,UNKNOWN,/home/fanyu/auditory_simulation_m6a/pub_01/s06/ds004703_qc_20260919_v2/audio_neural_pairing_audit.csv
ds004703,sub-SD018_ses-01_task-PassiveListen__trial-0,1024.0,SEE_AUDIO_QC_PER_PATH,63.5189586785,1.9793197278911565,template word/POS/phone+duration match; constant onset offset,8.526512829121202e-14,UNKNOWN,/home/fanyu/auditory_simulation_m6a/pub_01/s06/ds004703_qc_20260919_v2/audio_neural_pairing_audit.csv
ds004703,sub-SD018_ses-01_task-PassiveListen__trial-1,1024.0,SEE_AUDIO_QC_PER_PATH,67.8529590081,35.22081632653061,template word/POS/phone+duration match; constant onset offset,8.952838470577262e-13,UNKNOWN,/home/fanyu/auditory_simulation_m6a/pub_01/s06/ds004703_qc_20260919_v2/audio_neural_pairing_audit.csv
ds004703,sub-SD018_ses-01_task-PassiveListen__trial-2,1024.0,SEE_AUDIO_QC_PER_PATH,120.08729798800002,3.44312925170068,template word/POS/phone+duration match; constant onset offset,9.379164112033322e-13,UNKNOWN,/home/fanyu/auditory_simulation_m6a/pub_01/s06/ds004703_qc_20260919_v2/audio_neural_pairing_audit.csv
ds004703,sub-SD018_ses-01_task-PassiveListen__trial-3,1024.0,SEE_AUDIO_QC_PER_PATH,124.55639418400003,6.248140589569161,template word/POS/phone+duration match; constant onset offset,9.237055564881302e-13,UNKNOWN,/home/fanyu/auditory_simulation_m6a/pub_01/s06/ds004703_qc_20260919_v2/audio_neural_pairing_audit.csv
ds004703,sub-SD018_ses-01_task-PassiveListen__trial-4,1024.0,SEE_AUDIO_QC_PER_PATH,132.756749569,22.537301587301588,template word/POS/phone+duration match; constant onset offset,2.842170943040401e-14,UNKNOWN,/home/fanyu/auditory_simulation_m6a/pub_01/s06/ds004703_qc_20260919_v2/audio_neural_pairing_audit.csv
ds004703,sub-SD018_ses-01_task-PassiveListen__trial-5,1024.0,SEE_AUDIO_QC_PER_PATH,178.12262800899998,28.18857142857143,template word/POS/phone+duration match; constant onset offset,5.684341886080802e-14,UNKNOWN,/home/fanyu/auditory_simulation_m6a/pub_01/s06/ds004703_qc_20260919_v2/audio_neural_pairing_audit.csv
ds004703,sub-SD018_ses-01_task-PassiveListen__trial-6,1024.0,SEE_AUDIO_QC_PER_PATH,217.81962971999994,35.60836734693878,template word/POS/phone+duration match; constant onset offset,1.9895196601282805e-13,UNKNOWN,/home/fanyu/auditory_simulation_m6a/pub_01/s06/ds004703_qc_20260919_v2/audio_neural_pairing_audit.csv
ds004703,sub-SD018_ses-01_task-PassiveListen__trial-7,1024.0,SEE_AUDIO_QC_PER_PATH,266.22358341,49.18281179138322,template word/POS/phone+duration match; constant onset offset,1.1368683772161603e-13,UNKNOWN,/home/fanyu/auditory_simulation_m6a/pub_01/s06/ds004703_qc_20260919_v2/audio_neural_pairing_audit.csv
ds004703,sub-SD018_ses-01_task-PassiveListen__trial-8,1024.0,SEE_AUDIO_QC_PER_PATH,327.708443524,34.63149659863946,template word/POS/phone+duration match; constant onset offset,5.684341886080802e-14,UNKNOWN,/home/fanyu/auditory_simulation_m6a/pub_01/s06/ds004703_qc_20260919_v2/audio_neural_pairing_audit.csv
ds004703,sub-SD018_ses-01_task-PassiveListen__trial-9,1024.0,SEE_AUDIO_QC_PER_PATH,372.887450515,3.44312925170068,template word/POS/phone+duration match; constant onset offset,9.663381206337363e-13,UNKNOWN,/home/fanyu/auditory_simulation_m6a/pub_01/s06/ds004703_qc_20260919_v2/audio_neural_pairing_audit.csv
ds004703,sub-SD018_ses-01_task-PassiveListen__trial-10,1024.0,SEE_AUDIO_QC_PER_PATH,376.90233861699994,3.44312925170068,template word/POS/phone+duration match; constant onset offset,1.0800249583553523e-12,UNKNOWN,/home/fanyu/auditory_simulation_m6a/pub_01/s06/ds004703_qc_20260919_v2/audio_neural_pairing_audit.csv
ds004703,sub-SD018_ses-01_task-PassiveListen__trial-11,1024.0,SEE_AUDIO_QC_PER_PATH,432.28335324,37.38761904761905,template word/POS/phone+duration match; constant onset offset,1.1368683772161603e-13,UNKNOWN,/home/fanyu/auditory_simulation_m6a/pub_01/s06/ds004703_qc_20260919_v2/audio_neural_pairing_audit.csv
ds004703,sub-SD018_ses-01_task-PassiveListen__trial-12,1024.0,SEE_AUDIO_QC_PER_PATH,760.940380142,35.284126984126985,template word/POS/phone+duration match; constant onset offset,1.1368683772161603e-13,UNKNOWN,/home/fanyu/auditory_simulation_m6a/pub_01/s06/ds004703_qc_20260919_v2/audio_neural_pairing_audit.csv
ds004703,sub-SD018_ses-01_task-PassiveListen__trial-13,1024.0,SEE_AUDIO_QC_PER_PATH,805.4839247689999,34.2159410430839,template word/POS/phone+duration match; constant onset offset,1.1368683772161603e-13,UNKNOWN,/home/fanyu/auditory_simulation_m6a/pub_01/s06/ds004703_qc_20260919_v2/audio_neural_pairing_audit.csv
ds004703,sub-SD018_ses-01_task-PassiveListen__trial-14,1024.0,SEE_AUDIO_QC_PER_PATH,876.1641449489999,3.44312925170068,template word/POS/phone+duration match; constant onset offset,9.094947017729282e-13,UNKNOWN,/home/fanyu/auditory_simulation_m6a/pub_01/s06/ds004703_qc_20260919_v2/audio_neural_pairing_audit.csv
ds004703,sub-SD018_ses-01_task-PassiveListen__trial-15,1024.0,SEE_AUDIO_QC_PER_PATH,880.17798989,3.44312925170068,template word/POS/phone+duration match; constant onset offset,1.1368683772161603e-12,UNKNOWN,/home/fanyu/auditory_simulation_m6a/pub_01/s06/ds004703_qc_20260919_v2/audio_neural_pairing_audit.csv
ds004703,sub-SD018_ses-01_task-PassiveListen__trial-16,1024.0,SEE_AUDIO_QC_PER_PATH,959.610231307,25.584126984126986,template word/POS/phone+duration match; constant onset offset,2.2737367544323206e-13,UNKNOWN,/home/fanyu/auditory_simulation_m6a/pub_01/s06/ds004703_qc_20260919_v2/audio_neural_pairing_audit.csv
ds004703,sub-SD018_ses-01_task-PassiveListen__trial-17,1024.0,SEE_AUDIO_QC_PER_PATH,994.106438447,26.25294784580499,template word/POS/phone+duration match; constant onset offset,1.1368683772161603e-13,UNKNOWN,/home/fanyu/auditory_simulation_m6a/pub_01/s06/ds004703_qc_20260919_v2/audio_neural_pairing_audit.csv
ds004703,sub-SD018_ses-01_task-PassiveListen__trial-18,1024.0,SEE_AUDIO_QC_PER_PATH,1029.05550674,54.52736961451247,template word/POS/phone+duration match; constant onset offset,4.547473508864641e-13,UNKNOWN,/home/fanyu/auditory_simulation_m6a/pub_01/s06/ds004703_qc_20260919_v2/audio_neural_pairing_audit.csv
ds004703,sub-SD018_ses-01_task-PassiveListen__trial-19,1024.0,SEE_AUDIO_QC_PER_PATH,1096.76305989,25.393945578231293,template word/POS/phone+duration match; constant onset offset,4.547473508864641e-13,UNKNOWN,/home/fanyu/auditory_simulation_m6a/pub_01/s06/ds004703_qc_20260919_v2/audio_neural_pairing_audit.csv
ds004703,sub-SD018_ses-01_task-PassiveListen__trial-20,1024.0,SEE_AUDIO_QC_PER_PATH,1134.57179837,34.556938775510204,template word/POS/phone+duration match; constant onset offset,2.2737367544323206e-13,UNKNOWN,/home/fanyu/auditory_simulation_m6a/pub_01/s06/ds004703_qc_20260919_v2/audio_neural_pairing_audit.csv
ds004703,sub-SD018_ses-01_task-PassiveListen__trial-21,1024.0,SEE_AUDIO_QC_PER_PATH,1177.18243335,32.8990022675737,template word/POS/phone+duration match; constant onset offset,2.2737367544323206e-13,UNKNOWN,/home/fanyu/auditory_simulation_m6a/pub_01/s06/ds004703_qc_20260919_v2/audio_neural_pairing_audit.csv
ds004703,sub-SD018_ses-01_task-PassiveListen__trial-22,1024.0,SEE_AUDIO_QC_PER_PATH,1223.99737332,36.367437641723356,template word/POS/phone+duration match; constant onset offset,2.2737367544323206e-13,UNKNOWN,/home/fanyu/auditory_simulation_m6a/pub_01/s06/ds004703_qc_20260919_v2/audio_neural_pairing_audit.csv
ds004703,sub-SD018_ses-01_task-PassiveListen__trial-23,1024.0,SEE_AUDIO_QC_PER_PATH,1267.85327377,39.03469387755102,template word/POS/phone+duration match; constant onset offset,4.547473508864641e-13,UNKNOWN,/home/fanyu/auditory_simulation_m6a/pub_01/s06/ds004703_qc_20260919_v2/audio_neural_pairing_audit.csv
ds004703,sub-SD019_ses-01_task-PassiveListen__trial-0,1024.0,SEE_AUDIO_QC_PER_PATH,11.95887751419999,1.9793197278911565,template word/POS/phone+duration match; constant onset offset,9.059419880941277e-14,UNKNOWN,/home/fanyu/auditory_simulation_m6a/pub_01/s06/ds004703_qc_20260919_v2/audio_neural_pairing_audit.csv
ds004703,sub-SD019_ses-01_task-PassiveListen__trial-1,1024.0,SEE_AUDIO_QC_PER_PATH,16.084375238699998,35.22081632653061,template word/POS/phone+duration match; constant onset offset,1.1013412404281553e-13,UNKNOWN,/home/fanyu/auditory_simulation_m6a/pub_01/s06/ds004703_qc_20260919_v2/audio_neural_pairing_audit.csv
ds004703,sub-SD019_ses-01_task-PassiveListen__trial-2,1024.0,SEE_AUDIO_QC_PER_PATH,68.01515024159998,3.44312925170068,template word/POS/phone+duration match; constant onset offset,1.1368683772161603e-13,UNKNOWN,/home/fanyu/auditory_simulation_m6a/pub_01/s06/ds004703_qc_20260919_v2/audio_neural_pairing_audit.csv
ds004703,sub-SD019_ses-01_task-PassiveListen__trial-3,1024.0,SEE_AUDIO_QC_PER_PATH,72.6762297899,6.248140589569161,template word/POS/phone+duration match; constant onset offset,1.1368683772161603e-13,UNKNOWN,/home/fanyu/auditory_simulation_m6a/pub_01/s06/ds004703_qc_20260919_v2/audio_neural_pairing_audit.csv
ds004703,sub-SD019_ses-01_task-PassiveListen__trial-4,1024.0,SEE_AUDIO_QC_PER_PATH,79.95142592239998,35.60836734693878,template word/POS/phone+duration match; constant onset offset,1.8474111129762605e-13,UNKNOWN,/home/fanyu/auditory_simulation_m6a/pub_01/s06/ds004703_qc_20260919_v2/audio_neural_pairing_audit.csv
ds004703,sub-SD019_ses-01_task-PassiveListen__trial-5,1024.0,SEE_AUDIO_QC_PER_PATH,124.964789018,34.2159410430839,template word/POS/phone+duration match; constant onset offset,9.947598300641403e-14,UNKNOWN,/home/fanyu/auditory_simulation_m6a/pub_01/s06/ds004703_qc_20260919_v2/audio_neural_pairing_audit.csv
ds004703,sub-SD019_ses-01_task-PassiveListen__trial-6,1024.0,SEE_AUDIO_QC_PER_PATH,169.924127179,35.284126984126985,template word/POS/phone+duration match; constant onset offset,5.684341886080802e-14,UNKNOWN,/home/fanyu/auditory_simulation_m6a/pub_01/s06/ds004703_qc_20260919_v2/audio_neural_pairing_audit.csv
ds004703,sub-SD019_ses-01_task-PassiveListen__trial-7,1024.0,SEE_AUDIO_QC_PER_PATH,213.522689849,28.18857142857143,template word/POS/phone+duration match; constant onset offset,5.684341886080802e-14,UNKNOWN,/home/fanyu/auditory_simulation_m6a/pub_01/s06/ds004703_qc_20260919_v2/audio_neural_pairing_audit.csv
ds004703,sub-SD019_ses-01_task-PassiveListen__trial-8,1024.0,SEE_AUDIO_QC_PER_PATH,250.675231083,34.63149659863946,template word/POS/phone+duration match; constant onset offset,8.526512829121202e-14,UNKNOWN,/home/fanyu/auditory_simulation_m6a/pub_01/s06/ds004703_qc_20260919_v2/audio_neural_pairing_audit.csv
ds004703,sub-SD019_ses-01_task-PassiveListen__trial-9,1024.0,SEE_AUDIO_QC_PER_PATH,292.3828321109999,3.44312925170068,template word/POS/phone+duration match; constant onset offset,9.663381206337363e-13,UNKNOWN,/home/fanyu/auditory_simulation_m6a/pub_01/s06/ds004703_qc_20260919_v2/audio_neural_pairing_audit.csv
ds004703,sub-SD019_ses-01_task-PassiveListen__trial-10,1024.0,SEE_AUDIO_QC_PER_PATH,296.39739600499996,3.44312925170068,template word/POS/phone+duration match; constant onset offset,1.0800249583553523e-12,UNKNOWN,/home/fanyu/auditory_simulation_m6a/pub_01/s06/ds004703_qc_20260919_v2/audio_neural_pairing_audit.csv
ds004703,sub-SD019_ses-01_task-PassiveListen__trial-11,1024.0,SEE_AUDIO_QC_PER_PATH,352.497905884,22.537301587301588,template word/POS/phone+duration match; constant onset offset,5.684341886080802e-14,UNKNOWN,/home/fanyu/auditory_simulation_m6a/pub_01/s06/ds004703_qc_20260919_v2/audio_neural_pairing_audit.csv
ds004703,sub-SD019_ses-01_task-PassiveListen__trial-12,1024.0,SEE_AUDIO_QC_PER_PATH,382.182954388,49.18281179138322,template word/POS/phone+duration match; constant onset offset,5.684341886080802e-14,UNKNOWN,/home/fanyu/auditory_simulation_m6a/pub_01/s06/ds004703_qc_20260919_v2/audio_neural_pairing_audit.csv
ds004703,sub-SD019_ses-01_task-PassiveListen__trial-13,1024.0,SEE_AUDIO_QC_PER_PATH,440.053614364,37.38761904761905,template word/POS/phone+duration match; constant onset offset,1.1368683772161603e-13,UNKNOWN,/home/fanyu/auditory_simulation_m6a/pub_01/s06/ds004703_qc_20260919_v2/audio_neural_pairing_audit.csv
ds004703,sub-SD019_ses-01_task-PassiveListen__trial-14,1024.0,SEE_AUDIO_QC_PER_PATH,770.304242931,39.03469387755102,template word/POS/phone+duration match; constant onset offset,1.1368683772161603e-13,UNKNOWN,/home/fanyu/auditory_simulation_m6a/pub_01/s06/ds004703_qc_20260919_v2/audio_neural_pairing_audit.csv
ds004703,sub-SD019_ses-01_task-PassiveListen__trial-15,1024.0,SEE_AUDIO_QC_PER_PATH,817.602572059,26.25294784580499,template word/POS/phone+duration match; constant onset offset,1.1368683772161603e-13,UNKNOWN,/home/fanyu/auditory_simulation_m6a/pub_01/s06/ds004703_qc_20260919_v2/audio_neural_pairing_audit.csv
ds004703,sub-SD019_ses-01_task-PassiveListen__trial-16,1024.0,SEE_AUDIO_QC_PER_PATH,850.787052227,34.556938775510204,template word/POS/phone+duration match; constant onset offset,2.2737367544323206e-13,UNKNOWN,/home/fanyu/auditory_simulation_m6a/pub_01/s06/ds004703_qc_20260919_v2/audio_neural_pairing_audit.csv
ds004703,sub-SD019_ses-01_task-PassiveListen__trial-17,1024.0,SEE_AUDIO_QC_PER_PATH,892.801701965,25.393945578231293,template word/POS/phone+duration match; constant onset offset,2.2737367544323206e-13,UNKNOWN,/home/fanyu/auditory_simulation_m6a/pub_01/s06/ds004703_qc_20260919_v2/audio_neural_pairing_audit.csv
ds004703,sub-SD019_ses-01_task-PassiveListen__trial-18,1024.0,SEE_AUDIO_QC_PER_PATH,926.086469993,32.8990022675737,template word/POS/phone+duration match; constant onset offset,1.1368683772161603e-13,UNKNOWN,/home/fanyu/auditory_simulation_m6a/pub_01/s06/ds004703_qc_20260919_v2/audio_neural_pairing_audit.csv
ds004703,sub-SD019_ses-01_task-PassiveListen__trial-19,1024.0,SEE_AUDIO_QC_PER_PATH,965.5215521570001,25.584126984126986,template word/POS/phone+duration match; constant onset offset,1.1368683772161603e-13,UNKNOWN,/home/fanyu/auditory_simulation_m6a/pub_01/s06/ds004703_qc_20260919_v2/audio_neural_pairing_audit.csv
ds004703,sub-SD019_ses-01_task-PassiveListen__trial-20,1024.0,SEE_AUDIO_QC_PER_PATH,999.9244235470001,36.367437641723356,template word/POS/phone+duration match; constant onset offset,3.410605131648481e-13,UNKNOWN,/home/fanyu/auditory_simulation_m6a/pub_01/s06/ds004703_qc_20260919_v2/audio_neural_pairing_audit.csv
ds004703,sub-SD019_ses-01_task-PassiveListen__trial-21,1024.0,SEE_AUDIO_QC_PER_PATH,1042.5103602100012,3.44312925170068,template word/POS/phone+duration match; constant onset offset,9.322320693172514e-12,UNKNOWN,/home/fanyu/auditory_simulation_m6a/pub_01/s06/ds004703_qc_20260919_v2/audio_neural_pairing_audit.csv
ds004703,sub-SD019_ses-01_task-PassiveListen__trial-22,1024.0,SEE_AUDIO_QC_PER_PATH,1046.5244706099998,3.44312925170068,template word/POS/phone+duration match; constant onset offset,1.0231815394945443e-11,UNKNOWN,/home/fanyu/auditory_simulation_m6a/pub_01/s06/ds004703_qc_20260919_v2/audio_neural_pairing_audit.csv
ds004703,sub-SD019_ses-01_task-PassiveListen__trial-23,1024.0,SEE_AUDIO_QC_PER_PATH,1098.10357754,54.52736961451247,template word/POS/phone+duration match; constant onset offset,4.547473508864641e-13,UNKNOWN,/home/fanyu/auditory_simulation_m6a/pub_01/s06/ds004703_qc_20260919_v2/audio_neural_pairing_audit.csv
ds004703,sub-SD019_ses-01_task-PassiveListen__trial-24,1024.0,SEE_AUDIO_QC_PER_PATH,1171.13727985,37.23800453514739,template word/POS/phone+duration match; constant onset offset,2.2737367544323206e-13,UNKNOWN,/home/fanyu/auditory_simulation_m6a/pub_01/s06/ds004703_qc_20260919_v2/audio_neural_pairing_audit.csv
ds004703,sub-SD019_ses-01_task-PassiveListen__trial-25,1024.0,SEE_AUDIO_QC_PER_PATH,1215.04333349,32.93675736961451,template word/POS/phone+duration match; constant onset offset,2.2737367544323206e-13,UNKNOWN,/home/fanyu/auditory_simulation_m6a/pub_01/s06/ds004703_qc_20260919_v2/audio_neural_pairing_audit.csv
ds004703,sub-SD019_ses-01_task-PassiveListen__trial-26,1024.0,SEE_AUDIO_QC_PER_PATH,1256.3013842600012,3.44312925170068,template word/POS/phone+duration match; constant onset offset,9.322320693172514e-12,UNKNOWN,/home/fanyu/auditory_simulation_m6a/pub_01/s06/ds004703_qc_20260919_v2/audio_neural_pairing_audit.csv
ds004703,sub-SD019_ses-01_task-PassiveListen__trial-27,1024.0,SEE_AUDIO_QC_PER_PATH,1260.3172986699997,3.44312925170068,template word/POS/phone+duration match; constant onset offset,1.0231815394945443e-11,UNKNOWN,/home/fanyu/auditory_simulation_m6a/pub_01/s06/ds004703_qc_20260919_v2/audio_neural_pairing_audit.csv
ds004703,sub-SD019_ses-01_task-PassiveListen__trial-28,1024.0,SEE_AUDIO_QC_PER_PATH,1315.05995739,36.582426303854874,template word/POS/phone+duration match; constant onset offset,2.2737367544323206e-13,UNKNOWN,/home/fanyu/auditory_simulation_m6a/pub_01/s06/ds004703_qc_20260919_v2/audio_neural_pairing_audit.csv
ds004703,sub-SD019_ses-01_task-PassiveListen__trial-29,1024.0,SEE_AUDIO_QC_PER_PATH,1358.90848819,77.08981859410432,template word/POS/phone+duration match; constant onset offset,2.2737367544323206e-13,UNKNOWN,/home/fanyu/auditory_simulation_m6a/pub_01/s06/ds004703_qc_20260919_v2/audio_neural_pairing_audit.csv
ds004703,sub-SD019_ses-01_task-PassiveListen__trial-30,1024.0,SEE_AUDIO_QC_PER_PATH,1445.12325632,29.345056689342403,template word/POS/phone+duration match; constant onset offset,2.2737367544323206e-13,UNKNOWN,/home/fanyu/auditory_simulation_m6a/pub_01/s06/ds004703_qc_20260919_v2/audio_neural_pairing_audit.csv
ds004703,sub-SD019_ses-01_task-PassiveListen__trial-31,1024.0,SEE_AUDIO_QC_PER_PATH,1486.51524132,35.371746031746035,template word/POS/phone+duration match; constant onset offset,2.2737367544323206e-13,UNKNOWN,/home/fanyu/auditory_simulation_m6a/pub_01/s06/ds004703_qc_20260919_v2/audio_neural_pairing_audit.csv
ds004703,sub-SD019_ses-01_task-PassiveListen__trial-32,1024.0,SEE_AUDIO_QC_PER_PATH,1536.75776527,43.13843537414966,template word/POS/phone+duration match; constant onset offset,2.2737367544323206e-13,UNKNOWN,/home/fanyu/auditory_simulation_m6a/pub_01/s06/ds004703_qc_20260919_v2/audio_neural_pairing_audit.csv
ds004703,sub-SD019_ses-01_task-PassiveListen__trial-33,1024.0,SEE_AUDIO_QC_PER_PATH,1587.49277822,41.67131519274376,template word/POS/phone+duration match; constant onset offset,2.2737367544323206e-13,UNKNOWN,/home/fanyu/auditory_simulation_m6a/pub_01/s06/ds004703_qc_20260919_v2/audio_neural_pairing_audit.csv
ds004703,sub-SD019_ses-01_task-PassiveListen__trial-34,1024.0,SEE_AUDIO_QC_PER_PATH,1640.83051627,31.55362811791383,template word/POS/phone+duration match; constant onset offset,2.2737367544323206e-13,UNKNOWN,/home/fanyu/auditory_simulation_m6a/pub_01/s06/ds004703_qc_20260919_v2/audio_neural_pairing_audit.csv
ds004703,sub-SD019_ses-01_task-PassiveListen__trial-35,1024.0,SEE_AUDIO_QC_PER_PATH,1682.69380948,46.363628117913834,template word/POS/phone+duration match; constant onset offset,2.2737367544323206e-13,UNKNOWN,/home/fanyu/auditory_simulation_m6a/pub_01/s06/ds004703_qc_20260919_v2/audio_neural_pairing_audit.csv
ds004703,sub-SD019_ses-01_task-PassiveListen__trial-36,1024.0,SEE_AUDIO_QC_PER_PATH,1736.15164242,60.9278231292517,template word/POS/phone+duration match; constant onset offset,2.2737367544323206e-13,UNKNOWN,/home/fanyu/auditory_simulation_m6a/pub_01/s06/ds004703_qc_20260919_v2/audio_neural_pairing_audit.csv
ds004703,sub-SD019_ses-01_task-PassiveListen__trial-37,1024.0,SEE_AUDIO_QC_PER_PATH,1807.8266939,30.462244897959184,template word/POS/phone+duration match; constant onset offset,2.2737367544323206e-13,UNKNOWN,/home/fanyu/auditory_simulation_m6a/pub_01/s06/ds004703_qc_20260919_v2/audio_neural_pairing_audit.csv
ds004703,sub-SD019_ses-01_task-PassiveListen__trial-38,1024.0,SEE_AUDIO_QC_PER_PATH,1845.01440294,45.27312925170068,template word/POS/phone+duration match; constant onset offset,2.2737367544323206e-13,UNKNOWN,/home/fanyu/auditory_simulation_m6a/pub_01/s06/ds004703_qc_20260919_v2/audio_neural_pairing_audit.csv
ds004703,sub-SD019_ses-01_task-PassiveListen__trial-39,1024.0,SEE_AUDIO_QC_PER_PATH,1895.93907354,34.67619047619048,template word/POS/phone+duration match; constant onset offset,4.547473508864641e-13,UNKNOWN,/home/fanyu/auditory_simulation_m6a/pub_01/s06/ds004703_qc_20260919_v2/audio_neural_pairing_audit.csv
ds004703,sub-SD019_ses-01_task-PassiveListen__trial-40,1024.0,SEE_AUDIO_QC_PER_PATH,1939.70359113,56.91793650793651,template word/POS/phone+duration match; constant onset offset,2.2737367544323206e-13,UNKNOWN,/home/fanyu/auditory_simulation_m6a/pub_01/s06/ds004703_qc_20260919_v2/audio_neural_pairing_audit.csv
ds004703,sub-SD019_ses-01_task-PassiveListen__trial-41,1024.0,SEE_AUDIO_QC_PER_PATH,2003.82721305,20.8018820861678,template word/POS/phone+duration match; constant onset offset,2.2737367544323206e-13,UNKNOWN,/home/fanyu/auditory_simulation_m6a/pub_01/s06/ds004703_qc_20260919_v2/audio_neural_pairing_audit.csv
ds004703,sub-SD019_ses-01_task-PassiveListen__trial-42,1024.0,SEE_AUDIO_QC_PER_PATH,2031.2629643400012,3.44312925170068,template word/POS/phone+duration match; constant onset offset,9.322320693172514e-12,UNKNOWN,/home/fanyu/auditory_simulation_m6a/pub_01/s06/ds004703_qc_20260919_v2/audio_neural_pairing_audit.csv
ds004703,sub-SD019_ses-01_task-PassiveListen__trial-43,1024.0,SEE_AUDIO_QC_PER_PATH,2035.2768156800005,3.44312925170068,template word/POS/phone+duration match; constant onset offset,1.0459189070388675e-11,UNKNOWN,/home/fanyu/auditory_simulation_m6a/pub_01/s06/ds004703_qc_20260919_v2/audio_neural_pairing_audit.csv
ds004703,sub-SD019_ses-01_task-PassiveListen__trial-44,1024.0,SEE_AUDIO_QC_PER_PATH,2087.2668723,54.43687074829932,template word/POS/phone+duration match; constant onset offset,4.547473508864641e-13,UNKNOWN,/home/fanyu/auditory_simulation_m6a/pub_01/s06/ds004703_qc_20260919_v2/audio_neural_pairing_audit.csv
ds004703,sub-SD019_ses-01_task-PassiveListen__trial-45,1024.0,SEE_AUDIO_QC_PER_PATH,2157.62140722,42.95142857142857,template word/POS/phone+duration match; constant onset offset,4.547473508864641e-13,UNKNOWN,/home/fanyu/auditory_simulation_m6a/pub_01/s06/ds004703_qc_20260919_v2/audio_neural_pairing_audit.csv
ds004703,sub-SD019_ses-01_task-PassiveListen__trial-46,1024.0,SEE_AUDIO_QC_PER_PATH,2209.65581724,54.69269841269841,template word/POS/phone+duration match; constant onset offset,4.547473508864641e-13,UNKNOWN,/home/fanyu/auditory_simulation_m6a/pub_01/s06/ds004703_qc_20260919_v2/audio_neural_pairing_audit.csv
ds004703,sub-SD019_ses-01_task-PassiveListen__trial-47,1024.0,SEE_AUDIO_QC_PER_PATH,2271.23625808,29.993242630385488,template word/POS/phone+duration match; constant onset offset,4.547473508864641e-13,UNKNOWN,/home/fanyu/auditory_simulation_m6a/pub_01/s06/ds004703_qc_20260919_v2/audio_neural_pairing_audit.csv
ds004703,sub-SD019_ses-01_task-PassiveListen__trial-48,1024.0,SEE_AUDIO_QC_PER_PATH,2308.9968115,34.4781179138322,template word/POS/phone+duration match; constant onset offset,4.547473508864641e-13,UNKNOWN,/home/fanyu/auditory_simulation_m6a/pub_01/s06/ds004703_qc_20260919_v2/audio_neural_pairing_audit.csv
ds004703,sub-SD019_ses-01_task-PassiveListen__trial-49,1024.0,SEE_AUDIO_QC_PER_PATH,2351.49007617,33.54437641723356,template word/POS/phone+duration match; constant onset offset,4.547473508864641e-13,UNKNOWN,/home/fanyu/auditory_simulation_m6a/pub_01/s06/ds004703_qc_20260919_v2/audio_neural_pairing_audit.csv
ds004703,sub-SD019_ses-01_task-PassiveListen__trial-50,1024.0,SEE_AUDIO_QC_PER_PATH,2391.678964030001,3.44312925170068,template word/POS/phone+duration match; constant onset offset,9.094947017729282e-12,UNKNOWN,/home/fanyu/auditory_simulation_m6a/pub_01/s06/ds004703_qc_20260919_v2/audio_neural_pairing_audit.csv
ds004703,sub-SD019_ses-01_task-PassiveListen__trial-51,1024.0,SEE_AUDIO_QC_PER_PATH,2395.6936651199994,3.44312925170068,template word/POS/phone+duration match; constant onset offset,1.000444171950221e-11,UNKNOWN,/home/fanyu/auditory_simulation_m6a/pub_01/s06/ds004703_qc_20260919_v2/audio_neural_pairing_audit.csv
ds004703,sub-SD019_ses-01_task-PassiveListen__trial-52,1024.0,SEE_AUDIO_QC_PER_PATH,2449.03115407,53.5008843537415,template word/POS/phone+duration match; constant onset offset,4.547473508864641e-13,UNKNOWN,/home/fanyu/auditory_simulation_m6a/pub_01/s06/ds004703_qc_20260919_v2/audio_neural_pairing_audit.csv
ds004703,sub-SD019_ses-01_task-PassiveListen__trial-53,1024.0,SEE_AUDIO_QC_PER_PATH,2509.98470413,16.85562358276644,template word/POS/phone+duration match; constant onset offset,4.547473508864641e-13,UNKNOWN,/home/fanyu/auditory_simulation_m6a/pub_01/s06/ds004703_qc_20260919_v2/audio_neural_pairing_audit.csv
ds004703,sub-SD019_ses-01_task-PassiveListen__trial-54,1024.0,SEE_AUDIO_QC_PER_PATH,2539.9936973400013,3.44312925170068,template word/POS/phone+duration match; constant onset offset,9.549694368615746e-12,UNKNOWN,/home/fanyu/auditory_simulation_m6a/pub_01/s06/ds004703_qc_20260919_v2/audio_neural_pairing_audit.csv
ds004703,sub-SD019_ses-01_task-PassiveListen__trial-55,1024.0,SEE_AUDIO_QC_PER_PATH,2544.0102911,3.44312925170068,template word/POS/phone+duration match; constant onset offset,1.000444171950221e-11,UNKNOWN,/home/fanyu/auditory_simulation_m6a/pub_01/s06/ds004703_qc_20260919_v2/audio_neural_pairing_audit.csv
ds004703,sub-SD019_ses-01_task-PassiveListen__trial-56,1024.0,SEE_AUDIO_QC_PER_PATH,2600.89944515,34.05850340136055,template word/POS/phone+duration match; constant onset offset,4.547473508864641e-13,UNKNOWN,/home/fanyu/auditory_simulation_m6a/pub_01/s06/ds004703_qc_20260919_v2/audio_neural_pairing_audit.csv
ds004703,sub-SD019_ses-01_task-PassiveListen__trial-57,1024.0,SEE_AUDIO_QC_PER_PATH,2646.45686005,27.614240362811792,template word/POS/phone+duration match; constant onset offset,4.547473508864641e-13,UNKNOWN,/home/fanyu/auditory_simulation_m6a/pub_01/s06/ds004703_qc_20260919_v2/audio_neural_pairing_audit.csv
ds004703,sub-SD019_ses-01_task-PassiveListen__trial-58,1024.0,SEE_AUDIO_QC_PER_PATH,2681.90708836,36.376122448979594,template word/POS/phone+duration match; constant onset offset,4.547473508864641e-13,UNKNOWN,/home/fanyu/auditory_simulation_m6a/pub_01/s06/ds004703_qc_20260919_v2/audio_neural_pairing_audit.csv
ds004703,sub-SD019_ses-01_task-PassiveListen__trial-59,1024.0,SEE_AUDIO_QC_PER_PATH,2726.75450063,33.10163265306122,template word/POS/phone+duration match; constant onset offset,4.547473508864641e-13,UNKNOWN,/home/fanyu/auditory_simulation_m6a/pub_01/s06/ds004703_qc_20260919_v2/audio_neural_pairing_audit.csv
ds004703,sub-SD019_ses-01_task-PassiveListen__trial-60,1024.0,SEE_AUDIO_QC_PER_PATH,2772.53243139,44.58725623582767,template word/POS/phone+duration match; constant onset offset,4.547473508864641e-13,UNKNOWN,/home/fanyu/auditory_simulation_m6a/pub_01/s06/ds004703_qc_20260919_v2/audio_neural_pairing_audit.csv
ds004703,sub-SD019_ses-01_task-PassiveListen__trial-61,1024.0,SEE_AUDIO_QC_PER_PATH,2823.58914867,43.50736961451247,template word/POS/phone+duration match; constant onset offset,4.547473508864641e-13,UNKNOWN,/home/fanyu/auditory_simulation_m6a/pub_01/s06/ds004703_qc_20260919_v2/audio_neural_pairing_audit.csv
ds004703,sub-SD019_ses-01_task-PassiveListen__trial-62,1024.0,SEE_AUDIO_QC_PER_PATH,2875.39753269,41.42324263038549,template word/POS/phone+duration match; constant onset offset,4.547473508864641e-13,UNKNOWN,/home/fanyu/auditory_simulation_m6a/pub_01/s06/ds004703_qc_20260919_v2/audio_neural_pairing_audit.csv
ds004703,sub-SD019_ses-01_task-PassiveListen__trial-63,1024.0,SEE_AUDIO_QC_PER_PATH,2924.16408653,35.123492063492066,template word/POS/phone+duration match; constant onset offset,4.547473508864641e-13,UNKNOWN,/home/fanyu/auditory_simulation_m6a/pub_01/s06/ds004703_qc_20260919_v2/audio_neural_pairing_audit.csv
ds004703,sub-SD021_ses-01_task-PassiveListen__trial-0,512.0,SEE_AUDIO_QC_PER_PATH,116.85420290899988,1.9793197278911565,template word/POS/phone+duration match; constant onset offset,9.094947017729282e-13,UNKNOWN,/home/fanyu/auditory_simulation_m6a/pub_01/s06/ds004703_qc_20260919_v2/audio_neural_pairing_audit.csv
ds004703,sub-SD021_ses-01_task-PassiveListen__trial-1,512.0,SEE_AUDIO_QC_PER_PATH,122.14825515099997,35.22081632653061,template word/POS/phone+duration match; constant onset offset,1.0231815394945443e-12,UNKNOWN,/home/fanyu/auditory_simulation_m6a/pub_01/s06/ds004703_qc_20260919_v2/audio_neural_pairing_audit.csv
ds004703,sub-SD021_ses-01_task-PassiveListen__trial-2,512.0,SEE_AUDIO_QC_PER_PATH,176.832009602,3.44312925170068,template word/POS/phone+duration match; constant onset offset,9.663381206337363e-13,UNKNOWN,/home/fanyu/auditory_simulation_m6a/pub_01/s06/ds004703_qc_20260919_v2/audio_neural_pairing_audit.csv
ds004703,sub-SD021_ses-01_task-PassiveListen__trial-3,512.0,SEE_AUDIO_QC_PER_PATH,183.71607457500002,6.248140589569161,template word/POS/phone+duration match; constant onset offset,9.379164112033322e-13,UNKNOWN,/home/fanyu/auditory_simulation_m6a/pub_01/s06/ds004703_qc_20260919_v2/audio_neural_pairing_audit.csv
ds004703,sub-SD021_ses-01_task-PassiveListen__trial-4,512.0,SEE_AUDIO_QC_PER_PATH,191.58410735799998,28.18857142857143,template word/POS/phone+duration match; constant onset offset,5.684341886080802e-14,UNKNOWN,/home/fanyu/auditory_simulation_m6a/pub_01/s06/ds004703_qc_20260919_v2/audio_neural_pairing_audit.csv
ds004703,sub-SD021_ses-01_task-PassiveListen__trial-5,512.0,SEE_AUDIO_QC_PER_PATH,237.47397627499996,35.60836734693878,template word/POS/phone+duration match; constant onset offset,2.2737367544323206e-13,UNKNOWN,/home/fanyu/auditory_simulation_m6a/pub_01/s06/ds004703_qc_20260919_v2/audio_neural_pairing_audit.csv
ds004703,sub-SD021_ses-01_task-PassiveListen__trial-6,512.0,SEE_AUDIO_QC_PER_PATH,295.087282959,22.537301587301588,template word/POS/phone+duration match; constant onset offset,5.684341886080802e-14,UNKNOWN,/home/fanyu/auditory_simulation_m6a/pub_01/s06/ds004703_qc_20260919_v2/audio_neural_pairing_audit.csv
ds004703,sub-SD021_ses-01_task-PassiveListen__trial-7,512.0,SEE_AUDIO_QC_PER_PATH,331.588499981,49.18281179138322,template word/POS/phone+duration match; constant onset offset,5.684341886080802e-14,UNKNOWN,/home/fanyu/auditory_simulation_m6a/pub_01/s06/ds004703_qc_20260919_v2/audio_neural_pairing_audit.csv
ds004703,sub-SD021_ses-01_task-PassiveListen__trial-8,512.0,SEE_AUDIO_QC_PER_PATH,395.746305821,34.2159410430839,template word/POS/phone+duration match; constant onset offset,1.1368683772161603e-13,UNKNOWN,/home/fanyu/auditory_simulation_m6a/pub_01/s06/ds004703_qc_20260919_v2/audio_neural_pairing_audit.csv
ds004703,sub-SD021_ses-01_task-PassiveListen__trial-9,512.0,SEE_AUDIO_QC_PER_PATH,445.473798455,35.284126984126985,template word/POS/phone+duration match; constant onset offset,1.1368683772161603e-13,UNKNOWN,/home/fanyu/auditory_simulation_m6a/pub_01/s06/ds004703_qc_20260919_v2/audio_neural_pairing_audit.csv
ds004703,sub-SD021_ses-01_task-PassiveListen__trial-10,512.0,SEE_AUDIO_QC_PER_PATH,496.193565612,34.63149659863946,template word/POS/phone+duration match; constant onset offset,1.1368683772161603e-13,UNKNOWN,/home/fanyu/auditory_simulation_m6a/pub_01/s06/ds004703_qc_20260919_v2/audio_neural_pairing_audit.csv
ds004703,sub-SD021_ses-01_task-PassiveListen__trial-11,512.0,SEE_AUDIO_QC_PER_PATH,544.82744197,3.44312925170068,template word/POS/phone+duration match; constant onset offset,9.094947017729282e-13,UNKNOWN,/home/fanyu/auditory_simulation_m6a/pub_01/s06/ds004703_qc_20260919_v2/audio_neural_pairing_audit.csv
ds004703,sub-SD021_ses-01_task-PassiveListen__trial-12,512.0,SEE_AUDIO_QC_PER_PATH,548.842531916,3.44312925170068,template word/POS/phone+duration match; constant onset offset,1.1368683772161603e-12,UNKNOWN,/home/fanyu/auditory_simulation_m6a/pub_01/s06/ds004703_qc_20260919_v2/audio_neural_pairing_audit.csv
ds004703,sub-SD021_ses-01_task-PassiveListen__trial-13,512.0,SEE_AUDIO_QC_PER_PATH,610.001211273,37.38761904761905,template word/POS/phone+duration match; constant onset offset,1.1368683772161603e-13,UNKNOWN,/home/fanyu/auditory_simulation_m6a/pub_01/s06/ds004703_qc_20260919_v2/audio_neural_pairing_audit.csv
ds004703,sub-SD021_ses-01_task-PassiveListen__trial-14,512.0,SEE_AUDIO_QC_PER_PATH,673.361616816,36.367437641723356,template word/POS/phone+duration match; constant onset offset,2.2737367544323206e-13,UNKNOWN,/home/fanyu/auditory_simulation_m6a/pub_01/s06/ds004703_qc_20260919_v2/audio_neural_pairing_audit.csv
ds004703,sub-SD021_ses-01_task-PassiveListen__trial-15,512.0,SEE_AUDIO_QC_PER_PATH,721.874616735,39.03469387755102,template word/POS/phone+duration match; constant onset offset,2.2737367544323206e-13,UNKNOWN,/home/fanyu/auditory_simulation_m6a/pub_01/s06/ds004703_qc_20260919_v2/audio_neural_pairing_audit.csv
ds004703,sub-SD021_ses-01_task-PassiveListen__trial-16,512.0,SEE_AUDIO_QC_PER_PATH,773.248565749,25.584126984126986,template word/POS/phone+duration match; constant onset offset,1.1368683772161603e-13,UNKNOWN,/home/fanyu/auditory_simulation_m6a/pub_01/s06/ds004703_qc_20260919_v2/audio_neural_pairing_audit.csv
ds004703,sub-SD021_ses-01_task-PassiveListen__trial-17,512.0,SEE_AUDIO_QC_PER_PATH,810.016878625,34.556938775510204,template word/POS/phone+duration match; constant onset offset,2.2737367544323206e-13,UNKNOWN,/home/fanyu/auditory_simulation_m6a/pub_01/s06/ds004703_qc_20260919_v2/audio_neural_pairing_audit.csv
ds004703,sub-SD021_ses-01_task-PassiveListen__trial-18,512.0,SEE_AUDIO_QC_PER_PATH,856.6279418600001,54.52736961451247,template word/POS/phone+duration match; constant onset offset,2.2737367544323206e-13,UNKNOWN,/home/fanyu/auditory_simulation_m6a/pub_01/s06/ds004703_qc_20260919_v2/audio_neural_pairing_audit.csv
ds004703,sub-SD021_ses-01_task-PassiveListen__trial-19,512.0,SEE_AUDIO_QC_PER_PATH,927.827554641,32.8990022675737,template word/POS/phone+duration match; constant onset offset,1.1368683772161603e-13,UNKNOWN,/home/fanyu/auditory_simulation_m6a/pub_01/s06/ds004703_qc_20260919_v2/audio_neural_pairing_audit.csv
ds004703,sub-SD021_ses-01_task-PassiveListen__trial-20,512.0,SEE_AUDIO_QC_PER_PATH,975.807766763,25.393945578231293,template word/POS/phone+duration match; constant onset offset,2.2737367544323206e-13,UNKNOWN,/home/fanyu/auditory_simulation_m6a/pub_01/s06/ds004703_qc_20260919_v2/audio_neural_pairing_audit.csv
ds004703,sub-SD021_ses-01_task-PassiveListen__trial-21,512.0,SEE_AUDIO_QC_PER_PATH,1014.44781701,26.25294784580499,template word/POS/phone+duration match; constant onset offset,2.2737367544323206e-13,UNKNOWN,/home/fanyu/auditory_simulation_m6a/pub_01/s06/ds004703_qc_20260919_v2/audio_neural_pairing_audit.csv
ds004703,sub-SD021_ses-01_task-PassiveListen__trial-22,512.0,SEE_AUDIO_QC_PER_PATH,1053.4204109600012,3.44312925170068,template word/POS/phone+duration match; constant onset offset,9.322320693172514e-12,UNKNOWN,/home/fanyu/auditory_simulation_m6a/pub_01/s06/ds004703_qc_20260919_v2/audio_neural_pairing_audit.csv
ds004703,sub-SD021_ses-01_task-PassiveListen__trial-23,512.0,SEE_AUDIO_QC_PER_PATH,1057.4357678999997,3.44312925170068,template word/POS/phone+duration match; constant onset offset,1.000444171950221e-11,UNKNOWN,/home/fanyu/auditory_simulation_m6a/pub_01/s06/ds004703_qc_20260919_v2/audio_neural_pairing_audit.csv
ds004703,sub-SD021_ses-01_task-PassiveListen__trial-24,512.0,SEE_AUDIO_QC_PER_PATH,1119.7382569000001,77.08981859410432,template word/POS/phone+duration match; constant onset offset,2.2737367544323206e-13,UNKNOWN,/home/fanyu/auditory_simulation_m6a/pub_01/s06/ds004703_qc_20260919_v2/audio_neural_pairing_audit.csv
ds004703,sub-SD021_ses-01_task-PassiveListen__trial-25,512.0,SEE_AUDIO_QC_PER_PATH,1210.34040765,43.13843537414966,template word/POS/phone+duration match; constant onset offset,2.2737367544323206e-13,UNKNOWN,/home/fanyu/auditory_simulation_m6a/pub_01/s06/ds004703_qc_20260919_v2/audio_neural_pairing_audit.csv
ds004703,sub-SD021_ses-01_task-PassiveListen__trial-26,512.0,SEE_AUDIO_QC_PER_PATH,1270.20875341,32.93675736961451,template word/POS/phone+duration match; constant onset offset,2.2737367544323206e-13,UNKNOWN,/home/fanyu/auditory_simulation_m6a/pub_01/s06/ds004703_qc_20260919_v2/audio_neural_pairing_audit.csv
ds004703,sub-SD021_ses-01_task-PassiveListen__trial-27,512.0,SEE_AUDIO_QC_PER_PATH,1317.34557313,37.23800453514739,template word/POS/phone+duration match; constant onset offset,4.547473508864641e-13,UNKNOWN,/home/fanyu/auditory_simulation_m6a/pub_01/s06/ds004703_qc_20260919_v2/audio_neural_pairing_audit.csv
ds004703,sub-SD021_ses-01_task-PassiveListen__trial-28,512.0,SEE_AUDIO_QC_PER_PATH,1367.32912705,29.345056689342403,template word/POS/phone+duration match; constant onset offset,2.2737367544323206e-13,UNKNOWN,/home/fanyu/auditory_simulation_m6a/pub_01/s06/ds004703_qc_20260919_v2/audio_neural_pairing_audit.csv
ds004703,sub-SD021_ses-01_task-PassiveListen__trial-29,512.0,SEE_AUDIO_QC_PER_PATH,1413.7878812900012,3.44312925170068,template word/POS/phone+duration match; constant onset offset,9.322320693172514e-12,UNKNOWN,/home/fanyu/auditory_simulation_m6a/pub_01/s06/ds004703_qc_20260919_v2/audio_neural_pairing_audit.csv
ds004703,sub-SD021_ses-01_task-PassiveListen__trial-30,512.0,SEE_AUDIO_QC_PER_PATH,1417.8030964199997,3.44312925170068,template word/POS/phone+duration match; constant onset offset,1.0231815394945443e-11,UNKNOWN,/home/fanyu/auditory_simulation_m6a/pub_01/s06/ds004703_qc_20260919_v2/audio_neural_pairing_audit.csv
ds004703,sub-SD021_ses-01_task-PassiveListen__trial-31,512.0,SEE_AUDIO_QC_PER_PATH,1481.90554291,36.582426303854874,template word/POS/phone+duration match; constant onset offset,2.2737367544323206e-13,UNKNOWN,/home/fanyu/auditory_simulation_m6a/pub_01/s06/ds004703_qc_20260919_v2/audio_neural_pairing_audit.csv
ds004703,sub-SD021_ses-01_task-PassiveListen__trial-32,512.0,SEE_AUDIO_QC_PER_PATH,1531.395115,41.67131519274376,template word/POS/phone+duration match; constant onset offset,4.547473508864641e-13,UNKNOWN,/home/fanyu/auditory_simulation_m6a/pub_01/s06/ds004703_qc_20260919_v2/audio_neural_pairing_audit.csv
ds004703,sub-SD021_ses-01_task-PassiveListen__trial-33,512.0,SEE_AUDIO_QC_PER_PATH,1586.24056128,35.371746031746035,template word/POS/phone+duration match; constant onset offset,2.2737367544323206e-13,UNKNOWN,/home/fanyu/auditory_simulation_m6a/pub_01/s06/ds004703_qc_20260919_v2/audio_neural_pairing_audit.csv
ds004703,sub-SD021_ses-01_task-PassiveListen__trial-34,512.0,SEE_AUDIO_QC_PER_PATH,1647.79198623,34.67619047619048,template word/POS/phone+duration match; constant onset offset,2.2737367544323206e-13,UNKNOWN,/home/fanyu/auditory_simulation_m6a/pub_01/s06/ds004703_qc_20260919_v2/audio_neural_pairing_audit.csv
ds004703,sub-SD021_ses-01_task-PassiveListen__trial-35,512.0,SEE_AUDIO_QC_PER_PATH,1696.4278868300012,3.44312925170068,template word/POS/phone+duration match; constant onset offset,9.322320693172514e-12,UNKNOWN,/home/fanyu/auditory_simulation_m6a/pub_01/s06/ds004703_qc_20260919_v2/audio_neural_pairing_audit.csv
ds004703,sub-SD021_ses-01_task-PassiveListen__trial-36,512.0,SEE_AUDIO_QC_PER_PATH,1700.4416722500007,3.44312925170068,template word/POS/phone+duration match; constant onset offset,1.0231815394945443e-11,UNKNOWN,/home/fanyu/auditory_simulation_m6a/pub_01/s06/ds004703_qc_20260919_v2/audio_neural_pairing_audit.csv
ds004703,sub-SD021_ses-01_task-PassiveListen__trial-37,512.0,SEE_AUDIO_QC_PER_PATH,1755.51040364,60.9278231292517,template word/POS/phone+duration match; constant onset offset,2.2737367544323206e-13,UNKNOWN,/home/fanyu/auditory_simulation_m6a/pub_01/s06/ds004703_qc_20260919_v2/audio_neural_pairing_audit.csv
ds004703,sub-SD021_ses-01_task-PassiveListen__trial-38,512.0,SEE_AUDIO_QC_PER_PATH,1827.51004979,56.91793650793651,template word/POS/phone+duration match; constant onset offset,2.2737367544323206e-13,UNKNOWN,/home/fanyu/auditory_simulation_m6a/pub_01/s06/ds004703_qc_20260919_v2/audio_neural_pairing_audit.csv
ds004703,sub-SD021_ses-01_task-PassiveListen__trial-39,512.0,SEE_AUDIO_QC_PER_PATH,1906.97736444,20.8018820861678,template word/POS/phone+duration match; constant onset offset,2.2737367544323206e-13,UNKNOWN,/home/fanyu/auditory_simulation_m6a/pub_01/s06/ds004703_qc_20260919_v2/audio_neural_pairing_audit.csv
ds004703,sub-SD021_ses-01_task-PassiveListen__trial-40,512.0,SEE_AUDIO_QC_PER_PATH,1940.60866624,31.55362811791383,template word/POS/phone+duration match; constant onset offset,2.2737367544323206e-13,UNKNOWN,/home/fanyu/auditory_simulation_m6a/pub_01/s06/ds004703_qc_20260919_v2/audio_neural_pairing_audit.csv
ds004703,sub-SD021_ses-01_task-PassiveListen__trial-41,512.0,SEE_AUDIO_QC_PER_PATH,1986.91544106,45.27312925170068,template word/POS/phone+duration match; constant onset offset,2.2737367544323206e-13,UNKNOWN,/home/fanyu/auditory_simulation_m6a/pub_01/s06/ds004703_qc_20260919_v2/audio_neural_pairing_audit.csv
ds004703,sub-SD021_ses-01_task-PassiveListen__trial-42,512.0,SEE_AUDIO_QC_PER_PATH,2051.33214565,46.363628117913834,template word/POS/phone+duration match; constant onset offset,4.547473508864641e-13,UNKNOWN,/home/fanyu/auditory_simulation_m6a/pub_01/s06/ds004703_qc_20260919_v2/audio_neural_pairing_audit.csv
ds004703,sub-SD021_ses-01_task-PassiveListen__trial-43,512.0,SEE_AUDIO_QC_PER_PATH,2113.55400922,30.462244897959184,template word/POS/phone+duration match; constant onset offset,4.547473508864641e-13,UNKNOWN,/home/fanyu/auditory_simulation_m6a/pub_01/s06/ds004703_qc_20260919_v2/audio_neural_pairing_audit.csv
ds004703,sub-SD021_ses-01_task-PassiveListen__trial-44,512.0,SEE_AUDIO_QC_PER_PATH,2161.3957389,53.5008843537415,template word/POS/phone+duration match; constant onset offset,4.547473508864641e-13,UNKNOWN,/home/fanyu/auditory_simulation_m6a/pub_01/s06/ds004703_qc_20260919_v2/audio_neural_pairing_audit.csv
ds004703,sub-SD021_ses-01_task-PassiveListen__trial-45,512.0,SEE_AUDIO_QC_PER_PATH,2236.40221121,29.993242630385488,template word/POS/phone+duration match; constant onset offset,4.547473508864641e-13,UNKNOWN,/home/fanyu/auditory_simulation_m6a/pub_01/s06/ds004703_qc_20260919_v2/audio_neural_pairing_audit.csv
ds004703,sub-SD021_ses-01_task-PassiveListen__trial-46,512.0,SEE_AUDIO_QC_PER_PATH,2280.46805864,54.43687074829932,template word/POS/phone+duration match; constant onset offset,4.547473508864641e-13,UNKNOWN,/home/fanyu/auditory_simulation_m6a/pub_01/s06/ds004703_qc_20260919_v2/audio_neural_pairing_audit.csv
ds004703,sub-SD021_ses-01_task-PassiveListen__trial-47,512.0,SEE_AUDIO_QC_PER_PATH,2348.48190563,33.54437641723356,template word/POS/phone+duration match; constant onset offset,4.547473508864641e-13,UNKNOWN,/home/fanyu/auditory_simulation_m6a/pub_01/s06/ds004703_qc_20260919_v2/audio_neural_pairing_audit.csv
ds004703,sub-SD021_ses-01_task-PassiveListen__trial-48,512.0,SEE_AUDIO_QC_PER_PATH,2396.53086677,34.4781179138322,template word/POS/phone+duration match; constant onset offset,4.547473508864641e-13,UNKNOWN,/home/fanyu/auditory_simulation_m6a/pub_01/s06/ds004703_qc_20260919_v2/audio_neural_pairing_audit.csv
ds004703,sub-SD021_ses-01_task-PassiveListen__trial-49,512.0,SEE_AUDIO_QC_PER_PATH,2446.23673763,16.85562358276644,template word/POS/phone+duration match; constant onset offset,4.547473508864641e-13,UNKNOWN,/home/fanyu/auditory_simulation_m6a/pub_01/s06/ds004703_qc_20260919_v2/audio_neural_pairing_audit.csv
ds004703,sub-SD021_ses-01_task-PassiveListen__trial-50,512.0,SEE_AUDIO_QC_PER_PATH,2475.50924091,54.69269841269841,template word/POS/phone+duration match; constant onset offset,4.547473508864641e-13,UNKNOWN,/home/fanyu/auditory_simulation_m6a/pub_01/s06/ds004703_qc_20260919_v2/audio_neural_pairing_audit.csv
ds004703,sub-SD021_ses-01_task-PassiveListen__trial-51,512.0,SEE_AUDIO_QC_PER_PATH,2549.23557413,42.95142857142857,template word/POS/phone+duration match; constant onset offset,4.547473508864641e-13,UNKNOWN,/home/fanyu/auditory_simulation_m6a/pub_01/s06/ds004703_qc_20260919_v2/audio_neural_pairing_audit.csv
ds004703,sub-SD021_ses-01_task-PassiveListen__trial-52,512.0,SEE_AUDIO_QC_PER_PATH,2606.9399296800016,3.44312925170068,template word/POS/phone+duration match; constant onset offset,1.000444171950221e-11,UNKNOWN,/home/fanyu/auditory_simulation_m6a/pub_01/s06/ds004703_qc_20260919_v2/audio_neural_pairing_audit.csv
ds004703,sub-SD021_ses-01_task-PassiveListen__trial-53,512.0,SEE_AUDIO_QC_PER_PATH,2610.9557771599993,3.44312925170068,template word/POS/phone+duration match; constant onset offset,1.0459189070388675e-11,UNKNOWN,/home/fanyu/auditory_simulation_m6a/pub_01/s06/ds004703_qc_20260919_v2/audio_neural_pairing_audit.csv
ds004703,sub-SD021_ses-01_task-PassiveListen__trial-54,512.0,SEE_AUDIO_QC_PER_PATH,2675.6176408,43.50736961451247,template word/POS/phone+duration match; constant onset offset,4.547473508864641e-13,UNKNOWN,/home/fanyu/auditory_simulation_m6a/pub_01/s06/ds004703_qc_20260919_v2/audio_neural_pairing_audit.csv
ds004703,sub-SD021_ses-01_task-PassiveListen__trial-55,512.0,SEE_AUDIO_QC_PER_PATH,2733.5713576900002,35.123492063492066,template word/POS/phone+duration match; constant onset offset,4.547473508864641e-13,UNKNOWN,/home/fanyu/auditory_simulation_m6a/pub_01/s06/ds004703_qc_20260919_v2/audio_neural_pairing_audit.csv
ds004703,sub-SD021_ses-01_task-PassiveListen__trial-56,512.0,SEE_AUDIO_QC_PER_PATH,2782.22516015,33.10163265306122,template word/POS/phone+duration match; constant onset offset,4.547473508864641e-13,UNKNOWN,/home/fanyu/auditory_simulation_m6a/pub_01/s06/ds004703_qc_20260919_v2/audio_neural_pairing_audit.csv
ds004703,sub-SD021_ses-01_task-PassiveListen__trial-57,512.0,SEE_AUDIO_QC_PER_PATH,2832.1362803800002,27.614240362811792,template word/POS/phone+duration match; constant onset offset,4.547473508864641e-13,UNKNOWN,/home/fanyu/auditory_simulation_m6a/pub_01/s06/ds004703_qc_20260919_v2/audio_neural_pairing_audit.csv
ds004703,sub-SD021_ses-01_task-PassiveListen__trial-58,512.0,SEE_AUDIO_QC_PER_PATH,2874.298946390001,3.44312925170068,template word/POS/phone+duration match; constant onset offset,9.094947017729282e-12,UNKNOWN,/home/fanyu/auditory_simulation_m6a/pub_01/s06/ds004703_qc_20260919_v2/audio_neural_pairing_audit.csv
ds004703,sub-SD021_ses-01_task-PassiveListen__trial-59,512.0,SEE_AUDIO_QC_PER_PATH,2878.31567172,3.44312925170068,template word/POS/phone+duration match; constant onset offset,1.000444171950221e-11,UNKNOWN,/home/fanyu/auditory_simulation_m6a/pub_01/s06/ds004703_qc_20260919_v2/audio_neural_pairing_audit.csv
ds004703,sub-SD021_ses-01_task-PassiveListen__trial-60,512.0,SEE_AUDIO_QC_PER_PATH,2941.68264282,41.42324263038549,template word/POS/phone+duration match; constant onset offset,4.547473508864641e-13,UNKNOWN,/home/fanyu/auditory_simulation_m6a/pub_01/s06/ds004703_qc_20260919_v2/audio_neural_pairing_audit.csv
ds004703,sub-SD021_ses-01_task-PassiveListen__trial-61,512.0,SEE_AUDIO_QC_PER_PATH,2996.83578675,44.58725623582767,template word/POS/phone+duration match; constant onset offset,4.547473508864641e-13,UNKNOWN,/home/fanyu/auditory_simulation_m6a/pub_01/s06/ds004703_qc_20260919_v2/audio_neural_pairing_audit.csv
ds004703,sub-SD021_ses-01_task-PassiveListen__trial-62,512.0,SEE_AUDIO_QC_PER_PATH,3053.77696067,36.376122448979594,template word/POS/phone+duration match; constant onset offset,4.547473508864641e-13,UNKNOWN,/home/fanyu/auditory_simulation_m6a/pub_01/s06/ds004703_qc_20260919_v2/audio_neural_pairing_audit.csv
ds004703,sub-SD021_ses-01_task-PassiveListen__trial-63,512.0,SEE_AUDIO_QC_PER_PATH,3106.16120078,34.05850340136055,template word/POS/phone+duration match; constant onset offset,4.547473508864641e-13,UNKNOWN,/home/fanyu/auditory_simulation_m6a/pub_01/s06/ds004703_qc_20260919_v2/audio_neural_pairing_audit.csv
ds004703,sub-SD022_ses-01_task-PassiveListen__trial-0,1024.0,SEE_AUDIO_QC_PER_PATH,69.6771880627,1.9793197278911565,template word/POS/phone+duration match; constant onset offset,9.947598300641403e-14,UNKNOWN,/home/fanyu/auditory_simulation_m6a/pub_01/s06/ds004703_qc_20260919_v2/audio_neural_pairing_audit.csv
ds004703,sub-SD022_ses-01_task-PassiveListen__trial-1,1024.0,SEE_AUDIO_QC_PER_PATH,79.2117522079,35.22081632653061,template word/POS/phone+duration match; constant onset offset,1.0089706847793423e-12,UNKNOWN,/home/fanyu/auditory_simulation_m6a/pub_01/s06/ds004703_qc_20260919_v2/audio_neural_pairing_audit.csv
ds004703,sub-SD022_ses-01_task-PassiveListen__trial-2,1024.0,SEE_AUDIO_QC_PER_PATH,132.24617583399998,3.44312925170068,template word/POS/phone+duration match; constant onset offset,9.663381206337363e-13,UNKNOWN,/home/fanyu/auditory_simulation_m6a/pub_01/s06/ds004703_qc_20260919_v2/audio_neural_pairing_audit.csv
ds004703,sub-SD022_ses-01_task-PassiveListen__trial-3,1024.0,SEE_AUDIO_QC_PER_PATH,137.94667219900003,6.248140589569161,template word/POS/phone+duration match; constant onset offset,9.379164112033322e-13,UNKNOWN,/home/fanyu/auditory_simulation_m6a/pub_01/s06/ds004703_qc_20260919_v2/audio_neural_pairing_audit.csv
ds004703,sub-SD022_ses-01_task-PassiveListen__trial-4,1024.0,SEE_AUDIO_QC_PER_PATH,145.96764021799999,3.44312925170068,template word/POS/phone+duration match; constant onset offset,9.663381206337363e-13,UNKNOWN,/home/fanyu/auditory_simulation_m6a/pub_01/s06/ds004703_qc_20260919_v2/audio_neural_pairing_audit.csv
ds004703,sub-SD022_ses-01_task-PassiveListen__trial-5,1024.0,SEE_AUDIO_QC_PER_PATH,149.98051305299998,3.44312925170068,template word/POS/phone+duration match; constant onset offset,9.947598300641403e-13,UNKNOWN,/home/fanyu/auditory_simulation_m6a/pub_01/s06/ds004703_qc_20260919_v2/audio_neural_pairing_audit.csv
ds004703,sub-SD022_ses-01_task-PassiveListen__trial-6,1024.0,SEE_AUDIO_QC_PER_PATH,214.25556967,28.18857142857143,template word/POS/phone+duration match; constant onset offset,5.684341886080802e-14,UNKNOWN,/home/fanyu/auditory_simulation_m6a/pub_01/s06/ds004703_qc_20260919_v2/audio_neural_pairing_audit.csv
ds004703,sub-SD022_ses-01_task-PassiveListen__trial-7,1024.0,SEE_AUDIO_QC_PER_PATH,263.391628531,34.63149659863946,template word/POS/phone+duration match; constant onset offset,1.1368683772161603e-13,UNKNOWN,/home/fanyu/auditory_simulation_m6a/pub_01/s06/ds004703_qc_20260919_v2/audio_neural_pairing_audit.csv
ds004703,sub-SD022_ses-01_task-PassiveListen__trial-8,1024.0,SEE_AUDIO_QC_PER_PATH,308.67148630500003,34.2159410430839,template word/POS/phone+duration match; constant onset offset,1.1368683772161603e-13,UNKNOWN,/home/fanyu/auditory_simulation_m6a/pub_01/s06/ds004703_qc_20260919_v2/audio_neural_pairing_audit.csv
ds004703,sub-SD022_ses-01_task-PassiveListen__trial-9,1024.0,SEE_AUDIO_QC_PER_PATH,360.205934458,22.537301587301588,template word/POS/phone+duration match; constant onset offset,1.1368683772161603e-13,UNKNOWN,/home/fanyu/auditory_simulation_m6a/pub_01/s06/ds004703_qc_20260919_v2/audio_neural_pairing_audit.csv
ds004703,sub-SD022_ses-01_task-PassiveListen__trial-10,1024.0,SEE_AUDIO_QC_PER_PATH,392.258324613,49.18281179138322,template word/POS/phone+duration match; constant onset offset,5.684341886080802e-14,UNKNOWN,/home/fanyu/auditory_simulation_m6a/pub_01/s06/ds004703_qc_20260919_v2/audio_neural_pairing_audit.csv
ds004703,sub-SD022_ses-01_task-PassiveListen__trial-11,1024.0,SEE_AUDIO_QC_PER_PATH,452.4651655469999,35.60836734693878,template word/POS/phone+duration match; constant onset offset,2.2737367544323206e-13,UNKNOWN,/home/fanyu/auditory_simulation_m6a/pub_01/s06/ds004703_qc_20260919_v2/audio_neural_pairing_audit.csv
ds004703,sub-SD022_ses-01_task-PassiveListen__trial-12,1024.0,SEE_AUDIO_QC_PER_PATH,500.448643555,35.284126984126985,template word/POS/phone+duration match; constant onset offset,1.1368683772161603e-13,UNKNOWN,/home/fanyu/auditory_simulation_m6a/pub_01/s06/ds004703_qc_20260919_v2/audio_neural_pairing_audit.csv
ds004703,sub-SD022_ses-01_task-PassiveListen__trial-13,1024.0,SEE_AUDIO_QC_PER_PATH,545.215035503,37.38761904761905,template word/POS/phone+duration match; constant onset offset,1.1368683772161603e-13,UNKNOWN,/home/fanyu/auditory_simulation_m6a/pub_01/s06/ds004703_qc_20260919_v2/audio_neural_pairing_audit.csv
ds004703,sub-SD022_ses-01_task-PassiveListen__trial-14,1024.0,SEE_AUDIO_QC_PER_PATH,606.90520013,32.8990022675737,template word/POS/phone+duration match; constant onset offset,2.2737367544323206e-13,UNKNOWN,/home/fanyu/auditory_simulation_m6a/pub_01/s06/ds004703_qc_20260919_v2/audio_neural_pairing_audit.csv
ds004703,sub-SD022_ses-01_task-PassiveListen__trial-15,1024.0,SEE_AUDIO_QC_PER_PATH,651.393734275,36.367437641723356,template word/POS/phone+duration match; constant onset offset,2.2737367544323206e-13,UNKNOWN,/home/fanyu/auditory_simulation_m6a/pub_01/s06/ds004703_qc_20260919_v2/audio_neural_pairing_audit.csv
ds004703,sub-SD022_ses-01_task-PassiveListen__trial-16,1024.0,SEE_AUDIO_QC_PER_PATH,696.3084071870001,54.52736961451247,template word/POS/phone+duration match; constant onset offset,2.2737367544323206e-13,UNKNOWN,/home/fanyu/auditory_simulation_m6a/pub_01/s06/ds004703_qc_20260919_v2/audio_neural_pairing_audit.csv
ds004703,sub-SD022_ses-01_task-PassiveListen__trial-17,1024.0,SEE_AUDIO_QC_PER_PATH,763.298877686,34.556938775510204,template word/POS/phone+duration match; constant onset offset,1.1368683772161603e-13,UNKNOWN,/home/fanyu/auditory_simulation_m6a/pub_01/s06/ds004703_qc_20260919_v2/audio_neural_pairing_audit.csv
ds004703,sub-SD022_ses-01_task-PassiveListen__trial-18,1024.0,SEE_AUDIO_QC_PER_PATH,808.738010647,39.03469387755102,template word/POS/phone+duration match; constant onset offset,2.2737367544323206e-13,UNKNOWN,/home/fanyu/auditory_simulation_m6a/pub_01/s06/ds004703_qc_20260919_v2/audio_neural_pairing_audit.csv
ds004703,sub-SD022_ses-01_task-PassiveListen__trial-19,1024.0,SEE_AUDIO_QC_PER_PATH,856.736948833,26.25294784580499,template word/POS/phone+duration match; constant onset offset,1.1368683772161603e-13,UNKNOWN,/home/fanyu/auditory_simulation_m6a/pub_01/s06/ds004703_qc_20260919_v2/audio_neural_pairing_audit.csv
ds004703,sub-SD022_ses-01_task-PassiveListen__trial-20,1024.0,SEE_AUDIO_QC_PER_PATH,897.551685515,25.393945578231293,template word/POS/phone+duration match; constant onset offset,1.1368683772161603e-13,UNKNOWN,/home/fanyu/auditory_simulation_m6a/pub_01/s06/ds004703_qc_20260919_v2/audio_neural_pairing_audit.csv
ds004703,sub-SD022_ses-01_task-PassiveListen__trial-21,1024.0,SEE_AUDIO_QC_PER_PATH,934.735985893,25.584126984126986,template word/POS/phone+duration match; constant onset offset,1.1368683772161603e-13,UNKNOWN,/home/fanyu/auditory_simulation_m6a/pub_01/s06/ds004703_qc_20260919_v2/audio_neural_pairing_audit.csv
ds004703,sub-SD022_ses-01_task-PassiveListen__trial-22,1024.0,SEE_AUDIO_QC_PER_PATH,972.2495942830001,3.44312925170068,template word/POS/phone+duration match; constant onset offset,1.0231815394945443e-12,UNKNOWN,/home/fanyu/auditory_simulation_m6a/pub_01/s06/ds004703_qc_20260919_v2/audio_neural_pairing_audit.csv
ds004703,sub-SD022_ses-01_task-PassiveListen__trial-23,1024.0,SEE_AUDIO_QC_PER_PATH,976.2627977219998,3.44312925170068,template word/POS/phone+duration match; constant onset offset,1.000444171950221e-11,UNKNOWN,/home/fanyu/auditory_simulation_m6a/pub_01/s06/ds004703_qc_20260919_v2/audio_neural_pairing_audit.csv
ds004703,sub-SD022_ses-01_task-PassiveListen__trial-24,1024.0,SEE_AUDIO_QC_PER_PATH,1232.33843614,77.08981859410432,template word/POS/phone+duration match; constant onset offset,2.2737367544323206e-13,UNKNOWN,/home/fanyu/auditory_simulation_m6a/pub_01/s06/ds004703_qc_20260919_v2/audio_neural_pairing_audit.csv
ds004703,sub-SD022_ses-01_task-PassiveListen__trial-25,1024.0,SEE_AUDIO_QC_PER_PATH,1320.32279405,35.371746031746035,template word/POS/phone+duration match; constant onset offset,2.2737367544323206e-13,UNKNOWN,/home/fanyu/auditory_simulation_m6a/pub_01/s06/ds004703_qc_20260919_v2/audio_neural_pairing_audit.csv
ds004703,sub-SD022_ses-01_task-PassiveListen__trial-26,1024.0,SEE_AUDIO_QC_PER_PATH,1374.80394225,41.67131519274376,template word/POS/phone+duration match; constant onset offset,2.2737367544323206e-13,UNKNOWN,/home/fanyu/auditory_simulation_m6a/pub_01/s06/ds004703_qc_20260919_v2/audio_neural_pairing_audit.csv
ds004703,sub-SD022_ses-01_task-PassiveListen__trial-27,1024.0,SEE_AUDIO_QC_PER_PATH,1425.4045964100012,3.44312925170068,template word/POS/phone+duration match; constant onset offset,9.322320693172514e-12,UNKNOWN,/home/fanyu/auditory_simulation_m6a/pub_01/s06/ds004703_qc_20260919_v2/audio_neural_pairing_audit.csv
ds004703,sub-SD022_ses-01_task-PassiveListen__trial-28,1024.0,SEE_AUDIO_QC_PER_PATH,1429.4199219399998,3.44312925170068,template word/POS/phone+duration match; constant onset offset,1.0231815394945443e-11,UNKNOWN,/home/fanyu/auditory_simulation_m6a/pub_01/s06/ds004703_qc_20260919_v2/audio_neural_pairing_audit.csv
ds004703,sub-SD022_ses-01_task-PassiveListen__trial-29,1024.0,SEE_AUDIO_QC_PER_PATH,1490.03462367,36.582426303854874,template word/POS/phone+duration match; constant onset offset,2.2737367544323206e-13,UNKNOWN,/home/fanyu/auditory_simulation_m6a/pub_01/s06/ds004703_qc_20260919_v2/audio_neural_pairing_audit.csv
ds004703,sub-SD022_ses-01_task-PassiveListen__trial-30,1024.0,SEE_AUDIO_QC_PER_PATH,1538.14720791,37.23800453514739,template word/POS/phone+duration match; constant onset offset,2.2737367544323206e-13,UNKNOWN,/home/fanyu/auditory_simulation_m6a/pub_01/s06/ds004703_qc_20260919_v2/audio_neural_pairing_audit.csv
ds004703,sub-SD022_ses-01_task-PassiveListen__trial-31,1024.0,SEE_AUDIO_QC_PER_PATH,1584.70645285,32.93675736961451,template word/POS/phone+duration match; constant onset offset,2.2737367544323206e-13,UNKNOWN,/home/fanyu/auditory_simulation_m6a/pub_01/s06/ds004703_qc_20260919_v2/audio_neural_pairing_audit.csv
ds004703,sub-SD022_ses-01_task-PassiveListen__trial-32,1024.0,SEE_AUDIO_QC_PER_PATH,1628.37173408,43.13843537414966,template word/POS/phone+duration match; constant onset offset,2.2737367544323206e-13,UNKNOWN,/home/fanyu/auditory_simulation_m6a/pub_01/s06/ds004703_qc_20260919_v2/audio_neural_pairing_audit.csv
ds004703,sub-SD022_ses-01_task-PassiveListen__trial-33,1024.0,SEE_AUDIO_QC_PER_PATH,1682.88196132,29.345056689342403,template word/POS/phone+duration match; constant onset offset,2.2737367544323206e-13,UNKNOWN,/home/fanyu/auditory_simulation_m6a/pub_01/s06/ds004703_qc_20260919_v2/audio_neural_pairing_audit.csv
ds004703,sub-SD022_ses-01_task-PassiveListen__trial-34,1024.0,SEE_AUDIO_QC_PER_PATH,1737.00154392,34.67619047619048,template word/POS/phone+duration match; constant onset offset,2.2737367544323206e-13,UNKNOWN,/home/fanyu/auditory_simulation_m6a/pub_01/s06/ds004703_qc_20260919_v2/audio_neural_pairing_audit.csv
ds004703,sub-SD022_ses-01_task-PassiveListen__trial-35,1024.0,SEE_AUDIO_QC_PER_PATH,1783.2382158,56.91793650793651,template word/POS/phone+duration match; constant onset offset,2.2737367544323206e-13,UNKNOWN,/home/fanyu/auditory_simulation_m6a/pub_01/s06/ds004703_qc_20260919_v2/audio_neural_pairing_audit.csv
ds004703,sub-SD022_ses-01_task-PassiveListen__trial-36,1024.0,SEE_AUDIO_QC_PER_PATH,1849.9808520900012,3.44312925170068,template word/POS/phone+duration match; constant onset offset,9.322320693172514e-12,UNKNOWN,/home/fanyu/auditory_simulation_m6a/pub_01/s06/ds004703_qc_20260919_v2/audio_neural_pairing_audit.csv
ds004703,sub-SD022_ses-01_task-PassiveListen__trial-37,1024.0,SEE_AUDIO_QC_PER_PATH,1853.9942509800007,3.44312925170068,template word/POS/phone+duration match; constant onset offset,1.0231815394945443e-11,UNKNOWN,/home/fanyu/auditory_simulation_m6a/pub_01/s06/ds004703_qc_20260919_v2/audio_neural_pairing_audit.csv
ds004703,sub-SD022_ses-01_task-PassiveListen__trial-38,1024.0,SEE_AUDIO_QC_PER_PATH,1903.36151654,20.8018820861678,template word/POS/phone+duration match; constant onset offset,2.2737367544323206e-13,UNKNOWN,/home/fanyu/auditory_simulation_m6a/pub_01/s06/ds004703_qc_20260919_v2/audio_neural_pairing_audit.csv
ds004703,sub-SD022_ses-01_task-PassiveListen__trial-39,1024.0,SEE_AUDIO_QC_PER_PATH,1932.99819471,60.9278231292517,template word/POS/phone+duration match; constant onset offset,2.2737367544323206e-13,UNKNOWN,/home/fanyu/auditory_simulation_m6a/pub_01/s06/ds004703_qc_20260919_v2/audio_neural_pairing_audit.csv
ds004703,sub-SD022_ses-01_task-PassiveListen__trial-40,1024.0,SEE_AUDIO_QC_PER_PATH,2003.0742590300001,30.462244897959184,template word/POS/phone+duration match; constant onset offset,2.2737367544323206e-13,UNKNOWN,/home/fanyu/auditory_simulation_m6a/pub_01/s06/ds004703_qc_20260919_v2/audio_neural_pairing_audit.csv
ds004703,sub-SD022_ses-01_task-PassiveListen__trial-41,1024.0,SEE_AUDIO_QC_PER_PATH,2044.45303874,45.27312925170068,template word/POS/phone+duration match; constant onset offset,4.547473508864641e-13,UNKNOWN,/home/fanyu/auditory_simulation_m6a/pub_01/s06/ds004703_qc_20260919_v2/audio_neural_pairing_audit.csv
ds004703,sub-SD022_ses-01_task-PassiveListen__trial-42,1024.0,SEE_AUDIO_QC_PER_PATH,2097.79367388,31.55362811791383,template word/POS/phone+duration match; constant onset offset,4.547473508864641e-13,UNKNOWN,/home/fanyu/auditory_simulation_m6a/pub_01/s06/ds004703_qc_20260919_v2/audio_neural_pairing_audit.csv
ds004703,sub-SD022_ses-01_task-PassiveListen__trial-43,1024.0,SEE_AUDIO_QC_PER_PATH,2141.39766242,46.363628117913834,template word/POS/phone+duration match; constant onset offset,4.547473508864641e-13,UNKNOWN,/home/fanyu/auditory_simulation_m6a/pub_01/s06/ds004703_qc_20260919_v2/audio_neural_pairing_audit.csv
ds004703,sub-SD022_ses-01_task-PassiveListen__trial-44,1024.0,SEE_AUDIO_QC_PER_PATH,2224.18985523,54.43687074829932,template word/POS/phone+duration match; constant onset offset,4.547473508864641e-13,UNKNOWN,/home/fanyu/auditory_simulation_m6a/pub_01/s06/ds004703_qc_20260919_v2/audio_neural_pairing_audit.csv
ds004703,sub-SD022_ses-01_task-PassiveListen__trial-45,1024.0,SEE_AUDIO_QC_PER_PATH,2288.83553761,34.4781179138322,template word/POS/phone+duration match; constant onset offset,4.547473508864641e-13,UNKNOWN,/home/fanyu/auditory_simulation_m6a/pub_01/s06/ds004703_qc_20260919_v2/audio_neural_pairing_audit.csv
ds004703,sub-SD022_ses-01_task-PassiveListen__trial-46,1024.0,SEE_AUDIO_QC_PER_PATH,2332.6714017400013,3.44312925170068,template word/POS/phone+duration match; constant onset offset,9.549694368615746e-12,UNKNOWN,/home/fanyu/auditory_simulation_m6a/pub_01/s06/ds004703_qc_20260919_v2/audio_neural_pairing_audit.csv
ds004703,sub-SD022_ses-01_task-PassiveListen__trial-47,1024.0,SEE_AUDIO_QC_PER_PATH,2336.6852352099995,3.44312925170068,template word/POS/phone+duration match; constant onset offset,1.0459189070388675e-11,UNKNOWN,/home/fanyu/auditory_simulation_m6a/pub_01/s06/ds004703_qc_20260919_v2/audio_neural_pairing_audit.csv
ds004703,sub-SD022_ses-01_task-PassiveListen__trial-48,1024.0,SEE_AUDIO_QC_PER_PATH,2393.47249503,16.85562358276644,template word/POS/phone+duration match; constant onset offset,4.547473508864641e-13,UNKNOWN,/home/fanyu/auditory_simulation_m6a/pub_01/s06/ds004703_qc_20260919_v2/audio_neural_pairing_audit.csv
ds004703,sub-SD022_ses-01_task-PassiveListen__trial-49,1024.0,SEE_AUDIO_QC_PER_PATH,2419.58828617,33.54437641723356,template word/POS/phone+duration match; constant onset offset,4.547473508864641e-13,UNKNOWN,/home/fanyu/auditory_simulation_m6a/pub_01/s06/ds004703_qc_20260919_v2/audio_neural_pairing_audit.csv
ds004703,sub-SD022_ses-01_task-PassiveListen__trial-50,1024.0,SEE_AUDIO_QC_PER_PATH,2461.57504108,53.5008843537415,template word/POS/phone+duration match; constant onset offset,4.547473508864641e-13,UNKNOWN,/home/fanyu/auditory_simulation_m6a/pub_01/s06/ds004703_qc_20260919_v2/audio_neural_pairing_audit.csv
ds004703,sub-SD022_ses-01_task-PassiveListen__trial-51,1024.0,SEE_AUDIO_QC_PER_PATH,2525.15389458,29.993242630385488,template word/POS/phone+duration match; constant onset offset,4.547473508864641e-13,UNKNOWN,/home/fanyu/auditory_simulation_m6a/pub_01/s06/ds004703_qc_20260919_v2/audio_neural_pairing_audit.csv
ds004703,sub-SD022_ses-01_task-PassiveListen__trial-52,1024.0,SEE_AUDIO_QC_PER_PATH,2566.32711361,54.69269841269841,template word/POS/phone+duration match; constant onset offset,4.547473508864641e-13,UNKNOWN,/home/fanyu/auditory_simulation_m6a/pub_01/s06/ds004703_qc_20260919_v2/audio_neural_pairing_audit.csv
ds004703,sub-SD022_ses-01_task-PassiveListen__trial-53,1024.0,SEE_AUDIO_QC_PER_PATH,2630.5507445499998,42.95142857142857,template word/POS/phone+duration match; constant onset offset,4.547473508864641e-13,UNKNOWN,/home/fanyu/auditory_simulation_m6a/pub_01/s06/ds004703_qc_20260919_v2/audio_neural_pairing_audit.csv
ds004703,sub-SD022_ses-01_task-PassiveListen__trial-54,1024.0,SEE_AUDIO_QC_PER_PATH,2705.9963115,44.58725623582767,template word/POS/phone+duration match; constant onset offset,4.547473508864641e-13,UNKNOWN,/home/fanyu/auditory_simulation_m6a/pub_01/s06/ds004703_qc_20260919_v2/audio_neural_pairing_audit.csv
ds004703,sub-SD022_ses-01_task-PassiveListen__trial-55,1024.0,SEE_AUDIO_QC_PER_PATH,2760.19804673,43.50736961451247,template word/POS/phone+duration match; constant onset offset,4.547473508864641e-13,UNKNOWN,/home/fanyu/auditory_simulation_m6a/pub_01/s06/ds004703_qc_20260919_v2/audio_neural_pairing_audit.csv
ds004703,sub-SD022_ses-01_task-PassiveListen__trial-56,1024.0,SEE_AUDIO_QC_PER_PATH,2821.06023547,35.123492063492066,template word/POS/phone+duration match; constant onset offset,4.547473508864641e-13,UNKNOWN,/home/fanyu/auditory_simulation_m6a/pub_01/s06/ds004703_qc_20260919_v2/audio_neural_pairing_audit.csv
ds004703,sub-SD022_ses-01_task-PassiveListen__trial-57,1024.0,SEE_AUDIO_QC_PER_PATH,2867.22104742,36.376122448979594,template word/POS/phone+duration match; constant onset offset,4.547473508864641e-13,UNKNOWN,/home/fanyu/auditory_simulation_m6a/pub_01/s06/ds004703_qc_20260919_v2/audio_neural_pairing_audit.csv
ds004703,sub-SD022_ses-01_task-PassiveListen__trial-58,1024.0,SEE_AUDIO_QC_PER_PATH,2914.7093564799998,34.05850340136055,template word/POS/phone+duration match; constant onset offset,4.547473508864641e-13,UNKNOWN,/home/fanyu/auditory_simulation_m6a/pub_01/s06/ds004703_qc_20260919_v2/audio_neural_pairing_audit.csv
ds004703,sub-SD022_ses-01_task-PassiveListen__trial-59,1024.0,SEE_AUDIO_QC_PER_PATH,2958.58180338,41.42324263038549,template word/POS/phone+duration match; constant onset offset,4.547473508864641e-13,UNKNOWN,/home/fanyu/auditory_simulation_m6a/pub_01/s06/ds004703_qc_20260919_v2/audio_neural_pairing_audit.csv
ds004703,sub-SD022_ses-01_task-PassiveListen__trial-60,1024.0,SEE_AUDIO_QC_PER_PATH,3011.81810046,27.614240362811792,template word/POS/phone+duration match; constant onset offset,4.547473508864641e-13,UNKNOWN,/home/fanyu/auditory_simulation_m6a/pub_01/s06/ds004703_qc_20260919_v2/audio_neural_pairing_audit.csv
ds004703,sub-SD022_ses-01_task-PassiveListen__trial-61,1024.0,SEE_AUDIO_QC_PER_PATH,3049.0873234800015,3.44312925170068,template word/POS/phone+duration match; constant onset offset,9.549694368615746e-12,UNKNOWN,/home/fanyu/auditory_simulation_m6a/pub_01/s06/ds004703_qc_20260919_v2/audio_neural_pairing_audit.csv
ds004703,sub-SD022_ses-01_task-PassiveListen__trial-62,1024.0,SEE_AUDIO_QC_PER_PATH,3053.10261759,3.44312925170068,template word/POS/phone+duration match; constant onset offset,1.0459189070388675e-11,UNKNOWN,/home/fanyu/auditory_simulation_m6a/pub_01/s06/ds004703_qc_20260919_v2/audio_neural_pairing_audit.csv
ds004703,sub-SD022_ses-01_task-PassiveListen__trial-63,1024.0,SEE_AUDIO_QC_PER_PATH,3114.69208616,33.10163265306122,template word/POS/phone+duration match; constant onset offset,4.547473508864641e-13,UNKNOWN,/home/fanyu/auditory_simulation_m6a/pub_01/s06/ds004703_qc_20260919_v2/audio_neural_pairing_audit.csv
SparrKULee,sub-001_ses-shortstories01_task-listeningActive_run-01_desc-preproc-audio-audiobook_5_1_eeg.npy,64,ENVELOPE_64; raw audio rate separately audited,0,906.109375,publisher common prefix consumption; no re-normalization/split,UNKNOWN,UNKNOWN,/home/fanyu/auditory_simulation_m6a/pub_01/s06/sparrkulee_virtual_20260919_v4/cleaning_index.csv
SparrKULee,sub-001_ses-shortstories01_task-listeningActive_run-02_desc-preproc-audio-audiobook_5_2_eeg.npy,64,ENVELOPE_64; raw audio rate separately audited,0,909.671875,publisher common prefix consumption; no re-normalization/split,UNKNOWN,UNKNOWN,/home/fanyu/auditory_simulation_m6a/pub_01/s06/sparrkulee_virtual_20260919_v4/cleaning_index.csv
SparrKULee,sub-001_ses-shortstories01_task-listeningActive_run-03_desc-preproc-audio-audiobook_5_3_eeg.npy,64,ENVELOPE_64; raw audio rate separately audited,0,952.96875,publisher common prefix consumption; no re-normalization/split,UNKNOWN,UNKNOWN,/home/fanyu/auditory_simulation_m6a/pub_01/s06/sparrkulee_virtual_20260919_v4/cleaning_index.csv
SparrKULee,sub-001_ses-shortstories01_task-listeningActive_run-04_desc-preproc-audio-audiobook_1_eeg.npy,64,ENVELOPE_64; raw audio rate separately audited,0,936.84375,publisher common prefix consumption; no re-normalization/split,UNKNOWN,UNKNOWN,/home/fanyu/auditory_simulation_m6a/pub_01/s06/sparrkulee_virtual_20260919_v4/cleaning_index.csv
SparrKULee,sub-001_ses-shortstories01_task-listeningActive_run-05_desc-preproc-audio-audiobook_2_1_eeg.npy,64,ENVELOPE_64; raw audio rate separately audited,0,790.921875,publisher common prefix consumption; no re-normalization/split,UNKNOWN,UNKNOWN,/home/fanyu/auditory_simulation_m6a/pub_01/s06/sparrkulee_virtual_20260919_v4/cleaning_index.csv
SparrKULee,sub-001_ses-shortstories01_task-listeningActive_run-06_desc-preproc-audio-audiobook_2_2_eeg.npy,64,ENVELOPE_64; raw audio rate separately audited,0,761.671875,publisher common prefix consumption; no re-normalization/split,UNKNOWN,UNKNOWN,/home/fanyu/auditory_simulation_m6a/pub_01/s06/sparrkulee_virtual_20260919_v4/cleaning_index.csv
SparrKULee,sub-001_ses-shortstories01_task-listeningActive_run-07_desc-preproc-audio-audiobook_4_eeg.npy,64,ENVELOPE_64; raw audio rate separately audited,0,813.4375,publisher common prefix consumption; no re-normalization/split,UNKNOWN,UNKNOWN,/home/fanyu/auditory_simulation_m6a/pub_01/s06/sparrkulee_virtual_20260919_v4/cleaning_index.csv
SparrKULee,sub-001_ses-shortstories01_task-listeningActive_run-08_desc-preproc-audio-audiobook_3_eeg.npy,64,ENVELOPE_64; raw audio rate separately audited,0,962.453125,publisher common prefix consumption; no re-normalization/split,UNKNOWN,UNKNOWN,/home/fanyu/auditory_simulation_m6a/pub_01/s06/sparrkulee_virtual_20260919_v4/cleaning_index.csv
SparrKULee,sub-001_ses-shortstories01_task-listeningActive_run-09_desc-preproc-audio-audiobook_6_1_eeg.npy,64,ENVELOPE_64; raw audio rate separately audited,0,833.59375,publisher common prefix consumption; no re-normalization/split,UNKNOWN,UNKNOWN,/home/fanyu/auditory_simulation_m6a/pub_01/s06/sparrkulee_virtual_20260919_v4/cleaning_index.csv
SparrKULee,sub-001_ses-shortstories01_task-listeningActive_run-10_desc-preproc-audio-audiobook_6_2_eeg.npy,64,ENVELOPE_64; raw audio rate separately audited,0,833.421875,publisher common prefix consumption; no re-normalization/split,UNKNOWN,UNKNOWN,/home/fanyu/auditory_simulation_m6a/pub_01/s06/sparrkulee_virtual_20260919_v4/cleaning_index.csv
SparrKULee,sub-002_ses-shortstories01_task-listeningActive_run-01_desc-preproc-audio-audiobook_1_artefact_eeg.npy,64,ENVELOPE_64; raw audio rate separately audited,0,300.359375,publisher common prefix consumption; no re-normalization/split,UNKNOWN,UNKNOWN,/home/fanyu/auditory_simulation_m6a/pub_01/s06/sparrkulee_virtual_20260919_v4/cleaning_index.csv
SparrKULee,sub-002_ses-shortstories01_task-listeningActive_run-02_desc-preproc-audio-audiobook_3_eeg.npy,64,ENVELOPE_64; raw audio rate separately audited,0,962.453125,publisher common prefix consumption; no re-normalization/split,UNKNOWN,UNKNOWN,/home/fanyu/auditory_simulation_m6a/pub_01/s06/sparrkulee_virtual_20260919_v4/cleaning_index.csv
SparrKULee,sub-002_ses-shortstories01_task-listeningActive_run-03_desc-preproc-audio-audiobook_1_eeg.npy,64,ENVELOPE_64; raw audio rate separately audited,0,936.84375,publisher common prefix consumption; no re-normalization/split,UNKNOWN,UNKNOWN,/home/fanyu/auditory_simulation_m6a/pub_01/s06/sparrkulee_virtual_20260919_v4/cleaning_index.csv
SparrKULee,sub-002_ses-shortstories01_task-listeningActive_run-04_desc-preproc-audio-audiobook_2_1_eeg.npy,64,ENVELOPE_64; raw audio rate separately audited,0,790.921875,publisher common prefix consumption; no re-normalization/split,UNKNOWN,UNKNOWN,/home/fanyu/auditory_simulation_m6a/pub_01/s06/sparrkulee_virtual_20260919_v4/cleaning_index.csv
SparrKULee,sub-002_ses-shortstories01_task-listeningActive_run-05_desc-preproc-audio-audiobook_2_2_eeg.npy,64,ENVELOPE_64; raw audio rate separately audited,0,761.671875,publisher common prefix consumption; no re-normalization/split,UNKNOWN,UNKNOWN,/home/fanyu/auditory_simulation_m6a/pub_01/s06/sparrkulee_virtual_20260919_v4/cleaning_index.csv
SparrKULee,sub-002_ses-shortstories01_task-listeningActive_run-06_desc-preproc-audio-audiobook_6_1_eeg.npy,64,ENVELOPE_64; raw audio rate separately audited,0,833.59375,publisher common prefix consumption; no re-normalization/split,UNKNOWN,UNKNOWN,/home/fanyu/auditory_simulation_m6a/pub_01/s06/sparrkulee_virtual_20260919_v4/cleaning_index.csv
SparrKULee,sub-002_ses-shortstories01_task-listeningActive_run-07_desc-preproc-audio-audiobook_6_2_eeg.npy,64,ENVELOPE_64; raw audio rate separately audited,0,833.421875,publisher common prefix consumption; no re-normalization/split,UNKNOWN,UNKNOWN,/home/fanyu/auditory_simulation_m6a/pub_01/s06/sparrkulee_virtual_20260919_v4/cleaning_index.csv
SparrKULee,sub-002_ses-shortstories01_task-listeningActive_run-08_desc-preproc-audio-audiobook_5_1_eeg.npy,64,ENVELOPE_64; raw audio rate separately audited,0,906.109375,publisher common prefix consumption; no re-normalization/split,UNKNOWN,UNKNOWN,/home/fanyu/auditory_simulation_m6a/pub_01/s06/sparrkulee_virtual_20260919_v4/cleaning_index.csv
SparrKULee,sub-002_ses-shortstories01_task-listeningActive_run-09_desc-preproc-audio-audiobook_5_2_eeg.npy,64,ENVELOPE_64; raw audio rate separately audited,0,909.671875,publisher common prefix consumption; no re-normalization/split,UNKNOWN,UNKNOWN,/home/fanyu/auditory_simulation_m6a/pub_01/s06/sparrkulee_virtual_20260919_v4/cleaning_index.csv
SparrKULee,sub-002_ses-shortstories01_task-listeningActive_run-10_desc-preproc-audio-audiobook_5_3_eeg.npy,64,ENVELOPE_64; raw audio rate separately audited,0,952.96875,publisher common prefix consumption; no re-normalization/split,UNKNOWN,UNKNOWN,/home/fanyu/auditory_simulation_m6a/pub_01/s06/sparrkulee_virtual_20260919_v4/cleaning_index.csv
SparrKULee,sub-002_ses-shortstories01_task-listeningActive_run-11_desc-preproc-audio-audiobook_4_eeg.npy,64,ENVELOPE_64; raw audio rate separately audited,0,813.4375,publisher common prefix consumption; no re-normalization/split,UNKNOWN,UNKNOWN,/home/fanyu/auditory_simulation_m6a/pub_01/s06/sparrkulee_virtual_20260919_v4/cleaning_index.csv
SparrKULee,sub-003_ses-shortstories01_task-listeningActive_run-01_desc-preproc-audio-audiobook_5_1_eeg.npy,64,ENVELOPE_64; raw audio rate separately audited,0,906.109375,publisher common prefix consumption; no re-normalization/split,UNKNOWN,UNKNOWN,/home/fanyu/auditory_simulation_m6a/pub_01/s06/sparrkulee_virtual_20260919_v4/cleaning_index.csv
SparrKULee,sub-003_ses-shortstories01_task-listeningActive_run-02_desc-preproc-audio-audiobook_5_2_eeg.npy,64,ENVELOPE_64; raw audio rate separately audited,0,909.671875,publisher common prefix consumption; no re-normalization/split,UNKNOWN,UNKNOWN,/home/fanyu/auditory_simulation_m6a/pub_01/s06/sparrkulee_virtual_20260919_v4/cleaning_index.csv
SparrKULee,sub-003_ses-shortstories01_task-listeningActive_run-03_desc-preproc-audio-audiobook_5_3_eeg.npy,64,ENVELOPE_64; raw audio rate separately audited,0,952.96875,publisher common prefix consumption; no re-normalization/split,UNKNOWN,UNKNOWN,/home/fanyu/auditory_simulation_m6a/pub_01/s06/sparrkulee_virtual_20260919_v4/cleaning_index.csv
SparrKULee,sub-003_ses-shortstories01_task-listeningActive_run-04_desc-preproc-audio-audiobook_1_eeg.npy,64,ENVELOPE_64; raw audio rate separately audited,0,936.84375,publisher common prefix consumption; no re-normalization/split,UNKNOWN,UNKNOWN,/home/fanyu/auditory_simulation_m6a/pub_01/s06/sparrkulee_virtual_20260919_v4/cleaning_index.csv
SparrKULee,sub-003_ses-shortstories01_task-listeningActive_run-05_desc-preproc-audio-audiobook_6_1_eeg.npy,64,ENVELOPE_64; raw audio rate separately audited,0,833.59375,publisher common prefix consumption; no re-normalization/split,UNKNOWN,UNKNOWN,/home/fanyu/auditory_simulation_m6a/pub_01/s06/sparrkulee_virtual_20260919_v4/cleaning_index.csv
SparrKULee,sub-003_ses-shortstories01_task-listeningActive_run-06_desc-preproc-audio-audiobook_6_2_eeg.npy,64,ENVELOPE_64; raw audio rate separately audited,0,833.421875,publisher common prefix consumption; no re-normalization/split,UNKNOWN,UNKNOWN,/home/fanyu/auditory_simulation_m6a/pub_01/s06/sparrkulee_virtual_20260919_v4/cleaning_index.csv
SparrKULee,sub-003_ses-shortstories01_task-listeningActive_run-07_desc-preproc-audio-audiobook_4_eeg.npy,64,ENVELOPE_64; raw audio rate separately audited,0,813.4375,publisher common prefix consumption; no re-normalization/split,UNKNOWN,UNKNOWN,/home/fanyu/auditory_simulation_m6a/pub_01/s06/sparrkulee_virtual_20260919_v4/cleaning_index.csv
SparrKULee,sub-003_ses-shortstories01_task-listeningActive_run-08_desc-preproc-audio-audiobook_3_eeg.npy,64,ENVELOPE_64; raw audio rate separately audited,0,962.453125,publisher common prefix consumption; no re-normalization/split,UNKNOWN,UNKNOWN,/home/fanyu/auditory_simulation_m6a/pub_01/s06/sparrkulee_virtual_20260919_v4/cleaning_index.csv
SparrKULee,sub-003_ses-shortstories01_task-listeningActive_run-09_desc-preproc-audio-audiobook_2_1_eeg.npy,64,ENVELOPE_64; raw audio rate separately audited,0,790.921875,publisher common prefix consumption; no re-normalization/split,UNKNOWN,UNKNOWN,/home/fanyu/auditory_simulation_m6a/pub_01/s06/sparrkulee_virtual_20260919_v4/cleaning_index.csv
SparrKULee,sub-003_ses-shortstories01_task-listeningActive_run-10_desc-preproc-audio-audiobook_2_2_eeg.npy,64,ENVELOPE_64; raw audio rate separately audited,0,761.671875,publisher common prefix consumption; no re-normalization/split,UNKNOWN,UNKNOWN,/home/fanyu/auditory_simulation_m6a/pub_01/s06/sparrkulee_virtual_20260919_v4/cleaning_index.csv
SparrKULee,sub-004_ses-shortstories01_task-listeningActive_run-01_desc-preproc-audio-audiobook_2_1_eeg.npy,64,ENVELOPE_64; raw audio rate separately audited,0,790.921875,publisher common prefix consumption; no re-normalization/split,UNKNOWN,UNKNOWN,/home/fanyu/auditory_simulation_m6a/pub_01/s06/sparrkulee_virtual_20260919_v4/cleaning_index.csv
SparrKULee,sub-004_ses-shortstories01_task-listeningActive_run-02_desc-preproc-audio-audiobook_2_2_eeg.npy,64,ENVELOPE_64; raw audio rate separately audited,0,761.671875,publisher common prefix consumption; no re-normalization/split,UNKNOWN,UNKNOWN,/home/fanyu/auditory_simulation_m6a/pub_01/s06/sparrkulee_virtual_20260919_v4/cleaning_index.csv
SparrKULee,sub-004_ses-shortstories01_task-listeningActive_run-03_desc-preproc-audio-audiobook_1_eeg.npy,64,ENVELOPE_64; raw audio rate separately audited,0,936.84375,publisher common prefix consumption; no re-normalization/split,UNKNOWN,UNKNOWN,/home/fanyu/auditory_simulation_m6a/pub_01/s06/sparrkulee_virtual_20260919_v4/cleaning_index.csv
SparrKULee,sub-004_ses-shortstories01_task-listeningActive_run-04_desc-preproc-audio-audiobook_3_eeg.npy,64,ENVELOPE_64; raw audio rate separately audited,0,962.453125,publisher common prefix consumption; no re-normalization/split,UNKNOWN,UNKNOWN,/home/fanyu/auditory_simulation_m6a/pub_01/s06/sparrkulee_virtual_20260919_v4/cleaning_index.csv
SparrKULee,sub-005_ses-shortstories01_task-listeningActive_run-01_desc-preproc-audio-audiobook_6_1_eeg.npy,64,ENVELOPE_64; raw audio rate separately audited,0,833.59375,publisher common prefix consumption; no re-normalization/split,UNKNOWN,UNKNOWN,/home/fanyu/auditory_simulation_m6a/pub_01/s06/sparrkulee_virtual_20260919_v4/cleaning_index.csv
SparrKULee,sub-005_ses-shortstories01_task-listeningActive_run-02_desc-preproc-audio-audiobook_6_2_eeg.npy,64,ENVELOPE_64; raw audio rate separately audited,0,833.421875,publisher common prefix consumption; no re-normalization/split,UNKNOWN,UNKNOWN,/home/fanyu/auditory_simulation_m6a/pub_01/s06/sparrkulee_virtual_20260919_v4/cleaning_index.csv
SparrKULee,sub-005_ses-shortstories01_task-listeningActive_run-03_desc-preproc-audio-audiobook_5_1_eeg.npy,64,ENVELOPE_64; raw audio rate separately audited,0,906.109375,publisher common prefix consumption; no re-normalization/split,UNKNOWN,UNKNOWN,/home/fanyu/auditory_simulation_m6a/pub_01/s06/sparrkulee_virtual_20260919_v4/cleaning_index.csv
SparrKULee,sub-005_ses-shortstories01_task-listeningActive_run-04_desc-preproc-audio-audiobook_5_2_eeg.npy,64,ENVELOPE_64; raw audio rate separately audited,0,909.671875,publisher common prefix consumption; no re-normalization/split,UNKNOWN,UNKNOWN,/home/fanyu/auditory_simulation_m6a/pub_01/s06/sparrkulee_virtual_20260919_v4/cleaning_index.csv
SparrKULee,sub-005_ses-shortstories01_task-listeningActive_run-05_desc-preproc-audio-audiobook_5_3_eeg.npy,64,ENVELOPE_64; raw audio rate separately audited,0,952.96875,publisher common prefix consumption; no re-normalization/split,UNKNOWN,UNKNOWN,/home/fanyu/auditory_simulation_m6a/pub_01/s06/sparrkulee_virtual_20260919_v4/cleaning_index.csv
SparrKULee,sub-005_ses-shortstories01_task-listeningActive_run-06_desc-preproc-audio-audiobook_1_eeg.npy,64,ENVELOPE_64; raw audio rate separately audited,0,936.84375,publisher common prefix consumption; no re-normalization/split,UNKNOWN,UNKNOWN,/home/fanyu/auditory_simulation_m6a/pub_01/s06/sparrkulee_virtual_20260919_v4/cleaning_index.csv
SparrKULee,sub-005_ses-shortstories01_task-listeningActive_run-07_desc-preproc-audio-audiobook_2_1_eeg.npy,64,ENVELOPE_64; raw audio rate separately audited,0,790.921875,publisher common prefix consumption; no re-normalization/split,UNKNOWN,UNKNOWN,/home/fanyu/auditory_simulation_m6a/pub_01/s06/sparrkulee_virtual_20260919_v4/cleaning_index.csv
SparrKULee,sub-005_ses-shortstories01_task-listeningActive_run-08_desc-preproc-audio-audiobook_2_2_eeg.npy,64,ENVELOPE_64; raw audio rate separately audited,0,761.671875,publisher common prefix consumption; no re-normalization/split,UNKNOWN,UNKNOWN,/home/fanyu/auditory_simulation_m6a/pub_01/s06/sparrkulee_virtual_20260919_v4/cleaning_index.csv
SparrKULee,sub-005_ses-shortstories01_task-listeningActive_run-10_desc-preproc-audio-audiobook_3_eeg.npy,64,ENVELOPE_64; raw audio rate separately audited,0,962.453125,publisher common prefix consumption; no re-normalization/split,UNKNOWN,UNKNOWN,/home/fanyu/auditory_simulation_m6a/pub_01/s06/sparrkulee_virtual_20260919_v4/cleaning_index.csv
SparrKULee,sub-006_ses-shortstories01_task-listeningActive_run-01_desc-preproc-audio-audiobook_4_eeg.npy,64,ENVELOPE_64; raw audio rate separately audited,0,813.4375,publisher common prefix consumption; no re-normalization/split,UNKNOWN,UNKNOWN,/home/fanyu/auditory_simulation_m6a/pub_01/s06/sparrkulee_virtual_20260919_v4/cleaning_index.csv
SparrKULee,sub-006_ses-shortstories01_task-listeningActive_run-02_desc-preproc-audio-audiobook_1_eeg.npy,64,ENVELOPE_64; raw audio rate separately audited,0,936.84375,publisher common prefix consumption; no re-normalization/split,UNKNOWN,UNKNOWN,/home/fanyu/auditory_simulation_m6a/pub_01/s06/sparrkulee_virtual_20260919_v4/cleaning_index.csv
SparrKULee,sub-006_ses-shortstories01_task-listeningActive_run-03_desc-preproc-audio-audiobook_6_1_eeg.npy,64,ENVELOPE_64; raw audio rate separately audited,0,833.59375,publisher common prefix consumption; no re-normalization/split,UNKNOWN,UNKNOWN,/home/fanyu/auditory_simulation_m6a/pub_01/s06/sparrkulee_virtual_20260919_v4/cleaning_index.csv
SparrKULee,sub-006_ses-shortstories01_task-listeningActive_run-04_desc-preproc-audio-audiobook_6_2_eeg.npy,64,ENVELOPE_64; raw audio rate separately audited,0,833.421875,publisher common prefix consumption; no re-normalization/split,UNKNOWN,UNKNOWN,/home/fanyu/auditory_simulation_m6a/pub_01/s06/sparrkulee_virtual_20260919_v4/cleaning_index.csv
SparrKULee,sub-006_ses-shortstories01_task-listeningActive_run-05_desc-preproc-audio-audiobook_5_1_eeg.npy,64,ENVELOPE_64; raw audio rate separately audited,0,906.109375,publisher common prefix consumption; no re-normalization/split,UNKNOWN,UNKNOWN,/home/fanyu/auditory_simulation_m6a/pub_01/s06/sparrkulee_virtual_20260919_v4/cleaning_index.csv
SparrKULee,sub-006_ses-shortstories01_task-listeningActive_run-07_desc-preproc-audio-audiobook_5_3_eeg.npy,64,ENVELOPE_64; raw audio rate separately audited,0,952.96875,publisher common prefix consumption; no re-normalization/split,UNKNOWN,UNKNOWN,/home/fanyu/auditory_simulation_m6a/pub_01/s06/sparrkulee_virtual_20260919_v4/cleaning_index.csv
SparrKULee,sub-006_ses-shortstories01_task-listeningActive_run-08_desc-preproc-audio-audiobook_3_eeg.npy,64,ENVELOPE_64; raw audio rate separately audited,0,962.453125,publisher common prefix consumption; no re-normalization/split,UNKNOWN,UNKNOWN,/home/fanyu/auditory_simulation_m6a/pub_01/s06/sparrkulee_virtual_20260919_v4/cleaning_index.csv
SparrKULee,sub-006_ses-shortstories01_task-listeningActive_run-09_desc-preproc-audio-audiobook_2_1_eeg.npy,64,ENVELOPE_64; raw audio rate separately audited,0,790.921875,publisher common prefix consumption; no re-normalization/split,UNKNOWN,UNKNOWN,/home/fanyu/auditory_simulation_m6a/pub_01/s06/sparrkulee_virtual_20260919_v4/cleaning_index.csv
SparrKULee,sub-006_ses-shortstories01_task-listeningActive_run-10_desc-preproc-audio-audiobook_2_2_eeg.npy,64,ENVELOPE_64; raw audio rate separately audited,0,761.671875,publisher common prefix consumption; no re-normalization/split,UNKNOWN,UNKNOWN,/home/fanyu/auditory_simulation_m6a/pub_01/s06/sparrkulee_virtual_20260919_v4/cleaning_index.csv
SparrKULee,sub-007_ses-shortstories01_task-listeningActive_run-01_desc-preproc-audio-audiobook_5_1_eeg.npy,64,ENVELOPE_64; raw audio rate separately audited,0,906.109375,publisher common prefix consumption; no re-normalization/split,UNKNOWN,UNKNOWN,/home/fanyu/auditory_simulation_m6a/pub_01/s06/sparrkulee_virtual_20260919_v4/cleaning_index.csv
SparrKULee,sub-007_ses-shortstories01_task-listeningActive_run-02_desc-preproc-audio-audiobook_5_2_eeg.npy,64,ENVELOPE_64; raw audio rate separately audited,0,909.671875,publisher common prefix consumption; no re-normalization/split,UNKNOWN,UNKNOWN,/home/fanyu/auditory_simulation_m6a/pub_01/s06/sparrkulee_virtual_20260919_v4/cleaning_index.csv
SparrKULee,sub-007_ses-shortstories01_task-listeningActive_run-03_desc-preproc-audio-audiobook_5_3_eeg.npy,64,ENVELOPE_64; raw audio rate separately audited,0,952.96875,publisher common prefix consumption; no re-normalization/split,UNKNOWN,UNKNOWN,/home/fanyu/auditory_simulation_m6a/pub_01/s06/sparrkulee_virtual_20260919_v4/cleaning_index.csv
SparrKULee,sub-007_ses-shortstories01_task-listeningActive_run-04_desc-preproc-audio-audiobook_1_eeg.npy,64,ENVELOPE_64; raw audio rate separately audited,0,936.84375,publisher common prefix consumption; no re-normalization/split,UNKNOWN,UNKNOWN,/home/fanyu/auditory_simulation_m6a/pub_01/s06/sparrkulee_virtual_20260919_v4/cleaning_index.csv
SparrKULee,sub-007_ses-shortstories01_task-listeningActive_run-05_desc-preproc-audio-audiobook_6_1_eeg.npy,64,ENVELOPE_64; raw audio rate separately audited,0,833.59375,publisher common prefix consumption; no re-normalization/split,UNKNOWN,UNKNOWN,/home/fanyu/auditory_simulation_m6a/pub_01/s06/sparrkulee_virtual_20260919_v4/cleaning_index.csv
SparrKULee,sub-007_ses-shortstories01_task-listeningActive_run-06_desc-preproc-audio-audiobook_6_2_eeg.npy,64,ENVELOPE_64; raw audio rate separately audited,0,833.421875,publisher common prefix consumption; no re-normalization/split,UNKNOWN,UNKNOWN,/home/fanyu/auditory_simulation_m6a/pub_01/s06/sparrkulee_virtual_20260919_v4/cleaning_index.csv
SparrKULee,sub-007_ses-shortstories01_task-listeningActive_run-07_desc-preproc-audio-audiobook_3_eeg.npy,64,ENVELOPE_64; raw audio rate separately audited,0,962.453125,publisher common prefix consumption; no re-normalization/split,UNKNOWN,UNKNOWN,/home/fanyu/auditory_simulation_m6a/pub_01/s06/sparrkulee_virtual_20260919_v4/cleaning_index.csv
SparrKULee,sub-007_ses-shortstories01_task-listeningActive_run-08_desc-preproc-audio-audiobook_4_eeg.npy,64,ENVELOPE_64; raw audio rate separately audited,0,813.4375,publisher common prefix consumption; no re-normalization/split,UNKNOWN,UNKNOWN,/home/fanyu/auditory_simulation_m6a/pub_01/s06/sparrkulee_virtual_20260919_v4/cleaning_index.csv
SparrKULee,sub-007_ses-shortstories01_task-listeningActive_run-09_desc-preproc-audio-audiobook_2_1_eeg.npy,64,ENVELOPE_64; raw audio rate separately audited,0,790.921875,publisher common prefix consumption; no re-normalization/split,UNKNOWN,UNKNOWN,/home/fanyu/auditory_simulation_m6a/pub_01/s06/sparrkulee_virtual_20260919_v4/cleaning_index.csv
SparrKULee,sub-007_ses-shortstories01_task-listeningActive_run-10_desc-preproc-audio-audiobook_2_2_eeg.npy,64,ENVELOPE_64; raw audio rate separately audited,0,761.671875,publisher common prefix consumption; no re-normalization/split,UNKNOWN,UNKNOWN,/home/fanyu/auditory_simulation_m6a/pub_01/s06/sparrkulee_virtual_20260919_v4/cleaning_index.csv
SparrKULee,sub-008_ses-shortstories01_task-listeningActive_run-01_desc-preproc-audio-audiobook_3_eeg.npy,64,ENVELOPE_64; raw audio rate separately audited,0,962.453125,publisher common prefix consumption; no re-normalization/split,UNKNOWN,UNKNOWN,/home/fanyu/auditory_simulation_m6a/pub_01/s06/sparrkulee_virtual_20260919_v4/cleaning_index.csv
SparrKULee,sub-008_ses-shortstories01_task-listeningActive_run-02_desc-preproc-audio-audiobook_6_1_eeg.npy,64,ENVELOPE_64; raw audio rate separately audited,0,833.59375,publisher common prefix consumption; no re-normalization/split,UNKNOWN,UNKNOWN,/home/fanyu/auditory_simulation_m6a/pub_01/s06/sparrkulee_virtual_20260919_v4/cleaning_index.csv
SparrKULee,sub-008_ses-shortstories01_task-listeningActive_run-03_desc-preproc-audio-audiobook_6_2_eeg.npy,64,ENVELOPE_64; raw audio rate separately audited,0,833.421875,publisher common prefix consumption; no re-normalization/split,UNKNOWN,UNKNOWN,/home/fanyu/auditory_simulation_m6a/pub_01/s06/sparrkulee_virtual_20260919_v4/cleaning_index.csv
SparrKULee,sub-008_ses-shortstories01_task-listeningActive_run-04_desc-preproc-audio-audiobook_1_eeg.npy,64,ENVELOPE_64; raw audio rate separately audited,0,936.84375,publisher common prefix consumption; no re-normalization/split,UNKNOWN,UNKNOWN,/home/fanyu/auditory_simulation_m6a/pub_01/s06/sparrkulee_virtual_20260919_v4/cleaning_index.csv
SparrKULee,sub-008_ses-shortstories01_task-listeningActive_run-05_desc-preproc-audio-audiobook_4_eeg.npy,64,ENVELOPE_64; raw audio rate separately audited,0,813.4375,publisher common prefix consumption; no re-normalization/split,UNKNOWN,UNKNOWN,/home/fanyu/auditory_simulation_m6a/pub_01/s06/sparrkulee_virtual_20260919_v4/cleaning_index.csv
SparrKULee,sub-008_ses-shortstories01_task-listeningActive_run-06_desc-preproc-audio-audiobook_5_1_eeg.npy,64,ENVELOPE_64; raw audio rate separately audited,0,906.109375,publisher common prefix consumption; no re-normalization/split,UNKNOWN,UNKNOWN,/home/fanyu/auditory_simulation_m6a/pub_01/s06/sparrkulee_virtual_20260919_v4/cleaning_index.csv
SparrKULee,sub-008_ses-shortstories01_task-listeningActive_run-07_desc-preproc-audio-audiobook_5_2_eeg.npy,64,ENVELOPE_64; raw audio rate separately audited,0,909.671875,publisher common prefix consumption; no re-normalization/split,UNKNOWN,UNKNOWN,/home/fanyu/auditory_simulation_m6a/pub_01/s06/sparrkulee_virtual_20260919_v4/cleaning_index.csv
SparrKULee,sub-008_ses-shortstories01_task-listeningActive_run-08_desc-preproc-audio-audiobook_5_3_eeg.npy,64,ENVELOPE_64; raw audio rate separately audited,0,952.96875,publisher common prefix consumption; no re-normalization/split,UNKNOWN,UNKNOWN,/home/fanyu/auditory_simulation_m6a/pub_01/s06/sparrkulee_virtual_20260919_v4/cleaning_index.csv
SparrKULee,sub-008_ses-shortstories01_task-listeningActive_run-09_desc-preproc-audio-audiobook_2_1_eeg.npy,64,ENVELOPE_64; raw audio rate separately audited,0,790.921875,publisher common prefix consumption; no re-normalization/split,UNKNOWN,UNKNOWN,/home/fanyu/auditory_simulation_m6a/pub_01/s06/sparrkulee_virtual_20260919_v4/cleaning_index.csv
SparrKULee,sub-008_ses-shortstories01_task-listeningActive_run-10_desc-preproc-audio-audiobook_2_2_eeg.npy,64,ENVELOPE_64; raw audio rate separately audited,0,761.671875,publisher common prefix consumption; no re-normalization/split,UNKNOWN,UNKNOWN,/home/fanyu/auditory_simulation_m6a/pub_01/s06/sparrkulee_virtual_20260919_v4/cleaning_index.csv
SparrKULee,sub-009_ses-shortstories01_task-listeningActive_run-01_desc-preproc-audio-audiobook_1_eeg.npy,64,ENVELOPE_64; raw audio rate separately audited,0,936.84375,publisher common prefix consumption; no re-normalization/split,UNKNOWN,UNKNOWN,/home/fanyu/auditory_simulation_m6a/pub_01/s06/sparrkulee_virtual_20260919_v4/cleaning_index.csv
SparrKULee,sub-009_ses-shortstories01_task-listeningActive_run-02_desc-preproc-audio-audiobook_3_eeg.npy,64,ENVELOPE_64; raw audio rate separately audited,0,962.453125,publisher common prefix consumption; no re-normalization/split,UNKNOWN,UNKNOWN,/home/fanyu/auditory_simulation_m6a/pub_01/s06/sparrkulee_virtual_20260919_v4/cleaning_index.csv
SparrKULee,sub-009_ses-shortstories01_task-listeningActive_run-03_desc-preproc-audio-audiobook_6_1_eeg.npy,64,ENVELOPE_64; raw audio rate separately audited,0,833.59375,publisher common prefix consumption; no re-normalization/split,UNKNOWN,UNKNOWN,/home/fanyu/auditory_simulation_m6a/pub_01/s06/sparrkulee_virtual_20260919_v4/cleaning_index.csv
SparrKULee,sub-009_ses-shortstories01_task-listeningActive_run-04_desc-preproc-audio-audiobook_6_2_eeg.npy,64,ENVELOPE_64; raw audio rate separately audited,0,833.421875,publisher common prefix consumption; no re-normalization/split,UNKNOWN,UNKNOWN,/home/fanyu/auditory_simulation_m6a/pub_01/s06/sparrkulee_virtual_20260919_v4/cleaning_index.csv
SparrKULee,sub-009_ses-shortstories01_task-listeningActive_run-05_desc-preproc-audio-audiobook_4_eeg.npy,64,ENVELOPE_64; raw audio rate separately audited,0,813.4375,publisher common prefix consumption; no re-normalization/split,UNKNOWN,UNKNOWN,/home/fanyu/auditory_simulation_m6a/pub_01/s06/sparrkulee_virtual_20260919_v4/cleaning_index.csv
SparrKULee,sub-009_ses-shortstories01_task-listeningActive_run-06_desc-preproc-audio-audiobook_2_1_eeg.npy,64,ENVELOPE_64; raw audio rate separately audited,0,790.921875,publisher common prefix consumption; no re-normalization/split,UNKNOWN,UNKNOWN,/home/fanyu/auditory_simulation_m6a/pub_01/s06/sparrkulee_virtual_20260919_v4/cleaning_index.csv
SparrKULee,sub-009_ses-shortstories01_task-listeningActive_run-07_desc-preproc-audio-audiobook_2_2_eeg.npy,64,ENVELOPE_64; raw audio rate separately audited,0,761.671875,publisher common prefix consumption; no re-normalization/split,UNKNOWN,UNKNOWN,/home/fanyu/auditory_simulation_m6a/pub_01/s06/sparrkulee_virtual_20260919_v4/cleaning_index.csv
SparrKULee,sub-009_ses-shortstories01_task-listeningActive_run-08_desc-preproc-audio-audiobook_5_1_eeg.npy,64,ENVELOPE_64; raw audio rate separately audited,0,906.109375,publisher common prefix consumption; no re-normalization/split,UNKNOWN,UNKNOWN,/home/fanyu/auditory_simulation_m6a/pub_01/s06/sparrkulee_virtual_20260919_v4/cleaning_index.csv
SparrKULee,sub-009_ses-shortstories01_task-listeningActive_run-09_desc-preproc-audio-audiobook_5_2_eeg.npy,64,ENVELOPE_64; raw audio rate separately audited,0,909.671875,publisher common prefix consumption; no re-normalization/split,UNKNOWN,UNKNOWN,/home/fanyu/auditory_simulation_m6a/pub_01/s06/sparrkulee_virtual_20260919_v4/cleaning_index.csv
SparrKULee,sub-009_ses-shortstories01_task-listeningActive_run-10_desc-preproc-audio-audiobook_5_3_eeg.npy,64,ENVELOPE_64; raw audio rate separately audited,0,952.96875,publisher common prefix consumption; no re-normalization/split,UNKNOWN,UNKNOWN,/home/fanyu/auditory_simulation_m6a/pub_01/s06/sparrkulee_virtual_20260919_v4/cleaning_index.csv
SparrKULee,sub-010_ses-shortstories01_task-listeningActive_run-01_desc-preproc-audio-audiobook_2_1_eeg.npy,64,ENVELOPE_64; raw audio rate separately audited,0,790.921875,publisher common prefix consumption; no re-normalization/split,UNKNOWN,UNKNOWN,/home/fanyu/auditory_simulation_m6a/pub_01/s06/sparrkulee_virtual_20260919_v4/cleaning_index.csv
SparrKULee,sub-010_ses-shortstories01_task-listeningActive_run-02_desc-preproc-audio-audiobook_2_2_eeg.npy,64,ENVELOPE_64; raw audio rate separately audited,0,761.671875,publisher common prefix consumption; no re-normalization/split,UNKNOWN,UNKNOWN,/home/fanyu/auditory_simulation_m6a/pub_01/s06/sparrkulee_virtual_20260919_v4/cleaning_index.csv
SparrKULee,sub-010_ses-shortstories01_task-listeningActive_run-03_desc-preproc-audio-audiobook_6_1_eeg.npy,64,ENVELOPE_64; raw audio rate separately audited,0,833.59375,publisher common prefix consumption; no re-normalization/split,UNKNOWN,UNKNOWN,/home/fanyu/auditory_simulation_m6a/pub_01/s06/sparrkulee_virtual_20260919_v4/cleaning_index.csv
SparrKULee,sub-010_ses-shortstories01_task-listeningActive_run-04_desc-preproc-audio-audiobook_6_2_eeg.npy,64,ENVELOPE_64; raw audio rate separately audited,0,833.421875,publisher common prefix consumption; no re-normalization/split,UNKNOWN,UNKNOWN,/home/fanyu/auditory_simulation_m6a/pub_01/s06/sparrkulee_virtual_20260919_v4/cleaning_index.csv
SparrKULee,sub-010_ses-shortstories01_task-listeningActive_run-05_desc-preproc-audio-audiobook_5_1_eeg.npy,64,ENVELOPE_64; raw audio rate separately audited,0,906.109375,publisher common prefix consumption; no re-normalization/split,UNKNOWN,UNKNOWN,/home/fanyu/auditory_simulation_m6a/pub_01/s06/sparrkulee_virtual_20260919_v4/cleaning_index.csv
SparrKULee,sub-010_ses-shortstories01_task-listeningActive_run-06_desc-preproc-audio-audiobook_5_2_eeg.npy,64,ENVELOPE_64; raw audio rate separately audited,0,909.671875,publisher common prefix consumption; no re-normalization/split,UNKNOWN,UNKNOWN,/home/fanyu/auditory_simulation_m6a/pub_01/s06/sparrkulee_virtual_20260919_v4/cleaning_index.csv
SparrKULee,sub-010_ses-shortstories01_task-listeningActive_run-07_desc-preproc-audio-audiobook_5_3_eeg.npy,64,ENVELOPE_64; raw audio rate separately audited,0,952.96875,publisher common prefix consumption; no re-normalization/split,UNKNOWN,UNKNOWN,/home/fanyu/auditory_simulation_m6a/pub_01/s06/sparrkulee_virtual_20260919_v4/cleaning_index.csv
SparrKULee,sub-010_ses-shortstories01_task-listeningActive_run-08_desc-preproc-audio-audiobook_1_eeg.npy,64,ENVELOPE_64; raw audio rate separately audited,0,936.84375,publisher common prefix consumption; no re-normalization/split,UNKNOWN,UNKNOWN,/home/fanyu/auditory_simulation_m6a/pub_01/s06/sparrkulee_virtual_20260919_v4/cleaning_index.csv
SparrKULee,sub-010_ses-shortstories01_task-listeningActive_run-09_desc-preproc-audio-audiobook_4_eeg.npy,64,ENVELOPE_64; raw audio rate separately audited,0,813.4375,publisher common prefix consumption; no re-normalization/split,UNKNOWN,UNKNOWN,/home/fanyu/auditory_simulation_m6a/pub_01/s06/sparrkulee_virtual_20260919_v4/cleaning_index.csv
SparrKULee,sub-010_ses-shortstories01_task-listeningActive_run-10_desc-preproc-audio-audiobook_3_eeg.npy,64,ENVELOPE_64; raw audio rate separately audited,0,962.453125,publisher common prefix consumption; no re-normalization/split,UNKNOWN,UNKNOWN,/home/fanyu/auditory_simulation_m6a/pub_01/s06/sparrkulee_virtual_20260919_v4/cleaning_index.csv
SparrKULee,sub-011_ses-shortstories01_task-listeningActive_run-01_desc-preproc-audio-audiobook_2_1_eeg.npy,64,ENVELOPE_64; raw audio rate separately audited,0,790.921875,publisher common prefix consumption; no re-normalization/split,UNKNOWN,UNKNOWN,/home/fanyu/auditory_simulation_m6a/pub_01/s06/sparrkulee_virtual_20260919_v4/cleaning_index.csv
SparrKULee,sub-011_ses-shortstories01_task-listeningActive_run-02_desc-preproc-audio-audiobook_2_2_eeg.npy,64,ENVELOPE_64; raw audio rate separately audited,0,761.671875,publisher common prefix consumption; no re-normalization/split,UNKNOWN,UNKNOWN,/home/fanyu/auditory_simulation_m6a/pub_01/s06/sparrkulee_virtual_20260919_v4/cleaning_index.csv
SparrKULee,sub-011_ses-shortstories01_task-listeningActive_run-03_desc-preproc-audio-audiobook_4_eeg.npy,64,ENVELOPE_64; raw audio rate separately audited,0,813.4375,publisher common prefix consumption; no re-normalization/split,UNKNOWN,UNKNOWN,/home/fanyu/auditory_simulation_m6a/pub_01/s06/sparrkulee_virtual_20260919_v4/cleaning_index.csv
SparrKULee,sub-011_ses-shortstories01_task-listeningActive_run-04_desc-preproc-audio-audiobook_3_eeg.npy,64,ENVELOPE_64; raw audio rate separately audited,0,962.453125,publisher common prefix consumption; no re-normalization/split,UNKNOWN,UNKNOWN,/home/fanyu/auditory_simulation_m6a/pub_01/s06/sparrkulee_virtual_20260919_v4/cleaning_index.csv
SparrKULee,sub-011_ses-shortstories01_task-listeningActive_run-05_desc-preproc-audio-audiobook_1_eeg.npy,64,ENVELOPE_64; raw audio rate separately audited,0,936.84375,publisher common prefix consumption; no re-normalization/split,UNKNOWN,UNKNOWN,/home/fanyu/auditory_simulation_m6a/pub_01/s06/sparrkulee_virtual_20260919_v4/cleaning_index.csv
SparrKULee,sub-011_ses-shortstories01_task-listeningActive_run-06_desc-preproc-audio-audiobook_6_1_eeg.npy,64,ENVELOPE_64; raw audio rate separately audited,0,833.59375,publisher common prefix consumption; no re-normalization/split,UNKNOWN,UNKNOWN,/home/fanyu/auditory_simulation_m6a/pub_01/s06/sparrkulee_virtual_20260919_v4/cleaning_index.csv
SparrKULee,sub-011_ses-shortstories01_task-listeningActive_run-07_desc-preproc-audio-audiobook_6_2_eeg.npy,64,ENVELOPE_64; raw audio rate separately audited,0,833.421875,publisher common prefix consumption; no re-normalization/split,UNKNOWN,UNKNOWN,/home/fanyu/auditory_simulation_m6a/pub_01/s06/sparrkulee_virtual_20260919_v4/cleaning_index.csv
SparrKULee,sub-011_ses-shortstories01_task-listeningActive_run-08_desc-preproc-audio-audiobook_5_1_eeg.npy,64,ENVELOPE_64; raw audio rate separately audited,0,906.109375,publisher common prefix consumption; no re-normalization/split,UNKNOWN,UNKNOWN,/home/fanyu/auditory_simulation_m6a/pub_01/s06/sparrkulee_virtual_20260919_v4/cleaning_index.csv
SparrKULee,sub-011_ses-shortstories01_task-listeningActive_run-09_desc-preproc-audio-audiobook_5_2_eeg.npy,64,ENVELOPE_64; raw audio rate separately audited,0,909.671875,publisher common prefix consumption; no re-normalization/split,UNKNOWN,UNKNOWN,/home/fanyu/auditory_simulation_m6a/pub_01/s06/sparrkulee_virtual_20260919_v4/cleaning_index.csv
SparrKULee,sub-011_ses-shortstories01_task-listeningActive_run-10_desc-preproc-audio-audiobook_5_3_eeg.npy,64,ENVELOPE_64; raw audio rate separately audited,0,952.96875,publisher common prefix consumption; no re-normalization/split,UNKNOWN,UNKNOWN,/home/fanyu/auditory_simulation_m6a/pub_01/s06/sparrkulee_virtual_20260919_v4/cleaning_index.csv
SparrKULee,sub-012_ses-shortstories01_task-listeningActive_run-01_desc-preproc-audio-audiobook_6_1_eeg.npy,64,ENVELOPE_64; raw audio rate separately audited,0,833.59375,publisher common prefix consumption; no re-normalization/split,UNKNOWN,UNKNOWN,/home/fanyu/auditory_simulation_m6a/pub_01/s06/sparrkulee_virtual_20260919_v4/cleaning_index.csv
SparrKULee,sub-012_ses-shortstories01_task-listeningActive_run-02_desc-preproc-audio-audiobook_6_2_eeg.npy,64,ENVELOPE_64; raw audio rate separately audited,0,833.421875,publisher common prefix consumption; no re-normalization/split,UNKNOWN,UNKNOWN,/home/fanyu/auditory_simulation_m6a/pub_01/s06/sparrkulee_virtual_20260919_v4/cleaning_index.csv
SparrKULee,sub-012_ses-shortstories01_task-listeningActive_run-03_desc-preproc-audio-audiobook_4_eeg.npy,64,ENVELOPE_64; raw audio rate separately audited,0,813.4375,publisher common prefix consumption; no re-normalization/split,UNKNOWN,UNKNOWN,/home/fanyu/auditory_simulation_m6a/pub_01/s06/sparrkulee_virtual_20260919_v4/cleaning_index.csv
SparrKULee,sub-012_ses-shortstories01_task-listeningActive_run-04_desc-preproc-audio-audiobook_1_eeg.npy,64,ENVELOPE_64; raw audio rate separately audited,0,936.84375,publisher common prefix consumption; no re-normalization/split,UNKNOWN,UNKNOWN,/home/fanyu/auditory_simulation_m6a/pub_01/s06/sparrkulee_virtual_20260919_v4/cleaning_index.csv
SparrKULee,sub-012_ses-shortstories01_task-listeningActive_run-05_desc-preproc-audio-audiobook_2_1_eeg.npy,64,ENVELOPE_64; raw audio rate separately audited,0,790.921875,publisher common prefix consumption; no re-normalization/split,UNKNOWN,UNKNOWN,/home/fanyu/auditory_simulation_m6a/pub_01/s06/sparrkulee_virtual_20260919_v4/cleaning_index.csv
SparrKULee,sub-012_ses-shortstories01_task-listeningActive_run-06_desc-preproc-audio-audiobook_2_2_eeg.npy,64,ENVELOPE_64; raw audio rate separately audited,0,761.671875,publisher common prefix consumption; no re-normalization/split,UNKNOWN,UNKNOWN,/home/fanyu/auditory_simulation_m6a/pub_01/s06/sparrkulee_virtual_20260919_v4/cleaning_index.csv
SparrKULee,sub-012_ses-shortstories01_task-listeningActive_run-07_desc-preproc-audio-audiobook_5_1_eeg.npy,64,ENVELOPE_64; raw audio rate separately audited,0,906.109375,publisher common prefix consumption; no re-normalization/split,UNKNOWN,UNKNOWN,/home/fanyu/auditory_simulation_m6a/pub_01/s06/sparrkulee_virtual_20260919_v4/cleaning_index.csv
SparrKULee,sub-012_ses-shortstories01_task-listeningActive_run-08_desc-preproc-audio-audiobook_5_2_eeg.npy,64,ENVELOPE_64; raw audio rate separately audited,0,909.671875,publisher common prefix consumption; no re-normalization/split,UNKNOWN,UNKNOWN,/home/fanyu/auditory_simulation_m6a/pub_01/s06/sparrkulee_virtual_20260919_v4/cleaning_index.csv
SparrKULee,sub-012_ses-shortstories01_task-listeningActive_run-09_desc-preproc-audio-audiobook_5_3_eeg.npy,64,ENVELOPE_64; raw audio rate separately audited,0,952.96875,publisher common prefix consumption; no re-normalization/split,UNKNOWN,UNKNOWN,/home/fanyu/auditory_simulation_m6a/pub_01/s06/sparrkulee_virtual_20260919_v4/cleaning_index.csv
SparrKULee,sub-012_ses-shortstories01_task-listeningActive_run-10_desc-preproc-audio-audiobook_3_eeg.npy,64,ENVELOPE_64; raw audio rate separately audited,0,962.453125,publisher common prefix consumption; no re-normalization/split,UNKNOWN,UNKNOWN,/home/fanyu/auditory_simulation_m6a/pub_01/s06/sparrkulee_virtual_20260919_v4/cleaning_index.csv
SparrKULee,sub-013_ses-shortstories01_task-listeningActive_run-01_desc-preproc-audio-audiobook_3_eeg.npy,64,ENVELOPE_64; raw audio rate separately audited,0,962.453125,publisher common prefix consumption; no re-normalization/split,UNKNOWN,UNKNOWN,/home/fanyu/auditory_simulation_m6a/pub_01/s06/sparrkulee_virtual_20260919_v4/cleaning_index.csv
SparrKULee,sub-013_ses-shortstories01_task-listeningActive_run-02_desc-preproc-audio-audiobook_4_eeg.npy,64,ENVELOPE_64; raw audio rate separately audited,0,813.4375,publisher common prefix consumption; no re-normalization/split,UNKNOWN,UNKNOWN,/home/fanyu/auditory_simulation_m6a/pub_01/s06/sparrkulee_virtual_20260919_v4/cleaning_index.csv
SparrKULee,sub-013_ses-shortstories01_task-listeningActive_run-03_desc-preproc-audio-audiobook_1_eeg.npy,64,ENVELOPE_64; raw audio rate separately audited,0,936.84375,publisher common prefix consumption; no re-normalization/split,UNKNOWN,UNKNOWN,/home/fanyu/auditory_simulation_m6a/pub_01/s06/sparrkulee_virtual_20260919_v4/cleaning_index.csv
SparrKULee,sub-013_ses-shortstories01_task-listeningActive_run-04_desc-preproc-audio-audiobook_2_1_eeg.npy,64,ENVELOPE_64; raw audio rate separately audited,0,790.921875,publisher common prefix consumption; no re-normalization/split,UNKNOWN,UNKNOWN,/home/fanyu/auditory_simulation_m6a/pub_01/s06/sparrkulee_virtual_20260919_v4/cleaning_index.csv
SparrKULee,sub-013_ses-shortstories01_task-listeningActive_run-05_desc-preproc-audio-audiobook_2_2_eeg.npy,64,ENVELOPE_64; raw audio rate separately audited,0,761.671875,publisher common prefix consumption; no re-normalization/split,UNKNOWN,UNKNOWN,/home/fanyu/auditory_simulation_m6a/pub_01/s06/sparrkulee_virtual_20260919_v4/cleaning_index.csv
SparrKULee,sub-013_ses-shortstories01_task-listeningActive_run-06_desc-preproc-audio-audiobook_5_1_eeg.npy,64,ENVELOPE_64; raw audio rate separately audited,0,906.109375,publisher common prefix consumption; no re-normalization/split,UNKNOWN,UNKNOWN,/home/fanyu/auditory_simulation_m6a/pub_01/s06/sparrkulee_virtual_20260919_v4/cleaning_index.csv
SparrKULee,sub-013_ses-shortstories01_task-listeningActive_run-07_desc-preproc-audio-audiobook_5_2_eeg.npy,64,ENVELOPE_64; raw audio rate separately audited,0,909.671875,publisher common prefix consumption; no re-normalization/split,UNKNOWN,UNKNOWN,/home/fanyu/auditory_simulation_m6a/pub_01/s06/sparrkulee_virtual_20260919_v4/cleaning_index.csv
SparrKULee,sub-013_ses-shortstories01_task-listeningActive_run-08_desc-preproc-audio-audiobook_5_3_eeg.npy,64,ENVELOPE_64; raw audio rate separately audited,0,952.96875,publisher common prefix consumption; no re-normalization/split,UNKNOWN,UNKNOWN,/home/fanyu/auditory_simulation_m6a/pub_01/s06/sparrkulee_virtual_20260919_v4/cleaning_index.csv
SparrKULee,sub-013_ses-shortstories01_task-listeningActive_run-09_desc-preproc-audio-audiobook_6_1_eeg.npy,64,ENVELOPE_64; raw audio rate separately audited,0,833.59375,publisher common prefix consumption; no re-normalization/split,UNKNOWN,UNKNOWN,/home/fanyu/auditory_simulation_m6a/pub_01/s06/sparrkulee_virtual_20260919_v4/cleaning_index.csv
SparrKULee,sub-013_ses-shortstories01_task-listeningActive_run-10_desc-preproc-audio-audiobook_6_2_eeg.npy,64,ENVELOPE_64; raw audio rate separately audited,0,833.421875,publisher common prefix consumption; no re-normalization/split,UNKNOWN,UNKNOWN,/home/fanyu/auditory_simulation_m6a/pub_01/s06/sparrkulee_virtual_20260919_v4/cleaning_index.csv
SparrKULee,sub-014_ses-shortstories01_task-listeningActive_run-01_desc-preproc-audio-audiobook_1_1_eeg.npy,64,ENVELOPE_64; raw audio rate separately audited,0,457.421875,publisher common prefix consumption; no re-normalization/split,UNKNOWN,UNKNOWN,/home/fanyu/auditory_simulation_m6a/pub_01/s06/sparrkulee_virtual_20260919_v4/cleaning_index.csv
SparrKULee,sub-014_ses-shortstories01_task-listeningActive_run-02_desc-preproc-audio-audiobook_1_2_shifted_eeg.npy,64,ENVELOPE_64; raw audio rate separately audited,0,418.6875,publisher common prefix consumption; no re-normalization/split,UNKNOWN,UNKNOWN,/home/fanyu/auditory_simulation_m6a/pub_01/s06/sparrkulee_virtual_20260919_v4/cleaning_index.csv
SparrKULee,sub-014_ses-shortstories01_task-listeningActive_run-03_desc-preproc-audio-audiobook_4_eeg.npy,64,ENVELOPE_64; raw audio rate separately audited,0,813.4375,publisher common prefix consumption; no re-normalization/split,UNKNOWN,UNKNOWN,/home/fanyu/auditory_simulation_m6a/pub_01/s06/sparrkulee_virtual_20260919_v4/cleaning_index.csv
SparrKULee,sub-014_ses-shortstories01_task-listeningActive_run-04_desc-preproc-audio-audiobook_2_1_eeg.npy,64,ENVELOPE_64; raw audio rate separately audited,0,790.921875,publisher common prefix consumption; no re-normalization/split,UNKNOWN,UNKNOWN,/home/fanyu/auditory_simulation_m6a/pub_01/s06/sparrkulee_virtual_20260919_v4/cleaning_index.csv
SparrKULee,sub-014_ses-shortstories01_task-listeningActive_run-05_desc-preproc-audio-audiobook_2_2_eeg.npy,64,ENVELOPE_64; raw audio rate separately audited,0,761.671875,publisher common prefix consumption; no re-normalization/split,UNKNOWN,UNKNOWN,/home/fanyu/auditory_simulation_m6a/pub_01/s06/sparrkulee_virtual_20260919_v4/cleaning_index.csv
SparrKULee,sub-014_ses-shortstories01_task-listeningActive_run-06_desc-preproc-audio-audiobook_5_1_eeg.npy,64,ENVELOPE_64; raw audio rate separately audited,0,906.109375,publisher common prefix consumption; no re-normalization/split,UNKNOWN,UNKNOWN,/home/fanyu/auditory_simulation_m6a/pub_01/s06/sparrkulee_virtual_20260919_v4/cleaning_index.csv
SparrKULee,sub-014_ses-shortstories01_task-listeningActive_run-07_desc-preproc-audio-audiobook_5_2_eeg.npy,64,ENVELOPE_64; raw audio rate separately audited,0,909.671875,publisher common prefix consumption; no re-normalization/split,UNKNOWN,UNKNOWN,/home/fanyu/auditory_simulation_m6a/pub_01/s06/sparrkulee_virtual_20260919_v4/cleaning_index.csv
SparrKULee,sub-014_ses-shortstories01_task-listeningActive_run-08_desc-preproc-audio-audiobook_5_3_eeg.npy,64,ENVELOPE_64; raw audio rate separately audited,0,952.96875,publisher common prefix consumption; no re-normalization/split,UNKNOWN,UNKNOWN,/home/fanyu/auditory_simulation_m6a/pub_01/s06/sparrkulee_virtual_20260919_v4/cleaning_index.csv
SparrKULee,sub-014_ses-shortstories01_task-listeningActive_run-09_desc-preproc-audio-audiobook_3_eeg.npy,64,ENVELOPE_64; raw audio rate separately audited,0,962.453125,publisher common prefix consumption; no re-normalization/split,UNKNOWN,UNKNOWN,/home/fanyu/auditory_simulation_m6a/pub_01/s06/sparrkulee_virtual_20260919_v4/cleaning_index.csv
SparrKULee,sub-014_ses-shortstories01_task-listeningActive_run-10_desc-preproc-audio-audiobook_6_1_eeg.npy,64,ENVELOPE_64; raw audio rate separately audited,0,833.59375,publisher common prefix consumption; no re-normalization/split,UNKNOWN,UNKNOWN,/home/fanyu/auditory_simulation_m6a/pub_01/s06/sparrkulee_virtual_20260919_v4/cleaning_index.csv
SparrKULee,sub-014_ses-shortstories01_task-listeningActive_run-11_desc-preproc-audio-audiobook_6_2_eeg.npy,64,ENVELOPE_64; raw audio rate separately audited,0,833.421875,publisher common prefix consumption; no re-normalization/split,UNKNOWN,UNKNOWN,/home/fanyu/auditory_simulation_m6a/pub_01/s06/sparrkulee_virtual_20260919_v4/cleaning_index.csv
SparrKULee,sub-015_ses-shortstories01_task-listeningActive_run-01_desc-preproc-audio-audiobook_2_1_eeg.npy,64,ENVELOPE_64; raw audio rate separately audited,0,790.921875,publisher common prefix consumption; no re-normalization/split,UNKNOWN,UNKNOWN,/home/fanyu/auditory_simulation_m6a/pub_01/s06/sparrkulee_virtual_20260919_v4/cleaning_index.csv
SparrKULee,sub-015_ses-shortstories01_task-listeningActive_run-02_desc-preproc-audio-audiobook_2_2_eeg.npy,64,ENVELOPE_64; raw audio rate separately audited,0,761.671875,publisher common prefix consumption; no re-normalization/split,UNKNOWN,UNKNOWN,/home/fanyu/auditory_simulation_m6a/pub_01/s06/sparrkulee_virtual_20260919_v4/cleaning_index.csv
SparrKULee,sub-015_ses-shortstories01_task-listeningActive_run-03_desc-preproc-audio-audiobook_6_1_eeg.npy,64,ENVELOPE_64; raw audio rate separately audited,0,833.59375,publisher common prefix consumption; no re-normalization/split,UNKNOWN,UNKNOWN,/home/fanyu/auditory_simulation_m6a/pub_01/s06/sparrkulee_virtual_20260919_v4/cleaning_index.csv
SparrKULee,sub-015_ses-shortstories01_task-listeningActive_run-04_desc-preproc-audio-audiobook_6_2_eeg.npy,64,ENVELOPE_64; raw audio rate separately audited,0,833.421875,publisher common prefix consumption; no re-normalization/split,UNKNOWN,UNKNOWN,/home/fanyu/auditory_simulation_m6a/pub_01/s06/sparrkulee_virtual_20260919_v4/cleaning_index.csv
SparrKULee,sub-015_ses-shortstories01_task-listeningActive_run-05_desc-preproc-audio-audiobook_1_eeg.npy,64,ENVELOPE_64; raw audio rate separately audited,0,936.84375,publisher common prefix consumption; no re-normalization/split,UNKNOWN,UNKNOWN,/home/fanyu/auditory_simulation_m6a/pub_01/s06/sparrkulee_virtual_20260919_v4/cleaning_index.csv
SparrKULee,sub-015_ses-shortstories01_task-listeningActive_run-06_desc-preproc-audio-audiobook_4_eeg.npy,64,ENVELOPE_64; raw audio rate separately audited,0,813.4375,publisher common prefix consumption; no re-normalization/split,UNKNOWN,UNKNOWN,/home/fanyu/auditory_simulation_m6a/pub_01/s06/sparrkulee_virtual_20260919_v4/cleaning_index.csv
SparrKULee,sub-015_ses-shortstories01_task-listeningActive_run-07_desc-preproc-audio-audiobook_3_eeg.npy,64,ENVELOPE_64; raw audio rate separately audited,0,962.453125,publisher common prefix consumption; no re-normalization/split,UNKNOWN,UNKNOWN,/home/fanyu/auditory_simulation_m6a/pub_01/s06/sparrkulee_virtual_20260919_v4/cleaning_index.csv
SparrKULee,sub-015_ses-shortstories01_task-listeningActive_run-08_desc-preproc-audio-audiobook_5_1_eeg.npy,64,ENVELOPE_64; raw audio rate separately audited,0,906.109375,publisher common prefix consumption; no re-normalization/split,UNKNOWN,UNKNOWN,/home/fanyu/auditory_simulation_m6a/pub_01/s06/sparrkulee_virtual_20260919_v4/cleaning_index.csv
SparrKULee,sub-015_ses-shortstories01_task-listeningActive_run-09_desc-preproc-audio-audiobook_5_2_eeg.npy,64,ENVELOPE_64; raw audio rate separately audited,0,909.671875,publisher common prefix consumption; no re-normalization/split,UNKNOWN,UNKNOWN,/home/fanyu/auditory_simulation_m6a/pub_01/s06/sparrkulee_virtual_20260919_v4/cleaning_index.csv
SparrKULee,sub-015_ses-shortstories01_task-listeningActive_run-10_desc-preproc-audio-audiobook_5_3_eeg.npy,64,ENVELOPE_64; raw audio rate separately audited,0,952.96875,publisher common prefix consumption; no re-normalization/split,UNKNOWN,UNKNOWN,/home/fanyu/auditory_simulation_m6a/pub_01/s06/sparrkulee_virtual_20260919_v4/cleaning_index.csv
SparrKULee,sub-016_ses-shortstories01_task-listeningActive_run-01_desc-preproc-audio-audiobook_5_1_eeg.npy,64,ENVELOPE_64; raw audio rate separately audited,0,906.109375,publisher common prefix consumption; no re-normalization/split,UNKNOWN,UNKNOWN,/home/fanyu/auditory_simulation_m6a/pub_01/s06/sparrkulee_virtual_20260919_v4/cleaning_index.csv
SparrKULee,sub-016_ses-shortstories01_task-listeningActive_run-02_desc-preproc-audio-audiobook_5_2_eeg.npy,64,ENVELOPE_64; raw audio rate separately audited,0,909.671875,publisher common prefix consumption; no re-normalization/split,UNKNOWN,UNKNOWN,/home/fanyu/auditory_simulation_m6a/pub_01/s06/sparrkulee_virtual_20260919_v4/cleaning_index.csv
SparrKULee,sub-016_ses-shortstories01_task-listeningActive_run-03_desc-preproc-audio-audiobook_5_3_eeg.npy,64,ENVELOPE_64; raw audio rate separately audited,0,952.96875,publisher common prefix consumption; no re-normalization/split,UNKNOWN,UNKNOWN,/home/fanyu/auditory_simulation_m6a/pub_01/s06/sparrkulee_virtual_20260919_v4/cleaning_index.csv
SparrKULee,sub-016_ses-shortstories01_task-listeningActive_run-04_desc-preproc-audio-audiobook_3_eeg.npy,64,ENVELOPE_64; raw audio rate separately audited,0,962.453125,publisher common prefix consumption; no re-normalization/split,UNKNOWN,UNKNOWN,/home/fanyu/auditory_simulation_m6a/pub_01/s06/sparrkulee_virtual_20260919_v4/cleaning_index.csv
SparrKULee,sub-016_ses-shortstories01_task-listeningActive_run-05_desc-preproc-audio-audiobook_1_eeg.npy,64,ENVELOPE_64; raw audio rate separately audited,0,936.84375,publisher common prefix consumption; no re-normalization/split,UNKNOWN,UNKNOWN,/home/fanyu/auditory_simulation_m6a/pub_01/s06/sparrkulee_virtual_20260919_v4/cleaning_index.csv
SparrKULee,sub-016_ses-shortstories01_task-listeningActive_run-06_desc-preproc-audio-audiobook_4_eeg.npy,64,ENVELOPE_64; raw audio rate separately audited,0,813.4375,publisher common prefix consumption; no re-normalization/split,UNKNOWN,UNKNOWN,/home/fanyu/auditory_simulation_m6a/pub_01/s06/sparrkulee_virtual_20260919_v4/cleaning_index.csv
SparrKULee,sub-016_ses-shortstories01_task-listeningActive_run-07_desc-preproc-audio-audiobook_6_1_eeg.npy,64,ENVELOPE_64; raw audio rate separately audited,0,833.59375,publisher common prefix consumption; no re-normalization/split,UNKNOWN,UNKNOWN,/home/fanyu/auditory_simulation_m6a/pub_01/s06/sparrkulee_virtual_20260919_v4/cleaning_index.csv
SparrKULee,sub-016_ses-shortstories01_task-listeningActive_run-08_desc-preproc-audio-audiobook_6_2_eeg.npy,64,ENVELOPE_64; raw audio rate separately audited,0,833.421875,publisher common prefix consumption; no re-normalization/split,UNKNOWN,UNKNOWN,/home/fanyu/auditory_simulation_m6a/pub_01/s06/sparrkulee_virtual_20260919_v4/cleaning_index.csv
SparrKULee,sub-016_ses-shortstories01_task-listeningActive_run-09_desc-preproc-audio-audiobook_2_1_eeg.npy,64,ENVELOPE_64; raw audio rate separately audited,0,790.921875,publisher common prefix consumption; no re-normalization/split,UNKNOWN,UNKNOWN,/home/fanyu/auditory_simulation_m6a/pub_01/s06/sparrkulee_virtual_20260919_v4/cleaning_index.csv
SparrKULee,sub-016_ses-shortstories01_task-listeningActive_run-10_desc-preproc-audio-audiobook_2_2_eeg.npy,64,ENVELOPE_64; raw audio rate separately audited,0,761.671875,publisher common prefix consumption; no re-normalization/split,UNKNOWN,UNKNOWN,/home/fanyu/auditory_simulation_m6a/pub_01/s06/sparrkulee_virtual_20260919_v4/cleaning_index.csv
SparrKULee,sub-017_ses-shortstories01_task-listeningActive_run-01_desc-preproc-audio-audiobook_5_1_eeg.npy,64,ENVELOPE_64; raw audio rate separately audited,0,906.109375,publisher common prefix consumption; no re-normalization/split,UNKNOWN,UNKNOWN,/home/fanyu/auditory_simulation_m6a/pub_01/s06/sparrkulee_virtual_20260919_v4/cleaning_index.csv
SparrKULee,sub-017_ses-shortstories01_task-listeningActive_run-02_desc-preproc-audio-audiobook_5_2_eeg.npy,64,ENVELOPE_64; raw audio rate separately audited,0,909.671875,publisher common prefix consumption; no re-normalization/split,UNKNOWN,UNKNOWN,/home/fanyu/auditory_simulation_m6a/pub_01/s06/sparrkulee_virtual_20260919_v4/cleaning_index.csv
SparrKULee,sub-017_ses-shortstories01_task-listeningActive_run-04_desc-preproc-audio-audiobook_2_1_eeg.npy,64,ENVELOPE_64; raw audio rate separately audited,0,790.921875,publisher common prefix consumption; no re-normalization/split,UNKNOWN,UNKNOWN,/home/fanyu/auditory_simulation_m6a/pub_01/s06/sparrkulee_virtual_20260919_v4/cleaning_index.csv
SparrKULee,sub-017_ses-shortstories01_task-listeningActive_run-05_desc-preproc-audio-audiobook_2_2_eeg.npy,64,ENVELOPE_64; raw audio rate separately audited,0,761.671875,publisher common prefix consumption; no re-normalization/split,UNKNOWN,UNKNOWN,/home/fanyu/auditory_simulation_m6a/pub_01/s06/sparrkulee_virtual_20260919_v4/cleaning_index.csv
SparrKULee,sub-018_ses-shortstories01_task-listeningActive_run-01_desc-preproc-audio-audiobook_5_1_eeg.npy,64,ENVELOPE_64; raw audio rate separately audited,0,906.109375,publisher common prefix consumption; no re-normalization/split,UNKNOWN,UNKNOWN,/home/fanyu/auditory_simulation_m6a/pub_01/s06/sparrkulee_virtual_20260919_v4/cleaning_index.csv
SparrKULee,sub-018_ses-shortstories01_task-listeningActive_run-02_desc-preproc-audio-audiobook_5_2_eeg.npy,64,ENVELOPE_64; raw audio rate separately audited,0,909.671875,publisher common prefix consumption; no re-normalization/split,UNKNOWN,UNKNOWN,/home/fanyu/auditory_simulation_m6a/pub_01/s06/sparrkulee_virtual_20260919_v4/cleaning_index.csv
SparrKULee,sub-018_ses-shortstories01_task-listeningActive_run-03_desc-preproc-audio-audiobook_5_3_eeg.npy,64,ENVELOPE_64; raw audio rate separately audited,0,952.96875,publisher common prefix consumption; no re-normalization/split,UNKNOWN,UNKNOWN,/home/fanyu/auditory_simulation_m6a/pub_01/s06/sparrkulee_virtual_20260919_v4/cleaning_index.csv
SparrKULee,sub-018_ses-shortstories01_task-listeningActive_run-04_desc-preproc-audio-audiobook_4_eeg.npy,64,ENVELOPE_64; raw audio rate separately audited,0,813.4375,publisher common prefix consumption; no re-normalization/split,UNKNOWN,UNKNOWN,/home/fanyu/auditory_simulation_m6a/pub_01/s06/sparrkulee_virtual_20260919_v4/cleaning_index.csv
SparrKULee,sub-018_ses-shortstories01_task-listeningActive_run-05_desc-preproc-audio-audiobook_3_eeg.npy,64,ENVELOPE_64; raw audio rate separately audited,0,962.453125,publisher common prefix consumption; no re-normalization/split,UNKNOWN,UNKNOWN,/home/fanyu/auditory_simulation_m6a/pub_01/s06/sparrkulee_virtual_20260919_v4/cleaning_index.csv
SparrKULee,sub-018_ses-shortstories01_task-listeningActive_run-06_desc-preproc-audio-audiobook_6_1_eeg.npy,64,ENVELOPE_64; raw audio rate separately audited,0,833.59375,publisher common prefix consumption; no re-normalization/split,UNKNOWN,UNKNOWN,/home/fanyu/auditory_simulation_m6a/pub_01/s06/sparrkulee_virtual_20260919_v4/cleaning_index.csv
SparrKULee,sub-018_ses-shortstories01_task-listeningActive_run-07_desc-preproc-audio-audiobook_6_2_eeg.npy,64,ENVELOPE_64; raw audio rate separately audited,0,833.421875,publisher common prefix consumption; no re-normalization/split,UNKNOWN,UNKNOWN,/home/fanyu/auditory_simulation_m6a/pub_01/s06/sparrkulee_virtual_20260919_v4/cleaning_index.csv
SparrKULee,sub-018_ses-shortstories01_task-listeningActive_run-08_desc-preproc-audio-audiobook_1_eeg.npy,64,ENVELOPE_64; raw audio rate separately audited,0,936.84375,publisher common prefix consumption; no re-normalization/split,UNKNOWN,UNKNOWN,/home/fanyu/auditory_simulation_m6a/pub_01/s06/sparrkulee_virtual_20260919_v4/cleaning_index.csv
SparrKULee,sub-018_ses-shortstories01_task-listeningActive_run-09_desc-preproc-audio-audiobook_2_1_eeg.npy,64,ENVELOPE_64; raw audio rate separately audited,0,790.921875,publisher common prefix consumption; no re-normalization/split,UNKNOWN,UNKNOWN,/home/fanyu/auditory_simulation_m6a/pub_01/s06/sparrkulee_virtual_20260919_v4/cleaning_index.csv
SparrKULee,sub-018_ses-shortstories01_task-listeningActive_run-10_desc-preproc-audio-audiobook_2_2_eeg.npy,64,ENVELOPE_64; raw audio rate separately audited,0,761.671875,publisher common prefix consumption; no re-normalization/split,UNKNOWN,UNKNOWN,/home/fanyu/auditory_simulation_m6a/pub_01/s06/sparrkulee_virtual_20260919_v4/cleaning_index.csv
SparrKULee,sub-019_ses-shortstories01_task-listeningActive_run-01_desc-preproc-audio-audiobook_6_1_eeg.npy,64,ENVELOPE_64; raw audio rate separately audited,0,833.59375,publisher common prefix consumption; no re-normalization/split,UNKNOWN,UNKNOWN,/home/fanyu/auditory_simulation_m6a/pub_01/s06/sparrkulee_virtual_20260919_v4/cleaning_index.csv
SparrKULee,sub-019_ses-shortstories01_task-listeningActive_run-02_desc-preproc-audio-audiobook_6_2_eeg.npy,64,ENVELOPE_64; raw audio rate separately audited,0,833.421875,publisher common prefix consumption; no re-normalization/split,UNKNOWN,UNKNOWN,/home/fanyu/auditory_simulation_m6a/pub_01/s06/sparrkulee_virtual_20260919_v4/cleaning_index.csv
SparrKULee,sub-019_ses-shortstories01_task-listeningActive_run-03_desc-preproc-audio-audiobook_3_eeg.npy,64,ENVELOPE_64; raw audio rate separately audited,0,962.453125,publisher common prefix consumption; no re-normalization/split,UNKNOWN,UNKNOWN,/home/fanyu/auditory_simulation_m6a/pub_01/s06/sparrkulee_virtual_20260919_v4/cleaning_index.csv
SparrKULee,sub-019_ses-shortstories01_task-listeningActive_run-04_desc-preproc-audio-audiobook_5_1_eeg.npy,64,ENVELOPE_64; raw audio rate separately audited,0,906.109375,publisher common prefix consumption; no re-normalization/split,UNKNOWN,UNKNOWN,/home/fanyu/auditory_simulation_m6a/pub_01/s06/sparrkulee_virtual_20260919_v4/cleaning_index.csv
SparrKULee,sub-019_ses-shortstories01_task-listeningActive_run-05_desc-preproc-audio-audiobook_5_2_eeg.npy,64,ENVELOPE_64; raw audio rate separately audited,0,909.671875,publisher common prefix consumption; no re-normalization/split,UNKNOWN,UNKNOWN,/home/fanyu/auditory_simulation_m6a/pub_01/s06/sparrkulee_virtual_20260919_v4/cleaning_index.csv
SparrKULee,sub-019_ses-shortstories01_task-listeningActive_run-06_desc-preproc-audio-audiobook_5_3_eeg.npy,64,ENVELOPE_64; raw audio rate separately audited,0,952.96875,publisher common prefix consumption; no re-normalization/split,UNKNOWN,UNKNOWN,/home/fanyu/auditory_simulation_m6a/pub_01/s06/sparrkulee_virtual_20260919_v4/cleaning_index.csv
SparrKULee,sub-019_ses-shortstories01_task-listeningActive_run-07_desc-preproc-audio-audiobook_4_eeg.npy,64,ENVELOPE_64; raw audio rate separately audited,0,813.4375,publisher common prefix consumption; no re-normalization/split,UNKNOWN,UNKNOWN,/home/fanyu/auditory_simulation_m6a/pub_01/s06/sparrkulee_virtual_20260919_v4/cleaning_index.csv
SparrKULee,sub-019_ses-shortstories01_task-listeningActive_run-08_desc-preproc-audio-audiobook_2_1_eeg.npy,64,ENVELOPE_64; raw audio rate separately audited,0,790.921875,publisher common prefix consumption; no re-normalization/split,UNKNOWN,UNKNOWN,/home/fanyu/auditory_simulation_m6a/pub_01/s06/sparrkulee_virtual_20260919_v4/cleaning_index.csv
SparrKULee,sub-019_ses-shortstories01_task-listeningActive_run-09_desc-preproc-audio-audiobook_2_2_eeg.npy,64,ENVELOPE_64; raw audio rate separately audited,0,761.671875,publisher common prefix consumption; no re-normalization/split,UNKNOWN,UNKNOWN,/home/fanyu/auditory_simulation_m6a/pub_01/s06/sparrkulee_virtual_20260919_v4/cleaning_index.csv
SparrKULee,sub-019_ses-shortstories01_task-listeningActive_run-10_desc-preproc-audio-audiobook_1_eeg.npy,64,ENVELOPE_64; raw audio rate separately audited,0,936.84375,publisher common prefix consumption; no re-normalization/split,UNKNOWN,UNKNOWN,/home/fanyu/auditory_simulation_m6a/pub_01/s06/sparrkulee_virtual_20260919_v4/cleaning_index.csv
SparrKULee,sub-020_ses-shortstories01_task-listeningActive_run-01_desc-preproc-audio-audiobook_3_eeg.npy,64,ENVELOPE_64; raw audio rate separately audited,0,962.453125,publisher common prefix consumption; no re-normalization/split,UNKNOWN,UNKNOWN,/home/fanyu/auditory_simulation_m6a/pub_01/s06/sparrkulee_virtual_20260919_v4/cleaning_index.csv
SparrKULee,sub-020_ses-shortstories01_task-listeningActive_run-02_desc-preproc-audio-audiobook_5_1_eeg.npy,64,ENVELOPE_64; raw audio rate separately audited,0,906.109375,publisher common prefix consumption; no re-normalization/split,UNKNOWN,UNKNOWN,/home/fanyu/auditory_simulation_m6a/pub_01/s06/sparrkulee_virtual_20260919_v4/cleaning_index.csv
SparrKULee,sub-020_ses-shortstories01_task-listeningActive_run-03_desc-preproc-audio-audiobook_5_2_eeg.npy,64,ENVELOPE_64; raw audio rate separately audited,0,909.671875,publisher common prefix consumption; no re-normalization/split,UNKNOWN,UNKNOWN,/home/fanyu/auditory_simulation_m6a/pub_01/s06/sparrkulee_virtual_20260919_v4/cleaning_index.csv
SparrKULee,sub-020_ses-shortstories01_task-listeningActive_run-04_desc-preproc-audio-audiobook_5_3_eeg.npy,64,ENVELOPE_64; raw audio rate separately audited,0,952.96875,publisher common prefix consumption; no re-normalization/split,UNKNOWN,UNKNOWN,/home/fanyu/auditory_simulation_m6a/pub_01/s06/sparrkulee_virtual_20260919_v4/cleaning_index.csv
SparrKULee,sub-020_ses-shortstories01_task-listeningActive_run-05_desc-preproc-audio-audiobook_2_1_eeg.npy,64,ENVELOPE_64; raw audio rate separately audited,0,790.921875,publisher common prefix consumption; no re-normalization/split,UNKNOWN,UNKNOWN,/home/fanyu/auditory_simulation_m6a/pub_01/s06/sparrkulee_virtual_20260919_v4/cleaning_index.csv
SparrKULee,sub-020_ses-shortstories01_task-listeningActive_run-06_desc-preproc-audio-audiobook_2_2_eeg.npy,64,ENVELOPE_64; raw audio rate separately audited,0,761.671875,publisher common prefix consumption; no re-normalization/split,UNKNOWN,UNKNOWN,/home/fanyu/auditory_simulation_m6a/pub_01/s06/sparrkulee_virtual_20260919_v4/cleaning_index.csv
SparrKULee,sub-020_ses-shortstories01_task-listeningActive_run-07_desc-preproc-audio-audiobook_6_1_eeg.npy,64,ENVELOPE_64; raw audio rate separately audited,0,833.59375,publisher common prefix consumption; no re-normalization/split,UNKNOWN,UNKNOWN,/home/fanyu/auditory_simulation_m6a/pub_01/s06/sparrkulee_virtual_20260919_v4/cleaning_index.csv
SparrKULee,sub-020_ses-shortstories01_task-listeningActive_run-08_desc-preproc-audio-audiobook_6_2_eeg.npy,64,ENVELOPE_64; raw audio rate separately audited,0,833.421875,publisher common prefix consumption; no re-normalization/split,UNKNOWN,UNKNOWN,/home/fanyu/auditory_simulation_m6a/pub_01/s06/sparrkulee_virtual_20260919_v4/cleaning_index.csv
SparrKULee,sub-021_ses-shortstories01_task-listeningActive_run-01_desc-preproc-audio-audiobook_1_1_eeg.npy,64,ENVELOPE_64; raw audio rate separately audited,0,457.421875,publisher common prefix consumption; no re-normalization/split,UNKNOWN,UNKNOWN,/home/fanyu/auditory_simulation_m6a/pub_01/s06/sparrkulee_virtual_20260919_v4/cleaning_index.csv
SparrKULee,sub-021_ses-shortstories01_task-listeningActive_run-02_desc-preproc-audio-audiobook_1_2_shifted_eeg.npy,64,ENVELOPE_64; raw audio rate separately audited,0,418.6875,publisher common prefix consumption; no re-normalization/split,UNKNOWN,UNKNOWN,/home/fanyu/auditory_simulation_m6a/pub_01/s06/sparrkulee_virtual_20260919_v4/cleaning_index.csv
SparrKULee,sub-021_ses-shortstories01_task-listeningActive_run-03_desc-preproc-audio-audiobook_4_eeg.npy,64,ENVELOPE_64; raw audio rate separately audited,0,813.4375,publisher common prefix consumption; no re-normalization/split,UNKNOWN,UNKNOWN,/home/fanyu/auditory_simulation_m6a/pub_01/s06/sparrkulee_virtual_20260919_v4/cleaning_index.csv
SparrKULee,sub-021_ses-shortstories01_task-listeningActive_run-04_desc-preproc-audio-audiobook_5_1_eeg.npy,64,ENVELOPE_64; raw audio rate separately audited,0,906.109375,publisher common prefix consumption; no re-normalization/split,UNKNOWN,UNKNOWN,/home/fanyu/auditory_simulation_m6a/pub_01/s06/sparrkulee_virtual_20260919_v4/cleaning_index.csv
SparrKULee,sub-021_ses-shortstories01_task-listeningActive_run-05_desc-preproc-audio-audiobook_5_2_eeg.npy,64,ENVELOPE_64; raw audio rate separately audited,0,909.671875,publisher common prefix consumption; no re-normalization/split,UNKNOWN,UNKNOWN,/home/fanyu/auditory_simulation_m6a/pub_01/s06/sparrkulee_virtual_20260919_v4/cleaning_index.csv
SparrKULee,sub-021_ses-shortstories01_task-listeningActive_run-06_desc-preproc-audio-audiobook_5_3_eeg.npy,64,ENVELOPE_64; raw audio rate separately audited,0,952.96875,publisher common prefix consumption; no re-normalization/split,UNKNOWN,UNKNOWN,/home/fanyu/auditory_simulation_m6a/pub_01/s06/sparrkulee_virtual_20260919_v4/cleaning_index.csv
SparrKULee,sub-021_ses-shortstories01_task-listeningActive_run-07_desc-preproc-audio-audiobook_6_1_eeg.npy,64,ENVELOPE_64; raw audio rate separately audited,0,833.59375,publisher common prefix consumption; no re-normalization/split,UNKNOWN,UNKNOWN,/home/fanyu/auditory_simulation_m6a/pub_01/s06/sparrkulee_virtual_20260919_v4/cleaning_index.csv
SparrKULee,sub-021_ses-shortstories01_task-listeningActive_run-08_desc-preproc-audio-audiobook_6_2_eeg.npy,64,ENVELOPE_64; raw audio rate separately audited,0,833.421875,publisher common prefix consumption; no re-normalization/split,UNKNOWN,UNKNOWN,/home/fanyu/auditory_simulation_m6a/pub_01/s06/sparrkulee_virtual_20260919_v4/cleaning_index.csv
SparrKULee,sub-021_ses-shortstories01_task-listeningActive_run-09_desc-preproc-audio-audiobook_2_1_eeg.npy,64,ENVELOPE_64; raw audio rate separately audited,0,790.921875,publisher common prefix consumption; no re-normalization/split,UNKNOWN,UNKNOWN,/home/fanyu/auditory_simulation_m6a/pub_01/s06/sparrkulee_virtual_20260919_v4/cleaning_index.csv
SparrKULee,sub-021_ses-shortstories01_task-listeningActive_run-10_desc-preproc-audio-audiobook_2_2_eeg.npy,64,ENVELOPE_64; raw audio rate separately audited,0,761.671875,publisher common prefix consumption; no re-normalization/split,UNKNOWN,UNKNOWN,/home/fanyu/auditory_simulation_m6a/pub_01/s06/sparrkulee_virtual_20260919_v4/cleaning_index.csv
SparrKULee,sub-021_ses-shortstories01_task-listeningActive_run-11_desc-preproc-audio-audiobook_3_eeg.npy,64,ENVELOPE_64; raw audio rate separately audited,0,962.453125,publisher common prefix consumption; no re-normalization/split,UNKNOWN,UNKNOWN,/home/fanyu/auditory_simulation_m6a/pub_01/s06/sparrkulee_virtual_20260919_v4/cleaning_index.csv
SparrKULee,sub-022_ses-shortstories01_task-listeningActive_run-01_desc-preproc-audio-audiobook_1_1_eeg.npy,64,ENVELOPE_64; raw audio rate separately audited,0,457.421875,publisher common prefix consumption; no re-normalization/split,UNKNOWN,UNKNOWN,/home/fanyu/auditory_simulation_m6a/pub_01/s06/sparrkulee_virtual_20260919_v4/cleaning_index.csv
SparrKULee,sub-022_ses-shortstories01_task-listeningActive_run-02_desc-preproc-audio-audiobook_1_2_shifted_eeg.npy,64,ENVELOPE_64; raw audio rate separately audited,0,418.6875,publisher common prefix consumption; no re-normalization/split,UNKNOWN,UNKNOWN,/home/fanyu/auditory_simulation_m6a/pub_01/s06/sparrkulee_virtual_20260919_v4/cleaning_index.csv
SparrKULee,sub-022_ses-shortstories01_task-listeningActive_run-03_desc-preproc-audio-audiobook_2_1_eeg.npy,64,ENVELOPE_64; raw audio rate separately audited,0,790.921875,publisher common prefix consumption; no re-normalization/split,UNKNOWN,UNKNOWN,/home/fanyu/auditory_simulation_m6a/pub_01/s06/sparrkulee_virtual_20260919_v4/cleaning_index.csv
SparrKULee,sub-022_ses-shortstories01_task-listeningActive_run-04_desc-preproc-audio-audiobook_2_2_eeg.npy,64,ENVELOPE_64; raw audio rate separately audited,0,761.671875,publisher common prefix consumption; no re-normalization/split,UNKNOWN,UNKNOWN,/home/fanyu/auditory_simulation_m6a/pub_01/s06/sparrkulee_virtual_20260919_v4/cleaning_index.csv
SparrKULee,sub-022_ses-shortstories01_task-listeningActive_run-05_desc-preproc-audio-audiobook_4_eeg.npy,64,ENVELOPE_64; raw audio rate separately audited,0,813.4375,publisher common prefix consumption; no re-normalization/split,UNKNOWN,UNKNOWN,/home/fanyu/auditory_simulation_m6a/pub_01/s06/sparrkulee_virtual_20260919_v4/cleaning_index.csv
SparrKULee,sub-022_ses-shortstories01_task-listeningActive_run-06_desc-preproc-audio-audiobook_3_eeg.npy,64,ENVELOPE_64; raw audio rate separately audited,0,962.453125,publisher common prefix consumption; no re-normalization/split,UNKNOWN,UNKNOWN,/home/fanyu/auditory_simulation_m6a/pub_01/s06/sparrkulee_virtual_20260919_v4/cleaning_index.csv
SparrKULee,sub-022_ses-shortstories01_task-listeningActive_run-07_desc-preproc-audio-audiobook_6_1_eeg.npy,64,ENVELOPE_64; raw audio rate separately audited,0,833.59375,publisher common prefix consumption; no re-normalization/split,UNKNOWN,UNKNOWN,/home/fanyu/auditory_simulation_m6a/pub_01/s06/sparrkulee_virtual_20260919_v4/cleaning_index.csv
SparrKULee,sub-022_ses-shortstories01_task-listeningActive_run-08_desc-preproc-audio-audiobook_6_2_eeg.npy,64,ENVELOPE_64; raw audio rate separately audited,0,833.421875,publisher common prefix consumption; no re-normalization/split,UNKNOWN,UNKNOWN,/home/fanyu/auditory_simulation_m6a/pub_01/s06/sparrkulee_virtual_20260919_v4/cleaning_index.csv
SparrKULee,sub-022_ses-shortstories01_task-listeningActive_run-09_desc-preproc-audio-audiobook_5_1_eeg.npy,64,ENVELOPE_64; raw audio rate separately audited,0,906.109375,publisher common prefix consumption; no re-normalization/split,UNKNOWN,UNKNOWN,/home/fanyu/auditory_simulation_m6a/pub_01/s06/sparrkulee_virtual_20260919_v4/cleaning_index.csv
SparrKULee,sub-022_ses-shortstories01_task-listeningActive_run-10_desc-preproc-audio-audiobook_5_2_eeg.npy,64,ENVELOPE_64; raw audio rate separately audited,0,909.671875,publisher common prefix consumption; no re-normalization/split,UNKNOWN,UNKNOWN,/home/fanyu/auditory_simulation_m6a/pub_01/s06/sparrkulee_virtual_20260919_v4/cleaning_index.csv
SparrKULee,sub-022_ses-shortstories01_task-listeningActive_run-11_desc-preproc-audio-audiobook_5_3_eeg.npy,64,ENVELOPE_64; raw audio rate separately audited,0,952.96875,publisher common prefix consumption; no re-normalization/split,UNKNOWN,UNKNOWN,/home/fanyu/auditory_simulation_m6a/pub_01/s06/sparrkulee_virtual_20260919_v4/cleaning_index.csv
SparrKULee,sub-023_ses-shortstories01_task-listeningActive_run-01_desc-preproc-audio-audiobook_6_1_eeg.npy,64,ENVELOPE_64; raw audio rate separately audited,0,833.59375,publisher common prefix consumption; no re-normalization/split,UNKNOWN,UNKNOWN,/home/fanyu/auditory_simulation_m6a/pub_01/s06/sparrkulee_virtual_20260919_v4/cleaning_index.csv
SparrKULee,sub-023_ses-shortstories01_task-listeningActive_run-02_desc-preproc-audio-audiobook_6_2_eeg.npy,64,ENVELOPE_64; raw audio rate separately audited,0,833.421875,publisher common prefix consumption; no re-normalization/split,UNKNOWN,UNKNOWN,/home/fanyu/auditory_simulation_m6a/pub_01/s06/sparrkulee_virtual_20260919_v4/cleaning_index.csv
SparrKULee,sub-023_ses-shortstories01_task-listeningActive_run-03_desc-preproc-audio-audiobook_4_eeg.npy,64,ENVELOPE_64; raw audio rate separately audited,0,813.4375,publisher common prefix consumption; no re-normalization/split,UNKNOWN,UNKNOWN,/home/fanyu/auditory_simulation_m6a/pub_01/s06/sparrkulee_virtual_20260919_v4/cleaning_index.csv
SparrKULee,sub-023_ses-shortstories01_task-listeningActive_run-04_desc-preproc-audio-audiobook_1_1_shifted_eeg.npy,64,ENVELOPE_64; raw audio rate separately audited,0,457.421875,publisher common prefix consumption; no re-normalization/split,UNKNOWN,UNKNOWN,/home/fanyu/auditory_simulation_m6a/pub_01/s06/sparrkulee_virtual_20260919_v4/cleaning_index.csv
SparrKULee,sub-023_ses-shortstories01_task-listeningActive_run-05_desc-preproc-audio-audiobook_1_2_eeg.npy,64,ENVELOPE_64; raw audio rate separately audited,0,418.6875,publisher common prefix consumption; no re-normalization/split,UNKNOWN,UNKNOWN,/home/fanyu/auditory_simulation_m6a/pub_01/s06/sparrkulee_virtual_20260919_v4/cleaning_index.csv
SparrKULee,sub-023_ses-shortstories01_task-listeningActive_run-06_desc-preproc-audio-audiobook_5_1_eeg.npy,64,ENVELOPE_64; raw audio rate separately audited,0,906.109375,publisher common prefix consumption; no re-normalization/split,UNKNOWN,UNKNOWN,/home/fanyu/auditory_simulation_m6a/pub_01/s06/sparrkulee_virtual_20260919_v4/cleaning_index.csv
SparrKULee,sub-023_ses-shortstories01_task-listeningActive_run-07_desc-preproc-audio-audiobook_5_2_eeg.npy,64,ENVELOPE_64; raw audio rate separately audited,0,909.671875,publisher common prefix consumption; no re-normalization/split,UNKNOWN,UNKNOWN,/home/fanyu/auditory_simulation_m6a/pub_01/s06/sparrkulee_virtual_20260919_v4/cleaning_index.csv
SparrKULee,sub-023_ses-shortstories01_task-listeningActive_run-08_desc-preproc-audio-audiobook_5_3_eeg.npy,64,ENVELOPE_64; raw audio rate separately audited,0,952.96875,publisher common prefix consumption; no re-normalization/split,UNKNOWN,UNKNOWN,/home/fanyu/auditory_simulation_m6a/pub_01/s06/sparrkulee_virtual_20260919_v4/cleaning_index.csv
SparrKULee,sub-023_ses-shortstories01_task-listeningActive_run-09_desc-preproc-audio-audiobook_2_1_eeg.npy,64,ENVELOPE_64; raw audio rate separately audited,0,790.921875,publisher common prefix consumption; no re-normalization/split,UNKNOWN,UNKNOWN,/home/fanyu/auditory_simulation_m6a/pub_01/s06/sparrkulee_virtual_20260919_v4/cleaning_index.csv
SparrKULee,sub-023_ses-shortstories01_task-listeningActive_run-10_desc-preproc-audio-audiobook_2_2_eeg.npy,64,ENVELOPE_64; raw audio rate separately audited,0,761.671875,publisher common prefix consumption; no re-normalization/split,UNKNOWN,UNKNOWN,/home/fanyu/auditory_simulation_m6a/pub_01/s06/sparrkulee_virtual_20260919_v4/cleaning_index.csv
SparrKULee,sub-023_ses-shortstories01_task-listeningActive_run-11_desc-preproc-audio-audiobook_3_eeg.npy,64,ENVELOPE_64; raw audio rate separately audited,0,962.453125,publisher common prefix consumption; no re-normalization/split,UNKNOWN,UNKNOWN,/home/fanyu/auditory_simulation_m6a/pub_01/s06/sparrkulee_virtual_20260919_v4/cleaning_index.csv
SparrKULee,sub-024_ses-shortstories01_task-listeningActive_run-01_desc-preproc-audio-audiobook_3_eeg.npy,64,ENVELOPE_64; raw audio rate separately audited,0,962.453125,publisher common prefix consumption; no re-normalization/split,UNKNOWN,UNKNOWN,/home/fanyu/auditory_simulation_m6a/pub_01/s06/sparrkulee_virtual_20260919_v4/cleaning_index.csv
SparrKULee,sub-024_ses-shortstories01_task-listeningActive_run-02_desc-preproc-audio-audiobook_4_eeg.npy,64,ENVELOPE_64; raw audio rate separately audited,0,813.4375,publisher common prefix consumption; no re-normalization/split,UNKNOWN,UNKNOWN,/home/fanyu/auditory_simulation_m6a/pub_01/s06/sparrkulee_virtual_20260919_v4/cleaning_index.csv
SparrKULee,sub-024_ses-shortstories01_task-listeningActive_run-03_desc-preproc-audio-audiobook_1_eeg.npy,64,ENVELOPE_64; raw audio rate separately audited,0,936.84375,publisher common prefix consumption; no re-normalization/split,UNKNOWN,UNKNOWN,/home/fanyu/auditory_simulation_m6a/pub_01/s06/sparrkulee_virtual_20260919_v4/cleaning_index.csv
SparrKULee,sub-024_ses-shortstories01_task-listeningActive_run-04_desc-preproc-audio-audiobook_6_1_eeg.npy,64,ENVELOPE_64; raw audio rate separately audited,0,833.59375,publisher common prefix consumption; no re-normalization/split,UNKNOWN,UNKNOWN,/home/fanyu/auditory_simulation_m6a/pub_01/s06/sparrkulee_virtual_20260919_v4/cleaning_index.csv
SparrKULee,sub-024_ses-shortstories01_task-listeningActive_run-05_desc-preproc-audio-audiobook_6_2_eeg.npy,64,ENVELOPE_64; raw audio rate separately audited,0,833.421875,publisher common prefix consumption; no re-normalization/split,UNKNOWN,UNKNOWN,/home/fanyu/auditory_simulation_m6a/pub_01/s06/sparrkulee_virtual_20260919_v4/cleaning_index.csv
SparrKULee,sub-024_ses-shortstories01_task-listeningActive_run-06_desc-preproc-audio-audiobook_2_1_eeg.npy,64,ENVELOPE_64; raw audio rate separately audited,0,790.921875,publisher common prefix consumption; no re-normalization/split,UNKNOWN,UNKNOWN,/home/fanyu/auditory_simulation_m6a/pub_01/s06/sparrkulee_virtual_20260919_v4/cleaning_index.csv
SparrKULee,sub-024_ses-shortstories01_task-listeningActive_run-07_desc-preproc-audio-audiobook_2_2_eeg.npy,64,ENVELOPE_64; raw audio rate separately audited,0,761.671875,publisher common prefix consumption; no re-normalization/split,UNKNOWN,UNKNOWN,/home/fanyu/auditory_simulation_m6a/pub_01/s06/sparrkulee_virtual_20260919_v4/cleaning_index.csv
SparrKULee,sub-024_ses-shortstories01_task-listeningActive_run-08_desc-preproc-audio-audiobook_5_1_eeg.npy,64,ENVELOPE_64; raw audio rate separately audited,0,906.109375,publisher common prefix consumption; no re-normalization/split,UNKNOWN,UNKNOWN,/home/fanyu/auditory_simulation_m6a/pub_01/s06/sparrkulee_virtual_20260919_v4/cleaning_index.csv
SparrKULee,sub-024_ses-shortstories01_task-listeningActive_run-09_desc-preproc-audio-audiobook_5_2_eeg.npy,64,ENVELOPE_64; raw audio rate separately audited,0,909.671875,publisher common prefix consumption; no re-normalization/split,UNKNOWN,UNKNOWN,/home/fanyu/auditory_simulation_m6a/pub_01/s06/sparrkulee_virtual_20260919_v4/cleaning_index.csv
SparrKULee,sub-024_ses-shortstories01_task-listeningActive_run-10_desc-preproc-audio-audiobook_5_3_eeg.npy,64,ENVELOPE_64; raw audio rate separately audited,0,952.96875,publisher common prefix consumption; no re-normalization/split,UNKNOWN,UNKNOWN,/home/fanyu/auditory_simulation_m6a/pub_01/s06/sparrkulee_virtual_20260919_v4/cleaning_index.csv
SparrKULee,sub-025_ses-shortstories01_task-listeningActive_run-01_desc-preproc-audio-audiobook_1_eeg.npy,64,ENVELOPE_64; raw audio rate separately audited,0,936.84375,publisher common prefix consumption; no re-normalization/split,UNKNOWN,UNKNOWN,/home/fanyu/auditory_simulation_m6a/pub_01/s06/sparrkulee_virtual_20260919_v4/cleaning_index.csv
SparrKULee,sub-025_ses-shortstories01_task-listeningActive_run-02_desc-preproc-audio-audiobook_5_1_eeg.npy,64,ENVELOPE_64; raw audio rate separately audited,0,906.109375,publisher common prefix consumption; no re-normalization/split,UNKNOWN,UNKNOWN,/home/fanyu/auditory_simulation_m6a/pub_01/s06/sparrkulee_virtual_20260919_v4/cleaning_index.csv
SparrKULee,sub-025_ses-shortstories01_task-listeningActive_run-03_desc-preproc-audio-audiobook_5_2_eeg.npy,64,ENVELOPE_64; raw audio rate separately audited,0,909.671875,publisher common prefix consumption; no re-normalization/split,UNKNOWN,UNKNOWN,/home/fanyu/auditory_simulation_m6a/pub_01/s06/sparrkulee_virtual_20260919_v4/cleaning_index.csv
SparrKULee,sub-025_ses-shortstories01_task-listeningActive_run-04_desc-preproc-audio-audiobook_5_3_eeg.npy,64,ENVELOPE_64; raw audio rate separately audited,0,952.96875,publisher common prefix consumption; no re-normalization/split,UNKNOWN,UNKNOWN,/home/fanyu/auditory_simulation_m6a/pub_01/s06/sparrkulee_virtual_20260919_v4/cleaning_index.csv
SparrKULee,sub-025_ses-shortstories01_task-listeningActive_run-05_desc-preproc-audio-audiobook_2_1_eeg.npy,64,ENVELOPE_64; raw audio rate separately audited,0,790.921875,publisher common prefix consumption; no re-normalization/split,UNKNOWN,UNKNOWN,/home/fanyu/auditory_simulation_m6a/pub_01/s06/sparrkulee_virtual_20260919_v4/cleaning_index.csv
SparrKULee,sub-025_ses-shortstories01_task-listeningActive_run-06_desc-preproc-audio-audiobook_2_2_eeg.npy,64,ENVELOPE_64; raw audio rate separately audited,0,761.671875,publisher common prefix consumption; no re-normalization/split,UNKNOWN,UNKNOWN,/home/fanyu/auditory_simulation_m6a/pub_01/s06/sparrkulee_virtual_20260919_v4/cleaning_index.csv
SparrKULee,sub-025_ses-shortstories01_task-listeningActive_run-07_desc-preproc-audio-audiobook_3_eeg.npy,64,ENVELOPE_64; raw audio rate separately audited,0,962.453125,publisher common prefix consumption; no re-normalization/split,UNKNOWN,UNKNOWN,/home/fanyu/auditory_simulation_m6a/pub_01/s06/sparrkulee_virtual_20260919_v4/cleaning_index.csv
SparrKULee,sub-025_ses-shortstories01_task-listeningActive_run-08_desc-preproc-audio-audiobook_6_1_eeg.npy,64,ENVELOPE_64; raw audio rate separately audited,0,833.59375,publisher common prefix consumption; no re-normalization/split,UNKNOWN,UNKNOWN,/home/fanyu/auditory_simulation_m6a/pub_01/s06/sparrkulee_virtual_20260919_v4/cleaning_index.csv
SparrKULee,sub-025_ses-shortstories01_task-listeningActive_run-09_desc-preproc-audio-audiobook_6_2_eeg.npy,64,ENVELOPE_64; raw audio rate separately audited,0,833.421875,publisher common prefix consumption; no re-normalization/split,UNKNOWN,UNKNOWN,/home/fanyu/auditory_simulation_m6a/pub_01/s06/sparrkulee_virtual_20260919_v4/cleaning_index.csv
SparrKULee,sub-026_ses-shortstories01_task-listeningActive_run-01_desc-preproc-audio-audiobook_4_eeg.npy,64,ENVELOPE_64; raw audio rate separately audited,0,813.4375,publisher common prefix consumption; no re-normalization/split,UNKNOWN,UNKNOWN,/home/fanyu/auditory_simulation_m6a/pub_01/s06/sparrkulee_virtual_20260919_v4/cleaning_index.csv
SparrKULee,sub-026_ses-shortstories01_task-listeningActive_run-02_desc-preproc-audio-audiobook_5_1_eeg.npy,64,ENVELOPE_64; raw audio rate separately audited,0,906.109375,publisher common prefix consumption; no re-normalization/split,UNKNOWN,UNKNOWN,/home/fanyu/auditory_simulation_m6a/pub_01/s06/sparrkulee_virtual_20260919_v4/cleaning_index.csv
SparrKULee,sub-026_ses-shortstories01_task-listeningActive_run-03_desc-preproc-audio-audiobook_5_2_eeg.npy,64,ENVELOPE_64; raw audio rate separately audited,0,909.671875,publisher common prefix consumption; no re-normalization/split,UNKNOWN,UNKNOWN,/home/fanyu/auditory_simulation_m6a/pub_01/s06/sparrkulee_virtual_20260919_v4/cleaning_index.csv
SparrKULee,sub-026_ses-shortstories01_task-listeningActive_run-04_desc-preproc-audio-audiobook_5_3_eeg.npy,64,ENVELOPE_64; raw audio rate separately audited,0,952.96875,publisher common prefix consumption; no re-normalization/split,UNKNOWN,UNKNOWN,/home/fanyu/auditory_simulation_m6a/pub_01/s06/sparrkulee_virtual_20260919_v4/cleaning_index.csv
SparrKULee,sub-026_ses-shortstories01_task-listeningActive_run-05_desc-preproc-audio-audiobook_3_eeg.npy,64,ENVELOPE_64; raw audio rate separately audited,0,962.453125,publisher common prefix consumption; no re-normalization/split,UNKNOWN,UNKNOWN,/home/fanyu/auditory_simulation_m6a/pub_01/s06/sparrkulee_virtual_20260919_v4/cleaning_index.csv
SparrKULee,sub-026_ses-shortstories01_task-listeningActive_run-06_desc-preproc-audio-audiobook_2_1_eeg.npy,64,ENVELOPE_64; raw audio rate separately audited,0,790.921875,publisher common prefix consumption; no re-normalization/split,UNKNOWN,UNKNOWN,/home/fanyu/auditory_simulation_m6a/pub_01/s06/sparrkulee_virtual_20260919_v4/cleaning_index.csv
SparrKULee,sub-026_ses-shortstories01_task-listeningActive_run-07_desc-preproc-audio-audiobook_2_2_eeg.npy,64,ENVELOPE_64; raw audio rate separately audited,0,761.671875,publisher common prefix consumption; no re-normalization/split,UNKNOWN,UNKNOWN,/home/fanyu/auditory_simulation_m6a/pub_01/s06/sparrkulee_virtual_20260919_v4/cleaning_index.csv
SparrKULee,sub-026_ses-shortstories01_task-listeningActive_run-08_desc-preproc-audio-audiobook_6_1_eeg.npy,64,ENVELOPE_64; raw audio rate separately audited,0,833.59375,publisher common prefix consumption; no re-normalization/split,UNKNOWN,UNKNOWN,/home/fanyu/auditory_simulation_m6a/pub_01/s06/sparrkulee_virtual_20260919_v4/cleaning_index.csv
SparrKULee,sub-026_ses-shortstories01_task-listeningActive_run-09_desc-preproc-audio-audiobook_6_2_eeg.npy,64,ENVELOPE_64; raw audio rate separately audited,0,833.421875,publisher common prefix consumption; no re-normalization/split,UNKNOWN,UNKNOWN,/home/fanyu/auditory_simulation_m6a/pub_01/s06/sparrkulee_virtual_20260919_v4/cleaning_index.csv
SparrKULee,sub-026_ses-shortstories01_task-listeningActive_run-10_desc-preproc-audio-audiobook_1_eeg.npy,64,ENVELOPE_64; raw audio rate separately audited,0,936.84375,publisher common prefix consumption; no re-normalization/split,UNKNOWN,UNKNOWN,/home/fanyu/auditory_simulation_m6a/pub_01/s06/sparrkulee_virtual_20260919_v4/cleaning_index.csv
SparrKULee,sub-027_ses-varyingStories01_task-listeningActive_run-01_desc-preproc-audio-podcast_10_eeg.npy,64,ENVELOPE_64; raw audio rate separately audited,0,835.328125,publisher common prefix consumption; no re-normalization/split,UNKNOWN,UNKNOWN,/home/fanyu/auditory_simulation_m6a/pub_01/s06/sparrkulee_virtual_20260919_v4/cleaning_index.csv
SparrKULee,sub-027_ses-varyingStories01_task-listeningActive_run-02_desc-preproc-audio-podcast_1_eeg.npy,64,ENVELOPE_64; raw audio rate separately audited,0,953.9375,publisher common prefix consumption; no re-normalization/split,UNKNOWN,UNKNOWN,/home/fanyu/auditory_simulation_m6a/pub_01/s06/sparrkulee_virtual_20260919_v4/cleaning_index.csv
SparrKULee,sub-027_ses-varyingStories01_task-listeningActive_run-04_desc-preproc-audio-audiobook_7_1_eeg.npy,64,ENVELOPE_64; raw audio rate separately audited,0,245.734375,publisher common prefix consumption; no re-normalization/split,UNKNOWN,UNKNOWN,/home/fanyu/auditory_simulation_m6a/pub_01/s06/sparrkulee_virtual_20260919_v4/cleaning_index.csv
SparrKULee,sub-027_ses-varyingStories01_task-listeningActive_run-05_desc-preproc-audio-audiobook_7_2_eeg.npy,64,ENVELOPE_64; raw audio rate separately audited,0,241.875,publisher common prefix consumption; no re-normalization/split,UNKNOWN,UNKNOWN,/home/fanyu/auditory_simulation_m6a/pub_01/s06/sparrkulee_virtual_20260919_v4/cleaning_index.csv
SparrKULee,sub-027_ses-varyingStories01_task-listeningActive_run-06_desc-preproc-audio-audiobook_7_3_eeg.npy,64,ENVELOPE_64; raw audio rate separately audited,0,235.5,publisher common prefix consumption; no re-normalization/split,UNKNOWN,UNKNOWN,/home/fanyu/auditory_simulation_m6a/pub_01/s06/sparrkulee_virtual_20260919_v4/cleaning_index.csv
SparrKULee,sub-027_ses-varyingStories01_task-listeningActive_run-07_desc-preproc-audio-audiobook_7_4_eeg.npy,64,ENVELOPE_64; raw audio rate separately audited,0,326.515625,publisher common prefix consumption; no re-normalization/split,UNKNOWN,UNKNOWN,/home/fanyu/auditory_simulation_m6a/pub_01/s06/sparrkulee_virtual_20260919_v4/cleaning_index.csv
SparrKULee,sub-027_ses-varyingStories01_task-listeningActive_run-08_desc-preproc-audio-audiobook_7_5_eeg.npy,64,ENVELOPE_64; raw audio rate separately audited,0,119.40625,publisher common prefix consumption; no re-normalization/split,UNKNOWN,UNKNOWN,/home/fanyu/auditory_simulation_m6a/pub_01/s06/sparrkulee_virtual_20260919_v4/cleaning_index.csv
SparrKULee,sub-027_ses-varyingStories01_task-listeningActive_run-09_desc-preproc-audio-audiobook_7_6_eeg.npy,64,ENVELOPE_64; raw audio rate separately audited,0,121.03125,publisher common prefix consumption; no re-normalization/split,UNKNOWN,UNKNOWN,/home/fanyu/auditory_simulation_m6a/pub_01/s06/sparrkulee_virtual_20260919_v4/cleaning_index.csv
SparrKULee,sub-027_ses-varyingStories01_task-listeningActive_run-10_desc-preproc-audio-podcast_2_eeg.npy,64,ENVELOPE_64; raw audio rate separately audited,0,1134.78125,publisher common prefix consumption; no re-normalization/split,UNKNOWN,UNKNOWN,/home/fanyu/auditory_simulation_m6a/pub_01/s06/sparrkulee_virtual_20260919_v4/cleaning_index.csv
SparrKULee,sub-027_ses-varyingStories01_task-listeningActive_run-11_desc-preproc-audio-audiobook_1_eeg.npy,64,ENVELOPE_64; raw audio rate separately audited,0,936.84375,publisher common prefix consumption; no re-normalization/split,UNKNOWN,UNKNOWN,/home/fanyu/auditory_simulation_m6a/pub_01/s06/sparrkulee_virtual_20260919_v4/cleaning_index.csv
SparrKULee,sub-027_ses-varyingStories01_task-listeningActive_run-12_desc-preproc-audio-podcast_4_eeg.npy,64,ENVELOPE_64; raw audio rate separately audited,0,987.578125,publisher common prefix consumption; no re-normalization/split,UNKNOWN,UNKNOWN,/home/fanyu/auditory_simulation_m6a/pub_01/s06/sparrkulee_virtual_20260919_v4/cleaning_index.csv
SparrKULee,sub-027_ses-varyingStories01_task-listeningActive_run-13_desc-preproc-audio-podcast_3_eeg.npy,64,ENVELOPE_64; raw audio rate separately audited,0,727.25,publisher common prefix consumption; no re-normalization/split,UNKNOWN,UNKNOWN,/home/fanyu/auditory_simulation_m6a/pub_01/s06/sparrkulee_virtual_20260919_v4/cleaning_index.csv
SparrKULee,sub-028_ses-varyingStories01_task-listeningActive_run-01_desc-preproc-audio-podcast_1_eeg.npy,64,ENVELOPE_64; raw audio rate separately audited,0,953.9375,publisher common prefix consumption; no re-normalization/split,UNKNOWN,UNKNOWN,/home/fanyu/auditory_simulation_m6a/pub_01/s06/sparrkulee_virtual_20260919_v4/cleaning_index.csv
SparrKULee,sub-028_ses-varyingStories01_task-listeningActive_run-02_desc-preproc-audio-podcast_4_eeg.npy,64,ENVELOPE_64; raw audio rate separately audited,0,987.578125,publisher common prefix consumption; no re-normalization/split,UNKNOWN,UNKNOWN,/home/fanyu/auditory_simulation_m6a/pub_01/s06/sparrkulee_virtual_20260919_v4/cleaning_index.csv
SparrKULee,sub-028_ses-varyingStories01_task-listeningActive_run-03_desc-preproc-audio-podcast_10_eeg.npy,64,ENVELOPE_64; raw audio rate separately audited,0,835.328125,publisher common prefix consumption; no re-normalization/split,UNKNOWN,UNKNOWN,/home/fanyu/auditory_simulation_m6a/pub_01/s06/sparrkulee_virtual_20260919_v4/cleaning_index.csv
SparrKULee,sub-028_ses-varyingStories01_task-listeningActive_run-04_desc-preproc-audio-audiobook_7_1_eeg.npy,64,ENVELOPE_64; raw audio rate separately audited,0,245.734375,publisher common prefix consumption; no re-normalization/split,UNKNOWN,UNKNOWN,/home/fanyu/auditory_simulation_m6a/pub_01/s06/sparrkulee_virtual_20260919_v4/cleaning_index.csv
SparrKULee,sub-028_ses-varyingStories01_task-listeningActive_run-05_desc-preproc-audio-audiobook_7_2_eeg.npy,64,ENVELOPE_64; raw audio rate separately audited,0,241.875,publisher common prefix consumption; no re-normalization/split,UNKNOWN,UNKNOWN,/home/fanyu/auditory_simulation_m6a/pub_01/s06/sparrkulee_virtual_20260919_v4/cleaning_index.csv
SparrKULee,sub-028_ses-varyingStories01_task-listeningActive_run-06_desc-preproc-audio-audiobook_7_3_eeg.npy,64,ENVELOPE_64; raw audio rate separately audited,0,235.5,publisher common prefix consumption; no re-normalization/split,UNKNOWN,UNKNOWN,/home/fanyu/auditory_simulation_m6a/pub_01/s06/sparrkulee_virtual_20260919_v4/cleaning_index.csv
SparrKULee,sub-028_ses-varyingStories01_task-listeningActive_run-07_desc-preproc-audio-audiobook_7_4_eeg.npy,64,ENVELOPE_64; raw audio rate separately audited,0,326.515625,publisher common prefix consumption; no re-normalization/split,UNKNOWN,UNKNOWN,/home/fanyu/auditory_simulation_m6a/pub_01/s06/sparrkulee_virtual_20260919_v4/cleaning_index.csv
SparrKULee,sub-028_ses-varyingStories01_task-listeningActive_run-08_desc-preproc-audio-audiobook_7_5_eeg.npy,64,ENVELOPE_64; raw audio rate separately audited,0,119.40625,publisher common prefix consumption; no re-normalization/split,UNKNOWN,UNKNOWN,/home/fanyu/auditory_simulation_m6a/pub_01/s06/sparrkulee_virtual_20260919_v4/cleaning_index.csv
SparrKULee,sub-028_ses-varyingStories01_task-listeningActive_run-09_desc-preproc-audio-audiobook_7_6_eeg.npy,64,ENVELOPE_64; raw audio rate separately audited,0,121.03125,publisher common prefix consumption; no re-normalization/split,UNKNOWN,UNKNOWN,/home/fanyu/auditory_simulation_m6a/pub_01/s06/sparrkulee_virtual_20260919_v4/cleaning_index.csv
SparrKULee,sub-028_ses-varyingStories01_task-listeningActive_run-10_desc-preproc-audio-podcast_2_eeg.npy,64,ENVELOPE_64; raw audio rate separately audited,0,1134.78125,publisher common prefix consumption; no re-normalization/split,UNKNOWN,UNKNOWN,/home/fanyu/auditory_simulation_m6a/pub_01/s06/sparrkulee_virtual_20260919_v4/cleaning_index.csv
SparrKULee,sub-028_ses-varyingStories01_task-listeningActive_run-11_desc-preproc-audio-podcast_3_eeg.npy,64,ENVELOPE_64; raw audio rate separately audited,0,727.25,publisher common prefix consumption; no re-normalization/split,UNKNOWN,UNKNOWN,/home/fanyu/auditory_simulation_m6a/pub_01/s06/sparrkulee_virtual_20260919_v4/cleaning_index.csv
SparrKULee,sub-028_ses-varyingStories01_task-listeningActive_run-13_desc-preproc-audio-audiobook_1_eeg.npy,64,ENVELOPE_64; raw audio rate separately audited,0,936.84375,publisher common prefix consumption; no re-normalization/split,UNKNOWN,UNKNOWN,/home/fanyu/auditory_simulation_m6a/pub_01/s06/sparrkulee_virtual_20260919_v4/cleaning_index.csv
SparrKULee,sub-029_ses-varyingStories01_task-listeningActive_run-01_desc-preproc-audio-podcast_3_eeg.npy,64,ENVELOPE_64; raw audio rate separately audited,0,727.25,publisher common prefix consumption; no re-normalization/split,UNKNOWN,UNKNOWN,/home/fanyu/auditory_simulation_m6a/pub_01/s06/sparrkulee_virtual_20260919_v4/cleaning_index.csv
SparrKULee,sub-029_ses-varyingStories01_task-listeningActive_run-02_desc-preproc-audio-podcast_4_eeg.npy,64,ENVELOPE_64; raw audio rate separately audited,0,987.578125,publisher common prefix consumption; no re-normalization/split,UNKNOWN,UNKNOWN,/home/fanyu/auditory_simulation_m6a/pub_01/s06/sparrkulee_virtual_20260919_v4/cleaning_index.csv
SparrKULee,sub-029_ses-varyingStories01_task-listeningActive_run-04_desc-preproc-audio-podcast_10_eeg.npy,64,ENVELOPE_64; raw audio rate separately audited,0,835.328125,publisher common prefix consumption; no re-normalization/split,UNKNOWN,UNKNOWN,/home/fanyu/auditory_simulation_m6a/pub_01/s06/sparrkulee_virtual_20260919_v4/cleaning_index.csv
SparrKULee,sub-029_ses-varyingStories01_task-listeningActive_run-05_desc-preproc-audio-podcast_2_eeg.npy,64,ENVELOPE_64; raw audio rate separately audited,0,1134.78125,publisher common prefix consumption; no re-normalization/split,UNKNOWN,UNKNOWN,/home/fanyu/auditory_simulation_m6a/pub_01/s06/sparrkulee_virtual_20260919_v4/cleaning_index.csv
SparrKULee,sub-029_ses-varyingStories01_task-listeningActive_run-06_desc-preproc-audio-podcast_1_eeg.npy,64,ENVELOPE_64; raw audio rate separately audited,0,953.9375,publisher common prefix consumption; no re-normalization/split,UNKNOWN,UNKNOWN,/home/fanyu/auditory_simulation_m6a/pub_01/s06/sparrkulee_virtual_20260919_v4/cleaning_index.csv
SparrKULee,sub-029_ses-varyingStories01_task-listeningActive_run-07_desc-preproc-audio-audiobook_1_eeg.npy,64,ENVELOPE_64; raw audio rate separately audited,0,936.84375,publisher common prefix consumption; no re-normalization/split,UNKNOWN,UNKNOWN,/home/fanyu/auditory_simulation_m6a/pub_01/s06/sparrkulee_virtual_20260919_v4/cleaning_index.csv
SparrKULee,sub-029_ses-varyingStories01_task-listeningActive_run-08_desc-preproc-audio-audiobook_7_1_eeg.npy,64,ENVELOPE_64; raw audio rate separately audited,0,245.734375,publisher common prefix consumption; no re-normalization/split,UNKNOWN,UNKNOWN,/home/fanyu/auditory_simulation_m6a/pub_01/s06/sparrkulee_virtual_20260919_v4/cleaning_index.csv
SparrKULee,sub-029_ses-varyingStories01_task-listeningActive_run-09_desc-preproc-audio-audiobook_7_2_eeg.npy,64,ENVELOPE_64; raw audio rate separately audited,0,241.875,publisher common prefix consumption; no re-normalization/split,UNKNOWN,UNKNOWN,/home/fanyu/auditory_simulation_m6a/pub_01/s06/sparrkulee_virtual_20260919_v4/cleaning_index.csv
SparrKULee,sub-029_ses-varyingStories01_task-listeningActive_run-10_desc-preproc-audio-audiobook_7_3_eeg.npy,64,ENVELOPE_64; raw audio rate separately audited,0,235.5,publisher common prefix consumption; no re-normalization/split,UNKNOWN,UNKNOWN,/home/fanyu/auditory_simulation_m6a/pub_01/s06/sparrkulee_virtual_20260919_v4/cleaning_index.csv
SparrKULee,sub-029_ses-varyingStories01_task-listeningActive_run-11_desc-preproc-audio-audiobook_7_4_eeg.npy,64,ENVELOPE_64; raw audio rate separately audited,0,326.515625,publisher common prefix consumption; no re-normalization/split,UNKNOWN,UNKNOWN,/home/fanyu/auditory_simulation_m6a/pub_01/s06/sparrkulee_virtual_20260919_v4/cleaning_index.csv
SparrKULee,sub-029_ses-varyingStories01_task-listeningActive_run-12_desc-preproc-audio-audiobook_7_5_eeg.npy,64,ENVELOPE_64; raw audio rate separately audited,0,119.40625,publisher common prefix consumption; no re-normalization/split,UNKNOWN,UNKNOWN,/home/fanyu/auditory_simulation_m6a/pub_01/s06/sparrkulee_virtual_20260919_v4/cleaning_index.csv
SparrKULee,sub-029_ses-varyingStories01_task-listeningActive_run-13_desc-preproc-audio-audiobook_7_6_eeg.npy,64,ENVELOPE_64; raw audio rate separately audited,0,121.03125,publisher common prefix consumption; no re-normalization/split,UNKNOWN,UNKNOWN,/home/fanyu/auditory_simulation_m6a/pub_01/s06/sparrkulee_virtual_20260919_v4/cleaning_index.csv
SparrKULee,sub-030_ses-varyingStories01_task-listeningActive_run-01_desc-preproc-audio-podcast_1_eeg.npy,64,ENVELOPE_64; raw audio rate separately audited,0,953.9375,publisher common prefix consumption; no re-normalization/split,UNKNOWN,UNKNOWN,/home/fanyu/auditory_simulation_m6a/pub_01/s06/sparrkulee_virtual_20260919_v4/cleaning_index.csv
SparrKULee,sub-030_ses-varyingStories01_task-listeningActive_run-02_desc-preproc-audio-podcast_2_eeg.npy,64,ENVELOPE_64; raw audio rate separately audited,0,1134.78125,publisher common prefix consumption; no re-normalization/split,UNKNOWN,UNKNOWN,/home/fanyu/auditory_simulation_m6a/pub_01/s06/sparrkulee_virtual_20260919_v4/cleaning_index.csv
SparrKULee,sub-030_ses-varyingStories01_task-listeningActive_run-03_desc-preproc-audio-audiobook_7_1_eeg.npy,64,ENVELOPE_64; raw audio rate separately audited,0,245.734375,publisher common prefix consumption; no re-normalization/split,UNKNOWN,UNKNOWN,/home/fanyu/auditory_simulation_m6a/pub_01/s06/sparrkulee_virtual_20260919_v4/cleaning_index.csv
SparrKULee,sub-030_ses-varyingStories01_task-listeningActive_run-04_desc-preproc-audio-audiobook_7_2_eeg.npy,64,ENVELOPE_64; raw audio rate separately audited,0,241.875,publisher common prefix consumption; no re-normalization/split,UNKNOWN,UNKNOWN,/home/fanyu/auditory_simulation_m6a/pub_01/s06/sparrkulee_virtual_20260919_v4/cleaning_index.csv
SparrKULee,sub-030_ses-varyingStories01_task-listeningActive_run-05_desc-preproc-audio-audiobook_7_3_eeg.npy,64,ENVELOPE_64; raw audio rate separately audited,0,235.5,publisher common prefix consumption; no re-normalization/split,UNKNOWN,UNKNOWN,/home/fanyu/auditory_simulation_m6a/pub_01/s06/sparrkulee_virtual_20260919_v4/cleaning_index.csv
SparrKULee,sub-030_ses-varyingStories01_task-listeningActive_run-06_desc-preproc-audio-audiobook_7_4_eeg.npy,64,ENVELOPE_64; raw audio rate separately audited,0,326.515625,publisher common prefix consumption; no re-normalization/split,UNKNOWN,UNKNOWN,/home/fanyu/auditory_simulation_m6a/pub_01/s06/sparrkulee_virtual_20260919_v4/cleaning_index.csv
SparrKULee,sub-030_ses-varyingStories01_task-listeningActive_run-07_desc-preproc-audio-audiobook_7_5_eeg.npy,64,ENVELOPE_64; raw audio rate separately audited,0,119.40625,publisher common prefix consumption; no re-normalization/split,UNKNOWN,UNKNOWN,/home/fanyu/auditory_simulation_m6a/pub_01/s06/sparrkulee_virtual_20260919_v4/cleaning_index.csv
SparrKULee,sub-030_ses-varyingStories01_task-listeningActive_run-08_desc-preproc-audio-audiobook_7_6_eeg.npy,64,ENVELOPE_64; raw audio rate separately audited,0,121.03125,publisher common prefix consumption; no re-normalization/split,UNKNOWN,UNKNOWN,/home/fanyu/auditory_simulation_m6a/pub_01/s06/sparrkulee_virtual_20260919_v4/cleaning_index.csv
SparrKULee,sub-030_ses-varyingStories01_task-listeningActive_run-10_desc-preproc-audio-podcast_3_eeg.npy,64,ENVELOPE_64; raw audio rate separately audited,0,727.25,publisher common prefix consumption; no re-normalization/split,UNKNOWN,UNKNOWN,/home/fanyu/auditory_simulation_m6a/pub_01/s06/sparrkulee_virtual_20260919_v4/cleaning_index.csv
SparrKULee,sub-030_ses-varyingStories01_task-listeningActive_run-11_desc-preproc-audio-audiobook_1_eeg.npy,64,ENVELOPE_64; raw audio rate separately audited,0,936.84375,publisher common prefix consumption; no re-normalization/split,UNKNOWN,UNKNOWN,/home/fanyu/auditory_simulation_m6a/pub_01/s06/sparrkulee_virtual_20260919_v4/cleaning_index.csv
SparrKULee,sub-030_ses-varyingStories01_task-listeningActive_run-12_desc-preproc-audio-podcast_10_eeg.npy,64,ENVELOPE_64; raw audio rate separately audited,0,835.328125,publisher common prefix consumption; no re-normalization/split,UNKNOWN,UNKNOWN,/home/fanyu/auditory_simulation_m6a/pub_01/s06/sparrkulee_virtual_20260919_v4/cleaning_index.csv
SparrKULee,sub-030_ses-varyingStories01_task-listeningActive_run-13_desc-preproc-audio-podcast_4_eeg.npy,64,ENVELOPE_64; raw audio rate separately audited,0,987.578125,publisher common prefix consumption; no re-normalization/split,UNKNOWN,UNKNOWN,/home/fanyu/auditory_simulation_m6a/pub_01/s06/sparrkulee_virtual_20260919_v4/cleaning_index.csv
SparrKULee,sub-031_ses-varyingStories01_task-listeningActive_run-01_desc-preproc-audio-podcast_4_eeg.npy,64,ENVELOPE_64; raw audio rate separately audited,0,987.578125,publisher common prefix consumption; no re-normalization/split,UNKNOWN,UNKNOWN,/home/fanyu/auditory_simulation_m6a/pub_01/s06/sparrkulee_virtual_20260919_v4/cleaning_index.csv
SparrKULee,sub-031_ses-varyingStories01_task-listeningActive_run-02_desc-preproc-audio-podcast_10_eeg.npy,64,ENVELOPE_64; raw audio rate separately audited,0,835.328125,publisher common prefix consumption; no re-normalization/split,UNKNOWN,UNKNOWN,/home/fanyu/auditory_simulation_m6a/pub_01/s06/sparrkulee_virtual_20260919_v4/cleaning_index.csv
SparrKULee,sub-031_ses-varyingStories01_task-listeningActive_run-03_desc-preproc-audio-podcast_2_eeg.npy,64,ENVELOPE_64; raw audio rate separately audited,0,1134.78125,publisher common prefix consumption; no re-normalization/split,UNKNOWN,UNKNOWN,/home/fanyu/auditory_simulation_m6a/pub_01/s06/sparrkulee_virtual_20260919_v4/cleaning_index.csv
SparrKULee,sub-031_ses-varyingStories01_task-listeningActive_run-04_desc-preproc-audio-podcast_3_eeg.npy,64,ENVELOPE_64; raw audio rate separately audited,0,727.25,publisher common prefix consumption; no re-normalization/split,UNKNOWN,UNKNOWN,/home/fanyu/auditory_simulation_m6a/pub_01/s06/sparrkulee_virtual_20260919_v4/cleaning_index.csv
SparrKULee,sub-031_ses-varyingStories01_task-listeningActive_run-06_desc-preproc-audio-audiobook_1_eeg.npy,64,ENVELOPE_64; raw audio rate separately audited,0,936.84375,publisher common prefix consumption; no re-normalization/split,UNKNOWN,UNKNOWN,/home/fanyu/auditory_simulation_m6a/pub_01/s06/sparrkulee_virtual_20260919_v4/cleaning_index.csv
SparrKULee,sub-031_ses-varyingStories01_task-listeningActive_run-07_desc-preproc-audio-audiobook_7_1_eeg.npy,64,ENVELOPE_64; raw audio rate separately audited,0,245.734375,publisher common prefix consumption; no re-normalization/split,UNKNOWN,UNKNOWN,/home/fanyu/auditory_simulation_m6a/pub_01/s06/sparrkulee_virtual_20260919_v4/cleaning_index.csv
SparrKULee,sub-031_ses-varyingStories01_task-listeningActive_run-08_desc-preproc-audio-audiobook_7_2_eeg.npy,64,ENVELOPE_64; raw audio rate separately audited,0,241.875,publisher common prefix consumption; no re-normalization/split,UNKNOWN,UNKNOWN,/home/fanyu/auditory_simulation_m6a/pub_01/s06/sparrkulee_virtual_20260919_v4/cleaning_index.csv
SparrKULee,sub-031_ses-varyingStories01_task-listeningActive_run-09_desc-preproc-audio-audiobook_7_3_eeg.npy,64,ENVELOPE_64; raw audio rate separately audited,0,235.5,publisher common prefix consumption; no re-normalization/split,UNKNOWN,UNKNOWN,/home/fanyu/auditory_simulation_m6a/pub_01/s06/sparrkulee_virtual_20260919_v4/cleaning_index.csv
SparrKULee,sub-031_ses-varyingStories01_task-listeningActive_run-10_desc-preproc-audio-audiobook_7_4_eeg.npy,64,ENVELOPE_64; raw audio rate separately audited,0,326.515625,publisher common prefix consumption; no re-normalization/split,UNKNOWN,UNKNOWN,/home/fanyu/auditory_simulation_m6a/pub_01/s06/sparrkulee_virtual_20260919_v4/cleaning_index.csv
SparrKULee,sub-031_ses-varyingStories01_task-listeningActive_run-11_desc-preproc-audio-audiobook_7_5_eeg.npy,64,ENVELOPE_64; raw audio rate separately audited,0,119.40625,publisher common prefix consumption; no re-normalization/split,UNKNOWN,UNKNOWN,/home/fanyu/auditory_simulation_m6a/pub_01/s06/sparrkulee_virtual_20260919_v4/cleaning_index.csv
SparrKULee,sub-031_ses-varyingStories01_task-listeningActive_run-12_desc-preproc-audio-audiobook_7_6_eeg.npy,64,ENVELOPE_64; raw audio rate separately audited,0,121.03125,publisher common prefix consumption; no re-normalization/split,UNKNOWN,UNKNOWN,/home/fanyu/auditory_simulation_m6a/pub_01/s06/sparrkulee_virtual_20260919_v4/cleaning_index.csv
SparrKULee,sub-031_ses-varyingStories01_task-listeningActive_run-13_desc-preproc-audio-podcast_1_eeg.npy,64,ENVELOPE_64; raw audio rate separately audited,0,953.9375,publisher common prefix consumption; no re-normalization/split,UNKNOWN,UNKNOWN,/home/fanyu/auditory_simulation_m6a/pub_01/s06/sparrkulee_virtual_20260919_v4/cleaning_index.csv
SparrKULee,sub-032_ses-varyingStories02_task-listeningActive_run-01_desc-preproc-audio-podcast_10_eeg.npy,64,ENVELOPE_64; raw audio rate separately audited,0,835.328125,publisher common prefix consumption; no re-normalization/split,UNKNOWN,UNKNOWN,/home/fanyu/auditory_simulation_m6a/pub_01/s06/sparrkulee_virtual_20260919_v4/cleaning_index.csv
SparrKULee,sub-032_ses-varyingStories02_task-listeningActive_run-02_desc-preproc-audio-podcast_8_eeg.npy,64,ENVELOPE_64; raw audio rate separately audited,0,1013.109375,publisher common prefix consumption; no re-normalization/split,UNKNOWN,UNKNOWN,/home/fanyu/auditory_simulation_m6a/pub_01/s06/sparrkulee_virtual_20260919_v4/cleaning_index.csv
SparrKULee,sub-032_ses-varyingStories02_task-listeningActive_run-03_desc-preproc-audio-audiobook_8_1_eeg.npy,64,ENVELOPE_64; raw audio rate separately audited,0,747.15625,publisher common prefix consumption; no re-normalization/split,UNKNOWN,UNKNOWN,/home/fanyu/auditory_simulation_m6a/pub_01/s06/sparrkulee_virtual_20260919_v4/cleaning_index.csv
SparrKULee,sub-032_ses-varyingStories02_task-listeningActive_run-04_desc-preproc-audio-audiobook_8_2_eeg.npy,64,ENVELOPE_64; raw audio rate separately audited,0,779.15625,publisher common prefix consumption; no re-normalization/split,UNKNOWN,UNKNOWN,/home/fanyu/auditory_simulation_m6a/pub_01/s06/sparrkulee_virtual_20260919_v4/cleaning_index.csv
SparrKULee,sub-032_ses-varyingStories02_task-listeningActive_run-06_desc-preproc-audio-audiobook_1_eeg.npy,64,ENVELOPE_64; raw audio rate separately audited,0,936.84375,publisher common prefix consumption; no re-normalization/split,UNKNOWN,UNKNOWN,/home/fanyu/auditory_simulation_m6a/pub_01/s06/sparrkulee_virtual_20260919_v4/cleaning_index.csv
SparrKULee,sub-032_ses-varyingStories02_task-listeningActive_run-07_desc-preproc-audio-podcast_5_eeg.npy,64,ENVELOPE_64; raw audio rate separately audited,0,995.328125,publisher common prefix consumption; no re-normalization/split,UNKNOWN,UNKNOWN,/home/fanyu/auditory_simulation_m6a/pub_01/s06/sparrkulee_virtual_20260919_v4/cleaning_index.csv
SparrKULee,sub-032_ses-varyingStories02_task-listeningActive_run-08_desc-preproc-audio-podcast_6_eeg.npy,64,ENVELOPE_64; raw audio rate separately audited,0,844.75,publisher common prefix consumption; no re-normalization/split,UNKNOWN,UNKNOWN,/home/fanyu/auditory_simulation_m6a/pub_01/s06/sparrkulee_virtual_20260919_v4/cleaning_index.csv
SparrKULee,sub-032_ses-varyingStories02_task-listeningActive_run-09_desc-preproc-audio-podcast_7_eeg.npy,64,ENVELOPE_64; raw audio rate separately audited,0,985.0625,publisher common prefix consumption; no re-normalization/split,UNKNOWN,UNKNOWN,/home/fanyu/auditory_simulation_m6a/pub_01/s06/sparrkulee_virtual_20260919_v4/cleaning_index.csv
SparrKULee,sub-033_ses-varyingStories02_task-listeningActive_run-01_desc-preproc-audio-podcast_7_eeg.npy,64,ENVELOPE_64; raw audio rate separately audited,0,985.0625,publisher common prefix consumption; no re-normalization/split,UNKNOWN,UNKNOWN,/home/fanyu/auditory_simulation_m6a/pub_01/s06/sparrkulee_virtual_20260919_v4/cleaning_index.csv
SparrKULee,sub-033_ses-varyingStories02_task-listeningActive_run-02_desc-preproc-audio-podcast_10_eeg.npy,64,ENVELOPE_64; raw audio rate separately audited,0,835.328125,publisher common prefix consumption; no re-normalization/split,UNKNOWN,UNKNOWN,/home/fanyu/auditory_simulation_m6a/pub_01/s06/sparrkulee_virtual_20260919_v4/cleaning_index.csv
SparrKULee,sub-033_ses-varyingStories02_task-listeningActive_run-03_desc-preproc-audio-podcast_5_eeg.npy,64,ENVELOPE_64; raw audio rate separately audited,0,995.328125,publisher common prefix consumption; no re-normalization/split,UNKNOWN,UNKNOWN,/home/fanyu/auditory_simulation_m6a/pub_01/s06/sparrkulee_virtual_20260919_v4/cleaning_index.csv
SparrKULee,sub-033_ses-varyingStories02_task-listeningActive_run-04_desc-preproc-audio-audiobook_8_1_eeg.npy,64,ENVELOPE_64; raw audio rate separately audited,0,747.15625,publisher common prefix consumption; no re-normalization/split,UNKNOWN,UNKNOWN,/home/fanyu/auditory_simulation_m6a/pub_01/s06/sparrkulee_virtual_20260919_v4/cleaning_index.csv
SparrKULee,sub-033_ses-varyingStories02_task-listeningActive_run-05_desc-preproc-audio-audiobook_8_2_eeg.npy,64,ENVELOPE_64; raw audio rate separately audited,0,779.15625,publisher common prefix consumption; no re-normalization/split,UNKNOWN,UNKNOWN,/home/fanyu/auditory_simulation_m6a/pub_01/s06/sparrkulee_virtual_20260919_v4/cleaning_index.csv
SparrKULee,sub-033_ses-varyingStories02_task-listeningActive_run-07_desc-preproc-audio-podcast_8_eeg.npy,64,ENVELOPE_64; raw audio rate separately audited,0,1013.109375,publisher common prefix consumption; no re-normalization/split,UNKNOWN,UNKNOWN,/home/fanyu/auditory_simulation_m6a/pub_01/s06/sparrkulee_virtual_20260919_v4/cleaning_index.csv
SparrKULee,sub-033_ses-varyingStories02_task-listeningActive_run-08_desc-preproc-audio-audiobook_1_eeg.npy,64,ENVELOPE_64; raw audio rate separately audited,0,936.84375,publisher common prefix consumption; no re-normalization/split,UNKNOWN,UNKNOWN,/home/fanyu/auditory_simulation_m6a/pub_01/s06/sparrkulee_virtual_20260919_v4/cleaning_index.csv
SparrKULee,sub-033_ses-varyingStories02_task-listeningActive_run-09_desc-preproc-audio-podcast_6_eeg.npy,64,ENVELOPE_64; raw audio rate separately audited,0,844.75,publisher common prefix consumption; no re-normalization/split,UNKNOWN,UNKNOWN,/home/fanyu/auditory_simulation_m6a/pub_01/s06/sparrkulee_virtual_20260919_v4/cleaning_index.csv
SparrKULee,sub-034_ses-varyingStories02_task-listeningActive_run-01_desc-preproc-audio-podcast_7_eeg.npy,64,ENVELOPE_64; raw audio rate separately audited,0,985.0625,publisher common prefix consumption; no re-normalization/split,UNKNOWN,UNKNOWN,/home/fanyu/auditory_simulation_m6a/pub_01/s06/sparrkulee_virtual_20260919_v4/cleaning_index.csv
SparrKULee,sub-034_ses-varyingStories02_task-listeningActive_run-02_desc-preproc-audio-podcast_10_eeg.npy,64,ENVELOPE_64; raw audio rate separately audited,0,835.328125,publisher common prefix consumption; no re-normalization/split,UNKNOWN,UNKNOWN,/home/fanyu/auditory_simulation_m6a/pub_01/s06/sparrkulee_virtual_20260919_v4/cleaning_index.csv
SparrKULee,sub-034_ses-varyingStories02_task-listeningActive_run-03_desc-preproc-audio-audiobook_8_1_eeg.npy,64,ENVELOPE_64; raw audio rate separately audited,0,747.15625,publisher common prefix consumption; no re-normalization/split,UNKNOWN,UNKNOWN,/home/fanyu/auditory_simulation_m6a/pub_01/s06/sparrkulee_virtual_20260919_v4/cleaning_index.csv
SparrKULee,sub-034_ses-varyingStories02_task-listeningActive_run-04_desc-preproc-audio-audiobook_8_2_eeg.npy,64,ENVELOPE_64; raw audio rate separately audited,0,779.15625,publisher common prefix consumption; no re-normalization/split,UNKNOWN,UNKNOWN,/home/fanyu/auditory_simulation_m6a/pub_01/s06/sparrkulee_virtual_20260919_v4/cleaning_index.csv
SparrKULee,sub-034_ses-varyingStories02_task-listeningActive_run-06_desc-preproc-audio-podcast_8_eeg.npy,64,ENVELOPE_64; raw audio rate separately audited,0,1013.109375,publisher common prefix consumption; no re-normalization/split,UNKNOWN,UNKNOWN,/home/fanyu/auditory_simulation_m6a/pub_01/s06/sparrkulee_virtual_20260919_v4/cleaning_index.csv
SparrKULee,sub-034_ses-varyingStories02_task-listeningActive_run-07_desc-preproc-audio-podcast_5_eeg.npy,64,ENVELOPE_64; raw audio rate separately audited,0,995.328125,publisher common prefix consumption; no re-normalization/split,UNKNOWN,UNKNOWN,/home/fanyu/auditory_simulation_m6a/pub_01/s06/sparrkulee_virtual_20260919_v4/cleaning_index.csv
SparrKULee,sub-034_ses-varyingStories02_task-listeningActive_run-08_desc-preproc-audio-podcast_6_eeg.npy,64,ENVELOPE_64; raw audio rate separately audited,0,844.75,publisher common prefix consumption; no re-normalization/split,UNKNOWN,UNKNOWN,/home/fanyu/auditory_simulation_m6a/pub_01/s06/sparrkulee_virtual_20260919_v4/cleaning_index.csv
SparrKULee,sub-034_ses-varyingStories02_task-listeningActive_run-09_desc-preproc-audio-audiobook_1_eeg.npy,64,ENVELOPE_64; raw audio rate separately audited,0,936.84375,publisher common prefix consumption; no re-normalization/split,UNKNOWN,UNKNOWN,/home/fanyu/auditory_simulation_m6a/pub_01/s06/sparrkulee_virtual_20260919_v4/cleaning_index.csv
SparrKULee,sub-035_ses-varyingStories02_task-listeningActive_run-01_desc-preproc-audio-podcast_8_eeg.npy,64,ENVELOPE_64; raw audio rate separately audited,0,1013.109375,publisher common prefix consumption; no re-normalization/split,UNKNOWN,UNKNOWN,/home/fanyu/auditory_simulation_m6a/pub_01/s06/sparrkulee_virtual_20260919_v4/cleaning_index.csv
SparrKULee,sub-035_ses-varyingStories02_task-listeningActive_run-02_desc-preproc-audio-podcast_10_eeg.npy,64,ENVELOPE_64; raw audio rate separately audited,0,835.328125,publisher common prefix consumption; no re-normalization/split,UNKNOWN,UNKNOWN,/home/fanyu/auditory_simulation_m6a/pub_01/s06/sparrkulee_virtual_20260919_v4/cleaning_index.csv
SparrKULee,sub-035_ses-varyingStories02_task-listeningActive_run-03_desc-preproc-audio-audiobook_1_eeg.npy,64,ENVELOPE_64; raw audio rate separately audited,0,936.84375,publisher common prefix consumption; no re-normalization/split,UNKNOWN,UNKNOWN,/home/fanyu/auditory_simulation_m6a/pub_01/s06/sparrkulee_virtual_20260919_v4/cleaning_index.csv
SparrKULee,sub-035_ses-varyingStories02_task-listeningActive_run-04_desc-preproc-audio-audiobook_8_1_eeg.npy,64,ENVELOPE_64; raw audio rate separately audited,0,747.15625,publisher common prefix consumption; no re-normalization/split,UNKNOWN,UNKNOWN,/home/fanyu/auditory_simulation_m6a/pub_01/s06/sparrkulee_virtual_20260919_v4/cleaning_index.csv
SparrKULee,sub-035_ses-varyingStories02_task-listeningActive_run-05_desc-preproc-audio-audiobook_8_2_eeg.npy,64,ENVELOPE_64; raw audio rate separately audited,0,779.15625,publisher common prefix consumption; no re-normalization/split,UNKNOWN,UNKNOWN,/home/fanyu/auditory_simulation_m6a/pub_01/s06/sparrkulee_virtual_20260919_v4/cleaning_index.csv
SparrKULee,sub-035_ses-varyingStories02_task-listeningActive_run-06_desc-preproc-audio-podcast_6_eeg.npy,64,ENVELOPE_64; raw audio rate separately audited,0,844.75,publisher common prefix consumption; no re-normalization/split,UNKNOWN,UNKNOWN,/home/fanyu/auditory_simulation_m6a/pub_01/s06/sparrkulee_virtual_20260919_v4/cleaning_index.csv
SparrKULee,sub-035_ses-varyingStories02_task-listeningActive_run-07_desc-preproc-audio-podcast_5_eeg.npy,64,ENVELOPE_64; raw audio rate separately audited,0,995.328125,publisher common prefix consumption; no re-normalization/split,UNKNOWN,UNKNOWN,/home/fanyu/auditory_simulation_m6a/pub_01/s06/sparrkulee_virtual_20260919_v4/cleaning_index.csv
SparrKULee,sub-035_ses-varyingStories02_task-listeningActive_run-08_desc-preproc-audio-podcast_7_eeg.npy,64,ENVELOPE_64; raw audio rate separately audited,0,985.0625,publisher common prefix consumption; no re-normalization/split,UNKNOWN,UNKNOWN,/home/fanyu/auditory_simulation_m6a/pub_01/s06/sparrkulee_virtual_20260919_v4/cleaning_index.csv
SparrKULee,sub-036_ses-varyingStories02_task-listeningActive_run-01_desc-preproc-audio-podcast_10_eeg.npy,64,ENVELOPE_64; raw audio rate separately audited,0,835.328125,publisher common prefix consumption; no re-normalization/split,UNKNOWN,UNKNOWN,/home/fanyu/auditory_simulation_m6a/pub_01/s06/sparrkulee_virtual_20260919_v4/cleaning_index.csv
SparrKULee,sub-036_ses-varyingStories02_task-listeningActive_run-02_desc-preproc-audio-audiobook_8_1_eeg.npy,64,ENVELOPE_64; raw audio rate separately audited,0,747.15625,publisher common prefix consumption; no re-normalization/split,UNKNOWN,UNKNOWN,/home/fanyu/auditory_simulation_m6a/pub_01/s06/sparrkulee_virtual_20260919_v4/cleaning_index.csv
SparrKULee,sub-036_ses-varyingStories02_task-listeningActive_run-03_desc-preproc-audio-audiobook_8_2_eeg.npy,64,ENVELOPE_64; raw audio rate separately audited,0,779.15625,publisher common prefix consumption; no re-normalization/split,UNKNOWN,UNKNOWN,/home/fanyu/auditory_simulation_m6a/pub_01/s06/sparrkulee_virtual_20260919_v4/cleaning_index.csv
SparrKULee,sub-036_ses-varyingStories02_task-listeningActive_run-04_desc-preproc-audio-audiobook_1_eeg.npy,64,ENVELOPE_64; raw audio rate separately audited,0,936.84375,publisher common prefix consumption; no re-normalization/split,UNKNOWN,UNKNOWN,/home/fanyu/auditory_simulation_m6a/pub_01/s06/sparrkulee_virtual_20260919_v4/cleaning_index.csv
SparrKULee,sub-036_ses-varyingStories02_task-listeningActive_run-05_desc-preproc-audio-podcast_6_eeg.npy,64,ENVELOPE_64; raw audio rate separately audited,0,844.75,publisher common prefix consumption; no re-normalization/split,UNKNOWN,UNKNOWN,/home/fanyu/auditory_simulation_m6a/pub_01/s06/sparrkulee_virtual_20260919_v4/cleaning_index.csv
SparrKULee,sub-036_ses-varyingStories02_task-listeningActive_run-06_desc-preproc-audio-podcast_8_eeg.npy,64,ENVELOPE_64; raw audio rate separately audited,0,1013.109375,publisher common prefix consumption; no re-normalization/split,UNKNOWN,UNKNOWN,/home/fanyu/auditory_simulation_m6a/pub_01/s06/sparrkulee_virtual_20260919_v4/cleaning_index.csv
SparrKULee,sub-036_ses-varyingStories02_task-listeningActive_run-07_desc-preproc-audio-podcast_5_eeg.npy,64,ENVELOPE_64; raw audio rate separately audited,0,995.328125,publisher common prefix consumption; no re-normalization/split,UNKNOWN,UNKNOWN,/home/fanyu/auditory_simulation_m6a/pub_01/s06/sparrkulee_virtual_20260919_v4/cleaning_index.csv
SparrKULee,sub-036_ses-varyingStories02_task-listeningActive_run-09_desc-preproc-audio-podcast_7_eeg.npy,64,ENVELOPE_64; raw audio rate separately audited,0,985.0625,publisher common prefix consumption; no re-normalization/split,UNKNOWN,UNKNOWN,/home/fanyu/auditory_simulation_m6a/pub_01/s06/sparrkulee_virtual_20260919_v4/cleaning_index.csv
SparrKULee,sub-037_ses-varyingStories03_task-listeningActive_run-01_desc-preproc-audio-audiobook_9_1_eeg.npy,64,ENVELOPE_64; raw audio rate separately audited,0,647.015625,publisher common prefix consumption; no re-normalization/split,UNKNOWN,UNKNOWN,/home/fanyu/auditory_simulation_m6a/pub_01/s06/sparrkulee_virtual_20260919_v4/cleaning_index.csv
SparrKULee,sub-037_ses-varyingStories03_task-listeningActive_run-02_desc-preproc-audio-audiobook_9_2_eeg.npy,64,ENVELOPE_64; raw audio rate separately audited,0,881.015625,publisher common prefix consumption; no re-normalization/split,UNKNOWN,UNKNOWN,/home/fanyu/auditory_simulation_m6a/pub_01/s06/sparrkulee_virtual_20260919_v4/cleaning_index.csv
SparrKULee,sub-037_ses-varyingStories03_task-listeningActive_run-03_desc-preproc-audio-podcast_10_eeg.npy,64,ENVELOPE_64; raw audio rate separately audited,0,835.328125,publisher common prefix consumption; no re-normalization/split,UNKNOWN,UNKNOWN,/home/fanyu/auditory_simulation_m6a/pub_01/s06/sparrkulee_virtual_20260919_v4/cleaning_index.csv
SparrKULee,sub-037_ses-varyingStories03_task-listeningActive_run-04_desc-preproc-audio-podcast_9_eeg.npy,64,ENVELOPE_64; raw audio rate separately audited,0,1191.421875,publisher common prefix consumption; no re-normalization/split,UNKNOWN,UNKNOWN,/home/fanyu/auditory_simulation_m6a/pub_01/s06/sparrkulee_virtual_20260919_v4/cleaning_index.csv
SparrKULee,sub-037_ses-varyingStories03_task-listeningActive_run-06_desc-preproc-audio-podcast_12_eeg.npy,64,ENVELOPE_64; raw audio rate separately audited,0,1052.171875,publisher common prefix consumption; no re-normalization/split,UNKNOWN,UNKNOWN,/home/fanyu/auditory_simulation_m6a/pub_01/s06/sparrkulee_virtual_20260919_v4/cleaning_index.csv
SparrKULee,sub-037_ses-varyingStories03_task-listeningActive_run-07_desc-preproc-audio-audiobook_1_eeg.npy,64,ENVELOPE_64; raw audio rate separately audited,0,936.84375,publisher common prefix consumption; no re-normalization/split,UNKNOWN,UNKNOWN,/home/fanyu/auditory_simulation_m6a/pub_01/s06/sparrkulee_virtual_20260919_v4/cleaning_index.csv
SparrKULee,sub-037_ses-varyingStories03_task-listeningActive_run-08_desc-preproc-audio-podcast_11_eeg.npy,64,ENVELOPE_64; raw audio rate separately audited,0,900.015625,publisher common prefix consumption; no re-normalization/split,UNKNOWN,UNKNOWN,/home/fanyu/auditory_simulation_m6a/pub_01/s06/sparrkulee_virtual_20260919_v4/cleaning_index.csv
SparrKULee,sub-038_ses-varyingStories03_task-listeningActive_run-03_desc-preproc-audio-audiobook_9_1_eeg.npy,64,ENVELOPE_64; raw audio rate separately audited,0,647.015625,publisher common prefix consumption; no re-normalization/split,UNKNOWN,UNKNOWN,/home/fanyu/auditory_simulation_m6a/pub_01/s06/sparrkulee_virtual_20260919_v4/cleaning_index.csv
SparrKULee,sub-038_ses-varyingStories03_task-listeningActive_run-04_desc-preproc-audio-audiobook_9_2_eeg.npy,64,ENVELOPE_64; raw audio rate separately audited,0,881.015625,publisher common prefix consumption; no re-normalization/split,UNKNOWN,UNKNOWN,/home/fanyu/auditory_simulation_m6a/pub_01/s06/sparrkulee_virtual_20260919_v4/cleaning_index.csv
SparrKULee,sub-038_ses-varyingStories03_task-listeningActive_run-05_desc-preproc-audio-podcast_11_eeg.npy,64,ENVELOPE_64; raw audio rate separately audited,0,900.015625,publisher common prefix consumption; no re-normalization/split,UNKNOWN,UNKNOWN,/home/fanyu/auditory_simulation_m6a/pub_01/s06/sparrkulee_virtual_20260919_v4/cleaning_index.csv
SparrKULee,sub-038_ses-varyingStories03_task-listeningActive_run-06_desc-preproc-audio-audiobook_1_eeg.npy,64,ENVELOPE_64; raw audio rate separately audited,0,936.84375,publisher common prefix consumption; no re-normalization/split,UNKNOWN,UNKNOWN,/home/fanyu/auditory_simulation_m6a/pub_01/s06/sparrkulee_virtual_20260919_v4/cleaning_index.csv
SparrKULee,sub-038_ses-varyingStories03_task-listeningActive_run-07_desc-preproc-audio-podcast_12_eeg.npy,64,ENVELOPE_64; raw audio rate separately audited,0,1052.171875,publisher common prefix consumption; no re-normalization/split,UNKNOWN,UNKNOWN,/home/fanyu/auditory_simulation_m6a/pub_01/s06/sparrkulee_virtual_20260919_v4/cleaning_index.csv
SparrKULee,sub-038_ses-varyingStories03_task-listeningActive_run-08_desc-preproc-audio-podcast_10_eeg.npy,64,ENVELOPE_64; raw audio rate separately audited,0,835.328125,publisher common prefix consumption; no re-normalization/split,UNKNOWN,UNKNOWN,/home/fanyu/auditory_simulation_m6a/pub_01/s06/sparrkulee_virtual_20260919_v4/cleaning_index.csv
SparrKULee,sub-038_ses-varyingStories03_task-listeningActive_run-09_desc-preproc-audio-podcast_9_eeg.npy,64,ENVELOPE_64; raw audio rate separately audited,0,1191.421875,publisher common prefix consumption; no re-normalization/split,UNKNOWN,UNKNOWN,/home/fanyu/auditory_simulation_m6a/pub_01/s06/sparrkulee_virtual_20260919_v4/cleaning_index.csv
SparrKULee,sub-039_ses-varyingStories03_task-listeningActive_run-01_desc-preproc-audio-audiobook_9_1_eeg.npy,64,ENVELOPE_64; raw audio rate separately audited,0,647.015625,publisher common prefix consumption; no re-normalization/split,UNKNOWN,UNKNOWN,/home/fanyu/auditory_simulation_m6a/pub_01/s06/sparrkulee_virtual_20260919_v4/cleaning_index.csv
SparrKULee,sub-039_ses-varyingStories03_task-listeningActive_run-02_desc-preproc-audio-audiobook_9_2_eeg.npy,64,ENVELOPE_64; raw audio rate separately audited,0,881.015625,publisher common prefix consumption; no re-normalization/split,UNKNOWN,UNKNOWN,/home/fanyu/auditory_simulation_m6a/pub_01/s06/sparrkulee_virtual_20260919_v4/cleaning_index.csv
SparrKULee,sub-039_ses-varyingStories03_task-listeningActive_run-03_desc-preproc-audio-audiobook_1_eeg.npy,64,ENVELOPE_64; raw audio rate separately audited,0,936.84375,publisher common prefix consumption; no re-normalization/split,UNKNOWN,UNKNOWN,/home/fanyu/auditory_simulation_m6a/pub_01/s06/sparrkulee_virtual_20260919_v4/cleaning_index.csv
SparrKULee,sub-039_ses-varyingStories03_task-listeningActive_run-04_desc-preproc-audio-podcast_9_eeg.npy,64,ENVELOPE_64; raw audio rate separately audited,0,1191.421875,publisher common prefix consumption; no re-normalization/split,UNKNOWN,UNKNOWN,/home/fanyu/auditory_simulation_m6a/pub_01/s06/sparrkulee_virtual_20260919_v4/cleaning_index.csv
SparrKULee,sub-039_ses-varyingStories03_task-listeningActive_run-05_desc-preproc-audio-podcast_11_eeg.npy,64,ENVELOPE_64; raw audio rate separately audited,0,900.015625,publisher common prefix consumption; no re-normalization/split,UNKNOWN,UNKNOWN,/home/fanyu/auditory_simulation_m6a/pub_01/s06/sparrkulee_virtual_20260919_v4/cleaning_index.csv
SparrKULee,sub-039_ses-varyingStories03_task-listeningActive_run-07_desc-preproc-audio-podcast_12_eeg.npy,64,ENVELOPE_64; raw audio rate separately audited,0,1052.171875,publisher common prefix consumption; no re-normalization/split,UNKNOWN,UNKNOWN,/home/fanyu/auditory_simulation_m6a/pub_01/s06/sparrkulee_virtual_20260919_v4/cleaning_index.csv
SparrKULee,sub-039_ses-varyingStories03_task-listeningActive_run-08_desc-preproc-audio-podcast_10_eeg.npy,64,ENVELOPE_64; raw audio rate separately audited,0,835.328125,publisher common prefix consumption; no re-normalization/split,UNKNOWN,UNKNOWN,/home/fanyu/auditory_simulation_m6a/pub_01/s06/sparrkulee_virtual_20260919_v4/cleaning_index.csv
SparrKULee,sub-040_ses-varyingStories03_task-listeningActive_run-02_desc-preproc-audio-audiobook_9_1_eeg.npy,64,ENVELOPE_64; raw audio rate separately audited,0,647.015625,publisher common prefix consumption; no re-normalization/split,UNKNOWN,UNKNOWN,/home/fanyu/auditory_simulation_m6a/pub_01/s06/sparrkulee_virtual_20260919_v4/cleaning_index.csv
SparrKULee,sub-040_ses-varyingStories03_task-listeningActive_run-03_desc-preproc-audio-audiobook_9_2_eeg.npy,64,ENVELOPE_64; raw audio rate separately audited,0,881.015625,publisher common prefix consumption; no re-normalization/split,UNKNOWN,UNKNOWN,/home/fanyu/auditory_simulation_m6a/pub_01/s06/sparrkulee_virtual_20260919_v4/cleaning_index.csv
SparrKULee,sub-040_ses-varyingStories03_task-listeningActive_run-04_desc-preproc-audio-podcast_11_eeg.npy,64,ENVELOPE_64; raw audio rate separately audited,0,900.015625,publisher common prefix consumption; no re-normalization/split,UNKNOWN,UNKNOWN,/home/fanyu/auditory_simulation_m6a/pub_01/s06/sparrkulee_virtual_20260919_v4/cleaning_index.csv
SparrKULee,sub-040_ses-varyingStories03_task-listeningActive_run-05_desc-preproc-audio-podcast_9_eeg.npy,64,ENVELOPE_64; raw audio rate separately audited,0,1191.421875,publisher common prefix consumption; no re-normalization/split,UNKNOWN,UNKNOWN,/home/fanyu/auditory_simulation_m6a/pub_01/s06/sparrkulee_virtual_20260919_v4/cleaning_index.csv
SparrKULee,sub-040_ses-varyingStories03_task-listeningActive_run-06_desc-preproc-audio-podcast_10_eeg.npy,64,ENVELOPE_64; raw audio rate separately audited,0,835.328125,publisher common prefix consumption; no re-normalization/split,UNKNOWN,UNKNOWN,/home/fanyu/auditory_simulation_m6a/pub_01/s06/sparrkulee_virtual_20260919_v4/cleaning_index.csv
SparrKULee,sub-040_ses-varyingStories03_task-listeningActive_run-07_desc-preproc-audio-audiobook_1_eeg.npy,64,ENVELOPE_64; raw audio rate separately audited,0,936.84375,publisher common prefix consumption; no re-normalization/split,UNKNOWN,UNKNOWN,/home/fanyu/auditory_simulation_m6a/pub_01/s06/sparrkulee_virtual_20260919_v4/cleaning_index.csv
SparrKULee,sub-040_ses-varyingStories03_task-listeningActive_run-08_desc-preproc-audio-podcast_12_eeg.npy,64,ENVELOPE_64; raw audio rate separately audited,0,1052.171875,publisher common prefix consumption; no re-normalization/split,UNKNOWN,UNKNOWN,/home/fanyu/auditory_simulation_m6a/pub_01/s06/sparrkulee_virtual_20260919_v4/cleaning_index.csv
SparrKULee,sub-041_ses-varyingStories03_task-listeningActive_run-01_desc-preproc-audio-podcast_12_eeg.npy,64,ENVELOPE_64; raw audio rate separately audited,0,1052.171875,publisher common prefix consumption; no re-normalization/split,UNKNOWN,UNKNOWN,/home/fanyu/auditory_simulation_m6a/pub_01/s06/sparrkulee_virtual_20260919_v4/cleaning_index.csv
SparrKULee,sub-041_ses-varyingStories03_task-listeningActive_run-03_desc-preproc-audio-podcast_11_eeg.npy,64,ENVELOPE_64; raw audio rate separately audited,0,900.015625,publisher common prefix consumption; no re-normalization/split,UNKNOWN,UNKNOWN,/home/fanyu/auditory_simulation_m6a/pub_01/s06/sparrkulee_virtual_20260919_v4/cleaning_index.csv
SparrKULee,sub-041_ses-varyingStories03_task-listeningActive_run-04_desc-preproc-audio-podcast_9_eeg.npy,64,ENVELOPE_64; raw audio rate separately audited,0,1191.421875,publisher common prefix consumption; no re-normalization/split,UNKNOWN,UNKNOWN,/home/fanyu/auditory_simulation_m6a/pub_01/s06/sparrkulee_virtual_20260919_v4/cleaning_index.csv
SparrKULee,sub-041_ses-varyingStories03_task-listeningActive_run-05_desc-preproc-audio-podcast_10_eeg.npy,64,ENVELOPE_64; raw audio rate separately audited,0,835.328125,publisher common prefix consumption; no re-normalization/split,UNKNOWN,UNKNOWN,/home/fanyu/auditory_simulation_m6a/pub_01/s06/sparrkulee_virtual_20260919_v4/cleaning_index.csv
SparrKULee,sub-041_ses-varyingStories03_task-listeningActive_run-06_desc-preproc-audio-audiobook_9_1_eeg.npy,64,ENVELOPE_64; raw audio rate separately audited,0,647.015625,publisher common prefix consumption; no re-normalization/split,UNKNOWN,UNKNOWN,/home/fanyu/auditory_simulation_m6a/pub_01/s06/sparrkulee_virtual_20260919_v4/cleaning_index.csv
SparrKULee,sub-041_ses-varyingStories03_task-listeningActive_run-07_desc-preproc-audio-audiobook_9_2_eeg.npy,64,ENVELOPE_64; raw audio rate separately audited,0,881.015625,publisher common prefix consumption; no re-normalization/split,UNKNOWN,UNKNOWN,/home/fanyu/auditory_simulation_m6a/pub_01/s06/sparrkulee_virtual_20260919_v4/cleaning_index.csv
SparrKULee,sub-041_ses-varyingStories03_task-listeningActive_run-09_desc-preproc-audio-audiobook_1_eeg.npy,64,ENVELOPE_64; raw audio rate separately audited,0,936.84375,publisher common prefix consumption; no re-normalization/split,UNKNOWN,UNKNOWN,/home/fanyu/auditory_simulation_m6a/pub_01/s06/sparrkulee_virtual_20260919_v4/cleaning_index.csv
SparrKULee,sub-042_ses-varyingStories03_task-listeningActive_run-01_desc-preproc-audio-audiobook_1_eeg.npy,64,ENVELOPE_64; raw audio rate separately audited,0,936.84375,publisher common prefix consumption; no re-normalization/split,UNKNOWN,UNKNOWN,/home/fanyu/auditory_simulation_m6a/pub_01/s06/sparrkulee_virtual_20260919_v4/cleaning_index.csv
SparrKULee,sub-042_ses-varyingStories03_task-listeningActive_run-02_desc-preproc-audio-audiobook_9_1_eeg.npy,64,ENVELOPE_64; raw audio rate separately audited,0,647.015625,publisher common prefix consumption; no re-normalization/split,UNKNOWN,UNKNOWN,/home/fanyu/auditory_simulation_m6a/pub_01/s06/sparrkulee_virtual_20260919_v4/cleaning_index.csv
SparrKULee,sub-042_ses-varyingStories03_task-listeningActive_run-03_desc-preproc-audio-audiobook_9_2_eeg.npy,64,ENVELOPE_64; raw audio rate separately audited,0,881.015625,publisher common prefix consumption; no re-normalization/split,UNKNOWN,UNKNOWN,/home/fanyu/auditory_simulation_m6a/pub_01/s06/sparrkulee_virtual_20260919_v4/cleaning_index.csv
SparrKULee,sub-042_ses-varyingStories03_task-listeningActive_run-05_desc-preproc-audio-podcast_9_eeg.npy,64,ENVELOPE_64; raw audio rate separately audited,0,1191.421875,publisher common prefix consumption; no re-normalization/split,UNKNOWN,UNKNOWN,/home/fanyu/auditory_simulation_m6a/pub_01/s06/sparrkulee_virtual_20260919_v4/cleaning_index.csv
SparrKULee,sub-042_ses-varyingStories03_task-listeningActive_run-07_desc-preproc-audio-podcast_12_eeg.npy,64,ENVELOPE_64; raw audio rate separately audited,0,1052.171875,publisher common prefix consumption; no re-normalization/split,UNKNOWN,UNKNOWN,/home/fanyu/auditory_simulation_m6a/pub_01/s06/sparrkulee_virtual_20260919_v4/cleaning_index.csv
SparrKULee,sub-042_ses-varyingStories03_task-listeningActive_run-08_desc-preproc-audio-podcast_10_eeg.npy,64,ENVELOPE_64; raw audio rate separately audited,0,835.328125,publisher common prefix consumption; no re-normalization/split,UNKNOWN,UNKNOWN,/home/fanyu/auditory_simulation_m6a/pub_01/s06/sparrkulee_virtual_20260919_v4/cleaning_index.csv
SparrKULee,sub-042_ses-varyingStories03_task-listeningActive_run-09_desc-preproc-audio-podcast_11_eeg.npy,64,ENVELOPE_64; raw audio rate separately audited,0,900.015625,publisher common prefix consumption; no re-normalization/split,UNKNOWN,UNKNOWN,/home/fanyu/auditory_simulation_m6a/pub_01/s06/sparrkulee_virtual_20260919_v4/cleaning_index.csv
SparrKULee,sub-043_ses-varyingStories04_task-listeningActive_run-02_desc-preproc-audio-podcast_13_eeg.npy,64,ENVELOPE_64; raw audio rate separately audited,0,703.5,publisher common prefix consumption; no re-normalization/split,UNKNOWN,UNKNOWN,/home/fanyu/auditory_simulation_m6a/pub_01/s06/sparrkulee_virtual_20260919_v4/cleaning_index.csv
SparrKULee,sub-043_ses-varyingStories04_task-listeningActive_run-03_desc-preproc-audio-podcast_14_eeg.npy,64,ENVELOPE_64; raw audio rate separately audited,0,1005.890625,publisher common prefix consumption; no re-normalization/split,UNKNOWN,UNKNOWN,/home/fanyu/auditory_simulation_m6a/pub_01/s06/sparrkulee_virtual_20260919_v4/cleaning_index.csv
SparrKULee,sub-043_ses-varyingStories04_task-listeningActive_run-04_desc-preproc-audio-audiobook_1_eeg.npy,64,ENVELOPE_64; raw audio rate separately audited,0,936.84375,publisher common prefix consumption; no re-normalization/split,UNKNOWN,UNKNOWN,/home/fanyu/auditory_simulation_m6a/pub_01/s06/sparrkulee_virtual_20260919_v4/cleaning_index.csv
SparrKULee,sub-043_ses-varyingStories04_task-listeningActive_run-05_desc-preproc-audio-audiobook_10_1_eeg.npy,64,ENVELOPE_64; raw audio rate separately audited,0,615.484375,publisher common prefix consumption; no re-normalization/split,UNKNOWN,UNKNOWN,/home/fanyu/auditory_simulation_m6a/pub_01/s06/sparrkulee_virtual_20260919_v4/cleaning_index.csv
SparrKULee,sub-043_ses-varyingStories04_task-listeningActive_run-06_desc-preproc-audio-audiobook_10_2_eeg.npy,64,ENVELOPE_64; raw audio rate separately audited,0,651.484375,publisher common prefix consumption; no re-normalization/split,UNKNOWN,UNKNOWN,/home/fanyu/auditory_simulation_m6a/pub_01/s06/sparrkulee_virtual_20260919_v4/cleaning_index.csv
SparrKULee,sub-043_ses-varyingStories04_task-listeningActive_run-07_desc-preproc-audio-podcast_15_eeg.npy,64,ENVELOPE_64; raw audio rate separately audited,0,921.765625,publisher common prefix consumption; no re-normalization/split,UNKNOWN,UNKNOWN,/home/fanyu/auditory_simulation_m6a/pub_01/s06/sparrkulee_virtual_20260919_v4/cleaning_index.csv
SparrKULee,sub-043_ses-varyingStories04_task-listeningActive_run-09_desc-preproc-audio-podcast_10_eeg.npy,64,ENVELOPE_64; raw audio rate separately audited,0,835.328125,publisher common prefix consumption; no re-normalization/split,UNKNOWN,UNKNOWN,/home/fanyu/auditory_simulation_m6a/pub_01/s06/sparrkulee_virtual_20260919_v4/cleaning_index.csv
SparrKULee,sub-044_ses-varyingStories04_task-listeningActive_run-02_desc-preproc-audio-podcast_13_eeg.npy,64,ENVELOPE_64; raw audio rate separately audited,0,703.5,publisher common prefix consumption; no re-normalization/split,UNKNOWN,UNKNOWN,/home/fanyu/auditory_simulation_m6a/pub_01/s06/sparrkulee_virtual_20260919_v4/cleaning_index.csv
SparrKULee,sub-044_ses-varyingStories04_task-listeningActive_run-03_desc-preproc-audio-audiobook_1_eeg.npy,64,ENVELOPE_64; raw audio rate separately audited,0,936.84375,publisher common prefix consumption; no re-normalization/split,UNKNOWN,UNKNOWN,/home/fanyu/auditory_simulation_m6a/pub_01/s06/sparrkulee_virtual_20260919_v4/cleaning_index.csv
SparrKULee,sub-044_ses-varyingStories04_task-listeningActive_run-04_desc-preproc-audio-audiobook_10_1_eeg.npy,64,ENVELOPE_64; raw audio rate separately audited,0,615.484375,publisher common prefix consumption; no re-normalization/split,UNKNOWN,UNKNOWN,/home/fanyu/auditory_simulation_m6a/pub_01/s06/sparrkulee_virtual_20260919_v4/cleaning_index.csv
SparrKULee,sub-044_ses-varyingStories04_task-listeningActive_run-05_desc-preproc-audio-audiobook_10_2_eeg.npy,64,ENVELOPE_64; raw audio rate separately audited,0,651.484375,publisher common prefix consumption; no re-normalization/split,UNKNOWN,UNKNOWN,/home/fanyu/auditory_simulation_m6a/pub_01/s06/sparrkulee_virtual_20260919_v4/cleaning_index.csv
SparrKULee,sub-044_ses-varyingStories04_task-listeningActive_run-06_desc-preproc-audio-podcast_14_eeg.npy,64,ENVELOPE_64; raw audio rate separately audited,0,1005.890625,publisher common prefix consumption; no re-normalization/split,UNKNOWN,UNKNOWN,/home/fanyu/auditory_simulation_m6a/pub_01/s06/sparrkulee_virtual_20260919_v4/cleaning_index.csv
SparrKULee,sub-044_ses-varyingStories04_task-listeningActive_run-08_desc-preproc-audio-podcast_15_eeg.npy,64,ENVELOPE_64; raw audio rate separately audited,0,921.765625,publisher common prefix consumption; no re-normalization/split,UNKNOWN,UNKNOWN,/home/fanyu/auditory_simulation_m6a/pub_01/s06/sparrkulee_virtual_20260919_v4/cleaning_index.csv
SparrKULee,sub-044_ses-varyingStories04_task-listeningActive_run-09_desc-preproc-audio-podcast_10_eeg.npy,64,ENVELOPE_64; raw audio rate separately audited,0,835.328125,publisher common prefix consumption; no re-normalization/split,UNKNOWN,UNKNOWN,/home/fanyu/auditory_simulation_m6a/pub_01/s06/sparrkulee_virtual_20260919_v4/cleaning_index.csv
SparrKULee,sub-045_ses-varyingStories04_task-listeningActive_run-01_desc-preproc-audio-audiobook_10_1_eeg.npy,64,ENVELOPE_64; raw audio rate separately audited,0,615.484375,publisher common prefix consumption; no re-normalization/split,UNKNOWN,UNKNOWN,/home/fanyu/auditory_simulation_m6a/pub_01/s06/sparrkulee_virtual_20260919_v4/cleaning_index.csv
SparrKULee,sub-045_ses-varyingStories04_task-listeningActive_run-02_desc-preproc-audio-audiobook_10_2_eeg.npy,64,ENVELOPE_64; raw audio rate separately audited,0,651.484375,publisher common prefix consumption; no re-normalization/split,UNKNOWN,UNKNOWN,/home/fanyu/auditory_simulation_m6a/pub_01/s06/sparrkulee_virtual_20260919_v4/cleaning_index.csv
SparrKULee,sub-045_ses-varyingStories04_task-listeningActive_run-04_desc-preproc-audio-podcast_13_eeg.npy,64,ENVELOPE_64; raw audio rate separately audited,0,703.5,publisher common prefix consumption; no re-normalization/split,UNKNOWN,UNKNOWN,/home/fanyu/auditory_simulation_m6a/pub_01/s06/sparrkulee_virtual_20260919_v4/cleaning_index.csv
SparrKULee,sub-045_ses-varyingStories04_task-listeningActive_run-05_desc-preproc-audio-podcast_10_eeg.npy,64,ENVELOPE_64; raw audio rate separately audited,0,835.328125,publisher common prefix consumption; no re-normalization/split,UNKNOWN,UNKNOWN,/home/fanyu/auditory_simulation_m6a/pub_01/s06/sparrkulee_virtual_20260919_v4/cleaning_index.csv
SparrKULee,sub-045_ses-varyingStories04_task-listeningActive_run-06_desc-preproc-audio-podcast_14_eeg.npy,64,ENVELOPE_64; raw audio rate separately audited,0,1005.890625,publisher common prefix consumption; no re-normalization/split,UNKNOWN,UNKNOWN,/home/fanyu/auditory_simulation_m6a/pub_01/s06/sparrkulee_virtual_20260919_v4/cleaning_index.csv
SparrKULee,sub-045_ses-varyingStories04_task-listeningActive_run-07_desc-preproc-audio-audiobook_1_eeg.npy,64,ENVELOPE_64; raw audio rate separately audited,0,936.84375,publisher common prefix consumption; no re-normalization/split,UNKNOWN,UNKNOWN,/home/fanyu/auditory_simulation_m6a/pub_01/s06/sparrkulee_virtual_20260919_v4/cleaning_index.csv
SparrKULee,sub-045_ses-varyingStories04_task-listeningActive_run-08_desc-preproc-audio-podcast_15_eeg.npy,64,ENVELOPE_64; raw audio rate separately audited,0,921.765625,publisher common prefix consumption; no re-normalization/split,UNKNOWN,UNKNOWN,/home/fanyu/auditory_simulation_m6a/pub_01/s06/sparrkulee_virtual_20260919_v4/cleaning_index.csv
SparrKULee,sub-046_ses-varyingStories04_task-listeningActive_run-01_desc-preproc-audio-podcast_13_eeg.npy,64,ENVELOPE_64; raw audio rate separately audited,0,703.5,publisher common prefix consumption; no re-normalization/split,UNKNOWN,UNKNOWN,/home/fanyu/auditory_simulation_m6a/pub_01/s06/sparrkulee_virtual_20260919_v4/cleaning_index.csv
SparrKULee,sub-046_ses-varyingStories04_task-listeningActive_run-02_desc-preproc-audio-podcast_10_eeg.npy,64,ENVELOPE_64; raw audio rate separately audited,0,835.328125,publisher common prefix consumption; no re-normalization/split,UNKNOWN,UNKNOWN,/home/fanyu/auditory_simulation_m6a/pub_01/s06/sparrkulee_virtual_20260919_v4/cleaning_index.csv
SparrKULee,sub-046_ses-varyingStories04_task-listeningActive_run-04_desc-preproc-audio-podcast_14_eeg.npy,64,ENVELOPE_64; raw audio rate separately audited,0,1005.890625,publisher common prefix consumption; no re-normalization/split,UNKNOWN,UNKNOWN,/home/fanyu/auditory_simulation_m6a/pub_01/s06/sparrkulee_virtual_20260919_v4/cleaning_index.csv
SparrKULee,sub-046_ses-varyingStories04_task-listeningActive_run-06_desc-preproc-audio-audiobook_10_1_eeg.npy,64,ENVELOPE_64; raw audio rate separately audited,0,615.484375,publisher common prefix consumption; no re-normalization/split,UNKNOWN,UNKNOWN,/home/fanyu/auditory_simulation_m6a/pub_01/s06/sparrkulee_virtual_20260919_v4/cleaning_index.csv
SparrKULee,sub-046_ses-varyingStories04_task-listeningActive_run-07_desc-preproc-audio-audiobook_10_2_eeg.npy,64,ENVELOPE_64; raw audio rate separately audited,0,651.484375,publisher common prefix consumption; no re-normalization/split,UNKNOWN,UNKNOWN,/home/fanyu/auditory_simulation_m6a/pub_01/s06/sparrkulee_virtual_20260919_v4/cleaning_index.csv
SparrKULee,sub-046_ses-varyingStories04_task-listeningActive_run-08_desc-preproc-audio-audiobook_1_eeg.npy,64,ENVELOPE_64; raw audio rate separately audited,0,936.84375,publisher common prefix consumption; no re-normalization/split,UNKNOWN,UNKNOWN,/home/fanyu/auditory_simulation_m6a/pub_01/s06/sparrkulee_virtual_20260919_v4/cleaning_index.csv
SparrKULee,sub-046_ses-varyingStories04_task-listeningActive_run-09_desc-preproc-audio-podcast_15_eeg.npy,64,ENVELOPE_64; raw audio rate separately audited,0,921.765625,publisher common prefix consumption; no re-normalization/split,UNKNOWN,UNKNOWN,/home/fanyu/auditory_simulation_m6a/pub_01/s06/sparrkulee_virtual_20260919_v4/cleaning_index.csv
SparrKULee,sub-047_ses-varyingStories05_task-listeningActive_run-01_desc-preproc-audio-audiobook_1_eeg.npy,64,ENVELOPE_64; raw audio rate separately audited,0,936.84375,publisher common prefix consumption; no re-normalization/split,UNKNOWN,UNKNOWN,/home/fanyu/auditory_simulation_m6a/pub_01/s06/sparrkulee_virtual_20260919_v4/cleaning_index.csv
SparrKULee,sub-047_ses-varyingStories05_task-listeningActive_run-03_desc-preproc-audio-podcast_18_eeg.npy,64,ENVELOPE_64; raw audio rate separately audited,0,1153.546875,publisher common prefix consumption; no re-normalization/split,UNKNOWN,UNKNOWN,/home/fanyu/auditory_simulation_m6a/pub_01/s06/sparrkulee_virtual_20260919_v4/cleaning_index.csv
SparrKULee,sub-047_ses-varyingStories05_task-listeningActive_run-04_desc-preproc-audio-audiobook_11_1_eeg.npy,64,ENVELOPE_64; raw audio rate separately audited,0,791.390625,publisher common prefix consumption; no re-normalization/split,UNKNOWN,UNKNOWN,/home/fanyu/auditory_simulation_m6a/pub_01/s06/sparrkulee_virtual_20260919_v4/cleaning_index.csv
SparrKULee,sub-047_ses-varyingStories05_task-listeningActive_run-05_desc-preproc-audio-audiobook_11_2_eeg.npy,64,ENVELOPE_64; raw audio rate separately audited,0,595.390625,publisher common prefix consumption; no re-normalization/split,UNKNOWN,UNKNOWN,/home/fanyu/auditory_simulation_m6a/pub_01/s06/sparrkulee_virtual_20260919_v4/cleaning_index.csv
SparrKULee,sub-047_ses-varyingStories05_task-listeningActive_run-07_desc-preproc-audio-podcast_19_eeg.npy,64,ENVELOPE_64; raw audio rate separately audited,0,1022.828125,publisher common prefix consumption; no re-normalization/split,UNKNOWN,UNKNOWN,/home/fanyu/auditory_simulation_m6a/pub_01/s06/sparrkulee_virtual_20260919_v4/cleaning_index.csv
SparrKULee,sub-047_ses-varyingStories05_task-listeningActive_run-08_desc-preproc-audio-podcast_17_eeg.npy,64,ENVELOPE_64; raw audio rate separately audited,0,912.5,publisher common prefix consumption; no re-normalization/split,UNKNOWN,UNKNOWN,/home/fanyu/auditory_simulation_m6a/pub_01/s06/sparrkulee_virtual_20260919_v4/cleaning_index.csv
SparrKULee,sub-047_ses-varyingStories05_task-listeningActive_run-09_desc-preproc-audio-podcast_16_eeg.npy,64,ENVELOPE_64; raw audio rate separately audited,0,772.671875,publisher common prefix consumption; no re-normalization/split,UNKNOWN,UNKNOWN,/home/fanyu/auditory_simulation_m6a/pub_01/s06/sparrkulee_virtual_20260919_v4/cleaning_index.csv
SparrKULee,sub-048_ses-varyingStories05_task-listeningActive_run-01_desc-preproc-audio-podcast_17_eeg.npy,64,ENVELOPE_64; raw audio rate separately audited,0,912.5,publisher common prefix consumption; no re-normalization/split,UNKNOWN,UNKNOWN,/home/fanyu/auditory_simulation_m6a/pub_01/s06/sparrkulee_virtual_20260919_v4/cleaning_index.csv
SparrKULee,sub-048_ses-varyingStories05_task-listeningActive_run-02_desc-preproc-audio-podcast_16_eeg.npy,64,ENVELOPE_64; raw audio rate separately audited,0,772.671875,publisher common prefix consumption; no re-normalization/split,UNKNOWN,UNKNOWN,/home/fanyu/auditory_simulation_m6a/pub_01/s06/sparrkulee_virtual_20260919_v4/cleaning_index.csv
SparrKULee,sub-048_ses-varyingStories05_task-listeningActive_run-05_desc-preproc-audio-audiobook_11_1_eeg.npy,64,ENVELOPE_64; raw audio rate separately audited,0,791.390625,publisher common prefix consumption; no re-normalization/split,UNKNOWN,UNKNOWN,/home/fanyu/auditory_simulation_m6a/pub_01/s06/sparrkulee_virtual_20260919_v4/cleaning_index.csv
SparrKULee,sub-048_ses-varyingStories05_task-listeningActive_run-06_desc-preproc-audio-audiobook_11_2_eeg.npy,64,ENVELOPE_64; raw audio rate separately audited,0,595.390625,publisher common prefix consumption; no re-normalization/split,UNKNOWN,UNKNOWN,/home/fanyu/auditory_simulation_m6a/pub_01/s06/sparrkulee_virtual_20260919_v4/cleaning_index.csv
SparrKULee,sub-048_ses-varyingStories05_task-listeningActive_run-08_desc-preproc-audio-podcast_19_eeg.npy,64,ENVELOPE_64; raw audio rate separately audited,0,1022.828125,publisher common prefix consumption; no re-normalization/split,UNKNOWN,UNKNOWN,/home/fanyu/auditory_simulation_m6a/pub_01/s06/sparrkulee_virtual_20260919_v4/cleaning_index.csv
SparrKULee,sub-048_ses-varyingStories05_task-listeningActive_run-09_desc-preproc-audio-audiobook_1_eeg.npy,64,ENVELOPE_64; raw audio rate separately audited,0,936.84375,publisher common prefix consumption; no re-normalization/split,UNKNOWN,UNKNOWN,/home/fanyu/auditory_simulation_m6a/pub_01/s06/sparrkulee_virtual_20260919_v4/cleaning_index.csv
SparrKULee,sub-049_ses-varyingStories06_task-listeningActive_run-02_desc-preproc-audio-audiobook_12_1_eeg.npy,64,ENVELOPE_64; raw audio rate separately audited,0,659.984375,publisher common prefix consumption; no re-normalization/split,UNKNOWN,UNKNOWN,/home/fanyu/auditory_simulation_m6a/pub_01/s06/sparrkulee_virtual_20260919_v4/cleaning_index.csv
SparrKULee,sub-049_ses-varyingStories06_task-listeningActive_run-03_desc-preproc-audio-audiobook_12_2_eeg.npy,64,ENVELOPE_64; raw audio rate separately audited,0,759.984375,publisher common prefix consumption; no re-normalization/split,UNKNOWN,UNKNOWN,/home/fanyu/auditory_simulation_m6a/pub_01/s06/sparrkulee_virtual_20260919_v4/cleaning_index.csv
SparrKULee,sub-049_ses-varyingStories06_task-listeningActive_run-04_desc-preproc-audio-audiobook_1_eeg.npy,64,ENVELOPE_64; raw audio rate separately audited,0,936.84375,publisher common prefix consumption; no re-normalization/split,UNKNOWN,UNKNOWN,/home/fanyu/auditory_simulation_m6a/pub_01/s06/sparrkulee_virtual_20260919_v4/cleaning_index.csv
SparrKULee,sub-049_ses-varyingStories06_task-listeningActive_run-05_desc-preproc-audio-podcast_22_eeg.npy,64,ENVELOPE_64; raw audio rate separately audited,0,628.484375,publisher common prefix consumption; no re-normalization/split,UNKNOWN,UNKNOWN,/home/fanyu/auditory_simulation_m6a/pub_01/s06/sparrkulee_virtual_20260919_v4/cleaning_index.csv
SparrKULee,sub-049_ses-varyingStories06_task-listeningActive_run-06_desc-preproc-audio-podcast_20_eeg.npy,64,ENVELOPE_64; raw audio rate separately audited,0,796.21875,publisher common prefix consumption; no re-normalization/split,UNKNOWN,UNKNOWN,/home/fanyu/auditory_simulation_m6a/pub_01/s06/sparrkulee_virtual_20260919_v4/cleaning_index.csv
SparrKULee,sub-049_ses-varyingStories06_task-listeningActive_run-07_desc-preproc-audio-podcast_23_eeg.npy,64,ENVELOPE_64; raw audio rate separately audited,0,846.421875,publisher common prefix consumption; no re-normalization/split,UNKNOWN,UNKNOWN,/home/fanyu/auditory_simulation_m6a/pub_01/s06/sparrkulee_virtual_20260919_v4/cleaning_index.csv
SparrKULee,sub-049_ses-varyingStories06_task-listeningActive_run-09_desc-preproc-audio-podcast_21_eeg.npy,64,ENVELOPE_64; raw audio rate separately audited,0,1055.03125,publisher common prefix consumption; no re-normalization/split,UNKNOWN,UNKNOWN,/home/fanyu/auditory_simulation_m6a/pub_01/s06/sparrkulee_virtual_20260919_v4/cleaning_index.csv
SparrKULee,sub-050_ses-varyingStories06_task-listeningActive_run-02_desc-preproc-audio-audiobook_12_2_eeg.npy,64,ENVELOPE_64; raw audio rate separately audited,0,759.984375,publisher common prefix consumption; no re-normalization/split,UNKNOWN,UNKNOWN,/home/fanyu/auditory_simulation_m6a/pub_01/s06/sparrkulee_virtual_20260919_v4/cleaning_index.csv
SparrKULee,sub-050_ses-varyingStories06_task-listeningActive_run-03_desc-preproc-audio-podcast_23_eeg.npy,64,ENVELOPE_64; raw audio rate separately audited,0,846.421875,publisher common prefix consumption; no re-normalization/split,UNKNOWN,UNKNOWN,/home/fanyu/auditory_simulation_m6a/pub_01/s06/sparrkulee_virtual_20260919_v4/cleaning_index.csv
SparrKULee,sub-050_ses-varyingStories06_task-listeningActive_run-04_desc-preproc-audio-podcast_22_eeg.npy,64,ENVELOPE_64; raw audio rate separately audited,0,628.484375,publisher common prefix consumption; no re-normalization/split,UNKNOWN,UNKNOWN,/home/fanyu/auditory_simulation_m6a/pub_01/s06/sparrkulee_virtual_20260919_v4/cleaning_index.csv
SparrKULee,sub-050_ses-varyingStories06_task-listeningActive_run-05_desc-preproc-audio-audiobook_1_eeg.npy,64,ENVELOPE_64; raw audio rate separately audited,0,936.84375,publisher common prefix consumption; no re-normalization/split,UNKNOWN,UNKNOWN,/home/fanyu/auditory_simulation_m6a/pub_01/s06/sparrkulee_virtual_20260919_v4/cleaning_index.csv
SparrKULee,sub-051_ses-varyingStories06_task-listeningActive_run-02_desc-preproc-audio-podcast_20_eeg.npy,64,ENVELOPE_64; raw audio rate separately audited,0,796.21875,publisher common prefix consumption; no re-normalization/split,UNKNOWN,UNKNOWN,/home/fanyu/auditory_simulation_m6a/pub_01/s06/sparrkulee_virtual_20260919_v4/cleaning_index.csv
SparrKULee,sub-051_ses-varyingStories06_task-listeningActive_run-03_desc-preproc-audio-podcast_22_eeg.npy,64,ENVELOPE_64; raw audio rate separately audited,0,628.484375,publisher common prefix consumption; no re-normalization/split,UNKNOWN,UNKNOWN,/home/fanyu/auditory_simulation_m6a/pub_01/s06/sparrkulee_virtual_20260919_v4/cleaning_index.csv
SparrKULee,sub-051_ses-varyingStories06_task-listeningActive_run-04_desc-preproc-audio-podcast_21_eeg.npy,64,ENVELOPE_64; raw audio rate separately audited,0,1055.03125,publisher common prefix consumption; no re-normalization/split,UNKNOWN,UNKNOWN,/home/fanyu/auditory_simulation_m6a/pub_01/s06/sparrkulee_virtual_20260919_v4/cleaning_index.csv
SparrKULee,sub-051_ses-varyingStories06_task-listeningActive_run-05_desc-preproc-audio-audiobook_12_1_eeg.npy,64,ENVELOPE_64; raw audio rate separately audited,0,659.984375,publisher common prefix consumption; no re-normalization/split,UNKNOWN,UNKNOWN,/home/fanyu/auditory_simulation_m6a/pub_01/s06/sparrkulee_virtual_20260919_v4/cleaning_index.csv
SparrKULee,sub-051_ses-varyingStories06_task-listeningActive_run-06_desc-preproc-audio-audiobook_12_2_eeg.npy,64,ENVELOPE_64; raw audio rate separately audited,0,759.984375,publisher common prefix consumption; no re-normalization/split,UNKNOWN,UNKNOWN,/home/fanyu/auditory_simulation_m6a/pub_01/s06/sparrkulee_virtual_20260919_v4/cleaning_index.csv
SparrKULee,sub-051_ses-varyingStories06_task-listeningActive_run-07_desc-preproc-audio-podcast_23_eeg.npy,64,ENVELOPE_64; raw audio rate separately audited,0,846.421875,publisher common prefix consumption; no re-normalization/split,UNKNOWN,UNKNOWN,/home/fanyu/auditory_simulation_m6a/pub_01/s06/sparrkulee_virtual_20260919_v4/cleaning_index.csv
SparrKULee,sub-051_ses-varyingStories06_task-listeningActive_run-08_desc-preproc-audio-audiobook_1_eeg.npy,64,ENVELOPE_64; raw audio rate separately audited,0,936.84375,publisher common prefix consumption; no re-normalization/split,UNKNOWN,UNKNOWN,/home/fanyu/auditory_simulation_m6a/pub_01/s06/sparrkulee_virtual_20260919_v4/cleaning_index.csv
SparrKULee,sub-052_ses-varyingStories06_task-listeningActive_run-01_desc-preproc-audio-podcast_23_eeg.npy,64,ENVELOPE_64; raw audio rate separately audited,0,846.421875,publisher common prefix consumption; no re-normalization/split,UNKNOWN,UNKNOWN,/home/fanyu/auditory_simulation_m6a/pub_01/s06/sparrkulee_virtual_20260919_v4/cleaning_index.csv
SparrKULee,sub-052_ses-varyingStories06_task-listeningActive_run-02_desc-preproc-audio-podcast_22_eeg.npy,64,ENVELOPE_64; raw audio rate separately audited,0,628.484375,publisher common prefix consumption; no re-normalization/split,UNKNOWN,UNKNOWN,/home/fanyu/auditory_simulation_m6a/pub_01/s06/sparrkulee_virtual_20260919_v4/cleaning_index.csv
SparrKULee,sub-052_ses-varyingStories06_task-listeningActive_run-03_desc-preproc-audio-audiobook_12_1_eeg.npy,64,ENVELOPE_64; raw audio rate separately audited,0,659.984375,publisher common prefix consumption; no re-normalization/split,UNKNOWN,UNKNOWN,/home/fanyu/auditory_simulation_m6a/pub_01/s06/sparrkulee_virtual_20260919_v4/cleaning_index.csv
SparrKULee,sub-052_ses-varyingStories06_task-listeningActive_run-04_desc-preproc-audio-audiobook_12_2_eeg.npy,64,ENVELOPE_64; raw audio rate separately audited,0,759.984375,publisher common prefix consumption; no re-normalization/split,UNKNOWN,UNKNOWN,/home/fanyu/auditory_simulation_m6a/pub_01/s06/sparrkulee_virtual_20260919_v4/cleaning_index.csv
SparrKULee,sub-052_ses-varyingStories06_task-listeningActive_run-05_desc-preproc-audio-podcast_20_eeg.npy,64,ENVELOPE_64; raw audio rate separately audited,0,796.21875,publisher common prefix consumption; no re-normalization/split,UNKNOWN,UNKNOWN,/home/fanyu/auditory_simulation_m6a/pub_01/s06/sparrkulee_virtual_20260919_v4/cleaning_index.csv
SparrKULee,sub-052_ses-varyingStories06_task-listeningActive_run-06_desc-preproc-audio-podcast_21_eeg.npy,64,ENVELOPE_64; raw audio rate separately audited,0,1055.03125,publisher common prefix consumption; no re-normalization/split,UNKNOWN,UNKNOWN,/home/fanyu/auditory_simulation_m6a/pub_01/s06/sparrkulee_virtual_20260919_v4/cleaning_index.csv
SparrKULee,sub-052_ses-varyingStories06_task-listeningActive_run-08_desc-preproc-audio-audiobook_1_eeg.npy,64,ENVELOPE_64; raw audio rate separately audited,0,936.84375,publisher common prefix consumption; no re-normalization/split,UNKNOWN,UNKNOWN,/home/fanyu/auditory_simulation_m6a/pub_01/s06/sparrkulee_virtual_20260919_v4/cleaning_index.csv
SparrKULee,sub-053_ses-varyingStories06_task-listeningActive_run-01_desc-preproc-audio-podcast_21_eeg.npy,64,ENVELOPE_64; raw audio rate separately audited,0,1055.03125,publisher common prefix consumption; no re-normalization/split,UNKNOWN,UNKNOWN,/home/fanyu/auditory_simulation_m6a/pub_01/s06/sparrkulee_virtual_20260919_v4/cleaning_index.csv
SparrKULee,sub-053_ses-varyingStories06_task-listeningActive_run-02_desc-preproc-audio-audiobook_12_1_eeg.npy,64,ENVELOPE_64; raw audio rate separately audited,0,659.984375,publisher common prefix consumption; no re-normalization/split,UNKNOWN,UNKNOWN,/home/fanyu/auditory_simulation_m6a/pub_01/s06/sparrkulee_virtual_20260919_v4/cleaning_index.csv
SparrKULee,sub-053_ses-varyingStories06_task-listeningActive_run-03_desc-preproc-audio-audiobook_12_2_eeg.npy,64,ENVELOPE_64; raw audio rate separately audited,0,759.984375,publisher common prefix consumption; no re-normalization/split,UNKNOWN,UNKNOWN,/home/fanyu/auditory_simulation_m6a/pub_01/s06/sparrkulee_virtual_20260919_v4/cleaning_index.csv
SparrKULee,sub-053_ses-varyingStories06_task-listeningActive_run-05_desc-preproc-audio-podcast_23_eeg.npy,64,ENVELOPE_64; raw audio rate separately audited,0,846.421875,publisher common prefix consumption; no re-normalization/split,UNKNOWN,UNKNOWN,/home/fanyu/auditory_simulation_m6a/pub_01/s06/sparrkulee_virtual_20260919_v4/cleaning_index.csv
SparrKULee,sub-053_ses-varyingStories06_task-listeningActive_run-06_desc-preproc-audio-audiobook_1_eeg.npy,64,ENVELOPE_64; raw audio rate separately audited,0,936.84375,publisher common prefix consumption; no re-normalization/split,UNKNOWN,UNKNOWN,/home/fanyu/auditory_simulation_m6a/pub_01/s06/sparrkulee_virtual_20260919_v4/cleaning_index.csv
SparrKULee,sub-053_ses-varyingStories06_task-listeningActive_run-07_desc-preproc-audio-podcast_20_eeg.npy,64,ENVELOPE_64; raw audio rate separately audited,0,796.21875,publisher common prefix consumption; no re-normalization/split,UNKNOWN,UNKNOWN,/home/fanyu/auditory_simulation_m6a/pub_01/s06/sparrkulee_virtual_20260919_v4/cleaning_index.csv
SparrKULee,sub-053_ses-varyingStories06_task-listeningActive_run-09_desc-preproc-audio-podcast_22_eeg.npy,64,ENVELOPE_64; raw audio rate separately audited,0,628.484375,publisher common prefix consumption; no re-normalization/split,UNKNOWN,UNKNOWN,/home/fanyu/auditory_simulation_m6a/pub_01/s06/sparrkulee_virtual_20260919_v4/cleaning_index.csv
SparrKULee,sub-054_ses-varyingStories06_task-listeningActive_run-01_desc-preproc-audio-podcast_21_eeg.npy,64,ENVELOPE_64; raw audio rate separately audited,0,1055.03125,publisher common prefix consumption; no re-normalization/split,UNKNOWN,UNKNOWN,/home/fanyu/auditory_simulation_m6a/pub_01/s06/sparrkulee_virtual_20260919_v4/cleaning_index.csv
SparrKULee,sub-054_ses-varyingStories06_task-listeningActive_run-02_desc-preproc-audio-audiobook_12_1_eeg.npy,64,ENVELOPE_64; raw audio rate separately audited,0,659.984375,publisher common prefix consumption; no re-normalization/split,UNKNOWN,UNKNOWN,/home/fanyu/auditory_simulation_m6a/pub_01/s06/sparrkulee_virtual_20260919_v4/cleaning_index.csv
SparrKULee,sub-054_ses-varyingStories06_task-listeningActive_run-03_desc-preproc-audio-audiobook_12_2_eeg.npy,64,ENVELOPE_64; raw audio rate separately audited,0,759.984375,publisher common prefix consumption; no re-normalization/split,UNKNOWN,UNKNOWN,/home/fanyu/auditory_simulation_m6a/pub_01/s06/sparrkulee_virtual_20260919_v4/cleaning_index.csv
SparrKULee,sub-054_ses-varyingStories06_task-listeningActive_run-04_desc-preproc-audio-podcast_20_eeg.npy,64,ENVELOPE_64; raw audio rate separately audited,0,796.21875,publisher common prefix consumption; no re-normalization/split,UNKNOWN,UNKNOWN,/home/fanyu/auditory_simulation_m6a/pub_01/s06/sparrkulee_virtual_20260919_v4/cleaning_index.csv
SparrKULee,sub-054_ses-varyingStories06_task-listeningActive_run-06_desc-preproc-audio-podcast_23_eeg.npy,64,ENVELOPE_64; raw audio rate separately audited,0,846.421875,publisher common prefix consumption; no re-normalization/split,UNKNOWN,UNKNOWN,/home/fanyu/auditory_simulation_m6a/pub_01/s06/sparrkulee_virtual_20260919_v4/cleaning_index.csv
SparrKULee,sub-054_ses-varyingStories06_task-listeningActive_run-08_desc-preproc-audio-podcast_22_eeg.npy,64,ENVELOPE_64; raw audio rate separately audited,0,628.484375,publisher common prefix consumption; no re-normalization/split,UNKNOWN,UNKNOWN,/home/fanyu/auditory_simulation_m6a/pub_01/s06/sparrkulee_virtual_20260919_v4/cleaning_index.csv
SparrKULee,sub-054_ses-varyingStories06_task-listeningActive_run-09_desc-preproc-audio-audiobook_1_eeg.npy,64,ENVELOPE_64; raw audio rate separately audited,0,936.84375,publisher common prefix consumption; no re-normalization/split,UNKNOWN,UNKNOWN,/home/fanyu/auditory_simulation_m6a/pub_01/s06/sparrkulee_virtual_20260919_v4/cleaning_index.csv
SparrKULee,sub-055_ses-varyingStories06_task-listeningActive_run-01_desc-preproc-audio-audiobook_1_eeg.npy,64,ENVELOPE_64; raw audio rate separately audited,0,936.84375,publisher common prefix consumption; no re-normalization/split,UNKNOWN,UNKNOWN,/home/fanyu/auditory_simulation_m6a/pub_01/s06/sparrkulee_virtual_20260919_v4/cleaning_index.csv
SparrKULee,sub-055_ses-varyingStories06_task-listeningActive_run-02_desc-preproc-audio-podcast_20_eeg.npy,64,ENVELOPE_64; raw audio rate separately audited,0,796.21875,publisher common prefix consumption; no re-normalization/split,UNKNOWN,UNKNOWN,/home/fanyu/auditory_simulation_m6a/pub_01/s06/sparrkulee_virtual_20260919_v4/cleaning_index.csv
SparrKULee,sub-055_ses-varyingStories06_task-listeningActive_run-03_desc-preproc-audio-audiobook_12_1_eeg.npy,64,ENVELOPE_64; raw audio rate separately audited,0,659.984375,publisher common prefix consumption; no re-normalization/split,UNKNOWN,UNKNOWN,/home/fanyu/auditory_simulation_m6a/pub_01/s06/sparrkulee_virtual_20260919_v4/cleaning_index.csv
SparrKULee,sub-055_ses-varyingStories06_task-listeningActive_run-04_desc-preproc-audio-audiobook_12_2_eeg.npy,64,ENVELOPE_64; raw audio rate separately audited,0,759.984375,publisher common prefix consumption; no re-normalization/split,UNKNOWN,UNKNOWN,/home/fanyu/auditory_simulation_m6a/pub_01/s06/sparrkulee_virtual_20260919_v4/cleaning_index.csv
SparrKULee,sub-055_ses-varyingStories06_task-listeningActive_run-06_desc-preproc-audio-podcast_21_eeg.npy,64,ENVELOPE_64; raw audio rate separately audited,0,1055.03125,publisher common prefix consumption; no re-normalization/split,UNKNOWN,UNKNOWN,/home/fanyu/auditory_simulation_m6a/pub_01/s06/sparrkulee_virtual_20260919_v4/cleaning_index.csv
SparrKULee,sub-055_ses-varyingStories06_task-listeningActive_run-07_desc-preproc-audio-podcast_23_eeg.npy,64,ENVELOPE_64; raw audio rate separately audited,0,846.421875,publisher common prefix consumption; no re-normalization/split,UNKNOWN,UNKNOWN,/home/fanyu/auditory_simulation_m6a/pub_01/s06/sparrkulee_virtual_20260919_v4/cleaning_index.csv
SparrKULee,sub-055_ses-varyingStories06_task-listeningActive_run-09_desc-preproc-audio-podcast_22_eeg.npy,64,ENVELOPE_64; raw audio rate separately audited,0,628.484375,publisher common prefix consumption; no re-normalization/split,UNKNOWN,UNKNOWN,/home/fanyu/auditory_simulation_m6a/pub_01/s06/sparrkulee_virtual_20260919_v4/cleaning_index.csv
SparrKULee,sub-056_ses-varyingStories06_task-listeningActive_run-01_desc-preproc-audio-podcast_23_eeg.npy,64,ENVELOPE_64; raw audio rate separately audited,0,846.421875,publisher common prefix consumption; no re-normalization/split,UNKNOWN,UNKNOWN,/home/fanyu/auditory_simulation_m6a/pub_01/s06/sparrkulee_virtual_20260919_v4/cleaning_index.csv
SparrKULee,sub-056_ses-varyingStories06_task-listeningActive_run-02_desc-preproc-audio-audiobook_1_eeg.npy,64,ENVELOPE_64; raw audio rate separately audited,0,936.84375,publisher common prefix consumption; no re-normalization/split,UNKNOWN,UNKNOWN,/home/fanyu/auditory_simulation_m6a/pub_01/s06/sparrkulee_virtual_20260919_v4/cleaning_index.csv
SparrKULee,sub-056_ses-varyingStories06_task-listeningActive_run-03_desc-preproc-audio-podcast_22_eeg.npy,64,ENVELOPE_64; raw audio rate separately audited,0,628.484375,publisher common prefix consumption; no re-normalization/split,UNKNOWN,UNKNOWN,/home/fanyu/auditory_simulation_m6a/pub_01/s06/sparrkulee_virtual_20260919_v4/cleaning_index.csv
SparrKULee,sub-056_ses-varyingStories06_task-listeningActive_run-04_desc-preproc-audio-podcast_20_eeg.npy,64,ENVELOPE_64; raw audio rate separately audited,0,796.21875,publisher common prefix consumption; no re-normalization/split,UNKNOWN,UNKNOWN,/home/fanyu/auditory_simulation_m6a/pub_01/s06/sparrkulee_virtual_20260919_v4/cleaning_index.csv
SparrKULee,sub-056_ses-varyingStories06_task-listeningActive_run-05_desc-preproc-audio-audiobook_12_1_eeg.npy,64,ENVELOPE_64; raw audio rate separately audited,0,659.984375,publisher common prefix consumption; no re-normalization/split,UNKNOWN,UNKNOWN,/home/fanyu/auditory_simulation_m6a/pub_01/s06/sparrkulee_virtual_20260919_v4/cleaning_index.csv
SparrKULee,sub-056_ses-varyingStories06_task-listeningActive_run-06_desc-preproc-audio-audiobook_12_2_eeg.npy,64,ENVELOPE_64; raw audio rate separately audited,0,759.984375,publisher common prefix consumption; no re-normalization/split,UNKNOWN,UNKNOWN,/home/fanyu/auditory_simulation_m6a/pub_01/s06/sparrkulee_virtual_20260919_v4/cleaning_index.csv
SparrKULee,sub-056_ses-varyingStories06_task-listeningActive_run-08_desc-preproc-audio-podcast_21_eeg.npy,64,ENVELOPE_64; raw audio rate separately audited,0,1055.03125,publisher common prefix consumption; no re-normalization/split,UNKNOWN,UNKNOWN,/home/fanyu/auditory_simulation_m6a/pub_01/s06/sparrkulee_virtual_20260919_v4/cleaning_index.csv
SparrKULee,sub-057_ses-varyingStories07_task-listeningActive_run-01_desc-preproc-audio-podcast_27_eeg.npy,64,ENVELOPE_64; raw audio rate separately audited,0,873.90625,publisher common prefix consumption; no re-normalization/split,UNKNOWN,UNKNOWN,/home/fanyu/auditory_simulation_m6a/pub_01/s06/sparrkulee_virtual_20260919_v4/cleaning_index.csv
SparrKULee,sub-057_ses-varyingStories07_task-listeningActive_run-02_desc-preproc-audio-audiobook_1_eeg.npy,64,ENVELOPE_64; raw audio rate separately audited,0,936.84375,publisher common prefix consumption; no re-normalization/split,UNKNOWN,UNKNOWN,/home/fanyu/auditory_simulation_m6a/pub_01/s06/sparrkulee_virtual_20260919_v4/cleaning_index.csv
SparrKULee,sub-057_ses-varyingStories07_task-listeningActive_run-04_desc-preproc-audio-podcast_24_eeg.npy,64,ENVELOPE_64; raw audio rate separately audited,0,992.875,publisher common prefix consumption; no re-normalization/split,UNKNOWN,UNKNOWN,/home/fanyu/auditory_simulation_m6a/pub_01/s06/sparrkulee_virtual_20260919_v4/cleaning_index.csv
SparrKULee,sub-057_ses-varyingStories07_task-listeningActive_run-05_desc-preproc-audio-podcast_26_eeg.npy,64,ENVELOPE_64; raw audio rate separately audited,0,789.65625,publisher common prefix consumption; no re-normalization/split,UNKNOWN,UNKNOWN,/home/fanyu/auditory_simulation_m6a/pub_01/s06/sparrkulee_virtual_20260919_v4/cleaning_index.csv
SparrKULee,sub-057_ses-varyingStories07_task-listeningActive_run-06_desc-preproc-audio-audiobook_13_1_eeg.npy,64,ENVELOPE_64; raw audio rate separately audited,0,1001.46875,publisher common prefix consumption; no re-normalization/split,UNKNOWN,UNKNOWN,/home/fanyu/auditory_simulation_m6a/pub_01/s06/sparrkulee_virtual_20260919_v4/cleaning_index.csv
SparrKULee,sub-057_ses-varyingStories07_task-listeningActive_run-07_desc-preproc-audio-audiobook_13_2_eeg.npy,64,ENVELOPE_64; raw audio rate separately audited,0,851.46875,publisher common prefix consumption; no re-normalization/split,UNKNOWN,UNKNOWN,/home/fanyu/auditory_simulation_m6a/pub_01/s06/sparrkulee_virtual_20260919_v4/cleaning_index.csv
SparrKULee,sub-057_ses-varyingStories07_task-listeningActive_run-08_desc-preproc-audio-podcast_25_eeg.npy,64,ENVELOPE_64; raw audio rate separately audited,0,970.296875,publisher common prefix consumption; no re-normalization/split,UNKNOWN,UNKNOWN,/home/fanyu/auditory_simulation_m6a/pub_01/s06/sparrkulee_virtual_20260919_v4/cleaning_index.csv
SparrKULee,sub-058_ses-varyingStories07_task-listeningActive_run-01_desc-preproc-audio-audiobook_1_eeg.npy,64,ENVELOPE_64; raw audio rate separately audited,0,936.84375,publisher common prefix consumption; no re-normalization/split,UNKNOWN,UNKNOWN,/home/fanyu/auditory_simulation_m6a/pub_01/s06/sparrkulee_virtual_20260919_v4/cleaning_index.csv
SparrKULee,sub-058_ses-varyingStories07_task-listeningActive_run-03_desc-preproc-audio-audiobook_13_1_eeg.npy,64,ENVELOPE_64; raw audio rate separately audited,0,1001.46875,publisher common prefix consumption; no re-normalization/split,UNKNOWN,UNKNOWN,/home/fanyu/auditory_simulation_m6a/pub_01/s06/sparrkulee_virtual_20260919_v4/cleaning_index.csv
SparrKULee,sub-058_ses-varyingStories07_task-listeningActive_run-04_desc-preproc-audio-audiobook_13_2_eeg.npy,64,ENVELOPE_64; raw audio rate separately audited,0,851.46875,publisher common prefix consumption; no re-normalization/split,UNKNOWN,UNKNOWN,/home/fanyu/auditory_simulation_m6a/pub_01/s06/sparrkulee_virtual_20260919_v4/cleaning_index.csv
SparrKULee,sub-058_ses-varyingStories07_task-listeningActive_run-05_desc-preproc-audio-podcast_27_eeg.npy,64,ENVELOPE_64; raw audio rate separately audited,0,873.90625,publisher common prefix consumption; no re-normalization/split,UNKNOWN,UNKNOWN,/home/fanyu/auditory_simulation_m6a/pub_01/s06/sparrkulee_virtual_20260919_v4/cleaning_index.csv
SparrKULee,sub-058_ses-varyingStories07_task-listeningActive_run-07_desc-preproc-audio-podcast_24_eeg.npy,64,ENVELOPE_64; raw audio rate separately audited,0,992.875,publisher common prefix consumption; no re-normalization/split,UNKNOWN,UNKNOWN,/home/fanyu/auditory_simulation_m6a/pub_01/s06/sparrkulee_virtual_20260919_v4/cleaning_index.csv
SparrKULee,sub-058_ses-varyingStories07_task-listeningActive_run-08_desc-preproc-audio-podcast_26_eeg.npy,64,ENVELOPE_64; raw audio rate separately audited,0,789.65625,publisher common prefix consumption; no re-normalization/split,UNKNOWN,UNKNOWN,/home/fanyu/auditory_simulation_m6a/pub_01/s06/sparrkulee_virtual_20260919_v4/cleaning_index.csv
SparrKULee,sub-058_ses-varyingStories07_task-listeningActive_run-09_desc-preproc-audio-podcast_25_eeg.npy,64,ENVELOPE_64; raw audio rate separately audited,0,970.296875,publisher common prefix consumption; no re-normalization/split,UNKNOWN,UNKNOWN,/home/fanyu/auditory_simulation_m6a/pub_01/s06/sparrkulee_virtual_20260919_v4/cleaning_index.csv
SparrKULee,sub-059_ses-varyingStories07_task-listeningActive_run-01_desc-preproc-audio-podcast_25_eeg.npy,64,ENVELOPE_64; raw audio rate separately audited,0,970.296875,publisher common prefix consumption; no re-normalization/split,UNKNOWN,UNKNOWN,/home/fanyu/auditory_simulation_m6a/pub_01/s06/sparrkulee_virtual_20260919_v4/cleaning_index.csv
SparrKULee,sub-059_ses-varyingStories07_task-listeningActive_run-02_desc-preproc-audio-podcast_27_eeg.npy,64,ENVELOPE_64; raw audio rate separately audited,0,873.90625,publisher common prefix consumption; no re-normalization/split,UNKNOWN,UNKNOWN,/home/fanyu/auditory_simulation_m6a/pub_01/s06/sparrkulee_virtual_20260919_v4/cleaning_index.csv
SparrKULee,sub-059_ses-varyingStories07_task-listeningActive_run-03_desc-preproc-audio-audiobook_13_1_eeg.npy,64,ENVELOPE_64; raw audio rate separately audited,0,1001.46875,publisher common prefix consumption; no re-normalization/split,UNKNOWN,UNKNOWN,/home/fanyu/auditory_simulation_m6a/pub_01/s06/sparrkulee_virtual_20260919_v4/cleaning_index.csv
SparrKULee,sub-059_ses-varyingStories07_task-listeningActive_run-04_desc-preproc-audio-audiobook_13_2_eeg.npy,64,ENVELOPE_64; raw audio rate separately audited,0,851.46875,publisher common prefix consumption; no re-normalization/split,UNKNOWN,UNKNOWN,/home/fanyu/auditory_simulation_m6a/pub_01/s06/sparrkulee_virtual_20260919_v4/cleaning_index.csv
SparrKULee,sub-059_ses-varyingStories07_task-listeningActive_run-06_desc-preproc-audio-audiobook_1_eeg.npy,64,ENVELOPE_64; raw audio rate separately audited,0,936.84375,publisher common prefix consumption; no re-normalization/split,UNKNOWN,UNKNOWN,/home/fanyu/auditory_simulation_m6a/pub_01/s06/sparrkulee_virtual_20260919_v4/cleaning_index.csv
SparrKULee,sub-059_ses-varyingStories07_task-listeningActive_run-07_desc-preproc-audio-podcast_24_eeg.npy,64,ENVELOPE_64; raw audio rate separately audited,0,992.875,publisher common prefix consumption; no re-normalization/split,UNKNOWN,UNKNOWN,/home/fanyu/auditory_simulation_m6a/pub_01/s06/sparrkulee_virtual_20260919_v4/cleaning_index.csv
SparrKULee,sub-059_ses-varyingStories07_task-listeningActive_run-08_desc-preproc-audio-podcast_26_eeg.npy,64,ENVELOPE_64; raw audio rate separately audited,0,789.65625,publisher common prefix consumption; no re-normalization/split,UNKNOWN,UNKNOWN,/home/fanyu/auditory_simulation_m6a/pub_01/s06/sparrkulee_virtual_20260919_v4/cleaning_index.csv
SparrKULee,sub-060_ses-varyingStories07_task-listeningActive_run-01_desc-preproc-audio-podcast_25_eeg.npy,64,ENVELOPE_64; raw audio rate separately audited,0,970.296875,publisher common prefix consumption; no re-normalization/split,UNKNOWN,UNKNOWN,/home/fanyu/auditory_simulation_m6a/pub_01/s06/sparrkulee_virtual_20260919_v4/cleaning_index.csv
SparrKULee,sub-060_ses-varyingStories07_task-listeningActive_run-03_desc-preproc-audio-podcast_26_eeg.npy,64,ENVELOPE_64; raw audio rate separately audited,0,789.65625,publisher common prefix consumption; no re-normalization/split,UNKNOWN,UNKNOWN,/home/fanyu/auditory_simulation_m6a/pub_01/s06/sparrkulee_virtual_20260919_v4/cleaning_index.csv
SparrKULee,sub-060_ses-varyingStories07_task-listeningActive_run-04_desc-preproc-audio-podcast_24_eeg.npy,64,ENVELOPE_64; raw audio rate separately audited,0,992.875,publisher common prefix consumption; no re-normalization/split,UNKNOWN,UNKNOWN,/home/fanyu/auditory_simulation_m6a/pub_01/s06/sparrkulee_virtual_20260919_v4/cleaning_index.csv
SparrKULee,sub-060_ses-varyingStories07_task-listeningActive_run-05_desc-preproc-audio-audiobook_1_eeg.npy,64,ENVELOPE_64; raw audio rate separately audited,0,936.84375,publisher common prefix consumption; no re-normalization/split,UNKNOWN,UNKNOWN,/home/fanyu/auditory_simulation_m6a/pub_01/s06/sparrkulee_virtual_20260919_v4/cleaning_index.csv
SparrKULee,sub-060_ses-varyingStories07_task-listeningActive_run-06_desc-preproc-audio-audiobook_13_1_eeg.npy,64,ENVELOPE_64; raw audio rate separately audited,0,1001.46875,publisher common prefix consumption; no re-normalization/split,UNKNOWN,UNKNOWN,/home/fanyu/auditory_simulation_m6a/pub_01/s06/sparrkulee_virtual_20260919_v4/cleaning_index.csv
SparrKULee,sub-060_ses-varyingStories07_task-listeningActive_run-07_desc-preproc-audio-audiobook_13_2_eeg.npy,64,ENVELOPE_64; raw audio rate separately audited,0,851.46875,publisher common prefix consumption; no re-normalization/split,UNKNOWN,UNKNOWN,/home/fanyu/auditory_simulation_m6a/pub_01/s06/sparrkulee_virtual_20260919_v4/cleaning_index.csv
SparrKULee,sub-061_ses-varyingStories07_task-listeningActive_run-01_desc-preproc-audio-audiobook_13_1_eeg.npy,64,ENVELOPE_64; raw audio rate separately audited,0,1001.46875,publisher common prefix consumption; no re-normalization/split,UNKNOWN,UNKNOWN,/home/fanyu/auditory_simulation_m6a/pub_01/s06/sparrkulee_virtual_20260919_v4/cleaning_index.csv
SparrKULee,sub-061_ses-varyingStories07_task-listeningActive_run-02_desc-preproc-audio-audiobook_13_2_eeg.npy,64,ENVELOPE_64; raw audio rate separately audited,0,851.46875,publisher common prefix consumption; no re-normalization/split,UNKNOWN,UNKNOWN,/home/fanyu/auditory_simulation_m6a/pub_01/s06/sparrkulee_virtual_20260919_v4/cleaning_index.csv
SparrKULee,sub-061_ses-varyingStories07_task-listeningActive_run-04_desc-preproc-audio-audiobook_1_eeg.npy,64,ENVELOPE_64; raw audio rate separately audited,0,936.84375,publisher common prefix consumption; no re-normalization/split,UNKNOWN,UNKNOWN,/home/fanyu/auditory_simulation_m6a/pub_01/s06/sparrkulee_virtual_20260919_v4/cleaning_index.csv
SparrKULee,sub-061_ses-varyingStories07_task-listeningActive_run-05_desc-preproc-audio-podcast_24_eeg.npy,64,ENVELOPE_64; raw audio rate separately audited,0,992.875,publisher common prefix consumption; no re-normalization/split,UNKNOWN,UNKNOWN,/home/fanyu/auditory_simulation_m6a/pub_01/s06/sparrkulee_virtual_20260919_v4/cleaning_index.csv
SparrKULee,sub-061_ses-varyingStories07_task-listeningActive_run-07_desc-preproc-audio-podcast_26_eeg.npy,64,ENVELOPE_64; raw audio rate separately audited,0,789.65625,publisher common prefix consumption; no re-normalization/split,UNKNOWN,UNKNOWN,/home/fanyu/auditory_simulation_m6a/pub_01/s06/sparrkulee_virtual_20260919_v4/cleaning_index.csv
SparrKULee,sub-061_ses-varyingStories07_task-listeningActive_run-08_desc-preproc-audio-podcast_27_eeg.npy,64,ENVELOPE_64; raw audio rate separately audited,0,873.90625,publisher common prefix consumption; no re-normalization/split,UNKNOWN,UNKNOWN,/home/fanyu/auditory_simulation_m6a/pub_01/s06/sparrkulee_virtual_20260919_v4/cleaning_index.csv
SparrKULee,sub-061_ses-varyingStories07_task-listeningActive_run-09_desc-preproc-audio-podcast_25_eeg.npy,64,ENVELOPE_64; raw audio rate separately audited,0,970.296875,publisher common prefix consumption; no re-normalization/split,UNKNOWN,UNKNOWN,/home/fanyu/auditory_simulation_m6a/pub_01/s06/sparrkulee_virtual_20260919_v4/cleaning_index.csv
SparrKULee,sub-062_ses-varyingStories07_task-listeningActive_run-02_desc-preproc-audio-audiobook_1_eeg.npy,64,ENVELOPE_64; raw audio rate separately audited,0,936.84375,publisher common prefix consumption; no re-normalization/split,UNKNOWN,UNKNOWN,/home/fanyu/auditory_simulation_m6a/pub_01/s06/sparrkulee_virtual_20260919_v4/cleaning_index.csv
SparrKULee,sub-062_ses-varyingStories07_task-listeningActive_run-03_desc-preproc-audio-podcast_24_eeg.npy,64,ENVELOPE_64; raw audio rate separately audited,0,992.875,publisher common prefix consumption; no re-normalization/split,UNKNOWN,UNKNOWN,/home/fanyu/auditory_simulation_m6a/pub_01/s06/sparrkulee_virtual_20260919_v4/cleaning_index.csv
SparrKULee,sub-062_ses-varyingStories07_task-listeningActive_run-04_desc-preproc-audio-podcast_26_eeg.npy,64,ENVELOPE_64; raw audio rate separately audited,0,789.65625,publisher common prefix consumption; no re-normalization/split,UNKNOWN,UNKNOWN,/home/fanyu/auditory_simulation_m6a/pub_01/s06/sparrkulee_virtual_20260919_v4/cleaning_index.csv
SparrKULee,sub-062_ses-varyingStories07_task-listeningActive_run-05_desc-preproc-audio-audiobook_13_1_eeg.npy,64,ENVELOPE_64; raw audio rate separately audited,0,1001.46875,publisher common prefix consumption; no re-normalization/split,UNKNOWN,UNKNOWN,/home/fanyu/auditory_simulation_m6a/pub_01/s06/sparrkulee_virtual_20260919_v4/cleaning_index.csv
SparrKULee,sub-062_ses-varyingStories07_task-listeningActive_run-06_desc-preproc-audio-audiobook_13_2_eeg.npy,64,ENVELOPE_64; raw audio rate separately audited,0,851.46875,publisher common prefix consumption; no re-normalization/split,UNKNOWN,UNKNOWN,/home/fanyu/auditory_simulation_m6a/pub_01/s06/sparrkulee_virtual_20260919_v4/cleaning_index.csv
SparrKULee,sub-062_ses-varyingStories07_task-listeningActive_run-08_desc-preproc-audio-podcast_25_eeg.npy,64,ENVELOPE_64; raw audio rate separately audited,0,970.296875,publisher common prefix consumption; no re-normalization/split,UNKNOWN,UNKNOWN,/home/fanyu/auditory_simulation_m6a/pub_01/s06/sparrkulee_virtual_20260919_v4/cleaning_index.csv
SparrKULee,sub-062_ses-varyingStories07_task-listeningActive_run-09_desc-preproc-audio-podcast_27_eeg.npy,64,ENVELOPE_64; raw audio rate separately audited,0,873.90625,publisher common prefix consumption; no re-normalization/split,UNKNOWN,UNKNOWN,/home/fanyu/auditory_simulation_m6a/pub_01/s06/sparrkulee_virtual_20260919_v4/cleaning_index.csv
SparrKULee,sub-063_ses-varyingStories08_task-listeningActive_run-02_desc-preproc-audio-audiobook_14_1_eeg.npy,64,ENVELOPE_64; raw audio rate separately audited,0,1052.25,publisher common prefix consumption; no re-normalization/split,UNKNOWN,UNKNOWN,/home/fanyu/auditory_simulation_m6a/pub_01/s06/sparrkulee_virtual_20260919_v4/cleaning_index.csv
SparrKULee,sub-063_ses-varyingStories08_task-listeningActive_run-03_desc-preproc-audio-audiobook_14_2_eeg.npy,64,ENVELOPE_64; raw audio rate separately audited,0,1148.25,publisher common prefix consumption; no re-normalization/split,UNKNOWN,UNKNOWN,/home/fanyu/auditory_simulation_m6a/pub_01/s06/sparrkulee_virtual_20260919_v4/cleaning_index.csv
SparrKULee,sub-063_ses-varyingStories08_task-listeningActive_run-04_desc-preproc-audio-podcast_28_eeg.npy,64,ENVELOPE_64; raw audio rate separately audited,0,807.828125,publisher common prefix consumption; no re-normalization/split,UNKNOWN,UNKNOWN,/home/fanyu/auditory_simulation_m6a/pub_01/s06/sparrkulee_virtual_20260919_v4/cleaning_index.csv
SparrKULee,sub-063_ses-varyingStories08_task-listeningActive_run-05_desc-preproc-audio-audiobook_1_eeg.npy,64,ENVELOPE_64; raw audio rate separately audited,0,936.84375,publisher common prefix consumption; no re-normalization/split,UNKNOWN,UNKNOWN,/home/fanyu/auditory_simulation_m6a/pub_01/s06/sparrkulee_virtual_20260919_v4/cleaning_index.csv
SparrKULee,sub-063_ses-varyingStories08_task-listeningActive_run-06_desc-preproc-audio-podcast_30_eeg.npy,64,ENVELOPE_64; raw audio rate separately audited,0,973.0625,publisher common prefix consumption; no re-normalization/split,UNKNOWN,UNKNOWN,/home/fanyu/auditory_simulation_m6a/pub_01/s06/sparrkulee_virtual_20260919_v4/cleaning_index.csv
SparrKULee,sub-063_ses-varyingStories08_task-listeningActive_run-08_desc-preproc-audio-podcast_31_eeg.npy,64,ENVELOPE_64; raw audio rate separately audited,0,887.359375,publisher common prefix consumption; no re-normalization/split,UNKNOWN,UNKNOWN,/home/fanyu/auditory_simulation_m6a/pub_01/s06/sparrkulee_virtual_20260919_v4/cleaning_index.csv
SparrKULee,sub-063_ses-varyingStories08_task-listeningActive_run-09_desc-preproc-audio-podcast_29_eeg.npy,64,ENVELOPE_64; raw audio rate separately audited,0,901.390625,publisher common prefix consumption; no re-normalization/split,UNKNOWN,UNKNOWN,/home/fanyu/auditory_simulation_m6a/pub_01/s06/sparrkulee_virtual_20260919_v4/cleaning_index.csv
SparrKULee,sub-064_ses-varyingStories08_task-listeningActive_run-01_desc-preproc-audio-audiobook_1_eeg.npy,64,ENVELOPE_64; raw audio rate separately audited,0,936.84375,publisher common prefix consumption; no re-normalization/split,UNKNOWN,UNKNOWN,/home/fanyu/auditory_simulation_m6a/pub_01/s06/sparrkulee_virtual_20260919_v4/cleaning_index.csv
SparrKULee,sub-064_ses-varyingStories08_task-listeningActive_run-02_desc-preproc-audio-podcast_31_eeg.npy,64,ENVELOPE_64; raw audio rate separately audited,0,887.359375,publisher common prefix consumption; no re-normalization/split,UNKNOWN,UNKNOWN,/home/fanyu/auditory_simulation_m6a/pub_01/s06/sparrkulee_virtual_20260919_v4/cleaning_index.csv
SparrKULee,sub-064_ses-varyingStories08_task-listeningActive_run-03_desc-preproc-audio-podcast_30_eeg.npy,64,ENVELOPE_64; raw audio rate separately audited,0,973.0625,publisher common prefix consumption; no re-normalization/split,UNKNOWN,UNKNOWN,/home/fanyu/auditory_simulation_m6a/pub_01/s06/sparrkulee_virtual_20260919_v4/cleaning_index.csv
SparrKULee,sub-064_ses-varyingStories08_task-listeningActive_run-04_desc-preproc-audio-audiobook_14_1_eeg.npy,64,ENVELOPE_64; raw audio rate separately audited,0,1052.25,publisher common prefix consumption; no re-normalization/split,UNKNOWN,UNKNOWN,/home/fanyu/auditory_simulation_m6a/pub_01/s06/sparrkulee_virtual_20260919_v4/cleaning_index.csv
SparrKULee,sub-064_ses-varyingStories08_task-listeningActive_run-05_desc-preproc-audio-audiobook_14_2_eeg.npy,64,ENVELOPE_64; raw audio rate separately audited,0,1148.25,publisher common prefix consumption; no re-normalization/split,UNKNOWN,UNKNOWN,/home/fanyu/auditory_simulation_m6a/pub_01/s06/sparrkulee_virtual_20260919_v4/cleaning_index.csv
SparrKULee,sub-064_ses-varyingStories08_task-listeningActive_run-06_desc-preproc-audio-podcast_28_eeg.npy,64,ENVELOPE_64; raw audio rate separately audited,0,807.828125,publisher common prefix consumption; no re-normalization/split,UNKNOWN,UNKNOWN,/home/fanyu/auditory_simulation_m6a/pub_01/s06/sparrkulee_virtual_20260919_v4/cleaning_index.csv
SparrKULee,sub-064_ses-varyingStories08_task-listeningActive_run-09_desc-preproc-audio-podcast_29_eeg.npy,64,ENVELOPE_64; raw audio rate separately audited,0,901.390625,publisher common prefix consumption; no re-normalization/split,UNKNOWN,UNKNOWN,/home/fanyu/auditory_simulation_m6a/pub_01/s06/sparrkulee_virtual_20260919_v4/cleaning_index.csv
SparrKULee,sub-065_ses-varyingStories08_task-listeningActive_run-01_desc-preproc-audio-podcast_30_eeg.npy,64,ENVELOPE_64; raw audio rate separately audited,0,973.0625,publisher common prefix consumption; no re-normalization/split,UNKNOWN,UNKNOWN,/home/fanyu/auditory_simulation_m6a/pub_01/s06/sparrkulee_virtual_20260919_v4/cleaning_index.csv
SparrKULee,sub-065_ses-varyingStories08_task-listeningActive_run-02_desc-preproc-audio-audiobook_1_eeg.npy,64,ENVELOPE_64; raw audio rate separately audited,0,936.84375,publisher common prefix consumption; no re-normalization/split,UNKNOWN,UNKNOWN,/home/fanyu/auditory_simulation_m6a/pub_01/s06/sparrkulee_virtual_20260919_v4/cleaning_index.csv
SparrKULee,sub-065_ses-varyingStories08_task-listeningActive_run-03_desc-preproc-audio-audiobook_14_1_eeg.npy,64,ENVELOPE_64; raw audio rate separately audited,0,1052.25,publisher common prefix consumption; no re-normalization/split,UNKNOWN,UNKNOWN,/home/fanyu/auditory_simulation_m6a/pub_01/s06/sparrkulee_virtual_20260919_v4/cleaning_index.csv
SparrKULee,sub-065_ses-varyingStories08_task-listeningActive_run-04_desc-preproc-audio-audiobook_14_2_eeg.npy,64,ENVELOPE_64; raw audio rate separately audited,0,1148.25,publisher common prefix consumption; no re-normalization/split,UNKNOWN,UNKNOWN,/home/fanyu/auditory_simulation_m6a/pub_01/s06/sparrkulee_virtual_20260919_v4/cleaning_index.csv
SparrKULee,sub-065_ses-varyingStories08_task-listeningActive_run-05_desc-preproc-audio-podcast_29_eeg.npy,64,ENVELOPE_64; raw audio rate separately audited,0,901.390625,publisher common prefix consumption; no re-normalization/split,UNKNOWN,UNKNOWN,/home/fanyu/auditory_simulation_m6a/pub_01/s06/sparrkulee_virtual_20260919_v4/cleaning_index.csv
SparrKULee,sub-065_ses-varyingStories08_task-listeningActive_run-08_desc-preproc-audio-podcast_31_eeg.npy,64,ENVELOPE_64; raw audio rate separately audited,0,887.359375,publisher common prefix consumption; no re-normalization/split,UNKNOWN,UNKNOWN,/home/fanyu/auditory_simulation_m6a/pub_01/s06/sparrkulee_virtual_20260919_v4/cleaning_index.csv
SparrKULee,sub-065_ses-varyingStories08_task-listeningActive_run-09_desc-preproc-audio-podcast_28_eeg.npy,64,ENVELOPE_64; raw audio rate separately audited,0,807.828125,publisher common prefix consumption; no re-normalization/split,UNKNOWN,UNKNOWN,/home/fanyu/auditory_simulation_m6a/pub_01/s06/sparrkulee_virtual_20260919_v4/cleaning_index.csv
SparrKULee,sub-066_ses-varyingStories08_task-listeningActive_run-01_desc-preproc-audio-podcast_29_eeg.npy,64,ENVELOPE_64; raw audio rate separately audited,0,901.390625,publisher common prefix consumption; no re-normalization/split,UNKNOWN,UNKNOWN,/home/fanyu/auditory_simulation_m6a/pub_01/s06/sparrkulee_virtual_20260919_v4/cleaning_index.csv
SparrKULee,sub-066_ses-varyingStories08_task-listeningActive_run-02_desc-preproc-audio-audiobook_1_eeg.npy,64,ENVELOPE_64; raw audio rate separately audited,0,936.84375,publisher common prefix consumption; no re-normalization/split,UNKNOWN,UNKNOWN,/home/fanyu/auditory_simulation_m6a/pub_01/s06/sparrkulee_virtual_20260919_v4/cleaning_index.csv
SparrKULee,sub-066_ses-varyingStories08_task-listeningActive_run-03_desc-preproc-audio-audiobook_14_1_eeg.npy,64,ENVELOPE_64; raw audio rate separately audited,0,1052.25,publisher common prefix consumption; no re-normalization/split,UNKNOWN,UNKNOWN,/home/fanyu/auditory_simulation_m6a/pub_01/s06/sparrkulee_virtual_20260919_v4/cleaning_index.csv
SparrKULee,sub-066_ses-varyingStories08_task-listeningActive_run-04_desc-preproc-audio-audiobook_14_2_eeg.npy,64,ENVELOPE_64; raw audio rate separately audited,0,1148.25,publisher common prefix consumption; no re-normalization/split,UNKNOWN,UNKNOWN,/home/fanyu/auditory_simulation_m6a/pub_01/s06/sparrkulee_virtual_20260919_v4/cleaning_index.csv
SparrKULee,sub-066_ses-varyingStories08_task-listeningActive_run-07_desc-preproc-audio-podcast_31_eeg.npy,64,ENVELOPE_64; raw audio rate separately audited,0,887.359375,publisher common prefix consumption; no re-normalization/split,UNKNOWN,UNKNOWN,/home/fanyu/auditory_simulation_m6a/pub_01/s06/sparrkulee_virtual_20260919_v4/cleaning_index.csv
SparrKULee,sub-066_ses-varyingStories08_task-listeningActive_run-08_desc-preproc-audio-podcast_30_eeg.npy,64,ENVELOPE_64; raw audio rate separately audited,0,973.0625,publisher common prefix consumption; no re-normalization/split,UNKNOWN,UNKNOWN,/home/fanyu/auditory_simulation_m6a/pub_01/s06/sparrkulee_virtual_20260919_v4/cleaning_index.csv
SparrKULee,sub-066_ses-varyingStories08_task-listeningActive_run-09_desc-preproc-audio-podcast_28_eeg.npy,64,ENVELOPE_64; raw audio rate separately audited,0,807.828125,publisher common prefix consumption; no re-normalization/split,UNKNOWN,UNKNOWN,/home/fanyu/auditory_simulation_m6a/pub_01/s06/sparrkulee_virtual_20260919_v4/cleaning_index.csv
SparrKULee,sub-067_ses-varyingStories08_task-listeningActive_run-01_desc-preproc-audio-podcast_30_eeg.npy,64,ENVELOPE_64; raw audio rate separately audited,0,973.0625,publisher common prefix consumption; no re-normalization/split,UNKNOWN,UNKNOWN,/home/fanyu/auditory_simulation_m6a/pub_01/s06/sparrkulee_virtual_20260919_v4/cleaning_index.csv
SparrKULee,sub-067_ses-varyingStories08_task-listeningActive_run-02_desc-preproc-audio-audiobook_1_eeg.npy,64,ENVELOPE_64; raw audio rate separately audited,0,936.84375,publisher common prefix consumption; no re-normalization/split,UNKNOWN,UNKNOWN,/home/fanyu/auditory_simulation_m6a/pub_01/s06/sparrkulee_virtual_20260919_v4/cleaning_index.csv
SparrKULee,sub-067_ses-varyingStories08_task-listeningActive_run-03_desc-preproc-audio-audiobook_14_1_eeg.npy,64,ENVELOPE_64; raw audio rate separately audited,0,1052.25,publisher common prefix consumption; no re-normalization/split,UNKNOWN,UNKNOWN,/home/fanyu/auditory_simulation_m6a/pub_01/s06/sparrkulee_virtual_20260919_v4/cleaning_index.csv
SparrKULee,sub-067_ses-varyingStories08_task-listeningActive_run-04_desc-preproc-audio-audiobook_14_2_eeg.npy,64,ENVELOPE_64; raw audio rate separately audited,0,1148.25,publisher common prefix consumption; no re-normalization/split,UNKNOWN,UNKNOWN,/home/fanyu/auditory_simulation_m6a/pub_01/s06/sparrkulee_virtual_20260919_v4/cleaning_index.csv
SparrKULee,sub-067_ses-varyingStories08_task-listeningActive_run-05_desc-preproc-audio-podcast_29_eeg.npy,64,ENVELOPE_64; raw audio rate separately audited,0,901.390625,publisher common prefix consumption; no re-normalization/split,UNKNOWN,UNKNOWN,/home/fanyu/auditory_simulation_m6a/pub_01/s06/sparrkulee_virtual_20260919_v4/cleaning_index.csv
SparrKULee,sub-067_ses-varyingStories08_task-listeningActive_run-07_desc-preproc-audio-podcast_31_eeg.npy,64,ENVELOPE_64; raw audio rate separately audited,0,887.359375,publisher common prefix consumption; no re-normalization/split,UNKNOWN,UNKNOWN,/home/fanyu/auditory_simulation_m6a/pub_01/s06/sparrkulee_virtual_20260919_v4/cleaning_index.csv
SparrKULee,sub-067_ses-varyingStories08_task-listeningActive_run-08_desc-preproc-audio-podcast_28_eeg.npy,64,ENVELOPE_64; raw audio rate separately audited,0,807.828125,publisher common prefix consumption; no re-normalization/split,UNKNOWN,UNKNOWN,/home/fanyu/auditory_simulation_m6a/pub_01/s06/sparrkulee_virtual_20260919_v4/cleaning_index.csv
SparrKULee,sub-068_ses-varyingStories08_task-listeningActive_run-02_desc-preproc-audio-audiobook_1_eeg.npy,64,ENVELOPE_64; raw audio rate separately audited,0,936.84375,publisher common prefix consumption; no re-normalization/split,UNKNOWN,UNKNOWN,/home/fanyu/auditory_simulation_m6a/pub_01/s06/sparrkulee_virtual_20260919_v4/cleaning_index.csv
SparrKULee,sub-068_ses-varyingStories08_task-listeningActive_run-03_desc-preproc-audio-podcast_29_eeg.npy,64,ENVELOPE_64; raw audio rate separately audited,0,901.390625,publisher common prefix consumption; no re-normalization/split,UNKNOWN,UNKNOWN,/home/fanyu/auditory_simulation_m6a/pub_01/s06/sparrkulee_virtual_20260919_v4/cleaning_index.csv
SparrKULee,sub-068_ses-varyingStories08_task-listeningActive_run-04_desc-preproc-audio-podcast_31_eeg.npy,64,ENVELOPE_64; raw audio rate separately audited,0,887.359375,publisher common prefix consumption; no re-normalization/split,UNKNOWN,UNKNOWN,/home/fanyu/auditory_simulation_m6a/pub_01/s06/sparrkulee_virtual_20260919_v4/cleaning_index.csv
SparrKULee,sub-068_ses-varyingStories08_task-listeningActive_run-05_desc-preproc-audio-audiobook_14_1_eeg.npy,64,ENVELOPE_64; raw audio rate separately audited,0,1052.25,publisher common prefix consumption; no re-normalization/split,UNKNOWN,UNKNOWN,/home/fanyu/auditory_simulation_m6a/pub_01/s06/sparrkulee_virtual_20260919_v4/cleaning_index.csv
SparrKULee,sub-068_ses-varyingStories08_task-listeningActive_run-06_desc-preproc-audio-audiobook_14_2_eeg.npy,64,ENVELOPE_64; raw audio rate separately audited,0,1148.25,publisher common prefix consumption; no re-normalization/split,UNKNOWN,UNKNOWN,/home/fanyu/auditory_simulation_m6a/pub_01/s06/sparrkulee_virtual_20260919_v4/cleaning_index.csv
SparrKULee,sub-068_ses-varyingStories08_task-listeningActive_run-07_desc-preproc-audio-podcast_30_eeg.npy,64,ENVELOPE_64; raw audio rate separately audited,0,973.0625,publisher common prefix consumption; no re-normalization/split,UNKNOWN,UNKNOWN,/home/fanyu/auditory_simulation_m6a/pub_01/s06/sparrkulee_virtual_20260919_v4/cleaning_index.csv
SparrKULee,sub-068_ses-varyingStories08_task-listeningActive_run-09_desc-preproc-audio-podcast_28_eeg.npy,64,ENVELOPE_64; raw audio rate separately audited,0,807.828125,publisher common prefix consumption; no re-normalization/split,UNKNOWN,UNKNOWN,/home/fanyu/auditory_simulation_m6a/pub_01/s06/sparrkulee_virtual_20260919_v4/cleaning_index.csv
SparrKULee,sub-069_ses-varyingStories08_task-listeningActive_run-01_desc-preproc-audio-podcast_29_eeg.npy,64,ENVELOPE_64; raw audio rate separately audited,0,901.390625,publisher common prefix consumption; no re-normalization/split,UNKNOWN,UNKNOWN,/home/fanyu/auditory_simulation_m6a/pub_01/s06/sparrkulee_virtual_20260919_v4/cleaning_index.csv
SparrKULee,sub-069_ses-varyingStories08_task-listeningActive_run-03_desc-preproc-audio-audiobook_14_1_eeg.npy,64,ENVELOPE_64; raw audio rate separately audited,0,1052.25,publisher common prefix consumption; no re-normalization/split,UNKNOWN,UNKNOWN,/home/fanyu/auditory_simulation_m6a/pub_01/s06/sparrkulee_virtual_20260919_v4/cleaning_index.csv
SparrKULee,sub-069_ses-varyingStories08_task-listeningActive_run-04_desc-preproc-audio-audiobook_14_2_eeg.npy,64,ENVELOPE_64; raw audio rate separately audited,0,1148.25,publisher common prefix consumption; no re-normalization/split,UNKNOWN,UNKNOWN,/home/fanyu/auditory_simulation_m6a/pub_01/s06/sparrkulee_virtual_20260919_v4/cleaning_index.csv
SparrKULee,sub-069_ses-varyingStories08_task-listeningActive_run-06_desc-preproc-audio-podcast_28_eeg.npy,64,ENVELOPE_64; raw audio rate separately audited,0,807.828125,publisher common prefix consumption; no re-normalization/split,UNKNOWN,UNKNOWN,/home/fanyu/auditory_simulation_m6a/pub_01/s06/sparrkulee_virtual_20260919_v4/cleaning_index.csv
SparrKULee,sub-069_ses-varyingStories08_task-listeningActive_run-07_desc-preproc-audio-podcast_30_eeg.npy,64,ENVELOPE_64; raw audio rate separately audited,0,973.0625,publisher common prefix consumption; no re-normalization/split,UNKNOWN,UNKNOWN,/home/fanyu/auditory_simulation_m6a/pub_01/s06/sparrkulee_virtual_20260919_v4/cleaning_index.csv
SparrKULee,sub-069_ses-varyingStories08_task-listeningActive_run-08_desc-preproc-audio-podcast_31_eeg.npy,64,ENVELOPE_64; raw audio rate separately audited,0,887.359375,publisher common prefix consumption; no re-normalization/split,UNKNOWN,UNKNOWN,/home/fanyu/auditory_simulation_m6a/pub_01/s06/sparrkulee_virtual_20260919_v4/cleaning_index.csv
SparrKULee,sub-069_ses-varyingStories08_task-listeningActive_run-09_desc-preproc-audio-audiobook_1_eeg.npy,64,ENVELOPE_64; raw audio rate separately audited,0,936.84375,publisher common prefix consumption; no re-normalization/split,UNKNOWN,UNKNOWN,/home/fanyu/auditory_simulation_m6a/pub_01/s06/sparrkulee_virtual_20260919_v4/cleaning_index.csv
SparrKULee,sub-070_ses-varyingStories08_task-listeningActive_run-03_desc-preproc-audio-podcast_28_eeg.npy,64,ENVELOPE_64; raw audio rate separately audited,0,807.828125,publisher common prefix consumption; no re-normalization/split,UNKNOWN,UNKNOWN,/home/fanyu/auditory_simulation_m6a/pub_01/s06/sparrkulee_virtual_20260919_v4/cleaning_index.csv
SparrKULee,sub-070_ses-varyingStories08_task-listeningActive_run-04_desc-preproc-audio-podcast_30_eeg.npy,64,ENVELOPE_64; raw audio rate separately audited,0,973.0625,publisher common prefix consumption; no re-normalization/split,UNKNOWN,UNKNOWN,/home/fanyu/auditory_simulation_m6a/pub_01/s06/sparrkulee_virtual_20260919_v4/cleaning_index.csv
SparrKULee,sub-070_ses-varyingStories08_task-listeningActive_run-05_desc-preproc-audio-audiobook_14_1_eeg.npy,64,ENVELOPE_64; raw audio rate separately audited,0,1052.25,publisher common prefix consumption; no re-normalization/split,UNKNOWN,UNKNOWN,/home/fanyu/auditory_simulation_m6a/pub_01/s06/sparrkulee_virtual_20260919_v4/cleaning_index.csv
SparrKULee,sub-070_ses-varyingStories08_task-listeningActive_run-06_desc-preproc-audio-audiobook_14_2_eeg.npy,64,ENVELOPE_64; raw audio rate separately audited,0,1148.25,publisher common prefix consumption; no re-normalization/split,UNKNOWN,UNKNOWN,/home/fanyu/auditory_simulation_m6a/pub_01/s06/sparrkulee_virtual_20260919_v4/cleaning_index.csv
SparrKULee,sub-070_ses-varyingStories08_task-listeningActive_run-07_desc-preproc-audio-podcast_31_eeg.npy,64,ENVELOPE_64; raw audio rate separately audited,0,887.359375,publisher common prefix consumption; no re-normalization/split,UNKNOWN,UNKNOWN,/home/fanyu/auditory_simulation_m6a/pub_01/s06/sparrkulee_virtual_20260919_v4/cleaning_index.csv
SparrKULee,sub-070_ses-varyingStories08_task-listeningActive_run-08_desc-preproc-audio-audiobook_1_eeg.npy,64,ENVELOPE_64; raw audio rate separately audited,0,936.84375,publisher common prefix consumption; no re-normalization/split,UNKNOWN,UNKNOWN,/home/fanyu/auditory_simulation_m6a/pub_01/s06/sparrkulee_virtual_20260919_v4/cleaning_index.csv
SparrKULee,sub-070_ses-varyingStories08_task-listeningActive_run-09_desc-preproc-audio-podcast_29_eeg.npy,64,ENVELOPE_64; raw audio rate separately audited,0,901.390625,publisher common prefix consumption; no re-normalization/split,UNKNOWN,UNKNOWN,/home/fanyu/auditory_simulation_m6a/pub_01/s06/sparrkulee_virtual_20260919_v4/cleaning_index.csv
SparrKULee,sub-071_ses-varyingStories08_task-listeningActive_run-01_desc-preproc-audio-audiobook_1_eeg.npy,64,ENVELOPE_64; raw audio rate separately audited,0,936.84375,publisher common prefix consumption; no re-normalization/split,UNKNOWN,UNKNOWN,/home/fanyu/auditory_simulation_m6a/pub_01/s06/sparrkulee_virtual_20260919_v4/cleaning_index.csv
SparrKULee,sub-071_ses-varyingStories08_task-listeningActive_run-02_desc-preproc-audio-podcast_29_eeg.npy,64,ENVELOPE_64; raw audio rate separately audited,0,901.390625,publisher common prefix consumption; no re-normalization/split,UNKNOWN,UNKNOWN,/home/fanyu/auditory_simulation_m6a/pub_01/s06/sparrkulee_virtual_20260919_v4/cleaning_index.csv
SparrKULee,sub-071_ses-varyingStories08_task-listeningActive_run-03_desc-preproc-audio-podcast_30_eeg.npy,64,ENVELOPE_64; raw audio rate separately audited,0,973.0625,publisher common prefix consumption; no re-normalization/split,UNKNOWN,UNKNOWN,/home/fanyu/auditory_simulation_m6a/pub_01/s06/sparrkulee_virtual_20260919_v4/cleaning_index.csv
SparrKULee,sub-071_ses-varyingStories08_task-listeningActive_run-04_desc-preproc-audio-podcast_28_eeg.npy,64,ENVELOPE_64; raw audio rate separately audited,0,807.828125,publisher common prefix consumption; no re-normalization/split,UNKNOWN,UNKNOWN,/home/fanyu/auditory_simulation_m6a/pub_01/s06/sparrkulee_virtual_20260919_v4/cleaning_index.csv
SparrKULee,sub-071_ses-varyingStories08_task-listeningActive_run-06_desc-preproc-audio-podcast_31_eeg.npy,64,ENVELOPE_64; raw audio rate separately audited,0,887.359375,publisher common prefix consumption; no re-normalization/split,UNKNOWN,UNKNOWN,/home/fanyu/auditory_simulation_m6a/pub_01/s06/sparrkulee_virtual_20260919_v4/cleaning_index.csv
SparrKULee,sub-071_ses-varyingStories08_task-listeningActive_run-07_desc-preproc-audio-audiobook_14_1_eeg.npy,64,ENVELOPE_64; raw audio rate separately audited,0,1052.25,publisher common prefix consumption; no re-normalization/split,UNKNOWN,UNKNOWN,/home/fanyu/auditory_simulation_m6a/pub_01/s06/sparrkulee_virtual_20260919_v4/cleaning_index.csv
SparrKULee,sub-071_ses-varyingStories08_task-listeningActive_run-08_desc-preproc-audio-audiobook_14_2_eeg.npy,64,ENVELOPE_64; raw audio rate separately audited,0,1148.25,publisher common prefix consumption; no re-normalization/split,UNKNOWN,UNKNOWN,/home/fanyu/auditory_simulation_m6a/pub_01/s06/sparrkulee_virtual_20260919_v4/cleaning_index.csv
SparrKULee,sub-072_ses-varyingStories09_task-listeningActive_run-01_desc-preproc-audio-podcast_32_eeg.npy,64,ENVELOPE_64; raw audio rate separately audited,0,943.6875,publisher common prefix consumption; no re-normalization/split,UNKNOWN,UNKNOWN,/home/fanyu/auditory_simulation_m6a/pub_01/s06/sparrkulee_virtual_20260919_v4/cleaning_index.csv
SparrKULee,sub-072_ses-varyingStories09_task-listeningActive_run-02_desc-preproc-audio-audiobook_14_1_eeg.npy,64,ENVELOPE_64; raw audio rate separately audited,0,1052.25,publisher common prefix consumption; no re-normalization/split,UNKNOWN,UNKNOWN,/home/fanyu/auditory_simulation_m6a/pub_01/s06/sparrkulee_virtual_20260919_v4/cleaning_index.csv
SparrKULee,sub-072_ses-varyingStories09_task-listeningActive_run-03_desc-preproc-audio-audiobook_14_2_eeg.npy,64,ENVELOPE_64; raw audio rate separately audited,0,1148.25,publisher common prefix consumption; no re-normalization/split,UNKNOWN,UNKNOWN,/home/fanyu/auditory_simulation_m6a/pub_01/s06/sparrkulee_virtual_20260919_v4/cleaning_index.csv
SparrKULee,sub-072_ses-varyingStories09_task-listeningActive_run-04_desc-preproc-audio-podcast_34_eeg.npy,64,ENVELOPE_64; raw audio rate separately audited,0,962.828125,publisher common prefix consumption; no re-normalization/split,UNKNOWN,UNKNOWN,/home/fanyu/auditory_simulation_m6a/pub_01/s06/sparrkulee_virtual_20260919_v4/cleaning_index.csv
SparrKULee,sub-072_ses-varyingStories09_task-listeningActive_run-06_desc-preproc-audio-audiobook_1_eeg.npy,64,ENVELOPE_64; raw audio rate separately audited,0,936.84375,publisher common prefix consumption; no re-normalization/split,UNKNOWN,UNKNOWN,/home/fanyu/auditory_simulation_m6a/pub_01/s06/sparrkulee_virtual_20260919_v4/cleaning_index.csv
SparrKULee,sub-072_ses-varyingStories09_task-listeningActive_run-07_desc-preproc-audio-podcast_33_eeg.npy,64,ENVELOPE_64; raw audio rate separately audited,0,710.53125,publisher common prefix consumption; no re-normalization/split,UNKNOWN,UNKNOWN,/home/fanyu/auditory_simulation_m6a/pub_01/s06/sparrkulee_virtual_20260919_v4/cleaning_index.csv
SparrKULee,sub-073_ses-varyingStories09_task-listeningActive_run-02_desc-preproc-audio-podcast_33_eeg.npy,64,ENVELOPE_64; raw audio rate separately audited,0,710.53125,publisher common prefix consumption; no re-normalization/split,UNKNOWN,UNKNOWN,/home/fanyu/auditory_simulation_m6a/pub_01/s06/sparrkulee_virtual_20260919_v4/cleaning_index.csv
SparrKULee,sub-073_ses-varyingStories09_task-listeningActive_run-03_desc-preproc-audio-audiobook_14_1_eeg.npy,64,ENVELOPE_64; raw audio rate separately audited,0,1052.25,publisher common prefix consumption; no re-normalization/split,UNKNOWN,UNKNOWN,/home/fanyu/auditory_simulation_m6a/pub_01/s06/sparrkulee_virtual_20260919_v4/cleaning_index.csv
SparrKULee,sub-073_ses-varyingStories09_task-listeningActive_run-04_desc-preproc-audio-audiobook_14_2_eeg.npy,64,ENVELOPE_64; raw audio rate separately audited,0,1148.25,publisher common prefix consumption; no re-normalization/split,UNKNOWN,UNKNOWN,/home/fanyu/auditory_simulation_m6a/pub_01/s06/sparrkulee_virtual_20260919_v4/cleaning_index.csv
SparrKULee,sub-073_ses-varyingStories09_task-listeningActive_run-06_desc-preproc-audio-audiobook_1_eeg.npy,64,ENVELOPE_64; raw audio rate separately audited,0,936.84375,publisher common prefix consumption; no re-normalization/split,UNKNOWN,UNKNOWN,/home/fanyu/auditory_simulation_m6a/pub_01/s06/sparrkulee_virtual_20260919_v4/cleaning_index.csv
SparrKULee,sub-073_ses-varyingStories09_task-listeningActive_run-07_desc-preproc-audio-podcast_34_eeg.npy,64,ENVELOPE_64; raw audio rate separately audited,0,962.828125,publisher common prefix consumption; no re-normalization/split,UNKNOWN,UNKNOWN,/home/fanyu/auditory_simulation_m6a/pub_01/s06/sparrkulee_virtual_20260919_v4/cleaning_index.csv
SparrKULee,sub-073_ses-varyingStories09_task-listeningActive_run-08_desc-preproc-audio-podcast_32_eeg.npy,64,ENVELOPE_64; raw audio rate separately audited,0,943.6875,publisher common prefix consumption; no re-normalization/split,UNKNOWN,UNKNOWN,/home/fanyu/auditory_simulation_m6a/pub_01/s06/sparrkulee_virtual_20260919_v4/cleaning_index.csv
SparrKULee,sub-074_ses-varyingStories09_task-listeningActive_run-03_desc-preproc-audio-audiobook_14_1_eeg.npy,64,ENVELOPE_64; raw audio rate separately audited,0,1052.25,publisher common prefix consumption; no re-normalization/split,UNKNOWN,UNKNOWN,/home/fanyu/auditory_simulation_m6a/pub_01/s06/sparrkulee_virtual_20260919_v4/cleaning_index.csv
SparrKULee,sub-074_ses-varyingStories09_task-listeningActive_run-04_desc-preproc-audio-audiobook_14_2_eeg.npy,64,ENVELOPE_64; raw audio rate separately audited,0,1148.25,publisher common prefix consumption; no re-normalization/split,UNKNOWN,UNKNOWN,/home/fanyu/auditory_simulation_m6a/pub_01/s06/sparrkulee_virtual_20260919_v4/cleaning_index.csv
SparrKULee,sub-074_ses-varyingStories09_task-listeningActive_run-05_desc-preproc-audio-podcast_33_eeg.npy,64,ENVELOPE_64; raw audio rate separately audited,0,710.53125,publisher common prefix consumption; no re-normalization/split,UNKNOWN,UNKNOWN,/home/fanyu/auditory_simulation_m6a/pub_01/s06/sparrkulee_virtual_20260919_v4/cleaning_index.csv
SparrKULee,sub-074_ses-varyingStories09_task-listeningActive_run-06_desc-preproc-audio-audiobook_1_eeg.npy,64,ENVELOPE_64; raw audio rate separately audited,0,936.84375,publisher common prefix consumption; no re-normalization/split,UNKNOWN,UNKNOWN,/home/fanyu/auditory_simulation_m6a/pub_01/s06/sparrkulee_virtual_20260919_v4/cleaning_index.csv
SparrKULee,sub-074_ses-varyingStories09_task-listeningActive_run-07_desc-preproc-audio-podcast_32_eeg.npy,64,ENVELOPE_64; raw audio rate separately audited,0,943.6875,publisher common prefix consumption; no re-normalization/split,UNKNOWN,UNKNOWN,/home/fanyu/auditory_simulation_m6a/pub_01/s06/sparrkulee_virtual_20260919_v4/cleaning_index.csv
SparrKULee,sub-074_ses-varyingStories09_task-listeningActive_run-08_desc-preproc-audio-podcast_34_eeg.npy,64,ENVELOPE_64; raw audio rate separately audited,0,962.828125,publisher common prefix consumption; no re-normalization/split,UNKNOWN,UNKNOWN,/home/fanyu/auditory_simulation_m6a/pub_01/s06/sparrkulee_virtual_20260919_v4/cleaning_index.csv
SparrKULee,sub-075_ses-varyingStories09_task-listeningActive_run-01_desc-preproc-audio-podcast_33_eeg.npy,64,ENVELOPE_64; raw audio rate separately audited,0,710.53125,publisher common prefix consumption; no re-normalization/split,UNKNOWN,UNKNOWN,/home/fanyu/auditory_simulation_m6a/pub_01/s06/sparrkulee_virtual_20260919_v4/cleaning_index.csv
SparrKULee,sub-075_ses-varyingStories09_task-listeningActive_run-02_desc-preproc-audio-audiobook_14_1_eeg.npy,64,ENVELOPE_64; raw audio rate separately audited,0,1052.25,publisher common prefix consumption; no re-normalization/split,UNKNOWN,UNKNOWN,/home/fanyu/auditory_simulation_m6a/pub_01/s06/sparrkulee_virtual_20260919_v4/cleaning_index.csv
SparrKULee,sub-075_ses-varyingStories09_task-listeningActive_run-03_desc-preproc-audio-audiobook_14_2_eeg.npy,64,ENVELOPE_64; raw audio rate separately audited,0,1148.25,publisher common prefix consumption; no re-normalization/split,UNKNOWN,UNKNOWN,/home/fanyu/auditory_simulation_m6a/pub_01/s06/sparrkulee_virtual_20260919_v4/cleaning_index.csv
SparrKULee,sub-075_ses-varyingStories09_task-listeningActive_run-04_desc-preproc-audio-podcast_34_eeg.npy,64,ENVELOPE_64; raw audio rate separately audited,0,962.828125,publisher common prefix consumption; no re-normalization/split,UNKNOWN,UNKNOWN,/home/fanyu/auditory_simulation_m6a/pub_01/s06/sparrkulee_virtual_20260919_v4/cleaning_index.csv
SparrKULee,sub-075_ses-varyingStories09_task-listeningActive_run-07_desc-preproc-audio-audiobook_1_eeg.npy,64,ENVELOPE_64; raw audio rate separately audited,0,936.84375,publisher common prefix consumption; no re-normalization/split,UNKNOWN,UNKNOWN,/home/fanyu/auditory_simulation_m6a/pub_01/s06/sparrkulee_virtual_20260919_v4/cleaning_index.csv
SparrKULee,sub-075_ses-varyingStories09_task-listeningActive_run-08_desc-preproc-audio-podcast_32_eeg.npy,64,ENVELOPE_64; raw audio rate separately audited,0,943.6875,publisher common prefix consumption; no re-normalization/split,UNKNOWN,UNKNOWN,/home/fanyu/auditory_simulation_m6a/pub_01/s06/sparrkulee_virtual_20260919_v4/cleaning_index.csv
SparrKULee,sub-076_ses-varyingStories09_task-listeningActive_run-01_desc-preproc-audio-audiobook_1_eeg.npy,64,ENVELOPE_64; raw audio rate separately audited,0,936.84375,publisher common prefix consumption; no re-normalization/split,UNKNOWN,UNKNOWN,/home/fanyu/auditory_simulation_m6a/pub_01/s06/sparrkulee_virtual_20260919_v4/cleaning_index.csv
SparrKULee,sub-076_ses-varyingStories09_task-listeningActive_run-03_desc-preproc-audio-podcast_32_eeg.npy,64,ENVELOPE_64; raw audio rate separately audited,0,943.6875,publisher common prefix consumption; no re-normalization/split,UNKNOWN,UNKNOWN,/home/fanyu/auditory_simulation_m6a/pub_01/s06/sparrkulee_virtual_20260919_v4/cleaning_index.csv
SparrKULee,sub-076_ses-varyingStories09_task-listeningActive_run-04_desc-preproc-audio-podcast_33_eeg.npy,64,ENVELOPE_64; raw audio rate separately audited,0,710.53125,publisher common prefix consumption; no re-normalization/split,UNKNOWN,UNKNOWN,/home/fanyu/auditory_simulation_m6a/pub_01/s06/sparrkulee_virtual_20260919_v4/cleaning_index.csv
SparrKULee,sub-076_ses-varyingStories09_task-listeningActive_run-05_desc-preproc-audio-audiobook_14_1_eeg.npy,64,ENVELOPE_64; raw audio rate separately audited,0,1052.25,publisher common prefix consumption; no re-normalization/split,UNKNOWN,UNKNOWN,/home/fanyu/auditory_simulation_m6a/pub_01/s06/sparrkulee_virtual_20260919_v4/cleaning_index.csv
SparrKULee,sub-076_ses-varyingStories09_task-listeningActive_run-06_desc-preproc-audio-audiobook_14_2_eeg.npy,64,ENVELOPE_64; raw audio rate separately audited,0,1148.25,publisher common prefix consumption; no re-normalization/split,UNKNOWN,UNKNOWN,/home/fanyu/auditory_simulation_m6a/pub_01/s06/sparrkulee_virtual_20260919_v4/cleaning_index.csv
SparrKULee,sub-076_ses-varyingStories09_task-listeningActive_run-08_desc-preproc-audio-podcast_34_eeg.npy,64,ENVELOPE_64; raw audio rate separately audited,0,962.828125,publisher common prefix consumption; no re-normalization/split,UNKNOWN,UNKNOWN,/home/fanyu/auditory_simulation_m6a/pub_01/s06/sparrkulee_virtual_20260919_v4/cleaning_index.csv
SparrKULee,sub-077_ses-varyingStories09_task-listeningActive_run-04_desc-preproc-audio-audiobook_14_1_eeg.npy,64,ENVELOPE_64; raw audio rate separately audited,0,1052.25,publisher common prefix consumption; no re-normalization/split,UNKNOWN,UNKNOWN,/home/fanyu/auditory_simulation_m6a/pub_01/s06/sparrkulee_virtual_20260919_v4/cleaning_index.csv
SparrKULee,sub-077_ses-varyingStories09_task-listeningActive_run-05_desc-preproc-audio-audiobook_14_2_eeg.npy,64,ENVELOPE_64; raw audio rate separately audited,0,1148.25,publisher common prefix consumption; no re-normalization/split,UNKNOWN,UNKNOWN,/home/fanyu/auditory_simulation_m6a/pub_01/s06/sparrkulee_virtual_20260919_v4/cleaning_index.csv
SparrKULee,sub-077_ses-varyingStories09_task-listeningActive_run-06_desc-preproc-audio-podcast_34_eeg.npy,64,ENVELOPE_64; raw audio rate separately audited,0,962.828125,publisher common prefix consumption; no re-normalization/split,UNKNOWN,UNKNOWN,/home/fanyu/auditory_simulation_m6a/pub_01/s06/sparrkulee_virtual_20260919_v4/cleaning_index.csv
SparrKULee,sub-078_ses-varyingStories09_task-listeningActive_run-01_desc-preproc-audio-audiobook_1_eeg.npy,64,ENVELOPE_64; raw audio rate separately audited,0,936.84375,publisher common prefix consumption; no re-normalization/split,UNKNOWN,UNKNOWN,/home/fanyu/auditory_simulation_m6a/pub_01/s06/sparrkulee_virtual_20260919_v4/cleaning_index.csv
SparrKULee,sub-078_ses-varyingStories09_task-listeningActive_run-03_desc-preproc-audio-audiobook_14_1_eeg.npy,64,ENVELOPE_64; raw audio rate separately audited,0,1052.25,publisher common prefix consumption; no re-normalization/split,UNKNOWN,UNKNOWN,/home/fanyu/auditory_simulation_m6a/pub_01/s06/sparrkulee_virtual_20260919_v4/cleaning_index.csv
SparrKULee,sub-078_ses-varyingStories09_task-listeningActive_run-04_desc-preproc-audio-audiobook_14_2_eeg.npy,64,ENVELOPE_64; raw audio rate separately audited,0,1148.25,publisher common prefix consumption; no re-normalization/split,UNKNOWN,UNKNOWN,/home/fanyu/auditory_simulation_m6a/pub_01/s06/sparrkulee_virtual_20260919_v4/cleaning_index.csv
SparrKULee,sub-078_ses-varyingStories09_task-listeningActive_run-05_desc-preproc-audio-podcast_32_eeg.npy,64,ENVELOPE_64; raw audio rate separately audited,0,943.6875,publisher common prefix consumption; no re-normalization/split,UNKNOWN,UNKNOWN,/home/fanyu/auditory_simulation_m6a/pub_01/s06/sparrkulee_virtual_20260919_v4/cleaning_index.csv
SparrKULee,sub-078_ses-varyingStories09_task-listeningActive_run-06_desc-preproc-audio-podcast_34_eeg.npy,64,ENVELOPE_64; raw audio rate separately audited,0,962.828125,publisher common prefix consumption; no re-normalization/split,UNKNOWN,UNKNOWN,/home/fanyu/auditory_simulation_m6a/pub_01/s06/sparrkulee_virtual_20260919_v4/cleaning_index.csv
SparrKULee,sub-078_ses-varyingStories09_task-listeningActive_run-08_desc-preproc-audio-podcast_33_eeg.npy,64,ENVELOPE_64; raw audio rate separately audited,0,710.53125,publisher common prefix consumption; no re-normalization/split,UNKNOWN,UNKNOWN,/home/fanyu/auditory_simulation_m6a/pub_01/s06/sparrkulee_virtual_20260919_v4/cleaning_index.csv
SparrKULee,sub-079_ses-varyingStories10_task-listeningActive_run-01_desc-preproc-audio-audiobook_14_1_eeg.npy,64,ENVELOPE_64; raw audio rate separately audited,0,1052.25,publisher common prefix consumption; no re-normalization/split,UNKNOWN,UNKNOWN,/home/fanyu/auditory_simulation_m6a/pub_01/s06/sparrkulee_virtual_20260919_v4/cleaning_index.csv
SparrKULee,sub-079_ses-varyingStories10_task-listeningActive_run-02_desc-preproc-audio-audiobook_14_2_eeg.npy,64,ENVELOPE_64; raw audio rate separately audited,0,1148.25,publisher common prefix consumption; no re-normalization/split,UNKNOWN,UNKNOWN,/home/fanyu/auditory_simulation_m6a/pub_01/s06/sparrkulee_virtual_20260919_v4/cleaning_index.csv
SparrKULee,sub-079_ses-varyingStories10_task-listeningActive_run-03_desc-preproc-audio-podcast_36_eeg.npy,64,ENVELOPE_64; raw audio rate separately audited,0,923.609375,publisher common prefix consumption; no re-normalization/split,UNKNOWN,UNKNOWN,/home/fanyu/auditory_simulation_m6a/pub_01/s06/sparrkulee_virtual_20260919_v4/cleaning_index.csv
SparrKULee,sub-079_ses-varyingStories10_task-listeningActive_run-05_desc-preproc-audio-audiobook_1_eeg.npy,64,ENVELOPE_64; raw audio rate separately audited,0,936.84375,publisher common prefix consumption; no re-normalization/split,UNKNOWN,UNKNOWN,/home/fanyu/auditory_simulation_m6a/pub_01/s06/sparrkulee_virtual_20260919_v4/cleaning_index.csv
SparrKULee,sub-079_ses-varyingStories10_task-listeningActive_run-07_desc-preproc-audio-podcast_37_eeg.npy,64,ENVELOPE_64; raw audio rate separately audited,0,854.53125,publisher common prefix consumption; no re-normalization/split,UNKNOWN,UNKNOWN,/home/fanyu/auditory_simulation_m6a/pub_01/s06/sparrkulee_virtual_20260919_v4/cleaning_index.csv
SparrKULee,sub-079_ses-varyingStories10_task-listeningActive_run-08_desc-preproc-audio-podcast_35_eeg.npy,64,ENVELOPE_64; raw audio rate separately audited,0,936.171875,publisher common prefix consumption; no re-normalization/split,UNKNOWN,UNKNOWN,/home/fanyu/auditory_simulation_m6a/pub_01/s06/sparrkulee_virtual_20260919_v4/cleaning_index.csv
SparrKULee,sub-080_ses-varyingStories10_task-listeningActive_run-02_desc-preproc-audio-audiobook_14_1_eeg.npy,64,ENVELOPE_64; raw audio rate separately audited,0,1052.25,publisher common prefix consumption; no re-normalization/split,UNKNOWN,UNKNOWN,/home/fanyu/auditory_simulation_m6a/pub_01/s06/sparrkulee_virtual_20260919_v4/cleaning_index.csv
SparrKULee,sub-080_ses-varyingStories10_task-listeningActive_run-03_desc-preproc-audio-audiobook_14_2_eeg.npy,64,ENVELOPE_64; raw audio rate separately audited,0,1148.25,publisher common prefix consumption; no re-normalization/split,UNKNOWN,UNKNOWN,/home/fanyu/auditory_simulation_m6a/pub_01/s06/sparrkulee_virtual_20260919_v4/cleaning_index.csv
SparrKULee,sub-080_ses-varyingStories10_task-listeningActive_run-05_desc-preproc-audio-podcast_36_eeg.npy,64,ENVELOPE_64; raw audio rate separately audited,0,923.609375,publisher common prefix consumption; no re-normalization/split,UNKNOWN,UNKNOWN,/home/fanyu/auditory_simulation_m6a/pub_01/s06/sparrkulee_virtual_20260919_v4/cleaning_index.csv
SparrKULee,sub-080_ses-varyingStories10_task-listeningActive_run-06_desc-preproc-audio-audiobook_1_eeg.npy,64,ENVELOPE_64; raw audio rate separately audited,0,936.84375,publisher common prefix consumption; no re-normalization/split,UNKNOWN,UNKNOWN,/home/fanyu/auditory_simulation_m6a/pub_01/s06/sparrkulee_virtual_20260919_v4/cleaning_index.csv
SparrKULee,sub-080_ses-varyingStories10_task-listeningActive_run-07_desc-preproc-audio-podcast_37_eeg.npy,64,ENVELOPE_64; raw audio rate separately audited,0,854.53125,publisher common prefix consumption; no re-normalization/split,UNKNOWN,UNKNOWN,/home/fanyu/auditory_simulation_m6a/pub_01/s06/sparrkulee_virtual_20260919_v4/cleaning_index.csv
SparrKULee,sub-080_ses-varyingStories10_task-listeningActive_run-08_desc-preproc-audio-podcast_35_eeg.npy,64,ENVELOPE_64; raw audio rate separately audited,0,936.171875,publisher common prefix consumption; no re-normalization/split,UNKNOWN,UNKNOWN,/home/fanyu/auditory_simulation_m6a/pub_01/s06/sparrkulee_virtual_20260919_v4/cleaning_index.csv
SparrKULee,sub-081_ses-varyingStories10_task-listeningActive_run-01_desc-preproc-audio-podcast_37_eeg.npy,64,ENVELOPE_64; raw audio rate separately audited,0,854.53125,publisher common prefix consumption; no re-normalization/split,UNKNOWN,UNKNOWN,/home/fanyu/auditory_simulation_m6a/pub_01/s06/sparrkulee_virtual_20260919_v4/cleaning_index.csv
SparrKULee,sub-081_ses-varyingStories10_task-listeningActive_run-07_desc-preproc-audio-podcast_36_eeg.npy,64,ENVELOPE_64; raw audio rate separately audited,0,923.609375,publisher common prefix consumption; no re-normalization/split,UNKNOWN,UNKNOWN,/home/fanyu/auditory_simulation_m6a/pub_01/s06/sparrkulee_virtual_20260919_v4/cleaning_index.csv
SparrKULee,sub-081_ses-varyingStories10_task-listeningActive_run-08_desc-preproc-audio-audiobook_1_eeg.npy,64,ENVELOPE_64; raw audio rate separately audited,0,936.84375,publisher common prefix consumption; no re-normalization/split,UNKNOWN,UNKNOWN,/home/fanyu/auditory_simulation_m6a/pub_01/s06/sparrkulee_virtual_20260919_v4/cleaning_index.csv
SparrKULee,sub-082_ses-varyingStories10_task-listeningActive_run-01_desc-preproc-audio-audiobook_14_1_eeg.npy,64,ENVELOPE_64; raw audio rate separately audited,0,1052.25,publisher common prefix consumption; no re-normalization/split,UNKNOWN,UNKNOWN,/home/fanyu/auditory_simulation_m6a/pub_01/s06/sparrkulee_virtual_20260919_v4/cleaning_index.csv
SparrKULee,sub-082_ses-varyingStories10_task-listeningActive_run-02_desc-preproc-audio-audiobook_14_2_eeg.npy,64,ENVELOPE_64; raw audio rate separately audited,0,1148.25,publisher common prefix consumption; no re-normalization/split,UNKNOWN,UNKNOWN,/home/fanyu/auditory_simulation_m6a/pub_01/s06/sparrkulee_virtual_20260919_v4/cleaning_index.csv
SparrKULee,sub-082_ses-varyingStories10_task-listeningActive_run-03_desc-preproc-audio-podcast_37_eeg.npy,64,ENVELOPE_64; raw audio rate separately audited,0,854.53125,publisher common prefix consumption; no re-normalization/split,UNKNOWN,UNKNOWN,/home/fanyu/auditory_simulation_m6a/pub_01/s06/sparrkulee_virtual_20260919_v4/cleaning_index.csv
SparrKULee,sub-082_ses-varyingStories10_task-listeningActive_run-06_desc-preproc-audio-podcast_36_eeg.npy,64,ENVELOPE_64; raw audio rate separately audited,0,923.609375,publisher common prefix consumption; no re-normalization/split,UNKNOWN,UNKNOWN,/home/fanyu/auditory_simulation_m6a/pub_01/s06/sparrkulee_virtual_20260919_v4/cleaning_index.csv
SparrKULee,sub-082_ses-varyingStories10_task-listeningActive_run-07_desc-preproc-audio-podcast_35_eeg.npy,64,ENVELOPE_64; raw audio rate separately audited,0,936.171875,publisher common prefix consumption; no re-normalization/split,UNKNOWN,UNKNOWN,/home/fanyu/auditory_simulation_m6a/pub_01/s06/sparrkulee_virtual_20260919_v4/cleaning_index.csv
SparrKULee,sub-082_ses-varyingStories10_task-listeningActive_run-08_desc-preproc-audio-audiobook_1_eeg.npy,64,ENVELOPE_64; raw audio rate separately audited,0,936.84375,publisher common prefix consumption; no re-normalization/split,UNKNOWN,UNKNOWN,/home/fanyu/auditory_simulation_m6a/pub_01/s06/sparrkulee_virtual_20260919_v4/cleaning_index.csv
SparrKULee,sub-083_ses-varyingStories10_task-listeningActive_run-01_desc-preproc-audio-audiobook_1_eeg.npy,64,ENVELOPE_64; raw audio rate separately audited,0,936.84375,publisher common prefix consumption; no re-normalization/split,UNKNOWN,UNKNOWN,/home/fanyu/auditory_simulation_m6a/pub_01/s06/sparrkulee_virtual_20260919_v4/cleaning_index.csv
SparrKULee,sub-083_ses-varyingStories10_task-listeningActive_run-03_desc-preproc-audio-podcast_36_eeg.npy,64,ENVELOPE_64; raw audio rate separately audited,0,923.609375,publisher common prefix consumption; no re-normalization/split,UNKNOWN,UNKNOWN,/home/fanyu/auditory_simulation_m6a/pub_01/s06/sparrkulee_virtual_20260919_v4/cleaning_index.csv
SparrKULee,sub-083_ses-varyingStories10_task-listeningActive_run-04_desc-preproc-audio-podcast_35_eeg.npy,64,ENVELOPE_64; raw audio rate separately audited,0,936.171875,publisher common prefix consumption; no re-normalization/split,UNKNOWN,UNKNOWN,/home/fanyu/auditory_simulation_m6a/pub_01/s06/sparrkulee_virtual_20260919_v4/cleaning_index.csv
SparrKULee,sub-083_ses-varyingStories10_task-listeningActive_run-05_desc-preproc-audio-podcast_37_eeg.npy,64,ENVELOPE_64; raw audio rate separately audited,0,854.53125,publisher common prefix consumption; no re-normalization/split,UNKNOWN,UNKNOWN,/home/fanyu/auditory_simulation_m6a/pub_01/s06/sparrkulee_virtual_20260919_v4/cleaning_index.csv
SparrKULee,sub-083_ses-varyingStories10_task-listeningActive_run-06_desc-preproc-audio-audiobook_14_1_eeg.npy,64,ENVELOPE_64; raw audio rate separately audited,0,1052.25,publisher common prefix consumption; no re-normalization/split,UNKNOWN,UNKNOWN,/home/fanyu/auditory_simulation_m6a/pub_01/s06/sparrkulee_virtual_20260919_v4/cleaning_index.csv
SparrKULee,sub-083_ses-varyingStories10_task-listeningActive_run-07_desc-preproc-audio-audiobook_14_2_eeg.npy,64,ENVELOPE_64; raw audio rate separately audited,0,1148.25,publisher common prefix consumption; no re-normalization/split,UNKNOWN,UNKNOWN,/home/fanyu/auditory_simulation_m6a/pub_01/s06/sparrkulee_virtual_20260919_v4/cleaning_index.csv
SparrKULee,sub-084_ses-varyingStories10_task-listeningActive_run-01_desc-preproc-audio-audiobook_14_1_eeg.npy,64,ENVELOPE_64; raw audio rate separately audited,0,1052.25,publisher common prefix consumption; no re-normalization/split,UNKNOWN,UNKNOWN,/home/fanyu/auditory_simulation_m6a/pub_01/s06/sparrkulee_virtual_20260919_v4/cleaning_index.csv
SparrKULee,sub-084_ses-varyingStories10_task-listeningActive_run-02_desc-preproc-audio-audiobook_14_2_eeg.npy,64,ENVELOPE_64; raw audio rate separately audited,0,1148.25,publisher common prefix consumption; no re-normalization/split,UNKNOWN,UNKNOWN,/home/fanyu/auditory_simulation_m6a/pub_01/s06/sparrkulee_virtual_20260919_v4/cleaning_index.csv
SparrKULee,sub-084_ses-varyingStories10_task-listeningActive_run-03_desc-preproc-audio-podcast_36_eeg.npy,64,ENVELOPE_64; raw audio rate separately audited,0,923.609375,publisher common prefix consumption; no re-normalization/split,UNKNOWN,UNKNOWN,/home/fanyu/auditory_simulation_m6a/pub_01/s06/sparrkulee_virtual_20260919_v4/cleaning_index.csv
SparrKULee,sub-084_ses-varyingStories10_task-listeningActive_run-06_desc-preproc-audio-podcast_35_eeg.npy,64,ENVELOPE_64; raw audio rate separately audited,0,936.171875,publisher common prefix consumption; no re-normalization/split,UNKNOWN,UNKNOWN,/home/fanyu/auditory_simulation_m6a/pub_01/s06/sparrkulee_virtual_20260919_v4/cleaning_index.csv
SparrKULee,sub-084_ses-varyingStories10_task-listeningActive_run-07_desc-preproc-audio-podcast_37_eeg.npy,64,ENVELOPE_64; raw audio rate separately audited,0,854.53125,publisher common prefix consumption; no re-normalization/split,UNKNOWN,UNKNOWN,/home/fanyu/auditory_simulation_m6a/pub_01/s06/sparrkulee_virtual_20260919_v4/cleaning_index.csv
SparrKULee,sub-084_ses-varyingStories10_task-listeningActive_run-08_desc-preproc-audio-audiobook_1_eeg.npy,64,ENVELOPE_64; raw audio rate separately audited,0,936.84375,publisher common prefix consumption; no re-normalization/split,UNKNOWN,UNKNOWN,/home/fanyu/auditory_simulation_m6a/pub_01/s06/sparrkulee_virtual_20260919_v4/cleaning_index.csv
SparrKULee,sub-085_ses-varyingStories10_task-listeningActive_run-02_desc-preproc-audio-podcast_37_eeg.npy,64,ENVELOPE_64; raw audio rate separately audited,0,854.53125,publisher common prefix consumption; no re-normalization/split,UNKNOWN,UNKNOWN,/home/fanyu/auditory_simulation_m6a/pub_01/s06/sparrkulee_virtual_20260919_v4/cleaning_index.csv
SparrKULee,sub-085_ses-varyingStories10_task-listeningActive_run-03_desc-preproc-audio-podcast_36_eeg.npy,64,ENVELOPE_64; raw audio rate separately audited,0,923.609375,publisher common prefix consumption; no re-normalization/split,UNKNOWN,UNKNOWN,/home/fanyu/auditory_simulation_m6a/pub_01/s06/sparrkulee_virtual_20260919_v4/cleaning_index.csv
SparrKULee,sub-085_ses-varyingStories10_task-listeningActive_run-04_desc-preproc-audio-podcast_35_eeg.npy,64,ENVELOPE_64; raw audio rate separately audited,0,936.171875,publisher common prefix consumption; no re-normalization/split,UNKNOWN,UNKNOWN,/home/fanyu/auditory_simulation_m6a/pub_01/s06/sparrkulee_virtual_20260919_v4/cleaning_index.csv
SparrKULee,sub-085_ses-varyingStories10_task-listeningActive_run-05_desc-preproc-audio-audiobook_1_eeg.npy,64,ENVELOPE_64; raw audio rate separately audited,0,936.84375,publisher common prefix consumption; no re-normalization/split,UNKNOWN,UNKNOWN,/home/fanyu/auditory_simulation_m6a/pub_01/s06/sparrkulee_virtual_20260919_v4/cleaning_index.csv
SparrKULee,sub-085_ses-varyingStories10_task-listeningActive_run-06_desc-preproc-audio-audiobook_14_1_eeg.npy,64,ENVELOPE_64; raw audio rate separately audited,0,1052.25,publisher common prefix consumption; no re-normalization/split,UNKNOWN,UNKNOWN,/home/fanyu/auditory_simulation_m6a/pub_01/s06/sparrkulee_virtual_20260919_v4/cleaning_index.csv
SparrKULee,sub-085_ses-varyingStories10_task-listeningActive_run-07_desc-preproc-audio-audiobook_14_2_eeg.npy,64,ENVELOPE_64; raw audio rate separately audited,0,1148.25,publisher common prefix consumption; no re-normalization/split,UNKNOWN,UNKNOWN,/home/fanyu/auditory_simulation_m6a/pub_01/s06/sparrkulee_virtual_20260919_v4/cleaning_index.csv
