dataset,subject,session,recording,trial,story,block,audio_path,n_events,labels_match,offset_s,offset_spread_s,audio_duration_s,template_margin_s,eligible,reason,physical_sync,split
ds004703,sub-SD010,ses-01,sub-SD010_ses-01_task-PassiveListen,0,welcome,NOT_APPLICABLE,/home/fanyu/auditory_simulation_m6a/data/ds004703/v1.1.0/stimuli/welcome_normed.wav,20,True,136.77342819499987,9.379164112033322e-13,1.9793197278911565,0.21420958380994382,False,CONTROL_NOT_PASSAGE,UNKNOWN,UNASSIGNED_S01_REVIEW_REQUIRED
ds004703,sub-SD010,ses-01,sub-SD010_ses-01_task-PassiveListen,1,instructions1,NOT_APPLICABLE,/home/fanyu/auditory_simulation_m6a/data/ds004703/v1.1.0/stimuli/instructions1_normed.wav,377,True,158.72178215699998,9.947598300641403e-13,35.22081632653061,0.23920634694577103,False,CONTROL_NOT_PASSAGE,UNKNOWN,UNASSIGNED_S01_REVIEW_REQUIRED
ds004703,sub-SD010,ses-01,sub-SD010_ses-01_task-PassiveListen,2,instructions3,NOT_APPLICABLE,/home/fanyu/auditory_simulation_m6a/data/ds004703/v1.1.0/stimuli/instructions3_normed.wav,70,True,241.889067532,9.663381206337363e-13,6.248140589569161,0.3916587466441728,False,CONTROL_NOT_PASSAGE,UNKNOWN,UNASSIGNED_S01_REVIEW_REQUIRED
ds004703,sub-SD010,ses-01,sub-SD010_ses-01_task-PassiveListen,3,s3602b-ex01,Block 1,/home/fanyu/auditory_simulation_m6a/data/ds004703/v1.1.0/stimuli/excerpts/Block 1/s3602b-ex01_normed.wav,318,True,250.33212853299997,1.9895196601282805e-13,35.60836734693878,0.602507346938701,True,,UNKNOWN,UNASSIGNED_S01_REVIEW_REQUIRED
ds004703,sub-SD010,ses-01,sub-SD010_ses-01_task-PassiveListen,4,pleasePressSpace,NOT_APPLICABLE,/home/fanyu/auditory_simulation_m6a/data/ds004703/v1.1.0/stimuli/pleasePressSpace_normed.wav,31,True,522.584308491,9.094947017729282e-13,3.44312925170068,0.520682459428583,False,CONTROL_NOT_PASSAGE,UNKNOWN,UNASSIGNED_S01_REVIEW_REQUIRED
ds004703,sub-SD010,ses-01,sub-SD010_ses-01_task-PassiveListen,5,catalan-m01,Block 1,/home/fanyu/auditory_simulation_m6a/data/ds004703/v1.1.0/stimuli/excerpts/Block 1/catalan-m01_normed.wav,468,True,569.590603224,1.1368683772161603e-12,3.44312925170068,-43.204500066898774,False,CATALAN_PLAYED_AUDIO_PROVENANCE_CONFLICT;AUDIO_TEMPLATE_DURATION,UNKNOWN,UNASSIGNED_S01_REVIEW_REQUIRED
ds004703,sub-SD010,ses-01,sub-SD010_ses-01_task-PassiveListen,6,s4002b-ex01,Block 1,/home/fanyu/auditory_simulation_m6a/data/ds004703/v1.1.0/stimuli/excerpts/Block 1/s4002b-ex01_normed.wav,390,True,603.043659458,2.2737367544323206e-13,34.63149659863946,0.5188495986394628,True,,UNKNOWN,UNASSIGNED_S01_REVIEW_REQUIRED
ds004703,sub-SD010,ses-01,sub-SD010_ses-01_task-PassiveListen,7,s3001b-ex01,Block 1,/home/fanyu/auditory_simulation_m6a/data/ds004703/v1.1.0/stimuli/excerpts/Block 1/s3001b-ex01_normed.wav,485,True,672.952923124,2.2737367544323206e-13,49.18281179138322,0.34246479138322883,True,,UNKNOWN,UNASSIGNED_S01_REVIEW_REQUIRED
ds004703,sub-SD010,ses-01,sub-SD010_ses-01_task-PassiveListen,8,s1401a-ex01,Block 1,/home/fanyu/auditory_simulation_m6a/data/ds004703/v1.1.0/stimuli/excerpts/Block 1/s1401a-ex01_normed.wav,415,True,736.403932381,2.2737367544323206e-13,35.284126984126985,0.41837598412700316,True,,UNKNOWN,UNASSIGNED_S01_REVIEW_REQUIRED
ds004703,sub-SD010,ses-01,sub-SD010_ses-01_task-PassiveListen,9,s1303a-ex01,Block 1,/home/fanyu/auditory_simulation_m6a/data/ds004703/v1.1.0/stimuli/excerpts/Block 1/s1303a-ex01_normed.wav,311,True,782.565280197,2.2737367544323206e-13,34.2159410430839,0.5734330430839307,True,,UNKNOWN,UNASSIGNED_S01_REVIEW_REQUIRED
ds004703,sub-SD010,ses-01,sub-SD010_ses-01_task-PassiveListen,10,s2102a-ex01,Block 1,/home/fanyu/auditory_simulation_m6a/data/ds004703/v1.1.0/stimuli/excerpts/Block 1/s2102a-ex01_normed.wav,295,True,827.970887052,1.1368683772161603e-13,28.18857142857143,1.2097834285714164,True,,UNKNOWN,UNASSIGNED_S01_REVIEW_REQUIRED
ds004703,sub-SD010,ses-01,sub-SD010_ses-01_task-PassiveListen,11,s2301a-ex01,Block 1,/home/fanyu/auditory_simulation_m6a/data/ds004703/v1.1.0/stimuli/excerpts/Block 1/s2301a-ex01_normed.wav,206,True,866.832720501,1.1368683772161603e-13,22.537301587301588,0.24223958730159012,True,,UNKNOWN,UNASSIGNED_S01_REVIEW_REQUIRED
ds004703,sub-SD010,ses-01,sub-SD010_ses-01_task-PassiveListen,12,s1901b-ex01,Block 1,/home/fanyu/auditory_simulation_m6a/data/ds004703/v1.1.0/stimuli/excerpts/Block 1/s1901b-ex01_normed.wav,406,True,901.188025189,1.1368683772161603e-13,37.38761904761905,0.442163047619033,True,,UNKNOWN,UNASSIGNED_S01_REVIEW_REQUIRED
ds004703,sub-SD010,ses-01,sub-SD010_ses-01_task-PassiveListen,13,s3301a-ex01,Block 2,/home/fanyu/auditory_simulation_m6a/data/ds004703/v1.1.0/stimuli/excerpts/Block 2/s3301a-ex01_normed.wav,255,True,957.4476288850001,1.1368683772161603e-13,25.584126984126986,0.6466629841270333,True,,UNKNOWN,UNASSIGNED_S01_REVIEW_REQUIRED
ds004703,sub-SD010,ses-01,sub-SD010_ses-01_task-PassiveListen,14,s0703b-ex01,Block 2,/home/fanyu/auditory_simulation_m6a/data/ds004703/v1.1.0/stimuli/excerpts/Block 2/s0703b-ex01_normed.wav,419,True,991.493024134,3.410605131648481e-13,39.03469387755102,0.42340887755101875,True,,UNKNOWN,UNASSIGNED_S01_REVIEW_REQUIRED
ds004703,sub-SD010,ses-01,sub-SD010_ses-01_task-PassiveListen,15,s4003b-ex01,Block 2,/home/fanyu/auditory_simulation_m6a/data/ds004703/v1.1.0/stimuli/excerpts/Block 2/s4003b-ex01_normed.wav,305,True,1038.54517706,4.547473508864641e-13,25.393945578231293,0.37263357823129084,True,,UNKNOWN,UNASSIGNED_S01_REVIEW_REQUIRED
ds004703,sub-SD010,ses-01,sub-SD010_ses-01_task-PassiveListen,16,s3602b-ex02,Block 2,/home/fanyu/auditory_simulation_m6a/data/ds004703/v1.1.0/stimuli/excerpts/Block 2/s3602b-ex02_normed.wav,288,True,1083.34800461,2.2737367544323206e-13,32.8990022675737,0.664101267573713,True,,UNKNOWN,UNASSIGNED_S01_REVIEW_REQUIRED
ds004703,sub-SD010,ses-01,sub-SD010_ses-01_task-PassiveListen,17,s2102a-ex02,Block 2,/home/fanyu/auditory_simulation_m6a/data/ds004703/v1.1.0/stimuli/excerpts/Block 2/s2102a-ex02_normed.wav,373,True,1125.10687633,2.2737367544323206e-13,36.367437641723356,0.42374164172333195,True,,UNKNOWN,UNASSIGNED_S01_REVIEW_REQUIRED
ds004703,sub-SD010,ses-01,sub-SD010_ses-01_task-PassiveListen,18,s3903b-ex01,Block 2,/home/fanyu/auditory_simulation_m6a/data/ds004703/v1.1.0/stimuli/excerpts/Block 2/s3903b-ex01_normed.wav,301,True,1169.65011934,2.2737367544323206e-13,26.25294784580499,0.42762184580498186,True,,UNKNOWN,UNASSIGNED_S01_REVIEW_REQUIRED
ds004703,sub-SD010,ses-01,sub-SD010_ses-01_task-PassiveListen,19,s2202b-ex02,Block 2,/home/fanyu/auditory_simulation_m6a/data/ds004703/v1.1.0/stimuli/excerpts/Block 2/s2202b-ex02_normed.wav,444,True,1205.64022068,4.547473508864641e-13,54.52736961451247,0.4984836145125513,True,,UNKNOWN,UNASSIGNED_S01_REVIEW_REQUIRED
ds004703,sub-SD010,ses-01,sub-SD010_ses-01_task-PassiveListen,20,s1201a-ex01,Block 2,/home/fanyu/auditory_simulation_m6a/data/ds004703/v1.1.0/stimuli/excerpts/Block 2/s1201a-ex01_normed.wav,437,True,1271.36572557,4.547473508864641e-13,34.556938775510204,0.8936967755101435,True,,UNKNOWN,UNASSIGNED_S01_REVIEW_REQUIRED
ds004703,sub-SD010,ses-01,sub-SD010_ses-01_task-PassiveListen,21,pleasePressSpace,NOT_APPLICABLE,/home/fanyu/auditory_simulation_m6a/data/ds004703/v1.1.0/stimuli/pleasePressSpace_normed.wav,31,True,1316.0060297900013,9.322320693172514e-12,3.44312925170068,0.520682459428583,False,CONTROL_NOT_PASSAGE,UNKNOWN,UNASSIGNED_S01_REVIEW_REQUIRED
ds004703,sub-SD010,ses-01,sub-SD010_ses-01_task-PassiveListen,22,catalan-f01,Block 2,/home/fanyu/auditory_simulation_m6a/data/ds004703/v1.1.0/stimuli/excerpts/Block 2/catalan-f01_normed.wav,428,True,1363.0137532199997,1.000444171950221e-11,3.44312925170068,-43.07952875085857,False,CATALAN_PLAYED_AUDIO_PROVENANCE_CONFLICT;AUDIO_TEMPLATE_DURATION,UNKNOWN,UNASSIGNED_S01_REVIEW_REQUIRED
ds004703,sub-SD010,ses-01,sub-SD010_ses-01_task-PassiveListen,23,s1303a-ex02,Block 3,/home/fanyu/auditory_simulation_m6a/data/ds004703/v1.1.0/stimuli/excerpts/Block 3/s1303a-ex02_normed.wav,211,True,1379.4955315,2.2737367544323206e-13,29.345056689342403,0.4735216893423697,True,,UNKNOWN,UNASSIGNED_S01_REVIEW_REQUIRED
ds004703,sub-SD010,ses-01,sub-SD010_ses-01_task-PassiveListen,24,s1501a-ex01,Block 3,/home/fanyu/auditory_simulation_m6a/data/ds004703/v1.1.0/stimuli/excerpts/Block 3/s1501a-ex01_normed.wav,404,True,1427.63795475,2.2737367544323206e-13,43.13843537414966,0.39443137414964013,True,,UNKNOWN,UNASSIGNED_S01_REVIEW_REQUIRED
ds004703,sub-SD010,ses-01,sub-SD010_ses-01_task-PassiveListen,25,s3201a-ex01,Block 3,/home/fanyu/auditory_simulation_m6a/data/ds004703/v1.1.0/stimuli/excerpts/Block 3/s3201a-ex01_normed.wav,1105,True,1486.7497196,2.2737367544323206e-13,77.08981859410432,0.9081175941043398,True,,UNKNOWN,UNASSIGNED_S01_REVIEW_REQUIRED
ds004703,sub-SD010,ses-01,sub-SD010_ses-01_task-PassiveListen,26,s3903b-ex02,Block 3,/home/fanyu/auditory_simulation_m6a/data/ds004703/v1.1.0/stimuli/excerpts/Block 3/s3903b-ex02_normed.wav,325,True,1575.90704986,2.2737367544323206e-13,32.93675736961451,0.28081636961452006,True,,UNKNOWN,UNASSIGNED_S01_REVIEW_REQUIRED
ds004703,sub-SD010,ses-01,sub-SD010_ses-01_task-PassiveListen,27,pleasePressSpace,NOT_APPLICABLE,/home/fanyu/auditory_simulation_m6a/data/ds004703/v1.1.0/stimuli/pleasePressSpace_normed.wav,31,True,1623.4619730500012,9.322320693172514e-12,3.44312925170068,0.520682459428583,False,CONTROL_NOT_PASSAGE,UNKNOWN,UNASSIGNED_S01_REVIEW_REQUIRED
ds004703,sub-SD010,ses-01,sub-SD010_ses-01_task-PassiveListen,28,catalan-m02,Block 3,/home/fanyu/auditory_simulation_m6a/data/ds004703/v1.1.0/stimuli/excerpts/Block 3/catalan-m02_normed.wav,451,True,1675.4699557999998,1.0231815394945443e-11,3.44312925170068,-47.25691404060684,False,CATALAN_PLAYED_AUDIO_PROVENANCE_CONFLICT;AUDIO_TEMPLATE_DURATION,UNKNOWN,UNASSIGNED_S01_REVIEW_REQUIRED
ds004703,sub-SD010,ses-01,sub-SD010_ses-01_task-PassiveListen,29,s1001a-ex01,Block 3,/home/fanyu/auditory_simulation_m6a/data/ds004703/v1.1.0/stimuli/excerpts/Block 3/s1001a-ex01_normed.wav,541,True,1686.75610733,2.2737367544323206e-13,41.67131519274376,0.40497619274376007,True,,UNKNOWN,UNASSIGNED_S01_REVIEW_REQUIRED
ds004703,sub-SD010,ses-01,sub-SD010_ses-01_task-PassiveListen,30,s1401a-ex02,Block 3,/home/fanyu/auditory_simulation_m6a/data/ds004703/v1.1.0/stimuli/excerpts/Block 3/s1401a-ex02_normed.wav,434,True,1739.13901988,2.2737367544323206e-13,36.582426303854874,0.3221763038548602,True,,UNKNOWN,UNASSIGNED_S01_REVIEW_REQUIRED
ds004703,sub-SD010,ses-01,sub-SD010_ses-01_task-PassiveListen,31,s3703b-ex01,Block 3,/home/fanyu/auditory_simulation_m6a/data/ds004703/v1.1.0/stimuli/excerpts/Block 3/s3703b-ex01_normed.wav,408,True,1785.41219157,4.547473508864641e-13,35.371746031746035,0.9439180317460227,True,,UNKNOWN,UNASSIGNED_S01_REVIEW_REQUIRED
ds004703,sub-SD010,ses-01,sub-SD010_ses-01_task-PassiveListen,32,s3301a-ex02,Block 3,/home/fanyu/auditory_simulation_m6a/data/ds004703/v1.1.0/stimuli/excerpts/Block 3/s3301a-ex02_normed.wav,406,True,1835.81255017,2.2737367544323206e-13,37.23800453514739,0.3500265351473786,True,,UNKNOWN,UNASSIGNED_S01_REVIEW_REQUIRED
ds004703,sub-SD010,ses-01,sub-SD010_ses-01_task-PassiveListen,33,pleasePressSpace,NOT_APPLICABLE,/home/fanyu/auditory_simulation_m6a/data/ds004703/v1.1.0/stimuli/pleasePressSpace_normed.wav,31,True,1884.0595511200013,9.322320693172514e-12,3.44312925170068,0.520682459428583,False,CONTROL_NOT_PASSAGE,UNKNOWN,UNASSIGNED_S01_REVIEW_REQUIRED
ds004703,sub-SD010,ses-01,sub-SD010_ses-01_task-PassiveListen,34,catalan-f02,Block 4,/home/fanyu/auditory_simulation_m6a/data/ds004703/v1.1.0/stimuli/excerpts/Block 4/catalan-f02_normed.wav,437,True,1928.0652600100009,1.0231815394945443e-11,3.44312925170068,-39.73895634758179,False,CATALAN_PLAYED_AUDIO_PROVENANCE_CONFLICT;AUDIO_TEMPLATE_DURATION,UNKNOWN,UNASSIGNED_S01_REVIEW_REQUIRED
ds004703,sub-SD010,ses-01,sub-SD010_ses-01_task-PassiveListen,35,s3102b-ex01,Block 4,/home/fanyu/auditory_simulation_m6a/data/ds004703/v1.1.0/stimuli/excerpts/Block 4/s3102b-ex01_normed.wav,159,True,1945.6163427,2.2737367544323206e-13,20.8018820861678,0.9805520861678012,True,,UNKNOWN,UNASSIGNED_S01_REVIEW_REQUIRED
ds004703,sub-SD010,ses-01,sub-SD010_ses-01_task-PassiveListen,36,s0702a-ex01,Block 4,/home/fanyu/auditory_simulation_m6a/data/ds004703/v1.1.0/stimuli/excerpts/Block 4/s0702a-ex01_normed.wav,370,True,1994.25684646,2.2737367544323206e-13,30.462244897959184,2.1873908979591796,True,,UNKNOWN,UNASSIGNED_S01_REVIEW_REQUIRED
ds004703,sub-SD010,ses-01,sub-SD010_ses-01_task-PassiveListen,37,s0202b-ex01,Block 4,/home/fanyu/auditory_simulation_m6a/data/ds004703/v1.1.0/stimuli/excerpts/Block 4/s0202b-ex01_normed.wav,671,True,2033.60793891,4.547473508864641e-13,56.91793650793651,0.2629365079365158,True,,UNKNOWN,UNASSIGNED_S01_REVIEW_REQUIRED
ds004703,sub-SD010,ses-01,sub-SD010_ses-01_task-PassiveListen,38,s1604a-ex01,Block 4,/home/fanyu/auditory_simulation_m6a/data/ds004703/v1.1.0/stimuli/excerpts/Block 4/s1604a-ex01_normed.wav,539,True,2101.68571531,4.547473508864641e-13,46.363628117913834,0.047940117913832125,True,,UNKNOWN,UNASSIGNED_S01_REVIEW_REQUIRED
ds004703,sub-SD010,ses-01,sub-SD010_ses-01_task-PassiveListen,39,s2801a-ex01,Block 4,/home/fanyu/auditory_simulation_m6a/data/ds004703/v1.1.0/stimuli/excerpts/Block 4/s2801a-ex01_normed.wav,743,True,2159.06581212,4.547473508864641e-13,60.9278231292517,0.5329001292516864,True,,UNKNOWN,UNASSIGNED_S01_REVIEW_REQUIRED
ds004703,sub-SD010,ses-01,sub-SD010_ses-01_task-PassiveListen,40,s3802a-ex01,Block 4,/home/fanyu/auditory_simulation_m6a/data/ds004703/v1.1.0/stimuli/excerpts/Block 4/s3802a-ex01_normed.wav,362,True,2227.87508667,4.547473508864641e-13,34.67619047619048,0.7401804761904316,True,,UNKNOWN,UNASSIGNED_S01_REVIEW_REQUIRED
ds004703,sub-SD010,ses-01,sub-SD010_ses-01_task-PassiveListen,41,s3902a-ex01,Block 4,/home/fanyu/auditory_simulation_m6a/data/ds004703/v1.1.0/stimuli/excerpts/Block 4/s3902a-ex01_normed.wav,312,True,2275.05796964,9.094947017729282e-13,31.55362811791383,0.3343071179138697,True,,UNKNOWN,UNASSIGNED_S01_REVIEW_REQUIRED
ds004703,sub-SD010,ses-01,sub-SD010_ses-01_task-PassiveListen,42,s2102a-ex03,Block 4,/home/fanyu/auditory_simulation_m6a/data/ds004703/v1.1.0/stimuli/excerpts/Block 4/s2102a-ex03_normed.wav,346,True,2321.84598727,9.094947017729282e-13,45.27312925170068,0.9800462517006494,True,,UNKNOWN,UNASSIGNED_S01_REVIEW_REQUIRED
ds004703,sub-SD011,ses-01,sub-SD011_ses-01_task-PassiveListen,0,welcome,NOT_APPLICABLE,/home/fanyu/auditory_simulation_m6a/data/ds004703/v1.1.0/stimuli/welcome_normed.wav,20,True,2.76896173954,9.769962616701378e-15,1.9793197278911565,0.21420958380994382,False,CONTROL_NOT_PASSAGE,UNKNOWN,UNASSIGNED_S01_REVIEW_REQUIRED
ds004703,sub-SD011,ses-01,sub-SD011_ses-01_task-PassiveListen,1,instructions1,NOT_APPLICABLE,/home/fanyu/auditory_simulation_m6a/data/ds004703/v1.1.0/stimuli/instructions1_normed.wav,377,True,23.5354237767,1.1013412404281553e-13,35.22081632653061,0.23920634694577103,False,CONTROL_NOT_PASSAGE,UNKNOWN,UNASSIGNED_S01_REVIEW_REQUIRED
ds004703,sub-SD011,ses-01,sub-SD011_ses-01_task-PassiveListen,2,instructions3,NOT_APPLICABLE,/home/fanyu/auditory_simulation_m6a/data/ds004703/v1.1.0/stimuli/instructions3_normed.wav,70,True,89.5666089943,1.1368683772161603e-13,6.248140589569161,0.3916587466441728,False,CONTROL_NOT_PASSAGE,UNKNOWN,UNASSIGNED_S01_REVIEW_REQUIRED
ds004703,sub-SD011,ses-01,sub-SD011_ses-01_task-PassiveListen,3,s3602b-ex01,Block 1,/home/fanyu/auditory_simulation_m6a/data/ds004703/v1.1.0/stimuli/excerpts/Block 1/s3602b-ex01_normed.wav,318,True,96.61638868629996,1.9895196601282805e-13,35.60836734693878,0.602507346938701,True,,UNKNOWN,UNASSIGNED_S01_REVIEW_REQUIRED
ds004703,sub-SD011,ses-01,sub-SD011_ses-01_task-PassiveListen,4,s1901b-ex01,Block 1,/home/fanyu/auditory_simulation_m6a/data/ds004703/v1.1.0/stimuli/excerpts/Block 1/s1901b-ex01_normed.wav,406,True,153.090049069,5.684341886080802e-14,37.38761904761905,0.442163047619033,True,,UNKNOWN,UNASSIGNED_S01_REVIEW_REQUIRED
ds004703,sub-SD011,ses-01,sub-SD011_ses-01_task-PassiveListen,5,s2102a-ex01,Block 1,/home/fanyu/auditory_simulation_m6a/data/ds004703/v1.1.0/stimuli/excerpts/Block 1/s2102a-ex01_normed.wav,295,True,205.264857057,2.842170943040401e-14,28.18857142857143,1.2097834285714164,True,,UNKNOWN,UNASSIGNED_S01_REVIEW_REQUIRED
ds004703,sub-SD011,ses-01,sub-SD011_ses-01_task-PassiveListen,6,s3001b-ex01,Block 1,/home/fanyu/auditory_simulation_m6a/data/ds004703/v1.1.0/stimuli/excerpts/Block 1/s3001b-ex01_normed.wav,485,True,247.23772874600002,8.526512829121202e-14,49.18281179138322,0.34246479138322883,True,,UNKNOWN,UNASSIGNED_S01_REVIEW_REQUIRED
ds004703,sub-SD011,ses-01,sub-SD011_ses-01_task-PassiveListen,7,s2301a-ex01,Block 1,/home/fanyu/auditory_simulation_m6a/data/ds004703/v1.1.0/stimuli/excerpts/Block 1/s2301a-ex01_normed.wav,206,True,309.742121364,5.684341886080802e-14,22.537301587301588,0.24223958730159012,True,,UNKNOWN,UNASSIGNED_S01_REVIEW_REQUIRED
ds004703,sub-SD011,ses-01,sub-SD011_ses-01_task-PassiveListen,8,s4002b-ex01,Block 1,/home/fanyu/auditory_simulation_m6a/data/ds004703/v1.1.0/stimuli/excerpts/Block 1/s4002b-ex01_normed.wav,390,True,342.978633983,5.684341886080802e-14,34.63149659863946,0.5188495986394628,True,,UNKNOWN,UNASSIGNED_S01_REVIEW_REQUIRED
ds004703,sub-SD011,ses-01,sub-SD011_ses-01_task-PassiveListen,9,s1401a-ex01,Block 1,/home/fanyu/auditory_simulation_m6a/data/ds004703/v1.1.0/stimuli/excerpts/Block 1/s1401a-ex01_normed.wav,415,True,386.450408859,5.684341886080802e-14,35.284126984126985,0.41837598412700316,True,,UNKNOWN,UNASSIGNED_S01_REVIEW_REQUIRED
ds004703,sub-SD011,ses-01,sub-SD011_ses-01_task-PassiveListen,10,pleasePressSpace,NOT_APPLICABLE,/home/fanyu/auditory_simulation_m6a/data/ds004703/v1.1.0/stimuli/pleasePressSpace_normed.wav,31,True,431.39791229900004,1.0231815394945443e-12,3.44312925170068,0.520682459428583,False,CONTROL_NOT_PASSAGE,UNKNOWN,UNASSIGNED_S01_REVIEW_REQUIRED
ds004703,sub-SD011,ses-01,sub-SD011_ses-01_task-PassiveListen,11,catalan-m01,Block 1,/home/fanyu/auditory_simulation_m6a/data/ds004703/v1.1.0/stimuli/excerpts/Block 1/catalan-m01_normed.wav,468,True,478.40469373800005,1.1368683772161603e-12,3.44312925170068,-43.204500066898774,False,CATALAN_PLAYED_AUDIO_PROVENANCE_CONFLICT;AUDIO_TEMPLATE_DURATION,UNKNOWN,UNASSIGNED_S01_REVIEW_REQUIRED
ds004703,sub-SD011,ses-01,sub-SD011_ses-01_task-PassiveListen,12,s1303a-ex01,Block 1,/home/fanyu/auditory_simulation_m6a/data/ds004703/v1.1.0/stimuli/excerpts/Block 1/s1303a-ex01_normed.wav,311,True,491.041828625,1.7053025658242404e-13,34.2159410430839,0.5734330430839307,True,,UNKNOWN,UNASSIGNED_S01_REVIEW_REQUIRED
ds004703,sub-SD011,ses-01,sub-SD011_ses-01_task-PassiveListen,13,s3903b-ex01,Block 2,/home/fanyu/auditory_simulation_m6a/data/ds004703/v1.1.0/stimuli/excerpts/Block 2/s3903b-ex01_normed.wav,301,True,566.182515829,1.1368683772161603e-13,26.25294784580499,0.42762184580498186,True,,UNKNOWN,UNASSIGNED_S01_REVIEW_REQUIRED
ds004703,sub-SD011,ses-01,sub-SD011_ses-01_task-PassiveListen,14,s0703b-ex01,Block 2,/home/fanyu/auditory_simulation_m6a/data/ds004703/v1.1.0/stimuli/excerpts/Block 2/s0703b-ex01_normed.wav,419,True,601.02830356,1.1368683772161603e-13,39.03469387755102,0.42340887755101875,True,,UNKNOWN,UNASSIGNED_S01_REVIEW_REQUIRED
ds004703,sub-SD011,ses-01,sub-SD011_ses-01_task-PassiveListen,15,s2102a-ex02,Block 2,/home/fanyu/auditory_simulation_m6a/data/ds004703/v1.1.0/stimuli/excerpts/Block 2/s2102a-ex02_normed.wav,373,True,649.250489389,2.2737367544323206e-13,36.367437641723356,0.42374164172333195,True,,UNKNOWN,UNASSIGNED_S01_REVIEW_REQUIRED
ds004703,sub-SD011,ses-01,sub-SD011_ses-01_task-PassiveListen,16,s3301a-ex01,Block 2,/home/fanyu/auditory_simulation_m6a/data/ds004703/v1.1.0/stimuli/excerpts/Block 2/s3301a-ex01_normed.wav,255,True,692.111505529,2.2737367544323206e-13,25.584126984126986,0.6466629841270333,True,,UNKNOWN,UNASSIGNED_S01_REVIEW_REQUIRED
ds004703,sub-SD011,ses-01,sub-SD011_ses-01_task-PassiveListen,17,s4003b-ex01,Block 2,/home/fanyu/auditory_simulation_m6a/data/ds004703/v1.1.0/stimuli/excerpts/Block 2/s4003b-ex01_normed.wav,305,True,726.094995332,1.1368683772161603e-13,25.393945578231293,0.37263357823129084,True,,UNKNOWN,UNASSIGNED_S01_REVIEW_REQUIRED
ds004703,sub-SD011,ses-01,sub-SD011_ses-01_task-PassiveListen,18,s2202b-ex02,Block 2,/home/fanyu/auditory_simulation_m6a/data/ds004703/v1.1.0/stimuli/excerpts/Block 2/s2202b-ex02_normed.wav,444,True,760.4858796450001,2.2737367544323206e-13,54.52736961451247,0.4984836145125513,True,,UNKNOWN,UNASSIGNED_S01_REVIEW_REQUIRED
ds004703,sub-SD011,ses-01,sub-SD011_ses-01_task-PassiveListen,19,s3602b-ex02,Block 2,/home/fanyu/auditory_simulation_m6a/data/ds004703/v1.1.0/stimuli/excerpts/Block 2/s3602b-ex02_normed.wav,288,True,828.40094444,2.2737367544323206e-13,32.8990022675737,0.664101267573713,True,,UNKNOWN,UNASSIGNED_S01_REVIEW_REQUIRED
ds004703,sub-SD011,ses-01,sub-SD011_ses-01_task-PassiveListen,20,s1201a-ex01,Block 2,/home/fanyu/auditory_simulation_m6a/data/ds004703/v1.1.0/stimuli/excerpts/Block 2/s1201a-ex01_normed.wav,437,True,868.834315262,1.1368683772161603e-13,34.556938775510204,0.8936967755101435,True,,UNKNOWN,UNASSIGNED_S01_REVIEW_REQUIRED
ds004703,sub-SD011,ses-01,sub-SD011_ses-01_task-PassiveListen,21,pleasePressSpace,NOT_APPLICABLE,/home/fanyu/auditory_simulation_m6a/data/ds004703/v1.1.0/stimuli/pleasePressSpace_normed.wav,31,True,916.260437356,9.094947017729282e-13,3.44312925170068,0.520682459428583,False,CONTROL_NOT_PASSAGE,UNKNOWN,UNASSIGNED_S01_REVIEW_REQUIRED
ds004703,sub-SD011,ses-01,sub-SD011_ses-01_task-PassiveListen,22,catalan-f01,Block 2,/home/fanyu/auditory_simulation_m6a/data/ds004703/v1.1.0/stimuli/excerpts/Block 2/catalan-f01_normed.wav,428,True,963.267082364,9.890754881780595e-12,3.44312925170068,-43.07952875085857,False,CATALAN_PLAYED_AUDIO_PROVENANCE_CONFLICT;AUDIO_TEMPLATE_DURATION,UNKNOWN,UNASSIGNED_S01_REVIEW_REQUIRED
ds004703,sub-SD011,ses-01,sub-SD011_ses-01_task-PassiveListen,23,s1303a-ex02,Block 3,/home/fanyu/auditory_simulation_m6a/data/ds004703/v1.1.0/stimuli/excerpts/Block 3/s1303a-ex02_normed.wav,211,True,976.935625,1.1368683772161603e-13,29.345056689342403,0.4735216893423697,True,,UNKNOWN,UNASSIGNED_S01_REVIEW_REQUIRED
ds004703,sub-SD011,ses-01,sub-SD011_ses-01_task-PassiveListen,24,s3301a-ex02,Block 3,/home/fanyu/auditory_simulation_m6a/data/ds004703/v1.1.0/stimuli/excerpts/Block 3/s3301a-ex02_normed.wav,406,True,1024.94599248,2.2737367544323206e-13,37.23800453514739,0.3500265351473786,True,,UNKNOWN,UNASSIGNED_S01_REVIEW_REQUIRED
ds004703,sub-SD011,ses-01,sub-SD011_ses-01_task-PassiveListen,25,s1501a-ex01,Block 3,/home/fanyu/auditory_simulation_m6a/data/ds004703/v1.1.0/stimuli/excerpts/Block 3/s1501a-ex01_normed.wav,404,True,1071.7951639,2.2737367544323206e-13,43.13843537414966,0.39443137414964013,True,,UNKNOWN,UNASSIGNED_S01_REVIEW_REQUIRED
ds004703,sub-SD011,ses-01,sub-SD011_ses-01_task-PassiveListen,26,s1401a-ex02,Block 3,/home/fanyu/auditory_simulation_m6a/data/ds004703/v1.1.0/stimuli/excerpts/Block 3/s1401a-ex02_normed.wav,434,True,1123.63462343,2.2737367544323206e-13,36.582426303854874,0.3221763038548602,True,,UNKNOWN,UNASSIGNED_S01_REVIEW_REQUIRED
ds004703,sub-SD011,ses-01,sub-SD011_ses-01_task-PassiveListen,27,s3903b-ex02,Block 3,/home/fanyu/auditory_simulation_m6a/data/ds004703/v1.1.0/stimuli/excerpts/Block 3/s3903b-ex02_normed.wav,325,True,1169.92103889,2.2737367544323206e-13,32.93675736961451,0.28081636961452006,True,,UNKNOWN,UNASSIGNED_S01_REVIEW_REQUIRED
ds004703,sub-SD011,ses-01,sub-SD011_ses-01_task-PassiveListen,28,s3201a-ex01,Block 3,/home/fanyu/auditory_simulation_m6a/data/ds004703/v1.1.0/stimuli/excerpts/Block 3/s3201a-ex01_normed.wav,1105,True,1212.79536676,2.2737367544323206e-13,77.08981859410432,0.9081175941043398,True,,UNKNOWN,UNASSIGNED_S01_REVIEW_REQUIRED
ds004703,sub-SD011,ses-01,sub-SD011_ses-01_task-PassiveListen,29,pleasePressSpace,NOT_APPLICABLE,/home/fanyu/auditory_simulation_m6a/data/ds004703/v1.1.0/stimuli/pleasePressSpace_normed.wav,31,True,1303.4609030600013,9.322320693172514e-12,3.44312925170068,0.520682459428583,False,CONTROL_NOT_PASSAGE,UNKNOWN,UNASSIGNED_S01_REVIEW_REQUIRED
ds004703,sub-SD011,ses-01,sub-SD011_ses-01_task-PassiveListen,30,catalan-m02,Block 3,/home/fanyu/auditory_simulation_m6a/data/ds004703/v1.1.0/stimuli/excerpts/Block 3/catalan-m02_normed.wav,451,True,1355.4689989899998,1.0231815394945443e-11,3.44312925170068,-47.25691404060684,False,CATALAN_PLAYED_AUDIO_PROVENANCE_CONFLICT;AUDIO_TEMPLATE_DURATION,UNKNOWN,UNASSIGNED_S01_REVIEW_REQUIRED
ds004703,sub-SD011,ses-01,sub-SD011_ses-01_task-PassiveListen,31,s1001a-ex01,Block 3,/home/fanyu/auditory_simulation_m6a/data/ds004703/v1.1.0/stimuli/excerpts/Block 3/s1001a-ex01_normed.wav,541,True,1361.52290866,2.2737367544323206e-13,41.67131519274376,0.40497619274376007,True,,UNKNOWN,UNASSIGNED_S01_REVIEW_REQUIRED
ds004703,sub-SD011,ses-01,sub-SD011_ses-01_task-PassiveListen,32,s3703b-ex01,Block 3,/home/fanyu/auditory_simulation_m6a/data/ds004703/v1.1.0/stimuli/excerpts/Block 3/s3703b-ex01_normed.wav,408,True,1410.30634077,2.2737367544323206e-13,35.371746031746035,0.9439180317460227,True,,UNKNOWN,UNASSIGNED_S01_REVIEW_REQUIRED
ds004703,sub-SD011,ses-01,sub-SD011_ses-01_task-PassiveListen,33,s2801a-ex01,Block 4,/home/fanyu/auditory_simulation_m6a/data/ds004703/v1.1.0/stimuli/excerpts/Block 4/s2801a-ex01_normed.wav,743,True,1464.03013235,2.2737367544323206e-13,60.9278231292517,0.5329001292516864,True,,UNKNOWN,UNASSIGNED_S01_REVIEW_REQUIRED
ds004703,sub-SD011,ses-01,sub-SD011_ses-01_task-PassiveListen,34,s1604a-ex01,Block 4,/home/fanyu/auditory_simulation_m6a/data/ds004703/v1.1.0/stimuli/excerpts/Block 4/s1604a-ex01_normed.wav,539,True,1534.83638983,2.2737367544323206e-13,46.363628117913834,0.047940117913832125,True,,UNKNOWN,UNASSIGNED_S01_REVIEW_REQUIRED
ds004703,sub-SD011,ses-01,sub-SD011_ses-01_task-PassiveListen,35,s0702a-ex01,Block 4,/home/fanyu/auditory_simulation_m6a/data/ds004703/v1.1.0/stimuli/excerpts/Block 4/s0702a-ex01_normed.wav,370,True,1591.840622,2.2737367544323206e-13,30.462244897959184,2.1873908979591796,True,,UNKNOWN,UNASSIGNED_S01_REVIEW_REQUIRED
ds004703,sub-SD011,ses-01,sub-SD011_ses-01_task-PassiveListen,36,s3902a-ex01,Block 4,/home/fanyu/auditory_simulation_m6a/data/ds004703/v1.1.0/stimuli/excerpts/Block 4/s3902a-ex01_normed.wav,312,True,1630.19251413,2.2737367544323206e-13,31.55362811791383,0.3343071179138697,True,,UNKNOWN,UNASSIGNED_S01_REVIEW_REQUIRED
ds004703,sub-SD011,ses-01,sub-SD011_ses-01_task-PassiveListen,37,s3802a-ex01,Block 4,/home/fanyu/auditory_simulation_m6a/data/ds004703/v1.1.0/stimuli/excerpts/Block 4/s3802a-ex01_normed.wav,362,True,1672.62525517,2.2737367544323206e-13,34.67619047619048,0.7401804761904316,True,,UNKNOWN,UNASSIGNED_S01_REVIEW_REQUIRED
ds004703,sub-SD011,ses-01,sub-SD011_ses-01_task-PassiveListen,38,s2102a-ex03,Block 4,/home/fanyu/auditory_simulation_m6a/data/ds004703/v1.1.0/stimuli/excerpts/Block 4/s2102a-ex03_normed.wav,346,True,1792.25906972,2.2737367544323206e-13,45.27312925170068,0.9800462517006494,True,,UNKNOWN,UNASSIGNED_S01_REVIEW_REQUIRED
ds004703,sub-SD011,ses-01,sub-SD011_ses-01_task-PassiveListen,39,pleasePressSpace,NOT_APPLICABLE,/home/fanyu/auditory_simulation_m6a/data/ds004703/v1.1.0/stimuli/pleasePressSpace_normed.wav,31,True,1844.7558495400012,9.322320693172514e-12,3.44312925170068,0.520682459428583,False,CONTROL_NOT_PASSAGE,UNKNOWN,UNASSIGNED_S01_REVIEW_REQUIRED
ds004703,sub-SD011,ses-01,sub-SD011_ses-01_task-PassiveListen,40,catalan-f02,Block 4,/home/fanyu/auditory_simulation_m6a/data/ds004703/v1.1.0/stimuli/excerpts/Block 4/catalan-f02_normed.wav,437,True,1888.7611649900007,1.000444171950221e-11,3.44312925170068,-39.73895634758179,False,CATALAN_PLAYED_AUDIO_PROVENANCE_CONFLICT;AUDIO_TEMPLATE_DURATION,UNKNOWN,UNASSIGNED_S01_REVIEW_REQUIRED
ds004703,sub-SD011,ses-01,sub-SD011_ses-01_task-PassiveListen,41,s0202b-ex01,Block 4,/home/fanyu/auditory_simulation_m6a/data/ds004703/v1.1.0/stimuli/excerpts/Block 4/s0202b-ex01_normed.wav,671,True,1895.57525474,4.547473508864641e-13,56.91793650793651,0.2629365079365158,True,,UNKNOWN,UNASSIGNED_S01_REVIEW_REQUIRED
ds004703,sub-SD011,ses-01,sub-SD011_ses-01_task-PassiveListen,42,s3102b-ex01,Block 4,/home/fanyu/auditory_simulation_m6a/data/ds004703/v1.1.0/stimuli/excerpts/Block 4/s3102b-ex01_normed.wav,159,True,1963.16335008,2.2737367544323206e-13,20.8018820861678,0.9805520861678012,True,,UNKNOWN,UNASSIGNED_S01_REVIEW_REQUIRED
ds004703,sub-SD011,ses-01,sub-SD011_ses-01_task-PassiveListen,43,s1202b-ex01,Block 5,/home/fanyu/auditory_simulation_m6a/data/ds004703/v1.1.0/stimuli/excerpts/Block 5/s1202b-ex01_normed.wav,417,True,2000.69617375,2.2737367544323206e-13,34.4781179138322,0.16977691383220161,True,,UNKNOWN,UNASSIGNED_S01_REVIEW_REQUIRED
ds004703,sub-SD011,ses-01,sub-SD011_ses-01_task-PassiveListen,44,s1103a-ex01,Block 5,/home/fanyu/auditory_simulation_m6a/data/ds004703/v1.1.0/stimuli/excerpts/Block 5/s1103a-ex01_normed.wav,443,True,2049.01446015,4.547473508864641e-13,54.69269841269841,0.4898664126984329,True,,UNKNOWN,UNASSIGNED_S01_REVIEW_REQUIRED
ds004703,sub-SD011,ses-01,sub-SD011_ses-01_task-PassiveListen,45,s1703b-ex01,Block 5,/home/fanyu/auditory_simulation_m6a/data/ds004703/v1.1.0/stimuli/excerpts/Block 5/s1703b-ex01_normed.wav,431,True,2113.44675511,4.547473508864641e-13,53.5008843537415,0.33788435374150794,True,,UNKNOWN,UNASSIGNED_S01_REVIEW_REQUIRED
ds004703,sub-SD011,ses-01,sub-SD011_ses-01_task-PassiveListen,46,s0203b-ex01,Block 5,/home/fanyu/auditory_simulation_m6a/data/ds004703/v1.1.0/stimuli/excerpts/Block 5/s0203b-ex01_normed.wav,505,True,2177.52410383,4.547473508864641e-13,42.95142857142857,1.0583105714285495,True,,UNKNOWN,UNASSIGNED_S01_REVIEW_REQUIRED
ds004703,sub-SD011,ses-01,sub-SD011_ses-01_task-PassiveListen,47,s1401b-ex01,Block 5,/home/fanyu/auditory_simulation_m6a/data/ds004703/v1.1.0/stimuli/excerpts/Block 5/s1401b-ex01_normed.wav,664,True,2229.70005794,4.547473508864641e-13,54.43687074829932,0.35779874829931657,True,,UNKNOWN,UNASSIGNED_S01_REVIEW_REQUIRED
ds004703,sub-SD011,ses-01,sub-SD011_ses-01_task-PassiveListen,48,pleasePressSpace,NOT_APPLICABLE,/home/fanyu/auditory_simulation_m6a/data/ds004703/v1.1.0/stimuli/pleasePressSpace_normed.wav,31,True,2291.7801232800016,1.000444171950221e-11,3.44312925170068,0.520682459428583,False,CONTROL_NOT_PASSAGE,UNKNOWN,UNASSIGNED_S01_REVIEW_REQUIRED
ds004703,sub-SD011,ses-01,sub-SD011_ses-01_task-PassiveListen,49,catalan-m03,Block 5,/home/fanyu/auditory_simulation_m6a/data/ds004703/v1.1.0/stimuli/excerpts/Block 5/catalan-m03_normed.wav,488,True,2342.7879575899997,1.0459189070388675e-11,3.44312925170068,-46.8372365903996,False,CATALAN_PLAYED_AUDIO_PROVENANCE_CONFLICT;AUDIO_TEMPLATE_DURATION,UNKNOWN,UNASSIGNED_S01_REVIEW_REQUIRED
ds004703,sub-SD011,ses-01,sub-SD011_ses-01_task-PassiveListen,50,s3003a-ex01,Block 5,/home/fanyu/auditory_simulation_m6a/data/ds004703/v1.1.0/stimuli/excerpts/Block 5/s3003a-ex01_normed.wav,371,True,2348.24071439,9.094947017729282e-13,33.54437641723356,0.4453074172335434,True,,UNKNOWN,UNASSIGNED_S01_REVIEW_REQUIRED
ds004703,sub-SD011,ses-01,sub-SD011_ses-01_task-PassiveListen,51,s1503a-ex01,Block 5,/home/fanyu/auditory_simulation_m6a/data/ds004703/v1.1.0/stimuli/excerpts/Block 5/s1503a-ex01_normed.wav,430,True,2390.82839916,4.547473508864641e-13,16.85562358276644,0.40436658276643556,True,,UNKNOWN,UNASSIGNED_S01_REVIEW_REQUIRED
ds004703,sub-SD011,ses-01,sub-SD011_ses-01_task-PassiveListen,52,s0802b-ex01,Block 5,/home/fanyu/auditory_simulation_m6a/data/ds004703/v1.1.0/stimuli/excerpts/Block 5/s0802b-ex01_normed.wav,328,True,2415.8868899999998,4.547473508864641e-13,29.993242630385488,0.7251516303854757,True,,UNKNOWN,UNASSIGNED_S01_REVIEW_REQUIRED
ds004703,sub-SD011,ses-01,sub-SD011_ses-01_task-PassiveListen,53,s1702b-ex01,Block 6,/home/fanyu/auditory_simulation_m6a/data/ds004703/v1.1.0/stimuli/excerpts/Block 6/s1702b-ex01_normed.wav,369,True,2470.58444646,4.547473508864641e-13,41.42324263038549,0.31924263038549583,True,,UNKNOWN,UNASSIGNED_S01_REVIEW_REQUIRED
ds004703,sub-SD011,ses-01,sub-SD011_ses-01_task-PassiveListen,54,s0901b-ex01,Block 6,/home/fanyu/auditory_simulation_m6a/data/ds004703/v1.1.0/stimuli/excerpts/Block 6/s0901b-ex01_normed.wav,311,True,2522.67306172,4.547473508864641e-13,36.376122448979594,0.32149144897960014,True,,UNKNOWN,UNASSIGNED_S01_REVIEW_REQUIRED
ds004703,sub-SD011,ses-01,sub-SD011_ses-01_task-PassiveListen,55,s2302b-ex01,Block 6,/home/fanyu/auditory_simulation_m6a/data/ds004703/v1.1.0/stimuli/excerpts/Block 6/s2302b-ex01_normed.wav,316,True,2571.15185002,4.547473508864641e-13,35.123492063492066,0.5518300634920834,True,,UNKNOWN,UNASSIGNED_S01_REVIEW_REQUIRED
ds004703,sub-SD011,ses-01,sub-SD011_ses-01_task-PassiveListen,56,s3801a-ex01,Block 6,/home/fanyu/auditory_simulation_m6a/data/ds004703/v1.1.0/stimuli/excerpts/Block 6/s3801a-ex01_normed.wav,350,True,2618.57650944,4.547473508864641e-13,33.10163265306122,0.19907065306120586,True,,UNKNOWN,UNASSIGNED_S01_REVIEW_REQUIRED
ds004703,sub-SD011,ses-01,sub-SD011_ses-01_task-PassiveListen,57,s0305a-ex01,Block 6,/home/fanyu/auditory_simulation_m6a/data/ds004703/v1.1.0/stimuli/excerpts/Block 6/s0305a-ex01_normed.wav,377,True,2664.72299803,4.547473508864641e-13,43.50736961451247,0.25795861451247504,True,,UNKNOWN,UNASSIGNED_S01_REVIEW_REQUIRED
ds004703,sub-SD011,ses-01,sub-SD011_ses-01_task-PassiveListen,58,s1503a-ex02,Block 6,/home/fanyu/auditory_simulation_m6a/data/ds004703/v1.1.0/stimuli/excerpts/Block 6/s1503a-ex02_normed.wav,328,True,2717.59775819,4.547473508864641e-13,27.614240362811792,0.9612693628117199,True,,UNKNOWN,UNASSIGNED_S01_REVIEW_REQUIRED
ds004703,sub-SD011,ses-01,sub-SD011_ses-01_task-PassiveListen,59,s1203a-ex01,Block 6,/home/fanyu/auditory_simulation_m6a/data/ds004703/v1.1.0/stimuli/excerpts/Block 6/s1203a-ex01_normed.wav,373,True,2752.79941422,4.547473508864641e-13,34.05850340136055,0.38901540136053825,True,,UNKNOWN,UNASSIGNED_S01_REVIEW_REQUIRED
ds004703,sub-SD011,ses-01,sub-SD011_ses-01_task-PassiveListen,60,pleasePressSpace,NOT_APPLICABLE,/home/fanyu/auditory_simulation_m6a/data/ds004703/v1.1.0/stimuli/pleasePressSpace_normed.wav,31,True,2798.1484944300014,9.549694368615746e-12,3.44312925170068,0.520682459428583,False,CONTROL_NOT_PASSAGE,UNKNOWN,UNASSIGNED_S01_REVIEW_REQUIRED
ds004703,sub-SD011,ses-01,sub-SD011_ses-01_task-PassiveListen,61,catalan-f03,Block 6,/home/fanyu/auditory_simulation_m6a/data/ds004703/v1.1.0/stimuli/excerpts/Block 6/catalan-f03_normed.wav,515,True,2853.15562103,1.000444171950221e-11,3.44312925170068,-50.092914985447536,False,CATALAN_PLAYED_AUDIO_PROVENANCE_CONFLICT;AUDIO_TEMPLATE_DURATION,UNKNOWN,UNASSIGNED_S01_REVIEW_REQUIRED
ds004703,sub-SD011,ses-01,sub-SD011_ses-01_task-PassiveListen,62,s3003a-ex02,Block 6,/home/fanyu/auditory_simulation_m6a/data/ds004703/v1.1.0/stimuli/excerpts/Block 6/s3003a-ex02_normed.wav,504,True,2859.32988432,4.547473508864641e-13,44.58725623582767,0.12463223582766858,True,,UNKNOWN,UNASSIGNED_S01_REVIEW_REQUIRED
ds004703,sub-SD012,ses-01,sub-SD012_ses-01_task-PassiveListen,0,welcome,NOT_APPLICABLE,/home/fanyu/auditory_simulation_m6a/data/ds004703/v1.1.0/stimuli/welcome_normed.wav,20,True,54.34188499089999,9.237055564881302e-14,1.9793197278911565,0.21420958380994382,False,CONTROL_NOT_PASSAGE,UNKNOWN,UNASSIGNED_S01_REVIEW_REQUIRED
ds004703,sub-SD012,ses-01,sub-SD012_ses-01_task-PassiveListen,1,instructions1,NOT_APPLICABLE,/home/fanyu/auditory_simulation_m6a/data/ds004703/v1.1.0/stimuli/instructions1_normed.wav,377,True,60.99510891,1.1368683772161603e-13,35.22081632653061,0.23920634694577103,False,CONTROL_NOT_PASSAGE,UNKNOWN,UNASSIGNED_S01_REVIEW_REQUIRED
ds004703,sub-SD012,ses-01,sub-SD012_ses-01_task-PassiveListen,2,instructions3,NOT_APPLICABLE,/home/fanyu/auditory_simulation_m6a/data/ds004703/v1.1.0/stimuli/instructions3_normed.wav,70,True,143.50711768000002,9.379164112033322e-13,6.248140589569161,0.3916587466441728,False,CONTROL_NOT_PASSAGE,UNKNOWN,UNASSIGNED_S01_REVIEW_REQUIRED
ds004703,sub-SD012,ses-01,sub-SD012_ses-01_task-PassiveListen,3,s1401a-ex01,Block 1,/home/fanyu/auditory_simulation_m6a/data/ds004703/v1.1.0/stimuli/excerpts/Block 1/s1401a-ex01_normed.wav,415,True,151.471103377,5.684341886080802e-14,35.284126984126985,0.41837598412700316,True,,UNKNOWN,UNASSIGNED_S01_REVIEW_REQUIRED
ds004703,sub-SD012,ses-01,sub-SD012_ses-01_task-PassiveListen,4,pleasePressSpace,NOT_APPLICABLE,/home/fanyu/auditory_simulation_m6a/data/ds004703/v1.1.0/stimuli/pleasePressSpace_normed.wav,31,True,204.74782093099995,9.947598300641403e-13,3.44312925170068,0.520682459428583,False,CONTROL_NOT_PASSAGE,UNKNOWN,UNASSIGNED_S01_REVIEW_REQUIRED
ds004703,sub-SD012,ses-01,sub-SD012_ses-01_task-PassiveListen,5,catalan-m01,Block 1,/home/fanyu/auditory_simulation_m6a/data/ds004703/v1.1.0/stimuli/excerpts/Block 1/catalan-m01_normed.wav,468,True,251.75759953399995,1.0231815394945443e-12,3.44312925170068,-43.204500066898774,False,CATALAN_PLAYED_AUDIO_PROVENANCE_CONFLICT;AUDIO_TEMPLATE_DURATION,UNKNOWN,UNASSIGNED_S01_REVIEW_REQUIRED
ds004703,sub-SD012,ses-01,sub-SD012_ses-01_task-PassiveListen,6,s3602b-ex01,Block 1,/home/fanyu/auditory_simulation_m6a/data/ds004703/v1.1.0/stimuli/excerpts/Block 1/s3602b-ex01_normed.wav,318,True,267.99408822999993,2.2737367544323206e-13,35.60836734693878,0.602507346938701,True,,UNKNOWN,UNASSIGNED_S01_REVIEW_REQUIRED
ds004703,sub-SD012,ses-02,sub-SD012_ses-02_task-PassiveListen,0,welcome,NOT_APPLICABLE,/home/fanyu/auditory_simulation_m6a/data/ds004703/v1.1.0/stimuli/welcome_normed.wav,20,True,47.953333890299994,9.237055564881302e-14,1.9793197278911565,0.21420958380994382,False,CONTROL_NOT_PASSAGE,UNKNOWN,UNASSIGNED_S01_REVIEW_REQUIRED
ds004703,sub-SD012,ses-02,sub-SD012_ses-02_task-PassiveListen,1,instructions1,NOT_APPLICABLE,/home/fanyu/auditory_simulation_m6a/data/ds004703/v1.1.0/stimuli/instructions1_normed.wav,377,True,52.541468055799996,1.2079226507921703e-13,35.22081632653061,0.23920634694577103,False,CONTROL_NOT_PASSAGE,UNKNOWN,UNASSIGNED_S01_REVIEW_REQUIRED
ds004703,sub-SD012,ses-02,sub-SD012_ses-02_task-PassiveListen,2,instructions3,NOT_APPLICABLE,/home/fanyu/auditory_simulation_m6a/data/ds004703/v1.1.0/stimuli/instructions3_normed.wav,70,True,116.06174431100001,9.237055564881302e-13,6.248140589569161,0.3916587466441728,False,CONTROL_NOT_PASSAGE,UNKNOWN,UNASSIGNED_S01_REVIEW_REQUIRED
ds004703,sub-SD012,ses-02,sub-SD012_ses-02_task-PassiveListen,3,s4002b-ex01,Block 1,/home/fanyu/auditory_simulation_m6a/data/ds004703/v1.1.0/stimuli/excerpts/Block 1/s4002b-ex01_normed.wav,390,True,126.519807944,7.105427357601002e-14,34.63149659863946,0.5188495986394628,True,,UNKNOWN,UNASSIGNED_S01_REVIEW_REQUIRED
ds004703,sub-SD012,ses-02,sub-SD012_ses-02_task-PassiveListen,4,s1401a-ex01,Block 1,/home/fanyu/auditory_simulation_m6a/data/ds004703/v1.1.0/stimuli/excerpts/Block 1/s1401a-ex01_normed.wav,415,True,176.515371631,2.842170943040401e-14,35.284126984126985,0.41837598412700316,True,,UNKNOWN,UNASSIGNED_S01_REVIEW_REQUIRED
ds004703,sub-SD012,ses-02,sub-SD012_ses-02_task-PassiveListen,5,s2301a-ex01,Block 1,/home/fanyu/auditory_simulation_m6a/data/ds004703/v1.1.0/stimuli/excerpts/Block 1/s2301a-ex01_normed.wav,206,True,225.392055464,2.842170943040401e-14,22.537301587301588,0.24223958730159012,True,,UNKNOWN,UNASSIGNED_S01_REVIEW_REQUIRED
ds004703,sub-SD012,ses-02,sub-SD012_ses-02_task-PassiveListen,6,s1303a-ex01,Block 1,/home/fanyu/auditory_simulation_m6a/data/ds004703/v1.1.0/stimuli/excerpts/Block 1/s1303a-ex01_normed.wav,311,True,258.610866821,1.1368683772161603e-13,34.2159410430839,0.5734330430839307,True,,UNKNOWN,UNASSIGNED_S01_REVIEW_REQUIRED
ds004703,sub-SD012,ses-02,sub-SD012_ses-02_task-PassiveListen,7,pleasePressSpace,NOT_APPLICABLE,/home/fanyu/auditory_simulation_m6a/data/ds004703/v1.1.0/stimuli/pleasePressSpace_normed.wav,31,True,319.76657211,9.663381206337363e-13,3.44312925170068,0.520682459428583,False,CONTROL_NOT_PASSAGE,UNKNOWN,UNASSIGNED_S01_REVIEW_REQUIRED
ds004703,sub-SD012,ses-02,sub-SD012_ses-02_task-PassiveListen,8,catalan-m01,Block 1,/home/fanyu/auditory_simulation_m6a/data/ds004703/v1.1.0/stimuli/excerpts/Block 1/catalan-m01_normed.wav,468,True,366.77583716799995,1.0800249583553523e-12,3.44312925170068,-43.204500066898774,False,CATALAN_PLAYED_AUDIO_PROVENANCE_CONFLICT;AUDIO_TEMPLATE_DURATION,UNKNOWN,UNASSIGNED_S01_REVIEW_REQUIRED
ds004703,sub-SD012,ses-02,sub-SD012_ses-02_task-PassiveListen,9,s2102a-ex01,Block 1,/home/fanyu/auditory_simulation_m6a/data/ds004703/v1.1.0/stimuli/excerpts/Block 1/s2102a-ex01_normed.wav,295,True,386.00297644799997,1.1368683772161603e-13,28.18857142857143,1.2097834285714164,True,,UNKNOWN,UNASSIGNED_S01_REVIEW_REQUIRED
ds004703,sub-SD012,ses-02,sub-SD012_ses-02_task-PassiveListen,10,s3602b-ex01,Block 1,/home/fanyu/auditory_simulation_m6a/data/ds004703/v1.1.0/stimuli/excerpts/Block 1/s3602b-ex01_normed.wav,318,True,424.59412768499993,2.2737367544323206e-13,35.60836734693878,0.602507346938701,True,,UNKNOWN,UNASSIGNED_S01_REVIEW_REQUIRED
ds004703,sub-SD012,ses-02,sub-SD012_ses-02_task-PassiveListen,11,s1901b-ex01,Block 1,/home/fanyu/auditory_simulation_m6a/data/ds004703/v1.1.0/stimuli/excerpts/Block 1/s1901b-ex01_normed.wav,406,True,470.005549735,1.1368683772161603e-13,37.38761904761905,0.442163047619033,True,,UNKNOWN,UNASSIGNED_S01_REVIEW_REQUIRED
ds004703,sub-SD012,ses-02,sub-SD012_ses-02_task-PassiveListen,12,s3001b-ex01,Block 1,/home/fanyu/auditory_simulation_m6a/data/ds004703/v1.1.0/stimuli/excerpts/Block 1/s3001b-ex01_normed.wav,485,True,518.038704047,1.1368683772161603e-13,49.18281179138322,0.34246479138322883,True,,UNKNOWN,UNASSIGNED_S01_REVIEW_REQUIRED
ds004703,sub-SD012,ses-02,sub-SD012_ses-02_task-PassiveListen,13,pleasePressSpace,NOT_APPLICABLE,/home/fanyu/auditory_simulation_m6a/data/ds004703/v1.1.0/stimuli/pleasePressSpace_normed.wav,31,True,590.34807991,9.094947017729282e-13,3.44312925170068,0.520682459428583,False,CONTROL_NOT_PASSAGE,UNKNOWN,UNASSIGNED_S01_REVIEW_REQUIRED
ds004703,sub-SD012,ses-02,sub-SD012_ses-02_task-PassiveListen,14,catalan-f01,Block 2,/home/fanyu/auditory_simulation_m6a/data/ds004703/v1.1.0/stimuli/excerpts/Block 2/catalan-f01_normed.wav,428,True,637.356608137,1.0231815394945443e-12,3.44312925170068,-43.07952875085857,False,CATALAN_PLAYED_AUDIO_PROVENANCE_CONFLICT;AUDIO_TEMPLATE_DURATION,UNKNOWN,UNASSIGNED_S01_REVIEW_REQUIRED
ds004703,sub-SD012,ses-02,sub-SD012_ses-02_task-PassiveListen,15,s3602b-ex02,Block 2,/home/fanyu/auditory_simulation_m6a/data/ds004703/v1.1.0/stimuli/excerpts/Block 2/s3602b-ex02_normed.wav,288,True,664.115727374,1.1368683772161603e-13,32.8990022675737,0.664101267573713,True,,UNKNOWN,UNASSIGNED_S01_REVIEW_REQUIRED
ds004703,sub-SD012,ses-02,sub-SD012_ses-02_task-PassiveListen,16,s3903b-ex01,Block 2,/home/fanyu/auditory_simulation_m6a/data/ds004703/v1.1.0/stimuli/excerpts/Block 2/s3903b-ex01_normed.wav,301,True,707.249000718,1.1368683772161603e-13,26.25294784580499,0.42762184580498186,True,,UNKNOWN,UNASSIGNED_S01_REVIEW_REQUIRED
ds004703,sub-SD012,ses-02,sub-SD012_ses-02_task-PassiveListen,17,s1201a-ex01,Block 2,/home/fanyu/auditory_simulation_m6a/data/ds004703/v1.1.0/stimuli/excerpts/Block 2/s1201a-ex01_normed.wav,437,True,745.584401725,1.1368683772161603e-13,34.556938775510204,0.8936967755101435,True,,UNKNOWN,UNASSIGNED_S01_REVIEW_REQUIRED
ds004703,sub-SD012,ses-02,sub-SD012_ses-02_task-PassiveListen,18,s2202b-ex02,Block 2,/home/fanyu/auditory_simulation_m6a/data/ds004703/v1.1.0/stimuli/excerpts/Block 2/s2202b-ex02_normed.wav,444,True,788.951963447,1.1368683772161603e-13,54.52736961451247,0.4984836145125513,True,,UNKNOWN,UNASSIGNED_S01_REVIEW_REQUIRED
ds004703,sub-SD012,ses-02,sub-SD012_ses-02_task-PassiveListen,19,s0703b-ex01,Block 2,/home/fanyu/auditory_simulation_m6a/data/ds004703/v1.1.0/stimuli/excerpts/Block 2/s0703b-ex01_normed.wav,419,True,855.524725854,1.1368683772161603e-13,39.03469387755102,0.42340887755101875,True,,UNKNOWN,UNASSIGNED_S01_REVIEW_REQUIRED
ds004703,sub-SD012,ses-02,sub-SD012_ses-02_task-PassiveListen,20,s2102a-ex02,Block 2,/home/fanyu/auditory_simulation_m6a/data/ds004703/v1.1.0/stimuli/excerpts/Block 2/s2102a-ex02_normed.wav,373,True,904.530053568,2.2737367544323206e-13,36.367437641723356,0.42374164172333195,True,,UNKNOWN,UNASSIGNED_S01_REVIEW_REQUIRED
ds004703,sub-SD012,ses-02,sub-SD012_ses-02_task-PassiveListen,21,s4003b-ex01,Block 2,/home/fanyu/auditory_simulation_m6a/data/ds004703/v1.1.0/stimuli/excerpts/Block 2/s4003b-ex01_normed.wav,305,True,948.848739966,1.1368683772161603e-13,25.393945578231293,0.37263357823129084,True,,UNKNOWN,UNASSIGNED_S01_REVIEW_REQUIRED
ds004703,sub-SD012,ses-02,sub-SD012_ses-02_task-PassiveListen,22,s3301a-ex01,Block 2,/home/fanyu/auditory_simulation_m6a/data/ds004703/v1.1.0/stimuli/excerpts/Block 2/s3301a-ex01_normed.wav,255,True,988.4020882660001,2.2737367544323206e-13,25.584126984126986,0.6466629841270333,True,,UNKNOWN,UNASSIGNED_S01_REVIEW_REQUIRED
ds004703,sub-SD012,ses-02,sub-SD012_ses-02_task-PassiveListen,23,s1501a-ex01,Block 3,/home/fanyu/auditory_simulation_m6a/data/ds004703/v1.1.0/stimuli/excerpts/Block 3/s1501a-ex01_normed.wav,404,True,1027.26169699,2.2737367544323206e-13,43.13843537414966,0.39443137414964013,True,,UNKNOWN,UNASSIGNED_S01_REVIEW_REQUIRED
ds004703,sub-SD012,ses-02,sub-SD012_ses-02_task-PassiveListen,24,s3301a-ex02,Block 3,/home/fanyu/auditory_simulation_m6a/data/ds004703/v1.1.0/stimuli/excerpts/Block 3/s3301a-ex02_normed.wav,406,True,1080.91690957,2.2737367544323206e-13,37.23800453514739,0.3500265351473786,True,,UNKNOWN,UNASSIGNED_S01_REVIEW_REQUIRED
ds004703,sub-SD012,ses-02,sub-SD012_ses-02_task-PassiveListen,25,s1303a-ex02,Block 3,/home/fanyu/auditory_simulation_m6a/data/ds004703/v1.1.0/stimuli/excerpts/Block 3/s1303a-ex02_normed.wav,211,True,1129.21781342,2.2737367544323206e-13,29.345056689342403,0.4735216893423697,True,,UNKNOWN,UNASSIGNED_S01_REVIEW_REQUIRED
ds004703,sub-SD012,ses-02,sub-SD012_ses-02_task-PassiveListen,26,s1001a-ex01,Block 3,/home/fanyu/auditory_simulation_m6a/data/ds004703/v1.1.0/stimuli/excerpts/Block 3/s1001a-ex01_normed.wav,541,True,1170.37300262,2.2737367544323206e-13,41.67131519274376,0.40497619274376007,True,,UNKNOWN,UNASSIGNED_S01_REVIEW_REQUIRED
ds004703,sub-SD012,ses-02,sub-SD012_ses-02_task-PassiveListen,27,s3201a-ex01,Block 3,/home/fanyu/auditory_simulation_m6a/data/ds004703/v1.1.0/stimuli/excerpts/Block 3/s3201a-ex01_normed.wav,1105,True,1219.94953221,2.2737367544323206e-13,77.08981859410432,0.9081175941043398,True,,UNKNOWN,UNASSIGNED_S01_REVIEW_REQUIRED
ds004703,sub-SD012,ses-02,sub-SD012_ses-02_task-PassiveListen,28,s3703b-ex01,Block 3,/home/fanyu/auditory_simulation_m6a/data/ds004703/v1.1.0/stimuli/excerpts/Block 3/s3703b-ex01_normed.wav,408,True,1314.67540414,2.2737367544323206e-13,35.371746031746035,0.9439180317460227,True,,UNKNOWN,UNASSIGNED_S01_REVIEW_REQUIRED
ds004703,sub-SD012,ses-02,sub-SD012_ses-02_task-PassiveListen,29,s1401a-ex02,Block 3,/home/fanyu/auditory_simulation_m6a/data/ds004703/v1.1.0/stimuli/excerpts/Block 3/s1401a-ex02_normed.wav,434,True,1365.15557882,2.2737367544323206e-13,36.582426303854874,0.3221763038548602,True,,UNKNOWN,UNASSIGNED_S01_REVIEW_REQUIRED
ds004703,sub-SD012,ses-02,sub-SD012_ses-02_task-PassiveListen,30,s3903b-ex02,Block 3,/home/fanyu/auditory_simulation_m6a/data/ds004703/v1.1.0/stimuli/excerpts/Block 3/s3903b-ex02_normed.wav,325,True,1421.7627924,2.2737367544323206e-13,32.93675736961451,0.28081636961452006,True,,UNKNOWN,UNASSIGNED_S01_REVIEW_REQUIRED
ds004703,sub-SD012,ses-02,sub-SD012_ses-02_task-PassiveListen,31,pleasePressSpace,NOT_APPLICABLE,/home/fanyu/auditory_simulation_m6a/data/ds004703/v1.1.0/stimuli/pleasePressSpace_normed.wav,31,True,1472.7435947000013,9.322320693172514e-12,3.44312925170068,0.520682459428583,False,CONTROL_NOT_PASSAGE,UNKNOWN,UNASSIGNED_S01_REVIEW_REQUIRED
ds004703,sub-SD012,ses-02,sub-SD012_ses-02_task-PassiveListen,32,catalan-m02,Block 3,/home/fanyu/auditory_simulation_m6a/data/ds004703/v1.1.0/stimuli/excerpts/Block 3/catalan-m02_normed.wav,451,True,1524.75321667,1.0231815394945443e-11,3.44312925170068,-47.25691404060684,False,CATALAN_PLAYED_AUDIO_PROVENANCE_CONFLICT;AUDIO_TEMPLATE_DURATION,UNKNOWN,UNASSIGNED_S01_REVIEW_REQUIRED
ds004703,sub-SD012,ses-02,sub-SD012_ses-02_task-PassiveListen,33,pleasePressSpace,NOT_APPLICABLE,/home/fanyu/auditory_simulation_m6a/data/ds004703/v1.1.0/stimuli/pleasePressSpace_normed.wav,31,True,1548.8909416600013,9.322320693172514e-12,3.44312925170068,0.520682459428583,False,CONTROL_NOT_PASSAGE,UNKNOWN,UNASSIGNED_S01_REVIEW_REQUIRED
ds004703,sub-SD012,ses-02,sub-SD012_ses-02_task-PassiveListen,34,catalan-f02,Block 4,/home/fanyu/auditory_simulation_m6a/data/ds004703/v1.1.0/stimuli/excerpts/Block 4/catalan-f02_normed.wav,437,True,1592.9007238300007,1.0231815394945443e-11,3.44312925170068,-39.73895634758179,False,CATALAN_PLAYED_AUDIO_PROVENANCE_CONFLICT;AUDIO_TEMPLATE_DURATION,UNKNOWN,UNASSIGNED_S01_REVIEW_REQUIRED
ds004703,sub-SD012,ses-02,sub-SD012_ses-02_task-PassiveListen,35,s3902a-ex01,Block 4,/home/fanyu/auditory_simulation_m6a/data/ds004703/v1.1.0/stimuli/excerpts/Block 4/s3902a-ex01_normed.wav,312,True,1606.9631847800001,2.2737367544323206e-13,31.55362811791383,0.3343071179138697,True,,UNKNOWN,UNASSIGNED_S01_REVIEW_REQUIRED
ds004703,sub-SD012,ses-02,sub-SD012_ses-02_task-PassiveListen,36,s2102a-ex03,Block 4,/home/fanyu/auditory_simulation_m6a/data/ds004703/v1.1.0/stimuli/excerpts/Block 4/s2102a-ex03_normed.wav,346,True,1651.70496168,4.547473508864641e-13,45.27312925170068,0.9800462517006494,True,,UNKNOWN,UNASSIGNED_S01_REVIEW_REQUIRED
ds004703,sub-SD012,ses-02,sub-SD012_ses-02_task-PassiveListen,37,s1604a-ex01,Block 4,/home/fanyu/auditory_simulation_m6a/data/ds004703/v1.1.0/stimuli/excerpts/Block 4/s1604a-ex01_normed.wav,539,True,1703.35101982,2.2737367544323206e-13,46.363628117913834,0.047940117913832125,True,,UNKNOWN,UNASSIGNED_S01_REVIEW_REQUIRED
ds004703,sub-SD012,ses-02,sub-SD012_ses-02_task-PassiveListen,38,s0202b-ex01,Block 4,/home/fanyu/auditory_simulation_m6a/data/ds004703/v1.1.0/stimuli/excerpts/Block 4/s0202b-ex01_normed.wav,671,True,1760.5041715,2.2737367544323206e-13,56.91793650793651,0.2629365079365158,True,,UNKNOWN,UNASSIGNED_S01_REVIEW_REQUIRED
ds004703,sub-SD012,ses-02,sub-SD012_ses-02_task-PassiveListen,39,s3102b-ex01,Block 4,/home/fanyu/auditory_simulation_m6a/data/ds004703/v1.1.0/stimuli/excerpts/Block 4/s3102b-ex01_normed.wav,159,True,1828.76835415,2.2737367544323206e-13,20.8018820861678,0.9805520861678012,True,,UNKNOWN,UNASSIGNED_S01_REVIEW_REQUIRED
ds004703,sub-SD012,ses-02,sub-SD012_ses-02_task-PassiveListen,40,s2801a-ex01,Block 4,/home/fanyu/auditory_simulation_m6a/data/ds004703/v1.1.0/stimuli/excerpts/Block 4/s2801a-ex01_normed.wav,743,True,1858.33054876,2.2737367544323206e-13,60.9278231292517,0.5329001292516864,True,,UNKNOWN,UNASSIGNED_S01_REVIEW_REQUIRED
ds004703,sub-SD012,ses-02,sub-SD012_ses-02_task-PassiveListen,41,s3802a-ex01,Block 4,/home/fanyu/auditory_simulation_m6a/data/ds004703/v1.1.0/stimuli/excerpts/Block 4/s3802a-ex01_normed.wav,362,True,1928.51665751,2.2737367544323206e-13,34.67619047619048,0.7401804761904316,True,,UNKNOWN,UNASSIGNED_S01_REVIEW_REQUIRED
ds004703,sub-SD012,ses-02,sub-SD012_ses-02_task-PassiveListen,42,s0702a-ex01,Block 4,/home/fanyu/auditory_simulation_m6a/data/ds004703/v1.1.0/stimuli/excerpts/Block 4/s0702a-ex01_normed.wav,370,True,1975.49126138,2.2737367544323206e-13,30.462244897959184,2.1873908979591796,True,,UNKNOWN,UNASSIGNED_S01_REVIEW_REQUIRED
ds004703,sub-SD012,ses-02,sub-SD012_ses-02_task-PassiveListen,43,s1401b-ex01,Block 5,/home/fanyu/auditory_simulation_m6a/data/ds004703/v1.1.0/stimuli/excerpts/Block 5/s1401b-ex01_normed.wav,664,True,2029.77595648,4.547473508864641e-13,54.43687074829932,0.35779874829931657,True,,UNKNOWN,UNASSIGNED_S01_REVIEW_REQUIRED
ds004703,sub-SD012,ses-02,sub-SD012_ses-02_task-PassiveListen,44,s0802b-ex01,Block 5,/home/fanyu/auditory_simulation_m6a/data/ds004703/v1.1.0/stimuli/excerpts/Block 5/s0802b-ex01_normed.wav,328,True,2091.6347221,4.547473508864641e-13,29.993242630385488,0.7251516303854757,True,,UNKNOWN,UNASSIGNED_S01_REVIEW_REQUIRED
ds004703,sub-SD012,ses-02,sub-SD012_ses-02_task-PassiveListen,45,s1703b-ex01,Block 5,/home/fanyu/auditory_simulation_m6a/data/ds004703/v1.1.0/stimuli/excerpts/Block 5/s1703b-ex01_normed.wav,431,True,2133.25591017,4.547473508864641e-13,53.5008843537415,0.33788435374150794,True,,UNKNOWN,UNASSIGNED_S01_REVIEW_REQUIRED
ds004703,sub-SD012,ses-02,sub-SD012_ses-02_task-PassiveListen,46,s0203b-ex01,Block 5,/home/fanyu/auditory_simulation_m6a/data/ds004703/v1.1.0/stimuli/excerpts/Block 5/s0203b-ex01_normed.wav,505,True,2195.59221075,4.547473508864641e-13,42.95142857142857,1.0583105714285495,True,,UNKNOWN,UNASSIGNED_S01_REVIEW_REQUIRED
ds004703,sub-SD012,ses-02,sub-SD012_ses-02_task-PassiveListen,47,s1202b-ex01,Block 5,/home/fanyu/auditory_simulation_m6a/data/ds004703/v1.1.0/stimuli/excerpts/Block 5/s1202b-ex01_normed.wav,417,True,2249.15491276,4.547473508864641e-13,34.4781179138322,0.16977691383220161,True,,UNKNOWN,UNASSIGNED_S01_REVIEW_REQUIRED
ds004703,sub-SD012,ses-02,sub-SD012_ses-02_task-PassiveListen,48,s1503a-ex01,Block 5,/home/fanyu/auditory_simulation_m6a/data/ds004703/v1.1.0/stimuli/excerpts/Block 5/s1503a-ex01_normed.wav,430,True,2300.12855931,4.547473508864641e-13,16.85562358276644,0.40436658276643556,True,,UNKNOWN,UNASSIGNED_S01_REVIEW_REQUIRED
ds004703,sub-SD012,ses-02,sub-SD012_ses-02_task-PassiveListen,49,pleasePressSpace,NOT_APPLICABLE,/home/fanyu/auditory_simulation_m6a/data/ds004703/v1.1.0/stimuli/pleasePressSpace_normed.wav,31,True,2325.4792135300013,9.549694368615746e-12,3.44312925170068,0.520682459428583,False,CONTROL_NOT_PASSAGE,UNKNOWN,UNASSIGNED_S01_REVIEW_REQUIRED
ds004703,sub-SD012,ses-02,sub-SD012_ses-02_task-PassiveListen,50,catalan-m03,Block 5,/home/fanyu/auditory_simulation_m6a/data/ds004703/v1.1.0/stimuli/excerpts/Block 5/catalan-m03_normed.wav,488,True,2376.4885197199997,1.000444171950221e-11,3.44312925170068,-46.8372365903996,False,CATALAN_PLAYED_AUDIO_PROVENANCE_CONFLICT;AUDIO_TEMPLATE_DURATION,UNKNOWN,UNASSIGNED_S01_REVIEW_REQUIRED
ds004703,sub-SD012,ses-02,sub-SD012_ses-02_task-PassiveListen,51,s1103a-ex01,Block 5,/home/fanyu/auditory_simulation_m6a/data/ds004703/v1.1.0/stimuli/excerpts/Block 5/s1103a-ex01_normed.wav,443,True,2388.45704755,4.547473508864641e-13,54.69269841269841,0.4898664126984329,True,,UNKNOWN,UNASSIGNED_S01_REVIEW_REQUIRED
ds004703,sub-SD012,ses-02,sub-SD012_ses-02_task-PassiveListen,52,s3003a-ex01,Block 5,/home/fanyu/auditory_simulation_m6a/data/ds004703/v1.1.0/stimuli/excerpts/Block 5/s3003a-ex01_normed.wav,371,True,2450.98091087,4.547473508864641e-13,33.54437641723356,0.4453074172335434,True,,UNKNOWN,UNASSIGNED_S01_REVIEW_REQUIRED
ds004703,sub-SD013,ses-01,sub-SD013_ses-01_task-PassiveListen,0,welcome,NOT_APPLICABLE,/home/fanyu/auditory_simulation_m6a/data/ds004703/v1.1.0/stimuli/welcome_normed.wav,20,True,259.7209999999999,9.094947017729282e-13,1.9793197278911565,0.21420958380994382,False,CONTROL_NOT_PASSAGE,UNKNOWN,UNASSIGNED_S01_REVIEW_REQUIRED
ds004703,sub-SD013,ses-01,sub-SD013_ses-01_task-PassiveListen,1,instructions1,NOT_APPLICABLE,/home/fanyu/auditory_simulation_m6a/data/ds004703/v1.1.0/stimuli/instructions1_normed.wav,377,True,268.6379999999999,1.0231815394945443e-12,35.22081632653061,0.23920634694577103,False,CONTROL_NOT_PASSAGE,UNKNOWN,UNASSIGNED_S01_REVIEW_REQUIRED
ds004703,sub-SD013,ses-01,sub-SD013_ses-01_task-PassiveListen,2,instructions3,NOT_APPLICABLE,/home/fanyu/auditory_simulation_m6a/data/ds004703/v1.1.0/stimuli/instructions3_normed.wav,70,True,329.944,9.663381206337363e-13,6.248140589569161,0.3916587466441728,False,CONTROL_NOT_PASSAGE,UNKNOWN,UNASSIGNED_S01_REVIEW_REQUIRED
ds004703,sub-SD013,ses-01,sub-SD013_ses-01_task-PassiveListen,3,s2102a-ex01,Block 1,/home/fanyu/auditory_simulation_m6a/data/ds004703/v1.1.0/stimuli/excerpts/Block 1/s2102a-ex01_normed.wav,295,True,337.56199999999995,5.684341886080802e-14,28.18857142857143,1.2097834285714164,True,,UNKNOWN,UNASSIGNED_S01_REVIEW_REQUIRED
ds004703,sub-SD013,ses-01,sub-SD013_ses-01_task-PassiveListen,4,s3001b-ex01,Block 1,/home/fanyu/auditory_simulation_m6a/data/ds004703/v1.1.0/stimuli/excerpts/Block 1/s3001b-ex01_normed.wav,485,True,394.495,1.1368683772161603e-13,49.18281179138322,0.34246479138322883,True,,UNKNOWN,UNASSIGNED_S01_REVIEW_REQUIRED
ds004703,sub-SD013,ses-01,sub-SD013_ses-01_task-PassiveListen,5,s4002b-ex01,Block 1,/home/fanyu/auditory_simulation_m6a/data/ds004703/v1.1.0/stimuli/excerpts/Block 1/s4002b-ex01_normed.wav,390,True,464.155,5.684341886080802e-14,34.63149659863946,0.5188495986394628,True,,UNKNOWN,UNASSIGNED_S01_REVIEW_REQUIRED
ds004703,sub-SD013,ses-01,sub-SD013_ses-01_task-PassiveListen,6,s1303a-ex01,Block 1,/home/fanyu/auditory_simulation_m6a/data/ds004703/v1.1.0/stimuli/excerpts/Block 1/s1303a-ex01_normed.wav,311,True,510.88100000000003,1.7053025658242404e-13,34.2159410430839,0.5734330430839307,True,,UNKNOWN,UNASSIGNED_S01_REVIEW_REQUIRED
ds004703,sub-SD013,ses-01,sub-SD013_ses-01_task-PassiveListen,7,s1401a-ex01,Block 1,/home/fanyu/auditory_simulation_m6a/data/ds004703/v1.1.0/stimuli/excerpts/Block 1/s1401a-ex01_normed.wav,415,True,583.139,2.2737367544323206e-13,35.284126984126985,0.41837598412700316,True,,UNKNOWN,UNASSIGNED_S01_REVIEW_REQUIRED
ds004703,sub-SD013,ses-01,sub-SD013_ses-01_task-PassiveListen,8,s3602b-ex01,Block 1,/home/fanyu/auditory_simulation_m6a/data/ds004703/v1.1.0/stimuli/excerpts/Block 1/s3602b-ex01_normed.wav,318,True,628.184,1.1368683772161603e-13,35.60836734693878,0.602507346938701,True,,UNKNOWN,UNASSIGNED_S01_REVIEW_REQUIRED
ds004703,sub-SD013,ses-01,sub-SD013_ses-01_task-PassiveListen,9,s2301a-ex01,Block 1,/home/fanyu/auditory_simulation_m6a/data/ds004703/v1.1.0/stimuli/excerpts/Block 1/s2301a-ex01_normed.wav,206,True,675.08,1.1368683772161603e-13,22.537301587301588,0.24223958730159012,True,,UNKNOWN,UNASSIGNED_S01_REVIEW_REQUIRED
ds004703,sub-SD013,ses-01,sub-SD013_ses-01_task-PassiveListen,10,s1901b-ex01,Block 1,/home/fanyu/auditory_simulation_m6a/data/ds004703/v1.1.0/stimuli/excerpts/Block 1/s1901b-ex01_normed.wav,406,True,707.033,1.1368683772161603e-13,37.38761904761905,0.442163047619033,True,,UNKNOWN,UNASSIGNED_S01_REVIEW_REQUIRED
ds004703,sub-SD013,ses-01,sub-SD013_ses-01_task-PassiveListen,11,catalan-m01,Block 1,/home/fanyu/auditory_simulation_m6a/data/ds004703/v1.1.0/stimuli/excerpts/Block 1/catalan-m01_normed.wav,468,True,755.056,1.0231815394945443e-12,3.44312925170068,-43.204500066898774,False,CATALAN_PLAYED_AUDIO_PROVENANCE_CONFLICT;AUDIO_TEMPLATE_DURATION,UNKNOWN,UNASSIGNED_S01_REVIEW_REQUIRED
ds004703,sub-SD013,ses-01,sub-SD013_ses-01_task-PassiveListen,12,s1201a-ex01,Block 2,/home/fanyu/auditory_simulation_m6a/data/ds004703/v1.1.0/stimuli/excerpts/Block 2/s1201a-ex01_normed.wav,437,True,930.04,1.1368683772161603e-13,34.556938775510204,0.8936967755101435,True,,UNKNOWN,UNASSIGNED_S01_REVIEW_REQUIRED
ds004703,sub-SD013,ses-01,sub-SD013_ses-01_task-PassiveListen,13,s0703b-ex01,Block 2,/home/fanyu/auditory_simulation_m6a/data/ds004703/v1.1.0/stimuli/excerpts/Block 2/s0703b-ex01_normed.wav,419,True,973.599,1.1368683772161603e-13,39.03469387755102,0.42340887755101875,True,,UNKNOWN,UNASSIGNED_S01_REVIEW_REQUIRED
ds004703,sub-SD013,ses-01,sub-SD013_ses-01_task-PassiveListen,14,s4003b-ex01,Block 2,/home/fanyu/auditory_simulation_m6a/data/ds004703/v1.1.0/stimuli/excerpts/Block 2/s4003b-ex01_normed.wav,305,True,1022.548,2.2737367544323206e-13,25.393945578231293,0.37263357823129084,True,,UNKNOWN,UNASSIGNED_S01_REVIEW_REQUIRED
ds004703,sub-SD013,ses-01,sub-SD013_ses-01_task-PassiveListen,15,catalan-f01,Block 2,/home/fanyu/auditory_simulation_m6a/data/ds004703/v1.1.0/stimuli/excerpts/Block 2/catalan-f01_normed.wav,428,True,1057.7529999999997,1.000444171950221e-11,3.44312925170068,-43.07952875085857,False,CATALAN_PLAYED_AUDIO_PROVENANCE_CONFLICT;AUDIO_TEMPLATE_DURATION,UNKNOWN,UNASSIGNED_S01_REVIEW_REQUIRED
ds004703,sub-SD013,ses-01,sub-SD013_ses-01_task-PassiveListen,16,s2102a-ex02,Block 2,/home/fanyu/auditory_simulation_m6a/data/ds004703/v1.1.0/stimuli/excerpts/Block 2/s2102a-ex02_normed.wav,373,True,1116.353,4.547473508864641e-13,36.367437641723356,0.42374164172333195,True,,UNKNOWN,UNASSIGNED_S01_REVIEW_REQUIRED
ds004703,sub-SD013,ses-01,sub-SD013_ses-01_task-PassiveListen,17,s3301a-ex01,Block 2,/home/fanyu/auditory_simulation_m6a/data/ds004703/v1.1.0/stimuli/excerpts/Block 2/s3301a-ex01_normed.wav,255,True,1168.365,2.2737367544323206e-13,25.584126984126986,0.6466629841270333,True,,UNKNOWN,UNASSIGNED_S01_REVIEW_REQUIRED
ds004703,sub-SD013,ses-01,sub-SD013_ses-01_task-PassiveListen,18,s2202b-ex02,Block 2,/home/fanyu/auditory_simulation_m6a/data/ds004703/v1.1.0/stimuli/excerpts/Block 2/s2202b-ex02_normed.wav,444,True,1203.2930000000001,2.2737367544323206e-13,54.52736961451247,0.4984836145125513,True,,UNKNOWN,UNASSIGNED_S01_REVIEW_REQUIRED
ds004703,sub-SD013,ses-01,sub-SD013_ses-01_task-PassiveListen,19,s3602b-ex02,Block 2,/home/fanyu/auditory_simulation_m6a/data/ds004703/v1.1.0/stimuli/excerpts/Block 2/s3602b-ex02_normed.wav,288,True,1269.981,4.547473508864641e-13,32.8990022675737,0.664101267573713,True,,UNKNOWN,UNASSIGNED_S01_REVIEW_REQUIRED
ds004703,sub-SD013,ses-01,sub-SD013_ses-01_task-PassiveListen,20,s3903b-ex01,Block 2,/home/fanyu/auditory_simulation_m6a/data/ds004703/v1.1.0/stimuli/excerpts/Block 2/s3903b-ex01_normed.wav,301,True,1310.564,2.2737367544323206e-13,26.25294784580499,0.42762184580498186,True,,UNKNOWN,UNASSIGNED_S01_REVIEW_REQUIRED
ds004703,sub-SD015,ses-01,sub-SD015_ses-01_task-PassiveListen,0,welcome,NOT_APPLICABLE,/home/fanyu/auditory_simulation_m6a/data/ds004703/v1.1.0/stimuli/welcome_normed.wav,20,True,109.01219039499988,9.094947017729282e-13,1.9793197278911565,0.21420958380994382,False,CONTROL_NOT_PASSAGE,UNKNOWN,UNASSIGNED_S01_REVIEW_REQUIRED
ds004703,sub-SD015,ses-01,sub-SD015_ses-01_task-PassiveListen,1,instructions1,NOT_APPLICABLE,/home/fanyu/auditory_simulation_m6a/data/ds004703/v1.1.0/stimuli/instructions1_normed.wav,377,True,118.21048807299995,1.0089706847793423e-12,35.22081632653061,0.23920634694577103,False,CONTROL_NOT_PASSAGE,UNKNOWN,UNASSIGNED_S01_REVIEW_REQUIRED
ds004703,sub-SD015,ses-01,sub-SD015_ses-01_task-PassiveListen,2,pleasePressSpace,NOT_APPLICABLE,/home/fanyu/auditory_simulation_m6a/data/ds004703/v1.1.0/stimuli/pleasePressSpace_normed.wav,31,True,175.150396838,9.379164112033322e-13,3.44312925170068,0.520682459428583,False,CONTROL_NOT_PASSAGE,UNKNOWN,UNASSIGNED_S01_REVIEW_REQUIRED
ds004703,sub-SD015,ses-01,sub-SD015_ses-01_task-PassiveListen,3,instructions3,NOT_APPLICABLE,/home/fanyu/auditory_simulation_m6a/data/ds004703/v1.1.0/stimuli/instructions3_normed.wav,70,True,217.61827818400002,9.379164112033322e-13,6.248140589569161,0.3916587466441728,False,CONTROL_NOT_PASSAGE,UNKNOWN,UNASSIGNED_S01_REVIEW_REQUIRED
ds004703,sub-SD015,ses-01,sub-SD015_ses-01_task-PassiveListen,4,s1401a-ex01,Block 1,/home/fanyu/auditory_simulation_m6a/data/ds004703/v1.1.0/stimuli/excerpts/Block 1/s1401a-ex01_normed.wav,415,True,344.32028952,5.684341886080802e-14,35.284126984126985,0.41837598412700316,True,,UNKNOWN,UNASSIGNED_S01_REVIEW_REQUIRED
ds004703,sub-SD015,ses-01,sub-SD015_ses-01_task-PassiveListen,5,s3001b-ex01,Block 1,/home/fanyu/auditory_simulation_m6a/data/ds004703/v1.1.0/stimuli/excerpts/Block 1/s3001b-ex01_normed.wav,485,True,420.2851334865,1.1368683772161603e-13,49.18281179138322,0.34246479138322883,True,,UNKNOWN,UNASSIGNED_S01_REVIEW_REQUIRED
ds004703,sub-SD015,ses-01,sub-SD015_ses-01_task-PassiveListen,6,s4002b-ex01,Block 1,/home/fanyu/auditory_simulation_m6a/data/ds004703/v1.1.0/stimuli/excerpts/Block 1/s4002b-ex01_normed.wav,390,True,485.67504601999997,1.7053025658242404e-13,34.63149659863946,0.5188495986394628,True,,UNKNOWN,UNASSIGNED_S01_REVIEW_REQUIRED
ds004703,sub-SD015,ses-01,sub-SD015_ses-01_task-PassiveListen,7,s2102a-ex01,Block 1,/home/fanyu/auditory_simulation_m6a/data/ds004703/v1.1.0/stimuli/excerpts/Block 1/s2102a-ex01_normed.wav,295,True,540.409577511,1.1368683772161603e-13,28.18857142857143,1.2097834285714164,True,,UNKNOWN,UNASSIGNED_S01_REVIEW_REQUIRED
ds004703,sub-SD015,ses-01,sub-SD015_ses-01_task-PassiveListen,8,pleasePressSpace,NOT_APPLICABLE,/home/fanyu/auditory_simulation_m6a/data/ds004703/v1.1.0/stimuli/pleasePressSpace_normed.wav,31,True,601.924899305,1.0231815394945443e-12,3.44312925170068,0.520682459428583,False,CONTROL_NOT_PASSAGE,UNKNOWN,UNASSIGNED_S01_REVIEW_REQUIRED
ds004703,sub-SD015,ses-01,sub-SD015_ses-01_task-PassiveListen,9,catalan-m01,Block 1,/home/fanyu/auditory_simulation_m6a/data/ds004703/v1.1.0/stimuli/excerpts/Block 1/catalan-m01_normed.wav,468,True,605.942147358,1.0231815394945443e-12,3.44312925170068,-43.204500066898774,False,CATALAN_PLAYED_AUDIO_PROVENANCE_CONFLICT;AUDIO_TEMPLATE_DURATION,UNKNOWN,UNASSIGNED_S01_REVIEW_REQUIRED
ds004703,sub-SD015,ses-01,sub-SD015_ses-01_task-PassiveListen,10,s2301a-ex01,Block 1,/home/fanyu/auditory_simulation_m6a/data/ds004703/v1.1.0/stimuli/excerpts/Block 1/s2301a-ex01_normed.wav,206,True,634.85553638,1.1368683772161603e-13,22.537301587301588,0.24223958730159012,True,,UNKNOWN,UNASSIGNED_S01_REVIEW_REQUIRED
ds004703,sub-SD017,ses-01,sub-SD017_ses-01_task-PassiveListen,0,welcome,NOT_APPLICABLE,/home/fanyu/auditory_simulation_m6a/data/ds004703/v1.1.0/stimuli/welcome_normed.wav,20,True,17.67527870049999,9.237055564881302e-14,1.9793197278911565,0.21420958380994382,False,CONTROL_NOT_PASSAGE,UNKNOWN,UNASSIGNED_S01_REVIEW_REQUIRED
ds004703,sub-SD017,ses-01,sub-SD017_ses-01_task-PassiveListen,1,instructions1,NOT_APPLICABLE,/home/fanyu/auditory_simulation_m6a/data/ds004703/v1.1.0/stimuli/instructions1_normed.wav,377,True,21.3375371545,1.0658141036401503e-13,35.22081632653061,0.23920634694577103,False,CONTROL_NOT_PASSAGE,UNKNOWN,UNASSIGNED_S01_REVIEW_REQUIRED
ds004703,sub-SD017,ses-01,sub-SD017_ses-01_task-PassiveListen,2,pleasePressSpace,NOT_APPLICABLE,/home/fanyu/auditory_simulation_m6a/data/ds004703/v1.1.0/stimuli/pleasePressSpace_normed.wav,31,True,73.55733359089999,9.947598300641403e-14,3.44312925170068,0.520682459428583,False,CONTROL_NOT_PASSAGE,UNKNOWN,UNASSIGNED_S01_REVIEW_REQUIRED
ds004703,sub-SD017,ses-01,sub-SD017_ses-01_task-PassiveListen,3,instructions3,NOT_APPLICABLE,/home/fanyu/auditory_simulation_m6a/data/ds004703/v1.1.0/stimuli/instructions3_normed.wav,70,True,79.7688460416,1.1368683772161603e-13,6.248140589569161,0.3916587466441728,False,CONTROL_NOT_PASSAGE,UNKNOWN,UNASSIGNED_S01_REVIEW_REQUIRED
ds004703,sub-SD017,ses-01,sub-SD017_ses-01_task-PassiveListen,4,s2102a-ex01,Block 1,/home/fanyu/auditory_simulation_m6a/data/ds004703/v1.1.0/stimuli/excerpts/Block 1/s2102a-ex01_normed.wav,295,True,87.42611121249999,5.684341886080802e-14,28.18857142857143,1.2097834285714164,True,,UNKNOWN,UNASSIGNED_S01_REVIEW_REQUIRED
ds004703,sub-SD017,ses-01,sub-SD017_ses-01_task-PassiveListen,5,s3001b-ex01,Block 1,/home/fanyu/auditory_simulation_m6a/data/ds004703/v1.1.0/stimuli/excerpts/Block 1/s3001b-ex01_normed.wav,485,True,131.516411612,8.526512829121202e-14,49.18281179138322,0.34246479138322883,True,,UNKNOWN,UNASSIGNED_S01_REVIEW_REQUIRED
ds004703,sub-SD017,ses-01,sub-SD017_ses-01_task-PassiveListen,6,s1303a-ex01,Block 1,/home/fanyu/auditory_simulation_m6a/data/ds004703/v1.1.0/stimuli/excerpts/Block 1/s1303a-ex01_normed.wav,311,True,189.84907096400002,8.526512829121202e-14,34.2159410430839,0.5734330430839307,True,,UNKNOWN,UNASSIGNED_S01_REVIEW_REQUIRED
ds004703,sub-SD017,ses-01,sub-SD017_ses-01_task-PassiveListen,7,s3602b-ex01,Block 1,/home/fanyu/auditory_simulation_m6a/data/ds004703/v1.1.0/stimuli/excerpts/Block 1/s3602b-ex01_normed.wav,318,True,234.69818050699993,1.7053025658242404e-13,35.60836734693878,0.602507346938701,True,,UNKNOWN,UNASSIGNED_S01_REVIEW_REQUIRED
ds004703,sub-SD017,ses-01,sub-SD017_ses-01_task-PassiveListen,8,s1401a-ex01,Block 1,/home/fanyu/auditory_simulation_m6a/data/ds004703/v1.1.0/stimuli/excerpts/Block 1/s1401a-ex01_normed.wav,415,True,279.176657321,5.684341886080802e-14,35.284126984126985,0.41837598412700316,True,,UNKNOWN,UNASSIGNED_S01_REVIEW_REQUIRED
ds004703,sub-SD017,ses-01,sub-SD017_ses-01_task-PassiveListen,9,s4002b-ex01,Block 1,/home/fanyu/auditory_simulation_m6a/data/ds004703/v1.1.0/stimuli/excerpts/Block 1/s4002b-ex01_normed.wav,390,True,326.730402053,1.1368683772161603e-13,34.63149659863946,0.5188495986394628,True,,UNKNOWN,UNASSIGNED_S01_REVIEW_REQUIRED
ds004703,sub-SD017,ses-01,sub-SD017_ses-01_task-PassiveListen,10,s1901b-ex01,Block 1,/home/fanyu/auditory_simulation_m6a/data/ds004703/v1.1.0/stimuli/excerpts/Block 1/s1901b-ex01_normed.wav,406,True,371.849001727,5.684341886080802e-14,37.38761904761905,0.442163047619033,True,,UNKNOWN,UNASSIGNED_S01_REVIEW_REQUIRED
ds004703,sub-SD017,ses-01,sub-SD017_ses-01_task-PassiveListen,11,pleasePressSpace,NOT_APPLICABLE,/home/fanyu/auditory_simulation_m6a/data/ds004703/v1.1.0/stimuli/pleasePressSpace_normed.wav,31,True,418.371706807,1.0231815394945443e-12,3.44312925170068,0.520682459428583,False,CONTROL_NOT_PASSAGE,UNKNOWN,UNASSIGNED_S01_REVIEW_REQUIRED
ds004703,sub-SD017,ses-01,sub-SD017_ses-01_task-PassiveListen,12,catalan-m01,Block 1,/home/fanyu/auditory_simulation_m6a/data/ds004703/v1.1.0/stimuli/excerpts/Block 1/catalan-m01_normed.wav,468,True,422.385985082,1.0800249583553523e-12,3.44312925170068,-43.204500066898774,False,CATALAN_PLAYED_AUDIO_PROVENANCE_CONFLICT;AUDIO_TEMPLATE_DURATION,UNKNOWN,UNASSIGNED_S01_REVIEW_REQUIRED
ds004703,sub-SD017,ses-01,sub-SD017_ses-01_task-PassiveListen,13,s2301a-ex01,Block 1,/home/fanyu/auditory_simulation_m6a/data/ds004703/v1.1.0/stimuli/excerpts/Block 1/s2301a-ex01_normed.wav,206,True,472.263704064,5.684341886080802e-14,22.537301587301588,0.24223958730159012,True,,UNKNOWN,UNASSIGNED_S01_REVIEW_REQUIRED
ds004703,sub-SD017,ses-01,sub-SD017_ses-01_task-PassiveListen,14,s3602b-ex02,Block 2,/home/fanyu/auditory_simulation_m6a/data/ds004703/v1.1.0/stimuli/excerpts/Block 2/s3602b-ex02_normed.wav,288,True,523.079466119,1.1368683772161603e-13,32.8990022675737,0.664101267573713,True,,UNKNOWN,UNASSIGNED_S01_REVIEW_REQUIRED
ds004703,sub-SD017,ses-01,sub-SD017_ses-01_task-PassiveListen,15,s3301a-ex01,Block 2,/home/fanyu/auditory_simulation_m6a/data/ds004703/v1.1.0/stimuli/excerpts/Block 2/s3301a-ex01_normed.wav,255,True,562.96776849,1.1368683772161603e-13,25.584126984126986,0.6466629841270333,True,,UNKNOWN,UNASSIGNED_S01_REVIEW_REQUIRED
ds004703,sub-SD017,ses-01,sub-SD017_ses-01_task-PassiveListen,16,pleasePressSpace,NOT_APPLICABLE,/home/fanyu/auditory_simulation_m6a/data/ds004703/v1.1.0/stimuli/pleasePressSpace_normed.wav,31,True,595.396538835,9.094947017729282e-13,3.44312925170068,0.520682459428583,False,CONTROL_NOT_PASSAGE,UNKNOWN,UNASSIGNED_S01_REVIEW_REQUIRED
ds004703,sub-SD017,ses-01,sub-SD017_ses-01_task-PassiveListen,17,catalan-f01,Block 2,/home/fanyu/auditory_simulation_m6a/data/ds004703/v1.1.0/stimuli/excerpts/Block 2/catalan-f01_normed.wav,428,True,599.410633159,1.0231815394945443e-12,3.44312925170068,-43.07952875085857,False,CATALAN_PLAYED_AUDIO_PROVENANCE_CONFLICT;AUDIO_TEMPLATE_DURATION,UNKNOWN,UNASSIGNED_S01_REVIEW_REQUIRED
ds004703,sub-SD017,ses-01,sub-SD017_ses-01_task-PassiveListen,18,s3903b-ex01,Block 2,/home/fanyu/auditory_simulation_m6a/data/ds004703/v1.1.0/stimuli/excerpts/Block 2/s3903b-ex01_normed.wav,301,True,649.447873792,2.2737367544323206e-13,26.25294784580499,0.42762184580498186,True,,UNKNOWN,UNASSIGNED_S01_REVIEW_REQUIRED
ds004703,sub-SD017,ses-01,sub-SD017_ses-01_task-PassiveListen,19,s2102a-ex02,Block 2,/home/fanyu/auditory_simulation_m6a/data/ds004703/v1.1.0/stimuli/excerpts/Block 2/s2102a-ex02_normed.wav,373,True,683.674264408,2.2737367544323206e-13,36.367437641723356,0.42374164172333195,True,,UNKNOWN,UNASSIGNED_S01_REVIEW_REQUIRED
ds004703,sub-SD017,ses-01,sub-SD017_ses-01_task-PassiveListen,20,s0703b-ex01,Block 2,/home/fanyu/auditory_simulation_m6a/data/ds004703/v1.1.0/stimuli/excerpts/Block 2/s0703b-ex01_normed.wav,419,True,726.763760527,1.1368683772161603e-13,39.03469387755102,0.42340887755101875,True,,UNKNOWN,UNASSIGNED_S01_REVIEW_REQUIRED
ds004703,sub-SD017,ses-01,sub-SD017_ses-01_task-PassiveListen,21,s4003b-ex01,Block 2,/home/fanyu/auditory_simulation_m6a/data/ds004703/v1.1.0/stimuli/excerpts/Block 2/s4003b-ex01_normed.wav,305,True,773.224537041,1.1368683772161603e-13,25.393945578231293,0.37263357823129084,True,,UNKNOWN,UNASSIGNED_S01_REVIEW_REQUIRED
ds004703,sub-SD017,ses-01,sub-SD017_ses-01_task-PassiveListen,22,s2202b-ex02,Block 2,/home/fanyu/auditory_simulation_m6a/data/ds004703/v1.1.0/stimuli/excerpts/Block 2/s2202b-ex02_normed.wav,444,True,807.4844971640001,1.1368683772161603e-13,54.52736961451247,0.4984836145125513,True,,UNKNOWN,UNASSIGNED_S01_REVIEW_REQUIRED
ds004703,sub-SD017,ses-01,sub-SD017_ses-01_task-PassiveListen,23,s1201a-ex01,Block 2,/home/fanyu/auditory_simulation_m6a/data/ds004703/v1.1.0/stimuli/excerpts/Block 2/s1201a-ex01_normed.wav,437,True,872.009885137,1.1368683772161603e-13,34.556938775510204,0.8936967755101435,True,,UNKNOWN,UNASSIGNED_S01_REVIEW_REQUIRED
ds004703,sub-SD018,ses-01,sub-SD018_ses-01_task-PassiveListen,0,welcome,NOT_APPLICABLE,/home/fanyu/auditory_simulation_m6a/data/ds004703/v1.1.0/stimuli/welcome_normed.wav,20,True,63.5189586785,8.526512829121202e-14,1.9793197278911565,0.21420958380994382,False,CONTROL_NOT_PASSAGE,UNKNOWN,UNASSIGNED_S01_REVIEW_REQUIRED
ds004703,sub-SD018,ses-01,sub-SD018_ses-01_task-PassiveListen,1,instructions1,NOT_APPLICABLE,/home/fanyu/auditory_simulation_m6a/data/ds004703/v1.1.0/stimuli/instructions1_normed.wav,377,True,67.8529590081,8.952838470577262e-13,35.22081632653061,0.23920634694577103,False,CONTROL_NOT_PASSAGE,UNKNOWN,UNASSIGNED_S01_REVIEW_REQUIRED
ds004703,sub-SD018,ses-01,sub-SD018_ses-01_task-PassiveListen,2,pleasePressSpace,NOT_APPLICABLE,/home/fanyu/auditory_simulation_m6a/data/ds004703/v1.1.0/stimuli/pleasePressSpace_normed.wav,31,True,120.08729798800002,9.379164112033322e-13,3.44312925170068,0.520682459428583,False,CONTROL_NOT_PASSAGE,UNKNOWN,UNASSIGNED_S01_REVIEW_REQUIRED
ds004703,sub-SD018,ses-01,sub-SD018_ses-01_task-PassiveListen,3,instructions3,NOT_APPLICABLE,/home/fanyu/auditory_simulation_m6a/data/ds004703/v1.1.0/stimuli/instructions3_normed.wav,70,True,124.55639418400003,9.237055564881302e-13,6.248140589569161,0.3916587466441728,False,CONTROL_NOT_PASSAGE,UNKNOWN,UNASSIGNED_S01_REVIEW_REQUIRED
ds004703,sub-SD018,ses-01,sub-SD018_ses-01_task-PassiveListen,4,s2301a-ex01,Block 1,/home/fanyu/auditory_simulation_m6a/data/ds004703/v1.1.0/stimuli/excerpts/Block 1/s2301a-ex01_normed.wav,206,True,132.756749569,2.842170943040401e-14,22.537301587301588,0.24223958730159012,True,,UNKNOWN,UNASSIGNED_S01_REVIEW_REQUIRED
ds004703,sub-SD018,ses-01,sub-SD018_ses-01_task-PassiveListen,5,s2102a-ex01,Block 1,/home/fanyu/auditory_simulation_m6a/data/ds004703/v1.1.0/stimuli/excerpts/Block 1/s2102a-ex01_normed.wav,295,True,178.12262800899998,5.684341886080802e-14,28.18857142857143,1.2097834285714164,True,,UNKNOWN,UNASSIGNED_S01_REVIEW_REQUIRED
ds004703,sub-SD018,ses-01,sub-SD018_ses-01_task-PassiveListen,6,s3602b-ex01,Block 1,/home/fanyu/auditory_simulation_m6a/data/ds004703/v1.1.0/stimuli/excerpts/Block 1/s3602b-ex01_normed.wav,318,True,217.81962971999994,1.9895196601282805e-13,35.60836734693878,0.602507346938701,True,,UNKNOWN,UNASSIGNED_S01_REVIEW_REQUIRED
ds004703,sub-SD018,ses-01,sub-SD018_ses-01_task-PassiveListen,7,s3001b-ex01,Block 1,/home/fanyu/auditory_simulation_m6a/data/ds004703/v1.1.0/stimuli/excerpts/Block 1/s3001b-ex01_normed.wav,485,True,266.22358341,1.1368683772161603e-13,49.18281179138322,0.34246479138322883,True,,UNKNOWN,UNASSIGNED_S01_REVIEW_REQUIRED
ds004703,sub-SD018,ses-01,sub-SD018_ses-01_task-PassiveListen,8,s4002b-ex01,Block 1,/home/fanyu/auditory_simulation_m6a/data/ds004703/v1.1.0/stimuli/excerpts/Block 1/s4002b-ex01_normed.wav,390,True,327.708443524,5.684341886080802e-14,34.63149659863946,0.5188495986394628,True,,UNKNOWN,UNASSIGNED_S01_REVIEW_REQUIRED
ds004703,sub-SD018,ses-01,sub-SD018_ses-01_task-PassiveListen,9,pleasePressSpace,NOT_APPLICABLE,/home/fanyu/auditory_simulation_m6a/data/ds004703/v1.1.0/stimuli/pleasePressSpace_normed.wav,31,True,372.887450515,9.663381206337363e-13,3.44312925170068,0.520682459428583,False,CONTROL_NOT_PASSAGE,UNKNOWN,UNASSIGNED_S01_REVIEW_REQUIRED
ds004703,sub-SD018,ses-01,sub-SD018_ses-01_task-PassiveListen,10,catalan-m01,Block 1,/home/fanyu/auditory_simulation_m6a/data/ds004703/v1.1.0/stimuli/excerpts/Block 1/catalan-m01_normed.wav,468,True,376.90233861699994,1.0800249583553523e-12,3.44312925170068,-43.204500066898774,False,CATALAN_PLAYED_AUDIO_PROVENANCE_CONFLICT;AUDIO_TEMPLATE_DURATION,UNKNOWN,UNASSIGNED_S01_REVIEW_REQUIRED
ds004703,sub-SD018,ses-01,sub-SD018_ses-01_task-PassiveListen,11,s1901b-ex01,Block 1,/home/fanyu/auditory_simulation_m6a/data/ds004703/v1.1.0/stimuli/excerpts/Block 1/s1901b-ex01_normed.wav,406,True,432.28335324,1.1368683772161603e-13,37.38761904761905,0.442163047619033,True,,UNKNOWN,UNASSIGNED_S01_REVIEW_REQUIRED
ds004703,sub-SD018,ses-01,sub-SD018_ses-01_task-PassiveListen,12,s1401a-ex01,Block 1,/home/fanyu/auditory_simulation_m6a/data/ds004703/v1.1.0/stimuli/excerpts/Block 1/s1401a-ex01_normed.wav,415,True,760.940380142,1.1368683772161603e-13,35.284126984126985,0.41837598412700316,True,,UNKNOWN,UNASSIGNED_S01_REVIEW_REQUIRED
ds004703,sub-SD018,ses-01,sub-SD018_ses-01_task-PassiveListen,13,s1303a-ex01,Block 1,/home/fanyu/auditory_simulation_m6a/data/ds004703/v1.1.0/stimuli/excerpts/Block 1/s1303a-ex01_normed.wav,311,True,805.4839247689999,1.1368683772161603e-13,34.2159410430839,0.5734330430839307,True,,UNKNOWN,UNASSIGNED_S01_REVIEW_REQUIRED
ds004703,sub-SD018,ses-01,sub-SD018_ses-01_task-PassiveListen,14,pleasePressSpace,NOT_APPLICABLE,/home/fanyu/auditory_simulation_m6a/data/ds004703/v1.1.0/stimuli/pleasePressSpace_normed.wav,31,True,876.1641449489999,9.094947017729282e-13,3.44312925170068,0.520682459428583,False,CONTROL_NOT_PASSAGE,UNKNOWN,UNASSIGNED_S01_REVIEW_REQUIRED
ds004703,sub-SD018,ses-01,sub-SD018_ses-01_task-PassiveListen,15,catalan-f01,Block 2,/home/fanyu/auditory_simulation_m6a/data/ds004703/v1.1.0/stimuli/excerpts/Block 2/catalan-f01_normed.wav,428,True,880.17798989,1.1368683772161603e-12,3.44312925170068,-43.07952875085857,False,CATALAN_PLAYED_AUDIO_PROVENANCE_CONFLICT;AUDIO_TEMPLATE_DURATION,UNKNOWN,UNASSIGNED_S01_REVIEW_REQUIRED
ds004703,sub-SD018,ses-01,sub-SD018_ses-01_task-PassiveListen,16,s3301a-ex01,Block 2,/home/fanyu/auditory_simulation_m6a/data/ds004703/v1.1.0/stimuli/excerpts/Block 2/s3301a-ex01_normed.wav,255,True,959.610231307,2.2737367544323206e-13,25.584126984126986,0.6466629841270333,True,,UNKNOWN,UNASSIGNED_S01_REVIEW_REQUIRED
ds004703,sub-SD018,ses-01,sub-SD018_ses-01_task-PassiveListen,17,s3903b-ex01,Block 2,/home/fanyu/auditory_simulation_m6a/data/ds004703/v1.1.0/stimuli/excerpts/Block 2/s3903b-ex01_normed.wav,301,True,994.106438447,1.1368683772161603e-13,26.25294784580499,0.42762184580498186,True,,UNKNOWN,UNASSIGNED_S01_REVIEW_REQUIRED
ds004703,sub-SD018,ses-01,sub-SD018_ses-01_task-PassiveListen,18,s2202b-ex02,Block 2,/home/fanyu/auditory_simulation_m6a/data/ds004703/v1.1.0/stimuli/excerpts/Block 2/s2202b-ex02_normed.wav,444,True,1029.05550674,4.547473508864641e-13,54.52736961451247,0.4984836145125513,True,,UNKNOWN,UNASSIGNED_S01_REVIEW_REQUIRED
ds004703,sub-SD018,ses-01,sub-SD018_ses-01_task-PassiveListen,19,s4003b-ex01,Block 2,/home/fanyu/auditory_simulation_m6a/data/ds004703/v1.1.0/stimuli/excerpts/Block 2/s4003b-ex01_normed.wav,305,True,1096.76305989,4.547473508864641e-13,25.393945578231293,0.37263357823129084,True,,UNKNOWN,UNASSIGNED_S01_REVIEW_REQUIRED
ds004703,sub-SD018,ses-01,sub-SD018_ses-01_task-PassiveListen,20,s1201a-ex01,Block 2,/home/fanyu/auditory_simulation_m6a/data/ds004703/v1.1.0/stimuli/excerpts/Block 2/s1201a-ex01_normed.wav,437,True,1134.57179837,2.2737367544323206e-13,34.556938775510204,0.8936967755101435,True,,UNKNOWN,UNASSIGNED_S01_REVIEW_REQUIRED
ds004703,sub-SD018,ses-01,sub-SD018_ses-01_task-PassiveListen,21,s3602b-ex02,Block 2,/home/fanyu/auditory_simulation_m6a/data/ds004703/v1.1.0/stimuli/excerpts/Block 2/s3602b-ex02_normed.wav,288,True,1177.18243335,2.2737367544323206e-13,32.8990022675737,0.664101267573713,True,,UNKNOWN,UNASSIGNED_S01_REVIEW_REQUIRED
ds004703,sub-SD018,ses-01,sub-SD018_ses-01_task-PassiveListen,22,s2102a-ex02,Block 2,/home/fanyu/auditory_simulation_m6a/data/ds004703/v1.1.0/stimuli/excerpts/Block 2/s2102a-ex02_normed.wav,373,True,1223.99737332,2.2737367544323206e-13,36.367437641723356,0.42374164172333195,True,,UNKNOWN,UNASSIGNED_S01_REVIEW_REQUIRED
ds004703,sub-SD018,ses-01,sub-SD018_ses-01_task-PassiveListen,23,s0703b-ex01,Block 2,/home/fanyu/auditory_simulation_m6a/data/ds004703/v1.1.0/stimuli/excerpts/Block 2/s0703b-ex01_normed.wav,419,True,1267.85327377,4.547473508864641e-13,39.03469387755102,0.42340887755101875,True,,UNKNOWN,UNASSIGNED_S01_REVIEW_REQUIRED
ds004703,sub-SD019,ses-01,sub-SD019_ses-01_task-PassiveListen,0,welcome,NOT_APPLICABLE,/home/fanyu/auditory_simulation_m6a/data/ds004703/v1.1.0/stimuli/welcome_normed.wav,20,True,11.95887751419999,9.059419880941277e-14,1.9793197278911565,0.21420958380994382,False,CONTROL_NOT_PASSAGE,UNKNOWN,UNASSIGNED_S01_REVIEW_REQUIRED
ds004703,sub-SD019,ses-01,sub-SD019_ses-01_task-PassiveListen,1,instructions1,NOT_APPLICABLE,/home/fanyu/auditory_simulation_m6a/data/ds004703/v1.1.0/stimuli/instructions1_normed.wav,377,True,16.084375238699998,1.1013412404281553e-13,35.22081632653061,0.23920634694577103,False,CONTROL_NOT_PASSAGE,UNKNOWN,UNASSIGNED_S01_REVIEW_REQUIRED
ds004703,sub-SD019,ses-01,sub-SD019_ses-01_task-PassiveListen,2,pleasePressSpace,NOT_APPLICABLE,/home/fanyu/auditory_simulation_m6a/data/ds004703/v1.1.0/stimuli/pleasePressSpace_normed.wav,31,True,68.01515024159998,1.1368683772161603e-13,3.44312925170068,0.520682459428583,False,CONTROL_NOT_PASSAGE,UNKNOWN,UNASSIGNED_S01_REVIEW_REQUIRED
ds004703,sub-SD019,ses-01,sub-SD019_ses-01_task-PassiveListen,3,instructions3,NOT_APPLICABLE,/home/fanyu/auditory_simulation_m6a/data/ds004703/v1.1.0/stimuli/instructions3_normed.wav,70,True,72.6762297899,1.1368683772161603e-13,6.248140589569161,0.3916587466441728,False,CONTROL_NOT_PASSAGE,UNKNOWN,UNASSIGNED_S01_REVIEW_REQUIRED
ds004703,sub-SD019,ses-01,sub-SD019_ses-01_task-PassiveListen,4,s3602b-ex01,Block 1,/home/fanyu/auditory_simulation_m6a/data/ds004703/v1.1.0/stimuli/excerpts/Block 1/s3602b-ex01_normed.wav,318,True,79.95142592239998,1.8474111129762605e-13,35.60836734693878,0.602507346938701,True,,UNKNOWN,UNASSIGNED_S01_REVIEW_REQUIRED
ds004703,sub-SD019,ses-01,sub-SD019_ses-01_task-PassiveListen,5,s1303a-ex01,Block 1,/home/fanyu/auditory_simulation_m6a/data/ds004703/v1.1.0/stimuli/excerpts/Block 1/s1303a-ex01_normed.wav,311,True,124.964789018,9.947598300641403e-14,34.2159410430839,0.5734330430839307,True,,UNKNOWN,UNASSIGNED_S01_REVIEW_REQUIRED
ds004703,sub-SD019,ses-01,sub-SD019_ses-01_task-PassiveListen,6,s1401a-ex01,Block 1,/home/fanyu/auditory_simulation_m6a/data/ds004703/v1.1.0/stimuli/excerpts/Block 1/s1401a-ex01_normed.wav,415,True,169.924127179,5.684341886080802e-14,35.284126984126985,0.41837598412700316,True,,UNKNOWN,UNASSIGNED_S01_REVIEW_REQUIRED
ds004703,sub-SD019,ses-01,sub-SD019_ses-01_task-PassiveListen,7,s2102a-ex01,Block 1,/home/fanyu/auditory_simulation_m6a/data/ds004703/v1.1.0/stimuli/excerpts/Block 1/s2102a-ex01_normed.wav,295,True,213.522689849,5.684341886080802e-14,28.18857142857143,1.2097834285714164,True,,UNKNOWN,UNASSIGNED_S01_REVIEW_REQUIRED
ds004703,sub-SD019,ses-01,sub-SD019_ses-01_task-PassiveListen,8,s4002b-ex01,Block 1,/home/fanyu/auditory_simulation_m6a/data/ds004703/v1.1.0/stimuli/excerpts/Block 1/s4002b-ex01_normed.wav,390,True,250.675231083,8.526512829121202e-14,34.63149659863946,0.5188495986394628,True,,UNKNOWN,UNASSIGNED_S01_REVIEW_REQUIRED
ds004703,sub-SD019,ses-01,sub-SD019_ses-01_task-PassiveListen,9,pleasePressSpace,NOT_APPLICABLE,/home/fanyu/auditory_simulation_m6a/data/ds004703/v1.1.0/stimuli/pleasePressSpace_normed.wav,31,True,292.3828321109999,9.663381206337363e-13,3.44312925170068,0.520682459428583,False,CONTROL_NOT_PASSAGE,UNKNOWN,UNASSIGNED_S01_REVIEW_REQUIRED
ds004703,sub-SD019,ses-01,sub-SD019_ses-01_task-PassiveListen,10,catalan-m01,Block 1,/home/fanyu/auditory_simulation_m6a/data/ds004703/v1.1.0/stimuli/excerpts/Block 1/catalan-m01_normed.wav,468,True,296.39739600499996,1.0800249583553523e-12,3.44312925170068,-43.204500066898774,False,CATALAN_PLAYED_AUDIO_PROVENANCE_CONFLICT;AUDIO_TEMPLATE_DURATION,UNKNOWN,UNASSIGNED_S01_REVIEW_REQUIRED
ds004703,sub-SD019,ses-01,sub-SD019_ses-01_task-PassiveListen,11,s2301a-ex01,Block 1,/home/fanyu/auditory_simulation_m6a/data/ds004703/v1.1.0/stimuli/excerpts/Block 1/s2301a-ex01_normed.wav,206,True,352.497905884,5.684341886080802e-14,22.537301587301588,0.24223958730159012,True,,UNKNOWN,UNASSIGNED_S01_REVIEW_REQUIRED
ds004703,sub-SD019,ses-01,sub-SD019_ses-01_task-PassiveListen,12,s3001b-ex01,Block 1,/home/fanyu/auditory_simulation_m6a/data/ds004703/v1.1.0/stimuli/excerpts/Block 1/s3001b-ex01_normed.wav,485,True,382.182954388,5.684341886080802e-14,49.18281179138322,0.34246479138322883,True,,UNKNOWN,UNASSIGNED_S01_REVIEW_REQUIRED
ds004703,sub-SD019,ses-01,sub-SD019_ses-01_task-PassiveListen,13,s1901b-ex01,Block 1,/home/fanyu/auditory_simulation_m6a/data/ds004703/v1.1.0/stimuli/excerpts/Block 1/s1901b-ex01_normed.wav,406,True,440.053614364,1.1368683772161603e-13,37.38761904761905,0.442163047619033,True,,UNKNOWN,UNASSIGNED_S01_REVIEW_REQUIRED
ds004703,sub-SD019,ses-01,sub-SD019_ses-01_task-PassiveListen,14,s0703b-ex01,Block 2,/home/fanyu/auditory_simulation_m6a/data/ds004703/v1.1.0/stimuli/excerpts/Block 2/s0703b-ex01_normed.wav,419,True,770.304242931,1.1368683772161603e-13,39.03469387755102,0.42340887755101875,True,,UNKNOWN,UNASSIGNED_S01_REVIEW_REQUIRED
ds004703,sub-SD019,ses-01,sub-SD019_ses-01_task-PassiveListen,15,s3903b-ex01,Block 2,/home/fanyu/auditory_simulation_m6a/data/ds004703/v1.1.0/stimuli/excerpts/Block 2/s3903b-ex01_normed.wav,301,True,817.602572059,1.1368683772161603e-13,26.25294784580499,0.42762184580498186,True,,UNKNOWN,UNASSIGNED_S01_REVIEW_REQUIRED
ds004703,sub-SD019,ses-01,sub-SD019_ses-01_task-PassiveListen,16,s1201a-ex01,Block 2,/home/fanyu/auditory_simulation_m6a/data/ds004703/v1.1.0/stimuli/excerpts/Block 2/s1201a-ex01_normed.wav,437,True,850.787052227,2.2737367544323206e-13,34.556938775510204,0.8936967755101435,True,,UNKNOWN,UNASSIGNED_S01_REVIEW_REQUIRED
ds004703,sub-SD019,ses-01,sub-SD019_ses-01_task-PassiveListen,17,s4003b-ex01,Block 2,/home/fanyu/auditory_simulation_m6a/data/ds004703/v1.1.0/stimuli/excerpts/Block 2/s4003b-ex01_normed.wav,305,True,892.801701965,2.2737367544323206e-13,25.393945578231293,0.37263357823129084,True,,UNKNOWN,UNASSIGNED_S01_REVIEW_REQUIRED
ds004703,sub-SD019,ses-01,sub-SD019_ses-01_task-PassiveListen,18,s3602b-ex02,Block 2,/home/fanyu/auditory_simulation_m6a/data/ds004703/v1.1.0/stimuli/excerpts/Block 2/s3602b-ex02_normed.wav,288,True,926.086469993,1.1368683772161603e-13,32.8990022675737,0.664101267573713,True,,UNKNOWN,UNASSIGNED_S01_REVIEW_REQUIRED
ds004703,sub-SD019,ses-01,sub-SD019_ses-01_task-PassiveListen,19,s3301a-ex01,Block 2,/home/fanyu/auditory_simulation_m6a/data/ds004703/v1.1.0/stimuli/excerpts/Block 2/s3301a-ex01_normed.wav,255,True,965.5215521570001,1.1368683772161603e-13,25.584126984126986,0.6466629841270333,True,,UNKNOWN,UNASSIGNED_S01_REVIEW_REQUIRED
ds004703,sub-SD019,ses-01,sub-SD019_ses-01_task-PassiveListen,20,s2102a-ex02,Block 2,/home/fanyu/auditory_simulation_m6a/data/ds004703/v1.1.0/stimuli/excerpts/Block 2/s2102a-ex02_normed.wav,373,True,999.9244235470001,3.410605131648481e-13,36.367437641723356,0.42374164172333195,True,,UNKNOWN,UNASSIGNED_S01_REVIEW_REQUIRED
ds004703,sub-SD019,ses-01,sub-SD019_ses-01_task-PassiveListen,21,pleasePressSpace,NOT_APPLICABLE,/home/fanyu/auditory_simulation_m6a/data/ds004703/v1.1.0/stimuli/pleasePressSpace_normed.wav,31,True,1042.5103602100012,9.322320693172514e-12,3.44312925170068,0.520682459428583,False,CONTROL_NOT_PASSAGE,UNKNOWN,UNASSIGNED_S01_REVIEW_REQUIRED
ds004703,sub-SD019,ses-01,sub-SD019_ses-01_task-PassiveListen,22,catalan-f01,Block 2,/home/fanyu/auditory_simulation_m6a/data/ds004703/v1.1.0/stimuli/excerpts/Block 2/catalan-f01_normed.wav,428,True,1046.5244706099998,1.0231815394945443e-11,3.44312925170068,-43.07952875085857,False,CATALAN_PLAYED_AUDIO_PROVENANCE_CONFLICT;AUDIO_TEMPLATE_DURATION,UNKNOWN,UNASSIGNED_S01_REVIEW_REQUIRED
ds004703,sub-SD019,ses-01,sub-SD019_ses-01_task-PassiveListen,23,s2202b-ex02,Block 2,/home/fanyu/auditory_simulation_m6a/data/ds004703/v1.1.0/stimuli/excerpts/Block 2/s2202b-ex02_normed.wav,444,True,1098.10357754,4.547473508864641e-13,54.52736961451247,0.4984836145125513,True,,UNKNOWN,UNASSIGNED_S01_REVIEW_REQUIRED
ds004703,sub-SD019,ses-01,sub-SD019_ses-01_task-PassiveListen,24,s3301a-ex02,Block 3,/home/fanyu/auditory_simulation_m6a/data/ds004703/v1.1.0/stimuli/excerpts/Block 3/s3301a-ex02_normed.wav,406,True,1171.13727985,2.2737367544323206e-13,37.23800453514739,0.3500265351473786,True,,UNKNOWN,UNASSIGNED_S01_REVIEW_REQUIRED
ds004703,sub-SD019,ses-01,sub-SD019_ses-01_task-PassiveListen,25,s3903b-ex02,Block 3,/home/fanyu/auditory_simulation_m6a/data/ds004703/v1.1.0/stimuli/excerpts/Block 3/s3903b-ex02_normed.wav,325,True,1215.04333349,2.2737367544323206e-13,32.93675736961451,0.28081636961452006,True,,UNKNOWN,UNASSIGNED_S01_REVIEW_REQUIRED
ds004703,sub-SD019,ses-01,sub-SD019_ses-01_task-PassiveListen,26,pleasePressSpace,NOT_APPLICABLE,/home/fanyu/auditory_simulation_m6a/data/ds004703/v1.1.0/stimuli/pleasePressSpace_normed.wav,31,True,1256.3013842600012,9.322320693172514e-12,3.44312925170068,0.520682459428583,False,CONTROL_NOT_PASSAGE,UNKNOWN,UNASSIGNED_S01_REVIEW_REQUIRED
ds004703,sub-SD019,ses-01,sub-SD019_ses-01_task-PassiveListen,27,catalan-m02,Block 3,/home/fanyu/auditory_simulation_m6a/data/ds004703/v1.1.0/stimuli/excerpts/Block 3/catalan-m02_normed.wav,451,True,1260.3172986699997,1.0231815394945443e-11,3.44312925170068,-47.25691404060684,False,CATALAN_PLAYED_AUDIO_PROVENANCE_CONFLICT;AUDIO_TEMPLATE_DURATION,UNKNOWN,UNASSIGNED_S01_REVIEW_REQUIRED
ds004703,sub-SD019,ses-01,sub-SD019_ses-01_task-PassiveListen,28,s1401a-ex02,Block 3,/home/fanyu/auditory_simulation_m6a/data/ds004703/v1.1.0/stimuli/excerpts/Block 3/s1401a-ex02_normed.wav,434,True,1315.05995739,2.2737367544323206e-13,36.582426303854874,0.3221763038548602,True,,UNKNOWN,UNASSIGNED_S01_REVIEW_REQUIRED
ds004703,sub-SD019,ses-01,sub-SD019_ses-01_task-PassiveListen,29,s3201a-ex01,Block 3,/home/fanyu/auditory_simulation_m6a/data/ds004703/v1.1.0/stimuli/excerpts/Block 3/s3201a-ex01_normed.wav,1105,True,1358.90848819,2.2737367544323206e-13,77.08981859410432,0.9081175941043398,True,,UNKNOWN,UNASSIGNED_S01_REVIEW_REQUIRED
ds004703,sub-SD019,ses-01,sub-SD019_ses-01_task-PassiveListen,30,s1303a-ex02,Block 3,/home/fanyu/auditory_simulation_m6a/data/ds004703/v1.1.0/stimuli/excerpts/Block 3/s1303a-ex02_normed.wav,211,True,1445.12325632,2.2737367544323206e-13,29.345056689342403,0.4735216893423697,True,,UNKNOWN,UNASSIGNED_S01_REVIEW_REQUIRED
ds004703,sub-SD019,ses-01,sub-SD019_ses-01_task-PassiveListen,31,s3703b-ex01,Block 3,/home/fanyu/auditory_simulation_m6a/data/ds004703/v1.1.0/stimuli/excerpts/Block 3/s3703b-ex01_normed.wav,408,True,1486.51524132,2.2737367544323206e-13,35.371746031746035,0.9439180317460227,True,,UNKNOWN,UNASSIGNED_S01_REVIEW_REQUIRED
ds004703,sub-SD019,ses-01,sub-SD019_ses-01_task-PassiveListen,32,s1501a-ex01,Block 3,/home/fanyu/auditory_simulation_m6a/data/ds004703/v1.1.0/stimuli/excerpts/Block 3/s1501a-ex01_normed.wav,404,True,1536.75776527,2.2737367544323206e-13,43.13843537414966,0.39443137414964013,True,,UNKNOWN,UNASSIGNED_S01_REVIEW_REQUIRED
ds004703,sub-SD019,ses-01,sub-SD019_ses-01_task-PassiveListen,33,s1001a-ex01,Block 3,/home/fanyu/auditory_simulation_m6a/data/ds004703/v1.1.0/stimuli/excerpts/Block 3/s1001a-ex01_normed.wav,541,True,1587.49277822,2.2737367544323206e-13,41.67131519274376,0.40497619274376007,True,,UNKNOWN,UNASSIGNED_S01_REVIEW_REQUIRED
ds004703,sub-SD019,ses-01,sub-SD019_ses-01_task-PassiveListen,34,s3902a-ex01,Block 4,/home/fanyu/auditory_simulation_m6a/data/ds004703/v1.1.0/stimuli/excerpts/Block 4/s3902a-ex01_normed.wav,312,True,1640.83051627,2.2737367544323206e-13,31.55362811791383,0.3343071179138697,True,,UNKNOWN,UNASSIGNED_S01_REVIEW_REQUIRED
ds004703,sub-SD019,ses-01,sub-SD019_ses-01_task-PassiveListen,35,s1604a-ex01,Block 4,/home/fanyu/auditory_simulation_m6a/data/ds004703/v1.1.0/stimuli/excerpts/Block 4/s1604a-ex01_normed.wav,539,True,1682.69380948,2.2737367544323206e-13,46.363628117913834,0.047940117913832125,True,,UNKNOWN,UNASSIGNED_S01_REVIEW_REQUIRED
ds004703,sub-SD019,ses-01,sub-SD019_ses-01_task-PassiveListen,36,s2801a-ex01,Block 4,/home/fanyu/auditory_simulation_m6a/data/ds004703/v1.1.0/stimuli/excerpts/Block 4/s2801a-ex01_normed.wav,743,True,1736.15164242,2.2737367544323206e-13,60.9278231292517,0.5329001292516864,True,,UNKNOWN,UNASSIGNED_S01_REVIEW_REQUIRED
ds004703,sub-SD019,ses-01,sub-SD019_ses-01_task-PassiveListen,37,s0702a-ex01,Block 4,/home/fanyu/auditory_simulation_m6a/data/ds004703/v1.1.0/stimuli/excerpts/Block 4/s0702a-ex01_normed.wav,370,True,1807.8266939,2.2737367544323206e-13,30.462244897959184,2.1873908979591796,True,,UNKNOWN,UNASSIGNED_S01_REVIEW_REQUIRED
ds004703,sub-SD019,ses-01,sub-SD019_ses-01_task-PassiveListen,38,s2102a-ex03,Block 4,/home/fanyu/auditory_simulation_m6a/data/ds004703/v1.1.0/stimuli/excerpts/Block 4/s2102a-ex03_normed.wav,346,True,1845.01440294,2.2737367544323206e-13,45.27312925170068,0.9800462517006494,True,,UNKNOWN,UNASSIGNED_S01_REVIEW_REQUIRED
ds004703,sub-SD019,ses-01,sub-SD019_ses-01_task-PassiveListen,39,s3802a-ex01,Block 4,/home/fanyu/auditory_simulation_m6a/data/ds004703/v1.1.0/stimuli/excerpts/Block 4/s3802a-ex01_normed.wav,362,True,1895.93907354,4.547473508864641e-13,34.67619047619048,0.7401804761904316,True,,UNKNOWN,UNASSIGNED_S01_REVIEW_REQUIRED
ds004703,sub-SD019,ses-01,sub-SD019_ses-01_task-PassiveListen,40,s0202b-ex01,Block 4,/home/fanyu/auditory_simulation_m6a/data/ds004703/v1.1.0/stimuli/excerpts/Block 4/s0202b-ex01_normed.wav,671,True,1939.70359113,2.2737367544323206e-13,56.91793650793651,0.2629365079365158,True,,UNKNOWN,UNASSIGNED_S01_REVIEW_REQUIRED
ds004703,sub-SD019,ses-01,sub-SD019_ses-01_task-PassiveListen,41,s3102b-ex01,Block 4,/home/fanyu/auditory_simulation_m6a/data/ds004703/v1.1.0/stimuli/excerpts/Block 4/s3102b-ex01_normed.wav,159,True,2003.82721305,2.2737367544323206e-13,20.8018820861678,0.9805520861678012,True,,UNKNOWN,UNASSIGNED_S01_REVIEW_REQUIRED
ds004703,sub-SD019,ses-01,sub-SD019_ses-01_task-PassiveListen,42,pleasePressSpace,NOT_APPLICABLE,/home/fanyu/auditory_simulation_m6a/data/ds004703/v1.1.0/stimuli/pleasePressSpace_normed.wav,31,True,2031.2629643400012,9.322320693172514e-12,3.44312925170068,0.520682459428583,False,CONTROL_NOT_PASSAGE,UNKNOWN,UNASSIGNED_S01_REVIEW_REQUIRED
ds004703,sub-SD019,ses-01,sub-SD019_ses-01_task-PassiveListen,43,catalan-f02,Block 4,/home/fanyu/auditory_simulation_m6a/data/ds004703/v1.1.0/stimuli/excerpts/Block 4/catalan-f02_normed.wav,437,True,2035.2768156800005,1.0459189070388675e-11,3.44312925170068,-39.73895634758179,False,CATALAN_PLAYED_AUDIO_PROVENANCE_CONFLICT;AUDIO_TEMPLATE_DURATION,UNKNOWN,UNASSIGNED_S01_REVIEW_REQUIRED
ds004703,sub-SD019,ses-01,sub-SD019_ses-01_task-PassiveListen,44,s1401b-ex01,Block 5,/home/fanyu/auditory_simulation_m6a/data/ds004703/v1.1.0/stimuli/excerpts/Block 5/s1401b-ex01_normed.wav,664,True,2087.2668723,4.547473508864641e-13,54.43687074829932,0.35779874829931657,True,,UNKNOWN,UNASSIGNED_S01_REVIEW_REQUIRED
ds004703,sub-SD019,ses-01,sub-SD019_ses-01_task-PassiveListen,45,s0203b-ex01,Block 5,/home/fanyu/auditory_simulation_m6a/data/ds004703/v1.1.0/stimuli/excerpts/Block 5/s0203b-ex01_normed.wav,505,True,2157.62140722,4.547473508864641e-13,42.95142857142857,1.0583105714285495,True,,UNKNOWN,UNASSIGNED_S01_REVIEW_REQUIRED
ds004703,sub-SD019,ses-01,sub-SD019_ses-01_task-PassiveListen,46,s1103a-ex01,Block 5,/home/fanyu/auditory_simulation_m6a/data/ds004703/v1.1.0/stimuli/excerpts/Block 5/s1103a-ex01_normed.wav,443,True,2209.65581724,4.547473508864641e-13,54.69269841269841,0.4898664126984329,True,,UNKNOWN,UNASSIGNED_S01_REVIEW_REQUIRED
ds004703,sub-SD019,ses-01,sub-SD019_ses-01_task-PassiveListen,47,s0802b-ex01,Block 5,/home/fanyu/auditory_simulation_m6a/data/ds004703/v1.1.0/stimuli/excerpts/Block 5/s0802b-ex01_normed.wav,328,True,2271.23625808,4.547473508864641e-13,29.993242630385488,0.7251516303854757,True,,UNKNOWN,UNASSIGNED_S01_REVIEW_REQUIRED
ds004703,sub-SD019,ses-01,sub-SD019_ses-01_task-PassiveListen,48,s1202b-ex01,Block 5,/home/fanyu/auditory_simulation_m6a/data/ds004703/v1.1.0/stimuli/excerpts/Block 5/s1202b-ex01_normed.wav,417,True,2308.9968115,4.547473508864641e-13,34.4781179138322,0.16977691383220161,True,,UNKNOWN,UNASSIGNED_S01_REVIEW_REQUIRED
ds004703,sub-SD019,ses-01,sub-SD019_ses-01_task-PassiveListen,49,s3003a-ex01,Block 5,/home/fanyu/auditory_simulation_m6a/data/ds004703/v1.1.0/stimuli/excerpts/Block 5/s3003a-ex01_normed.wav,371,True,2351.49007617,4.547473508864641e-13,33.54437641723356,0.4453074172335434,True,,UNKNOWN,UNASSIGNED_S01_REVIEW_REQUIRED
ds004703,sub-SD019,ses-01,sub-SD019_ses-01_task-PassiveListen,50,pleasePressSpace,NOT_APPLICABLE,/home/fanyu/auditory_simulation_m6a/data/ds004703/v1.1.0/stimuli/pleasePressSpace_normed.wav,31,True,2391.678964030001,9.094947017729282e-12,3.44312925170068,0.520682459428583,False,CONTROL_NOT_PASSAGE,UNKNOWN,UNASSIGNED_S01_REVIEW_REQUIRED
ds004703,sub-SD019,ses-01,sub-SD019_ses-01_task-PassiveListen,51,catalan-m03,Block 5,/home/fanyu/auditory_simulation_m6a/data/ds004703/v1.1.0/stimuli/excerpts/Block 5/catalan-m03_normed.wav,488,True,2395.6936651199994,1.000444171950221e-11,3.44312925170068,-46.8372365903996,False,CATALAN_PLAYED_AUDIO_PROVENANCE_CONFLICT;AUDIO_TEMPLATE_DURATION,UNKNOWN,UNASSIGNED_S01_REVIEW_REQUIRED
ds004703,sub-SD019,ses-01,sub-SD019_ses-01_task-PassiveListen,52,s1703b-ex01,Block 5,/home/fanyu/auditory_simulation_m6a/data/ds004703/v1.1.0/stimuli/excerpts/Block 5/s1703b-ex01_normed.wav,431,True,2449.03115407,4.547473508864641e-13,53.5008843537415,0.33788435374150794,True,,UNKNOWN,UNASSIGNED_S01_REVIEW_REQUIRED
ds004703,sub-SD019,ses-01,sub-SD019_ses-01_task-PassiveListen,53,s1503a-ex01,Block 5,/home/fanyu/auditory_simulation_m6a/data/ds004703/v1.1.0/stimuli/excerpts/Block 5/s1503a-ex01_normed.wav,430,True,2509.98470413,4.547473508864641e-13,16.85562358276644,0.40436658276643556,True,,UNKNOWN,UNASSIGNED_S01_REVIEW_REQUIRED
ds004703,sub-SD019,ses-01,sub-SD019_ses-01_task-PassiveListen,54,pleasePressSpace,NOT_APPLICABLE,/home/fanyu/auditory_simulation_m6a/data/ds004703/v1.1.0/stimuli/pleasePressSpace_normed.wav,31,True,2539.9936973400013,9.549694368615746e-12,3.44312925170068,0.520682459428583,False,CONTROL_NOT_PASSAGE,UNKNOWN,UNASSIGNED_S01_REVIEW_REQUIRED
ds004703,sub-SD019,ses-01,sub-SD019_ses-01_task-PassiveListen,55,catalan-f03,Block 6,/home/fanyu/auditory_simulation_m6a/data/ds004703/v1.1.0/stimuli/excerpts/Block 6/catalan-f03_normed.wav,515,True,2544.0102911,1.000444171950221e-11,3.44312925170068,-50.092914985447536,False,CATALAN_PLAYED_AUDIO_PROVENANCE_CONFLICT;AUDIO_TEMPLATE_DURATION,UNKNOWN,UNASSIGNED_S01_REVIEW_REQUIRED
ds004703,sub-SD019,ses-01,sub-SD019_ses-01_task-PassiveListen,56,s1203a-ex01,Block 6,/home/fanyu/auditory_simulation_m6a/data/ds004703/v1.1.0/stimuli/excerpts/Block 6/s1203a-ex01_normed.wav,373,True,2600.89944515,4.547473508864641e-13,34.05850340136055,0.38901540136053825,True,,UNKNOWN,UNASSIGNED_S01_REVIEW_REQUIRED
ds004703,sub-SD019,ses-01,sub-SD019_ses-01_task-PassiveListen,57,s1503a-ex02,Block 6,/home/fanyu/auditory_simulation_m6a/data/ds004703/v1.1.0/stimuli/excerpts/Block 6/s1503a-ex02_normed.wav,328,True,2646.45686005,4.547473508864641e-13,27.614240362811792,0.9612693628117199,True,,UNKNOWN,UNASSIGNED_S01_REVIEW_REQUIRED
ds004703,sub-SD019,ses-01,sub-SD019_ses-01_task-PassiveListen,58,s0901b-ex01,Block 6,/home/fanyu/auditory_simulation_m6a/data/ds004703/v1.1.0/stimuli/excerpts/Block 6/s0901b-ex01_normed.wav,311,True,2681.90708836,4.547473508864641e-13,36.376122448979594,0.32149144897960014,True,,UNKNOWN,UNASSIGNED_S01_REVIEW_REQUIRED
ds004703,sub-SD019,ses-01,sub-SD019_ses-01_task-PassiveListen,59,s3801a-ex01,Block 6,/home/fanyu/auditory_simulation_m6a/data/ds004703/v1.1.0/stimuli/excerpts/Block 6/s3801a-ex01_normed.wav,350,True,2726.75450063,4.547473508864641e-13,33.10163265306122,0.19907065306120586,True,,UNKNOWN,UNASSIGNED_S01_REVIEW_REQUIRED
ds004703,sub-SD019,ses-01,sub-SD019_ses-01_task-PassiveListen,60,s3003a-ex02,Block 6,/home/fanyu/auditory_simulation_m6a/data/ds004703/v1.1.0/stimuli/excerpts/Block 6/s3003a-ex02_normed.wav,504,True,2772.53243139,4.547473508864641e-13,44.58725623582767,0.12463223582766858,True,,UNKNOWN,UNASSIGNED_S01_REVIEW_REQUIRED
ds004703,sub-SD019,ses-01,sub-SD019_ses-01_task-PassiveListen,61,s0305a-ex01,Block 6,/home/fanyu/auditory_simulation_m6a/data/ds004703/v1.1.0/stimuli/excerpts/Block 6/s0305a-ex01_normed.wav,377,True,2823.58914867,4.547473508864641e-13,43.50736961451247,0.25795861451247504,True,,UNKNOWN,UNASSIGNED_S01_REVIEW_REQUIRED
ds004703,sub-SD019,ses-01,sub-SD019_ses-01_task-PassiveListen,62,s1702b-ex01,Block 6,/home/fanyu/auditory_simulation_m6a/data/ds004703/v1.1.0/stimuli/excerpts/Block 6/s1702b-ex01_normed.wav,369,True,2875.39753269,4.547473508864641e-13,41.42324263038549,0.31924263038549583,True,,UNKNOWN,UNASSIGNED_S01_REVIEW_REQUIRED
ds004703,sub-SD019,ses-01,sub-SD019_ses-01_task-PassiveListen,63,s2302b-ex01,Block 6,/home/fanyu/auditory_simulation_m6a/data/ds004703/v1.1.0/stimuli/excerpts/Block 6/s2302b-ex01_normed.wav,316,True,2924.16408653,4.547473508864641e-13,35.123492063492066,0.5518300634920834,True,,UNKNOWN,UNASSIGNED_S01_REVIEW_REQUIRED
ds004703,sub-SD021,ses-01,sub-SD021_ses-01_task-PassiveListen,0,welcome,NOT_APPLICABLE,/home/fanyu/auditory_simulation_m6a/data/ds004703/v1.1.0/stimuli/welcome_normed.wav,20,True,116.85420290899988,9.094947017729282e-13,1.9793197278911565,0.21420958380994382,False,CONTROL_NOT_PASSAGE,UNKNOWN,UNASSIGNED_S01_REVIEW_REQUIRED
ds004703,sub-SD021,ses-01,sub-SD021_ses-01_task-PassiveListen,1,instructions1,NOT_APPLICABLE,/home/fanyu/auditory_simulation_m6a/data/ds004703/v1.1.0/stimuli/instructions1_normed.wav,377,True,122.14825515099997,1.0231815394945443e-12,35.22081632653061,0.23920634694577103,False,CONTROL_NOT_PASSAGE,UNKNOWN,UNASSIGNED_S01_REVIEW_REQUIRED
ds004703,sub-SD021,ses-01,sub-SD021_ses-01_task-PassiveListen,2,pleasePressSpace,NOT_APPLICABLE,/home/fanyu/auditory_simulation_m6a/data/ds004703/v1.1.0/stimuli/pleasePressSpace_normed.wav,31,True,176.832009602,9.663381206337363e-13,3.44312925170068,0.520682459428583,False,CONTROL_NOT_PASSAGE,UNKNOWN,UNASSIGNED_S01_REVIEW_REQUIRED
ds004703,sub-SD021,ses-01,sub-SD021_ses-01_task-PassiveListen,3,instructions3,NOT_APPLICABLE,/home/fanyu/auditory_simulation_m6a/data/ds004703/v1.1.0/stimuli/instructions3_normed.wav,70,True,183.71607457500002,9.379164112033322e-13,6.248140589569161,0.3916587466441728,False,CONTROL_NOT_PASSAGE,UNKNOWN,UNASSIGNED_S01_REVIEW_REQUIRED
ds004703,sub-SD021,ses-01,sub-SD021_ses-01_task-PassiveListen,4,s2102a-ex01,Block 1,/home/fanyu/auditory_simulation_m6a/data/ds004703/v1.1.0/stimuli/excerpts/Block 1/s2102a-ex01_normed.wav,295,True,191.58410735799998,5.684341886080802e-14,28.18857142857143,1.2097834285714164,True,,UNKNOWN,UNASSIGNED_S01_REVIEW_REQUIRED
ds004703,sub-SD021,ses-01,sub-SD021_ses-01_task-PassiveListen,5,s3602b-ex01,Block 1,/home/fanyu/auditory_simulation_m6a/data/ds004703/v1.1.0/stimuli/excerpts/Block 1/s3602b-ex01_normed.wav,318,True,237.47397627499996,2.2737367544323206e-13,35.60836734693878,0.602507346938701,True,,UNKNOWN,UNASSIGNED_S01_REVIEW_REQUIRED
ds004703,sub-SD021,ses-01,sub-SD021_ses-01_task-PassiveListen,6,s2301a-ex01,Block 1,/home/fanyu/auditory_simulation_m6a/data/ds004703/v1.1.0/stimuli/excerpts/Block 1/s2301a-ex01_normed.wav,206,True,295.087282959,5.684341886080802e-14,22.537301587301588,0.24223958730159012,True,,UNKNOWN,UNASSIGNED_S01_REVIEW_REQUIRED
ds004703,sub-SD021,ses-01,sub-SD021_ses-01_task-PassiveListen,7,s3001b-ex01,Block 1,/home/fanyu/auditory_simulation_m6a/data/ds004703/v1.1.0/stimuli/excerpts/Block 1/s3001b-ex01_normed.wav,485,True,331.588499981,5.684341886080802e-14,49.18281179138322,0.34246479138322883,True,,UNKNOWN,UNASSIGNED_S01_REVIEW_REQUIRED
ds004703,sub-SD021,ses-01,sub-SD021_ses-01_task-PassiveListen,8,s1303a-ex01,Block 1,/home/fanyu/auditory_simulation_m6a/data/ds004703/v1.1.0/stimuli/excerpts/Block 1/s1303a-ex01_normed.wav,311,True,395.746305821,1.1368683772161603e-13,34.2159410430839,0.5734330430839307,True,,UNKNOWN,UNASSIGNED_S01_REVIEW_REQUIRED
ds004703,sub-SD021,ses-01,sub-SD021_ses-01_task-PassiveListen,9,s1401a-ex01,Block 1,/home/fanyu/auditory_simulation_m6a/data/ds004703/v1.1.0/stimuli/excerpts/Block 1/s1401a-ex01_normed.wav,415,True,445.473798455,1.1368683772161603e-13,35.284126984126985,0.41837598412700316,True,,UNKNOWN,UNASSIGNED_S01_REVIEW_REQUIRED
ds004703,sub-SD021,ses-01,sub-SD021_ses-01_task-PassiveListen,10,s4002b-ex01,Block 1,/home/fanyu/auditory_simulation_m6a/data/ds004703/v1.1.0/stimuli/excerpts/Block 1/s4002b-ex01_normed.wav,390,True,496.193565612,1.1368683772161603e-13,34.63149659863946,0.5188495986394628,True,,UNKNOWN,UNASSIGNED_S01_REVIEW_REQUIRED
ds004703,sub-SD021,ses-01,sub-SD021_ses-01_task-PassiveListen,11,pleasePressSpace,NOT_APPLICABLE,/home/fanyu/auditory_simulation_m6a/data/ds004703/v1.1.0/stimuli/pleasePressSpace_normed.wav,31,True,544.82744197,9.094947017729282e-13,3.44312925170068,0.520682459428583,False,CONTROL_NOT_PASSAGE,UNKNOWN,UNASSIGNED_S01_REVIEW_REQUIRED
ds004703,sub-SD021,ses-01,sub-SD021_ses-01_task-PassiveListen,12,catalan-m01,Block 1,/home/fanyu/auditory_simulation_m6a/data/ds004703/v1.1.0/stimuli/excerpts/Block 1/catalan-m01_normed.wav,468,True,548.842531916,1.1368683772161603e-12,3.44312925170068,-43.204500066898774,False,CATALAN_PLAYED_AUDIO_PROVENANCE_CONFLICT;AUDIO_TEMPLATE_DURATION,UNKNOWN,UNASSIGNED_S01_REVIEW_REQUIRED
ds004703,sub-SD021,ses-01,sub-SD021_ses-01_task-PassiveListen,13,s1901b-ex01,Block 1,/home/fanyu/auditory_simulation_m6a/data/ds004703/v1.1.0/stimuli/excerpts/Block 1/s1901b-ex01_normed.wav,406,True,610.001211273,1.1368683772161603e-13,37.38761904761905,0.442163047619033,True,,UNKNOWN,UNASSIGNED_S01_REVIEW_REQUIRED
ds004703,sub-SD021,ses-01,sub-SD021_ses-01_task-PassiveListen,14,s2102a-ex02,Block 2,/home/fanyu/auditory_simulation_m6a/data/ds004703/v1.1.0/stimuli/excerpts/Block 2/s2102a-ex02_normed.wav,373,True,673.361616816,2.2737367544323206e-13,36.367437641723356,0.42374164172333195,True,,UNKNOWN,UNASSIGNED_S01_REVIEW_REQUIRED
ds004703,sub-SD021,ses-01,sub-SD021_ses-01_task-PassiveListen,15,s0703b-ex01,Block 2,/home/fanyu/auditory_simulation_m6a/data/ds004703/v1.1.0/stimuli/excerpts/Block 2/s0703b-ex01_normed.wav,419,True,721.874616735,2.2737367544323206e-13,39.03469387755102,0.42340887755101875,True,,UNKNOWN,UNASSIGNED_S01_REVIEW_REQUIRED
ds004703,sub-SD021,ses-01,sub-SD021_ses-01_task-PassiveListen,16,s3301a-ex01,Block 2,/home/fanyu/auditory_simulation_m6a/data/ds004703/v1.1.0/stimuli/excerpts/Block 2/s3301a-ex01_normed.wav,255,True,773.248565749,1.1368683772161603e-13,25.584126984126986,0.6466629841270333,True,,UNKNOWN,UNASSIGNED_S01_REVIEW_REQUIRED
ds004703,sub-SD021,ses-01,sub-SD021_ses-01_task-PassiveListen,17,s1201a-ex01,Block 2,/home/fanyu/auditory_simulation_m6a/data/ds004703/v1.1.0/stimuli/excerpts/Block 2/s1201a-ex01_normed.wav,437,True,810.016878625,2.2737367544323206e-13,34.556938775510204,0.8936967755101435,True,,UNKNOWN,UNASSIGNED_S01_REVIEW_REQUIRED
ds004703,sub-SD021,ses-01,sub-SD021_ses-01_task-PassiveListen,18,s2202b-ex02,Block 2,/home/fanyu/auditory_simulation_m6a/data/ds004703/v1.1.0/stimuli/excerpts/Block 2/s2202b-ex02_normed.wav,444,True,856.6279418600001,2.2737367544323206e-13,54.52736961451247,0.4984836145125513,True,,UNKNOWN,UNASSIGNED_S01_REVIEW_REQUIRED
ds004703,sub-SD021,ses-01,sub-SD021_ses-01_task-PassiveListen,19,s3602b-ex02,Block 2,/home/fanyu/auditory_simulation_m6a/data/ds004703/v1.1.0/stimuli/excerpts/Block 2/s3602b-ex02_normed.wav,288,True,927.827554641,1.1368683772161603e-13,32.8990022675737,0.664101267573713,True,,UNKNOWN,UNASSIGNED_S01_REVIEW_REQUIRED
ds004703,sub-SD021,ses-01,sub-SD021_ses-01_task-PassiveListen,20,s4003b-ex01,Block 2,/home/fanyu/auditory_simulation_m6a/data/ds004703/v1.1.0/stimuli/excerpts/Block 2/s4003b-ex01_normed.wav,305,True,975.807766763,2.2737367544323206e-13,25.393945578231293,0.37263357823129084,True,,UNKNOWN,UNASSIGNED_S01_REVIEW_REQUIRED
ds004703,sub-SD021,ses-01,sub-SD021_ses-01_task-PassiveListen,21,s3903b-ex01,Block 2,/home/fanyu/auditory_simulation_m6a/data/ds004703/v1.1.0/stimuli/excerpts/Block 2/s3903b-ex01_normed.wav,301,True,1014.44781701,2.2737367544323206e-13,26.25294784580499,0.42762184580498186,True,,UNKNOWN,UNASSIGNED_S01_REVIEW_REQUIRED
ds004703,sub-SD021,ses-01,sub-SD021_ses-01_task-PassiveListen,22,pleasePressSpace,NOT_APPLICABLE,/home/fanyu/auditory_simulation_m6a/data/ds004703/v1.1.0/stimuli/pleasePressSpace_normed.wav,31,True,1053.4204109600012,9.322320693172514e-12,3.44312925170068,0.520682459428583,False,CONTROL_NOT_PASSAGE,UNKNOWN,UNASSIGNED_S01_REVIEW_REQUIRED
ds004703,sub-SD021,ses-01,sub-SD021_ses-01_task-PassiveListen,23,catalan-f01,Block 2,/home/fanyu/auditory_simulation_m6a/data/ds004703/v1.1.0/stimuli/excerpts/Block 2/catalan-f01_normed.wav,428,True,1057.4357678999997,1.000444171950221e-11,3.44312925170068,-43.07952875085857,False,CATALAN_PLAYED_AUDIO_PROVENANCE_CONFLICT;AUDIO_TEMPLATE_DURATION,UNKNOWN,UNASSIGNED_S01_REVIEW_REQUIRED
ds004703,sub-SD021,ses-01,sub-SD021_ses-01_task-PassiveListen,24,s3201a-ex01,Block 3,/home/fanyu/auditory_simulation_m6a/data/ds004703/v1.1.0/stimuli/excerpts/Block 3/s3201a-ex01_normed.wav,1105,True,1119.7382569000001,2.2737367544323206e-13,77.08981859410432,0.9081175941043398,True,,UNKNOWN,UNASSIGNED_S01_REVIEW_REQUIRED
ds004703,sub-SD021,ses-01,sub-SD021_ses-01_task-PassiveListen,25,s1501a-ex01,Block 3,/home/fanyu/auditory_simulation_m6a/data/ds004703/v1.1.0/stimuli/excerpts/Block 3/s1501a-ex01_normed.wav,404,True,1210.34040765,2.2737367544323206e-13,43.13843537414966,0.39443137414964013,True,,UNKNOWN,UNASSIGNED_S01_REVIEW_REQUIRED
ds004703,sub-SD021,ses-01,sub-SD021_ses-01_task-PassiveListen,26,s3903b-ex02,Block 3,/home/fanyu/auditory_simulation_m6a/data/ds004703/v1.1.0/stimuli/excerpts/Block 3/s3903b-ex02_normed.wav,325,True,1270.20875341,2.2737367544323206e-13,32.93675736961451,0.28081636961452006,True,,UNKNOWN,UNASSIGNED_S01_REVIEW_REQUIRED
ds004703,sub-SD021,ses-01,sub-SD021_ses-01_task-PassiveListen,27,s3301a-ex02,Block 3,/home/fanyu/auditory_simulation_m6a/data/ds004703/v1.1.0/stimuli/excerpts/Block 3/s3301a-ex02_normed.wav,406,True,1317.34557313,4.547473508864641e-13,37.23800453514739,0.3500265351473786,True,,UNKNOWN,UNASSIGNED_S01_REVIEW_REQUIRED
ds004703,sub-SD021,ses-01,sub-SD021_ses-01_task-PassiveListen,28,s1303a-ex02,Block 3,/home/fanyu/auditory_simulation_m6a/data/ds004703/v1.1.0/stimuli/excerpts/Block 3/s1303a-ex02_normed.wav,211,True,1367.32912705,2.2737367544323206e-13,29.345056689342403,0.4735216893423697,True,,UNKNOWN,UNASSIGNED_S01_REVIEW_REQUIRED
ds004703,sub-SD021,ses-01,sub-SD021_ses-01_task-PassiveListen,29,pleasePressSpace,NOT_APPLICABLE,/home/fanyu/auditory_simulation_m6a/data/ds004703/v1.1.0/stimuli/pleasePressSpace_normed.wav,31,True,1413.7878812900012,9.322320693172514e-12,3.44312925170068,0.520682459428583,False,CONTROL_NOT_PASSAGE,UNKNOWN,UNASSIGNED_S01_REVIEW_REQUIRED
ds004703,sub-SD021,ses-01,sub-SD021_ses-01_task-PassiveListen,30,catalan-m02,Block 3,/home/fanyu/auditory_simulation_m6a/data/ds004703/v1.1.0/stimuli/excerpts/Block 3/catalan-m02_normed.wav,451,True,1417.8030964199997,1.0231815394945443e-11,3.44312925170068,-47.25691404060684,False,CATALAN_PLAYED_AUDIO_PROVENANCE_CONFLICT;AUDIO_TEMPLATE_DURATION,UNKNOWN,UNASSIGNED_S01_REVIEW_REQUIRED
ds004703,sub-SD021,ses-01,sub-SD021_ses-01_task-PassiveListen,31,s1401a-ex02,Block 3,/home/fanyu/auditory_simulation_m6a/data/ds004703/v1.1.0/stimuli/excerpts/Block 3/s1401a-ex02_normed.wav,434,True,1481.90554291,2.2737367544323206e-13,36.582426303854874,0.3221763038548602,True,,UNKNOWN,UNASSIGNED_S01_REVIEW_REQUIRED
ds004703,sub-SD021,ses-01,sub-SD021_ses-01_task-PassiveListen,32,s1001a-ex01,Block 3,/home/fanyu/auditory_simulation_m6a/data/ds004703/v1.1.0/stimuli/excerpts/Block 3/s1001a-ex01_normed.wav,541,True,1531.395115,4.547473508864641e-13,41.67131519274376,0.40497619274376007,True,,UNKNOWN,UNASSIGNED_S01_REVIEW_REQUIRED
ds004703,sub-SD021,ses-01,sub-SD021_ses-01_task-PassiveListen,33,s3703b-ex01,Block 3,/home/fanyu/auditory_simulation_m6a/data/ds004703/v1.1.0/stimuli/excerpts/Block 3/s3703b-ex01_normed.wav,408,True,1586.24056128,2.2737367544323206e-13,35.371746031746035,0.9439180317460227,True,,UNKNOWN,UNASSIGNED_S01_REVIEW_REQUIRED
ds004703,sub-SD021,ses-01,sub-SD021_ses-01_task-PassiveListen,34,s3802a-ex01,Block 4,/home/fanyu/auditory_simulation_m6a/data/ds004703/v1.1.0/stimuli/excerpts/Block 4/s3802a-ex01_normed.wav,362,True,1647.79198623,2.2737367544323206e-13,34.67619047619048,0.7401804761904316,True,,UNKNOWN,UNASSIGNED_S01_REVIEW_REQUIRED
ds004703,sub-SD021,ses-01,sub-SD021_ses-01_task-PassiveListen,35,pleasePressSpace,NOT_APPLICABLE,/home/fanyu/auditory_simulation_m6a/data/ds004703/v1.1.0/stimuli/pleasePressSpace_normed.wav,31,True,1696.4278868300012,9.322320693172514e-12,3.44312925170068,0.520682459428583,False,CONTROL_NOT_PASSAGE,UNKNOWN,UNASSIGNED_S01_REVIEW_REQUIRED
ds004703,sub-SD021,ses-01,sub-SD021_ses-01_task-PassiveListen,36,catalan-f02,Block 4,/home/fanyu/auditory_simulation_m6a/data/ds004703/v1.1.0/stimuli/excerpts/Block 4/catalan-f02_normed.wav,437,True,1700.4416722500007,1.0231815394945443e-11,3.44312925170068,-39.73895634758179,False,CATALAN_PLAYED_AUDIO_PROVENANCE_CONFLICT;AUDIO_TEMPLATE_DURATION,UNKNOWN,UNASSIGNED_S01_REVIEW_REQUIRED
ds004703,sub-SD021,ses-01,sub-SD021_ses-01_task-PassiveListen,37,s2801a-ex01,Block 4,/home/fanyu/auditory_simulation_m6a/data/ds004703/v1.1.0/stimuli/excerpts/Block 4/s2801a-ex01_normed.wav,743,True,1755.51040364,2.2737367544323206e-13,60.9278231292517,0.5329001292516864,True,,UNKNOWN,UNASSIGNED_S01_REVIEW_REQUIRED
ds004703,sub-SD021,ses-01,sub-SD021_ses-01_task-PassiveListen,38,s0202b-ex01,Block 4,/home/fanyu/auditory_simulation_m6a/data/ds004703/v1.1.0/stimuli/excerpts/Block 4/s0202b-ex01_normed.wav,671,True,1827.51004979,2.2737367544323206e-13,56.91793650793651,0.2629365079365158,True,,UNKNOWN,UNASSIGNED_S01_REVIEW_REQUIRED
ds004703,sub-SD021,ses-01,sub-SD021_ses-01_task-PassiveListen,39,s3102b-ex01,Block 4,/home/fanyu/auditory_simulation_m6a/data/ds004703/v1.1.0/stimuli/excerpts/Block 4/s3102b-ex01_normed.wav,159,True,1906.97736444,2.2737367544323206e-13,20.8018820861678,0.9805520861678012,True,,UNKNOWN,UNASSIGNED_S01_REVIEW_REQUIRED
ds004703,sub-SD021,ses-01,sub-SD021_ses-01_task-PassiveListen,40,s3902a-ex01,Block 4,/home/fanyu/auditory_simulation_m6a/data/ds004703/v1.1.0/stimuli/excerpts/Block 4/s3902a-ex01_normed.wav,312,True,1940.60866624,2.2737367544323206e-13,31.55362811791383,0.3343071179138697,True,,UNKNOWN,UNASSIGNED_S01_REVIEW_REQUIRED
ds004703,sub-SD021,ses-01,sub-SD021_ses-01_task-PassiveListen,41,s2102a-ex03,Block 4,/home/fanyu/auditory_simulation_m6a/data/ds004703/v1.1.0/stimuli/excerpts/Block 4/s2102a-ex03_normed.wav,346,True,1986.91544106,2.2737367544323206e-13,45.27312925170068,0.9800462517006494,True,,UNKNOWN,UNASSIGNED_S01_REVIEW_REQUIRED
ds004703,sub-SD021,ses-01,sub-SD021_ses-01_task-PassiveListen,42,s1604a-ex01,Block 4,/home/fanyu/auditory_simulation_m6a/data/ds004703/v1.1.0/stimuli/excerpts/Block 4/s1604a-ex01_normed.wav,539,True,2051.33214565,4.547473508864641e-13,46.363628117913834,0.047940117913832125,True,,UNKNOWN,UNASSIGNED_S01_REVIEW_REQUIRED
ds004703,sub-SD021,ses-01,sub-SD021_ses-01_task-PassiveListen,43,s0702a-ex01,Block 4,/home/fanyu/auditory_simulation_m6a/data/ds004703/v1.1.0/stimuli/excerpts/Block 4/s0702a-ex01_normed.wav,370,True,2113.55400922,4.547473508864641e-13,30.462244897959184,2.1873908979591796,True,,UNKNOWN,UNASSIGNED_S01_REVIEW_REQUIRED
ds004703,sub-SD021,ses-01,sub-SD021_ses-01_task-PassiveListen,44,s1703b-ex01,Block 5,/home/fanyu/auditory_simulation_m6a/data/ds004703/v1.1.0/stimuli/excerpts/Block 5/s1703b-ex01_normed.wav,431,True,2161.3957389,4.547473508864641e-13,53.5008843537415,0.33788435374150794,True,,UNKNOWN,UNASSIGNED_S01_REVIEW_REQUIRED
ds004703,sub-SD021,ses-01,sub-SD021_ses-01_task-PassiveListen,45,s0802b-ex01,Block 5,/home/fanyu/auditory_simulation_m6a/data/ds004703/v1.1.0/stimuli/excerpts/Block 5/s0802b-ex01_normed.wav,328,True,2236.40221121,4.547473508864641e-13,29.993242630385488,0.7251516303854757,True,,UNKNOWN,UNASSIGNED_S01_REVIEW_REQUIRED
ds004703,sub-SD021,ses-01,sub-SD021_ses-01_task-PassiveListen,46,s1401b-ex01,Block 5,/home/fanyu/auditory_simulation_m6a/data/ds004703/v1.1.0/stimuli/excerpts/Block 5/s1401b-ex01_normed.wav,664,True,2280.46805864,4.547473508864641e-13,54.43687074829932,0.35779874829931657,True,,UNKNOWN,UNASSIGNED_S01_REVIEW_REQUIRED
ds004703,sub-SD021,ses-01,sub-SD021_ses-01_task-PassiveListen,47,s3003a-ex01,Block 5,/home/fanyu/auditory_simulation_m6a/data/ds004703/v1.1.0/stimuli/excerpts/Block 5/s3003a-ex01_normed.wav,371,True,2348.48190563,4.547473508864641e-13,33.54437641723356,0.4453074172335434,True,,UNKNOWN,UNASSIGNED_S01_REVIEW_REQUIRED
ds004703,sub-SD021,ses-01,sub-SD021_ses-01_task-PassiveListen,48,s1202b-ex01,Block 5,/home/fanyu/auditory_simulation_m6a/data/ds004703/v1.1.0/stimuli/excerpts/Block 5/s1202b-ex01_normed.wav,417,True,2396.53086677,4.547473508864641e-13,34.4781179138322,0.16977691383220161,True,,UNKNOWN,UNASSIGNED_S01_REVIEW_REQUIRED
ds004703,sub-SD021,ses-01,sub-SD021_ses-01_task-PassiveListen,49,s1503a-ex01,Block 5,/home/fanyu/auditory_simulation_m6a/data/ds004703/v1.1.0/stimuli/excerpts/Block 5/s1503a-ex01_normed.wav,430,True,2446.23673763,4.547473508864641e-13,16.85562358276644,0.40436658276643556,True,,UNKNOWN,UNASSIGNED_S01_REVIEW_REQUIRED
ds004703,sub-SD021,ses-01,sub-SD021_ses-01_task-PassiveListen,50,s1103a-ex01,Block 5,/home/fanyu/auditory_simulation_m6a/data/ds004703/v1.1.0/stimuli/excerpts/Block 5/s1103a-ex01_normed.wav,443,True,2475.50924091,4.547473508864641e-13,54.69269841269841,0.4898664126984329,True,,UNKNOWN,UNASSIGNED_S01_REVIEW_REQUIRED
ds004703,sub-SD021,ses-01,sub-SD021_ses-01_task-PassiveListen,51,s0203b-ex01,Block 5,/home/fanyu/auditory_simulation_m6a/data/ds004703/v1.1.0/stimuli/excerpts/Block 5/s0203b-ex01_normed.wav,505,True,2549.23557413,4.547473508864641e-13,42.95142857142857,1.0583105714285495,True,,UNKNOWN,UNASSIGNED_S01_REVIEW_REQUIRED
ds004703,sub-SD021,ses-01,sub-SD021_ses-01_task-PassiveListen,52,pleasePressSpace,NOT_APPLICABLE,/home/fanyu/auditory_simulation_m6a/data/ds004703/v1.1.0/stimuli/pleasePressSpace_normed.wav,31,True,2606.9399296800016,1.000444171950221e-11,3.44312925170068,0.520682459428583,False,CONTROL_NOT_PASSAGE,UNKNOWN,UNASSIGNED_S01_REVIEW_REQUIRED
ds004703,sub-SD021,ses-01,sub-SD021_ses-01_task-PassiveListen,53,catalan-m03,Block 5,/home/fanyu/auditory_simulation_m6a/data/ds004703/v1.1.0/stimuli/excerpts/Block 5/catalan-m03_normed.wav,488,True,2610.9557771599993,1.0459189070388675e-11,3.44312925170068,-46.8372365903996,False,CATALAN_PLAYED_AUDIO_PROVENANCE_CONFLICT;AUDIO_TEMPLATE_DURATION,UNKNOWN,UNASSIGNED_S01_REVIEW_REQUIRED
ds004703,sub-SD021,ses-01,sub-SD021_ses-01_task-PassiveListen,54,s0305a-ex01,Block 6,/home/fanyu/auditory_simulation_m6a/data/ds004703/v1.1.0/stimuli/excerpts/Block 6/s0305a-ex01_normed.wav,377,True,2675.6176408,4.547473508864641e-13,43.50736961451247,0.25795861451247504,True,,UNKNOWN,UNASSIGNED_S01_REVIEW_REQUIRED
ds004703,sub-SD021,ses-01,sub-SD021_ses-01_task-PassiveListen,55,s2302b-ex01,Block 6,/home/fanyu/auditory_simulation_m6a/data/ds004703/v1.1.0/stimuli/excerpts/Block 6/s2302b-ex01_normed.wav,316,True,2733.5713576900002,4.547473508864641e-13,35.123492063492066,0.5518300634920834,True,,UNKNOWN,UNASSIGNED_S01_REVIEW_REQUIRED
ds004703,sub-SD021,ses-01,sub-SD021_ses-01_task-PassiveListen,56,s3801a-ex01,Block 6,/home/fanyu/auditory_simulation_m6a/data/ds004703/v1.1.0/stimuli/excerpts/Block 6/s3801a-ex01_normed.wav,350,True,2782.22516015,4.547473508864641e-13,33.10163265306122,0.19907065306120586,True,,UNKNOWN,UNASSIGNED_S01_REVIEW_REQUIRED
ds004703,sub-SD021,ses-01,sub-SD021_ses-01_task-PassiveListen,57,s1503a-ex02,Block 6,/home/fanyu/auditory_simulation_m6a/data/ds004703/v1.1.0/stimuli/excerpts/Block 6/s1503a-ex02_normed.wav,328,True,2832.1362803800002,4.547473508864641e-13,27.614240362811792,0.9612693628117199,True,,UNKNOWN,UNASSIGNED_S01_REVIEW_REQUIRED
ds004703,sub-SD021,ses-01,sub-SD021_ses-01_task-PassiveListen,58,pleasePressSpace,NOT_APPLICABLE,/home/fanyu/auditory_simulation_m6a/data/ds004703/v1.1.0/stimuli/pleasePressSpace_normed.wav,31,True,2874.298946390001,9.094947017729282e-12,3.44312925170068,0.520682459428583,False,CONTROL_NOT_PASSAGE,UNKNOWN,UNASSIGNED_S01_REVIEW_REQUIRED
ds004703,sub-SD021,ses-01,sub-SD021_ses-01_task-PassiveListen,59,catalan-f03,Block 6,/home/fanyu/auditory_simulation_m6a/data/ds004703/v1.1.0/stimuli/excerpts/Block 6/catalan-f03_normed.wav,515,True,2878.31567172,1.000444171950221e-11,3.44312925170068,-50.092914985447536,False,CATALAN_PLAYED_AUDIO_PROVENANCE_CONFLICT;AUDIO_TEMPLATE_DURATION,UNKNOWN,UNASSIGNED_S01_REVIEW_REQUIRED
ds004703,sub-SD021,ses-01,sub-SD021_ses-01_task-PassiveListen,60,s1702b-ex01,Block 6,/home/fanyu/auditory_simulation_m6a/data/ds004703/v1.1.0/stimuli/excerpts/Block 6/s1702b-ex01_normed.wav,369,True,2941.68264282,4.547473508864641e-13,41.42324263038549,0.31924263038549583,True,,UNKNOWN,UNASSIGNED_S01_REVIEW_REQUIRED
ds004703,sub-SD021,ses-01,sub-SD021_ses-01_task-PassiveListen,61,s3003a-ex02,Block 6,/home/fanyu/auditory_simulation_m6a/data/ds004703/v1.1.0/stimuli/excerpts/Block 6/s3003a-ex02_normed.wav,504,True,2996.83578675,4.547473508864641e-13,44.58725623582767,0.12463223582766858,True,,UNKNOWN,UNASSIGNED_S01_REVIEW_REQUIRED
ds004703,sub-SD021,ses-01,sub-SD021_ses-01_task-PassiveListen,62,s0901b-ex01,Block 6,/home/fanyu/auditory_simulation_m6a/data/ds004703/v1.1.0/stimuli/excerpts/Block 6/s0901b-ex01_normed.wav,311,True,3053.77696067,4.547473508864641e-13,36.376122448979594,0.32149144897960014,True,,UNKNOWN,UNASSIGNED_S01_REVIEW_REQUIRED
ds004703,sub-SD021,ses-01,sub-SD021_ses-01_task-PassiveListen,63,s1203a-ex01,Block 6,/home/fanyu/auditory_simulation_m6a/data/ds004703/v1.1.0/stimuli/excerpts/Block 6/s1203a-ex01_normed.wav,373,True,3106.16120078,4.547473508864641e-13,34.05850340136055,0.38901540136053825,True,,UNKNOWN,UNASSIGNED_S01_REVIEW_REQUIRED
ds004703,sub-SD022,ses-01,sub-SD022_ses-01_task-PassiveListen,0,welcome,NOT_APPLICABLE,/home/fanyu/auditory_simulation_m6a/data/ds004703/v1.1.0/stimuli/welcome_normed.wav,20,True,69.6771880627,9.947598300641403e-14,1.9793197278911565,0.21420958380994382,False,CONTROL_NOT_PASSAGE,UNKNOWN,UNASSIGNED_S01_REVIEW_REQUIRED
ds004703,sub-SD022,ses-01,sub-SD022_ses-01_task-PassiveListen,1,instructions1,NOT_APPLICABLE,/home/fanyu/auditory_simulation_m6a/data/ds004703/v1.1.0/stimuli/instructions1_normed.wav,377,True,79.2117522079,1.0089706847793423e-12,35.22081632653061,0.23920634694577103,False,CONTROL_NOT_PASSAGE,UNKNOWN,UNASSIGNED_S01_REVIEW_REQUIRED
ds004703,sub-SD022,ses-01,sub-SD022_ses-01_task-PassiveListen,2,pleasePressSpace,NOT_APPLICABLE,/home/fanyu/auditory_simulation_m6a/data/ds004703/v1.1.0/stimuli/pleasePressSpace_normed.wav,31,True,132.24617583399998,9.663381206337363e-13,3.44312925170068,0.520682459428583,False,CONTROL_NOT_PASSAGE,UNKNOWN,UNASSIGNED_S01_REVIEW_REQUIRED
ds004703,sub-SD022,ses-01,sub-SD022_ses-01_task-PassiveListen,3,instructions3,NOT_APPLICABLE,/home/fanyu/auditory_simulation_m6a/data/ds004703/v1.1.0/stimuli/instructions3_normed.wav,70,True,137.94667219900003,9.379164112033322e-13,6.248140589569161,0.3916587466441728,False,CONTROL_NOT_PASSAGE,UNKNOWN,UNASSIGNED_S01_REVIEW_REQUIRED
ds004703,sub-SD022,ses-01,sub-SD022_ses-01_task-PassiveListen,4,pleasePressSpace,NOT_APPLICABLE,/home/fanyu/auditory_simulation_m6a/data/ds004703/v1.1.0/stimuli/pleasePressSpace_normed.wav,31,True,145.96764021799999,9.663381206337363e-13,3.44312925170068,0.520682459428583,False,CONTROL_NOT_PASSAGE,UNKNOWN,UNASSIGNED_S01_REVIEW_REQUIRED
ds004703,sub-SD022,ses-01,sub-SD022_ses-01_task-PassiveListen,5,catalan-m01,Block 1,/home/fanyu/auditory_simulation_m6a/data/ds004703/v1.1.0/stimuli/excerpts/Block 1/catalan-m01_normed.wav,468,True,149.98051305299998,9.947598300641403e-13,3.44312925170068,-43.204500066898774,False,CATALAN_PLAYED_AUDIO_PROVENANCE_CONFLICT;AUDIO_TEMPLATE_DURATION,UNKNOWN,UNASSIGNED_S01_REVIEW_REQUIRED
ds004703,sub-SD022,ses-01,sub-SD022_ses-01_task-PassiveListen,6,s2102a-ex01,Block 1,/home/fanyu/auditory_simulation_m6a/data/ds004703/v1.1.0/stimuli/excerpts/Block 1/s2102a-ex01_normed.wav,295,True,214.25556967,5.684341886080802e-14,28.18857142857143,1.2097834285714164,True,,UNKNOWN,UNASSIGNED_S01_REVIEW_REQUIRED
ds004703,sub-SD022,ses-01,sub-SD022_ses-01_task-PassiveListen,7,s4002b-ex01,Block 1,/home/fanyu/auditory_simulation_m6a/data/ds004703/v1.1.0/stimuli/excerpts/Block 1/s4002b-ex01_normed.wav,390,True,263.391628531,1.1368683772161603e-13,34.63149659863946,0.5188495986394628,True,,UNKNOWN,UNASSIGNED_S01_REVIEW_REQUIRED
ds004703,sub-SD022,ses-01,sub-SD022_ses-01_task-PassiveListen,8,s1303a-ex01,Block 1,/home/fanyu/auditory_simulation_m6a/data/ds004703/v1.1.0/stimuli/excerpts/Block 1/s1303a-ex01_normed.wav,311,True,308.67148630500003,1.1368683772161603e-13,34.2159410430839,0.5734330430839307,True,,UNKNOWN,UNASSIGNED_S01_REVIEW_REQUIRED
ds004703,sub-SD022,ses-01,sub-SD022_ses-01_task-PassiveListen,9,s2301a-ex01,Block 1,/home/fanyu/auditory_simulation_m6a/data/ds004703/v1.1.0/stimuli/excerpts/Block 1/s2301a-ex01_normed.wav,206,True,360.205934458,1.1368683772161603e-13,22.537301587301588,0.24223958730159012,True,,UNKNOWN,UNASSIGNED_S01_REVIEW_REQUIRED
ds004703,sub-SD022,ses-01,sub-SD022_ses-01_task-PassiveListen,10,s3001b-ex01,Block 1,/home/fanyu/auditory_simulation_m6a/data/ds004703/v1.1.0/stimuli/excerpts/Block 1/s3001b-ex01_normed.wav,485,True,392.258324613,5.684341886080802e-14,49.18281179138322,0.34246479138322883,True,,UNKNOWN,UNASSIGNED_S01_REVIEW_REQUIRED
ds004703,sub-SD022,ses-01,sub-SD022_ses-01_task-PassiveListen,11,s3602b-ex01,Block 1,/home/fanyu/auditory_simulation_m6a/data/ds004703/v1.1.0/stimuli/excerpts/Block 1/s3602b-ex01_normed.wav,318,True,452.4651655469999,2.2737367544323206e-13,35.60836734693878,0.602507346938701,True,,UNKNOWN,UNASSIGNED_S01_REVIEW_REQUIRED
ds004703,sub-SD022,ses-01,sub-SD022_ses-01_task-PassiveListen,12,s1401a-ex01,Block 1,/home/fanyu/auditory_simulation_m6a/data/ds004703/v1.1.0/stimuli/excerpts/Block 1/s1401a-ex01_normed.wav,415,True,500.448643555,1.1368683772161603e-13,35.284126984126985,0.41837598412700316,True,,UNKNOWN,UNASSIGNED_S01_REVIEW_REQUIRED
ds004703,sub-SD022,ses-01,sub-SD022_ses-01_task-PassiveListen,13,s1901b-ex01,Block 1,/home/fanyu/auditory_simulation_m6a/data/ds004703/v1.1.0/stimuli/excerpts/Block 1/s1901b-ex01_normed.wav,406,True,545.215035503,1.1368683772161603e-13,37.38761904761905,0.442163047619033,True,,UNKNOWN,UNASSIGNED_S01_REVIEW_REQUIRED
ds004703,sub-SD022,ses-01,sub-SD022_ses-01_task-PassiveListen,14,s3602b-ex02,Block 2,/home/fanyu/auditory_simulation_m6a/data/ds004703/v1.1.0/stimuli/excerpts/Block 2/s3602b-ex02_normed.wav,288,True,606.90520013,2.2737367544323206e-13,32.8990022675737,0.664101267573713,True,,UNKNOWN,UNASSIGNED_S01_REVIEW_REQUIRED
ds004703,sub-SD022,ses-01,sub-SD022_ses-01_task-PassiveListen,15,s2102a-ex02,Block 2,/home/fanyu/auditory_simulation_m6a/data/ds004703/v1.1.0/stimuli/excerpts/Block 2/s2102a-ex02_normed.wav,373,True,651.393734275,2.2737367544323206e-13,36.367437641723356,0.42374164172333195,True,,UNKNOWN,UNASSIGNED_S01_REVIEW_REQUIRED
ds004703,sub-SD022,ses-01,sub-SD022_ses-01_task-PassiveListen,16,s2202b-ex02,Block 2,/home/fanyu/auditory_simulation_m6a/data/ds004703/v1.1.0/stimuli/excerpts/Block 2/s2202b-ex02_normed.wav,444,True,696.3084071870001,2.2737367544323206e-13,54.52736961451247,0.4984836145125513,True,,UNKNOWN,UNASSIGNED_S01_REVIEW_REQUIRED
ds004703,sub-SD022,ses-01,sub-SD022_ses-01_task-PassiveListen,17,s1201a-ex01,Block 2,/home/fanyu/auditory_simulation_m6a/data/ds004703/v1.1.0/stimuli/excerpts/Block 2/s1201a-ex01_normed.wav,437,True,763.298877686,1.1368683772161603e-13,34.556938775510204,0.8936967755101435,True,,UNKNOWN,UNASSIGNED_S01_REVIEW_REQUIRED
ds004703,sub-SD022,ses-01,sub-SD022_ses-01_task-PassiveListen,18,s0703b-ex01,Block 2,/home/fanyu/auditory_simulation_m6a/data/ds004703/v1.1.0/stimuli/excerpts/Block 2/s0703b-ex01_normed.wav,419,True,808.738010647,2.2737367544323206e-13,39.03469387755102,0.42340887755101875,True,,UNKNOWN,UNASSIGNED_S01_REVIEW_REQUIRED
ds004703,sub-SD022,ses-01,sub-SD022_ses-01_task-PassiveListen,19,s3903b-ex01,Block 2,/home/fanyu/auditory_simulation_m6a/data/ds004703/v1.1.0/stimuli/excerpts/Block 2/s3903b-ex01_normed.wav,301,True,856.736948833,1.1368683772161603e-13,26.25294784580499,0.42762184580498186,True,,UNKNOWN,UNASSIGNED_S01_REVIEW_REQUIRED
ds004703,sub-SD022,ses-01,sub-SD022_ses-01_task-PassiveListen,20,s4003b-ex01,Block 2,/home/fanyu/auditory_simulation_m6a/data/ds004703/v1.1.0/stimuli/excerpts/Block 2/s4003b-ex01_normed.wav,305,True,897.551685515,1.1368683772161603e-13,25.393945578231293,0.37263357823129084,True,,UNKNOWN,UNASSIGNED_S01_REVIEW_REQUIRED
ds004703,sub-SD022,ses-01,sub-SD022_ses-01_task-PassiveListen,21,s3301a-ex01,Block 2,/home/fanyu/auditory_simulation_m6a/data/ds004703/v1.1.0/stimuli/excerpts/Block 2/s3301a-ex01_normed.wav,255,True,934.735985893,1.1368683772161603e-13,25.584126984126986,0.6466629841270333,True,,UNKNOWN,UNASSIGNED_S01_REVIEW_REQUIRED
ds004703,sub-SD022,ses-01,sub-SD022_ses-01_task-PassiveListen,22,pleasePressSpace,NOT_APPLICABLE,/home/fanyu/auditory_simulation_m6a/data/ds004703/v1.1.0/stimuli/pleasePressSpace_normed.wav,31,True,972.2495942830001,1.0231815394945443e-12,3.44312925170068,0.520682459428583,False,CONTROL_NOT_PASSAGE,UNKNOWN,UNASSIGNED_S01_REVIEW_REQUIRED
ds004703,sub-SD022,ses-01,sub-SD022_ses-01_task-PassiveListen,23,catalan-f01,Block 2,/home/fanyu/auditory_simulation_m6a/data/ds004703/v1.1.0/stimuli/excerpts/Block 2/catalan-f01_normed.wav,428,True,976.2627977219998,1.000444171950221e-11,3.44312925170068,-43.07952875085857,False,CATALAN_PLAYED_AUDIO_PROVENANCE_CONFLICT;AUDIO_TEMPLATE_DURATION,UNKNOWN,UNASSIGNED_S01_REVIEW_REQUIRED
ds004703,sub-SD022,ses-01,sub-SD022_ses-01_task-PassiveListen,24,s3201a-ex01,Block 3,/home/fanyu/auditory_simulation_m6a/data/ds004703/v1.1.0/stimuli/excerpts/Block 3/s3201a-ex01_normed.wav,1105,True,1232.33843614,2.2737367544323206e-13,77.08981859410432,0.9081175941043398,True,,UNKNOWN,UNASSIGNED_S01_REVIEW_REQUIRED
ds004703,sub-SD022,ses-01,sub-SD022_ses-01_task-PassiveListen,25,s3703b-ex01,Block 3,/home/fanyu/auditory_simulation_m6a/data/ds004703/v1.1.0/stimuli/excerpts/Block 3/s3703b-ex01_normed.wav,408,True,1320.32279405,2.2737367544323206e-13,35.371746031746035,0.9439180317460227,True,,UNKNOWN,UNASSIGNED_S01_REVIEW_REQUIRED
ds004703,sub-SD022,ses-01,sub-SD022_ses-01_task-PassiveListen,26,s1001a-ex01,Block 3,/home/fanyu/auditory_simulation_m6a/data/ds004703/v1.1.0/stimuli/excerpts/Block 3/s1001a-ex01_normed.wav,541,True,1374.80394225,2.2737367544323206e-13,41.67131519274376,0.40497619274376007,True,,UNKNOWN,UNASSIGNED_S01_REVIEW_REQUIRED
ds004703,sub-SD022,ses-01,sub-SD022_ses-01_task-PassiveListen,27,pleasePressSpace,NOT_APPLICABLE,/home/fanyu/auditory_simulation_m6a/data/ds004703/v1.1.0/stimuli/pleasePressSpace_normed.wav,31,True,1425.4045964100012,9.322320693172514e-12,3.44312925170068,0.520682459428583,False,CONTROL_NOT_PASSAGE,UNKNOWN,UNASSIGNED_S01_REVIEW_REQUIRED
ds004703,sub-SD022,ses-01,sub-SD022_ses-01_task-PassiveListen,28,catalan-m02,Block 3,/home/fanyu/auditory_simulation_m6a/data/ds004703/v1.1.0/stimuli/excerpts/Block 3/catalan-m02_normed.wav,451,True,1429.4199219399998,1.0231815394945443e-11,3.44312925170068,-47.25691404060684,False,CATALAN_PLAYED_AUDIO_PROVENANCE_CONFLICT;AUDIO_TEMPLATE_DURATION,UNKNOWN,UNASSIGNED_S01_REVIEW_REQUIRED
ds004703,sub-SD022,ses-01,sub-SD022_ses-01_task-PassiveListen,29,s1401a-ex02,Block 3,/home/fanyu/auditory_simulation_m6a/data/ds004703/v1.1.0/stimuli/excerpts/Block 3/s1401a-ex02_normed.wav,434,True,1490.03462367,2.2737367544323206e-13,36.582426303854874,0.3221763038548602,True,,UNKNOWN,UNASSIGNED_S01_REVIEW_REQUIRED
ds004703,sub-SD022,ses-01,sub-SD022_ses-01_task-PassiveListen,30,s3301a-ex02,Block 3,/home/fanyu/auditory_simulation_m6a/data/ds004703/v1.1.0/stimuli/excerpts/Block 3/s3301a-ex02_normed.wav,406,True,1538.14720791,2.2737367544323206e-13,37.23800453514739,0.3500265351473786,True,,UNKNOWN,UNASSIGNED_S01_REVIEW_REQUIRED
ds004703,sub-SD022,ses-01,sub-SD022_ses-01_task-PassiveListen,31,s3903b-ex02,Block 3,/home/fanyu/auditory_simulation_m6a/data/ds004703/v1.1.0/stimuli/excerpts/Block 3/s3903b-ex02_normed.wav,325,True,1584.70645285,2.2737367544323206e-13,32.93675736961451,0.28081636961452006,True,,UNKNOWN,UNASSIGNED_S01_REVIEW_REQUIRED
ds004703,sub-SD022,ses-01,sub-SD022_ses-01_task-PassiveListen,32,s1501a-ex01,Block 3,/home/fanyu/auditory_simulation_m6a/data/ds004703/v1.1.0/stimuli/excerpts/Block 3/s1501a-ex01_normed.wav,404,True,1628.37173408,2.2737367544323206e-13,43.13843537414966,0.39443137414964013,True,,UNKNOWN,UNASSIGNED_S01_REVIEW_REQUIRED
ds004703,sub-SD022,ses-01,sub-SD022_ses-01_task-PassiveListen,33,s1303a-ex02,Block 3,/home/fanyu/auditory_simulation_m6a/data/ds004703/v1.1.0/stimuli/excerpts/Block 3/s1303a-ex02_normed.wav,211,True,1682.88196132,2.2737367544323206e-13,29.345056689342403,0.4735216893423697,True,,UNKNOWN,UNASSIGNED_S01_REVIEW_REQUIRED
ds004703,sub-SD022,ses-01,sub-SD022_ses-01_task-PassiveListen,34,s3802a-ex01,Block 4,/home/fanyu/auditory_simulation_m6a/data/ds004703/v1.1.0/stimuli/excerpts/Block 4/s3802a-ex01_normed.wav,362,True,1737.00154392,2.2737367544323206e-13,34.67619047619048,0.7401804761904316,True,,UNKNOWN,UNASSIGNED_S01_REVIEW_REQUIRED
ds004703,sub-SD022,ses-01,sub-SD022_ses-01_task-PassiveListen,35,s0202b-ex01,Block 4,/home/fanyu/auditory_simulation_m6a/data/ds004703/v1.1.0/stimuli/excerpts/Block 4/s0202b-ex01_normed.wav,671,True,1783.2382158,2.2737367544323206e-13,56.91793650793651,0.2629365079365158,True,,UNKNOWN,UNASSIGNED_S01_REVIEW_REQUIRED
ds004703,sub-SD022,ses-01,sub-SD022_ses-01_task-PassiveListen,36,pleasePressSpace,NOT_APPLICABLE,/home/fanyu/auditory_simulation_m6a/data/ds004703/v1.1.0/stimuli/pleasePressSpace_normed.wav,31,True,1849.9808520900012,9.322320693172514e-12,3.44312925170068,0.520682459428583,False,CONTROL_NOT_PASSAGE,UNKNOWN,UNASSIGNED_S01_REVIEW_REQUIRED
ds004703,sub-SD022,ses-01,sub-SD022_ses-01_task-PassiveListen,37,catalan-f02,Block 4,/home/fanyu/auditory_simulation_m6a/data/ds004703/v1.1.0/stimuli/excerpts/Block 4/catalan-f02_normed.wav,437,True,1853.9942509800007,1.0231815394945443e-11,3.44312925170068,-39.73895634758179,False,CATALAN_PLAYED_AUDIO_PROVENANCE_CONFLICT;AUDIO_TEMPLATE_DURATION,UNKNOWN,UNASSIGNED_S01_REVIEW_REQUIRED
ds004703,sub-SD022,ses-01,sub-SD022_ses-01_task-PassiveListen,38,s3102b-ex01,Block 4,/home/fanyu/auditory_simulation_m6a/data/ds004703/v1.1.0/stimuli/excerpts/Block 4/s3102b-ex01_normed.wav,159,True,1903.36151654,2.2737367544323206e-13,20.8018820861678,0.9805520861678012,True,,UNKNOWN,UNASSIGNED_S01_REVIEW_REQUIRED
ds004703,sub-SD022,ses-01,sub-SD022_ses-01_task-PassiveListen,39,s2801a-ex01,Block 4,/home/fanyu/auditory_simulation_m6a/data/ds004703/v1.1.0/stimuli/excerpts/Block 4/s2801a-ex01_normed.wav,743,True,1932.99819471,2.2737367544323206e-13,60.9278231292517,0.5329001292516864,True,,UNKNOWN,UNASSIGNED_S01_REVIEW_REQUIRED
ds004703,sub-SD022,ses-01,sub-SD022_ses-01_task-PassiveListen,40,s0702a-ex01,Block 4,/home/fanyu/auditory_simulation_m6a/data/ds004703/v1.1.0/stimuli/excerpts/Block 4/s0702a-ex01_normed.wav,370,True,2003.0742590300001,2.2737367544323206e-13,30.462244897959184,2.1873908979591796,True,,UNKNOWN,UNASSIGNED_S01_REVIEW_REQUIRED
ds004703,sub-SD022,ses-01,sub-SD022_ses-01_task-PassiveListen,41,s2102a-ex03,Block 4,/home/fanyu/auditory_simulation_m6a/data/ds004703/v1.1.0/stimuli/excerpts/Block 4/s2102a-ex03_normed.wav,346,True,2044.45303874,4.547473508864641e-13,45.27312925170068,0.9800462517006494,True,,UNKNOWN,UNASSIGNED_S01_REVIEW_REQUIRED
ds004703,sub-SD022,ses-01,sub-SD022_ses-01_task-PassiveListen,42,s3902a-ex01,Block 4,/home/fanyu/auditory_simulation_m6a/data/ds004703/v1.1.0/stimuli/excerpts/Block 4/s3902a-ex01_normed.wav,312,True,2097.79367388,4.547473508864641e-13,31.55362811791383,0.3343071179138697,True,,UNKNOWN,UNASSIGNED_S01_REVIEW_REQUIRED
ds004703,sub-SD022,ses-01,sub-SD022_ses-01_task-PassiveListen,43,s1604a-ex01,Block 4,/home/fanyu/auditory_simulation_m6a/data/ds004703/v1.1.0/stimuli/excerpts/Block 4/s1604a-ex01_normed.wav,539,True,2141.39766242,4.547473508864641e-13,46.363628117913834,0.047940117913832125,True,,UNKNOWN,UNASSIGNED_S01_REVIEW_REQUIRED
ds004703,sub-SD022,ses-01,sub-SD022_ses-01_task-PassiveListen,44,s1401b-ex01,Block 5,/home/fanyu/auditory_simulation_m6a/data/ds004703/v1.1.0/stimuli/excerpts/Block 5/s1401b-ex01_normed.wav,664,True,2224.18985523,4.547473508864641e-13,54.43687074829932,0.35779874829931657,True,,UNKNOWN,UNASSIGNED_S01_REVIEW_REQUIRED
ds004703,sub-SD022,ses-01,sub-SD022_ses-01_task-PassiveListen,45,s1202b-ex01,Block 5,/home/fanyu/auditory_simulation_m6a/data/ds004703/v1.1.0/stimuli/excerpts/Block 5/s1202b-ex01_normed.wav,417,True,2288.83553761,4.547473508864641e-13,34.4781179138322,0.16977691383220161,True,,UNKNOWN,UNASSIGNED_S01_REVIEW_REQUIRED
ds004703,sub-SD022,ses-01,sub-SD022_ses-01_task-PassiveListen,46,pleasePressSpace,NOT_APPLICABLE,/home/fanyu/auditory_simulation_m6a/data/ds004703/v1.1.0/stimuli/pleasePressSpace_normed.wav,31,True,2332.6714017400013,9.549694368615746e-12,3.44312925170068,0.520682459428583,False,CONTROL_NOT_PASSAGE,UNKNOWN,UNASSIGNED_S01_REVIEW_REQUIRED
ds004703,sub-SD022,ses-01,sub-SD022_ses-01_task-PassiveListen,47,catalan-m03,Block 5,/home/fanyu/auditory_simulation_m6a/data/ds004703/v1.1.0/stimuli/excerpts/Block 5/catalan-m03_normed.wav,488,True,2336.6852352099995,1.0459189070388675e-11,3.44312925170068,-46.8372365903996,False,CATALAN_PLAYED_AUDIO_PROVENANCE_CONFLICT;AUDIO_TEMPLATE_DURATION,UNKNOWN,UNASSIGNED_S01_REVIEW_REQUIRED
ds004703,sub-SD022,ses-01,sub-SD022_ses-01_task-PassiveListen,48,s1503a-ex01,Block 5,/home/fanyu/auditory_simulation_m6a/data/ds004703/v1.1.0/stimuli/excerpts/Block 5/s1503a-ex01_normed.wav,430,True,2393.47249503,4.547473508864641e-13,16.85562358276644,0.40436658276643556,True,,UNKNOWN,UNASSIGNED_S01_REVIEW_REQUIRED
ds004703,sub-SD022,ses-01,sub-SD022_ses-01_task-PassiveListen,49,s3003a-ex01,Block 5,/home/fanyu/auditory_simulation_m6a/data/ds004703/v1.1.0/stimuli/excerpts/Block 5/s3003a-ex01_normed.wav,371,True,2419.58828617,4.547473508864641e-13,33.54437641723356,0.4453074172335434,True,,UNKNOWN,UNASSIGNED_S01_REVIEW_REQUIRED
ds004703,sub-SD022,ses-01,sub-SD022_ses-01_task-PassiveListen,50,s1703b-ex01,Block 5,/home/fanyu/auditory_simulation_m6a/data/ds004703/v1.1.0/stimuli/excerpts/Block 5/s1703b-ex01_normed.wav,431,True,2461.57504108,4.547473508864641e-13,53.5008843537415,0.33788435374150794,True,,UNKNOWN,UNASSIGNED_S01_REVIEW_REQUIRED
ds004703,sub-SD022,ses-01,sub-SD022_ses-01_task-PassiveListen,51,s0802b-ex01,Block 5,/home/fanyu/auditory_simulation_m6a/data/ds004703/v1.1.0/stimuli/excerpts/Block 5/s0802b-ex01_normed.wav,328,True,2525.15389458,4.547473508864641e-13,29.993242630385488,0.7251516303854757,True,,UNKNOWN,UNASSIGNED_S01_REVIEW_REQUIRED
ds004703,sub-SD022,ses-01,sub-SD022_ses-01_task-PassiveListen,52,s1103a-ex01,Block 5,/home/fanyu/auditory_simulation_m6a/data/ds004703/v1.1.0/stimuli/excerpts/Block 5/s1103a-ex01_normed.wav,443,True,2566.32711361,4.547473508864641e-13,54.69269841269841,0.4898664126984329,True,,UNKNOWN,UNASSIGNED_S01_REVIEW_REQUIRED
ds004703,sub-SD022,ses-01,sub-SD022_ses-01_task-PassiveListen,53,s0203b-ex01,Block 5,/home/fanyu/auditory_simulation_m6a/data/ds004703/v1.1.0/stimuli/excerpts/Block 5/s0203b-ex01_normed.wav,505,True,2630.5507445499998,4.547473508864641e-13,42.95142857142857,1.0583105714285495,True,,UNKNOWN,UNASSIGNED_S01_REVIEW_REQUIRED
ds004703,sub-SD022,ses-01,sub-SD022_ses-01_task-PassiveListen,54,s3003a-ex02,Block 6,/home/fanyu/auditory_simulation_m6a/data/ds004703/v1.1.0/stimuli/excerpts/Block 6/s3003a-ex02_normed.wav,504,True,2705.9963115,4.547473508864641e-13,44.58725623582767,0.12463223582766858,True,,UNKNOWN,UNASSIGNED_S01_REVIEW_REQUIRED
ds004703,sub-SD022,ses-01,sub-SD022_ses-01_task-PassiveListen,55,s0305a-ex01,Block 6,/home/fanyu/auditory_simulation_m6a/data/ds004703/v1.1.0/stimuli/excerpts/Block 6/s0305a-ex01_normed.wav,377,True,2760.19804673,4.547473508864641e-13,43.50736961451247,0.25795861451247504,True,,UNKNOWN,UNASSIGNED_S01_REVIEW_REQUIRED
ds004703,sub-SD022,ses-01,sub-SD022_ses-01_task-PassiveListen,56,s2302b-ex01,Block 6,/home/fanyu/auditory_simulation_m6a/data/ds004703/v1.1.0/stimuli/excerpts/Block 6/s2302b-ex01_normed.wav,316,True,2821.06023547,4.547473508864641e-13,35.123492063492066,0.5518300634920834,True,,UNKNOWN,UNASSIGNED_S01_REVIEW_REQUIRED
ds004703,sub-SD022,ses-01,sub-SD022_ses-01_task-PassiveListen,57,s0901b-ex01,Block 6,/home/fanyu/auditory_simulation_m6a/data/ds004703/v1.1.0/stimuli/excerpts/Block 6/s0901b-ex01_normed.wav,311,True,2867.22104742,4.547473508864641e-13,36.376122448979594,0.32149144897960014,True,,UNKNOWN,UNASSIGNED_S01_REVIEW_REQUIRED
ds004703,sub-SD022,ses-01,sub-SD022_ses-01_task-PassiveListen,58,s1203a-ex01,Block 6,/home/fanyu/auditory_simulation_m6a/data/ds004703/v1.1.0/stimuli/excerpts/Block 6/s1203a-ex01_normed.wav,373,True,2914.7093564799998,4.547473508864641e-13,34.05850340136055,0.38901540136053825,True,,UNKNOWN,UNASSIGNED_S01_REVIEW_REQUIRED
ds004703,sub-SD022,ses-01,sub-SD022_ses-01_task-PassiveListen,59,s1702b-ex01,Block 6,/home/fanyu/auditory_simulation_m6a/data/ds004703/v1.1.0/stimuli/excerpts/Block 6/s1702b-ex01_normed.wav,369,True,2958.58180338,4.547473508864641e-13,41.42324263038549,0.31924263038549583,True,,UNKNOWN,UNASSIGNED_S01_REVIEW_REQUIRED
ds004703,sub-SD022,ses-01,sub-SD022_ses-01_task-PassiveListen,60,s1503a-ex02,Block 6,/home/fanyu/auditory_simulation_m6a/data/ds004703/v1.1.0/stimuli/excerpts/Block 6/s1503a-ex02_normed.wav,328,True,3011.81810046,4.547473508864641e-13,27.614240362811792,0.9612693628117199,True,,UNKNOWN,UNASSIGNED_S01_REVIEW_REQUIRED
ds004703,sub-SD022,ses-01,sub-SD022_ses-01_task-PassiveListen,61,pleasePressSpace,NOT_APPLICABLE,/home/fanyu/auditory_simulation_m6a/data/ds004703/v1.1.0/stimuli/pleasePressSpace_normed.wav,31,True,3049.0873234800015,9.549694368615746e-12,3.44312925170068,0.520682459428583,False,CONTROL_NOT_PASSAGE,UNKNOWN,UNASSIGNED_S01_REVIEW_REQUIRED
ds004703,sub-SD022,ses-01,sub-SD022_ses-01_task-PassiveListen,62,catalan-f03,Block 6,/home/fanyu/auditory_simulation_m6a/data/ds004703/v1.1.0/stimuli/excerpts/Block 6/catalan-f03_normed.wav,515,True,3053.10261759,1.0459189070388675e-11,3.44312925170068,-50.092914985447536,False,CATALAN_PLAYED_AUDIO_PROVENANCE_CONFLICT;AUDIO_TEMPLATE_DURATION,UNKNOWN,UNASSIGNED_S01_REVIEW_REQUIRED
ds004703,sub-SD022,ses-01,sub-SD022_ses-01_task-PassiveListen,63,s3801a-ex01,Block 6,/home/fanyu/auditory_simulation_m6a/data/ds004703/v1.1.0/stimuli/excerpts/Block 6/s3801a-ex01_normed.wav,350,True,3114.69208616,4.547473508864641e-13,33.10163265306122,0.19907065306120586,True,,UNKNOWN,UNASSIGNED_S01_REVIEW_REQUIRED
