source_recording,eeg_path,envelope_path,source_aliases,subject,session,story,status,samples,eeg_tail_samples,envelope_tail_samples,tail_flag,sample_rate_hz,rate_basis,offset_samples,time_scale,split,nonfinite,flat_eeg_channels,numerical_max_difference,physical_sync,historical_generator_version,error
sub-001_ses-shortstories01_task-listeningActive_run-01_eeg.bdf.gz,/home/fanyu/auditory_simulation_m6a/pub_01/s06/sparrkulee_v3.1/raw/derivatives/preprocessed_eeg/sub-001/ses-shortstories01/sub-001_ses-shortstories01_task-listeningActive_run-01_desc-preproc-audio-audiobook_5_1_eeg.npy,/home/fanyu/auditory_simulation_m6a/pub_01/s06/sparrkulee_v3.1/raw/derivatives/preprocessed_stimuli/audiobook_5_1_envelope.npy,sub-001_ses-shortstories01_task-listeningActive_run-01_eeg.bdf.gz,sub-001,ses-shortstories01,audiobook_5_1,PASS_VIRTUAL_INITIAL_QC,57991,185,0,WITHIN_3S_ADVISORY,64,PUBLISHER_CONSUMPTION_CONTRACT,0,1,UNASSIGNED,0,0,0.0,UNKNOWN,UNKNOWN,
sub-001_ses-shortstories01_task-listeningActive_run-02_eeg.bdf.gz,/home/fanyu/auditory_simulation_m6a/pub_01/s06/sparrkulee_v3.1/raw/derivatives/preprocessed_eeg/sub-001/ses-shortstories01/sub-001_ses-shortstories01_task-listeningActive_run-02_desc-preproc-audio-audiobook_5_2_eeg.npy,/home/fanyu/auditory_simulation_m6a/pub_01/s06/sparrkulee_v3.1/raw/derivatives/preprocessed_stimuli/audiobook_5_2_envelope.npy,sub-001_ses-shortstories01_task-listeningActive_run-02_eeg.bdf.gz,sub-001,ses-shortstories01,audiobook_5_2,PASS_VIRTUAL_INITIAL_QC,58219,149,0,WITHIN_3S_ADVISORY,64,PUBLISHER_CONSUMPTION_CONTRACT,0,1,UNASSIGNED,0,0,0.0,UNKNOWN,UNKNOWN,
sub-001_ses-shortstories01_task-listeningActive_run-03_eeg.bdf.gz,/home/fanyu/auditory_simulation_m6a/pub_01/s06/sparrkulee_v3.1/raw/derivatives/preprocessed_eeg/sub-001/ses-shortstories01/sub-001_ses-shortstories01_task-listeningActive_run-03_desc-preproc-audio-audiobook_5_3_eeg.npy,/home/fanyu/auditory_simulation_m6a/pub_01/s06/sparrkulee_v3.1/raw/derivatives/preprocessed_stimuli/audiobook_5_3_envelope.npy,sub-001_ses-shortstories01_task-listeningActive_run-03_eeg.bdf.gz,sub-001,ses-shortstories01,audiobook_5_3,PASS_VIRTUAL_INITIAL_QC,60990,130,0,WITHIN_3S_ADVISORY,64,PUBLISHER_CONSUMPTION_CONTRACT,0,1,UNASSIGNED,0,0,0.0,UNKNOWN,UNKNOWN,
sub-001_ses-shortstories01_task-listeningActive_run-04_eeg.bdf.gz,/home/fanyu/auditory_simulation_m6a/pub_01/s06/sparrkulee_v3.1/raw/derivatives/preprocessed_eeg/sub-001/ses-shortstories01/sub-001_ses-shortstories01_task-listeningActive_run-04_desc-preproc-audio-audiobook_1_eeg.npy,/home/fanyu/auditory_simulation_m6a/pub_01/s06/sparrkulee_v3.1/raw/derivatives/preprocessed_stimuli/audiobook_1_envelope.npy,sub-001_ses-shortstories01_task-listeningActive_run-04_eeg.bdf.gz,sub-001,ses-shortstories01,audiobook_1,PASS_VIRTUAL_INITIAL_QC,59958,138,0,WITHIN_3S_ADVISORY,64,PUBLISHER_CONSUMPTION_CONTRACT,0,1,UNASSIGNED,0,0,0.0,UNKNOWN,UNKNOWN,
sub-001_ses-shortstories01_task-listeningActive_run-05_eeg.bdf.gz,/home/fanyu/auditory_simulation_m6a/pub_01/s06/sparrkulee_v3.1/raw/derivatives/preprocessed_eeg/sub-001/ses-shortstories01/sub-001_ses-shortstories01_task-listeningActive_run-05_desc-preproc-audio-audiobook_2_1_eeg.npy,/home/fanyu/auditory_simulation_m6a/pub_01/s06/sparrkulee_v3.1/raw/derivatives/preprocessed_stimuli/audiobook_2_1_envelope.npy,sub-001_ses-shortstories01_task-listeningActive_run-05_eeg.bdf.gz,sub-001,ses-shortstories01,audiobook_2_1,PASS_VIRTUAL_INITIAL_QC,50619,133,0,WITHIN_3S_ADVISORY,64,PUBLISHER_CONSUMPTION_CONTRACT,0,1,UNASSIGNED,0,0,0.0,UNKNOWN,UNKNOWN,
sub-001_ses-shortstories01_task-listeningActive_run-06_eeg.bdf.gz,/home/fanyu/auditory_simulation_m6a/pub_01/s06/sparrkulee_v3.1/raw/derivatives/preprocessed_eeg/sub-001/ses-shortstories01/sub-001_ses-shortstories01_task-listeningActive_run-06_desc-preproc-audio-audiobook_2_2_eeg.npy,/home/fanyu/auditory_simulation_m6a/pub_01/s06/sparrkulee_v3.1/raw/derivatives/preprocessed_stimuli/audiobook_2_2_envelope.npy,sub-001_ses-shortstories01_task-listeningActive_run-06_eeg.bdf.gz,sub-001,ses-shortstories01,audiobook_2_2,PASS_VIRTUAL_INITIAL_QC,48747,2005,0,LARGE_TAIL_REVIEW,64,PUBLISHER_CONSUMPTION_CONTRACT,0,1,UNASSIGNED,0,0,0.0,UNKNOWN,UNKNOWN,
sub-001_ses-shortstories01_task-listeningActive_run-07_eeg.bdf.gz,/home/fanyu/auditory_simulation_m6a/pub_01/s06/sparrkulee_v3.1/raw/derivatives/preprocessed_eeg/sub-001/ses-shortstories01/sub-001_ses-shortstories01_task-listeningActive_run-07_desc-preproc-audio-audiobook_4_eeg.npy,/home/fanyu/auditory_simulation_m6a/pub_01/s06/sparrkulee_v3.1/raw/derivatives/preprocessed_stimuli/audiobook_4_envelope.npy,sub-001_ses-shortstories01_task-listeningActive_run-07_eeg.bdf.gz,sub-001,ses-shortstories01,audiobook_4,PASS_VIRTUAL_INITIAL_QC,52060,164,0,WITHIN_3S_ADVISORY,64,PUBLISHER_CONSUMPTION_CONTRACT,0,1,UNASSIGNED,0,0,0.0,UNKNOWN,UNKNOWN,
sub-001_ses-shortstories01_task-listeningActive_run-08_eeg.bdf.gz,/home/fanyu/auditory_simulation_m6a/pub_01/s06/sparrkulee_v3.1/raw/derivatives/preprocessed_eeg/sub-001/ses-shortstories01/sub-001_ses-shortstories01_task-listeningActive_run-08_desc-preproc-audio-audiobook_3_eeg.npy,/home/fanyu/auditory_simulation_m6a/pub_01/s06/sparrkulee_v3.1/raw/derivatives/preprocessed_stimuli/audiobook_3_envelope.npy,sub-001_ses-shortstories01_task-listeningActive_run-08_eeg.bdf.gz,sub-001,ses-shortstories01,audiobook_3,PASS_VIRTUAL_INITIAL_QC,61597,163,0,WITHIN_3S_ADVISORY,64,PUBLISHER_CONSUMPTION_CONTRACT,0,1,UNASSIGNED,0,0,0.0,UNKNOWN,UNKNOWN,
sub-001_ses-shortstories01_task-listeningActive_run-09_eeg.bdf.gz,/home/fanyu/auditory_simulation_m6a/pub_01/s06/sparrkulee_v3.1/raw/derivatives/preprocessed_eeg/sub-001/ses-shortstories01/sub-001_ses-shortstories01_task-listeningActive_run-09_desc-preproc-audio-audiobook_6_1_eeg.npy,/home/fanyu/auditory_simulation_m6a/pub_01/s06/sparrkulee_v3.1/raw/derivatives/preprocessed_stimuli/audiobook_6_1_envelope.npy,sub-001_ses-shortstories01_task-listeningActive_run-09_eeg.bdf.gz,sub-001,ses-shortstories01,audiobook_6_1,PASS_VIRTUAL_INITIAL_QC,53350,90,0,WITHIN_3S_ADVISORY,64,PUBLISHER_CONSUMPTION_CONTRACT,0,1,UNASSIGNED,0,0,0.0,UNKNOWN,UNKNOWN,
sub-001_ses-shortstories01_task-listeningActive_run-10_eeg.bdf.gz,/home/fanyu/auditory_simulation_m6a/pub_01/s06/sparrkulee_v3.1/raw/derivatives/preprocessed_eeg/sub-001/ses-shortstories01/sub-001_ses-shortstories01_task-listeningActive_run-10_desc-preproc-audio-audiobook_6_2_eeg.npy,/home/fanyu/auditory_simulation_m6a/pub_01/s06/sparrkulee_v3.1/raw/derivatives/preprocessed_stimuli/audiobook_6_2_envelope.npy,sub-001_ses-shortstories01_task-listeningActive_run-10_eeg.bdf.gz,sub-001,ses-shortstories01,audiobook_6_2,PASS_VIRTUAL_INITIAL_QC,53339,101,0,WITHIN_3S_ADVISORY,64,PUBLISHER_CONSUMPTION_CONTRACT,0,1,UNASSIGNED,0,0,0.0,UNKNOWN,UNKNOWN,
sub-002_ses-shortstories01_task-listeningActive_run-01_eeg.bdf.gz,/home/fanyu/auditory_simulation_m6a/pub_01/s06/sparrkulee_v3.1/raw/derivatives/preprocessed_eeg/sub-002/ses-shortstories01/sub-002_ses-shortstories01_task-listeningActive_run-01_desc-preproc-audio-audiobook_1_artefact_eeg.npy,/home/fanyu/auditory_simulation_m6a/pub_01/s06/sparrkulee_v3.1/raw/derivatives/preprocessed_stimuli/audiobook_1_artefact_envelope.npy,sub-002_ses-shortstories01_task-listeningActive_run-01_eeg.bdf.gz,sub-002,ses-shortstories01,audiobook_1_artefact,PASS_VIRTUAL_INITIAL_QC,19223,105,0,WITHIN_3S_ADVISORY,64,PUBLISHER_CONSUMPTION_CONTRACT,0,1,UNASSIGNED,0,0,0.0,UNKNOWN,UNKNOWN,
sub-002_ses-shortstories01_task-listeningActive_run-02_eeg.bdf.gz,/home/fanyu/auditory_simulation_m6a/pub_01/s06/sparrkulee_v3.1/raw/derivatives/preprocessed_eeg/sub-002/ses-shortstories01/sub-002_ses-shortstories01_task-listeningActive_run-02_desc-preproc-audio-audiobook_3_eeg.npy,/home/fanyu/auditory_simulation_m6a/pub_01/s06/sparrkulee_v3.1/raw/derivatives/preprocessed_stimuli/audiobook_3_envelope.npy,sub-002_ses-shortstories01_task-listeningActive_run-02_eeg.bdf.gz,sub-002,ses-shortstories01,audiobook_3,PASS_VIRTUAL_INITIAL_QC,61597,163,0,WITHIN_3S_ADVISORY,64,PUBLISHER_CONSUMPTION_CONTRACT,0,1,UNASSIGNED,0,0,0.0,UNKNOWN,UNKNOWN,
sub-002_ses-shortstories01_task-listeningActive_run-03_eeg.bdf.gz,/home/fanyu/auditory_simulation_m6a/pub_01/s06/sparrkulee_v3.1/raw/derivatives/preprocessed_eeg/sub-002/ses-shortstories01/sub-002_ses-shortstories01_task-listeningActive_run-03_desc-preproc-audio-audiobook_1_eeg.npy,/home/fanyu/auditory_simulation_m6a/pub_01/s06/sparrkulee_v3.1/raw/derivatives/preprocessed_stimuli/audiobook_1_envelope.npy,sub-002_ses-shortstories01_task-listeningActive_run-03_eeg.bdf.gz,sub-002,ses-shortstories01,audiobook_1,PASS_VIRTUAL_INITIAL_QC,59958,138,0,WITHIN_3S_ADVISORY,64,PUBLISHER_CONSUMPTION_CONTRACT,0,1,UNASSIGNED,0,0,0.0,UNKNOWN,UNKNOWN,
sub-002_ses-shortstories01_task-listeningActive_run-04_eeg.bdf.gz,/home/fanyu/auditory_simulation_m6a/pub_01/s06/sparrkulee_v3.1/raw/derivatives/preprocessed_eeg/sub-002/ses-shortstories01/sub-002_ses-shortstories01_task-listeningActive_run-04_desc-preproc-audio-audiobook_2_1_eeg.npy,/home/fanyu/auditory_simulation_m6a/pub_01/s06/sparrkulee_v3.1/raw/derivatives/preprocessed_stimuli/audiobook_2_1_envelope.npy,sub-002_ses-shortstories01_task-listeningActive_run-04_eeg.bdf.gz,sub-002,ses-shortstories01,audiobook_2_1,PASS_VIRTUAL_INITIAL_QC,50619,133,0,WITHIN_3S_ADVISORY,64,PUBLISHER_CONSUMPTION_CONTRACT,0,1,UNASSIGNED,0,0,0.0,UNKNOWN,UNKNOWN,
sub-002_ses-shortstories01_task-listeningActive_run-05_eeg.bdf.gz,/home/fanyu/auditory_simulation_m6a/pub_01/s06/sparrkulee_v3.1/raw/derivatives/preprocessed_eeg/sub-002/ses-shortstories01/sub-002_ses-shortstories01_task-listeningActive_run-05_desc-preproc-audio-audiobook_2_2_eeg.npy,/home/fanyu/auditory_simulation_m6a/pub_01/s06/sparrkulee_v3.1/raw/derivatives/preprocessed_stimuli/audiobook_2_2_envelope.npy,sub-002_ses-shortstories01_task-listeningActive_run-05_eeg.bdf.gz,sub-002,ses-shortstories01,audiobook_2_2,PASS_VIRTUAL_INITIAL_QC,48747,2005,0,LARGE_TAIL_REVIEW,64,PUBLISHER_CONSUMPTION_CONTRACT,0,1,UNASSIGNED,0,0,0.0,UNKNOWN,UNKNOWN,
sub-002_ses-shortstories01_task-listeningActive_run-06_eeg.bdf.gz,/home/fanyu/auditory_simulation_m6a/pub_01/s06/sparrkulee_v3.1/raw/derivatives/preprocessed_eeg/sub-002/ses-shortstories01/sub-002_ses-shortstories01_task-listeningActive_run-06_desc-preproc-audio-audiobook_6_1_eeg.npy,/home/fanyu/auditory_simulation_m6a/pub_01/s06/sparrkulee_v3.1/raw/derivatives/preprocessed_stimuli/audiobook_6_1_envelope.npy,sub-002_ses-shortstories01_task-listeningActive_run-06_eeg.bdf.gz,sub-002,ses-shortstories01,audiobook_6_1,PASS_VIRTUAL_INITIAL_QC,53350,90,0,WITHIN_3S_ADVISORY,64,PUBLISHER_CONSUMPTION_CONTRACT,0,1,UNASSIGNED,0,0,0.0,UNKNOWN,UNKNOWN,
sub-002_ses-shortstories01_task-listeningActive_run-07_eeg.bdf.gz,/home/fanyu/auditory_simulation_m6a/pub_01/s06/sparrkulee_v3.1/raw/derivatives/preprocessed_eeg/sub-002/ses-shortstories01/sub-002_ses-shortstories01_task-listeningActive_run-07_desc-preproc-audio-audiobook_6_2_eeg.npy,/home/fanyu/auditory_simulation_m6a/pub_01/s06/sparrkulee_v3.1/raw/derivatives/preprocessed_stimuli/audiobook_6_2_envelope.npy,sub-002_ses-shortstories01_task-listeningActive_run-07_eeg.bdf.gz,sub-002,ses-shortstories01,audiobook_6_2,PASS_VIRTUAL_INITIAL_QC,53339,101,0,WITHIN_3S_ADVISORY,64,PUBLISHER_CONSUMPTION_CONTRACT,0,1,UNASSIGNED,0,0,0.0,UNKNOWN,UNKNOWN,
sub-002_ses-shortstories01_task-listeningActive_run-08_eeg.bdf.gz,/home/fanyu/auditory_simulation_m6a/pub_01/s06/sparrkulee_v3.1/raw/derivatives/preprocessed_eeg/sub-002/ses-shortstories01/sub-002_ses-shortstories01_task-listeningActive_run-08_desc-preproc-audio-audiobook_5_1_eeg.npy,/home/fanyu/auditory_simulation_m6a/pub_01/s06/sparrkulee_v3.1/raw/derivatives/preprocessed_stimuli/audiobook_5_1_envelope.npy,sub-002_ses-shortstories01_task-listeningActive_run-08_eeg.bdf.gz,sub-002,ses-shortstories01,audiobook_5_1,PASS_VIRTUAL_INITIAL_QC,57991,185,0,WITHIN_3S_ADVISORY,64,PUBLISHER_CONSUMPTION_CONTRACT,0,1,UNASSIGNED,0,0,0.0,UNKNOWN,UNKNOWN,
sub-002_ses-shortstories01_task-listeningActive_run-09_eeg.bdf.gz,/home/fanyu/auditory_simulation_m6a/pub_01/s06/sparrkulee_v3.1/raw/derivatives/preprocessed_eeg/sub-002/ses-shortstories01/sub-002_ses-shortstories01_task-listeningActive_run-09_desc-preproc-audio-audiobook_5_2_eeg.npy,/home/fanyu/auditory_simulation_m6a/pub_01/s06/sparrkulee_v3.1/raw/derivatives/preprocessed_stimuli/audiobook_5_2_envelope.npy,sub-002_ses-shortstories01_task-listeningActive_run-09_eeg.bdf.gz,sub-002,ses-shortstories01,audiobook_5_2,PASS_VIRTUAL_INITIAL_QC,58219,149,0,WITHIN_3S_ADVISORY,64,PUBLISHER_CONSUMPTION_CONTRACT,0,1,UNASSIGNED,0,0,0.0,UNKNOWN,UNKNOWN,
sub-002_ses-shortstories01_task-listeningActive_run-10_eeg.bdf.gz,/home/fanyu/auditory_simulation_m6a/pub_01/s06/sparrkulee_v3.1/raw/derivatives/preprocessed_eeg/sub-002/ses-shortstories01/sub-002_ses-shortstories01_task-listeningActive_run-10_desc-preproc-audio-audiobook_5_3_eeg.npy,/home/fanyu/auditory_simulation_m6a/pub_01/s06/sparrkulee_v3.1/raw/derivatives/preprocessed_stimuli/audiobook_5_3_envelope.npy,sub-002_ses-shortstories01_task-listeningActive_run-10_eeg.bdf.gz,sub-002,ses-shortstories01,audiobook_5_3,PASS_VIRTUAL_INITIAL_QC,60990,130,0,WITHIN_3S_ADVISORY,64,PUBLISHER_CONSUMPTION_CONTRACT,0,1,UNASSIGNED,0,0,0.0,UNKNOWN,UNKNOWN,
sub-002_ses-shortstories01_task-listeningActive_run-11_eeg.bdf.gz,/home/fanyu/auditory_simulation_m6a/pub_01/s06/sparrkulee_v3.1/raw/derivatives/preprocessed_eeg/sub-002/ses-shortstories01/sub-002_ses-shortstories01_task-listeningActive_run-11_desc-preproc-audio-audiobook_4_eeg.npy,/home/fanyu/auditory_simulation_m6a/pub_01/s06/sparrkulee_v3.1/raw/derivatives/preprocessed_stimuli/audiobook_4_envelope.npy,sub-002_ses-shortstories01_task-listeningActive_run-11_eeg.bdf.gz,sub-002,ses-shortstories01,audiobook_4,PASS_VIRTUAL_INITIAL_QC,52060,164,0,WITHIN_3S_ADVISORY,64,PUBLISHER_CONSUMPTION_CONTRACT,0,1,UNASSIGNED,0,0,0.0,UNKNOWN,UNKNOWN,
sub-003_ses-shortstories01_task-listeningActive_run-01_eeg.bdf.gz,/home/fanyu/auditory_simulation_m6a/pub_01/s06/sparrkulee_v3.1/raw/derivatives/preprocessed_eeg/sub-003/ses-shortstories01/sub-003_ses-shortstories01_task-listeningActive_run-01_desc-preproc-audio-audiobook_5_1_eeg.npy,/home/fanyu/auditory_simulation_m6a/pub_01/s06/sparrkulee_v3.1/raw/derivatives/preprocessed_stimuli/audiobook_5_1_envelope.npy,sub-003_ses-shortstories01_task-listeningActive_run-01_eeg.bdf.gz,sub-003,ses-shortstories01,audiobook_5_1,PASS_VIRTUAL_INITIAL_QC,57991,185,0,WITHIN_3S_ADVISORY,64,PUBLISHER_CONSUMPTION_CONTRACT,0,1,UNASSIGNED,0,0,0.0,UNKNOWN,UNKNOWN,
sub-003_ses-shortstories01_task-listeningActive_run-02_eeg.bdf.gz,/home/fanyu/auditory_simulation_m6a/pub_01/s06/sparrkulee_v3.1/raw/derivatives/preprocessed_eeg/sub-003/ses-shortstories01/sub-003_ses-shortstories01_task-listeningActive_run-02_desc-preproc-audio-audiobook_5_2_eeg.npy,/home/fanyu/auditory_simulation_m6a/pub_01/s06/sparrkulee_v3.1/raw/derivatives/preprocessed_stimuli/audiobook_5_2_envelope.npy,sub-003_ses-shortstories01_task-listeningActive_run-02_eeg.bdf.gz,sub-003,ses-shortstories01,audiobook_5_2,PASS_VIRTUAL_INITIAL_QC,58219,149,0,WITHIN_3S_ADVISORY,64,PUBLISHER_CONSUMPTION_CONTRACT,0,1,UNASSIGNED,0,0,0.0,UNKNOWN,UNKNOWN,
sub-003_ses-shortstories01_task-listeningActive_run-03_eeg.bdf.gz,/home/fanyu/auditory_simulation_m6a/pub_01/s06/sparrkulee_v3.1/raw/derivatives/preprocessed_eeg/sub-003/ses-shortstories01/sub-003_ses-shortstories01_task-listeningActive_run-03_desc-preproc-audio-audiobook_5_3_eeg.npy,/home/fanyu/auditory_simulation_m6a/pub_01/s06/sparrkulee_v3.1/raw/derivatives/preprocessed_stimuli/audiobook_5_3_envelope.npy,sub-003_ses-shortstories01_task-listeningActive_run-03_eeg.bdf.gz,sub-003,ses-shortstories01,audiobook_5_3,PASS_VIRTUAL_INITIAL_QC,60990,130,0,WITHIN_3S_ADVISORY,64,PUBLISHER_CONSUMPTION_CONTRACT,0,1,UNASSIGNED,0,0,0.0,UNKNOWN,UNKNOWN,
sub-003_ses-shortstories01_task-listeningActive_run-04_eeg.bdf.gz,/home/fanyu/auditory_simulation_m6a/pub_01/s06/sparrkulee_v3.1/raw/derivatives/preprocessed_eeg/sub-003/ses-shortstories01/sub-003_ses-shortstories01_task-listeningActive_run-04_desc-preproc-audio-audiobook_1_eeg.npy,/home/fanyu/auditory_simulation_m6a/pub_01/s06/sparrkulee_v3.1/raw/derivatives/preprocessed_stimuli/audiobook_1_envelope.npy,sub-003_ses-shortstories01_task-listeningActive_run-04_eeg.bdf.gz,sub-003,ses-shortstories01,audiobook_1,PASS_VIRTUAL_INITIAL_QC,59958,138,0,WITHIN_3S_ADVISORY,64,PUBLISHER_CONSUMPTION_CONTRACT,0,1,UNASSIGNED,0,0,0.0,UNKNOWN,UNKNOWN,
sub-003_ses-shortstories01_task-listeningActive_run-05_eeg.bdf.gz,/home/fanyu/auditory_simulation_m6a/pub_01/s06/sparrkulee_v3.1/raw/derivatives/preprocessed_eeg/sub-003/ses-shortstories01/sub-003_ses-shortstories01_task-listeningActive_run-05_desc-preproc-audio-audiobook_6_1_eeg.npy,/home/fanyu/auditory_simulation_m6a/pub_01/s06/sparrkulee_v3.1/raw/derivatives/preprocessed_stimuli/audiobook_6_1_envelope.npy,sub-003_ses-shortstories01_task-listeningActive_run-05_eeg.bdf.gz,sub-003,ses-shortstories01,audiobook_6_1,PASS_VIRTUAL_INITIAL_QC,53350,90,0,WITHIN_3S_ADVISORY,64,PUBLISHER_CONSUMPTION_CONTRACT,0,1,UNASSIGNED,0,0,0.0,UNKNOWN,UNKNOWN,
sub-003_ses-shortstories01_task-listeningActive_run-06_eeg.bdf.gz,/home/fanyu/auditory_simulation_m6a/pub_01/s06/sparrkulee_v3.1/raw/derivatives/preprocessed_eeg/sub-003/ses-shortstories01/sub-003_ses-shortstories01_task-listeningActive_run-06_desc-preproc-audio-audiobook_6_2_eeg.npy,/home/fanyu/auditory_simulation_m6a/pub_01/s06/sparrkulee_v3.1/raw/derivatives/preprocessed_stimuli/audiobook_6_2_envelope.npy,sub-003_ses-shortstories01_task-listeningActive_run-06_eeg.bdf.gz,sub-003,ses-shortstories01,audiobook_6_2,PASS_VIRTUAL_INITIAL_QC,53339,101,0,WITHIN_3S_ADVISORY,64,PUBLISHER_CONSUMPTION_CONTRACT,0,1,UNASSIGNED,0,0,0.0,UNKNOWN,UNKNOWN,
sub-003_ses-shortstories01_task-listeningActive_run-07_eeg.bdf.gz,/home/fanyu/auditory_simulation_m6a/pub_01/s06/sparrkulee_v3.1/raw/derivatives/preprocessed_eeg/sub-003/ses-shortstories01/sub-003_ses-shortstories01_task-listeningActive_run-07_desc-preproc-audio-audiobook_4_eeg.npy,/home/fanyu/auditory_simulation_m6a/pub_01/s06/sparrkulee_v3.1/raw/derivatives/preprocessed_stimuli/audiobook_4_envelope.npy,sub-003_ses-shortstories01_task-listeningActive_run-07_eeg.bdf.gz,sub-003,ses-shortstories01,audiobook_4,PASS_VIRTUAL_INITIAL_QC,52060,164,0,WITHIN_3S_ADVISORY,64,PUBLISHER_CONSUMPTION_CONTRACT,0,1,UNASSIGNED,0,0,0.0,UNKNOWN,UNKNOWN,
sub-003_ses-shortstories01_task-listeningActive_run-08_eeg.bdf.gz,/home/fanyu/auditory_simulation_m6a/pub_01/s06/sparrkulee_v3.1/raw/derivatives/preprocessed_eeg/sub-003/ses-shortstories01/sub-003_ses-shortstories01_task-listeningActive_run-08_desc-preproc-audio-audiobook_3_eeg.npy,/home/fanyu/auditory_simulation_m6a/pub_01/s06/sparrkulee_v3.1/raw/derivatives/preprocessed_stimuli/audiobook_3_envelope.npy,sub-003_ses-shortstories01_task-listeningActive_run-08_eeg.bdf.gz,sub-003,ses-shortstories01,audiobook_3,PASS_VIRTUAL_INITIAL_QC,61597,163,0,WITHIN_3S_ADVISORY,64,PUBLISHER_CONSUMPTION_CONTRACT,0,1,UNASSIGNED,0,0,0.0,UNKNOWN,UNKNOWN,
sub-003_ses-shortstories01_task-listeningActive_run-09_eeg.bdf.gz,/home/fanyu/auditory_simulation_m6a/pub_01/s06/sparrkulee_v3.1/raw/derivatives/preprocessed_eeg/sub-003/ses-shortstories01/sub-003_ses-shortstories01_task-listeningActive_run-09_desc-preproc-audio-audiobook_2_1_eeg.npy,/home/fanyu/auditory_simulation_m6a/pub_01/s06/sparrkulee_v3.1/raw/derivatives/preprocessed_stimuli/audiobook_2_1_envelope.npy,sub-003_ses-shortstories01_task-listeningActive_run-09_eeg.bdf.gz,sub-003,ses-shortstories01,audiobook_2_1,PASS_VIRTUAL_INITIAL_QC,50619,133,0,WITHIN_3S_ADVISORY,64,PUBLISHER_CONSUMPTION_CONTRACT,0,1,UNASSIGNED,0,0,0.0,UNKNOWN,UNKNOWN,
sub-003_ses-shortstories01_task-listeningActive_run-10_eeg.bdf.gz,/home/fanyu/auditory_simulation_m6a/pub_01/s06/sparrkulee_v3.1/raw/derivatives/preprocessed_eeg/sub-003/ses-shortstories01/sub-003_ses-shortstories01_task-listeningActive_run-10_desc-preproc-audio-audiobook_2_2_eeg.npy,/home/fanyu/auditory_simulation_m6a/pub_01/s06/sparrkulee_v3.1/raw/derivatives/preprocessed_stimuli/audiobook_2_2_envelope.npy,sub-003_ses-shortstories01_task-listeningActive_run-10_eeg.bdf.gz,sub-003,ses-shortstories01,audiobook_2_2,PASS_VIRTUAL_INITIAL_QC,48747,2005,0,LARGE_TAIL_REVIEW,64,PUBLISHER_CONSUMPTION_CONTRACT,0,1,UNASSIGNED,0,0,0.0,UNKNOWN,UNKNOWN,
sub-004_ses-shortstories01_task-listeningActive_run-01_eeg.bdf.gz,/home/fanyu/auditory_simulation_m6a/pub_01/s06/sparrkulee_v3.1/raw/derivatives/preprocessed_eeg/sub-004/ses-shortstories01/sub-004_ses-shortstories01_task-listeningActive_run-01_desc-preproc-audio-audiobook_2_1_eeg.npy,/home/fanyu/auditory_simulation_m6a/pub_01/s06/sparrkulee_v3.1/raw/derivatives/preprocessed_stimuli/audiobook_2_1_envelope.npy,sub-004_ses-shortstories01_task-listeningActive_run-01_eeg.bdf.gz,sub-004,ses-shortstories01,audiobook_2_1,PASS_VIRTUAL_INITIAL_QC,50619,133,0,WITHIN_3S_ADVISORY,64,PUBLISHER_CONSUMPTION_CONTRACT,0,1,UNASSIGNED,0,0,0.0,UNKNOWN,UNKNOWN,
sub-004_ses-shortstories01_task-listeningActive_run-02_eeg.bdf.gz,/home/fanyu/auditory_simulation_m6a/pub_01/s06/sparrkulee_v3.1/raw/derivatives/preprocessed_eeg/sub-004/ses-shortstories01/sub-004_ses-shortstories01_task-listeningActive_run-02_desc-preproc-audio-audiobook_2_2_eeg.npy,/home/fanyu/auditory_simulation_m6a/pub_01/s06/sparrkulee_v3.1/raw/derivatives/preprocessed_stimuli/audiobook_2_2_envelope.npy,sub-004_ses-shortstories01_task-listeningActive_run-02_eeg.bdf.gz,sub-004,ses-shortstories01,audiobook_2_2,PASS_VIRTUAL_INITIAL_QC,48747,2005,0,LARGE_TAIL_REVIEW,64,PUBLISHER_CONSUMPTION_CONTRACT,0,1,UNASSIGNED,0,0,0.0,UNKNOWN,UNKNOWN,
sub-004_ses-shortstories01_task-listeningActive_run-03_eeg.bdf.gz,/home/fanyu/auditory_simulation_m6a/pub_01/s06/sparrkulee_v3.1/raw/derivatives/preprocessed_eeg/sub-004/ses-shortstories01/sub-004_ses-shortstories01_task-listeningActive_run-03_desc-preproc-audio-audiobook_1_eeg.npy,/home/fanyu/auditory_simulation_m6a/pub_01/s06/sparrkulee_v3.1/raw/derivatives/preprocessed_stimuli/audiobook_1_envelope.npy,sub-004_ses-shortstories01_task-listeningActive_run-03_eeg.bdf.gz,sub-004,ses-shortstories01,audiobook_1,PASS_VIRTUAL_INITIAL_QC,59958,138,0,WITHIN_3S_ADVISORY,64,PUBLISHER_CONSUMPTION_CONTRACT,0,1,UNASSIGNED,0,0,0.0,UNKNOWN,UNKNOWN,
sub-004_ses-shortstories01_task-listeningActive_run-04_eeg.bdf.gz,/home/fanyu/auditory_simulation_m6a/pub_01/s06/sparrkulee_v3.1/raw/derivatives/preprocessed_eeg/sub-004/ses-shortstories01/sub-004_ses-shortstories01_task-listeningActive_run-04_desc-preproc-audio-audiobook_3_eeg.npy,/home/fanyu/auditory_simulation_m6a/pub_01/s06/sparrkulee_v3.1/raw/derivatives/preprocessed_stimuli/audiobook_3_envelope.npy,sub-004_ses-shortstories01_task-listeningActive_run-04_eeg.bdf.gz,sub-004,ses-shortstories01,audiobook_3,PASS_VIRTUAL_INITIAL_QC,61597,163,0,WITHIN_3S_ADVISORY,64,PUBLISHER_CONSUMPTION_CONTRACT,0,1,UNASSIGNED,0,0,0.0,UNKNOWN,UNKNOWN,
sub-005_ses-shortstories01_task-listeningActive_run-01_eeg.bdf.gz,/home/fanyu/auditory_simulation_m6a/pub_01/s06/sparrkulee_v3.1/raw/derivatives/preprocessed_eeg/sub-005/ses-shortstories01/sub-005_ses-shortstories01_task-listeningActive_run-01_desc-preproc-audio-audiobook_6_1_eeg.npy,/home/fanyu/auditory_simulation_m6a/pub_01/s06/sparrkulee_v3.1/raw/derivatives/preprocessed_stimuli/audiobook_6_1_envelope.npy,sub-005_ses-shortstories01_task-listeningActive_run-01_eeg.bdf.gz,sub-005,ses-shortstories01,audiobook_6_1,PASS_VIRTUAL_INITIAL_QC,53350,90,0,WITHIN_3S_ADVISORY,64,PUBLISHER_CONSUMPTION_CONTRACT,0,1,UNASSIGNED,0,0,0.0,UNKNOWN,UNKNOWN,
sub-005_ses-shortstories01_task-listeningActive_run-02_eeg.bdf.gz,/home/fanyu/auditory_simulation_m6a/pub_01/s06/sparrkulee_v3.1/raw/derivatives/preprocessed_eeg/sub-005/ses-shortstories01/sub-005_ses-shortstories01_task-listeningActive_run-02_desc-preproc-audio-audiobook_6_2_eeg.npy,/home/fanyu/auditory_simulation_m6a/pub_01/s06/sparrkulee_v3.1/raw/derivatives/preprocessed_stimuli/audiobook_6_2_envelope.npy,sub-005_ses-shortstories01_task-listeningActive_run-02_eeg.bdf.gz,sub-005,ses-shortstories01,audiobook_6_2,PASS_VIRTUAL_INITIAL_QC,53339,101,0,WITHIN_3S_ADVISORY,64,PUBLISHER_CONSUMPTION_CONTRACT,0,1,UNASSIGNED,0,0,0.0,UNKNOWN,UNKNOWN,
sub-005_ses-shortstories01_task-listeningActive_run-03_eeg.bdf.gz,/home/fanyu/auditory_simulation_m6a/pub_01/s06/sparrkulee_v3.1/raw/derivatives/preprocessed_eeg/sub-005/ses-shortstories01/sub-005_ses-shortstories01_task-listeningActive_run-03_desc-preproc-audio-audiobook_5_1_eeg.npy,/home/fanyu/auditory_simulation_m6a/pub_01/s06/sparrkulee_v3.1/raw/derivatives/preprocessed_stimuli/audiobook_5_1_envelope.npy,sub-005_ses-shortstories01_task-listeningActive_run-03_eeg.bdf.gz,sub-005,ses-shortstories01,audiobook_5_1,PASS_VIRTUAL_INITIAL_QC,57991,185,0,WITHIN_3S_ADVISORY,64,PUBLISHER_CONSUMPTION_CONTRACT,0,1,UNASSIGNED,0,0,0.0,UNKNOWN,UNKNOWN,
sub-005_ses-shortstories01_task-listeningActive_run-04_eeg.bdf.gz,/home/fanyu/auditory_simulation_m6a/pub_01/s06/sparrkulee_v3.1/raw/derivatives/preprocessed_eeg/sub-005/ses-shortstories01/sub-005_ses-shortstories01_task-listeningActive_run-04_desc-preproc-audio-audiobook_5_2_eeg.npy,/home/fanyu/auditory_simulation_m6a/pub_01/s06/sparrkulee_v3.1/raw/derivatives/preprocessed_stimuli/audiobook_5_2_envelope.npy,sub-005_ses-shortstories01_task-listeningActive_run-04_eeg.bdf.gz,sub-005,ses-shortstories01,audiobook_5_2,PASS_VIRTUAL_INITIAL_QC,58219,149,0,WITHIN_3S_ADVISORY,64,PUBLISHER_CONSUMPTION_CONTRACT,0,1,UNASSIGNED,0,0,0.0,UNKNOWN,UNKNOWN,
sub-005_ses-shortstories01_task-listeningActive_run-05_eeg.bdf.gz,/home/fanyu/auditory_simulation_m6a/pub_01/s06/sparrkulee_v3.1/raw/derivatives/preprocessed_eeg/sub-005/ses-shortstories01/sub-005_ses-shortstories01_task-listeningActive_run-05_desc-preproc-audio-audiobook_5_3_eeg.npy,/home/fanyu/auditory_simulation_m6a/pub_01/s06/sparrkulee_v3.1/raw/derivatives/preprocessed_stimuli/audiobook_5_3_envelope.npy,sub-005_ses-shortstories01_task-listeningActive_run-05_eeg.bdf.gz,sub-005,ses-shortstories01,audiobook_5_3,PASS_VIRTUAL_INITIAL_QC,60990,130,0,WITHIN_3S_ADVISORY,64,PUBLISHER_CONSUMPTION_CONTRACT,0,1,UNASSIGNED,0,0,0.0,UNKNOWN,UNKNOWN,
sub-005_ses-shortstories01_task-listeningActive_run-06_eeg.bdf.gz,/home/fanyu/auditory_simulation_m6a/pub_01/s06/sparrkulee_v3.1/raw/derivatives/preprocessed_eeg/sub-005/ses-shortstories01/sub-005_ses-shortstories01_task-listeningActive_run-06_desc-preproc-audio-audiobook_1_eeg.npy,/home/fanyu/auditory_simulation_m6a/pub_01/s06/sparrkulee_v3.1/raw/derivatives/preprocessed_stimuli/audiobook_1_envelope.npy,sub-005_ses-shortstories01_task-listeningActive_run-06_eeg.bdf.gz,sub-005,ses-shortstories01,audiobook_1,PASS_VIRTUAL_INITIAL_QC,59958,138,0,WITHIN_3S_ADVISORY,64,PUBLISHER_CONSUMPTION_CONTRACT,0,1,UNASSIGNED,0,0,0.0,UNKNOWN,UNKNOWN,
sub-005_ses-shortstories01_task-listeningActive_run-07_eeg.bdf.gz,/home/fanyu/auditory_simulation_m6a/pub_01/s06/sparrkulee_v3.1/raw/derivatives/preprocessed_eeg/sub-005/ses-shortstories01/sub-005_ses-shortstories01_task-listeningActive_run-07_desc-preproc-audio-audiobook_2_1_eeg.npy,/home/fanyu/auditory_simulation_m6a/pub_01/s06/sparrkulee_v3.1/raw/derivatives/preprocessed_stimuli/audiobook_2_1_envelope.npy,sub-005_ses-shortstories01_task-listeningActive_run-07_eeg.bdf.gz,sub-005,ses-shortstories01,audiobook_2_1,PASS_VIRTUAL_INITIAL_QC,50619,133,0,WITHIN_3S_ADVISORY,64,PUBLISHER_CONSUMPTION_CONTRACT,0,1,UNASSIGNED,0,0,0.0,UNKNOWN,UNKNOWN,
sub-005_ses-shortstories01_task-listeningActive_run-08_eeg.bdf.gz,/home/fanyu/auditory_simulation_m6a/pub_01/s06/sparrkulee_v3.1/raw/derivatives/preprocessed_eeg/sub-005/ses-shortstories01/sub-005_ses-shortstories01_task-listeningActive_run-08_desc-preproc-audio-audiobook_2_2_eeg.npy,/home/fanyu/auditory_simulation_m6a/pub_01/s06/sparrkulee_v3.1/raw/derivatives/preprocessed_stimuli/audiobook_2_2_envelope.npy,sub-005_ses-shortstories01_task-listeningActive_run-08_eeg.bdf.gz,sub-005,ses-shortstories01,audiobook_2_2,PASS_VIRTUAL_INITIAL_QC,48747,2005,0,LARGE_TAIL_REVIEW,64,PUBLISHER_CONSUMPTION_CONTRACT,0,1,UNASSIGNED,0,0,0.0,UNKNOWN,UNKNOWN,
sub-005_ses-shortstories01_task-listeningActive_run-10_eeg.bdf.gz,/home/fanyu/auditory_simulation_m6a/pub_01/s06/sparrkulee_v3.1/raw/derivatives/preprocessed_eeg/sub-005/ses-shortstories01/sub-005_ses-shortstories01_task-listeningActive_run-10_desc-preproc-audio-audiobook_3_eeg.npy,/home/fanyu/auditory_simulation_m6a/pub_01/s06/sparrkulee_v3.1/raw/derivatives/preprocessed_stimuli/audiobook_3_envelope.npy,sub-005_ses-shortstories01_task-listeningActive_run-10_eeg.bdf.gz,sub-005,ses-shortstories01,audiobook_3,PASS_VIRTUAL_INITIAL_QC,61597,163,0,WITHIN_3S_ADVISORY,64,PUBLISHER_CONSUMPTION_CONTRACT,0,1,UNASSIGNED,0,0,0.0,UNKNOWN,UNKNOWN,
sub-006_ses-shortstories01_task-listeningActive_run-01_eeg.bdf.gz,/home/fanyu/auditory_simulation_m6a/pub_01/s06/sparrkulee_v3.1/raw/derivatives/preprocessed_eeg/sub-006/ses-shortstories01/sub-006_ses-shortstories01_task-listeningActive_run-01_desc-preproc-audio-audiobook_4_eeg.npy,/home/fanyu/auditory_simulation_m6a/pub_01/s06/sparrkulee_v3.1/raw/derivatives/preprocessed_stimuli/audiobook_4_envelope.npy,sub-006_ses-shortstories01_task-listeningActive_run-01_eeg.bdf.gz,sub-006,ses-shortstories01,audiobook_4,PASS_VIRTUAL_INITIAL_QC,52060,164,0,WITHIN_3S_ADVISORY,64,PUBLISHER_CONSUMPTION_CONTRACT,0,1,UNASSIGNED,0,0,0.0,UNKNOWN,UNKNOWN,
sub-006_ses-shortstories01_task-listeningActive_run-02_eeg.bdf.gz,/home/fanyu/auditory_simulation_m6a/pub_01/s06/sparrkulee_v3.1/raw/derivatives/preprocessed_eeg/sub-006/ses-shortstories01/sub-006_ses-shortstories01_task-listeningActive_run-02_desc-preproc-audio-audiobook_1_eeg.npy,/home/fanyu/auditory_simulation_m6a/pub_01/s06/sparrkulee_v3.1/raw/derivatives/preprocessed_stimuli/audiobook_1_envelope.npy,sub-006_ses-shortstories01_task-listeningActive_run-02_eeg.bdf.gz,sub-006,ses-shortstories01,audiobook_1,PASS_VIRTUAL_INITIAL_QC,59958,138,0,WITHIN_3S_ADVISORY,64,PUBLISHER_CONSUMPTION_CONTRACT,0,1,UNASSIGNED,0,0,0.0,UNKNOWN,UNKNOWN,
sub-006_ses-shortstories01_task-listeningActive_run-03_eeg.bdf.gz,/home/fanyu/auditory_simulation_m6a/pub_01/s06/sparrkulee_v3.1/raw/derivatives/preprocessed_eeg/sub-006/ses-shortstories01/sub-006_ses-shortstories01_task-listeningActive_run-03_desc-preproc-audio-audiobook_6_1_eeg.npy,/home/fanyu/auditory_simulation_m6a/pub_01/s06/sparrkulee_v3.1/raw/derivatives/preprocessed_stimuli/audiobook_6_1_envelope.npy,sub-006_ses-shortstories01_task-listeningActive_run-03_eeg.bdf.gz,sub-006,ses-shortstories01,audiobook_6_1,PASS_VIRTUAL_INITIAL_QC,53350,90,0,WITHIN_3S_ADVISORY,64,PUBLISHER_CONSUMPTION_CONTRACT,0,1,UNASSIGNED,0,0,0.0,UNKNOWN,UNKNOWN,
sub-006_ses-shortstories01_task-listeningActive_run-04_eeg.bdf.gz,/home/fanyu/auditory_simulation_m6a/pub_01/s06/sparrkulee_v3.1/raw/derivatives/preprocessed_eeg/sub-006/ses-shortstories01/sub-006_ses-shortstories01_task-listeningActive_run-04_desc-preproc-audio-audiobook_6_2_eeg.npy,/home/fanyu/auditory_simulation_m6a/pub_01/s06/sparrkulee_v3.1/raw/derivatives/preprocessed_stimuli/audiobook_6_2_envelope.npy,sub-006_ses-shortstories01_task-listeningActive_run-04_eeg.bdf.gz,sub-006,ses-shortstories01,audiobook_6_2,PASS_VIRTUAL_INITIAL_QC,53339,101,0,WITHIN_3S_ADVISORY,64,PUBLISHER_CONSUMPTION_CONTRACT,0,1,UNASSIGNED,0,0,0.0,UNKNOWN,UNKNOWN,
sub-006_ses-shortstories01_task-listeningActive_run-05_eeg.bdf.gz,/home/fanyu/auditory_simulation_m6a/pub_01/s06/sparrkulee_v3.1/raw/derivatives/preprocessed_eeg/sub-006/ses-shortstories01/sub-006_ses-shortstories01_task-listeningActive_run-05_desc-preproc-audio-audiobook_5_1_eeg.npy,/home/fanyu/auditory_simulation_m6a/pub_01/s06/sparrkulee_v3.1/raw/derivatives/preprocessed_stimuli/audiobook_5_1_envelope.npy,sub-006_ses-shortstories01_task-listeningActive_run-05_eeg.bdf.gz,sub-006,ses-shortstories01,audiobook_5_1,PASS_VIRTUAL_INITIAL_QC,57991,185,0,WITHIN_3S_ADVISORY,64,PUBLISHER_CONSUMPTION_CONTRACT,0,1,UNASSIGNED,0,0,0.0,UNKNOWN,UNKNOWN,
sub-006_ses-shortstories01_task-listeningActive_run-07_eeg.bdf.gz,/home/fanyu/auditory_simulation_m6a/pub_01/s06/sparrkulee_v3.1/raw/derivatives/preprocessed_eeg/sub-006/ses-shortstories01/sub-006_ses-shortstories01_task-listeningActive_run-07_desc-preproc-audio-audiobook_5_3_eeg.npy,/home/fanyu/auditory_simulation_m6a/pub_01/s06/sparrkulee_v3.1/raw/derivatives/preprocessed_stimuli/audiobook_5_3_envelope.npy,sub-006_ses-shortstories01_task-listeningActive_run-07_eeg.bdf.gz,sub-006,ses-shortstories01,audiobook_5_3,PASS_VIRTUAL_INITIAL_QC,60990,130,0,WITHIN_3S_ADVISORY,64,PUBLISHER_CONSUMPTION_CONTRACT,0,1,UNASSIGNED,0,0,0.0,UNKNOWN,UNKNOWN,
sub-006_ses-shortstories01_task-listeningActive_run-08_eeg.bdf.gz,/home/fanyu/auditory_simulation_m6a/pub_01/s06/sparrkulee_v3.1/raw/derivatives/preprocessed_eeg/sub-006/ses-shortstories01/sub-006_ses-shortstories01_task-listeningActive_run-08_desc-preproc-audio-audiobook_3_eeg.npy,/home/fanyu/auditory_simulation_m6a/pub_01/s06/sparrkulee_v3.1/raw/derivatives/preprocessed_stimuli/audiobook_3_envelope.npy,sub-006_ses-shortstories01_task-listeningActive_run-08_eeg.bdf.gz,sub-006,ses-shortstories01,audiobook_3,PASS_VIRTUAL_INITIAL_QC,61597,163,0,WITHIN_3S_ADVISORY,64,PUBLISHER_CONSUMPTION_CONTRACT,0,1,UNASSIGNED,0,0,0.0,UNKNOWN,UNKNOWN,
sub-006_ses-shortstories01_task-listeningActive_run-09_eeg.bdf.gz,/home/fanyu/auditory_simulation_m6a/pub_01/s06/sparrkulee_v3.1/raw/derivatives/preprocessed_eeg/sub-006/ses-shortstories01/sub-006_ses-shortstories01_task-listeningActive_run-09_desc-preproc-audio-audiobook_2_1_eeg.npy,/home/fanyu/auditory_simulation_m6a/pub_01/s06/sparrkulee_v3.1/raw/derivatives/preprocessed_stimuli/audiobook_2_1_envelope.npy,sub-006_ses-shortstories01_task-listeningActive_run-09_eeg.bdf.gz,sub-006,ses-shortstories01,audiobook_2_1,PASS_VIRTUAL_INITIAL_QC,50619,133,0,WITHIN_3S_ADVISORY,64,PUBLISHER_CONSUMPTION_CONTRACT,0,1,UNASSIGNED,0,0,0.0,UNKNOWN,UNKNOWN,
sub-006_ses-shortstories01_task-listeningActive_run-10_eeg.bdf.gz,/home/fanyu/auditory_simulation_m6a/pub_01/s06/sparrkulee_v3.1/raw/derivatives/preprocessed_eeg/sub-006/ses-shortstories01/sub-006_ses-shortstories01_task-listeningActive_run-10_desc-preproc-audio-audiobook_2_2_eeg.npy,/home/fanyu/auditory_simulation_m6a/pub_01/s06/sparrkulee_v3.1/raw/derivatives/preprocessed_stimuli/audiobook_2_2_envelope.npy,sub-006_ses-shortstories01_task-listeningActive_run-10_eeg.bdf.gz,sub-006,ses-shortstories01,audiobook_2_2,PASS_VIRTUAL_INITIAL_QC,48747,2005,0,LARGE_TAIL_REVIEW,64,PUBLISHER_CONSUMPTION_CONTRACT,0,1,UNASSIGNED,0,0,0.0,UNKNOWN,UNKNOWN,
sub-007_ses-shortstories01_task-listeningActive_run-01_eeg.bdf.gz,/home/fanyu/auditory_simulation_m6a/pub_01/s06/sparrkulee_v3.1/raw/derivatives/preprocessed_eeg/sub-007/ses-shortstories01/sub-007_ses-shortstories01_task-listeningActive_run-01_desc-preproc-audio-audiobook_5_1_eeg.npy,/home/fanyu/auditory_simulation_m6a/pub_01/s06/sparrkulee_v3.1/raw/derivatives/preprocessed_stimuli/audiobook_5_1_envelope.npy,sub-007_ses-shortstories01_task-listeningActive_run-01_eeg.bdf.gz,sub-007,ses-shortstories01,audiobook_5_1,PASS_VIRTUAL_INITIAL_QC,57991,185,0,WITHIN_3S_ADVISORY,64,PUBLISHER_CONSUMPTION_CONTRACT,0,1,UNASSIGNED,0,0,0.0,UNKNOWN,UNKNOWN,
sub-007_ses-shortstories01_task-listeningActive_run-02_eeg.bdf.gz,/home/fanyu/auditory_simulation_m6a/pub_01/s06/sparrkulee_v3.1/raw/derivatives/preprocessed_eeg/sub-007/ses-shortstories01/sub-007_ses-shortstories01_task-listeningActive_run-02_desc-preproc-audio-audiobook_5_2_eeg.npy,/home/fanyu/auditory_simulation_m6a/pub_01/s06/sparrkulee_v3.1/raw/derivatives/preprocessed_stimuli/audiobook_5_2_envelope.npy,sub-007_ses-shortstories01_task-listeningActive_run-02_eeg.bdf.gz,sub-007,ses-shortstories01,audiobook_5_2,PASS_VIRTUAL_INITIAL_QC,58219,149,0,WITHIN_3S_ADVISORY,64,PUBLISHER_CONSUMPTION_CONTRACT,0,1,UNASSIGNED,0,0,0.0,UNKNOWN,UNKNOWN,
sub-007_ses-shortstories01_task-listeningActive_run-03_eeg.bdf.gz,/home/fanyu/auditory_simulation_m6a/pub_01/s06/sparrkulee_v3.1/raw/derivatives/preprocessed_eeg/sub-007/ses-shortstories01/sub-007_ses-shortstories01_task-listeningActive_run-03_desc-preproc-audio-audiobook_5_3_eeg.npy,/home/fanyu/auditory_simulation_m6a/pub_01/s06/sparrkulee_v3.1/raw/derivatives/preprocessed_stimuli/audiobook_5_3_envelope.npy,sub-007_ses-shortstories01_task-listeningActive_run-03_eeg.bdf.gz,sub-007,ses-shortstories01,audiobook_5_3,PASS_VIRTUAL_INITIAL_QC,60990,130,0,WITHIN_3S_ADVISORY,64,PUBLISHER_CONSUMPTION_CONTRACT,0,1,UNASSIGNED,0,0,0.0,UNKNOWN,UNKNOWN,
sub-007_ses-shortstories01_task-listeningActive_run-04_eeg.bdf.gz,/home/fanyu/auditory_simulation_m6a/pub_01/s06/sparrkulee_v3.1/raw/derivatives/preprocessed_eeg/sub-007/ses-shortstories01/sub-007_ses-shortstories01_task-listeningActive_run-04_desc-preproc-audio-audiobook_1_eeg.npy,/home/fanyu/auditory_simulation_m6a/pub_01/s06/sparrkulee_v3.1/raw/derivatives/preprocessed_stimuli/audiobook_1_envelope.npy,sub-007_ses-shortstories01_task-listeningActive_run-04_eeg.bdf.gz,sub-007,ses-shortstories01,audiobook_1,PASS_VIRTUAL_INITIAL_QC,59958,138,0,WITHIN_3S_ADVISORY,64,PUBLISHER_CONSUMPTION_CONTRACT,0,1,UNASSIGNED,0,0,0.0,UNKNOWN,UNKNOWN,
sub-007_ses-shortstories01_task-listeningActive_run-05_eeg.bdf.gz,/home/fanyu/auditory_simulation_m6a/pub_01/s06/sparrkulee_v3.1/raw/derivatives/preprocessed_eeg/sub-007/ses-shortstories01/sub-007_ses-shortstories01_task-listeningActive_run-05_desc-preproc-audio-audiobook_6_1_eeg.npy,/home/fanyu/auditory_simulation_m6a/pub_01/s06/sparrkulee_v3.1/raw/derivatives/preprocessed_stimuli/audiobook_6_1_envelope.npy,sub-007_ses-shortstories01_task-listeningActive_run-05_eeg.bdf.gz,sub-007,ses-shortstories01,audiobook_6_1,PASS_VIRTUAL_INITIAL_QC,53350,90,0,WITHIN_3S_ADVISORY,64,PUBLISHER_CONSUMPTION_CONTRACT,0,1,UNASSIGNED,0,0,0.0,UNKNOWN,UNKNOWN,
sub-007_ses-shortstories01_task-listeningActive_run-06_eeg.bdf.gz,/home/fanyu/auditory_simulation_m6a/pub_01/s06/sparrkulee_v3.1/raw/derivatives/preprocessed_eeg/sub-007/ses-shortstories01/sub-007_ses-shortstories01_task-listeningActive_run-06_desc-preproc-audio-audiobook_6_2_eeg.npy,/home/fanyu/auditory_simulation_m6a/pub_01/s06/sparrkulee_v3.1/raw/derivatives/preprocessed_stimuli/audiobook_6_2_envelope.npy,sub-007_ses-shortstories01_task-listeningActive_run-06_eeg.bdf.gz,sub-007,ses-shortstories01,audiobook_6_2,PASS_VIRTUAL_INITIAL_QC,53339,101,0,WITHIN_3S_ADVISORY,64,PUBLISHER_CONSUMPTION_CONTRACT,0,1,UNASSIGNED,0,0,0.0,UNKNOWN,UNKNOWN,
sub-007_ses-shortstories01_task-listeningActive_run-07_eeg.bdf.gz,/home/fanyu/auditory_simulation_m6a/pub_01/s06/sparrkulee_v3.1/raw/derivatives/preprocessed_eeg/sub-007/ses-shortstories01/sub-007_ses-shortstories01_task-listeningActive_run-07_desc-preproc-audio-audiobook_3_eeg.npy,/home/fanyu/auditory_simulation_m6a/pub_01/s06/sparrkulee_v3.1/raw/derivatives/preprocessed_stimuli/audiobook_3_envelope.npy,sub-007_ses-shortstories01_task-listeningActive_run-07_eeg.bdf.gz,sub-007,ses-shortstories01,audiobook_3,PASS_VIRTUAL_INITIAL_QC,61597,163,0,WITHIN_3S_ADVISORY,64,PUBLISHER_CONSUMPTION_CONTRACT,0,1,UNASSIGNED,0,0,0.0,UNKNOWN,UNKNOWN,
sub-007_ses-shortstories01_task-listeningActive_run-08_eeg.bdf.gz,/home/fanyu/auditory_simulation_m6a/pub_01/s06/sparrkulee_v3.1/raw/derivatives/preprocessed_eeg/sub-007/ses-shortstories01/sub-007_ses-shortstories01_task-listeningActive_run-08_desc-preproc-audio-audiobook_4_eeg.npy,/home/fanyu/auditory_simulation_m6a/pub_01/s06/sparrkulee_v3.1/raw/derivatives/preprocessed_stimuli/audiobook_4_envelope.npy,sub-007_ses-shortstories01_task-listeningActive_run-08_eeg.bdf.gz,sub-007,ses-shortstories01,audiobook_4,PASS_VIRTUAL_INITIAL_QC,52060,164,0,WITHIN_3S_ADVISORY,64,PUBLISHER_CONSUMPTION_CONTRACT,0,1,UNASSIGNED,0,0,0.0,UNKNOWN,UNKNOWN,
sub-007_ses-shortstories01_task-listeningActive_run-09_eeg.bdf.gz,/home/fanyu/auditory_simulation_m6a/pub_01/s06/sparrkulee_v3.1/raw/derivatives/preprocessed_eeg/sub-007/ses-shortstories01/sub-007_ses-shortstories01_task-listeningActive_run-09_desc-preproc-audio-audiobook_2_1_eeg.npy,/home/fanyu/auditory_simulation_m6a/pub_01/s06/sparrkulee_v3.1/raw/derivatives/preprocessed_stimuli/audiobook_2_1_envelope.npy,sub-007_ses-shortstories01_task-listeningActive_run-09_eeg.bdf.gz,sub-007,ses-shortstories01,audiobook_2_1,PASS_VIRTUAL_INITIAL_QC,50619,133,0,WITHIN_3S_ADVISORY,64,PUBLISHER_CONSUMPTION_CONTRACT,0,1,UNASSIGNED,0,0,0.0,UNKNOWN,UNKNOWN,
sub-007_ses-shortstories01_task-listeningActive_run-10_eeg.bdf.gz,/home/fanyu/auditory_simulation_m6a/pub_01/s06/sparrkulee_v3.1/raw/derivatives/preprocessed_eeg/sub-007/ses-shortstories01/sub-007_ses-shortstories01_task-listeningActive_run-10_desc-preproc-audio-audiobook_2_2_eeg.npy,/home/fanyu/auditory_simulation_m6a/pub_01/s06/sparrkulee_v3.1/raw/derivatives/preprocessed_stimuli/audiobook_2_2_envelope.npy,sub-007_ses-shortstories01_task-listeningActive_run-10_eeg.bdf.gz,sub-007,ses-shortstories01,audiobook_2_2,PASS_VIRTUAL_INITIAL_QC,48747,2005,0,LARGE_TAIL_REVIEW,64,PUBLISHER_CONSUMPTION_CONTRACT,0,1,UNASSIGNED,0,0,0.0,UNKNOWN,UNKNOWN,
sub-008_ses-shortstories01_task-listeningActive_run-01_eeg.bdf.gz,/home/fanyu/auditory_simulation_m6a/pub_01/s06/sparrkulee_v3.1/raw/derivatives/preprocessed_eeg/sub-008/ses-shortstories01/sub-008_ses-shortstories01_task-listeningActive_run-01_desc-preproc-audio-audiobook_3_eeg.npy,/home/fanyu/auditory_simulation_m6a/pub_01/s06/sparrkulee_v3.1/raw/derivatives/preprocessed_stimuli/audiobook_3_envelope.npy,sub-008_ses-shortstories01_task-listeningActive_run-01_eeg.bdf.gz,sub-008,ses-shortstories01,audiobook_3,PASS_VIRTUAL_INITIAL_QC,61597,163,0,WITHIN_3S_ADVISORY,64,PUBLISHER_CONSUMPTION_CONTRACT,0,1,UNASSIGNED,0,0,0.0,UNKNOWN,UNKNOWN,
sub-008_ses-shortstories01_task-listeningActive_run-02_eeg.bdf.gz,/home/fanyu/auditory_simulation_m6a/pub_01/s06/sparrkulee_v3.1/raw/derivatives/preprocessed_eeg/sub-008/ses-shortstories01/sub-008_ses-shortstories01_task-listeningActive_run-02_desc-preproc-audio-audiobook_6_1_eeg.npy,/home/fanyu/auditory_simulation_m6a/pub_01/s06/sparrkulee_v3.1/raw/derivatives/preprocessed_stimuli/audiobook_6_1_envelope.npy,sub-008_ses-shortstories01_task-listeningActive_run-02_eeg.bdf.gz,sub-008,ses-shortstories01,audiobook_6_1,PASS_VIRTUAL_INITIAL_QC,53350,90,0,WITHIN_3S_ADVISORY,64,PUBLISHER_CONSUMPTION_CONTRACT,0,1,UNASSIGNED,0,0,0.0,UNKNOWN,UNKNOWN,
sub-008_ses-shortstories01_task-listeningActive_run-03_eeg.bdf.gz,/home/fanyu/auditory_simulation_m6a/pub_01/s06/sparrkulee_v3.1/raw/derivatives/preprocessed_eeg/sub-008/ses-shortstories01/sub-008_ses-shortstories01_task-listeningActive_run-03_desc-preproc-audio-audiobook_6_2_eeg.npy,/home/fanyu/auditory_simulation_m6a/pub_01/s06/sparrkulee_v3.1/raw/derivatives/preprocessed_stimuli/audiobook_6_2_envelope.npy,sub-008_ses-shortstories01_task-listeningActive_run-03_eeg.bdf.gz,sub-008,ses-shortstories01,audiobook_6_2,PASS_VIRTUAL_INITIAL_QC,53339,101,0,WITHIN_3S_ADVISORY,64,PUBLISHER_CONSUMPTION_CONTRACT,0,1,UNASSIGNED,0,0,0.0,UNKNOWN,UNKNOWN,
sub-008_ses-shortstories01_task-listeningActive_run-04_eeg.bdf.gz,/home/fanyu/auditory_simulation_m6a/pub_01/s06/sparrkulee_v3.1/raw/derivatives/preprocessed_eeg/sub-008/ses-shortstories01/sub-008_ses-shortstories01_task-listeningActive_run-04_desc-preproc-audio-audiobook_1_eeg.npy,/home/fanyu/auditory_simulation_m6a/pub_01/s06/sparrkulee_v3.1/raw/derivatives/preprocessed_stimuli/audiobook_1_envelope.npy,sub-008_ses-shortstories01_task-listeningActive_run-04_eeg.bdf.gz,sub-008,ses-shortstories01,audiobook_1,PASS_VIRTUAL_INITIAL_QC,59958,138,0,WITHIN_3S_ADVISORY,64,PUBLISHER_CONSUMPTION_CONTRACT,0,1,UNASSIGNED,0,0,0.0,UNKNOWN,UNKNOWN,
sub-008_ses-shortstories01_task-listeningActive_run-05_eeg.bdf.gz,/home/fanyu/auditory_simulation_m6a/pub_01/s06/sparrkulee_v3.1/raw/derivatives/preprocessed_eeg/sub-008/ses-shortstories01/sub-008_ses-shortstories01_task-listeningActive_run-05_desc-preproc-audio-audiobook_4_eeg.npy,/home/fanyu/auditory_simulation_m6a/pub_01/s06/sparrkulee_v3.1/raw/derivatives/preprocessed_stimuli/audiobook_4_envelope.npy,sub-008_ses-shortstories01_task-listeningActive_run-05_eeg.bdf.gz,sub-008,ses-shortstories01,audiobook_4,PASS_VIRTUAL_INITIAL_QC,52060,164,0,WITHIN_3S_ADVISORY,64,PUBLISHER_CONSUMPTION_CONTRACT,0,1,UNASSIGNED,0,0,0.0,UNKNOWN,UNKNOWN,
sub-008_ses-shortstories01_task-listeningActive_run-06_eeg.bdf.gz,/home/fanyu/auditory_simulation_m6a/pub_01/s06/sparrkulee_v3.1/raw/derivatives/preprocessed_eeg/sub-008/ses-shortstories01/sub-008_ses-shortstories01_task-listeningActive_run-06_desc-preproc-audio-audiobook_5_1_eeg.npy,/home/fanyu/auditory_simulation_m6a/pub_01/s06/sparrkulee_v3.1/raw/derivatives/preprocessed_stimuli/audiobook_5_1_envelope.npy,sub-008_ses-shortstories01_task-listeningActive_run-06_eeg.bdf.gz,sub-008,ses-shortstories01,audiobook_5_1,PASS_VIRTUAL_INITIAL_QC,57991,185,0,WITHIN_3S_ADVISORY,64,PUBLISHER_CONSUMPTION_CONTRACT,0,1,UNASSIGNED,0,0,0.0,UNKNOWN,UNKNOWN,
sub-008_ses-shortstories01_task-listeningActive_run-07_eeg.bdf.gz,/home/fanyu/auditory_simulation_m6a/pub_01/s06/sparrkulee_v3.1/raw/derivatives/preprocessed_eeg/sub-008/ses-shortstories01/sub-008_ses-shortstories01_task-listeningActive_run-07_desc-preproc-audio-audiobook_5_2_eeg.npy,/home/fanyu/auditory_simulation_m6a/pub_01/s06/sparrkulee_v3.1/raw/derivatives/preprocessed_stimuli/audiobook_5_2_envelope.npy,sub-008_ses-shortstories01_task-listeningActive_run-07_eeg.bdf.gz,sub-008,ses-shortstories01,audiobook_5_2,PASS_VIRTUAL_INITIAL_QC,58219,149,0,WITHIN_3S_ADVISORY,64,PUBLISHER_CONSUMPTION_CONTRACT,0,1,UNASSIGNED,0,0,0.0,UNKNOWN,UNKNOWN,
sub-008_ses-shortstories01_task-listeningActive_run-08_eeg.bdf.gz,/home/fanyu/auditory_simulation_m6a/pub_01/s06/sparrkulee_v3.1/raw/derivatives/preprocessed_eeg/sub-008/ses-shortstories01/sub-008_ses-shortstories01_task-listeningActive_run-08_desc-preproc-audio-audiobook_5_3_eeg.npy,/home/fanyu/auditory_simulation_m6a/pub_01/s06/sparrkulee_v3.1/raw/derivatives/preprocessed_stimuli/audiobook_5_3_envelope.npy,sub-008_ses-shortstories01_task-listeningActive_run-08_eeg.bdf.gz,sub-008,ses-shortstories01,audiobook_5_3,PASS_VIRTUAL_INITIAL_QC,60990,130,0,WITHIN_3S_ADVISORY,64,PUBLISHER_CONSUMPTION_CONTRACT,0,1,UNASSIGNED,0,0,0.0,UNKNOWN,UNKNOWN,
sub-008_ses-shortstories01_task-listeningActive_run-09_eeg.bdf.gz,/home/fanyu/auditory_simulation_m6a/pub_01/s06/sparrkulee_v3.1/raw/derivatives/preprocessed_eeg/sub-008/ses-shortstories01/sub-008_ses-shortstories01_task-listeningActive_run-09_desc-preproc-audio-audiobook_2_1_eeg.npy,/home/fanyu/auditory_simulation_m6a/pub_01/s06/sparrkulee_v3.1/raw/derivatives/preprocessed_stimuli/audiobook_2_1_envelope.npy,sub-008_ses-shortstories01_task-listeningActive_run-09_eeg.bdf.gz,sub-008,ses-shortstories01,audiobook_2_1,PASS_VIRTUAL_INITIAL_QC,50619,133,0,WITHIN_3S_ADVISORY,64,PUBLISHER_CONSUMPTION_CONTRACT,0,1,UNASSIGNED,0,0,0.0,UNKNOWN,UNKNOWN,
sub-008_ses-shortstories01_task-listeningActive_run-10_eeg.bdf.gz,/home/fanyu/auditory_simulation_m6a/pub_01/s06/sparrkulee_v3.1/raw/derivatives/preprocessed_eeg/sub-008/ses-shortstories01/sub-008_ses-shortstories01_task-listeningActive_run-10_desc-preproc-audio-audiobook_2_2_eeg.npy,/home/fanyu/auditory_simulation_m6a/pub_01/s06/sparrkulee_v3.1/raw/derivatives/preprocessed_stimuli/audiobook_2_2_envelope.npy,sub-008_ses-shortstories01_task-listeningActive_run-10_eeg.bdf.gz,sub-008,ses-shortstories01,audiobook_2_2,PASS_VIRTUAL_INITIAL_QC,48747,2005,0,LARGE_TAIL_REVIEW,64,PUBLISHER_CONSUMPTION_CONTRACT,0,1,UNASSIGNED,0,0,0.0,UNKNOWN,UNKNOWN,
sub-009_ses-shortstories01_task-listeningActive_run-01_eeg.bdf.gz,/home/fanyu/auditory_simulation_m6a/pub_01/s06/sparrkulee_v3.1/raw/derivatives/preprocessed_eeg/sub-009/ses-shortstories01/sub-009_ses-shortstories01_task-listeningActive_run-01_desc-preproc-audio-audiobook_1_eeg.npy,/home/fanyu/auditory_simulation_m6a/pub_01/s06/sparrkulee_v3.1/raw/derivatives/preprocessed_stimuli/audiobook_1_envelope.npy,sub-009_ses-shortstories01_task-listeningActive_run-01_eeg.bdf.gz,sub-009,ses-shortstories01,audiobook_1,PASS_VIRTUAL_INITIAL_QC,59958,138,0,WITHIN_3S_ADVISORY,64,PUBLISHER_CONSUMPTION_CONTRACT,0,1,UNASSIGNED,0,0,0.0,UNKNOWN,UNKNOWN,
sub-009_ses-shortstories01_task-listeningActive_run-02_eeg.bdf.gz,/home/fanyu/auditory_simulation_m6a/pub_01/s06/sparrkulee_v3.1/raw/derivatives/preprocessed_eeg/sub-009/ses-shortstories01/sub-009_ses-shortstories01_task-listeningActive_run-02_desc-preproc-audio-audiobook_3_eeg.npy,/home/fanyu/auditory_simulation_m6a/pub_01/s06/sparrkulee_v3.1/raw/derivatives/preprocessed_stimuli/audiobook_3_envelope.npy,sub-009_ses-shortstories01_task-listeningActive_run-02_eeg.bdf.gz,sub-009,ses-shortstories01,audiobook_3,PASS_VIRTUAL_INITIAL_QC,61597,163,0,WITHIN_3S_ADVISORY,64,PUBLISHER_CONSUMPTION_CONTRACT,0,1,UNASSIGNED,0,0,0.0,UNKNOWN,UNKNOWN,
sub-009_ses-shortstories01_task-listeningActive_run-03_eeg.bdf.gz,/home/fanyu/auditory_simulation_m6a/pub_01/s06/sparrkulee_v3.1/raw/derivatives/preprocessed_eeg/sub-009/ses-shortstories01/sub-009_ses-shortstories01_task-listeningActive_run-03_desc-preproc-audio-audiobook_6_1_eeg.npy,/home/fanyu/auditory_simulation_m6a/pub_01/s06/sparrkulee_v3.1/raw/derivatives/preprocessed_stimuli/audiobook_6_1_envelope.npy,sub-009_ses-shortstories01_task-listeningActive_run-03_eeg.bdf.gz,sub-009,ses-shortstories01,audiobook_6_1,PASS_VIRTUAL_INITIAL_QC,53350,90,0,WITHIN_3S_ADVISORY,64,PUBLISHER_CONSUMPTION_CONTRACT,0,1,UNASSIGNED,0,0,0.0,UNKNOWN,UNKNOWN,
sub-009_ses-shortstories01_task-listeningActive_run-04_eeg.bdf.gz,/home/fanyu/auditory_simulation_m6a/pub_01/s06/sparrkulee_v3.1/raw/derivatives/preprocessed_eeg/sub-009/ses-shortstories01/sub-009_ses-shortstories01_task-listeningActive_run-04_desc-preproc-audio-audiobook_6_2_eeg.npy,/home/fanyu/auditory_simulation_m6a/pub_01/s06/sparrkulee_v3.1/raw/derivatives/preprocessed_stimuli/audiobook_6_2_envelope.npy,sub-009_ses-shortstories01_task-listeningActive_run-04_eeg.bdf.gz,sub-009,ses-shortstories01,audiobook_6_2,PASS_VIRTUAL_INITIAL_QC,53339,101,0,WITHIN_3S_ADVISORY,64,PUBLISHER_CONSUMPTION_CONTRACT,0,1,UNASSIGNED,0,0,0.0,UNKNOWN,UNKNOWN,
sub-009_ses-shortstories01_task-listeningActive_run-05_eeg.bdf.gz,/home/fanyu/auditory_simulation_m6a/pub_01/s06/sparrkulee_v3.1/raw/derivatives/preprocessed_eeg/sub-009/ses-shortstories01/sub-009_ses-shortstories01_task-listeningActive_run-05_desc-preproc-audio-audiobook_4_eeg.npy,/home/fanyu/auditory_simulation_m6a/pub_01/s06/sparrkulee_v3.1/raw/derivatives/preprocessed_stimuli/audiobook_4_envelope.npy,sub-009_ses-shortstories01_task-listeningActive_run-05_eeg.bdf.gz,sub-009,ses-shortstories01,audiobook_4,PASS_VIRTUAL_INITIAL_QC,52060,164,0,WITHIN_3S_ADVISORY,64,PUBLISHER_CONSUMPTION_CONTRACT,0,1,UNASSIGNED,0,0,0.0,UNKNOWN,UNKNOWN,
sub-009_ses-shortstories01_task-listeningActive_run-06_eeg.bdf.gz,/home/fanyu/auditory_simulation_m6a/pub_01/s06/sparrkulee_v3.1/raw/derivatives/preprocessed_eeg/sub-009/ses-shortstories01/sub-009_ses-shortstories01_task-listeningActive_run-06_desc-preproc-audio-audiobook_2_1_eeg.npy,/home/fanyu/auditory_simulation_m6a/pub_01/s06/sparrkulee_v3.1/raw/derivatives/preprocessed_stimuli/audiobook_2_1_envelope.npy,sub-009_ses-shortstories01_task-listeningActive_run-06_eeg.bdf.gz,sub-009,ses-shortstories01,audiobook_2_1,PASS_VIRTUAL_INITIAL_QC,50619,133,0,WITHIN_3S_ADVISORY,64,PUBLISHER_CONSUMPTION_CONTRACT,0,1,UNASSIGNED,0,0,0.0,UNKNOWN,UNKNOWN,
sub-009_ses-shortstories01_task-listeningActive_run-07_eeg.bdf.gz,/home/fanyu/auditory_simulation_m6a/pub_01/s06/sparrkulee_v3.1/raw/derivatives/preprocessed_eeg/sub-009/ses-shortstories01/sub-009_ses-shortstories01_task-listeningActive_run-07_desc-preproc-audio-audiobook_2_2_eeg.npy,/home/fanyu/auditory_simulation_m6a/pub_01/s06/sparrkulee_v3.1/raw/derivatives/preprocessed_stimuli/audiobook_2_2_envelope.npy,sub-009_ses-shortstories01_task-listeningActive_run-07_eeg.bdf.gz,sub-009,ses-shortstories01,audiobook_2_2,PASS_VIRTUAL_INITIAL_QC,48747,2005,0,LARGE_TAIL_REVIEW,64,PUBLISHER_CONSUMPTION_CONTRACT,0,1,UNASSIGNED,0,0,0.0,UNKNOWN,UNKNOWN,
sub-009_ses-shortstories01_task-listeningActive_run-08_eeg.bdf.gz,/home/fanyu/auditory_simulation_m6a/pub_01/s06/sparrkulee_v3.1/raw/derivatives/preprocessed_eeg/sub-009/ses-shortstories01/sub-009_ses-shortstories01_task-listeningActive_run-08_desc-preproc-audio-audiobook_5_1_eeg.npy,/home/fanyu/auditory_simulation_m6a/pub_01/s06/sparrkulee_v3.1/raw/derivatives/preprocessed_stimuli/audiobook_5_1_envelope.npy,sub-009_ses-shortstories01_task-listeningActive_run-08_eeg.bdf.gz,sub-009,ses-shortstories01,audiobook_5_1,PASS_VIRTUAL_INITIAL_QC,57991,185,0,WITHIN_3S_ADVISORY,64,PUBLISHER_CONSUMPTION_CONTRACT,0,1,UNASSIGNED,0,0,0.0,UNKNOWN,UNKNOWN,
sub-009_ses-shortstories01_task-listeningActive_run-09_eeg.bdf.gz,/home/fanyu/auditory_simulation_m6a/pub_01/s06/sparrkulee_v3.1/raw/derivatives/preprocessed_eeg/sub-009/ses-shortstories01/sub-009_ses-shortstories01_task-listeningActive_run-09_desc-preproc-audio-audiobook_5_2_eeg.npy,/home/fanyu/auditory_simulation_m6a/pub_01/s06/sparrkulee_v3.1/raw/derivatives/preprocessed_stimuli/audiobook_5_2_envelope.npy,sub-009_ses-shortstories01_task-listeningActive_run-09_eeg.bdf.gz,sub-009,ses-shortstories01,audiobook_5_2,PASS_VIRTUAL_INITIAL_QC,58219,149,0,WITHIN_3S_ADVISORY,64,PUBLISHER_CONSUMPTION_CONTRACT,0,1,UNASSIGNED,0,0,0.0,UNKNOWN,UNKNOWN,
sub-009_ses-shortstories01_task-listeningActive_run-10_eeg.bdf.gz,/home/fanyu/auditory_simulation_m6a/pub_01/s06/sparrkulee_v3.1/raw/derivatives/preprocessed_eeg/sub-009/ses-shortstories01/sub-009_ses-shortstories01_task-listeningActive_run-10_desc-preproc-audio-audiobook_5_3_eeg.npy,/home/fanyu/auditory_simulation_m6a/pub_01/s06/sparrkulee_v3.1/raw/derivatives/preprocessed_stimuli/audiobook_5_3_envelope.npy,sub-009_ses-shortstories01_task-listeningActive_run-10_eeg.bdf.gz,sub-009,ses-shortstories01,audiobook_5_3,PASS_VIRTUAL_INITIAL_QC,60990,130,0,WITHIN_3S_ADVISORY,64,PUBLISHER_CONSUMPTION_CONTRACT,0,1,UNASSIGNED,0,0,0.0,UNKNOWN,UNKNOWN,
sub-010_ses-shortstories01_task-listeningActive_run-01_eeg.bdf.gz,/home/fanyu/auditory_simulation_m6a/pub_01/s06/sparrkulee_v3.1/raw/derivatives/preprocessed_eeg/sub-010/ses-shortstories01/sub-010_ses-shortstories01_task-listeningActive_run-01_desc-preproc-audio-audiobook_2_1_eeg.npy,/home/fanyu/auditory_simulation_m6a/pub_01/s06/sparrkulee_v3.1/raw/derivatives/preprocessed_stimuli/audiobook_2_1_envelope.npy,sub-010_ses-shortstories01_task-listeningActive_run-01_eeg.bdf.gz,sub-010,ses-shortstories01,audiobook_2_1,PASS_VIRTUAL_INITIAL_QC,50619,133,0,WITHIN_3S_ADVISORY,64,PUBLISHER_CONSUMPTION_CONTRACT,0,1,UNASSIGNED,0,0,0.0,UNKNOWN,UNKNOWN,
sub-010_ses-shortstories01_task-listeningActive_run-02_eeg.bdf.gz,/home/fanyu/auditory_simulation_m6a/pub_01/s06/sparrkulee_v3.1/raw/derivatives/preprocessed_eeg/sub-010/ses-shortstories01/sub-010_ses-shortstories01_task-listeningActive_run-02_desc-preproc-audio-audiobook_2_2_eeg.npy,/home/fanyu/auditory_simulation_m6a/pub_01/s06/sparrkulee_v3.1/raw/derivatives/preprocessed_stimuli/audiobook_2_2_envelope.npy,sub-010_ses-shortstories01_task-listeningActive_run-02_eeg.bdf.gz,sub-010,ses-shortstories01,audiobook_2_2,PASS_VIRTUAL_INITIAL_QC,48747,2005,0,LARGE_TAIL_REVIEW,64,PUBLISHER_CONSUMPTION_CONTRACT,0,1,UNASSIGNED,0,0,0.0,UNKNOWN,UNKNOWN,
sub-010_ses-shortstories01_task-listeningActive_run-03_eeg.bdf.gz,/home/fanyu/auditory_simulation_m6a/pub_01/s06/sparrkulee_v3.1/raw/derivatives/preprocessed_eeg/sub-010/ses-shortstories01/sub-010_ses-shortstories01_task-listeningActive_run-03_desc-preproc-audio-audiobook_6_1_eeg.npy,/home/fanyu/auditory_simulation_m6a/pub_01/s06/sparrkulee_v3.1/raw/derivatives/preprocessed_stimuli/audiobook_6_1_envelope.npy,sub-010_ses-shortstories01_task-listeningActive_run-03_eeg.bdf.gz,sub-010,ses-shortstories01,audiobook_6_1,PASS_VIRTUAL_INITIAL_QC,53350,90,0,WITHIN_3S_ADVISORY,64,PUBLISHER_CONSUMPTION_CONTRACT,0,1,UNASSIGNED,0,0,0.0,UNKNOWN,UNKNOWN,
sub-010_ses-shortstories01_task-listeningActive_run-04_eeg.bdf.gz,/home/fanyu/auditory_simulation_m6a/pub_01/s06/sparrkulee_v3.1/raw/derivatives/preprocessed_eeg/sub-010/ses-shortstories01/sub-010_ses-shortstories01_task-listeningActive_run-04_desc-preproc-audio-audiobook_6_2_eeg.npy,/home/fanyu/auditory_simulation_m6a/pub_01/s06/sparrkulee_v3.1/raw/derivatives/preprocessed_stimuli/audiobook_6_2_envelope.npy,sub-010_ses-shortstories01_task-listeningActive_run-04_eeg.bdf.gz,sub-010,ses-shortstories01,audiobook_6_2,PASS_VIRTUAL_INITIAL_QC,53339,101,0,WITHIN_3S_ADVISORY,64,PUBLISHER_CONSUMPTION_CONTRACT,0,1,UNASSIGNED,0,0,0.0,UNKNOWN,UNKNOWN,
sub-010_ses-shortstories01_task-listeningActive_run-05_eeg.bdf.gz,/home/fanyu/auditory_simulation_m6a/pub_01/s06/sparrkulee_v3.1/raw/derivatives/preprocessed_eeg/sub-010/ses-shortstories01/sub-010_ses-shortstories01_task-listeningActive_run-05_desc-preproc-audio-audiobook_5_1_eeg.npy,/home/fanyu/auditory_simulation_m6a/pub_01/s06/sparrkulee_v3.1/raw/derivatives/preprocessed_stimuli/audiobook_5_1_envelope.npy,sub-010_ses-shortstories01_task-listeningActive_run-05_eeg.bdf.gz,sub-010,ses-shortstories01,audiobook_5_1,PASS_VIRTUAL_INITIAL_QC,57991,185,0,WITHIN_3S_ADVISORY,64,PUBLISHER_CONSUMPTION_CONTRACT,0,1,UNASSIGNED,0,0,0.0,UNKNOWN,UNKNOWN,
sub-010_ses-shortstories01_task-listeningActive_run-06_eeg.bdf.gz,/home/fanyu/auditory_simulation_m6a/pub_01/s06/sparrkulee_v3.1/raw/derivatives/preprocessed_eeg/sub-010/ses-shortstories01/sub-010_ses-shortstories01_task-listeningActive_run-06_desc-preproc-audio-audiobook_5_2_eeg.npy,/home/fanyu/auditory_simulation_m6a/pub_01/s06/sparrkulee_v3.1/raw/derivatives/preprocessed_stimuli/audiobook_5_2_envelope.npy,sub-010_ses-shortstories01_task-listeningActive_run-06_eeg.bdf.gz,sub-010,ses-shortstories01,audiobook_5_2,PASS_VIRTUAL_INITIAL_QC,58219,149,0,WITHIN_3S_ADVISORY,64,PUBLISHER_CONSUMPTION_CONTRACT,0,1,UNASSIGNED,0,0,0.0,UNKNOWN,UNKNOWN,
sub-010_ses-shortstories01_task-listeningActive_run-07_eeg.bdf.gz,/home/fanyu/auditory_simulation_m6a/pub_01/s06/sparrkulee_v3.1/raw/derivatives/preprocessed_eeg/sub-010/ses-shortstories01/sub-010_ses-shortstories01_task-listeningActive_run-07_desc-preproc-audio-audiobook_5_3_eeg.npy,/home/fanyu/auditory_simulation_m6a/pub_01/s06/sparrkulee_v3.1/raw/derivatives/preprocessed_stimuli/audiobook_5_3_envelope.npy,sub-010_ses-shortstories01_task-listeningActive_run-07_eeg.bdf.gz,sub-010,ses-shortstories01,audiobook_5_3,PASS_VIRTUAL_INITIAL_QC,60990,130,0,WITHIN_3S_ADVISORY,64,PUBLISHER_CONSUMPTION_CONTRACT,0,1,UNASSIGNED,0,0,0.0,UNKNOWN,UNKNOWN,
sub-010_ses-shortstories01_task-listeningActive_run-08_eeg.bdf.gz,/home/fanyu/auditory_simulation_m6a/pub_01/s06/sparrkulee_v3.1/raw/derivatives/preprocessed_eeg/sub-010/ses-shortstories01/sub-010_ses-shortstories01_task-listeningActive_run-08_desc-preproc-audio-audiobook_1_eeg.npy,/home/fanyu/auditory_simulation_m6a/pub_01/s06/sparrkulee_v3.1/raw/derivatives/preprocessed_stimuli/audiobook_1_envelope.npy,sub-010_ses-shortstories01_task-listeningActive_run-08_eeg.bdf.gz,sub-010,ses-shortstories01,audiobook_1,PASS_VIRTUAL_INITIAL_QC,59958,138,0,WITHIN_3S_ADVISORY,64,PUBLISHER_CONSUMPTION_CONTRACT,0,1,UNASSIGNED,0,0,0.0,UNKNOWN,UNKNOWN,
sub-010_ses-shortstories01_task-listeningActive_run-09_eeg.bdf.gz,/home/fanyu/auditory_simulation_m6a/pub_01/s06/sparrkulee_v3.1/raw/derivatives/preprocessed_eeg/sub-010/ses-shortstories01/sub-010_ses-shortstories01_task-listeningActive_run-09_desc-preproc-audio-audiobook_4_eeg.npy,/home/fanyu/auditory_simulation_m6a/pub_01/s06/sparrkulee_v3.1/raw/derivatives/preprocessed_stimuli/audiobook_4_envelope.npy,sub-010_ses-shortstories01_task-listeningActive_run-09_eeg.bdf.gz,sub-010,ses-shortstories01,audiobook_4,PASS_VIRTUAL_INITIAL_QC,52060,164,0,WITHIN_3S_ADVISORY,64,PUBLISHER_CONSUMPTION_CONTRACT,0,1,UNASSIGNED,0,0,0.0,UNKNOWN,UNKNOWN,
sub-010_ses-shortstories01_task-listeningActive_run-10_eeg.bdf.gz,/home/fanyu/auditory_simulation_m6a/pub_01/s06/sparrkulee_v3.1/raw/derivatives/preprocessed_eeg/sub-010/ses-shortstories01/sub-010_ses-shortstories01_task-listeningActive_run-10_desc-preproc-audio-audiobook_3_eeg.npy,/home/fanyu/auditory_simulation_m6a/pub_01/s06/sparrkulee_v3.1/raw/derivatives/preprocessed_stimuli/audiobook_3_envelope.npy,sub-010_ses-shortstories01_task-listeningActive_run-10_eeg.bdf.gz,sub-010,ses-shortstories01,audiobook_3,PASS_VIRTUAL_INITIAL_QC,61597,163,0,WITHIN_3S_ADVISORY,64,PUBLISHER_CONSUMPTION_CONTRACT,0,1,UNASSIGNED,0,0,0.0,UNKNOWN,UNKNOWN,
sub-011_ses-shortstories01_task-listeningActive_run-01_eeg.bdf.gz,/home/fanyu/auditory_simulation_m6a/pub_01/s06/sparrkulee_v3.1/raw/derivatives/preprocessed_eeg/sub-011/ses-shortstories01/sub-011_ses-shortstories01_task-listeningActive_run-01_desc-preproc-audio-audiobook_2_1_eeg.npy,/home/fanyu/auditory_simulation_m6a/pub_01/s06/sparrkulee_v3.1/raw/derivatives/preprocessed_stimuli/audiobook_2_1_envelope.npy,sub-011_ses-shortstories01_task-listeningActive_run-01_eeg.bdf.gz,sub-011,ses-shortstories01,audiobook_2_1,PASS_VIRTUAL_INITIAL_QC,50619,133,0,WITHIN_3S_ADVISORY,64,PUBLISHER_CONSUMPTION_CONTRACT,0,1,UNASSIGNED,0,0,0.0,UNKNOWN,UNKNOWN,
sub-011_ses-shortstories01_task-listeningActive_run-02_eeg.bdf.gz,/home/fanyu/auditory_simulation_m6a/pub_01/s06/sparrkulee_v3.1/raw/derivatives/preprocessed_eeg/sub-011/ses-shortstories01/sub-011_ses-shortstories01_task-listeningActive_run-02_desc-preproc-audio-audiobook_2_2_eeg.npy,/home/fanyu/auditory_simulation_m6a/pub_01/s06/sparrkulee_v3.1/raw/derivatives/preprocessed_stimuli/audiobook_2_2_envelope.npy,sub-011_ses-shortstories01_task-listeningActive_run-02_eeg.bdf.gz,sub-011,ses-shortstories01,audiobook_2_2,PASS_VIRTUAL_INITIAL_QC,48747,2005,0,LARGE_TAIL_REVIEW,64,PUBLISHER_CONSUMPTION_CONTRACT,0,1,UNASSIGNED,0,0,0.0,UNKNOWN,UNKNOWN,
sub-011_ses-shortstories01_task-listeningActive_run-03_eeg.bdf.gz,/home/fanyu/auditory_simulation_m6a/pub_01/s06/sparrkulee_v3.1/raw/derivatives/preprocessed_eeg/sub-011/ses-shortstories01/sub-011_ses-shortstories01_task-listeningActive_run-03_desc-preproc-audio-audiobook_4_eeg.npy,/home/fanyu/auditory_simulation_m6a/pub_01/s06/sparrkulee_v3.1/raw/derivatives/preprocessed_stimuli/audiobook_4_envelope.npy,sub-011_ses-shortstories01_task-listeningActive_run-03_eeg.bdf.gz,sub-011,ses-shortstories01,audiobook_4,PASS_VIRTUAL_INITIAL_QC,52060,164,0,WITHIN_3S_ADVISORY,64,PUBLISHER_CONSUMPTION_CONTRACT,0,1,UNASSIGNED,0,0,0.0,UNKNOWN,UNKNOWN,
sub-011_ses-shortstories01_task-listeningActive_run-04_eeg.bdf.gz,/home/fanyu/auditory_simulation_m6a/pub_01/s06/sparrkulee_v3.1/raw/derivatives/preprocessed_eeg/sub-011/ses-shortstories01/sub-011_ses-shortstories01_task-listeningActive_run-04_desc-preproc-audio-audiobook_3_eeg.npy,/home/fanyu/auditory_simulation_m6a/pub_01/s06/sparrkulee_v3.1/raw/derivatives/preprocessed_stimuli/audiobook_3_envelope.npy,sub-011_ses-shortstories01_task-listeningActive_run-04_eeg.bdf.gz,sub-011,ses-shortstories01,audiobook_3,PASS_VIRTUAL_INITIAL_QC,61597,163,0,WITHIN_3S_ADVISORY,64,PUBLISHER_CONSUMPTION_CONTRACT,0,1,UNASSIGNED,0,0,0.0,UNKNOWN,UNKNOWN,
sub-011_ses-shortstories01_task-listeningActive_run-05_eeg.bdf.gz,/home/fanyu/auditory_simulation_m6a/pub_01/s06/sparrkulee_v3.1/raw/derivatives/preprocessed_eeg/sub-011/ses-shortstories01/sub-011_ses-shortstories01_task-listeningActive_run-05_desc-preproc-audio-audiobook_1_eeg.npy,/home/fanyu/auditory_simulation_m6a/pub_01/s06/sparrkulee_v3.1/raw/derivatives/preprocessed_stimuli/audiobook_1_envelope.npy,sub-011_ses-shortstories01_task-listeningActive_run-05_eeg.bdf.gz,sub-011,ses-shortstories01,audiobook_1,PASS_VIRTUAL_INITIAL_QC,59958,138,0,WITHIN_3S_ADVISORY,64,PUBLISHER_CONSUMPTION_CONTRACT,0,1,UNASSIGNED,0,0,0.0,UNKNOWN,UNKNOWN,
sub-011_ses-shortstories01_task-listeningActive_run-06_eeg.bdf.gz,/home/fanyu/auditory_simulation_m6a/pub_01/s06/sparrkulee_v3.1/raw/derivatives/preprocessed_eeg/sub-011/ses-shortstories01/sub-011_ses-shortstories01_task-listeningActive_run-06_desc-preproc-audio-audiobook_6_1_eeg.npy,/home/fanyu/auditory_simulation_m6a/pub_01/s06/sparrkulee_v3.1/raw/derivatives/preprocessed_stimuli/audiobook_6_1_envelope.npy,sub-011_ses-shortstories01_task-listeningActive_run-06_eeg.bdf.gz,sub-011,ses-shortstories01,audiobook_6_1,PASS_VIRTUAL_INITIAL_QC,53350,154,0,WITHIN_3S_ADVISORY,64,PUBLISHER_CONSUMPTION_CONTRACT,0,1,UNASSIGNED,0,0,0.0,UNKNOWN,UNKNOWN,
sub-011_ses-shortstories01_task-listeningActive_run-07_eeg.bdf.gz,/home/fanyu/auditory_simulation_m6a/pub_01/s06/sparrkulee_v3.1/raw/derivatives/preprocessed_eeg/sub-011/ses-shortstories01/sub-011_ses-shortstories01_task-listeningActive_run-07_desc-preproc-audio-audiobook_6_2_eeg.npy,/home/fanyu/auditory_simulation_m6a/pub_01/s06/sparrkulee_v3.1/raw/derivatives/preprocessed_stimuli/audiobook_6_2_envelope.npy,sub-011_ses-shortstories01_task-listeningActive_run-07_eeg.bdf.gz,sub-011,ses-shortstories01,audiobook_6_2,PASS_VIRTUAL_INITIAL_QC,53339,101,0,WITHIN_3S_ADVISORY,64,PUBLISHER_CONSUMPTION_CONTRACT,0,1,UNASSIGNED,0,0,0.0,UNKNOWN,UNKNOWN,
sub-011_ses-shortstories01_task-listeningActive_run-08_eeg.bdf.gz,/home/fanyu/auditory_simulation_m6a/pub_01/s06/sparrkulee_v3.1/raw/derivatives/preprocessed_eeg/sub-011/ses-shortstories01/sub-011_ses-shortstories01_task-listeningActive_run-08_desc-preproc-audio-audiobook_5_1_eeg.npy,/home/fanyu/auditory_simulation_m6a/pub_01/s06/sparrkulee_v3.1/raw/derivatives/preprocessed_stimuli/audiobook_5_1_envelope.npy,sub-011_ses-shortstories01_task-listeningActive_run-08_eeg.bdf.gz,sub-011,ses-shortstories01,audiobook_5_1,PASS_VIRTUAL_INITIAL_QC,57991,185,0,WITHIN_3S_ADVISORY,64,PUBLISHER_CONSUMPTION_CONTRACT,0,1,UNASSIGNED,0,0,0.0,UNKNOWN,UNKNOWN,
sub-011_ses-shortstories01_task-listeningActive_run-09_eeg.bdf.gz,/home/fanyu/auditory_simulation_m6a/pub_01/s06/sparrkulee_v3.1/raw/derivatives/preprocessed_eeg/sub-011/ses-shortstories01/sub-011_ses-shortstories01_task-listeningActive_run-09_desc-preproc-audio-audiobook_5_2_eeg.npy,/home/fanyu/auditory_simulation_m6a/pub_01/s06/sparrkulee_v3.1/raw/derivatives/preprocessed_stimuli/audiobook_5_2_envelope.npy,sub-011_ses-shortstories01_task-listeningActive_run-09_eeg.bdf.gz,sub-011,ses-shortstories01,audiobook_5_2,PASS_VIRTUAL_INITIAL_QC,58219,149,0,WITHIN_3S_ADVISORY,64,PUBLISHER_CONSUMPTION_CONTRACT,0,1,UNASSIGNED,0,0,0.0,UNKNOWN,UNKNOWN,
sub-011_ses-shortstories01_task-listeningActive_run-10_eeg.bdf.gz,/home/fanyu/auditory_simulation_m6a/pub_01/s06/sparrkulee_v3.1/raw/derivatives/preprocessed_eeg/sub-011/ses-shortstories01/sub-011_ses-shortstories01_task-listeningActive_run-10_desc-preproc-audio-audiobook_5_3_eeg.npy,/home/fanyu/auditory_simulation_m6a/pub_01/s06/sparrkulee_v3.1/raw/derivatives/preprocessed_stimuli/audiobook_5_3_envelope.npy,sub-011_ses-shortstories01_task-listeningActive_run-10_eeg.bdf.gz,sub-011,ses-shortstories01,audiobook_5_3,PASS_VIRTUAL_INITIAL_QC,60990,130,0,WITHIN_3S_ADVISORY,64,PUBLISHER_CONSUMPTION_CONTRACT,0,1,UNASSIGNED,0,0,0.0,UNKNOWN,UNKNOWN,
sub-012_ses-shortstories01_task-listeningActive_run-01_eeg.bdf.gz,/home/fanyu/auditory_simulation_m6a/pub_01/s06/sparrkulee_v3.1/raw/derivatives/preprocessed_eeg/sub-012/ses-shortstories01/sub-012_ses-shortstories01_task-listeningActive_run-01_desc-preproc-audio-audiobook_6_1_eeg.npy,/home/fanyu/auditory_simulation_m6a/pub_01/s06/sparrkulee_v3.1/raw/derivatives/preprocessed_stimuli/audiobook_6_1_envelope.npy,sub-012_ses-shortstories01_task-listeningActive_run-01_eeg.bdf.gz,sub-012,ses-shortstories01,audiobook_6_1,PASS_VIRTUAL_INITIAL_QC,53350,90,0,WITHIN_3S_ADVISORY,64,PUBLISHER_CONSUMPTION_CONTRACT,0,1,UNASSIGNED,0,0,0.0,UNKNOWN,UNKNOWN,
sub-012_ses-shortstories01_task-listeningActive_run-02_eeg.bdf.gz,/home/fanyu/auditory_simulation_m6a/pub_01/s06/sparrkulee_v3.1/raw/derivatives/preprocessed_eeg/sub-012/ses-shortstories01/sub-012_ses-shortstories01_task-listeningActive_run-02_desc-preproc-audio-audiobook_6_2_eeg.npy,/home/fanyu/auditory_simulation_m6a/pub_01/s06/sparrkulee_v3.1/raw/derivatives/preprocessed_stimuli/audiobook_6_2_envelope.npy,sub-012_ses-shortstories01_task-listeningActive_run-02_eeg.bdf.gz,sub-012,ses-shortstories01,audiobook_6_2,PASS_VIRTUAL_INITIAL_QC,53339,101,0,WITHIN_3S_ADVISORY,64,PUBLISHER_CONSUMPTION_CONTRACT,0,1,UNASSIGNED,0,0,0.0,UNKNOWN,UNKNOWN,
sub-012_ses-shortstories01_task-listeningActive_run-03_eeg.bdf.gz,/home/fanyu/auditory_simulation_m6a/pub_01/s06/sparrkulee_v3.1/raw/derivatives/preprocessed_eeg/sub-012/ses-shortstories01/sub-012_ses-shortstories01_task-listeningActive_run-03_desc-preproc-audio-audiobook_4_eeg.npy,/home/fanyu/auditory_simulation_m6a/pub_01/s06/sparrkulee_v3.1/raw/derivatives/preprocessed_stimuli/audiobook_4_envelope.npy,sub-012_ses-shortstories01_task-listeningActive_run-03_eeg.bdf.gz,sub-012,ses-shortstories01,audiobook_4,PASS_VIRTUAL_INITIAL_QC,52060,164,0,WITHIN_3S_ADVISORY,64,PUBLISHER_CONSUMPTION_CONTRACT,0,1,UNASSIGNED,0,0,0.0,UNKNOWN,UNKNOWN,
sub-012_ses-shortstories01_task-listeningActive_run-04_eeg.bdf.gz,/home/fanyu/auditory_simulation_m6a/pub_01/s06/sparrkulee_v3.1/raw/derivatives/preprocessed_eeg/sub-012/ses-shortstories01/sub-012_ses-shortstories01_task-listeningActive_run-04_desc-preproc-audio-audiobook_1_eeg.npy,/home/fanyu/auditory_simulation_m6a/pub_01/s06/sparrkulee_v3.1/raw/derivatives/preprocessed_stimuli/audiobook_1_envelope.npy,sub-012_ses-shortstories01_task-listeningActive_run-04_eeg.bdf.gz,sub-012,ses-shortstories01,audiobook_1,PASS_VIRTUAL_INITIAL_QC,59958,138,0,WITHIN_3S_ADVISORY,64,PUBLISHER_CONSUMPTION_CONTRACT,0,1,UNASSIGNED,0,0,0.0,UNKNOWN,UNKNOWN,
sub-012_ses-shortstories01_task-listeningActive_run-05_eeg.bdf.gz,/home/fanyu/auditory_simulation_m6a/pub_01/s06/sparrkulee_v3.1/raw/derivatives/preprocessed_eeg/sub-012/ses-shortstories01/sub-012_ses-shortstories01_task-listeningActive_run-05_desc-preproc-audio-audiobook_2_1_eeg.npy,/home/fanyu/auditory_simulation_m6a/pub_01/s06/sparrkulee_v3.1/raw/derivatives/preprocessed_stimuli/audiobook_2_1_envelope.npy,sub-012_ses-shortstories01_task-listeningActive_run-05_eeg.bdf.gz,sub-012,ses-shortstories01,audiobook_2_1,PASS_VIRTUAL_INITIAL_QC,50619,133,0,WITHIN_3S_ADVISORY,64,PUBLISHER_CONSUMPTION_CONTRACT,0,1,UNASSIGNED,0,0,0.0,UNKNOWN,UNKNOWN,
sub-012_ses-shortstories01_task-listeningActive_run-06_eeg.bdf.gz,/home/fanyu/auditory_simulation_m6a/pub_01/s06/sparrkulee_v3.1/raw/derivatives/preprocessed_eeg/sub-012/ses-shortstories01/sub-012_ses-shortstories01_task-listeningActive_run-06_desc-preproc-audio-audiobook_2_2_eeg.npy,/home/fanyu/auditory_simulation_m6a/pub_01/s06/sparrkulee_v3.1/raw/derivatives/preprocessed_stimuli/audiobook_2_2_envelope.npy,sub-012_ses-shortstories01_task-listeningActive_run-06_eeg.bdf.gz,sub-012,ses-shortstories01,audiobook_2_2,PASS_VIRTUAL_INITIAL_QC,48747,2005,0,LARGE_TAIL_REVIEW,64,PUBLISHER_CONSUMPTION_CONTRACT,0,1,UNASSIGNED,0,0,0.0,UNKNOWN,UNKNOWN,
sub-012_ses-shortstories01_task-listeningActive_run-07_eeg.bdf.gz,/home/fanyu/auditory_simulation_m6a/pub_01/s06/sparrkulee_v3.1/raw/derivatives/preprocessed_eeg/sub-012/ses-shortstories01/sub-012_ses-shortstories01_task-listeningActive_run-07_desc-preproc-audio-audiobook_5_1_eeg.npy,/home/fanyu/auditory_simulation_m6a/pub_01/s06/sparrkulee_v3.1/raw/derivatives/preprocessed_stimuli/audiobook_5_1_envelope.npy,sub-012_ses-shortstories01_task-listeningActive_run-07_eeg.bdf.gz,sub-012,ses-shortstories01,audiobook_5_1,PASS_VIRTUAL_INITIAL_QC,57991,185,0,WITHIN_3S_ADVISORY,64,PUBLISHER_CONSUMPTION_CONTRACT,0,1,UNASSIGNED,0,0,0.0,UNKNOWN,UNKNOWN,
sub-012_ses-shortstories01_task-listeningActive_run-08_eeg.bdf.gz,/home/fanyu/auditory_simulation_m6a/pub_01/s06/sparrkulee_v3.1/raw/derivatives/preprocessed_eeg/sub-012/ses-shortstories01/sub-012_ses-shortstories01_task-listeningActive_run-08_desc-preproc-audio-audiobook_5_2_eeg.npy,/home/fanyu/auditory_simulation_m6a/pub_01/s06/sparrkulee_v3.1/raw/derivatives/preprocessed_stimuli/audiobook_5_2_envelope.npy,sub-012_ses-shortstories01_task-listeningActive_run-08_eeg.bdf.gz,sub-012,ses-shortstories01,audiobook_5_2,PASS_VIRTUAL_INITIAL_QC,58219,149,0,WITHIN_3S_ADVISORY,64,PUBLISHER_CONSUMPTION_CONTRACT,0,1,UNASSIGNED,0,0,0.0,UNKNOWN,UNKNOWN,
sub-012_ses-shortstories01_task-listeningActive_run-09_eeg.bdf.gz,/home/fanyu/auditory_simulation_m6a/pub_01/s06/sparrkulee_v3.1/raw/derivatives/preprocessed_eeg/sub-012/ses-shortstories01/sub-012_ses-shortstories01_task-listeningActive_run-09_desc-preproc-audio-audiobook_5_3_eeg.npy,/home/fanyu/auditory_simulation_m6a/pub_01/s06/sparrkulee_v3.1/raw/derivatives/preprocessed_stimuli/audiobook_5_3_envelope.npy,sub-012_ses-shortstories01_task-listeningActive_run-09_eeg.bdf.gz,sub-012,ses-shortstories01,audiobook_5_3,PASS_VIRTUAL_INITIAL_QC,60990,130,0,WITHIN_3S_ADVISORY,64,PUBLISHER_CONSUMPTION_CONTRACT,0,1,UNASSIGNED,0,0,0.0,UNKNOWN,UNKNOWN,
sub-012_ses-shortstories01_task-listeningActive_run-10_eeg.bdf.gz,/home/fanyu/auditory_simulation_m6a/pub_01/s06/sparrkulee_v3.1/raw/derivatives/preprocessed_eeg/sub-012/ses-shortstories01/sub-012_ses-shortstories01_task-listeningActive_run-10_desc-preproc-audio-audiobook_3_eeg.npy,/home/fanyu/auditory_simulation_m6a/pub_01/s06/sparrkulee_v3.1/raw/derivatives/preprocessed_stimuli/audiobook_3_envelope.npy,sub-012_ses-shortstories01_task-listeningActive_run-10_eeg.bdf.gz,sub-012,ses-shortstories01,audiobook_3,PASS_VIRTUAL_INITIAL_QC,61597,163,0,WITHIN_3S_ADVISORY,64,PUBLISHER_CONSUMPTION_CONTRACT,0,1,UNASSIGNED,0,0,0.0,UNKNOWN,UNKNOWN,
sub-013_ses-shortstories01_task-listeningActive_run-01_eeg.bdf.gz,/home/fanyu/auditory_simulation_m6a/pub_01/s06/sparrkulee_v3.1/raw/derivatives/preprocessed_eeg/sub-013/ses-shortstories01/sub-013_ses-shortstories01_task-listeningActive_run-01_desc-preproc-audio-audiobook_3_eeg.npy,/home/fanyu/auditory_simulation_m6a/pub_01/s06/sparrkulee_v3.1/raw/derivatives/preprocessed_stimuli/audiobook_3_envelope.npy,sub-013_ses-shortstories01_task-listeningActive_run-01_eeg.bdf.gz,sub-013,ses-shortstories01,audiobook_3,PASS_VIRTUAL_INITIAL_QC,61597,163,0,WITHIN_3S_ADVISORY,64,PUBLISHER_CONSUMPTION_CONTRACT,0,1,UNASSIGNED,0,0,0.0,UNKNOWN,UNKNOWN,
sub-013_ses-shortstories01_task-listeningActive_run-02_eeg.bdf.gz,/home/fanyu/auditory_simulation_m6a/pub_01/s06/sparrkulee_v3.1/raw/derivatives/preprocessed_eeg/sub-013/ses-shortstories01/sub-013_ses-shortstories01_task-listeningActive_run-02_desc-preproc-audio-audiobook_4_eeg.npy,/home/fanyu/auditory_simulation_m6a/pub_01/s06/sparrkulee_v3.1/raw/derivatives/preprocessed_stimuli/audiobook_4_envelope.npy,sub-013_ses-shortstories01_task-listeningActive_run-02_eeg.bdf.gz,sub-013,ses-shortstories01,audiobook_4,PASS_VIRTUAL_INITIAL_QC,52060,164,0,WITHIN_3S_ADVISORY,64,PUBLISHER_CONSUMPTION_CONTRACT,0,1,UNASSIGNED,0,0,0.0,UNKNOWN,UNKNOWN,
sub-013_ses-shortstories01_task-listeningActive_run-03_eeg.bdf.gz,/home/fanyu/auditory_simulation_m6a/pub_01/s06/sparrkulee_v3.1/raw/derivatives/preprocessed_eeg/sub-013/ses-shortstories01/sub-013_ses-shortstories01_task-listeningActive_run-03_desc-preproc-audio-audiobook_1_eeg.npy,/home/fanyu/auditory_simulation_m6a/pub_01/s06/sparrkulee_v3.1/raw/derivatives/preprocessed_stimuli/audiobook_1_envelope.npy,sub-013_ses-shortstories01_task-listeningActive_run-03_eeg.bdf.gz,sub-013,ses-shortstories01,audiobook_1,PASS_VIRTUAL_INITIAL_QC,59958,138,0,WITHIN_3S_ADVISORY,64,PUBLISHER_CONSUMPTION_CONTRACT,0,1,UNASSIGNED,0,0,0.0,UNKNOWN,UNKNOWN,
sub-013_ses-shortstories01_task-listeningActive_run-04_eeg.bdf.gz,/home/fanyu/auditory_simulation_m6a/pub_01/s06/sparrkulee_v3.1/raw/derivatives/preprocessed_eeg/sub-013/ses-shortstories01/sub-013_ses-shortstories01_task-listeningActive_run-04_desc-preproc-audio-audiobook_2_1_eeg.npy,/home/fanyu/auditory_simulation_m6a/pub_01/s06/sparrkulee_v3.1/raw/derivatives/preprocessed_stimuli/audiobook_2_1_envelope.npy,sub-013_ses-shortstories01_task-listeningActive_run-04_eeg.bdf.gz,sub-013,ses-shortstories01,audiobook_2_1,PASS_VIRTUAL_INITIAL_QC,50619,133,0,WITHIN_3S_ADVISORY,64,PUBLISHER_CONSUMPTION_CONTRACT,0,1,UNASSIGNED,0,0,0.0,UNKNOWN,UNKNOWN,
sub-013_ses-shortstories01_task-listeningActive_run-05_eeg.bdf.gz,/home/fanyu/auditory_simulation_m6a/pub_01/s06/sparrkulee_v3.1/raw/derivatives/preprocessed_eeg/sub-013/ses-shortstories01/sub-013_ses-shortstories01_task-listeningActive_run-05_desc-preproc-audio-audiobook_2_2_eeg.npy,/home/fanyu/auditory_simulation_m6a/pub_01/s06/sparrkulee_v3.1/raw/derivatives/preprocessed_stimuli/audiobook_2_2_envelope.npy,sub-013_ses-shortstories01_task-listeningActive_run-05_eeg.bdf.gz,sub-013,ses-shortstories01,audiobook_2_2,PASS_VIRTUAL_INITIAL_QC,48747,2005,0,LARGE_TAIL_REVIEW,64,PUBLISHER_CONSUMPTION_CONTRACT,0,1,UNASSIGNED,0,0,0.0,UNKNOWN,UNKNOWN,
sub-013_ses-shortstories01_task-listeningActive_run-06_eeg.bdf.gz,/home/fanyu/auditory_simulation_m6a/pub_01/s06/sparrkulee_v3.1/raw/derivatives/preprocessed_eeg/sub-013/ses-shortstories01/sub-013_ses-shortstories01_task-listeningActive_run-06_desc-preproc-audio-audiobook_5_1_eeg.npy,/home/fanyu/auditory_simulation_m6a/pub_01/s06/sparrkulee_v3.1/raw/derivatives/preprocessed_stimuli/audiobook_5_1_envelope.npy,sub-013_ses-shortstories01_task-listeningActive_run-06_eeg.bdf.gz,sub-013,ses-shortstories01,audiobook_5_1,PASS_VIRTUAL_INITIAL_QC,57991,185,0,WITHIN_3S_ADVISORY,64,PUBLISHER_CONSUMPTION_CONTRACT,0,1,UNASSIGNED,0,0,0.0,UNKNOWN,UNKNOWN,
sub-013_ses-shortstories01_task-listeningActive_run-07_eeg.bdf.gz,/home/fanyu/auditory_simulation_m6a/pub_01/s06/sparrkulee_v3.1/raw/derivatives/preprocessed_eeg/sub-013/ses-shortstories01/sub-013_ses-shortstories01_task-listeningActive_run-07_desc-preproc-audio-audiobook_5_2_eeg.npy,/home/fanyu/auditory_simulation_m6a/pub_01/s06/sparrkulee_v3.1/raw/derivatives/preprocessed_stimuli/audiobook_5_2_envelope.npy,sub-013_ses-shortstories01_task-listeningActive_run-07_eeg.bdf.gz,sub-013,ses-shortstories01,audiobook_5_2,PASS_VIRTUAL_INITIAL_QC,58219,149,0,WITHIN_3S_ADVISORY,64,PUBLISHER_CONSUMPTION_CONTRACT,0,1,UNASSIGNED,0,0,0.0,UNKNOWN,UNKNOWN,
sub-013_ses-shortstories01_task-listeningActive_run-08_eeg.bdf.gz,/home/fanyu/auditory_simulation_m6a/pub_01/s06/sparrkulee_v3.1/raw/derivatives/preprocessed_eeg/sub-013/ses-shortstories01/sub-013_ses-shortstories01_task-listeningActive_run-08_desc-preproc-audio-audiobook_5_3_eeg.npy,/home/fanyu/auditory_simulation_m6a/pub_01/s06/sparrkulee_v3.1/raw/derivatives/preprocessed_stimuli/audiobook_5_3_envelope.npy,sub-013_ses-shortstories01_task-listeningActive_run-08_eeg.bdf.gz,sub-013,ses-shortstories01,audiobook_5_3,PASS_VIRTUAL_INITIAL_QC,60990,130,0,WITHIN_3S_ADVISORY,64,PUBLISHER_CONSUMPTION_CONTRACT,0,1,UNASSIGNED,0,0,0.0,UNKNOWN,UNKNOWN,
sub-013_ses-shortstories01_task-listeningActive_run-09_eeg.bdf.gz,/home/fanyu/auditory_simulation_m6a/pub_01/s06/sparrkulee_v3.1/raw/derivatives/preprocessed_eeg/sub-013/ses-shortstories01/sub-013_ses-shortstories01_task-listeningActive_run-09_desc-preproc-audio-audiobook_6_1_eeg.npy,/home/fanyu/auditory_simulation_m6a/pub_01/s06/sparrkulee_v3.1/raw/derivatives/preprocessed_stimuli/audiobook_6_1_envelope.npy,sub-013_ses-shortstories01_task-listeningActive_run-09_eeg.bdf.gz,sub-013,ses-shortstories01,audiobook_6_1,PASS_VIRTUAL_INITIAL_QC,53350,90,0,WITHIN_3S_ADVISORY,64,PUBLISHER_CONSUMPTION_CONTRACT,0,1,UNASSIGNED,0,0,0.0,UNKNOWN,UNKNOWN,
sub-013_ses-shortstories01_task-listeningActive_run-10_eeg.bdf.gz,/home/fanyu/auditory_simulation_m6a/pub_01/s06/sparrkulee_v3.1/raw/derivatives/preprocessed_eeg/sub-013/ses-shortstories01/sub-013_ses-shortstories01_task-listeningActive_run-10_desc-preproc-audio-audiobook_6_2_eeg.npy,/home/fanyu/auditory_simulation_m6a/pub_01/s06/sparrkulee_v3.1/raw/derivatives/preprocessed_stimuli/audiobook_6_2_envelope.npy,sub-013_ses-shortstories01_task-listeningActive_run-10_eeg.bdf.gz,sub-013,ses-shortstories01,audiobook_6_2,PASS_VIRTUAL_INITIAL_QC,53339,101,0,WITHIN_3S_ADVISORY,64,PUBLISHER_CONSUMPTION_CONTRACT,0,1,UNASSIGNED,0,0,0.0,UNKNOWN,UNKNOWN,
sub-014_ses-shortstories01_task-listeningActive_run-01_eeg.bdf.gz,/home/fanyu/auditory_simulation_m6a/pub_01/s06/sparrkulee_v3.1/raw/derivatives/preprocessed_eeg/sub-014/ses-shortstories01/sub-014_ses-shortstories01_task-listeningActive_run-01_desc-preproc-audio-audiobook_1_1_eeg.npy,/home/fanyu/auditory_simulation_m6a/pub_01/s06/sparrkulee_v3.1/raw/derivatives/preprocessed_stimuli/audiobook_1_1_envelope.npy,sub-014_ses-shortstories01_task-listeningActive_run-01_eeg.bdf.gz,sub-014,ses-shortstories01,audiobook_1_1,PASS_VIRTUAL_INITIAL_QC,29275,165,0,WITHIN_3S_ADVISORY,64,PUBLISHER_CONSUMPTION_CONTRACT,0,1,UNASSIGNED,0,0,0.0,UNKNOWN,UNKNOWN,
sub-014_ses-shortstories01_task-listeningActive_run-02_eeg.bdf.gz,/home/fanyu/auditory_simulation_m6a/pub_01/s06/sparrkulee_v3.1/raw/derivatives/preprocessed_eeg/sub-014/ses-shortstories01/sub-014_ses-shortstories01_task-listeningActive_run-02_desc-preproc-audio-audiobook_1_2_shifted_eeg.npy,/home/fanyu/auditory_simulation_m6a/pub_01/s06/sparrkulee_v3.1/raw/derivatives/preprocessed_stimuli/audiobook_1_2_shifted_envelope.npy,sub-014_ses-shortstories01_task-listeningActive_run-02_eeg.bdf.gz,sub-014,ses-shortstories01,audiobook_1_2_shifted,PASS_VIRTUAL_INITIAL_QC,26796,148,0,WITHIN_3S_ADVISORY,64,PUBLISHER_CONSUMPTION_CONTRACT,0,1,UNASSIGNED,0,0,0.0,UNKNOWN,UNKNOWN,
sub-014_ses-shortstories01_task-listeningActive_run-03_eeg.bdf.gz,/home/fanyu/auditory_simulation_m6a/pub_01/s06/sparrkulee_v3.1/raw/derivatives/preprocessed_eeg/sub-014/ses-shortstories01/sub-014_ses-shortstories01_task-listeningActive_run-03_desc-preproc-audio-audiobook_4_eeg.npy,/home/fanyu/auditory_simulation_m6a/pub_01/s06/sparrkulee_v3.1/raw/derivatives/preprocessed_stimuli/audiobook_4_envelope.npy,sub-014_ses-shortstories01_task-listeningActive_run-03_eeg.bdf.gz,sub-014,ses-shortstories01,audiobook_4,PASS_VIRTUAL_INITIAL_QC,52060,146,0,WITHIN_3S_ADVISORY,64,PUBLISHER_CONSUMPTION_CONTRACT,0,1,UNASSIGNED,0,0,0.0,UNKNOWN,UNKNOWN,
sub-014_ses-shortstories01_task-listeningActive_run-04_eeg.bdf.gz,/home/fanyu/auditory_simulation_m6a/pub_01/s06/sparrkulee_v3.1/raw/derivatives/preprocessed_eeg/sub-014/ses-shortstories01/sub-014_ses-shortstories01_task-listeningActive_run-04_desc-preproc-audio-audiobook_2_1_eeg.npy,/home/fanyu/auditory_simulation_m6a/pub_01/s06/sparrkulee_v3.1/raw/derivatives/preprocessed_stimuli/audiobook_2_1_envelope.npy,sub-014_ses-shortstories01_task-listeningActive_run-04_eeg.bdf.gz,sub-014,ses-shortstories01,audiobook_2_1,PASS_VIRTUAL_INITIAL_QC,50619,133,0,WITHIN_3S_ADVISORY,64,PUBLISHER_CONSUMPTION_CONTRACT,0,1,UNASSIGNED,0,0,0.0,UNKNOWN,UNKNOWN,
sub-014_ses-shortstories01_task-listeningActive_run-05_eeg.bdf.gz,/home/fanyu/auditory_simulation_m6a/pub_01/s06/sparrkulee_v3.1/raw/derivatives/preprocessed_eeg/sub-014/ses-shortstories01/sub-014_ses-shortstories01_task-listeningActive_run-05_desc-preproc-audio-audiobook_2_2_eeg.npy,/home/fanyu/auditory_simulation_m6a/pub_01/s06/sparrkulee_v3.1/raw/derivatives/preprocessed_stimuli/audiobook_2_2_envelope.npy,sub-014_ses-shortstories01_task-listeningActive_run-05_eeg.bdf.gz,sub-014,ses-shortstories01,audiobook_2_2,PASS_VIRTUAL_INITIAL_QC,48747,2005,0,LARGE_TAIL_REVIEW,64,PUBLISHER_CONSUMPTION_CONTRACT,0,1,UNASSIGNED,0,0,0.0,UNKNOWN,UNKNOWN,
sub-014_ses-shortstories01_task-listeningActive_run-06_eeg.bdf.gz,/home/fanyu/auditory_simulation_m6a/pub_01/s06/sparrkulee_v3.1/raw/derivatives/preprocessed_eeg/sub-014/ses-shortstories01/sub-014_ses-shortstories01_task-listeningActive_run-06_desc-preproc-audio-audiobook_5_1_eeg.npy,/home/fanyu/auditory_simulation_m6a/pub_01/s06/sparrkulee_v3.1/raw/derivatives/preprocessed_stimuli/audiobook_5_1_envelope.npy,sub-014_ses-shortstories01_task-listeningActive_run-06_eeg.bdf.gz,sub-014,ses-shortstories01,audiobook_5_1,PASS_VIRTUAL_INITIAL_QC,57991,185,0,WITHIN_3S_ADVISORY,64,PUBLISHER_CONSUMPTION_CONTRACT,0,1,UNASSIGNED,0,0,0.0,UNKNOWN,UNKNOWN,
sub-014_ses-shortstories01_task-listeningActive_run-07_eeg.bdf.gz,/home/fanyu/auditory_simulation_m6a/pub_01/s06/sparrkulee_v3.1/raw/derivatives/preprocessed_eeg/sub-014/ses-shortstories01/sub-014_ses-shortstories01_task-listeningActive_run-07_desc-preproc-audio-audiobook_5_2_eeg.npy,/home/fanyu/auditory_simulation_m6a/pub_01/s06/sparrkulee_v3.1/raw/derivatives/preprocessed_stimuli/audiobook_5_2_envelope.npy,sub-014_ses-shortstories01_task-listeningActive_run-07_eeg.bdf.gz,sub-014,ses-shortstories01,audiobook_5_2,PASS_VIRTUAL_INITIAL_QC,58219,149,0,WITHIN_3S_ADVISORY,64,PUBLISHER_CONSUMPTION_CONTRACT,0,1,UNASSIGNED,0,0,0.0,UNKNOWN,UNKNOWN,
sub-014_ses-shortstories01_task-listeningActive_run-08_eeg.bdf.gz,/home/fanyu/auditory_simulation_m6a/pub_01/s06/sparrkulee_v3.1/raw/derivatives/preprocessed_eeg/sub-014/ses-shortstories01/sub-014_ses-shortstories01_task-listeningActive_run-08_desc-preproc-audio-audiobook_5_3_eeg.npy,/home/fanyu/auditory_simulation_m6a/pub_01/s06/sparrkulee_v3.1/raw/derivatives/preprocessed_stimuli/audiobook_5_3_envelope.npy,sub-014_ses-shortstories01_task-listeningActive_run-08_eeg.bdf.gz,sub-014,ses-shortstories01,audiobook_5_3,PASS_VIRTUAL_INITIAL_QC,60990,130,0,WITHIN_3S_ADVISORY,64,PUBLISHER_CONSUMPTION_CONTRACT,0,1,UNASSIGNED,0,0,0.0,UNKNOWN,UNKNOWN,
sub-014_ses-shortstories01_task-listeningActive_run-09_eeg.bdf.gz,/home/fanyu/auditory_simulation_m6a/pub_01/s06/sparrkulee_v3.1/raw/derivatives/preprocessed_eeg/sub-014/ses-shortstories01/sub-014_ses-shortstories01_task-listeningActive_run-09_desc-preproc-audio-audiobook_3_eeg.npy,/home/fanyu/auditory_simulation_m6a/pub_01/s06/sparrkulee_v3.1/raw/derivatives/preprocessed_stimuli/audiobook_3_envelope.npy,sub-014_ses-shortstories01_task-listeningActive_run-09_eeg.bdf.gz,sub-014,ses-shortstories01,audiobook_3,PASS_VIRTUAL_INITIAL_QC,61597,74,0,WITHIN_3S_ADVISORY,64,PUBLISHER_CONSUMPTION_CONTRACT,0,1,UNASSIGNED,0,0,0.0,UNKNOWN,UNKNOWN,
sub-014_ses-shortstories01_task-listeningActive_run-10_eeg.bdf.gz,/home/fanyu/auditory_simulation_m6a/pub_01/s06/sparrkulee_v3.1/raw/derivatives/preprocessed_eeg/sub-014/ses-shortstories01/sub-014_ses-shortstories01_task-listeningActive_run-10_desc-preproc-audio-audiobook_6_1_eeg.npy,/home/fanyu/auditory_simulation_m6a/pub_01/s06/sparrkulee_v3.1/raw/derivatives/preprocessed_stimuli/audiobook_6_1_envelope.npy,sub-014_ses-shortstories01_task-listeningActive_run-10_eeg.bdf.gz,sub-014,ses-shortstories01,audiobook_6_1,PASS_VIRTUAL_INITIAL_QC,53350,90,0,WITHIN_3S_ADVISORY,64,PUBLISHER_CONSUMPTION_CONTRACT,0,1,UNASSIGNED,0,0,0.0,UNKNOWN,UNKNOWN,
sub-014_ses-shortstories01_task-listeningActive_run-11_eeg.bdf.gz,/home/fanyu/auditory_simulation_m6a/pub_01/s06/sparrkulee_v3.1/raw/derivatives/preprocessed_eeg/sub-014/ses-shortstories01/sub-014_ses-shortstories01_task-listeningActive_run-11_desc-preproc-audio-audiobook_6_2_eeg.npy,/home/fanyu/auditory_simulation_m6a/pub_01/s06/sparrkulee_v3.1/raw/derivatives/preprocessed_stimuli/audiobook_6_2_envelope.npy,sub-014_ses-shortstories01_task-listeningActive_run-11_eeg.bdf.gz,sub-014,ses-shortstories01,audiobook_6_2,PASS_VIRTUAL_INITIAL_QC,53339,101,0,WITHIN_3S_ADVISORY,64,PUBLISHER_CONSUMPTION_CONTRACT,0,1,UNASSIGNED,0,0,0.0,UNKNOWN,UNKNOWN,
sub-015_ses-shortstories01_task-listeningActive_run-01_eeg.bdf.gz,/home/fanyu/auditory_simulation_m6a/pub_01/s06/sparrkulee_v3.1/raw/derivatives/preprocessed_eeg/sub-015/ses-shortstories01/sub-015_ses-shortstories01_task-listeningActive_run-01_desc-preproc-audio-audiobook_2_1_eeg.npy,/home/fanyu/auditory_simulation_m6a/pub_01/s06/sparrkulee_v3.1/raw/derivatives/preprocessed_stimuli/audiobook_2_1_envelope.npy,sub-015_ses-shortstories01_task-listeningActive_run-01_eeg.bdf.gz,sub-015,ses-shortstories01,audiobook_2_1,PASS_VIRTUAL_INITIAL_QC,50619,133,0,WITHIN_3S_ADVISORY,64,PUBLISHER_CONSUMPTION_CONTRACT,0,1,UNASSIGNED,0,0,0.0,UNKNOWN,UNKNOWN,
sub-015_ses-shortstories01_task-listeningActive_run-02_eeg.bdf.gz,/home/fanyu/auditory_simulation_m6a/pub_01/s06/sparrkulee_v3.1/raw/derivatives/preprocessed_eeg/sub-015/ses-shortstories01/sub-015_ses-shortstories01_task-listeningActive_run-02_desc-preproc-audio-audiobook_2_2_eeg.npy,/home/fanyu/auditory_simulation_m6a/pub_01/s06/sparrkulee_v3.1/raw/derivatives/preprocessed_stimuli/audiobook_2_2_envelope.npy,sub-015_ses-shortstories01_task-listeningActive_run-02_eeg.bdf.gz,sub-015,ses-shortstories01,audiobook_2_2,PASS_VIRTUAL_INITIAL_QC,48747,2005,0,LARGE_TAIL_REVIEW,64,PUBLISHER_CONSUMPTION_CONTRACT,0,1,UNASSIGNED,0,0,0.0,UNKNOWN,UNKNOWN,
sub-015_ses-shortstories01_task-listeningActive_run-03_eeg.bdf.gz,/home/fanyu/auditory_simulation_m6a/pub_01/s06/sparrkulee_v3.1/raw/derivatives/preprocessed_eeg/sub-015/ses-shortstories01/sub-015_ses-shortstories01_task-listeningActive_run-03_desc-preproc-audio-audiobook_6_1_eeg.npy,/home/fanyu/auditory_simulation_m6a/pub_01/s06/sparrkulee_v3.1/raw/derivatives/preprocessed_stimuli/audiobook_6_1_envelope.npy,sub-015_ses-shortstories01_task-listeningActive_run-03_eeg.bdf.gz,sub-015,ses-shortstories01,audiobook_6_1,PASS_VIRTUAL_INITIAL_QC,53350,90,0,WITHIN_3S_ADVISORY,64,PUBLISHER_CONSUMPTION_CONTRACT,0,1,UNASSIGNED,0,0,0.0,UNKNOWN,UNKNOWN,
sub-015_ses-shortstories01_task-listeningActive_run-04_eeg.bdf.gz,/home/fanyu/auditory_simulation_m6a/pub_01/s06/sparrkulee_v3.1/raw/derivatives/preprocessed_eeg/sub-015/ses-shortstories01/sub-015_ses-shortstories01_task-listeningActive_run-04_desc-preproc-audio-audiobook_6_2_eeg.npy,/home/fanyu/auditory_simulation_m6a/pub_01/s06/sparrkulee_v3.1/raw/derivatives/preprocessed_stimuli/audiobook_6_2_envelope.npy,sub-015_ses-shortstories01_task-listeningActive_run-04_eeg.bdf.gz,sub-015,ses-shortstories01,audiobook_6_2,PASS_VIRTUAL_INITIAL_QC,53339,101,0,WITHIN_3S_ADVISORY,64,PUBLISHER_CONSUMPTION_CONTRACT,0,1,UNASSIGNED,0,0,0.0,UNKNOWN,UNKNOWN,
sub-015_ses-shortstories01_task-listeningActive_run-05_eeg.bdf.gz,/home/fanyu/auditory_simulation_m6a/pub_01/s06/sparrkulee_v3.1/raw/derivatives/preprocessed_eeg/sub-015/ses-shortstories01/sub-015_ses-shortstories01_task-listeningActive_run-05_desc-preproc-audio-audiobook_1_eeg.npy,/home/fanyu/auditory_simulation_m6a/pub_01/s06/sparrkulee_v3.1/raw/derivatives/preprocessed_stimuli/audiobook_1_envelope.npy,sub-015_ses-shortstories01_task-listeningActive_run-05_eeg.bdf.gz,sub-015,ses-shortstories01,audiobook_1,PASS_VIRTUAL_INITIAL_QC,59958,138,0,WITHIN_3S_ADVISORY,64,PUBLISHER_CONSUMPTION_CONTRACT,0,1,UNASSIGNED,0,0,0.0,UNKNOWN,UNKNOWN,
sub-015_ses-shortstories01_task-listeningActive_run-06_eeg.bdf.gz,/home/fanyu/auditory_simulation_m6a/pub_01/s06/sparrkulee_v3.1/raw/derivatives/preprocessed_eeg/sub-015/ses-shortstories01/sub-015_ses-shortstories01_task-listeningActive_run-06_desc-preproc-audio-audiobook_4_eeg.npy,/home/fanyu/auditory_simulation_m6a/pub_01/s06/sparrkulee_v3.1/raw/derivatives/preprocessed_stimuli/audiobook_4_envelope.npy,sub-015_ses-shortstories01_task-listeningActive_run-06_eeg.bdf.gz,sub-015,ses-shortstories01,audiobook_4,PASS_VIRTUAL_INITIAL_QC,52060,164,0,WITHIN_3S_ADVISORY,64,PUBLISHER_CONSUMPTION_CONTRACT,0,1,UNASSIGNED,0,0,0.0,UNKNOWN,UNKNOWN,
sub-015_ses-shortstories01_task-listeningActive_run-07_eeg.bdf.gz,/home/fanyu/auditory_simulation_m6a/pub_01/s06/sparrkulee_v3.1/raw/derivatives/preprocessed_eeg/sub-015/ses-shortstories01/sub-015_ses-shortstories01_task-listeningActive_run-07_desc-preproc-audio-audiobook_3_eeg.npy,/home/fanyu/auditory_simulation_m6a/pub_01/s06/sparrkulee_v3.1/raw/derivatives/preprocessed_stimuli/audiobook_3_envelope.npy,sub-015_ses-shortstories01_task-listeningActive_run-07_eeg.bdf.gz,sub-015,ses-shortstories01,audiobook_3,PASS_VIRTUAL_INITIAL_QC,61597,163,0,WITHIN_3S_ADVISORY,64,PUBLISHER_CONSUMPTION_CONTRACT,0,1,UNASSIGNED,0,0,0.0,UNKNOWN,UNKNOWN,
sub-015_ses-shortstories01_task-listeningActive_run-08_eeg.bdf.gz,/home/fanyu/auditory_simulation_m6a/pub_01/s06/sparrkulee_v3.1/raw/derivatives/preprocessed_eeg/sub-015/ses-shortstories01/sub-015_ses-shortstories01_task-listeningActive_run-08_desc-preproc-audio-audiobook_5_1_eeg.npy,/home/fanyu/auditory_simulation_m6a/pub_01/s06/sparrkulee_v3.1/raw/derivatives/preprocessed_stimuli/audiobook_5_1_envelope.npy,sub-015_ses-shortstories01_task-listeningActive_run-08_eeg.bdf.gz,sub-015,ses-shortstories01,audiobook_5_1,PASS_VIRTUAL_INITIAL_QC,57991,185,0,WITHIN_3S_ADVISORY,64,PUBLISHER_CONSUMPTION_CONTRACT,0,1,UNASSIGNED,0,0,0.0,UNKNOWN,UNKNOWN,
sub-015_ses-shortstories01_task-listeningActive_run-09_eeg.bdf.gz,/home/fanyu/auditory_simulation_m6a/pub_01/s06/sparrkulee_v3.1/raw/derivatives/preprocessed_eeg/sub-015/ses-shortstories01/sub-015_ses-shortstories01_task-listeningActive_run-09_desc-preproc-audio-audiobook_5_2_eeg.npy,/home/fanyu/auditory_simulation_m6a/pub_01/s06/sparrkulee_v3.1/raw/derivatives/preprocessed_stimuli/audiobook_5_2_envelope.npy,sub-015_ses-shortstories01_task-listeningActive_run-09_eeg.bdf.gz,sub-015,ses-shortstories01,audiobook_5_2,PASS_VIRTUAL_INITIAL_QC,58219,149,0,WITHIN_3S_ADVISORY,64,PUBLISHER_CONSUMPTION_CONTRACT,0,1,UNASSIGNED,0,0,0.0,UNKNOWN,UNKNOWN,
sub-015_ses-shortstories01_task-listeningActive_run-10_eeg.bdf.gz,/home/fanyu/auditory_simulation_m6a/pub_01/s06/sparrkulee_v3.1/raw/derivatives/preprocessed_eeg/sub-015/ses-shortstories01/sub-015_ses-shortstories01_task-listeningActive_run-10_desc-preproc-audio-audiobook_5_3_eeg.npy,/home/fanyu/auditory_simulation_m6a/pub_01/s06/sparrkulee_v3.1/raw/derivatives/preprocessed_stimuli/audiobook_5_3_envelope.npy,sub-015_ses-shortstories01_task-listeningActive_run-10_eeg.bdf.gz,sub-015,ses-shortstories01,audiobook_5_3,PASS_VIRTUAL_INITIAL_QC,60990,130,0,WITHIN_3S_ADVISORY,64,PUBLISHER_CONSUMPTION_CONTRACT,0,1,UNASSIGNED,0,0,0.0,UNKNOWN,UNKNOWN,
sub-016_ses-shortstories01_task-listeningActive_run-01_eeg.bdf.gz,/home/fanyu/auditory_simulation_m6a/pub_01/s06/sparrkulee_v3.1/raw/derivatives/preprocessed_eeg/sub-016/ses-shortstories01/sub-016_ses-shortstories01_task-listeningActive_run-01_desc-preproc-audio-audiobook_5_1_eeg.npy,/home/fanyu/auditory_simulation_m6a/pub_01/s06/sparrkulee_v3.1/raw/derivatives/preprocessed_stimuli/audiobook_5_1_envelope.npy,sub-016_ses-shortstories01_task-listeningActive_run-01_eeg.bdf.gz,sub-016,ses-shortstories01,audiobook_5_1,PASS_VIRTUAL_INITIAL_QC,57991,185,0,WITHIN_3S_ADVISORY,64,PUBLISHER_CONSUMPTION_CONTRACT,0,1,UNASSIGNED,0,0,0.0,UNKNOWN,UNKNOWN,
sub-016_ses-shortstories01_task-listeningActive_run-02_eeg.bdf.gz,/home/fanyu/auditory_simulation_m6a/pub_01/s06/sparrkulee_v3.1/raw/derivatives/preprocessed_eeg/sub-016/ses-shortstories01/sub-016_ses-shortstories01_task-listeningActive_run-02_desc-preproc-audio-audiobook_5_2_eeg.npy,/home/fanyu/auditory_simulation_m6a/pub_01/s06/sparrkulee_v3.1/raw/derivatives/preprocessed_stimuli/audiobook_5_2_envelope.npy,sub-016_ses-shortstories01_task-listeningActive_run-02_eeg.bdf.gz,sub-016,ses-shortstories01,audiobook_5_2,PASS_VIRTUAL_INITIAL_QC,58219,149,0,WITHIN_3S_ADVISORY,64,PUBLISHER_CONSUMPTION_CONTRACT,0,1,UNASSIGNED,0,0,0.0,UNKNOWN,UNKNOWN,
sub-016_ses-shortstories01_task-listeningActive_run-03_eeg.bdf.gz,/home/fanyu/auditory_simulation_m6a/pub_01/s06/sparrkulee_v3.1/raw/derivatives/preprocessed_eeg/sub-016/ses-shortstories01/sub-016_ses-shortstories01_task-listeningActive_run-03_desc-preproc-audio-audiobook_5_3_eeg.npy,/home/fanyu/auditory_simulation_m6a/pub_01/s06/sparrkulee_v3.1/raw/derivatives/preprocessed_stimuli/audiobook_5_3_envelope.npy,sub-016_ses-shortstories01_task-listeningActive_run-03_eeg.bdf.gz,sub-016,ses-shortstories01,audiobook_5_3,PASS_VIRTUAL_INITIAL_QC,60990,130,0,WITHIN_3S_ADVISORY,64,PUBLISHER_CONSUMPTION_CONTRACT,0,1,UNASSIGNED,0,0,0.0,UNKNOWN,UNKNOWN,
sub-016_ses-shortstories01_task-listeningActive_run-04_eeg.bdf.gz,/home/fanyu/auditory_simulation_m6a/pub_01/s06/sparrkulee_v3.1/raw/derivatives/preprocessed_eeg/sub-016/ses-shortstories01/sub-016_ses-shortstories01_task-listeningActive_run-04_desc-preproc-audio-audiobook_3_eeg.npy,/home/fanyu/auditory_simulation_m6a/pub_01/s06/sparrkulee_v3.1/raw/derivatives/preprocessed_stimuli/audiobook_3_envelope.npy,sub-016_ses-shortstories01_task-listeningActive_run-04_eeg.bdf.gz,sub-016,ses-shortstories01,audiobook_3,PASS_VIRTUAL_INITIAL_QC,61597,163,0,WITHIN_3S_ADVISORY,64,PUBLISHER_CONSUMPTION_CONTRACT,0,1,UNASSIGNED,0,0,0.0,UNKNOWN,UNKNOWN,
sub-016_ses-shortstories01_task-listeningActive_run-05_eeg.bdf.gz,/home/fanyu/auditory_simulation_m6a/pub_01/s06/sparrkulee_v3.1/raw/derivatives/preprocessed_eeg/sub-016/ses-shortstories01/sub-016_ses-shortstories01_task-listeningActive_run-05_desc-preproc-audio-audiobook_1_eeg.npy,/home/fanyu/auditory_simulation_m6a/pub_01/s06/sparrkulee_v3.1/raw/derivatives/preprocessed_stimuli/audiobook_1_envelope.npy,sub-016_ses-shortstories01_task-listeningActive_run-05_eeg.bdf.gz,sub-016,ses-shortstories01,audiobook_1,PASS_VIRTUAL_INITIAL_QC,59958,138,0,WITHIN_3S_ADVISORY,64,PUBLISHER_CONSUMPTION_CONTRACT,0,1,UNASSIGNED,0,0,0.0,UNKNOWN,UNKNOWN,
sub-016_ses-shortstories01_task-listeningActive_run-06_eeg.bdf.gz,/home/fanyu/auditory_simulation_m6a/pub_01/s06/sparrkulee_v3.1/raw/derivatives/preprocessed_eeg/sub-016/ses-shortstories01/sub-016_ses-shortstories01_task-listeningActive_run-06_desc-preproc-audio-audiobook_4_eeg.npy,/home/fanyu/auditory_simulation_m6a/pub_01/s06/sparrkulee_v3.1/raw/derivatives/preprocessed_stimuli/audiobook_4_envelope.npy,sub-016_ses-shortstories01_task-listeningActive_run-06_eeg.bdf.gz,sub-016,ses-shortstories01,audiobook_4,PASS_VIRTUAL_INITIAL_QC,52060,164,0,WITHIN_3S_ADVISORY,64,PUBLISHER_CONSUMPTION_CONTRACT,0,1,UNASSIGNED,0,0,0.0,UNKNOWN,UNKNOWN,
sub-016_ses-shortstories01_task-listeningActive_run-07_eeg.bdf.gz,/home/fanyu/auditory_simulation_m6a/pub_01/s06/sparrkulee_v3.1/raw/derivatives/preprocessed_eeg/sub-016/ses-shortstories01/sub-016_ses-shortstories01_task-listeningActive_run-07_desc-preproc-audio-audiobook_6_1_eeg.npy,/home/fanyu/auditory_simulation_m6a/pub_01/s06/sparrkulee_v3.1/raw/derivatives/preprocessed_stimuli/audiobook_6_1_envelope.npy,sub-016_ses-shortstories01_task-listeningActive_run-07_eeg.bdf.gz,sub-016,ses-shortstories01,audiobook_6_1,PASS_VIRTUAL_INITIAL_QC,53350,90,0,WITHIN_3S_ADVISORY,64,PUBLISHER_CONSUMPTION_CONTRACT,0,1,UNASSIGNED,0,0,0.0,UNKNOWN,UNKNOWN,
sub-016_ses-shortstories01_task-listeningActive_run-08_eeg.bdf.gz,/home/fanyu/auditory_simulation_m6a/pub_01/s06/sparrkulee_v3.1/raw/derivatives/preprocessed_eeg/sub-016/ses-shortstories01/sub-016_ses-shortstories01_task-listeningActive_run-08_desc-preproc-audio-audiobook_6_2_eeg.npy,/home/fanyu/auditory_simulation_m6a/pub_01/s06/sparrkulee_v3.1/raw/derivatives/preprocessed_stimuli/audiobook_6_2_envelope.npy,sub-016_ses-shortstories01_task-listeningActive_run-08_eeg.bdf.gz,sub-016,ses-shortstories01,audiobook_6_2,PASS_VIRTUAL_INITIAL_QC,53339,101,0,WITHIN_3S_ADVISORY,64,PUBLISHER_CONSUMPTION_CONTRACT,0,1,UNASSIGNED,0,0,0.0,UNKNOWN,UNKNOWN,
sub-016_ses-shortstories01_task-listeningActive_run-09_eeg.bdf.gz,/home/fanyu/auditory_simulation_m6a/pub_01/s06/sparrkulee_v3.1/raw/derivatives/preprocessed_eeg/sub-016/ses-shortstories01/sub-016_ses-shortstories01_task-listeningActive_run-09_desc-preproc-audio-audiobook_2_1_eeg.npy,/home/fanyu/auditory_simulation_m6a/pub_01/s06/sparrkulee_v3.1/raw/derivatives/preprocessed_stimuli/audiobook_2_1_envelope.npy,sub-016_ses-shortstories01_task-listeningActive_run-09_eeg.bdf.gz,sub-016,ses-shortstories01,audiobook_2_1,PASS_VIRTUAL_INITIAL_QC,50619,133,0,WITHIN_3S_ADVISORY,64,PUBLISHER_CONSUMPTION_CONTRACT,0,1,UNASSIGNED,0,0,0.0,UNKNOWN,UNKNOWN,
sub-016_ses-shortstories01_task-listeningActive_run-10_eeg.bdf.gz,/home/fanyu/auditory_simulation_m6a/pub_01/s06/sparrkulee_v3.1/raw/derivatives/preprocessed_eeg/sub-016/ses-shortstories01/sub-016_ses-shortstories01_task-listeningActive_run-10_desc-preproc-audio-audiobook_2_2_eeg.npy,/home/fanyu/auditory_simulation_m6a/pub_01/s06/sparrkulee_v3.1/raw/derivatives/preprocessed_stimuli/audiobook_2_2_envelope.npy,sub-016_ses-shortstories01_task-listeningActive_run-10_eeg.bdf.gz,sub-016,ses-shortstories01,audiobook_2_2,PASS_VIRTUAL_INITIAL_QC,48747,2005,0,LARGE_TAIL_REVIEW,64,PUBLISHER_CONSUMPTION_CONTRACT,0,1,UNASSIGNED,0,0,0.0,UNKNOWN,UNKNOWN,
sub-017_ses-shortstories01_task-listeningActive_run-01_eeg.bdf.gz,/home/fanyu/auditory_simulation_m6a/pub_01/s06/sparrkulee_v3.1/raw/derivatives/preprocessed_eeg/sub-017/ses-shortstories01/sub-017_ses-shortstories01_task-listeningActive_run-01_desc-preproc-audio-audiobook_5_1_eeg.npy,/home/fanyu/auditory_simulation_m6a/pub_01/s06/sparrkulee_v3.1/raw/derivatives/preprocessed_stimuli/audiobook_5_1_envelope.npy,sub-017_ses-shortstories01_task-listeningActive_run-01_eeg.bdf.gz,sub-017,ses-shortstories01,audiobook_5_1,PASS_VIRTUAL_INITIAL_QC,57991,185,0,WITHIN_3S_ADVISORY,64,PUBLISHER_CONSUMPTION_CONTRACT,0,1,UNASSIGNED,0,0,0.0,UNKNOWN,UNKNOWN,
sub-017_ses-shortstories01_task-listeningActive_run-02_eeg.bdf.gz,/home/fanyu/auditory_simulation_m6a/pub_01/s06/sparrkulee_v3.1/raw/derivatives/preprocessed_eeg/sub-017/ses-shortstories01/sub-017_ses-shortstories01_task-listeningActive_run-02_desc-preproc-audio-audiobook_5_2_eeg.npy,/home/fanyu/auditory_simulation_m6a/pub_01/s06/sparrkulee_v3.1/raw/derivatives/preprocessed_stimuli/audiobook_5_2_envelope.npy,sub-017_ses-shortstories01_task-listeningActive_run-02_eeg.bdf.gz,sub-017,ses-shortstories01,audiobook_5_2,PASS_VIRTUAL_INITIAL_QC,58219,149,0,WITHIN_3S_ADVISORY,64,PUBLISHER_CONSUMPTION_CONTRACT,0,1,UNASSIGNED,0,0,0.0,UNKNOWN,UNKNOWN,
sub-017_ses-shortstories01_task-listeningActive_run-04_eeg.bdf.gz,/home/fanyu/auditory_simulation_m6a/pub_01/s06/sparrkulee_v3.1/raw/derivatives/preprocessed_eeg/sub-017/ses-shortstories01/sub-017_ses-shortstories01_task-listeningActive_run-04_desc-preproc-audio-audiobook_2_1_eeg.npy,/home/fanyu/auditory_simulation_m6a/pub_01/s06/sparrkulee_v3.1/raw/derivatives/preprocessed_stimuli/audiobook_2_1_envelope.npy,sub-017_ses-shortstories01_task-listeningActive_run-04_eeg.bdf.gz,sub-017,ses-shortstories01,audiobook_2_1,PASS_VIRTUAL_INITIAL_QC,50619,133,0,WITHIN_3S_ADVISORY,64,PUBLISHER_CONSUMPTION_CONTRACT,0,1,UNASSIGNED,0,0,0.0,UNKNOWN,UNKNOWN,
sub-017_ses-shortstories01_task-listeningActive_run-05_eeg.bdf.gz,/home/fanyu/auditory_simulation_m6a/pub_01/s06/sparrkulee_v3.1/raw/derivatives/preprocessed_eeg/sub-017/ses-shortstories01/sub-017_ses-shortstories01_task-listeningActive_run-05_desc-preproc-audio-audiobook_2_2_eeg.npy,/home/fanyu/auditory_simulation_m6a/pub_01/s06/sparrkulee_v3.1/raw/derivatives/preprocessed_stimuli/audiobook_2_2_envelope.npy,sub-017_ses-shortstories01_task-listeningActive_run-05_eeg.bdf.gz,sub-017,ses-shortstories01,audiobook_2_2,PASS_VIRTUAL_INITIAL_QC,48747,2005,0,LARGE_TAIL_REVIEW,64,PUBLISHER_CONSUMPTION_CONTRACT,0,1,UNASSIGNED,0,0,0.0,UNKNOWN,UNKNOWN,
sub-018_ses-shortstories01_task-listeningActive_run-01_eeg.bdf.gz,/home/fanyu/auditory_simulation_m6a/pub_01/s06/sparrkulee_v3.1/raw/derivatives/preprocessed_eeg/sub-018/ses-shortstories01/sub-018_ses-shortstories01_task-listeningActive_run-01_desc-preproc-audio-audiobook_5_1_eeg.npy,/home/fanyu/auditory_simulation_m6a/pub_01/s06/sparrkulee_v3.1/raw/derivatives/preprocessed_stimuli/audiobook_5_1_envelope.npy,sub-018_ses-shortstories01_task-listeningActive_run-01_eeg.bdf.gz,sub-018,ses-shortstories01,audiobook_5_1,PASS_VIRTUAL_INITIAL_QC,57991,185,0,WITHIN_3S_ADVISORY,64,PUBLISHER_CONSUMPTION_CONTRACT,0,1,UNASSIGNED,0,0,0.0,UNKNOWN,UNKNOWN,
sub-018_ses-shortstories01_task-listeningActive_run-02_eeg.bdf.gz,/home/fanyu/auditory_simulation_m6a/pub_01/s06/sparrkulee_v3.1/raw/derivatives/preprocessed_eeg/sub-018/ses-shortstories01/sub-018_ses-shortstories01_task-listeningActive_run-02_desc-preproc-audio-audiobook_5_2_eeg.npy,/home/fanyu/auditory_simulation_m6a/pub_01/s06/sparrkulee_v3.1/raw/derivatives/preprocessed_stimuli/audiobook_5_2_envelope.npy,sub-018_ses-shortstories01_task-listeningActive_run-02_eeg.bdf.gz,sub-018,ses-shortstories01,audiobook_5_2,PASS_VIRTUAL_INITIAL_QC,58219,149,0,WITHIN_3S_ADVISORY,64,PUBLISHER_CONSUMPTION_CONTRACT,0,1,UNASSIGNED,0,0,0.0,UNKNOWN,UNKNOWN,
sub-018_ses-shortstories01_task-listeningActive_run-03_eeg.bdf.gz,/home/fanyu/auditory_simulation_m6a/pub_01/s06/sparrkulee_v3.1/raw/derivatives/preprocessed_eeg/sub-018/ses-shortstories01/sub-018_ses-shortstories01_task-listeningActive_run-03_desc-preproc-audio-audiobook_5_3_eeg.npy,/home/fanyu/auditory_simulation_m6a/pub_01/s06/sparrkulee_v3.1/raw/derivatives/preprocessed_stimuli/audiobook_5_3_envelope.npy,sub-018_ses-shortstories01_task-listeningActive_run-03_eeg.bdf.gz,sub-018,ses-shortstories01,audiobook_5_3,PASS_VIRTUAL_INITIAL_QC,60990,130,0,WITHIN_3S_ADVISORY,64,PUBLISHER_CONSUMPTION_CONTRACT,0,1,UNASSIGNED,0,0,0.0,UNKNOWN,UNKNOWN,
sub-018_ses-shortstories01_task-listeningActive_run-04_eeg.bdf.gz,/home/fanyu/auditory_simulation_m6a/pub_01/s06/sparrkulee_v3.1/raw/derivatives/preprocessed_eeg/sub-018/ses-shortstories01/sub-018_ses-shortstories01_task-listeningActive_run-04_desc-preproc-audio-audiobook_4_eeg.npy,/home/fanyu/auditory_simulation_m6a/pub_01/s06/sparrkulee_v3.1/raw/derivatives/preprocessed_stimuli/audiobook_4_envelope.npy,sub-018_ses-shortstories01_task-listeningActive_run-04_eeg.bdf.gz,sub-018,ses-shortstories01,audiobook_4,PASS_VIRTUAL_INITIAL_QC,52060,164,0,WITHIN_3S_ADVISORY,64,PUBLISHER_CONSUMPTION_CONTRACT,0,1,UNASSIGNED,0,0,0.0,UNKNOWN,UNKNOWN,
sub-018_ses-shortstories01_task-listeningActive_run-05_eeg.bdf.gz,/home/fanyu/auditory_simulation_m6a/pub_01/s06/sparrkulee_v3.1/raw/derivatives/preprocessed_eeg/sub-018/ses-shortstories01/sub-018_ses-shortstories01_task-listeningActive_run-05_desc-preproc-audio-audiobook_3_eeg.npy,/home/fanyu/auditory_simulation_m6a/pub_01/s06/sparrkulee_v3.1/raw/derivatives/preprocessed_stimuli/audiobook_3_envelope.npy,sub-018_ses-shortstories01_task-listeningActive_run-05_eeg.bdf.gz,sub-018,ses-shortstories01,audiobook_3,PASS_VIRTUAL_INITIAL_QC,61597,163,0,WITHIN_3S_ADVISORY,64,PUBLISHER_CONSUMPTION_CONTRACT,0,1,UNASSIGNED,0,0,0.0,UNKNOWN,UNKNOWN,
sub-018_ses-shortstories01_task-listeningActive_run-06_eeg.bdf.gz,/home/fanyu/auditory_simulation_m6a/pub_01/s06/sparrkulee_v3.1/raw/derivatives/preprocessed_eeg/sub-018/ses-shortstories01/sub-018_ses-shortstories01_task-listeningActive_run-06_desc-preproc-audio-audiobook_6_1_eeg.npy,/home/fanyu/auditory_simulation_m6a/pub_01/s06/sparrkulee_v3.1/raw/derivatives/preprocessed_stimuli/audiobook_6_1_envelope.npy,sub-018_ses-shortstories01_task-listeningActive_run-06_eeg.bdf.gz,sub-018,ses-shortstories01,audiobook_6_1,PASS_VIRTUAL_INITIAL_QC,53350,90,0,WITHIN_3S_ADVISORY,64,PUBLISHER_CONSUMPTION_CONTRACT,0,1,UNASSIGNED,0,0,0.0,UNKNOWN,UNKNOWN,
sub-018_ses-shortstories01_task-listeningActive_run-07_eeg.bdf.gz,/home/fanyu/auditory_simulation_m6a/pub_01/s06/sparrkulee_v3.1/raw/derivatives/preprocessed_eeg/sub-018/ses-shortstories01/sub-018_ses-shortstories01_task-listeningActive_run-07_desc-preproc-audio-audiobook_6_2_eeg.npy,/home/fanyu/auditory_simulation_m6a/pub_01/s06/sparrkulee_v3.1/raw/derivatives/preprocessed_stimuli/audiobook_6_2_envelope.npy,sub-018_ses-shortstories01_task-listeningActive_run-07_eeg.bdf.gz,sub-018,ses-shortstories01,audiobook_6_2,PASS_VIRTUAL_INITIAL_QC,53339,101,0,WITHIN_3S_ADVISORY,64,PUBLISHER_CONSUMPTION_CONTRACT,0,1,UNASSIGNED,0,0,0.0,UNKNOWN,UNKNOWN,
sub-018_ses-shortstories01_task-listeningActive_run-08_eeg.bdf.gz,/home/fanyu/auditory_simulation_m6a/pub_01/s06/sparrkulee_v3.1/raw/derivatives/preprocessed_eeg/sub-018/ses-shortstories01/sub-018_ses-shortstories01_task-listeningActive_run-08_desc-preproc-audio-audiobook_1_eeg.npy,/home/fanyu/auditory_simulation_m6a/pub_01/s06/sparrkulee_v3.1/raw/derivatives/preprocessed_stimuli/audiobook_1_envelope.npy,sub-018_ses-shortstories01_task-listeningActive_run-08_eeg.bdf.gz,sub-018,ses-shortstories01,audiobook_1,PASS_VIRTUAL_INITIAL_QC,59958,138,0,WITHIN_3S_ADVISORY,64,PUBLISHER_CONSUMPTION_CONTRACT,0,1,UNASSIGNED,0,0,0.0,UNKNOWN,UNKNOWN,
sub-018_ses-shortstories01_task-listeningActive_run-09_eeg.bdf.gz,/home/fanyu/auditory_simulation_m6a/pub_01/s06/sparrkulee_v3.1/raw/derivatives/preprocessed_eeg/sub-018/ses-shortstories01/sub-018_ses-shortstories01_task-listeningActive_run-09_desc-preproc-audio-audiobook_2_1_eeg.npy,/home/fanyu/auditory_simulation_m6a/pub_01/s06/sparrkulee_v3.1/raw/derivatives/preprocessed_stimuli/audiobook_2_1_envelope.npy,sub-018_ses-shortstories01_task-listeningActive_run-09_eeg.bdf.gz,sub-018,ses-shortstories01,audiobook_2_1,PASS_VIRTUAL_INITIAL_QC,50619,133,0,WITHIN_3S_ADVISORY,64,PUBLISHER_CONSUMPTION_CONTRACT,0,1,UNASSIGNED,0,0,0.0,UNKNOWN,UNKNOWN,
sub-018_ses-shortstories01_task-listeningActive_run-10_eeg.bdf.gz,/home/fanyu/auditory_simulation_m6a/pub_01/s06/sparrkulee_v3.1/raw/derivatives/preprocessed_eeg/sub-018/ses-shortstories01/sub-018_ses-shortstories01_task-listeningActive_run-10_desc-preproc-audio-audiobook_2_2_eeg.npy,/home/fanyu/auditory_simulation_m6a/pub_01/s06/sparrkulee_v3.1/raw/derivatives/preprocessed_stimuli/audiobook_2_2_envelope.npy,sub-018_ses-shortstories01_task-listeningActive_run-10_eeg.bdf.gz,sub-018,ses-shortstories01,audiobook_2_2,PASS_VIRTUAL_INITIAL_QC,48747,2005,0,LARGE_TAIL_REVIEW,64,PUBLISHER_CONSUMPTION_CONTRACT,0,1,UNASSIGNED,0,0,0.0,UNKNOWN,UNKNOWN,
sub-019_ses-shortstories01_task-listeningActive_run-01_eeg.bdf.gz,/home/fanyu/auditory_simulation_m6a/pub_01/s06/sparrkulee_v3.1/raw/derivatives/preprocessed_eeg/sub-019/ses-shortstories01/sub-019_ses-shortstories01_task-listeningActive_run-01_desc-preproc-audio-audiobook_6_1_eeg.npy,/home/fanyu/auditory_simulation_m6a/pub_01/s06/sparrkulee_v3.1/raw/derivatives/preprocessed_stimuli/audiobook_6_1_envelope.npy,sub-019_ses-shortstories01_task-listeningActive_run-01_eeg.bdf.gz,sub-019,ses-shortstories01,audiobook_6_1,PASS_VIRTUAL_INITIAL_QC,53350,90,0,WITHIN_3S_ADVISORY,64,PUBLISHER_CONSUMPTION_CONTRACT,0,1,UNASSIGNED,0,0,0.0,UNKNOWN,UNKNOWN,
sub-019_ses-shortstories01_task-listeningActive_run-02_eeg.bdf.gz,/home/fanyu/auditory_simulation_m6a/pub_01/s06/sparrkulee_v3.1/raw/derivatives/preprocessed_eeg/sub-019/ses-shortstories01/sub-019_ses-shortstories01_task-listeningActive_run-02_desc-preproc-audio-audiobook_6_2_eeg.npy,/home/fanyu/auditory_simulation_m6a/pub_01/s06/sparrkulee_v3.1/raw/derivatives/preprocessed_stimuli/audiobook_6_2_envelope.npy,sub-019_ses-shortstories01_task-listeningActive_run-02_eeg.bdf.gz,sub-019,ses-shortstories01,audiobook_6_2,PASS_VIRTUAL_INITIAL_QC,53339,101,0,WITHIN_3S_ADVISORY,64,PUBLISHER_CONSUMPTION_CONTRACT,0,1,UNASSIGNED,0,0,0.0,UNKNOWN,UNKNOWN,
sub-019_ses-shortstories01_task-listeningActive_run-03_eeg.bdf.gz,/home/fanyu/auditory_simulation_m6a/pub_01/s06/sparrkulee_v3.1/raw/derivatives/preprocessed_eeg/sub-019/ses-shortstories01/sub-019_ses-shortstories01_task-listeningActive_run-03_desc-preproc-audio-audiobook_3_eeg.npy,/home/fanyu/auditory_simulation_m6a/pub_01/s06/sparrkulee_v3.1/raw/derivatives/preprocessed_stimuli/audiobook_3_envelope.npy,sub-019_ses-shortstories01_task-listeningActive_run-03_eeg.bdf.gz,sub-019,ses-shortstories01,audiobook_3,PASS_VIRTUAL_INITIAL_QC,61597,163,0,WITHIN_3S_ADVISORY,64,PUBLISHER_CONSUMPTION_CONTRACT,0,1,UNASSIGNED,0,0,0.0,UNKNOWN,UNKNOWN,
sub-019_ses-shortstories01_task-listeningActive_run-04_eeg.bdf.gz,/home/fanyu/auditory_simulation_m6a/pub_01/s06/sparrkulee_v3.1/raw/derivatives/preprocessed_eeg/sub-019/ses-shortstories01/sub-019_ses-shortstories01_task-listeningActive_run-04_desc-preproc-audio-audiobook_5_1_eeg.npy,/home/fanyu/auditory_simulation_m6a/pub_01/s06/sparrkulee_v3.1/raw/derivatives/preprocessed_stimuli/audiobook_5_1_envelope.npy,sub-019_ses-shortstories01_task-listeningActive_run-04_eeg.bdf.gz,sub-019,ses-shortstories01,audiobook_5_1,PASS_VIRTUAL_INITIAL_QC,57991,185,0,WITHIN_3S_ADVISORY,64,PUBLISHER_CONSUMPTION_CONTRACT,0,1,UNASSIGNED,0,0,0.0,UNKNOWN,UNKNOWN,
sub-019_ses-shortstories01_task-listeningActive_run-05_eeg.bdf.gz,/home/fanyu/auditory_simulation_m6a/pub_01/s06/sparrkulee_v3.1/raw/derivatives/preprocessed_eeg/sub-019/ses-shortstories01/sub-019_ses-shortstories01_task-listeningActive_run-05_desc-preproc-audio-audiobook_5_2_eeg.npy,/home/fanyu/auditory_simulation_m6a/pub_01/s06/sparrkulee_v3.1/raw/derivatives/preprocessed_stimuli/audiobook_5_2_envelope.npy,sub-019_ses-shortstories01_task-listeningActive_run-05_eeg.bdf.gz,sub-019,ses-shortstories01,audiobook_5_2,PASS_VIRTUAL_INITIAL_QC,58219,149,0,WITHIN_3S_ADVISORY,64,PUBLISHER_CONSUMPTION_CONTRACT,0,1,UNASSIGNED,0,0,0.0,UNKNOWN,UNKNOWN,
sub-019_ses-shortstories01_task-listeningActive_run-06_eeg.bdf.gz,/home/fanyu/auditory_simulation_m6a/pub_01/s06/sparrkulee_v3.1/raw/derivatives/preprocessed_eeg/sub-019/ses-shortstories01/sub-019_ses-shortstories01_task-listeningActive_run-06_desc-preproc-audio-audiobook_5_3_eeg.npy,/home/fanyu/auditory_simulation_m6a/pub_01/s06/sparrkulee_v3.1/raw/derivatives/preprocessed_stimuli/audiobook_5_3_envelope.npy,sub-019_ses-shortstories01_task-listeningActive_run-06_eeg.bdf.gz,sub-019,ses-shortstories01,audiobook_5_3,PASS_VIRTUAL_INITIAL_QC,60990,130,0,WITHIN_3S_ADVISORY,64,PUBLISHER_CONSUMPTION_CONTRACT,0,1,UNASSIGNED,0,0,0.0,UNKNOWN,UNKNOWN,
sub-019_ses-shortstories01_task-listeningActive_run-07_eeg.bdf.gz,/home/fanyu/auditory_simulation_m6a/pub_01/s06/sparrkulee_v3.1/raw/derivatives/preprocessed_eeg/sub-019/ses-shortstories01/sub-019_ses-shortstories01_task-listeningActive_run-07_desc-preproc-audio-audiobook_4_eeg.npy,/home/fanyu/auditory_simulation_m6a/pub_01/s06/sparrkulee_v3.1/raw/derivatives/preprocessed_stimuli/audiobook_4_envelope.npy,sub-019_ses-shortstories01_task-listeningActive_run-07_eeg.bdf.gz,sub-019,ses-shortstories01,audiobook_4,PASS_VIRTUAL_INITIAL_QC,52060,164,0,WITHIN_3S_ADVISORY,64,PUBLISHER_CONSUMPTION_CONTRACT,0,1,UNASSIGNED,0,0,0.0,UNKNOWN,UNKNOWN,
sub-019_ses-shortstories01_task-listeningActive_run-08_eeg.bdf.gz,/home/fanyu/auditory_simulation_m6a/pub_01/s06/sparrkulee_v3.1/raw/derivatives/preprocessed_eeg/sub-019/ses-shortstories01/sub-019_ses-shortstories01_task-listeningActive_run-08_desc-preproc-audio-audiobook_2_1_eeg.npy,/home/fanyu/auditory_simulation_m6a/pub_01/s06/sparrkulee_v3.1/raw/derivatives/preprocessed_stimuli/audiobook_2_1_envelope.npy,sub-019_ses-shortstories01_task-listeningActive_run-08_eeg.bdf.gz,sub-019,ses-shortstories01,audiobook_2_1,PASS_VIRTUAL_INITIAL_QC,50619,133,0,WITHIN_3S_ADVISORY,64,PUBLISHER_CONSUMPTION_CONTRACT,0,1,UNASSIGNED,0,0,0.0,UNKNOWN,UNKNOWN,
sub-019_ses-shortstories01_task-listeningActive_run-09_eeg.bdf.gz,/home/fanyu/auditory_simulation_m6a/pub_01/s06/sparrkulee_v3.1/raw/derivatives/preprocessed_eeg/sub-019/ses-shortstories01/sub-019_ses-shortstories01_task-listeningActive_run-09_desc-preproc-audio-audiobook_2_2_eeg.npy,/home/fanyu/auditory_simulation_m6a/pub_01/s06/sparrkulee_v3.1/raw/derivatives/preprocessed_stimuli/audiobook_2_2_envelope.npy,sub-019_ses-shortstories01_task-listeningActive_run-09_eeg.bdf.gz,sub-019,ses-shortstories01,audiobook_2_2,PASS_VIRTUAL_INITIAL_QC,48747,2005,0,LARGE_TAIL_REVIEW,64,PUBLISHER_CONSUMPTION_CONTRACT,0,1,UNASSIGNED,0,0,0.0,UNKNOWN,UNKNOWN,
sub-019_ses-shortstories01_task-listeningActive_run-10_eeg.bdf.gz,/home/fanyu/auditory_simulation_m6a/pub_01/s06/sparrkulee_v3.1/raw/derivatives/preprocessed_eeg/sub-019/ses-shortstories01/sub-019_ses-shortstories01_task-listeningActive_run-10_desc-preproc-audio-audiobook_1_eeg.npy,/home/fanyu/auditory_simulation_m6a/pub_01/s06/sparrkulee_v3.1/raw/derivatives/preprocessed_stimuli/audiobook_1_envelope.npy,sub-019_ses-shortstories01_task-listeningActive_run-10_eeg.bdf.gz,sub-019,ses-shortstories01,audiobook_1,PASS_VIRTUAL_INITIAL_QC,59958,138,0,WITHIN_3S_ADVISORY,64,PUBLISHER_CONSUMPTION_CONTRACT,0,1,UNASSIGNED,0,0,0.0,UNKNOWN,UNKNOWN,
sub-020_ses-shortstories01_task-listeningActive_run-01_eeg.bdf.gz,/home/fanyu/auditory_simulation_m6a/pub_01/s06/sparrkulee_v3.1/raw/derivatives/preprocessed_eeg/sub-020/ses-shortstories01/sub-020_ses-shortstories01_task-listeningActive_run-01_desc-preproc-audio-audiobook_3_eeg.npy,/home/fanyu/auditory_simulation_m6a/pub_01/s06/sparrkulee_v3.1/raw/derivatives/preprocessed_stimuli/audiobook_3_envelope.npy,sub-020_ses-shortstories01_task-listeningActive_run-01_eeg.bdf.gz,sub-020,ses-shortstories01,audiobook_3,PASS_VIRTUAL_INITIAL_QC,61597,163,0,WITHIN_3S_ADVISORY,64,PUBLISHER_CONSUMPTION_CONTRACT,0,1,UNASSIGNED,0,0,0.0,UNKNOWN,UNKNOWN,
sub-020_ses-shortstories01_task-listeningActive_run-02_eeg.bdf.gz,/home/fanyu/auditory_simulation_m6a/pub_01/s06/sparrkulee_v3.1/raw/derivatives/preprocessed_eeg/sub-020/ses-shortstories01/sub-020_ses-shortstories01_task-listeningActive_run-02_desc-preproc-audio-audiobook_5_1_eeg.npy,/home/fanyu/auditory_simulation_m6a/pub_01/s06/sparrkulee_v3.1/raw/derivatives/preprocessed_stimuli/audiobook_5_1_envelope.npy,sub-020_ses-shortstories01_task-listeningActive_run-02_eeg.bdf.gz,sub-020,ses-shortstories01,audiobook_5_1,PASS_VIRTUAL_INITIAL_QC,57991,185,0,WITHIN_3S_ADVISORY,64,PUBLISHER_CONSUMPTION_CONTRACT,0,1,UNASSIGNED,0,0,0.0,UNKNOWN,UNKNOWN,
sub-020_ses-shortstories01_task-listeningActive_run-03_eeg.bdf.gz,/home/fanyu/auditory_simulation_m6a/pub_01/s06/sparrkulee_v3.1/raw/derivatives/preprocessed_eeg/sub-020/ses-shortstories01/sub-020_ses-shortstories01_task-listeningActive_run-03_desc-preproc-audio-audiobook_5_2_eeg.npy,/home/fanyu/auditory_simulation_m6a/pub_01/s06/sparrkulee_v3.1/raw/derivatives/preprocessed_stimuli/audiobook_5_2_envelope.npy,sub-020_ses-shortstories01_task-listeningActive_run-03_eeg.bdf.gz,sub-020,ses-shortstories01,audiobook_5_2,PASS_VIRTUAL_INITIAL_QC,58219,149,0,WITHIN_3S_ADVISORY,64,PUBLISHER_CONSUMPTION_CONTRACT,0,1,UNASSIGNED,0,0,0.0,UNKNOWN,UNKNOWN,
sub-020_ses-shortstories01_task-listeningActive_run-04_eeg.bdf.gz,/home/fanyu/auditory_simulation_m6a/pub_01/s06/sparrkulee_v3.1/raw/derivatives/preprocessed_eeg/sub-020/ses-shortstories01/sub-020_ses-shortstories01_task-listeningActive_run-04_desc-preproc-audio-audiobook_5_3_eeg.npy,/home/fanyu/auditory_simulation_m6a/pub_01/s06/sparrkulee_v3.1/raw/derivatives/preprocessed_stimuli/audiobook_5_3_envelope.npy,sub-020_ses-shortstories01_task-listeningActive_run-04_eeg.bdf.gz,sub-020,ses-shortstories01,audiobook_5_3,PASS_VIRTUAL_INITIAL_QC,60990,130,0,WITHIN_3S_ADVISORY,64,PUBLISHER_CONSUMPTION_CONTRACT,0,1,UNASSIGNED,0,0,0.0,UNKNOWN,UNKNOWN,
sub-020_ses-shortstories01_task-listeningActive_run-05_eeg.bdf.gz,/home/fanyu/auditory_simulation_m6a/pub_01/s06/sparrkulee_v3.1/raw/derivatives/preprocessed_eeg/sub-020/ses-shortstories01/sub-020_ses-shortstories01_task-listeningActive_run-05_desc-preproc-audio-audiobook_2_1_eeg.npy,/home/fanyu/auditory_simulation_m6a/pub_01/s06/sparrkulee_v3.1/raw/derivatives/preprocessed_stimuli/audiobook_2_1_envelope.npy,sub-020_ses-shortstories01_task-listeningActive_run-05_eeg.bdf.gz,sub-020,ses-shortstories01,audiobook_2_1,PASS_VIRTUAL_INITIAL_QC,50619,133,0,WITHIN_3S_ADVISORY,64,PUBLISHER_CONSUMPTION_CONTRACT,0,1,UNASSIGNED,0,0,0.0,UNKNOWN,UNKNOWN,
sub-020_ses-shortstories01_task-listeningActive_run-06_eeg.bdf.gz,/home/fanyu/auditory_simulation_m6a/pub_01/s06/sparrkulee_v3.1/raw/derivatives/preprocessed_eeg/sub-020/ses-shortstories01/sub-020_ses-shortstories01_task-listeningActive_run-06_desc-preproc-audio-audiobook_2_2_eeg.npy,/home/fanyu/auditory_simulation_m6a/pub_01/s06/sparrkulee_v3.1/raw/derivatives/preprocessed_stimuli/audiobook_2_2_envelope.npy,sub-020_ses-shortstories01_task-listeningActive_run-06_eeg.bdf.gz,sub-020,ses-shortstories01,audiobook_2_2,PASS_VIRTUAL_INITIAL_QC,48747,2005,0,LARGE_TAIL_REVIEW,64,PUBLISHER_CONSUMPTION_CONTRACT,0,1,UNASSIGNED,0,0,0.0,UNKNOWN,UNKNOWN,
sub-020_ses-shortstories01_task-listeningActive_run-07_eeg.bdf.gz,/home/fanyu/auditory_simulation_m6a/pub_01/s06/sparrkulee_v3.1/raw/derivatives/preprocessed_eeg/sub-020/ses-shortstories01/sub-020_ses-shortstories01_task-listeningActive_run-07_desc-preproc-audio-audiobook_6_1_eeg.npy,/home/fanyu/auditory_simulation_m6a/pub_01/s06/sparrkulee_v3.1/raw/derivatives/preprocessed_stimuli/audiobook_6_1_envelope.npy,sub-020_ses-shortstories01_task-listeningActive_run-07_eeg.bdf.gz,sub-020,ses-shortstories01,audiobook_6_1,PASS_VIRTUAL_INITIAL_QC,53350,90,0,WITHIN_3S_ADVISORY,64,PUBLISHER_CONSUMPTION_CONTRACT,0,1,UNASSIGNED,0,0,0.0,UNKNOWN,UNKNOWN,
sub-020_ses-shortstories01_task-listeningActive_run-08_eeg.bdf.gz,/home/fanyu/auditory_simulation_m6a/pub_01/s06/sparrkulee_v3.1/raw/derivatives/preprocessed_eeg/sub-020/ses-shortstories01/sub-020_ses-shortstories01_task-listeningActive_run-08_desc-preproc-audio-audiobook_6_2_eeg.npy,/home/fanyu/auditory_simulation_m6a/pub_01/s06/sparrkulee_v3.1/raw/derivatives/preprocessed_stimuli/audiobook_6_2_envelope.npy,sub-020_ses-shortstories01_task-listeningActive_run-08_eeg.bdf.gz,sub-020,ses-shortstories01,audiobook_6_2,PASS_VIRTUAL_INITIAL_QC,53339,101,0,WITHIN_3S_ADVISORY,64,PUBLISHER_CONSUMPTION_CONTRACT,0,1,UNASSIGNED,0,0,0.0,UNKNOWN,UNKNOWN,
sub-021_ses-shortstories01_task-listeningActive_run-01_eeg.bdf.gz,/home/fanyu/auditory_simulation_m6a/pub_01/s06/sparrkulee_v3.1/raw/derivatives/preprocessed_eeg/sub-021/ses-shortstories01/sub-021_ses-shortstories01_task-listeningActive_run-01_desc-preproc-audio-audiobook_1_1_eeg.npy,/home/fanyu/auditory_simulation_m6a/pub_01/s06/sparrkulee_v3.1/raw/derivatives/preprocessed_stimuli/audiobook_1_1_envelope.npy,sub-021_ses-shortstories01_task-listeningActive_run-01_eeg.bdf.gz,sub-021,ses-shortstories01,audiobook_1_1,PASS_VIRTUAL_INITIAL_QC,29275,165,0,WITHIN_3S_ADVISORY,64,PUBLISHER_CONSUMPTION_CONTRACT,0,1,UNASSIGNED,0,0,0.0,UNKNOWN,UNKNOWN,
sub-021_ses-shortstories01_task-listeningActive_run-02_eeg.bdf.gz,/home/fanyu/auditory_simulation_m6a/pub_01/s06/sparrkulee_v3.1/raw/derivatives/preprocessed_eeg/sub-021/ses-shortstories01/sub-021_ses-shortstories01_task-listeningActive_run-02_desc-preproc-audio-audiobook_1_2_shifted_eeg.npy,/home/fanyu/auditory_simulation_m6a/pub_01/s06/sparrkulee_v3.1/raw/derivatives/preprocessed_stimuli/audiobook_1_2_shifted_envelope.npy,sub-021_ses-shortstories01_task-listeningActive_run-02_eeg.bdf.gz,sub-021,ses-shortstories01,audiobook_1_2_shifted,PASS_VIRTUAL_INITIAL_QC,26796,148,0,WITHIN_3S_ADVISORY,64,PUBLISHER_CONSUMPTION_CONTRACT,0,1,UNASSIGNED,0,0,0.0,UNKNOWN,UNKNOWN,
sub-021_ses-shortstories01_task-listeningActive_run-03_eeg.bdf.gz,/home/fanyu/auditory_simulation_m6a/pub_01/s06/sparrkulee_v3.1/raw/derivatives/preprocessed_eeg/sub-021/ses-shortstories01/sub-021_ses-shortstories01_task-listeningActive_run-03_desc-preproc-audio-audiobook_4_eeg.npy,/home/fanyu/auditory_simulation_m6a/pub_01/s06/sparrkulee_v3.1/raw/derivatives/preprocessed_stimuli/audiobook_4_envelope.npy,sub-021_ses-shortstories01_task-listeningActive_run-03_eeg.bdf.gz,sub-021,ses-shortstories01,audiobook_4,PASS_VIRTUAL_INITIAL_QC,52060,164,0,WITHIN_3S_ADVISORY,64,PUBLISHER_CONSUMPTION_CONTRACT,0,1,UNASSIGNED,0,0,0.0,UNKNOWN,UNKNOWN,
sub-021_ses-shortstories01_task-listeningActive_run-04_eeg.bdf.gz,/home/fanyu/auditory_simulation_m6a/pub_01/s06/sparrkulee_v3.1/raw/derivatives/preprocessed_eeg/sub-021/ses-shortstories01/sub-021_ses-shortstories01_task-listeningActive_run-04_desc-preproc-audio-audiobook_5_1_eeg.npy,/home/fanyu/auditory_simulation_m6a/pub_01/s06/sparrkulee_v3.1/raw/derivatives/preprocessed_stimuli/audiobook_5_1_envelope.npy,sub-021_ses-shortstories01_task-listeningActive_run-04_eeg.bdf.gz,sub-021,ses-shortstories01,audiobook_5_1,PASS_VIRTUAL_INITIAL_QC,57991,185,0,WITHIN_3S_ADVISORY,64,PUBLISHER_CONSUMPTION_CONTRACT,0,1,UNASSIGNED,0,0,0.0,UNKNOWN,UNKNOWN,
sub-021_ses-shortstories01_task-listeningActive_run-05_eeg.bdf.gz,/home/fanyu/auditory_simulation_m6a/pub_01/s06/sparrkulee_v3.1/raw/derivatives/preprocessed_eeg/sub-021/ses-shortstories01/sub-021_ses-shortstories01_task-listeningActive_run-05_desc-preproc-audio-audiobook_5_2_eeg.npy,/home/fanyu/auditory_simulation_m6a/pub_01/s06/sparrkulee_v3.1/raw/derivatives/preprocessed_stimuli/audiobook_5_2_envelope.npy,sub-021_ses-shortstories01_task-listeningActive_run-05_eeg.bdf.gz,sub-021,ses-shortstories01,audiobook_5_2,PASS_VIRTUAL_INITIAL_QC,58219,149,0,WITHIN_3S_ADVISORY,64,PUBLISHER_CONSUMPTION_CONTRACT,0,1,UNASSIGNED,0,0,0.0,UNKNOWN,UNKNOWN,
sub-021_ses-shortstories01_task-listeningActive_run-06_eeg.bdf.gz,/home/fanyu/auditory_simulation_m6a/pub_01/s06/sparrkulee_v3.1/raw/derivatives/preprocessed_eeg/sub-021/ses-shortstories01/sub-021_ses-shortstories01_task-listeningActive_run-06_desc-preproc-audio-audiobook_5_3_eeg.npy,/home/fanyu/auditory_simulation_m6a/pub_01/s06/sparrkulee_v3.1/raw/derivatives/preprocessed_stimuli/audiobook_5_3_envelope.npy,sub-021_ses-shortstories01_task-listeningActive_run-06_eeg.bdf.gz,sub-021,ses-shortstories01,audiobook_5_3,PASS_VIRTUAL_INITIAL_QC,60990,130,0,WITHIN_3S_ADVISORY,64,PUBLISHER_CONSUMPTION_CONTRACT,0,1,UNASSIGNED,0,0,0.0,UNKNOWN,UNKNOWN,
sub-021_ses-shortstories01_task-listeningActive_run-07_eeg.bdf.gz,/home/fanyu/auditory_simulation_m6a/pub_01/s06/sparrkulee_v3.1/raw/derivatives/preprocessed_eeg/sub-021/ses-shortstories01/sub-021_ses-shortstories01_task-listeningActive_run-07_desc-preproc-audio-audiobook_6_1_eeg.npy,/home/fanyu/auditory_simulation_m6a/pub_01/s06/sparrkulee_v3.1/raw/derivatives/preprocessed_stimuli/audiobook_6_1_envelope.npy,sub-021_ses-shortstories01_task-listeningActive_run-07_eeg.bdf.gz,sub-021,ses-shortstories01,audiobook_6_1,PASS_VIRTUAL_INITIAL_QC,53350,90,0,WITHIN_3S_ADVISORY,64,PUBLISHER_CONSUMPTION_CONTRACT,0,1,UNASSIGNED,0,0,0.0,UNKNOWN,UNKNOWN,
sub-021_ses-shortstories01_task-listeningActive_run-08_eeg.bdf.gz,/home/fanyu/auditory_simulation_m6a/pub_01/s06/sparrkulee_v3.1/raw/derivatives/preprocessed_eeg/sub-021/ses-shortstories01/sub-021_ses-shortstories01_task-listeningActive_run-08_desc-preproc-audio-audiobook_6_2_eeg.npy,/home/fanyu/auditory_simulation_m6a/pub_01/s06/sparrkulee_v3.1/raw/derivatives/preprocessed_stimuli/audiobook_6_2_envelope.npy,sub-021_ses-shortstories01_task-listeningActive_run-08_eeg.bdf.gz,sub-021,ses-shortstories01,audiobook_6_2,PASS_VIRTUAL_INITIAL_QC,53339,101,0,WITHIN_3S_ADVISORY,64,PUBLISHER_CONSUMPTION_CONTRACT,0,1,UNASSIGNED,0,0,0.0,UNKNOWN,UNKNOWN,
sub-021_ses-shortstories01_task-listeningActive_run-09_eeg.bdf.gz,/home/fanyu/auditory_simulation_m6a/pub_01/s06/sparrkulee_v3.1/raw/derivatives/preprocessed_eeg/sub-021/ses-shortstories01/sub-021_ses-shortstories01_task-listeningActive_run-09_desc-preproc-audio-audiobook_2_1_eeg.npy,/home/fanyu/auditory_simulation_m6a/pub_01/s06/sparrkulee_v3.1/raw/derivatives/preprocessed_stimuli/audiobook_2_1_envelope.npy,sub-021_ses-shortstories01_task-listeningActive_run-09_eeg.bdf.gz,sub-021,ses-shortstories01,audiobook_2_1,PASS_VIRTUAL_INITIAL_QC,50619,133,0,WITHIN_3S_ADVISORY,64,PUBLISHER_CONSUMPTION_CONTRACT,0,1,UNASSIGNED,0,0,0.0,UNKNOWN,UNKNOWN,
sub-021_ses-shortstories01_task-listeningActive_run-10_eeg.bdf.gz,/home/fanyu/auditory_simulation_m6a/pub_01/s06/sparrkulee_v3.1/raw/derivatives/preprocessed_eeg/sub-021/ses-shortstories01/sub-021_ses-shortstories01_task-listeningActive_run-10_desc-preproc-audio-audiobook_2_2_eeg.npy,/home/fanyu/auditory_simulation_m6a/pub_01/s06/sparrkulee_v3.1/raw/derivatives/preprocessed_stimuli/audiobook_2_2_envelope.npy,sub-021_ses-shortstories01_task-listeningActive_run-10_eeg.bdf.gz,sub-021,ses-shortstories01,audiobook_2_2,PASS_VIRTUAL_INITIAL_QC,48747,2005,0,LARGE_TAIL_REVIEW,64,PUBLISHER_CONSUMPTION_CONTRACT,0,1,UNASSIGNED,0,0,0.0,UNKNOWN,UNKNOWN,
sub-021_ses-shortstories01_task-listeningActive_run-11_eeg.bdf.gz,/home/fanyu/auditory_simulation_m6a/pub_01/s06/sparrkulee_v3.1/raw/derivatives/preprocessed_eeg/sub-021/ses-shortstories01/sub-021_ses-shortstories01_task-listeningActive_run-11_desc-preproc-audio-audiobook_3_eeg.npy,/home/fanyu/auditory_simulation_m6a/pub_01/s06/sparrkulee_v3.1/raw/derivatives/preprocessed_stimuli/audiobook_3_envelope.npy,sub-021_ses-shortstories01_task-listeningActive_run-11_eeg.bdf.gz,sub-021,ses-shortstories01,audiobook_3,PASS_VIRTUAL_INITIAL_QC,61597,163,0,WITHIN_3S_ADVISORY,64,PUBLISHER_CONSUMPTION_CONTRACT,0,1,UNASSIGNED,0,0,0.0,UNKNOWN,UNKNOWN,
sub-022_ses-shortstories01_task-listeningActive_run-01_eeg.bdf.gz,/home/fanyu/auditory_simulation_m6a/pub_01/s06/sparrkulee_v3.1/raw/derivatives/preprocessed_eeg/sub-022/ses-shortstories01/sub-022_ses-shortstories01_task-listeningActive_run-01_desc-preproc-audio-audiobook_1_1_eeg.npy,/home/fanyu/auditory_simulation_m6a/pub_01/s06/sparrkulee_v3.1/raw/derivatives/preprocessed_stimuli/audiobook_1_1_envelope.npy,sub-022_ses-shortstories01_task-listeningActive_run-01_eeg.bdf.gz,sub-022,ses-shortstories01,audiobook_1_1,PASS_VIRTUAL_INITIAL_QC,29275,165,0,WITHIN_3S_ADVISORY,64,PUBLISHER_CONSUMPTION_CONTRACT,0,1,UNASSIGNED,0,0,0.0,UNKNOWN,UNKNOWN,
sub-022_ses-shortstories01_task-listeningActive_run-02_eeg.bdf.gz,/home/fanyu/auditory_simulation_m6a/pub_01/s06/sparrkulee_v3.1/raw/derivatives/preprocessed_eeg/sub-022/ses-shortstories01/sub-022_ses-shortstories01_task-listeningActive_run-02_desc-preproc-audio-audiobook_1_2_shifted_eeg.npy,/home/fanyu/auditory_simulation_m6a/pub_01/s06/sparrkulee_v3.1/raw/derivatives/preprocessed_stimuli/audiobook_1_2_shifted_envelope.npy,sub-022_ses-shortstories01_task-listeningActive_run-02_eeg.bdf.gz,sub-022,ses-shortstories01,audiobook_1_2_shifted,PASS_VIRTUAL_INITIAL_QC,26796,148,0,WITHIN_3S_ADVISORY,64,PUBLISHER_CONSUMPTION_CONTRACT,0,1,UNASSIGNED,0,0,0.0,UNKNOWN,UNKNOWN,
sub-022_ses-shortstories01_task-listeningActive_run-03_eeg.bdf.gz,/home/fanyu/auditory_simulation_m6a/pub_01/s06/sparrkulee_v3.1/raw/derivatives/preprocessed_eeg/sub-022/ses-shortstories01/sub-022_ses-shortstories01_task-listeningActive_run-03_desc-preproc-audio-audiobook_2_1_eeg.npy,/home/fanyu/auditory_simulation_m6a/pub_01/s06/sparrkulee_v3.1/raw/derivatives/preprocessed_stimuli/audiobook_2_1_envelope.npy,sub-022_ses-shortstories01_task-listeningActive_run-03_eeg.bdf.gz,sub-022,ses-shortstories01,audiobook_2_1,PASS_VIRTUAL_INITIAL_QC,50619,133,0,WITHIN_3S_ADVISORY,64,PUBLISHER_CONSUMPTION_CONTRACT,0,1,UNASSIGNED,0,0,0.0,UNKNOWN,UNKNOWN,
sub-022_ses-shortstories01_task-listeningActive_run-04_eeg.bdf.gz,/home/fanyu/auditory_simulation_m6a/pub_01/s06/sparrkulee_v3.1/raw/derivatives/preprocessed_eeg/sub-022/ses-shortstories01/sub-022_ses-shortstories01_task-listeningActive_run-04_desc-preproc-audio-audiobook_2_2_eeg.npy,/home/fanyu/auditory_simulation_m6a/pub_01/s06/sparrkulee_v3.1/raw/derivatives/preprocessed_stimuli/audiobook_2_2_envelope.npy,sub-022_ses-shortstories01_task-listeningActive_run-04_eeg.bdf.gz,sub-022,ses-shortstories01,audiobook_2_2,PASS_VIRTUAL_INITIAL_QC,48747,2005,0,LARGE_TAIL_REVIEW,64,PUBLISHER_CONSUMPTION_CONTRACT,0,1,UNASSIGNED,0,0,0.0,UNKNOWN,UNKNOWN,
sub-022_ses-shortstories01_task-listeningActive_run-05_eeg.bdf.gz,/home/fanyu/auditory_simulation_m6a/pub_01/s06/sparrkulee_v3.1/raw/derivatives/preprocessed_eeg/sub-022/ses-shortstories01/sub-022_ses-shortstories01_task-listeningActive_run-05_desc-preproc-audio-audiobook_4_eeg.npy,/home/fanyu/auditory_simulation_m6a/pub_01/s06/sparrkulee_v3.1/raw/derivatives/preprocessed_stimuli/audiobook_4_envelope.npy,sub-022_ses-shortstories01_task-listeningActive_run-05_eeg.bdf.gz,sub-022,ses-shortstories01,audiobook_4,PASS_VIRTUAL_INITIAL_QC,52060,164,0,WITHIN_3S_ADVISORY,64,PUBLISHER_CONSUMPTION_CONTRACT,0,1,UNASSIGNED,0,0,0.0,UNKNOWN,UNKNOWN,
sub-022_ses-shortstories01_task-listeningActive_run-06_eeg.bdf.gz,/home/fanyu/auditory_simulation_m6a/pub_01/s06/sparrkulee_v3.1/raw/derivatives/preprocessed_eeg/sub-022/ses-shortstories01/sub-022_ses-shortstories01_task-listeningActive_run-06_desc-preproc-audio-audiobook_3_eeg.npy,/home/fanyu/auditory_simulation_m6a/pub_01/s06/sparrkulee_v3.1/raw/derivatives/preprocessed_stimuli/audiobook_3_envelope.npy,sub-022_ses-shortstories01_task-listeningActive_run-06_eeg.bdf.gz,sub-022,ses-shortstories01,audiobook_3,PASS_VIRTUAL_INITIAL_QC,61597,163,0,WITHIN_3S_ADVISORY,64,PUBLISHER_CONSUMPTION_CONTRACT,0,1,UNASSIGNED,0,0,0.0,UNKNOWN,UNKNOWN,
sub-022_ses-shortstories01_task-listeningActive_run-07_eeg.bdf.gz,/home/fanyu/auditory_simulation_m6a/pub_01/s06/sparrkulee_v3.1/raw/derivatives/preprocessed_eeg/sub-022/ses-shortstories01/sub-022_ses-shortstories01_task-listeningActive_run-07_desc-preproc-audio-audiobook_6_1_eeg.npy,/home/fanyu/auditory_simulation_m6a/pub_01/s06/sparrkulee_v3.1/raw/derivatives/preprocessed_stimuli/audiobook_6_1_envelope.npy,sub-022_ses-shortstories01_task-listeningActive_run-07_eeg.bdf.gz,sub-022,ses-shortstories01,audiobook_6_1,PASS_VIRTUAL_INITIAL_QC,53350,90,0,WITHIN_3S_ADVISORY,64,PUBLISHER_CONSUMPTION_CONTRACT,0,1,UNASSIGNED,0,0,0.0,UNKNOWN,UNKNOWN,
sub-022_ses-shortstories01_task-listeningActive_run-08_eeg.bdf.gz,/home/fanyu/auditory_simulation_m6a/pub_01/s06/sparrkulee_v3.1/raw/derivatives/preprocessed_eeg/sub-022/ses-shortstories01/sub-022_ses-shortstories01_task-listeningActive_run-08_desc-preproc-audio-audiobook_6_2_eeg.npy,/home/fanyu/auditory_simulation_m6a/pub_01/s06/sparrkulee_v3.1/raw/derivatives/preprocessed_stimuli/audiobook_6_2_envelope.npy,sub-022_ses-shortstories01_task-listeningActive_run-08_eeg.bdf.gz,sub-022,ses-shortstories01,audiobook_6_2,PASS_VIRTUAL_INITIAL_QC,53339,101,0,WITHIN_3S_ADVISORY,64,PUBLISHER_CONSUMPTION_CONTRACT,0,1,UNASSIGNED,0,0,0.0,UNKNOWN,UNKNOWN,
sub-022_ses-shortstories01_task-listeningActive_run-09_eeg.bdf.gz,/home/fanyu/auditory_simulation_m6a/pub_01/s06/sparrkulee_v3.1/raw/derivatives/preprocessed_eeg/sub-022/ses-shortstories01/sub-022_ses-shortstories01_task-listeningActive_run-09_desc-preproc-audio-audiobook_5_1_eeg.npy,/home/fanyu/auditory_simulation_m6a/pub_01/s06/sparrkulee_v3.1/raw/derivatives/preprocessed_stimuli/audiobook_5_1_envelope.npy,sub-022_ses-shortstories01_task-listeningActive_run-09_eeg.bdf.gz,sub-022,ses-shortstories01,audiobook_5_1,PASS_VIRTUAL_INITIAL_QC,57991,185,0,WITHIN_3S_ADVISORY,64,PUBLISHER_CONSUMPTION_CONTRACT,0,1,UNASSIGNED,0,0,0.0,UNKNOWN,UNKNOWN,
sub-022_ses-shortstories01_task-listeningActive_run-10_eeg.bdf.gz,/home/fanyu/auditory_simulation_m6a/pub_01/s06/sparrkulee_v3.1/raw/derivatives/preprocessed_eeg/sub-022/ses-shortstories01/sub-022_ses-shortstories01_task-listeningActive_run-10_desc-preproc-audio-audiobook_5_2_eeg.npy,/home/fanyu/auditory_simulation_m6a/pub_01/s06/sparrkulee_v3.1/raw/derivatives/preprocessed_stimuli/audiobook_5_2_envelope.npy,sub-022_ses-shortstories01_task-listeningActive_run-10_eeg.bdf.gz,sub-022,ses-shortstories01,audiobook_5_2,PASS_VIRTUAL_INITIAL_QC,58219,149,0,WITHIN_3S_ADVISORY,64,PUBLISHER_CONSUMPTION_CONTRACT,0,1,UNASSIGNED,0,0,0.0,UNKNOWN,UNKNOWN,
sub-022_ses-shortstories01_task-listeningActive_run-11_eeg.bdf.gz,/home/fanyu/auditory_simulation_m6a/pub_01/s06/sparrkulee_v3.1/raw/derivatives/preprocessed_eeg/sub-022/ses-shortstories01/sub-022_ses-shortstories01_task-listeningActive_run-11_desc-preproc-audio-audiobook_5_3_eeg.npy,/home/fanyu/auditory_simulation_m6a/pub_01/s06/sparrkulee_v3.1/raw/derivatives/preprocessed_stimuli/audiobook_5_3_envelope.npy,sub-022_ses-shortstories01_task-listeningActive_run-11_eeg.bdf.gz,sub-022,ses-shortstories01,audiobook_5_3,PASS_VIRTUAL_INITIAL_QC,60990,130,0,WITHIN_3S_ADVISORY,64,PUBLISHER_CONSUMPTION_CONTRACT,0,1,UNASSIGNED,0,0,0.0,UNKNOWN,UNKNOWN,
sub-023_ses-shortstories01_task-listeningActive_run-01_eeg.bdf.gz,/home/fanyu/auditory_simulation_m6a/pub_01/s06/sparrkulee_v3.1/raw/derivatives/preprocessed_eeg/sub-023/ses-shortstories01/sub-023_ses-shortstories01_task-listeningActive_run-01_desc-preproc-audio-audiobook_6_1_eeg.npy,/home/fanyu/auditory_simulation_m6a/pub_01/s06/sparrkulee_v3.1/raw/derivatives/preprocessed_stimuli/audiobook_6_1_envelope.npy,sub-023_ses-shortstories01_task-listeningActive_run-01_eeg.bdf.gz,sub-023,ses-shortstories01,audiobook_6_1,PASS_VIRTUAL_INITIAL_QC,53350,90,0,WITHIN_3S_ADVISORY,64,PUBLISHER_CONSUMPTION_CONTRACT,0,1,UNASSIGNED,0,0,0.0,UNKNOWN,UNKNOWN,
sub-023_ses-shortstories01_task-listeningActive_run-02_eeg.bdf.gz,/home/fanyu/auditory_simulation_m6a/pub_01/s06/sparrkulee_v3.1/raw/derivatives/preprocessed_eeg/sub-023/ses-shortstories01/sub-023_ses-shortstories01_task-listeningActive_run-02_desc-preproc-audio-audiobook_6_2_eeg.npy,/home/fanyu/auditory_simulation_m6a/pub_01/s06/sparrkulee_v3.1/raw/derivatives/preprocessed_stimuli/audiobook_6_2_envelope.npy,sub-023_ses-shortstories01_task-listeningActive_run-02_eeg.bdf.gz,sub-023,ses-shortstories01,audiobook_6_2,PASS_VIRTUAL_INITIAL_QC,53339,101,0,WITHIN_3S_ADVISORY,64,PUBLISHER_CONSUMPTION_CONTRACT,0,1,UNASSIGNED,0,0,0.0,UNKNOWN,UNKNOWN,
sub-023_ses-shortstories01_task-listeningActive_run-03_eeg.bdf.gz,/home/fanyu/auditory_simulation_m6a/pub_01/s06/sparrkulee_v3.1/raw/derivatives/preprocessed_eeg/sub-023/ses-shortstories01/sub-023_ses-shortstories01_task-listeningActive_run-03_desc-preproc-audio-audiobook_4_eeg.npy,/home/fanyu/auditory_simulation_m6a/pub_01/s06/sparrkulee_v3.1/raw/derivatives/preprocessed_stimuli/audiobook_4_envelope.npy,sub-023_ses-shortstories01_task-listeningActive_run-03_eeg.bdf.gz,sub-023,ses-shortstories01,audiobook_4,PASS_VIRTUAL_INITIAL_QC,52060,164,0,WITHIN_3S_ADVISORY,64,PUBLISHER_CONSUMPTION_CONTRACT,0,1,UNASSIGNED,0,0,0.0,UNKNOWN,UNKNOWN,
sub-023_ses-shortstories01_task-listeningActive_run-04_eeg.bdf.gz,/home/fanyu/auditory_simulation_m6a/pub_01/s06/sparrkulee_v3.1/raw/derivatives/preprocessed_eeg/sub-023/ses-shortstories01/sub-023_ses-shortstories01_task-listeningActive_run-04_desc-preproc-audio-audiobook_1_1_shifted_eeg.npy,/home/fanyu/auditory_simulation_m6a/pub_01/s06/sparrkulee_v3.1/raw/derivatives/preprocessed_stimuli/audiobook_1_1_shifted_envelope.npy,sub-023_ses-shortstories01_task-listeningActive_run-04_eeg.bdf.gz,sub-023,ses-shortstories01,audiobook_1_1_shifted,PASS_VIRTUAL_INITIAL_QC,29275,165,0,WITHIN_3S_ADVISORY,64,PUBLISHER_CONSUMPTION_CONTRACT,0,1,UNASSIGNED,0,0,0.0,UNKNOWN,UNKNOWN,
sub-023_ses-shortstories01_task-listeningActive_run-05_eeg.bdf.gz,/home/fanyu/auditory_simulation_m6a/pub_01/s06/sparrkulee_v3.1/raw/derivatives/preprocessed_eeg/sub-023/ses-shortstories01/sub-023_ses-shortstories01_task-listeningActive_run-05_desc-preproc-audio-audiobook_1_2_eeg.npy,/home/fanyu/auditory_simulation_m6a/pub_01/s06/sparrkulee_v3.1/raw/derivatives/preprocessed_stimuli/audiobook_1_2_envelope.npy,sub-023_ses-shortstories01_task-listeningActive_run-05_eeg.bdf.gz,sub-023,ses-shortstories01,audiobook_1_2,PASS_VIRTUAL_INITIAL_QC,26796,148,0,WITHIN_3S_ADVISORY,64,PUBLISHER_CONSUMPTION_CONTRACT,0,1,UNASSIGNED,0,0,0.0,UNKNOWN,UNKNOWN,
sub-023_ses-shortstories01_task-listeningActive_run-06_eeg.bdf.gz,/home/fanyu/auditory_simulation_m6a/pub_01/s06/sparrkulee_v3.1/raw/derivatives/preprocessed_eeg/sub-023/ses-shortstories01/sub-023_ses-shortstories01_task-listeningActive_run-06_desc-preproc-audio-audiobook_5_1_eeg.npy,/home/fanyu/auditory_simulation_m6a/pub_01/s06/sparrkulee_v3.1/raw/derivatives/preprocessed_stimuli/audiobook_5_1_envelope.npy,sub-023_ses-shortstories01_task-listeningActive_run-06_eeg.bdf.gz,sub-023,ses-shortstories01,audiobook_5_1,PASS_VIRTUAL_INITIAL_QC,57991,185,0,WITHIN_3S_ADVISORY,64,PUBLISHER_CONSUMPTION_CONTRACT,0,1,UNASSIGNED,0,0,0.0,UNKNOWN,UNKNOWN,
sub-023_ses-shortstories01_task-listeningActive_run-07_eeg.bdf.gz,/home/fanyu/auditory_simulation_m6a/pub_01/s06/sparrkulee_v3.1/raw/derivatives/preprocessed_eeg/sub-023/ses-shortstories01/sub-023_ses-shortstories01_task-listeningActive_run-07_desc-preproc-audio-audiobook_5_2_eeg.npy,/home/fanyu/auditory_simulation_m6a/pub_01/s06/sparrkulee_v3.1/raw/derivatives/preprocessed_stimuli/audiobook_5_2_envelope.npy,sub-023_ses-shortstories01_task-listeningActive_run-07_eeg.bdf.gz,sub-023,ses-shortstories01,audiobook_5_2,PASS_VIRTUAL_INITIAL_QC,58219,149,0,WITHIN_3S_ADVISORY,64,PUBLISHER_CONSUMPTION_CONTRACT,0,1,UNASSIGNED,0,0,0.0,UNKNOWN,UNKNOWN,
sub-023_ses-shortstories01_task-listeningActive_run-08_eeg.bdf.gz,/home/fanyu/auditory_simulation_m6a/pub_01/s06/sparrkulee_v3.1/raw/derivatives/preprocessed_eeg/sub-023/ses-shortstories01/sub-023_ses-shortstories01_task-listeningActive_run-08_desc-preproc-audio-audiobook_5_3_eeg.npy,/home/fanyu/auditory_simulation_m6a/pub_01/s06/sparrkulee_v3.1/raw/derivatives/preprocessed_stimuli/audiobook_5_3_envelope.npy,sub-023_ses-shortstories01_task-listeningActive_run-08_eeg.bdf.gz,sub-023,ses-shortstories01,audiobook_5_3,PASS_VIRTUAL_INITIAL_QC,60990,130,0,WITHIN_3S_ADVISORY,64,PUBLISHER_CONSUMPTION_CONTRACT,0,1,UNASSIGNED,0,0,0.0,UNKNOWN,UNKNOWN,
sub-023_ses-shortstories01_task-listeningActive_run-09_eeg.bdf.gz,/home/fanyu/auditory_simulation_m6a/pub_01/s06/sparrkulee_v3.1/raw/derivatives/preprocessed_eeg/sub-023/ses-shortstories01/sub-023_ses-shortstories01_task-listeningActive_run-09_desc-preproc-audio-audiobook_2_1_eeg.npy,/home/fanyu/auditory_simulation_m6a/pub_01/s06/sparrkulee_v3.1/raw/derivatives/preprocessed_stimuli/audiobook_2_1_envelope.npy,sub-023_ses-shortstories01_task-listeningActive_run-09_eeg.bdf.gz,sub-023,ses-shortstories01,audiobook_2_1,PASS_VIRTUAL_INITIAL_QC,50619,133,0,WITHIN_3S_ADVISORY,64,PUBLISHER_CONSUMPTION_CONTRACT,0,1,UNASSIGNED,0,0,0.0,UNKNOWN,UNKNOWN,
sub-023_ses-shortstories01_task-listeningActive_run-10_eeg.bdf.gz,/home/fanyu/auditory_simulation_m6a/pub_01/s06/sparrkulee_v3.1/raw/derivatives/preprocessed_eeg/sub-023/ses-shortstories01/sub-023_ses-shortstories01_task-listeningActive_run-10_desc-preproc-audio-audiobook_2_2_eeg.npy,/home/fanyu/auditory_simulation_m6a/pub_01/s06/sparrkulee_v3.1/raw/derivatives/preprocessed_stimuli/audiobook_2_2_envelope.npy,sub-023_ses-shortstories01_task-listeningActive_run-10_eeg.bdf.gz,sub-023,ses-shortstories01,audiobook_2_2,PASS_VIRTUAL_INITIAL_QC,48747,2005,0,LARGE_TAIL_REVIEW,64,PUBLISHER_CONSUMPTION_CONTRACT,0,1,UNASSIGNED,0,0,0.0,UNKNOWN,UNKNOWN,
sub-023_ses-shortstories01_task-listeningActive_run-11_eeg.bdf.gz,/home/fanyu/auditory_simulation_m6a/pub_01/s06/sparrkulee_v3.1/raw/derivatives/preprocessed_eeg/sub-023/ses-shortstories01/sub-023_ses-shortstories01_task-listeningActive_run-11_desc-preproc-audio-audiobook_3_eeg.npy,/home/fanyu/auditory_simulation_m6a/pub_01/s06/sparrkulee_v3.1/raw/derivatives/preprocessed_stimuli/audiobook_3_envelope.npy,sub-023_ses-shortstories01_task-listeningActive_run-11_eeg.bdf.gz,sub-023,ses-shortstories01,audiobook_3,PASS_VIRTUAL_INITIAL_QC,61597,163,0,WITHIN_3S_ADVISORY,64,PUBLISHER_CONSUMPTION_CONTRACT,0,1,UNASSIGNED,0,0,0.0,UNKNOWN,UNKNOWN,
sub-024_ses-shortstories01_task-listeningActive_run-01_eeg.bdf.gz,/home/fanyu/auditory_simulation_m6a/pub_01/s06/sparrkulee_v3.1/raw/derivatives/preprocessed_eeg/sub-024/ses-shortstories01/sub-024_ses-shortstories01_task-listeningActive_run-01_desc-preproc-audio-audiobook_3_eeg.npy,/home/fanyu/auditory_simulation_m6a/pub_01/s06/sparrkulee_v3.1/raw/derivatives/preprocessed_stimuli/audiobook_3_envelope.npy,sub-024_ses-shortstories01_task-listeningActive_run-01_eeg.bdf.gz,sub-024,ses-shortstories01,audiobook_3,PASS_VIRTUAL_INITIAL_QC,61597,163,0,WITHIN_3S_ADVISORY,64,PUBLISHER_CONSUMPTION_CONTRACT,0,1,UNASSIGNED,0,0,0.0,UNKNOWN,UNKNOWN,
sub-024_ses-shortstories01_task-listeningActive_run-02_eeg.bdf.gz,/home/fanyu/auditory_simulation_m6a/pub_01/s06/sparrkulee_v3.1/raw/derivatives/preprocessed_eeg/sub-024/ses-shortstories01/sub-024_ses-shortstories01_task-listeningActive_run-02_desc-preproc-audio-audiobook_4_eeg.npy,/home/fanyu/auditory_simulation_m6a/pub_01/s06/sparrkulee_v3.1/raw/derivatives/preprocessed_stimuli/audiobook_4_envelope.npy,sub-024_ses-shortstories01_task-listeningActive_run-02_eeg.bdf.gz,sub-024,ses-shortstories01,audiobook_4,PASS_VIRTUAL_INITIAL_QC,52060,164,0,WITHIN_3S_ADVISORY,64,PUBLISHER_CONSUMPTION_CONTRACT,0,1,UNASSIGNED,0,0,0.0,UNKNOWN,UNKNOWN,
sub-024_ses-shortstories01_task-listeningActive_run-03_eeg.bdf.gz,/home/fanyu/auditory_simulation_m6a/pub_01/s06/sparrkulee_v3.1/raw/derivatives/preprocessed_eeg/sub-024/ses-shortstories01/sub-024_ses-shortstories01_task-listeningActive_run-03_desc-preproc-audio-audiobook_1_eeg.npy,/home/fanyu/auditory_simulation_m6a/pub_01/s06/sparrkulee_v3.1/raw/derivatives/preprocessed_stimuli/audiobook_1_envelope.npy,sub-024_ses-shortstories01_task-listeningActive_run-03_eeg.bdf.gz,sub-024,ses-shortstories01,audiobook_1,PASS_VIRTUAL_INITIAL_QC,59958,138,0,WITHIN_3S_ADVISORY,64,PUBLISHER_CONSUMPTION_CONTRACT,0,1,UNASSIGNED,0,0,0.0,UNKNOWN,UNKNOWN,
sub-024_ses-shortstories01_task-listeningActive_run-04_eeg.bdf.gz,/home/fanyu/auditory_simulation_m6a/pub_01/s06/sparrkulee_v3.1/raw/derivatives/preprocessed_eeg/sub-024/ses-shortstories01/sub-024_ses-shortstories01_task-listeningActive_run-04_desc-preproc-audio-audiobook_6_1_eeg.npy,/home/fanyu/auditory_simulation_m6a/pub_01/s06/sparrkulee_v3.1/raw/derivatives/preprocessed_stimuli/audiobook_6_1_envelope.npy,sub-024_ses-shortstories01_task-listeningActive_run-04_eeg.bdf.gz,sub-024,ses-shortstories01,audiobook_6_1,PASS_VIRTUAL_INITIAL_QC,53350,90,0,WITHIN_3S_ADVISORY,64,PUBLISHER_CONSUMPTION_CONTRACT,0,1,UNASSIGNED,0,0,0.0,UNKNOWN,UNKNOWN,
sub-024_ses-shortstories01_task-listeningActive_run-05_eeg.bdf.gz,/home/fanyu/auditory_simulation_m6a/pub_01/s06/sparrkulee_v3.1/raw/derivatives/preprocessed_eeg/sub-024/ses-shortstories01/sub-024_ses-shortstories01_task-listeningActive_run-05_desc-preproc-audio-audiobook_6_2_eeg.npy,/home/fanyu/auditory_simulation_m6a/pub_01/s06/sparrkulee_v3.1/raw/derivatives/preprocessed_stimuli/audiobook_6_2_envelope.npy,sub-024_ses-shortstories01_task-listeningActive_run-05_eeg.bdf.gz,sub-024,ses-shortstories01,audiobook_6_2,PASS_VIRTUAL_INITIAL_QC,53339,101,0,WITHIN_3S_ADVISORY,64,PUBLISHER_CONSUMPTION_CONTRACT,0,1,UNASSIGNED,0,0,0.0,UNKNOWN,UNKNOWN,
sub-024_ses-shortstories01_task-listeningActive_run-06_eeg.bdf.gz,/home/fanyu/auditory_simulation_m6a/pub_01/s06/sparrkulee_v3.1/raw/derivatives/preprocessed_eeg/sub-024/ses-shortstories01/sub-024_ses-shortstories01_task-listeningActive_run-06_desc-preproc-audio-audiobook_2_1_eeg.npy,/home/fanyu/auditory_simulation_m6a/pub_01/s06/sparrkulee_v3.1/raw/derivatives/preprocessed_stimuli/audiobook_2_1_envelope.npy,sub-024_ses-shortstories01_task-listeningActive_run-06_eeg.bdf.gz,sub-024,ses-shortstories01,audiobook_2_1,PASS_VIRTUAL_INITIAL_QC,50619,133,0,WITHIN_3S_ADVISORY,64,PUBLISHER_CONSUMPTION_CONTRACT,0,1,UNASSIGNED,0,0,0.0,UNKNOWN,UNKNOWN,
sub-024_ses-shortstories01_task-listeningActive_run-07_eeg.bdf.gz,/home/fanyu/auditory_simulation_m6a/pub_01/s06/sparrkulee_v3.1/raw/derivatives/preprocessed_eeg/sub-024/ses-shortstories01/sub-024_ses-shortstories01_task-listeningActive_run-07_desc-preproc-audio-audiobook_2_2_eeg.npy,/home/fanyu/auditory_simulation_m6a/pub_01/s06/sparrkulee_v3.1/raw/derivatives/preprocessed_stimuli/audiobook_2_2_envelope.npy,sub-024_ses-shortstories01_task-listeningActive_run-07_eeg.bdf.gz,sub-024,ses-shortstories01,audiobook_2_2,PASS_VIRTUAL_INITIAL_QC,48747,2005,0,LARGE_TAIL_REVIEW,64,PUBLISHER_CONSUMPTION_CONTRACT,0,1,UNASSIGNED,0,0,0.0,UNKNOWN,UNKNOWN,
sub-024_ses-shortstories01_task-listeningActive_run-08_eeg.bdf.gz,/home/fanyu/auditory_simulation_m6a/pub_01/s06/sparrkulee_v3.1/raw/derivatives/preprocessed_eeg/sub-024/ses-shortstories01/sub-024_ses-shortstories01_task-listeningActive_run-08_desc-preproc-audio-audiobook_5_1_eeg.npy,/home/fanyu/auditory_simulation_m6a/pub_01/s06/sparrkulee_v3.1/raw/derivatives/preprocessed_stimuli/audiobook_5_1_envelope.npy,sub-024_ses-shortstories01_task-listeningActive_run-08_eeg.bdf.gz,sub-024,ses-shortstories01,audiobook_5_1,PASS_VIRTUAL_INITIAL_QC,57991,185,0,WITHIN_3S_ADVISORY,64,PUBLISHER_CONSUMPTION_CONTRACT,0,1,UNASSIGNED,0,0,0.0,UNKNOWN,UNKNOWN,
sub-024_ses-shortstories01_task-listeningActive_run-09_eeg.bdf.gz,/home/fanyu/auditory_simulation_m6a/pub_01/s06/sparrkulee_v3.1/raw/derivatives/preprocessed_eeg/sub-024/ses-shortstories01/sub-024_ses-shortstories01_task-listeningActive_run-09_desc-preproc-audio-audiobook_5_2_eeg.npy,/home/fanyu/auditory_simulation_m6a/pub_01/s06/sparrkulee_v3.1/raw/derivatives/preprocessed_stimuli/audiobook_5_2_envelope.npy,sub-024_ses-shortstories01_task-listeningActive_run-09_eeg.bdf.gz,sub-024,ses-shortstories01,audiobook_5_2,PASS_VIRTUAL_INITIAL_QC,58219,149,0,WITHIN_3S_ADVISORY,64,PUBLISHER_CONSUMPTION_CONTRACT,0,1,UNASSIGNED,0,0,0.0,UNKNOWN,UNKNOWN,
sub-024_ses-shortstories01_task-listeningActive_run-10_eeg.bdf.gz,/home/fanyu/auditory_simulation_m6a/pub_01/s06/sparrkulee_v3.1/raw/derivatives/preprocessed_eeg/sub-024/ses-shortstories01/sub-024_ses-shortstories01_task-listeningActive_run-10_desc-preproc-audio-audiobook_5_3_eeg.npy,/home/fanyu/auditory_simulation_m6a/pub_01/s06/sparrkulee_v3.1/raw/derivatives/preprocessed_stimuli/audiobook_5_3_envelope.npy,sub-024_ses-shortstories01_task-listeningActive_run-10_eeg.bdf.gz,sub-024,ses-shortstories01,audiobook_5_3,PASS_VIRTUAL_INITIAL_QC,60990,130,0,WITHIN_3S_ADVISORY,64,PUBLISHER_CONSUMPTION_CONTRACT,0,1,UNASSIGNED,0,0,0.0,UNKNOWN,UNKNOWN,
sub-025_ses-shortstories01_task-listeningActive_run-01_eeg.bdf.gz,/home/fanyu/auditory_simulation_m6a/pub_01/s06/sparrkulee_v3.1/raw/derivatives/preprocessed_eeg/sub-025/ses-shortstories01/sub-025_ses-shortstories01_task-listeningActive_run-01_desc-preproc-audio-audiobook_1_eeg.npy,/home/fanyu/auditory_simulation_m6a/pub_01/s06/sparrkulee_v3.1/raw/derivatives/preprocessed_stimuli/audiobook_1_envelope.npy,sub-025_ses-shortstories01_task-listeningActive_run-01_eeg.bdf.gz,sub-025,ses-shortstories01,audiobook_1,PASS_VIRTUAL_INITIAL_QC,59958,138,0,WITHIN_3S_ADVISORY,64,PUBLISHER_CONSUMPTION_CONTRACT,0,1,UNASSIGNED,0,0,0.0,UNKNOWN,UNKNOWN,
sub-025_ses-shortstories01_task-listeningActive_run-02_eeg.bdf.gz,/home/fanyu/auditory_simulation_m6a/pub_01/s06/sparrkulee_v3.1/raw/derivatives/preprocessed_eeg/sub-025/ses-shortstories01/sub-025_ses-shortstories01_task-listeningActive_run-02_desc-preproc-audio-audiobook_5_1_eeg.npy,/home/fanyu/auditory_simulation_m6a/pub_01/s06/sparrkulee_v3.1/raw/derivatives/preprocessed_stimuli/audiobook_5_1_envelope.npy,sub-025_ses-shortstories01_task-listeningActive_run-02_eeg.bdf.gz,sub-025,ses-shortstories01,audiobook_5_1,PASS_VIRTUAL_INITIAL_QC,57991,185,0,WITHIN_3S_ADVISORY,64,PUBLISHER_CONSUMPTION_CONTRACT,0,1,UNASSIGNED,0,0,0.0,UNKNOWN,UNKNOWN,
sub-025_ses-shortstories01_task-listeningActive_run-03_eeg.bdf.gz,/home/fanyu/auditory_simulation_m6a/pub_01/s06/sparrkulee_v3.1/raw/derivatives/preprocessed_eeg/sub-025/ses-shortstories01/sub-025_ses-shortstories01_task-listeningActive_run-03_desc-preproc-audio-audiobook_5_2_eeg.npy,/home/fanyu/auditory_simulation_m6a/pub_01/s06/sparrkulee_v3.1/raw/derivatives/preprocessed_stimuli/audiobook_5_2_envelope.npy,sub-025_ses-shortstories01_task-listeningActive_run-03_eeg.bdf.gz,sub-025,ses-shortstories01,audiobook_5_2,PASS_VIRTUAL_INITIAL_QC,58219,149,0,WITHIN_3S_ADVISORY,64,PUBLISHER_CONSUMPTION_CONTRACT,0,1,UNASSIGNED,0,0,0.0,UNKNOWN,UNKNOWN,
sub-025_ses-shortstories01_task-listeningActive_run-04_eeg.bdf.gz,/home/fanyu/auditory_simulation_m6a/pub_01/s06/sparrkulee_v3.1/raw/derivatives/preprocessed_eeg/sub-025/ses-shortstories01/sub-025_ses-shortstories01_task-listeningActive_run-04_desc-preproc-audio-audiobook_5_3_eeg.npy,/home/fanyu/auditory_simulation_m6a/pub_01/s06/sparrkulee_v3.1/raw/derivatives/preprocessed_stimuli/audiobook_5_3_envelope.npy,sub-025_ses-shortstories01_task-listeningActive_run-04_eeg.bdf.gz,sub-025,ses-shortstories01,audiobook_5_3,PASS_VIRTUAL_INITIAL_QC,60990,130,0,WITHIN_3S_ADVISORY,64,PUBLISHER_CONSUMPTION_CONTRACT,0,1,UNASSIGNED,0,0,0.0,UNKNOWN,UNKNOWN,
sub-025_ses-shortstories01_task-listeningActive_run-05_eeg.bdf.gz,/home/fanyu/auditory_simulation_m6a/pub_01/s06/sparrkulee_v3.1/raw/derivatives/preprocessed_eeg/sub-025/ses-shortstories01/sub-025_ses-shortstories01_task-listeningActive_run-05_desc-preproc-audio-audiobook_2_1_eeg.npy,/home/fanyu/auditory_simulation_m6a/pub_01/s06/sparrkulee_v3.1/raw/derivatives/preprocessed_stimuli/audiobook_2_1_envelope.npy,sub-025_ses-shortstories01_task-listeningActive_run-05_eeg.bdf.gz,sub-025,ses-shortstories01,audiobook_2_1,PASS_VIRTUAL_INITIAL_QC,50619,133,0,WITHIN_3S_ADVISORY,64,PUBLISHER_CONSUMPTION_CONTRACT,0,1,UNASSIGNED,0,0,0.0,UNKNOWN,UNKNOWN,
sub-025_ses-shortstories01_task-listeningActive_run-06_eeg.bdf.gz,/home/fanyu/auditory_simulation_m6a/pub_01/s06/sparrkulee_v3.1/raw/derivatives/preprocessed_eeg/sub-025/ses-shortstories01/sub-025_ses-shortstories01_task-listeningActive_run-06_desc-preproc-audio-audiobook_2_2_eeg.npy,/home/fanyu/auditory_simulation_m6a/pub_01/s06/sparrkulee_v3.1/raw/derivatives/preprocessed_stimuli/audiobook_2_2_envelope.npy,sub-025_ses-shortstories01_task-listeningActive_run-06_eeg.bdf.gz,sub-025,ses-shortstories01,audiobook_2_2,PASS_VIRTUAL_INITIAL_QC,48747,2005,0,LARGE_TAIL_REVIEW,64,PUBLISHER_CONSUMPTION_CONTRACT,0,1,UNASSIGNED,0,0,0.0,UNKNOWN,UNKNOWN,
sub-025_ses-shortstories01_task-listeningActive_run-07_eeg.bdf.gz,/home/fanyu/auditory_simulation_m6a/pub_01/s06/sparrkulee_v3.1/raw/derivatives/preprocessed_eeg/sub-025/ses-shortstories01/sub-025_ses-shortstories01_task-listeningActive_run-07_desc-preproc-audio-audiobook_3_eeg.npy,/home/fanyu/auditory_simulation_m6a/pub_01/s06/sparrkulee_v3.1/raw/derivatives/preprocessed_stimuli/audiobook_3_envelope.npy,sub-025_ses-shortstories01_task-listeningActive_run-07_eeg.bdf.gz,sub-025,ses-shortstories01,audiobook_3,PASS_VIRTUAL_INITIAL_QC,61597,163,0,WITHIN_3S_ADVISORY,64,PUBLISHER_CONSUMPTION_CONTRACT,0,1,UNASSIGNED,0,0,0.0,UNKNOWN,UNKNOWN,
sub-025_ses-shortstories01_task-listeningActive_run-08_eeg.bdf.gz,/home/fanyu/auditory_simulation_m6a/pub_01/s06/sparrkulee_v3.1/raw/derivatives/preprocessed_eeg/sub-025/ses-shortstories01/sub-025_ses-shortstories01_task-listeningActive_run-08_desc-preproc-audio-audiobook_6_1_eeg.npy,/home/fanyu/auditory_simulation_m6a/pub_01/s06/sparrkulee_v3.1/raw/derivatives/preprocessed_stimuli/audiobook_6_1_envelope.npy,sub-025_ses-shortstories01_task-listeningActive_run-08_eeg.bdf.gz,sub-025,ses-shortstories01,audiobook_6_1,PASS_VIRTUAL_INITIAL_QC,53350,90,0,WITHIN_3S_ADVISORY,64,PUBLISHER_CONSUMPTION_CONTRACT,0,1,UNASSIGNED,0,0,0.0,UNKNOWN,UNKNOWN,
sub-025_ses-shortstories01_task-listeningActive_run-09_eeg.bdf.gz,/home/fanyu/auditory_simulation_m6a/pub_01/s06/sparrkulee_v3.1/raw/derivatives/preprocessed_eeg/sub-025/ses-shortstories01/sub-025_ses-shortstories01_task-listeningActive_run-09_desc-preproc-audio-audiobook_6_2_eeg.npy,/home/fanyu/auditory_simulation_m6a/pub_01/s06/sparrkulee_v3.1/raw/derivatives/preprocessed_stimuli/audiobook_6_2_envelope.npy,sub-025_ses-shortstories01_task-listeningActive_run-09_eeg.bdf.gz,sub-025,ses-shortstories01,audiobook_6_2,PASS_VIRTUAL_INITIAL_QC,53339,101,0,WITHIN_3S_ADVISORY,64,PUBLISHER_CONSUMPTION_CONTRACT,0,1,UNASSIGNED,0,0,0.0,UNKNOWN,UNKNOWN,
sub-026_ses-shortstories01_task-listeningActive_run-01_eeg.bdf.gz,/home/fanyu/auditory_simulation_m6a/pub_01/s06/sparrkulee_v3.1/raw/derivatives/preprocessed_eeg/sub-026/ses-shortstories01/sub-026_ses-shortstories01_task-listeningActive_run-01_desc-preproc-audio-audiobook_4_eeg.npy,/home/fanyu/auditory_simulation_m6a/pub_01/s06/sparrkulee_v3.1/raw/derivatives/preprocessed_stimuli/audiobook_4_envelope.npy,sub-026_ses-shortstories01_task-listeningActive_run-01_eeg.bdf.gz,sub-026,ses-shortstories01,audiobook_4,PASS_VIRTUAL_INITIAL_QC,52060,164,0,WITHIN_3S_ADVISORY,64,PUBLISHER_CONSUMPTION_CONTRACT,0,1,UNASSIGNED,0,0,0.0,UNKNOWN,UNKNOWN,
sub-026_ses-shortstories01_task-listeningActive_run-02_eeg.bdf.gz,/home/fanyu/auditory_simulation_m6a/pub_01/s06/sparrkulee_v3.1/raw/derivatives/preprocessed_eeg/sub-026/ses-shortstories01/sub-026_ses-shortstories01_task-listeningActive_run-02_desc-preproc-audio-audiobook_5_1_eeg.npy,/home/fanyu/auditory_simulation_m6a/pub_01/s06/sparrkulee_v3.1/raw/derivatives/preprocessed_stimuli/audiobook_5_1_envelope.npy,sub-026_ses-shortstories01_task-listeningActive_run-02_eeg.bdf.gz,sub-026,ses-shortstories01,audiobook_5_1,PASS_VIRTUAL_INITIAL_QC,57991,185,0,WITHIN_3S_ADVISORY,64,PUBLISHER_CONSUMPTION_CONTRACT,0,1,UNASSIGNED,0,0,0.0,UNKNOWN,UNKNOWN,
sub-026_ses-shortstories01_task-listeningActive_run-03_eeg.bdf.gz,/home/fanyu/auditory_simulation_m6a/pub_01/s06/sparrkulee_v3.1/raw/derivatives/preprocessed_eeg/sub-026/ses-shortstories01/sub-026_ses-shortstories01_task-listeningActive_run-03_desc-preproc-audio-audiobook_5_2_eeg.npy,/home/fanyu/auditory_simulation_m6a/pub_01/s06/sparrkulee_v3.1/raw/derivatives/preprocessed_stimuli/audiobook_5_2_envelope.npy,sub-026_ses-shortstories01_task-listeningActive_run-03_eeg.bdf.gz,sub-026,ses-shortstories01,audiobook_5_2,PASS_VIRTUAL_INITIAL_QC,58219,149,0,WITHIN_3S_ADVISORY,64,PUBLISHER_CONSUMPTION_CONTRACT,0,1,UNASSIGNED,0,0,0.0,UNKNOWN,UNKNOWN,
sub-026_ses-shortstories01_task-listeningActive_run-04_eeg.bdf.gz,/home/fanyu/auditory_simulation_m6a/pub_01/s06/sparrkulee_v3.1/raw/derivatives/preprocessed_eeg/sub-026/ses-shortstories01/sub-026_ses-shortstories01_task-listeningActive_run-04_desc-preproc-audio-audiobook_5_3_eeg.npy,/home/fanyu/auditory_simulation_m6a/pub_01/s06/sparrkulee_v3.1/raw/derivatives/preprocessed_stimuli/audiobook_5_3_envelope.npy,sub-026_ses-shortstories01_task-listeningActive_run-04_eeg.bdf.gz,sub-026,ses-shortstories01,audiobook_5_3,PASS_VIRTUAL_INITIAL_QC,60990,130,0,WITHIN_3S_ADVISORY,64,PUBLISHER_CONSUMPTION_CONTRACT,0,1,UNASSIGNED,0,0,0.0,UNKNOWN,UNKNOWN,
sub-026_ses-shortstories01_task-listeningActive_run-05_eeg.bdf.gz,/home/fanyu/auditory_simulation_m6a/pub_01/s06/sparrkulee_v3.1/raw/derivatives/preprocessed_eeg/sub-026/ses-shortstories01/sub-026_ses-shortstories01_task-listeningActive_run-05_desc-preproc-audio-audiobook_3_eeg.npy,/home/fanyu/auditory_simulation_m6a/pub_01/s06/sparrkulee_v3.1/raw/derivatives/preprocessed_stimuli/audiobook_3_envelope.npy,sub-026_ses-shortstories01_task-listeningActive_run-05_eeg.bdf.gz,sub-026,ses-shortstories01,audiobook_3,PASS_VIRTUAL_INITIAL_QC,61597,163,0,WITHIN_3S_ADVISORY,64,PUBLISHER_CONSUMPTION_CONTRACT,0,1,UNASSIGNED,0,0,0.0,UNKNOWN,UNKNOWN,
sub-026_ses-shortstories01_task-listeningActive_run-06_eeg.bdf.gz,/home/fanyu/auditory_simulation_m6a/pub_01/s06/sparrkulee_v3.1/raw/derivatives/preprocessed_eeg/sub-026/ses-shortstories01/sub-026_ses-shortstories01_task-listeningActive_run-06_desc-preproc-audio-audiobook_2_1_eeg.npy,/home/fanyu/auditory_simulation_m6a/pub_01/s06/sparrkulee_v3.1/raw/derivatives/preprocessed_stimuli/audiobook_2_1_envelope.npy,sub-026_ses-shortstories01_task-listeningActive_run-06_eeg.bdf.gz,sub-026,ses-shortstories01,audiobook_2_1,PASS_VIRTUAL_INITIAL_QC,50619,133,0,WITHIN_3S_ADVISORY,64,PUBLISHER_CONSUMPTION_CONTRACT,0,1,UNASSIGNED,0,0,0.0,UNKNOWN,UNKNOWN,
sub-026_ses-shortstories01_task-listeningActive_run-07_eeg.bdf.gz,/home/fanyu/auditory_simulation_m6a/pub_01/s06/sparrkulee_v3.1/raw/derivatives/preprocessed_eeg/sub-026/ses-shortstories01/sub-026_ses-shortstories01_task-listeningActive_run-07_desc-preproc-audio-audiobook_2_2_eeg.npy,/home/fanyu/auditory_simulation_m6a/pub_01/s06/sparrkulee_v3.1/raw/derivatives/preprocessed_stimuli/audiobook_2_2_envelope.npy,sub-026_ses-shortstories01_task-listeningActive_run-07_eeg.bdf.gz,sub-026,ses-shortstories01,audiobook_2_2,PASS_VIRTUAL_INITIAL_QC,48747,2005,0,LARGE_TAIL_REVIEW,64,PUBLISHER_CONSUMPTION_CONTRACT,0,1,UNASSIGNED,0,0,0.0,UNKNOWN,UNKNOWN,
sub-026_ses-shortstories01_task-listeningActive_run-08_eeg.bdf.gz,/home/fanyu/auditory_simulation_m6a/pub_01/s06/sparrkulee_v3.1/raw/derivatives/preprocessed_eeg/sub-026/ses-shortstories01/sub-026_ses-shortstories01_task-listeningActive_run-08_desc-preproc-audio-audiobook_6_1_eeg.npy,/home/fanyu/auditory_simulation_m6a/pub_01/s06/sparrkulee_v3.1/raw/derivatives/preprocessed_stimuli/audiobook_6_1_envelope.npy,sub-026_ses-shortstories01_task-listeningActive_run-08_eeg.bdf.gz,sub-026,ses-shortstories01,audiobook_6_1,PASS_VIRTUAL_INITIAL_QC,53350,90,0,WITHIN_3S_ADVISORY,64,PUBLISHER_CONSUMPTION_CONTRACT,0,1,UNASSIGNED,0,0,0.0,UNKNOWN,UNKNOWN,
sub-026_ses-shortstories01_task-listeningActive_run-09_eeg.bdf.gz,/home/fanyu/auditory_simulation_m6a/pub_01/s06/sparrkulee_v3.1/raw/derivatives/preprocessed_eeg/sub-026/ses-shortstories01/sub-026_ses-shortstories01_task-listeningActive_run-09_desc-preproc-audio-audiobook_6_2_eeg.npy,/home/fanyu/auditory_simulation_m6a/pub_01/s06/sparrkulee_v3.1/raw/derivatives/preprocessed_stimuli/audiobook_6_2_envelope.npy,sub-026_ses-shortstories01_task-listeningActive_run-09_eeg.bdf.gz,sub-026,ses-shortstories01,audiobook_6_2,PASS_VIRTUAL_INITIAL_QC,53339,101,0,WITHIN_3S_ADVISORY,64,PUBLISHER_CONSUMPTION_CONTRACT,0,1,UNASSIGNED,0,0,0.0,UNKNOWN,UNKNOWN,
sub-026_ses-shortstories01_task-listeningActive_run-10_eeg.bdf.gz,/home/fanyu/auditory_simulation_m6a/pub_01/s06/sparrkulee_v3.1/raw/derivatives/preprocessed_eeg/sub-026/ses-shortstories01/sub-026_ses-shortstories01_task-listeningActive_run-10_desc-preproc-audio-audiobook_1_eeg.npy,/home/fanyu/auditory_simulation_m6a/pub_01/s06/sparrkulee_v3.1/raw/derivatives/preprocessed_stimuli/audiobook_1_envelope.npy,sub-026_ses-shortstories01_task-listeningActive_run-10_eeg.bdf.gz,sub-026,ses-shortstories01,audiobook_1,PASS_VIRTUAL_INITIAL_QC,59958,107,0,WITHIN_3S_ADVISORY,64,PUBLISHER_CONSUMPTION_CONTRACT,0,1,UNASSIGNED,0,0,0.0,UNKNOWN,UNKNOWN,
sub-027_ses-varyingStories01_task-listeningActive_run-01_eeg.bdf.gz,/home/fanyu/auditory_simulation_m6a/pub_01/s06/sparrkulee_v3.1/raw/derivatives/preprocessed_eeg/sub-027/ses-varyingStories01/sub-027_ses-varyingStories01_task-listeningActive_run-01_desc-preproc-audio-podcast_10_eeg.npy,/home/fanyu/auditory_simulation_m6a/pub_01/s06/sparrkulee_v3.1/raw/derivatives/preprocessed_stimuli/podcast_10_envelope.npy,sub-027_ses-varyingStories01_task-listeningActive_run-01_eeg.bdf.gz,sub-027,ses-varyingStories01,podcast_10,PASS_VIRTUAL_INITIAL_QC,53461,171,0,WITHIN_3S_ADVISORY,64,PUBLISHER_CONSUMPTION_CONTRACT,0,1,UNASSIGNED,0,0,0.0,UNKNOWN,UNKNOWN,
sub-027_ses-varyingStories01_task-listeningActive_run-02_eeg.bdf.gz,/home/fanyu/auditory_simulation_m6a/pub_01/s06/sparrkulee_v3.1/raw/derivatives/preprocessed_eeg/sub-027/ses-varyingStories01/sub-027_ses-varyingStories01_task-listeningActive_run-02_desc-preproc-audio-podcast_1_eeg.npy,/home/fanyu/auditory_simulation_m6a/pub_01/s06/sparrkulee_v3.1/raw/derivatives/preprocessed_stimuli/podcast_1_envelope.npy,sub-027_ses-varyingStories01_task-listeningActive_run-02_eeg.bdf.gz,sub-027,ses-varyingStories01,podcast_1,PASS_VIRTUAL_INITIAL_QC,61052,132,0,WITHIN_3S_ADVISORY,64,PUBLISHER_CONSUMPTION_CONTRACT,0,1,UNASSIGNED,0,0,0.0,UNKNOWN,UNKNOWN,
sub-027_ses-varyingStories01_task-listeningActive_run-04_eeg.bdf.gz,/home/fanyu/auditory_simulation_m6a/pub_01/s06/sparrkulee_v3.1/raw/derivatives/preprocessed_eeg/sub-027/ses-varyingStories01/sub-027_ses-varyingStories01_task-listeningActive_run-04_desc-preproc-audio-audiobook_7_1_eeg.npy,/home/fanyu/auditory_simulation_m6a/pub_01/s06/sparrkulee_v3.1/raw/derivatives/preprocessed_stimuli/audiobook_7_1_envelope.npy,sub-027_ses-varyingStories01_task-listeningActive_run-04_eeg.bdf.gz,sub-027,ses-varyingStories01,audiobook_7_1,PASS_VIRTUAL_INITIAL_QC,15727,145,0,WITHIN_3S_ADVISORY,64,PUBLISHER_CONSUMPTION_CONTRACT,0,1,UNASSIGNED,0,0,0.0,UNKNOWN,UNKNOWN,
sub-027_ses-varyingStories01_task-listeningActive_run-05_eeg.bdf.gz,/home/fanyu/auditory_simulation_m6a/pub_01/s06/sparrkulee_v3.1/raw/derivatives/preprocessed_eeg/sub-027/ses-varyingStories01/sub-027_ses-varyingStories01_task-listeningActive_run-05_desc-preproc-audio-audiobook_7_2_eeg.npy,/home/fanyu/auditory_simulation_m6a/pub_01/s06/sparrkulee_v3.1/raw/derivatives/preprocessed_stimuli/audiobook_7_2_envelope.npy,sub-027_ses-varyingStories01_task-listeningActive_run-05_eeg.bdf.gz,sub-027,ses-varyingStories01,audiobook_7_2,PASS_VIRTUAL_INITIAL_QC,15480,136,0,WITHIN_3S_ADVISORY,64,PUBLISHER_CONSUMPTION_CONTRACT,0,1,UNASSIGNED,0,0,0.0,UNKNOWN,UNKNOWN,
sub-027_ses-varyingStories01_task-listeningActive_run-06_eeg.bdf.gz,/home/fanyu/auditory_simulation_m6a/pub_01/s06/sparrkulee_v3.1/raw/derivatives/preprocessed_eeg/sub-027/ses-varyingStories01/sub-027_ses-varyingStories01_task-listeningActive_run-06_desc-preproc-audio-audiobook_7_3_eeg.npy,/home/fanyu/auditory_simulation_m6a/pub_01/s06/sparrkulee_v3.1/raw/derivatives/preprocessed_stimuli/audiobook_7_3_envelope.npy,sub-027_ses-varyingStories01_task-listeningActive_run-06_eeg.bdf.gz,sub-027,ses-varyingStories01,audiobook_7_3,PASS_VIRTUAL_INITIAL_QC,15072,160,0,WITHIN_3S_ADVISORY,64,PUBLISHER_CONSUMPTION_CONTRACT,0,1,UNASSIGNED,0,0,0.0,UNKNOWN,UNKNOWN,
sub-027_ses-varyingStories01_task-listeningActive_run-07_eeg.bdf.gz,/home/fanyu/auditory_simulation_m6a/pub_01/s06/sparrkulee_v3.1/raw/derivatives/preprocessed_eeg/sub-027/ses-varyingStories01/sub-027_ses-varyingStories01_task-listeningActive_run-07_desc-preproc-audio-audiobook_7_4_eeg.npy,/home/fanyu/auditory_simulation_m6a/pub_01/s06/sparrkulee_v3.1/raw/derivatives/preprocessed_stimuli/audiobook_7_4_envelope.npy,sub-027_ses-varyingStories01_task-listeningActive_run-07_eeg.bdf.gz,sub-027,ses-varyingStories01,audiobook_7_4,PASS_VIRTUAL_INITIAL_QC,20897,159,0,WITHIN_3S_ADVISORY,64,PUBLISHER_CONSUMPTION_CONTRACT,0,1,UNASSIGNED,0,0,0.0,UNKNOWN,UNKNOWN,
sub-027_ses-varyingStories01_task-listeningActive_run-08_eeg.bdf.gz,/home/fanyu/auditory_simulation_m6a/pub_01/s06/sparrkulee_v3.1/raw/derivatives/preprocessed_eeg/sub-027/ses-varyingStories01/sub-027_ses-varyingStories01_task-listeningActive_run-08_desc-preproc-audio-audiobook_7_5_eeg.npy,/home/fanyu/auditory_simulation_m6a/pub_01/s06/sparrkulee_v3.1/raw/derivatives/preprocessed_stimuli/audiobook_7_5_envelope.npy,sub-027_ses-varyingStories01_task-listeningActive_run-08_eeg.bdf.gz,sub-027,ses-varyingStories01,audiobook_7_5,PASS_VIRTUAL_INITIAL_QC,7642,166,0,WITHIN_3S_ADVISORY,64,PUBLISHER_CONSUMPTION_CONTRACT,0,1,UNASSIGNED,0,0,0.0,UNKNOWN,UNKNOWN,
sub-027_ses-varyingStories01_task-listeningActive_run-09_eeg.bdf.gz,/home/fanyu/auditory_simulation_m6a/pub_01/s06/sparrkulee_v3.1/raw/derivatives/preprocessed_eeg/sub-027/ses-varyingStories01/sub-027_ses-varyingStories01_task-listeningActive_run-09_desc-preproc-audio-audiobook_7_6_eeg.npy,/home/fanyu/auditory_simulation_m6a/pub_01/s06/sparrkulee_v3.1/raw/derivatives/preprocessed_stimuli/audiobook_7_6_envelope.npy,sub-027_ses-varyingStories01_task-listeningActive_run-09_eeg.bdf.gz,sub-027,ses-varyingStories01,audiobook_7_6,PASS_VIRTUAL_INITIAL_QC,7746,190,0,WITHIN_3S_ADVISORY,64,PUBLISHER_CONSUMPTION_CONTRACT,0,1,UNASSIGNED,0,0,0.0,UNKNOWN,UNKNOWN,
sub-027_ses-varyingStories01_task-listeningActive_run-10_eeg.bdf.gz,/home/fanyu/auditory_simulation_m6a/pub_01/s06/sparrkulee_v3.1/raw/derivatives/preprocessed_eeg/sub-027/ses-varyingStories01/sub-027_ses-varyingStories01_task-listeningActive_run-10_desc-preproc-audio-podcast_2_eeg.npy,/home/fanyu/auditory_simulation_m6a/pub_01/s06/sparrkulee_v3.1/raw/derivatives/preprocessed_stimuli/podcast_2_envelope.npy,sub-027_ses-varyingStories01_task-listeningActive_run-10_eeg.bdf.gz,sub-027,ses-varyingStories01,podcast_2,PASS_VIRTUAL_INITIAL_QC,72626,142,0,WITHIN_3S_ADVISORY,64,PUBLISHER_CONSUMPTION_CONTRACT,0,1,UNASSIGNED,0,0,0.0,UNKNOWN,UNKNOWN,
sub-027_ses-varyingStories01_task-listeningActive_run-11_eeg.bdf.gz,/home/fanyu/auditory_simulation_m6a/pub_01/s06/sparrkulee_v3.1/raw/derivatives/preprocessed_eeg/sub-027/ses-varyingStories01/sub-027_ses-varyingStories01_task-listeningActive_run-11_desc-preproc-audio-audiobook_1_eeg.npy,/home/fanyu/auditory_simulation_m6a/pub_01/s06/sparrkulee_v3.1/raw/derivatives/preprocessed_stimuli/audiobook_1_envelope.npy,sub-027_ses-varyingStories01_task-listeningActive_run-11_eeg.bdf.gz,sub-027,ses-varyingStories01,audiobook_1,PASS_VIRTUAL_INITIAL_QC,59958,138,0,WITHIN_3S_ADVISORY,64,PUBLISHER_CONSUMPTION_CONTRACT,0,1,UNASSIGNED,0,0,0.0,UNKNOWN,UNKNOWN,
sub-027_ses-varyingStories01_task-listeningActive_run-12_eeg.bdf.gz,/home/fanyu/auditory_simulation_m6a/pub_01/s06/sparrkulee_v3.1/raw/derivatives/preprocessed_eeg/sub-027/ses-varyingStories01/sub-027_ses-varyingStories01_task-listeningActive_run-12_desc-preproc-audio-podcast_4_eeg.npy,/home/fanyu/auditory_simulation_m6a/pub_01/s06/sparrkulee_v3.1/raw/derivatives/preprocessed_stimuli/podcast_4_envelope.npy,sub-027_ses-varyingStories01_task-listeningActive_run-12_eeg.bdf.gz,sub-027,ses-varyingStories01,podcast_4,PASS_VIRTUAL_INITIAL_QC,63205,155,0,WITHIN_3S_ADVISORY,64,PUBLISHER_CONSUMPTION_CONTRACT,0,1,UNASSIGNED,0,0,0.0,UNKNOWN,UNKNOWN,
sub-027_ses-varyingStories01_task-listeningActive_run-13_eeg.bdf.gz,/home/fanyu/auditory_simulation_m6a/pub_01/s06/sparrkulee_v3.1/raw/derivatives/preprocessed_eeg/sub-027/ses-varyingStories01/sub-027_ses-varyingStories01_task-listeningActive_run-13_desc-preproc-audio-podcast_3_eeg.npy,/home/fanyu/auditory_simulation_m6a/pub_01/s06/sparrkulee_v3.1/raw/derivatives/preprocessed_stimuli/podcast_3_envelope.npy,sub-027_ses-varyingStories01_task-listeningActive_run-13_eeg.bdf.gz,sub-027,ses-varyingStories01,podcast_3,PASS_VIRTUAL_INITIAL_QC,46544,176,0,WITHIN_3S_ADVISORY,64,PUBLISHER_CONSUMPTION_CONTRACT,0,1,UNASSIGNED,0,0,0.0,UNKNOWN,UNKNOWN,
sub-028_ses-varyingStories01_task-listeningActive_run-01_eeg.bdf.gz,/home/fanyu/auditory_simulation_m6a/pub_01/s06/sparrkulee_v3.1/raw/derivatives/preprocessed_eeg/sub-028/ses-varyingStories01/sub-028_ses-varyingStories01_task-listeningActive_run-01_desc-preproc-audio-podcast_1_eeg.npy,/home/fanyu/auditory_simulation_m6a/pub_01/s06/sparrkulee_v3.1/raw/derivatives/preprocessed_stimuli/podcast_1_envelope.npy,sub-028_ses-varyingStories01_task-listeningActive_run-01_eeg.bdf.gz,sub-028,ses-varyingStories01,podcast_1,PASS_VIRTUAL_INITIAL_QC,61052,132,0,WITHIN_3S_ADVISORY,64,PUBLISHER_CONSUMPTION_CONTRACT,0,1,UNASSIGNED,0,0,0.0,UNKNOWN,UNKNOWN,
sub-028_ses-varyingStories01_task-listeningActive_run-02_eeg.bdf.gz,/home/fanyu/auditory_simulation_m6a/pub_01/s06/sparrkulee_v3.1/raw/derivatives/preprocessed_eeg/sub-028/ses-varyingStories01/sub-028_ses-varyingStories01_task-listeningActive_run-02_desc-preproc-audio-podcast_4_eeg.npy,/home/fanyu/auditory_simulation_m6a/pub_01/s06/sparrkulee_v3.1/raw/derivatives/preprocessed_stimuli/podcast_4_envelope.npy,sub-028_ses-varyingStories01_task-listeningActive_run-02_eeg.bdf.gz,sub-028,ses-varyingStories01,podcast_4,PASS_VIRTUAL_INITIAL_QC,63205,155,0,WITHIN_3S_ADVISORY,64,PUBLISHER_CONSUMPTION_CONTRACT,0,1,UNASSIGNED,0,0,0.0,UNKNOWN,UNKNOWN,
sub-028_ses-varyingStories01_task-listeningActive_run-03_eeg.bdf.gz,/home/fanyu/auditory_simulation_m6a/pub_01/s06/sparrkulee_v3.1/raw/derivatives/preprocessed_eeg/sub-028/ses-varyingStories01/sub-028_ses-varyingStories01_task-listeningActive_run-03_desc-preproc-audio-podcast_10_eeg.npy,/home/fanyu/auditory_simulation_m6a/pub_01/s06/sparrkulee_v3.1/raw/derivatives/preprocessed_stimuli/podcast_10_envelope.npy,sub-028_ses-varyingStories01_task-listeningActive_run-03_eeg.bdf.gz,sub-028,ses-varyingStories01,podcast_10,PASS_VIRTUAL_INITIAL_QC,53461,171,0,WITHIN_3S_ADVISORY,64,PUBLISHER_CONSUMPTION_CONTRACT,0,1,UNASSIGNED,0,0,0.0,UNKNOWN,UNKNOWN,
sub-028_ses-varyingStories01_task-listeningActive_run-04_eeg.bdf.gz,/home/fanyu/auditory_simulation_m6a/pub_01/s06/sparrkulee_v3.1/raw/derivatives/preprocessed_eeg/sub-028/ses-varyingStories01/sub-028_ses-varyingStories01_task-listeningActive_run-04_desc-preproc-audio-audiobook_7_1_eeg.npy,/home/fanyu/auditory_simulation_m6a/pub_01/s06/sparrkulee_v3.1/raw/derivatives/preprocessed_stimuli/audiobook_7_1_envelope.npy,sub-028_ses-varyingStories01_task-listeningActive_run-04_eeg.bdf.gz,sub-028,ses-varyingStories01,audiobook_7_1,PASS_VIRTUAL_INITIAL_QC,15727,145,0,WITHIN_3S_ADVISORY,64,PUBLISHER_CONSUMPTION_CONTRACT,0,1,UNASSIGNED,0,0,0.0,UNKNOWN,UNKNOWN,
sub-028_ses-varyingStories01_task-listeningActive_run-05_eeg.bdf.gz,/home/fanyu/auditory_simulation_m6a/pub_01/s06/sparrkulee_v3.1/raw/derivatives/preprocessed_eeg/sub-028/ses-varyingStories01/sub-028_ses-varyingStories01_task-listeningActive_run-05_desc-preproc-audio-audiobook_7_2_eeg.npy,/home/fanyu/auditory_simulation_m6a/pub_01/s06/sparrkulee_v3.1/raw/derivatives/preprocessed_stimuli/audiobook_7_2_envelope.npy,sub-028_ses-varyingStories01_task-listeningActive_run-05_eeg.bdf.gz,sub-028,ses-varyingStories01,audiobook_7_2,PASS_VIRTUAL_INITIAL_QC,15480,136,0,WITHIN_3S_ADVISORY,64,PUBLISHER_CONSUMPTION_CONTRACT,0,1,UNASSIGNED,0,0,0.0,UNKNOWN,UNKNOWN,
sub-028_ses-varyingStories01_task-listeningActive_run-06_eeg.bdf.gz,/home/fanyu/auditory_simulation_m6a/pub_01/s06/sparrkulee_v3.1/raw/derivatives/preprocessed_eeg/sub-028/ses-varyingStories01/sub-028_ses-varyingStories01_task-listeningActive_run-06_desc-preproc-audio-audiobook_7_3_eeg.npy,/home/fanyu/auditory_simulation_m6a/pub_01/s06/sparrkulee_v3.1/raw/derivatives/preprocessed_stimuli/audiobook_7_3_envelope.npy,sub-028_ses-varyingStories01_task-listeningActive_run-06_eeg.bdf.gz,sub-028,ses-varyingStories01,audiobook_7_3,PASS_VIRTUAL_INITIAL_QC,15072,160,0,WITHIN_3S_ADVISORY,64,PUBLISHER_CONSUMPTION_CONTRACT,0,1,UNASSIGNED,0,0,0.0,UNKNOWN,UNKNOWN,
sub-028_ses-varyingStories01_task-listeningActive_run-07_eeg.bdf.gz,/home/fanyu/auditory_simulation_m6a/pub_01/s06/sparrkulee_v3.1/raw/derivatives/preprocessed_eeg/sub-028/ses-varyingStories01/sub-028_ses-varyingStories01_task-listeningActive_run-07_desc-preproc-audio-audiobook_7_4_eeg.npy,/home/fanyu/auditory_simulation_m6a/pub_01/s06/sparrkulee_v3.1/raw/derivatives/preprocessed_stimuli/audiobook_7_4_envelope.npy,sub-028_ses-varyingStories01_task-listeningActive_run-07_eeg.bdf.gz,sub-028,ses-varyingStories01,audiobook_7_4,PASS_VIRTUAL_INITIAL_QC,20897,159,0,WITHIN_3S_ADVISORY,64,PUBLISHER_CONSUMPTION_CONTRACT,0,1,UNASSIGNED,0,0,0.0,UNKNOWN,UNKNOWN,
sub-028_ses-varyingStories01_task-listeningActive_run-08_eeg.bdf.gz,/home/fanyu/auditory_simulation_m6a/pub_01/s06/sparrkulee_v3.1/raw/derivatives/preprocessed_eeg/sub-028/ses-varyingStories01/sub-028_ses-varyingStories01_task-listeningActive_run-08_desc-preproc-audio-audiobook_7_5_eeg.npy,/home/fanyu/auditory_simulation_m6a/pub_01/s06/sparrkulee_v3.1/raw/derivatives/preprocessed_stimuli/audiobook_7_5_envelope.npy,sub-028_ses-varyingStories01_task-listeningActive_run-08_eeg.bdf.gz,sub-028,ses-varyingStories01,audiobook_7_5,PASS_VIRTUAL_INITIAL_QC,7642,166,0,WITHIN_3S_ADVISORY,64,PUBLISHER_CONSUMPTION_CONTRACT,0,1,UNASSIGNED,0,0,0.0,UNKNOWN,UNKNOWN,
sub-028_ses-varyingStories01_task-listeningActive_run-09_eeg.bdf.gz,/home/fanyu/auditory_simulation_m6a/pub_01/s06/sparrkulee_v3.1/raw/derivatives/preprocessed_eeg/sub-028/ses-varyingStories01/sub-028_ses-varyingStories01_task-listeningActive_run-09_desc-preproc-audio-audiobook_7_6_eeg.npy,/home/fanyu/auditory_simulation_m6a/pub_01/s06/sparrkulee_v3.1/raw/derivatives/preprocessed_stimuli/audiobook_7_6_envelope.npy,sub-028_ses-varyingStories01_task-listeningActive_run-09_eeg.bdf.gz,sub-028,ses-varyingStories01,audiobook_7_6,PASS_VIRTUAL_INITIAL_QC,7746,190,0,WITHIN_3S_ADVISORY,64,PUBLISHER_CONSUMPTION_CONTRACT,0,1,UNASSIGNED,0,0,0.0,UNKNOWN,UNKNOWN,
sub-028_ses-varyingStories01_task-listeningActive_run-10_eeg.bdf.gz,/home/fanyu/auditory_simulation_m6a/pub_01/s06/sparrkulee_v3.1/raw/derivatives/preprocessed_eeg/sub-028/ses-varyingStories01/sub-028_ses-varyingStories01_task-listeningActive_run-10_desc-preproc-audio-podcast_2_eeg.npy,/home/fanyu/auditory_simulation_m6a/pub_01/s06/sparrkulee_v3.1/raw/derivatives/preprocessed_stimuli/podcast_2_envelope.npy,sub-028_ses-varyingStories01_task-listeningActive_run-10_eeg.bdf.gz,sub-028,ses-varyingStories01,podcast_2,PASS_VIRTUAL_INITIAL_QC,72626,142,0,WITHIN_3S_ADVISORY,64,PUBLISHER_CONSUMPTION_CONTRACT,0,1,UNASSIGNED,0,0,0.0,UNKNOWN,UNKNOWN,
sub-028_ses-varyingStories01_task-listeningActive_run-11_eeg.bdf.gz,/home/fanyu/auditory_simulation_m6a/pub_01/s06/sparrkulee_v3.1/raw/derivatives/preprocessed_eeg/sub-028/ses-varyingStories01/sub-028_ses-varyingStories01_task-listeningActive_run-11_desc-preproc-audio-podcast_3_eeg.npy,/home/fanyu/auditory_simulation_m6a/pub_01/s06/sparrkulee_v3.1/raw/derivatives/preprocessed_stimuli/podcast_3_envelope.npy,sub-028_ses-varyingStories01_task-listeningActive_run-11_eeg.bdf.gz,sub-028,ses-varyingStories01,podcast_3,PASS_VIRTUAL_INITIAL_QC,46544,176,0,WITHIN_3S_ADVISORY,64,PUBLISHER_CONSUMPTION_CONTRACT,0,1,UNASSIGNED,0,0,0.0,UNKNOWN,UNKNOWN,
sub-028_ses-varyingStories01_task-listeningActive_run-13_eeg.bdf.gz,/home/fanyu/auditory_simulation_m6a/pub_01/s06/sparrkulee_v3.1/raw/derivatives/preprocessed_eeg/sub-028/ses-varyingStories01/sub-028_ses-varyingStories01_task-listeningActive_run-13_desc-preproc-audio-audiobook_1_eeg.npy,/home/fanyu/auditory_simulation_m6a/pub_01/s06/sparrkulee_v3.1/raw/derivatives/preprocessed_stimuli/audiobook_1_envelope.npy,sub-028_ses-varyingStories01_task-listeningActive_run-13_eeg.bdf.gz,sub-028,ses-varyingStories01,audiobook_1,PASS_VIRTUAL_INITIAL_QC,59958,138,0,WITHIN_3S_ADVISORY,64,PUBLISHER_CONSUMPTION_CONTRACT,0,1,UNASSIGNED,0,0,0.0,UNKNOWN,UNKNOWN,
sub-029_ses-varyingStories01_task-listeningActive_run-01_eeg.bdf.gz,/home/fanyu/auditory_simulation_m6a/pub_01/s06/sparrkulee_v3.1/raw/derivatives/preprocessed_eeg/sub-029/ses-varyingStories01/sub-029_ses-varyingStories01_task-listeningActive_run-01_desc-preproc-audio-podcast_3_eeg.npy,/home/fanyu/auditory_simulation_m6a/pub_01/s06/sparrkulee_v3.1/raw/derivatives/preprocessed_stimuli/podcast_3_envelope.npy,sub-029_ses-varyingStories01_task-listeningActive_run-01_eeg.bdf.gz,sub-029,ses-varyingStories01,podcast_3,PASS_VIRTUAL_INITIAL_QC,46544,176,0,WITHIN_3S_ADVISORY,64,PUBLISHER_CONSUMPTION_CONTRACT,0,1,UNASSIGNED,0,0,0.0,UNKNOWN,UNKNOWN,
sub-029_ses-varyingStories01_task-listeningActive_run-02_eeg.bdf.gz,/home/fanyu/auditory_simulation_m6a/pub_01/s06/sparrkulee_v3.1/raw/derivatives/preprocessed_eeg/sub-029/ses-varyingStories01/sub-029_ses-varyingStories01_task-listeningActive_run-02_desc-preproc-audio-podcast_4_eeg.npy,/home/fanyu/auditory_simulation_m6a/pub_01/s06/sparrkulee_v3.1/raw/derivatives/preprocessed_stimuli/podcast_4_envelope.npy,sub-029_ses-varyingStories01_task-listeningActive_run-02_eeg.bdf.gz,sub-029,ses-varyingStories01,podcast_4,PASS_VIRTUAL_INITIAL_QC,63205,155,0,WITHIN_3S_ADVISORY,64,PUBLISHER_CONSUMPTION_CONTRACT,0,1,UNASSIGNED,0,0,0.0,UNKNOWN,UNKNOWN,
sub-029_ses-varyingStories01_task-listeningActive_run-04_eeg.bdf.gz,/home/fanyu/auditory_simulation_m6a/pub_01/s06/sparrkulee_v3.1/raw/derivatives/preprocessed_eeg/sub-029/ses-varyingStories01/sub-029_ses-varyingStories01_task-listeningActive_run-04_desc-preproc-audio-podcast_10_eeg.npy,/home/fanyu/auditory_simulation_m6a/pub_01/s06/sparrkulee_v3.1/raw/derivatives/preprocessed_stimuli/podcast_10_envelope.npy,sub-029_ses-varyingStories01_task-listeningActive_run-04_eeg.bdf.gz,sub-029,ses-varyingStories01,podcast_10,PASS_VIRTUAL_INITIAL_QC,53461,171,0,WITHIN_3S_ADVISORY,64,PUBLISHER_CONSUMPTION_CONTRACT,0,1,UNASSIGNED,0,0,0.0,UNKNOWN,UNKNOWN,
sub-029_ses-varyingStories01_task-listeningActive_run-05_eeg.bdf.gz,/home/fanyu/auditory_simulation_m6a/pub_01/s06/sparrkulee_v3.1/raw/derivatives/preprocessed_eeg/sub-029/ses-varyingStories01/sub-029_ses-varyingStories01_task-listeningActive_run-05_desc-preproc-audio-podcast_2_eeg.npy,/home/fanyu/auditory_simulation_m6a/pub_01/s06/sparrkulee_v3.1/raw/derivatives/preprocessed_stimuli/podcast_2_envelope.npy,sub-029_ses-varyingStories01_task-listeningActive_run-05_eeg.bdf.gz,sub-029,ses-varyingStories01,podcast_2,PASS_VIRTUAL_INITIAL_QC,72626,142,0,WITHIN_3S_ADVISORY,64,PUBLISHER_CONSUMPTION_CONTRACT,0,1,UNASSIGNED,0,0,0.0,UNKNOWN,UNKNOWN,
sub-029_ses-varyingStories01_task-listeningActive_run-06_eeg.bdf.gz,/home/fanyu/auditory_simulation_m6a/pub_01/s06/sparrkulee_v3.1/raw/derivatives/preprocessed_eeg/sub-029/ses-varyingStories01/sub-029_ses-varyingStories01_task-listeningActive_run-06_desc-preproc-audio-podcast_1_eeg.npy,/home/fanyu/auditory_simulation_m6a/pub_01/s06/sparrkulee_v3.1/raw/derivatives/preprocessed_stimuli/podcast_1_envelope.npy,sub-029_ses-varyingStories01_task-listeningActive_run-06_eeg.bdf.gz,sub-029,ses-varyingStories01,podcast_1,PASS_VIRTUAL_INITIAL_QC,61052,132,0,WITHIN_3S_ADVISORY,64,PUBLISHER_CONSUMPTION_CONTRACT,0,1,UNASSIGNED,0,0,0.0,UNKNOWN,UNKNOWN,
sub-029_ses-varyingStories01_task-listeningActive_run-07_eeg.bdf.gz,/home/fanyu/auditory_simulation_m6a/pub_01/s06/sparrkulee_v3.1/raw/derivatives/preprocessed_eeg/sub-029/ses-varyingStories01/sub-029_ses-varyingStories01_task-listeningActive_run-07_desc-preproc-audio-audiobook_1_eeg.npy,/home/fanyu/auditory_simulation_m6a/pub_01/s06/sparrkulee_v3.1/raw/derivatives/preprocessed_stimuli/audiobook_1_envelope.npy,sub-029_ses-varyingStories01_task-listeningActive_run-07_eeg.bdf.gz,sub-029,ses-varyingStories01,audiobook_1,PASS_VIRTUAL_INITIAL_QC,59958,138,0,WITHIN_3S_ADVISORY,64,PUBLISHER_CONSUMPTION_CONTRACT,0,1,UNASSIGNED,0,0,0.0,UNKNOWN,UNKNOWN,
sub-029_ses-varyingStories01_task-listeningActive_run-08_eeg.bdf.gz,/home/fanyu/auditory_simulation_m6a/pub_01/s06/sparrkulee_v3.1/raw/derivatives/preprocessed_eeg/sub-029/ses-varyingStories01/sub-029_ses-varyingStories01_task-listeningActive_run-08_desc-preproc-audio-audiobook_7_1_eeg.npy,/home/fanyu/auditory_simulation_m6a/pub_01/s06/sparrkulee_v3.1/raw/derivatives/preprocessed_stimuli/audiobook_7_1_envelope.npy,sub-029_ses-varyingStories01_task-listeningActive_run-08_eeg.bdf.gz,sub-029,ses-varyingStories01,audiobook_7_1,PASS_VIRTUAL_INITIAL_QC,15727,145,0,WITHIN_3S_ADVISORY,64,PUBLISHER_CONSUMPTION_CONTRACT,0,1,UNASSIGNED,0,0,0.0,UNKNOWN,UNKNOWN,
sub-029_ses-varyingStories01_task-listeningActive_run-09_eeg.bdf.gz,/home/fanyu/auditory_simulation_m6a/pub_01/s06/sparrkulee_v3.1/raw/derivatives/preprocessed_eeg/sub-029/ses-varyingStories01/sub-029_ses-varyingStories01_task-listeningActive_run-09_desc-preproc-audio-audiobook_7_2_eeg.npy,/home/fanyu/auditory_simulation_m6a/pub_01/s06/sparrkulee_v3.1/raw/derivatives/preprocessed_stimuli/audiobook_7_2_envelope.npy,sub-029_ses-varyingStories01_task-listeningActive_run-09_eeg.bdf.gz,sub-029,ses-varyingStories01,audiobook_7_2,PASS_VIRTUAL_INITIAL_QC,15480,136,0,WITHIN_3S_ADVISORY,64,PUBLISHER_CONSUMPTION_CONTRACT,0,1,UNASSIGNED,0,0,0.0,UNKNOWN,UNKNOWN,
sub-029_ses-varyingStories01_task-listeningActive_run-10_eeg.bdf.gz,/home/fanyu/auditory_simulation_m6a/pub_01/s06/sparrkulee_v3.1/raw/derivatives/preprocessed_eeg/sub-029/ses-varyingStories01/sub-029_ses-varyingStories01_task-listeningActive_run-10_desc-preproc-audio-audiobook_7_3_eeg.npy,/home/fanyu/auditory_simulation_m6a/pub_01/s06/sparrkulee_v3.1/raw/derivatives/preprocessed_stimuli/audiobook_7_3_envelope.npy,sub-029_ses-varyingStories01_task-listeningActive_run-10_eeg.bdf.gz,sub-029,ses-varyingStories01,audiobook_7_3,PASS_VIRTUAL_INITIAL_QC,15072,160,0,WITHIN_3S_ADVISORY,64,PUBLISHER_CONSUMPTION_CONTRACT,0,1,UNASSIGNED,0,0,0.0,UNKNOWN,UNKNOWN,
sub-029_ses-varyingStories01_task-listeningActive_run-11_eeg.bdf.gz,/home/fanyu/auditory_simulation_m6a/pub_01/s06/sparrkulee_v3.1/raw/derivatives/preprocessed_eeg/sub-029/ses-varyingStories01/sub-029_ses-varyingStories01_task-listeningActive_run-11_desc-preproc-audio-audiobook_7_4_eeg.npy,/home/fanyu/auditory_simulation_m6a/pub_01/s06/sparrkulee_v3.1/raw/derivatives/preprocessed_stimuli/audiobook_7_4_envelope.npy,sub-029_ses-varyingStories01_task-listeningActive_run-11_eeg.bdf.gz,sub-029,ses-varyingStories01,audiobook_7_4,PASS_VIRTUAL_INITIAL_QC,20897,159,0,WITHIN_3S_ADVISORY,64,PUBLISHER_CONSUMPTION_CONTRACT,0,1,UNASSIGNED,0,0,0.0,UNKNOWN,UNKNOWN,
sub-029_ses-varyingStories01_task-listeningActive_run-12_eeg.bdf.gz,/home/fanyu/auditory_simulation_m6a/pub_01/s06/sparrkulee_v3.1/raw/derivatives/preprocessed_eeg/sub-029/ses-varyingStories01/sub-029_ses-varyingStories01_task-listeningActive_run-12_desc-preproc-audio-audiobook_7_5_eeg.npy,/home/fanyu/auditory_simulation_m6a/pub_01/s06/sparrkulee_v3.1/raw/derivatives/preprocessed_stimuli/audiobook_7_5_envelope.npy,sub-029_ses-varyingStories01_task-listeningActive_run-12_eeg.bdf.gz,sub-029,ses-varyingStories01,audiobook_7_5,PASS_VIRTUAL_INITIAL_QC,7642,166,0,WITHIN_3S_ADVISORY,64,PUBLISHER_CONSUMPTION_CONTRACT,0,1,UNASSIGNED,0,0,0.0,UNKNOWN,UNKNOWN,
sub-029_ses-varyingStories01_task-listeningActive_run-13_eeg.bdf.gz,/home/fanyu/auditory_simulation_m6a/pub_01/s06/sparrkulee_v3.1/raw/derivatives/preprocessed_eeg/sub-029/ses-varyingStories01/sub-029_ses-varyingStories01_task-listeningActive_run-13_desc-preproc-audio-audiobook_7_6_eeg.npy,/home/fanyu/auditory_simulation_m6a/pub_01/s06/sparrkulee_v3.1/raw/derivatives/preprocessed_stimuli/audiobook_7_6_envelope.npy,sub-029_ses-varyingStories01_task-listeningActive_run-13_eeg.bdf.gz,sub-029,ses-varyingStories01,audiobook_7_6,PASS_VIRTUAL_INITIAL_QC,7746,190,0,WITHIN_3S_ADVISORY,64,PUBLISHER_CONSUMPTION_CONTRACT,0,1,UNASSIGNED,0,0,0.0,UNKNOWN,UNKNOWN,
sub-030_ses-varyingStories01_task-listeningActive_run-01_eeg.bdf.gz,/home/fanyu/auditory_simulation_m6a/pub_01/s06/sparrkulee_v3.1/raw/derivatives/preprocessed_eeg/sub-030/ses-varyingStories01/sub-030_ses-varyingStories01_task-listeningActive_run-01_desc-preproc-audio-podcast_1_eeg.npy,/home/fanyu/auditory_simulation_m6a/pub_01/s06/sparrkulee_v3.1/raw/derivatives/preprocessed_stimuli/podcast_1_envelope.npy,sub-030_ses-varyingStories01_task-listeningActive_run-01_eeg.bdf.gz,sub-030,ses-varyingStories01,podcast_1,PASS_VIRTUAL_INITIAL_QC,61052,132,0,WITHIN_3S_ADVISORY,64,PUBLISHER_CONSUMPTION_CONTRACT,0,1,UNASSIGNED,0,0,0.0,UNKNOWN,UNKNOWN,
sub-030_ses-varyingStories01_task-listeningActive_run-02_eeg.bdf.gz,/home/fanyu/auditory_simulation_m6a/pub_01/s06/sparrkulee_v3.1/raw/derivatives/preprocessed_eeg/sub-030/ses-varyingStories01/sub-030_ses-varyingStories01_task-listeningActive_run-02_desc-preproc-audio-podcast_2_eeg.npy,/home/fanyu/auditory_simulation_m6a/pub_01/s06/sparrkulee_v3.1/raw/derivatives/preprocessed_stimuli/podcast_2_envelope.npy,sub-030_ses-varyingStories01_task-listeningActive_run-02_eeg.bdf.gz,sub-030,ses-varyingStories01,podcast_2,PASS_VIRTUAL_INITIAL_QC,72626,142,0,WITHIN_3S_ADVISORY,64,PUBLISHER_CONSUMPTION_CONTRACT,0,1,UNASSIGNED,0,0,0.0,UNKNOWN,UNKNOWN,
sub-030_ses-varyingStories01_task-listeningActive_run-03_eeg.bdf.gz,/home/fanyu/auditory_simulation_m6a/pub_01/s06/sparrkulee_v3.1/raw/derivatives/preprocessed_eeg/sub-030/ses-varyingStories01/sub-030_ses-varyingStories01_task-listeningActive_run-03_desc-preproc-audio-audiobook_7_1_eeg.npy,/home/fanyu/auditory_simulation_m6a/pub_01/s06/sparrkulee_v3.1/raw/derivatives/preprocessed_stimuli/audiobook_7_1_envelope.npy,sub-030_ses-varyingStories01_task-listeningActive_run-03_eeg.bdf.gz,sub-030,ses-varyingStories01,audiobook_7_1,PASS_VIRTUAL_INITIAL_QC,15727,145,0,WITHIN_3S_ADVISORY,64,PUBLISHER_CONSUMPTION_CONTRACT,0,1,UNASSIGNED,0,0,0.0,UNKNOWN,UNKNOWN,
sub-030_ses-varyingStories01_task-listeningActive_run-04_eeg.bdf.gz,/home/fanyu/auditory_simulation_m6a/pub_01/s06/sparrkulee_v3.1/raw/derivatives/preprocessed_eeg/sub-030/ses-varyingStories01/sub-030_ses-varyingStories01_task-listeningActive_run-04_desc-preproc-audio-audiobook_7_2_eeg.npy,/home/fanyu/auditory_simulation_m6a/pub_01/s06/sparrkulee_v3.1/raw/derivatives/preprocessed_stimuli/audiobook_7_2_envelope.npy,sub-030_ses-varyingStories01_task-listeningActive_run-04_eeg.bdf.gz,sub-030,ses-varyingStories01,audiobook_7_2,PASS_VIRTUAL_INITIAL_QC,15480,136,0,WITHIN_3S_ADVISORY,64,PUBLISHER_CONSUMPTION_CONTRACT,0,1,UNASSIGNED,0,0,0.0,UNKNOWN,UNKNOWN,
sub-030_ses-varyingStories01_task-listeningActive_run-05_eeg.bdf.gz,/home/fanyu/auditory_simulation_m6a/pub_01/s06/sparrkulee_v3.1/raw/derivatives/preprocessed_eeg/sub-030/ses-varyingStories01/sub-030_ses-varyingStories01_task-listeningActive_run-05_desc-preproc-audio-audiobook_7_3_eeg.npy,/home/fanyu/auditory_simulation_m6a/pub_01/s06/sparrkulee_v3.1/raw/derivatives/preprocessed_stimuli/audiobook_7_3_envelope.npy,sub-030_ses-varyingStories01_task-listeningActive_run-05_eeg.bdf.gz,sub-030,ses-varyingStories01,audiobook_7_3,PASS_VIRTUAL_INITIAL_QC,15072,160,0,WITHIN_3S_ADVISORY,64,PUBLISHER_CONSUMPTION_CONTRACT,0,1,UNASSIGNED,0,0,0.0,UNKNOWN,UNKNOWN,
sub-030_ses-varyingStories01_task-listeningActive_run-06_eeg.bdf.gz,/home/fanyu/auditory_simulation_m6a/pub_01/s06/sparrkulee_v3.1/raw/derivatives/preprocessed_eeg/sub-030/ses-varyingStories01/sub-030_ses-varyingStories01_task-listeningActive_run-06_desc-preproc-audio-audiobook_7_4_eeg.npy,/home/fanyu/auditory_simulation_m6a/pub_01/s06/sparrkulee_v3.1/raw/derivatives/preprocessed_stimuli/audiobook_7_4_envelope.npy,sub-030_ses-varyingStories01_task-listeningActive_run-06_eeg.bdf.gz,sub-030,ses-varyingStories01,audiobook_7_4,PASS_VIRTUAL_INITIAL_QC,20897,159,0,WITHIN_3S_ADVISORY,64,PUBLISHER_CONSUMPTION_CONTRACT,0,1,UNASSIGNED,0,0,0.0,UNKNOWN,UNKNOWN,
sub-030_ses-varyingStories01_task-listeningActive_run-07_eeg.bdf.gz,/home/fanyu/auditory_simulation_m6a/pub_01/s06/sparrkulee_v3.1/raw/derivatives/preprocessed_eeg/sub-030/ses-varyingStories01/sub-030_ses-varyingStories01_task-listeningActive_run-07_desc-preproc-audio-audiobook_7_5_eeg.npy,/home/fanyu/auditory_simulation_m6a/pub_01/s06/sparrkulee_v3.1/raw/derivatives/preprocessed_stimuli/audiobook_7_5_envelope.npy,sub-030_ses-varyingStories01_task-listeningActive_run-07_eeg.bdf.gz,sub-030,ses-varyingStories01,audiobook_7_5,PASS_VIRTUAL_INITIAL_QC,7642,166,0,WITHIN_3S_ADVISORY,64,PUBLISHER_CONSUMPTION_CONTRACT,0,1,UNASSIGNED,0,0,0.0,UNKNOWN,UNKNOWN,
sub-030_ses-varyingStories01_task-listeningActive_run-08_eeg.bdf.gz,/home/fanyu/auditory_simulation_m6a/pub_01/s06/sparrkulee_v3.1/raw/derivatives/preprocessed_eeg/sub-030/ses-varyingStories01/sub-030_ses-varyingStories01_task-listeningActive_run-08_desc-preproc-audio-audiobook_7_6_eeg.npy,/home/fanyu/auditory_simulation_m6a/pub_01/s06/sparrkulee_v3.1/raw/derivatives/preprocessed_stimuli/audiobook_7_6_envelope.npy,sub-030_ses-varyingStories01_task-listeningActive_run-08_eeg.bdf.gz,sub-030,ses-varyingStories01,audiobook_7_6,PASS_VIRTUAL_INITIAL_QC,7746,190,0,WITHIN_3S_ADVISORY,64,PUBLISHER_CONSUMPTION_CONTRACT,0,1,UNASSIGNED,0,0,0.0,UNKNOWN,UNKNOWN,
sub-030_ses-varyingStories01_task-listeningActive_run-10_eeg.bdf.gz,/home/fanyu/auditory_simulation_m6a/pub_01/s06/sparrkulee_v3.1/raw/derivatives/preprocessed_eeg/sub-030/ses-varyingStories01/sub-030_ses-varyingStories01_task-listeningActive_run-10_desc-preproc-audio-podcast_3_eeg.npy,/home/fanyu/auditory_simulation_m6a/pub_01/s06/sparrkulee_v3.1/raw/derivatives/preprocessed_stimuli/podcast_3_envelope.npy,sub-030_ses-varyingStories01_task-listeningActive_run-10_eeg.bdf.gz,sub-030,ses-varyingStories01,podcast_3,PASS_VIRTUAL_INITIAL_QC,46544,176,0,WITHIN_3S_ADVISORY,64,PUBLISHER_CONSUMPTION_CONTRACT,0,1,UNASSIGNED,0,0,0.0,UNKNOWN,UNKNOWN,
sub-030_ses-varyingStories01_task-listeningActive_run-11_eeg.bdf.gz,/home/fanyu/auditory_simulation_m6a/pub_01/s06/sparrkulee_v3.1/raw/derivatives/preprocessed_eeg/sub-030/ses-varyingStories01/sub-030_ses-varyingStories01_task-listeningActive_run-11_desc-preproc-audio-audiobook_1_eeg.npy,/home/fanyu/auditory_simulation_m6a/pub_01/s06/sparrkulee_v3.1/raw/derivatives/preprocessed_stimuli/audiobook_1_envelope.npy,sub-030_ses-varyingStories01_task-listeningActive_run-11_eeg.bdf.gz,sub-030,ses-varyingStories01,audiobook_1,PASS_VIRTUAL_INITIAL_QC,59958,138,0,WITHIN_3S_ADVISORY,64,PUBLISHER_CONSUMPTION_CONTRACT,0,1,UNASSIGNED,0,0,0.0,UNKNOWN,UNKNOWN,
sub-030_ses-varyingStories01_task-listeningActive_run-12_eeg.bdf.gz,/home/fanyu/auditory_simulation_m6a/pub_01/s06/sparrkulee_v3.1/raw/derivatives/preprocessed_eeg/sub-030/ses-varyingStories01/sub-030_ses-varyingStories01_task-listeningActive_run-12_desc-preproc-audio-podcast_10_eeg.npy,/home/fanyu/auditory_simulation_m6a/pub_01/s06/sparrkulee_v3.1/raw/derivatives/preprocessed_stimuli/podcast_10_envelope.npy,sub-030_ses-varyingStories01_task-listeningActive_run-12_eeg.bdf.gz,sub-030,ses-varyingStories01,podcast_10,PASS_VIRTUAL_INITIAL_QC,53461,171,0,WITHIN_3S_ADVISORY,64,PUBLISHER_CONSUMPTION_CONTRACT,0,1,UNASSIGNED,0,0,0.0,UNKNOWN,UNKNOWN,
sub-030_ses-varyingStories01_task-listeningActive_run-13_eeg.bdf.gz,/home/fanyu/auditory_simulation_m6a/pub_01/s06/sparrkulee_v3.1/raw/derivatives/preprocessed_eeg/sub-030/ses-varyingStories01/sub-030_ses-varyingStories01_task-listeningActive_run-13_desc-preproc-audio-podcast_4_eeg.npy,/home/fanyu/auditory_simulation_m6a/pub_01/s06/sparrkulee_v3.1/raw/derivatives/preprocessed_stimuli/podcast_4_envelope.npy,sub-030_ses-varyingStories01_task-listeningActive_run-13_eeg.bdf.gz,sub-030,ses-varyingStories01,podcast_4,PASS_VIRTUAL_INITIAL_QC,63205,155,0,WITHIN_3S_ADVISORY,64,PUBLISHER_CONSUMPTION_CONTRACT,0,1,UNASSIGNED,0,0,0.0,UNKNOWN,UNKNOWN,
sub-031_ses-varyingStories01_task-listeningActive_run-01_eeg.bdf.gz,/home/fanyu/auditory_simulation_m6a/pub_01/s06/sparrkulee_v3.1/raw/derivatives/preprocessed_eeg/sub-031/ses-varyingStories01/sub-031_ses-varyingStories01_task-listeningActive_run-01_desc-preproc-audio-podcast_4_eeg.npy,/home/fanyu/auditory_simulation_m6a/pub_01/s06/sparrkulee_v3.1/raw/derivatives/preprocessed_stimuli/podcast_4_envelope.npy,sub-031_ses-varyingStories01_task-listeningActive_run-01_eeg.bdf.gz,sub-031,ses-varyingStories01,podcast_4,PASS_VIRTUAL_INITIAL_QC,63205,155,0,WITHIN_3S_ADVISORY,64,PUBLISHER_CONSUMPTION_CONTRACT,0,1,UNASSIGNED,0,0,0.0,UNKNOWN,UNKNOWN,
sub-031_ses-varyingStories01_task-listeningActive_run-02_eeg.bdf.gz,/home/fanyu/auditory_simulation_m6a/pub_01/s06/sparrkulee_v3.1/raw/derivatives/preprocessed_eeg/sub-031/ses-varyingStories01/sub-031_ses-varyingStories01_task-listeningActive_run-02_desc-preproc-audio-podcast_10_eeg.npy,/home/fanyu/auditory_simulation_m6a/pub_01/s06/sparrkulee_v3.1/raw/derivatives/preprocessed_stimuli/podcast_10_envelope.npy,sub-031_ses-varyingStories01_task-listeningActive_run-02_eeg.bdf.gz,sub-031,ses-varyingStories01,podcast_10,PASS_VIRTUAL_INITIAL_QC,53461,171,0,WITHIN_3S_ADVISORY,64,PUBLISHER_CONSUMPTION_CONTRACT,0,1,UNASSIGNED,0,0,0.0,UNKNOWN,UNKNOWN,
sub-031_ses-varyingStories01_task-listeningActive_run-03_eeg.bdf.gz,/home/fanyu/auditory_simulation_m6a/pub_01/s06/sparrkulee_v3.1/raw/derivatives/preprocessed_eeg/sub-031/ses-varyingStories01/sub-031_ses-varyingStories01_task-listeningActive_run-03_desc-preproc-audio-podcast_2_eeg.npy,/home/fanyu/auditory_simulation_m6a/pub_01/s06/sparrkulee_v3.1/raw/derivatives/preprocessed_stimuli/podcast_2_envelope.npy,sub-031_ses-varyingStories01_task-listeningActive_run-03_eeg.bdf.gz,sub-031,ses-varyingStories01,podcast_2,PASS_VIRTUAL_INITIAL_QC,72626,142,0,WITHIN_3S_ADVISORY,64,PUBLISHER_CONSUMPTION_CONTRACT,0,1,UNASSIGNED,0,0,0.0,UNKNOWN,UNKNOWN,
sub-031_ses-varyingStories01_task-listeningActive_run-04_eeg.bdf.gz,/home/fanyu/auditory_simulation_m6a/pub_01/s06/sparrkulee_v3.1/raw/derivatives/preprocessed_eeg/sub-031/ses-varyingStories01/sub-031_ses-varyingStories01_task-listeningActive_run-04_desc-preproc-audio-podcast_3_eeg.npy,/home/fanyu/auditory_simulation_m6a/pub_01/s06/sparrkulee_v3.1/raw/derivatives/preprocessed_stimuli/podcast_3_envelope.npy,sub-031_ses-varyingStories01_task-listeningActive_run-04_eeg.bdf.gz,sub-031,ses-varyingStories01,podcast_3,PASS_VIRTUAL_INITIAL_QC,46544,176,0,WITHIN_3S_ADVISORY,64,PUBLISHER_CONSUMPTION_CONTRACT,0,1,UNASSIGNED,0,0,0.0,UNKNOWN,UNKNOWN,
sub-031_ses-varyingStories01_task-listeningActive_run-06_eeg.bdf.gz,/home/fanyu/auditory_simulation_m6a/pub_01/s06/sparrkulee_v3.1/raw/derivatives/preprocessed_eeg/sub-031/ses-varyingStories01/sub-031_ses-varyingStories01_task-listeningActive_run-06_desc-preproc-audio-audiobook_1_eeg.npy,/home/fanyu/auditory_simulation_m6a/pub_01/s06/sparrkulee_v3.1/raw/derivatives/preprocessed_stimuli/audiobook_1_envelope.npy,sub-031_ses-varyingStories01_task-listeningActive_run-06_eeg.bdf.gz,sub-031,ses-varyingStories01,audiobook_1,PASS_VIRTUAL_INITIAL_QC,59958,138,0,WITHIN_3S_ADVISORY,64,PUBLISHER_CONSUMPTION_CONTRACT,0,1,UNASSIGNED,0,0,0.0,UNKNOWN,UNKNOWN,
sub-031_ses-varyingStories01_task-listeningActive_run-07_eeg.bdf.gz,/home/fanyu/auditory_simulation_m6a/pub_01/s06/sparrkulee_v3.1/raw/derivatives/preprocessed_eeg/sub-031/ses-varyingStories01/sub-031_ses-varyingStories01_task-listeningActive_run-07_desc-preproc-audio-audiobook_7_1_eeg.npy,/home/fanyu/auditory_simulation_m6a/pub_01/s06/sparrkulee_v3.1/raw/derivatives/preprocessed_stimuli/audiobook_7_1_envelope.npy,sub-031_ses-varyingStories01_task-listeningActive_run-07_eeg.bdf.gz,sub-031,ses-varyingStories01,audiobook_7_1,PASS_VIRTUAL_INITIAL_QC,15727,145,0,WITHIN_3S_ADVISORY,64,PUBLISHER_CONSUMPTION_CONTRACT,0,1,UNASSIGNED,0,0,0.0,UNKNOWN,UNKNOWN,
sub-031_ses-varyingStories01_task-listeningActive_run-08_eeg.bdf.gz,/home/fanyu/auditory_simulation_m6a/pub_01/s06/sparrkulee_v3.1/raw/derivatives/preprocessed_eeg/sub-031/ses-varyingStories01/sub-031_ses-varyingStories01_task-listeningActive_run-08_desc-preproc-audio-audiobook_7_2_eeg.npy,/home/fanyu/auditory_simulation_m6a/pub_01/s06/sparrkulee_v3.1/raw/derivatives/preprocessed_stimuli/audiobook_7_2_envelope.npy,sub-031_ses-varyingStories01_task-listeningActive_run-08_eeg.bdf.gz,sub-031,ses-varyingStories01,audiobook_7_2,PASS_VIRTUAL_INITIAL_QC,15480,136,0,WITHIN_3S_ADVISORY,64,PUBLISHER_CONSUMPTION_CONTRACT,0,1,UNASSIGNED,0,0,0.0,UNKNOWN,UNKNOWN,
sub-031_ses-varyingStories01_task-listeningActive_run-09_eeg.bdf.gz,/home/fanyu/auditory_simulation_m6a/pub_01/s06/sparrkulee_v3.1/raw/derivatives/preprocessed_eeg/sub-031/ses-varyingStories01/sub-031_ses-varyingStories01_task-listeningActive_run-09_desc-preproc-audio-audiobook_7_3_eeg.npy,/home/fanyu/auditory_simulation_m6a/pub_01/s06/sparrkulee_v3.1/raw/derivatives/preprocessed_stimuli/audiobook_7_3_envelope.npy,sub-031_ses-varyingStories01_task-listeningActive_run-09_eeg.bdf.gz,sub-031,ses-varyingStories01,audiobook_7_3,PASS_VIRTUAL_INITIAL_QC,15072,160,0,WITHIN_3S_ADVISORY,64,PUBLISHER_CONSUMPTION_CONTRACT,0,1,UNASSIGNED,0,0,0.0,UNKNOWN,UNKNOWN,
sub-031_ses-varyingStories01_task-listeningActive_run-10_eeg.bdf.gz,/home/fanyu/auditory_simulation_m6a/pub_01/s06/sparrkulee_v3.1/raw/derivatives/preprocessed_eeg/sub-031/ses-varyingStories01/sub-031_ses-varyingStories01_task-listeningActive_run-10_desc-preproc-audio-audiobook_7_4_eeg.npy,/home/fanyu/auditory_simulation_m6a/pub_01/s06/sparrkulee_v3.1/raw/derivatives/preprocessed_stimuli/audiobook_7_4_envelope.npy,sub-031_ses-varyingStories01_task-listeningActive_run-10_eeg.bdf.gz,sub-031,ses-varyingStories01,audiobook_7_4,PASS_VIRTUAL_INITIAL_QC,20897,159,0,WITHIN_3S_ADVISORY,64,PUBLISHER_CONSUMPTION_CONTRACT,0,1,UNASSIGNED,0,0,0.0,UNKNOWN,UNKNOWN,
sub-031_ses-varyingStories01_task-listeningActive_run-11_eeg.bdf.gz,/home/fanyu/auditory_simulation_m6a/pub_01/s06/sparrkulee_v3.1/raw/derivatives/preprocessed_eeg/sub-031/ses-varyingStories01/sub-031_ses-varyingStories01_task-listeningActive_run-11_desc-preproc-audio-audiobook_7_5_eeg.npy,/home/fanyu/auditory_simulation_m6a/pub_01/s06/sparrkulee_v3.1/raw/derivatives/preprocessed_stimuli/audiobook_7_5_envelope.npy,sub-031_ses-varyingStories01_task-listeningActive_run-11_eeg.bdf.gz,sub-031,ses-varyingStories01,audiobook_7_5,PASS_VIRTUAL_INITIAL_QC,7642,166,0,WITHIN_3S_ADVISORY,64,PUBLISHER_CONSUMPTION_CONTRACT,0,1,UNASSIGNED,0,0,0.0,UNKNOWN,UNKNOWN,
sub-031_ses-varyingStories01_task-listeningActive_run-12_eeg.bdf.gz,/home/fanyu/auditory_simulation_m6a/pub_01/s06/sparrkulee_v3.1/raw/derivatives/preprocessed_eeg/sub-031/ses-varyingStories01/sub-031_ses-varyingStories01_task-listeningActive_run-12_desc-preproc-audio-audiobook_7_6_eeg.npy,/home/fanyu/auditory_simulation_m6a/pub_01/s06/sparrkulee_v3.1/raw/derivatives/preprocessed_stimuli/audiobook_7_6_envelope.npy,sub-031_ses-varyingStories01_task-listeningActive_run-12_eeg.bdf.gz,sub-031,ses-varyingStories01,audiobook_7_6,PASS_VIRTUAL_INITIAL_QC,7746,190,0,WITHIN_3S_ADVISORY,64,PUBLISHER_CONSUMPTION_CONTRACT,0,1,UNASSIGNED,0,0,0.0,UNKNOWN,UNKNOWN,
sub-031_ses-varyingStories01_task-listeningActive_run-13_eeg.bdf.gz,/home/fanyu/auditory_simulation_m6a/pub_01/s06/sparrkulee_v3.1/raw/derivatives/preprocessed_eeg/sub-031/ses-varyingStories01/sub-031_ses-varyingStories01_task-listeningActive_run-13_desc-preproc-audio-podcast_1_eeg.npy,/home/fanyu/auditory_simulation_m6a/pub_01/s06/sparrkulee_v3.1/raw/derivatives/preprocessed_stimuli/podcast_1_envelope.npy,sub-031_ses-varyingStories01_task-listeningActive_run-13_eeg.bdf.gz,sub-031,ses-varyingStories01,podcast_1,PASS_VIRTUAL_INITIAL_QC,61052,132,0,WITHIN_3S_ADVISORY,64,PUBLISHER_CONSUMPTION_CONTRACT,0,1,UNASSIGNED,0,0,0.0,UNKNOWN,UNKNOWN,
sub-032_ses-varyingStories02_task-listeningActive_run-01_eeg.bdf.gz,/home/fanyu/auditory_simulation_m6a/pub_01/s06/sparrkulee_v3.1/raw/derivatives/preprocessed_eeg/sub-032/ses-varyingStories02/sub-032_ses-varyingStories02_task-listeningActive_run-01_desc-preproc-audio-podcast_10_eeg.npy,/home/fanyu/auditory_simulation_m6a/pub_01/s06/sparrkulee_v3.1/raw/derivatives/preprocessed_stimuli/podcast_10_envelope.npy,sub-032_ses-varyingStories02_task-listeningActive_run-01_eeg.bdf.gz,sub-032,ses-varyingStories02,podcast_10,PASS_VIRTUAL_INITIAL_QC,53461,171,0,WITHIN_3S_ADVISORY,64,PUBLISHER_CONSUMPTION_CONTRACT,0,1,UNASSIGNED,0,0,0.0,UNKNOWN,UNKNOWN,
sub-032_ses-varyingStories02_task-listeningActive_run-02_eeg.bdf.gz,/home/fanyu/auditory_simulation_m6a/pub_01/s06/sparrkulee_v3.1/raw/derivatives/preprocessed_eeg/sub-032/ses-varyingStories02/sub-032_ses-varyingStories02_task-listeningActive_run-02_desc-preproc-audio-podcast_8_eeg.npy,/home/fanyu/auditory_simulation_m6a/pub_01/s06/sparrkulee_v3.1/raw/derivatives/preprocessed_stimuli/podcast_8_envelope.npy,sub-032_ses-varyingStories02_task-listeningActive_run-02_eeg.bdf.gz,sub-032,ses-varyingStories02,podcast_8,PASS_VIRTUAL_INITIAL_QC,64839,185,0,WITHIN_3S_ADVISORY,64,PUBLISHER_CONSUMPTION_CONTRACT,0,1,UNASSIGNED,0,0,0.0,UNKNOWN,UNKNOWN,
sub-032_ses-varyingStories02_task-listeningActive_run-03_eeg.bdf.gz,/home/fanyu/auditory_simulation_m6a/pub_01/s06/sparrkulee_v3.1/raw/derivatives/preprocessed_eeg/sub-032/ses-varyingStories02/sub-032_ses-varyingStories02_task-listeningActive_run-03_desc-preproc-audio-audiobook_8_1_eeg.npy,/home/fanyu/auditory_simulation_m6a/pub_01/s06/sparrkulee_v3.1/raw/derivatives/preprocessed_stimuli/audiobook_8_1_envelope.npy,sub-032_ses-varyingStories02_task-listeningActive_run-03_eeg.bdf.gz,sub-032,ses-varyingStories02,audiobook_8_1,PASS_VIRTUAL_INITIAL_QC,47818,182,0,WITHIN_3S_ADVISORY,64,PUBLISHER_CONSUMPTION_CONTRACT,0,1,UNASSIGNED,0,0,0.0,UNKNOWN,UNKNOWN,
sub-032_ses-varyingStories02_task-listeningActive_run-04_eeg.bdf.gz,/home/fanyu/auditory_simulation_m6a/pub_01/s06/sparrkulee_v3.1/raw/derivatives/preprocessed_eeg/sub-032/ses-varyingStories02/sub-032_ses-varyingStories02_task-listeningActive_run-04_desc-preproc-audio-audiobook_8_2_eeg.npy,/home/fanyu/auditory_simulation_m6a/pub_01/s06/sparrkulee_v3.1/raw/derivatives/preprocessed_stimuli/audiobook_8_2_envelope.npy,sub-032_ses-varyingStories02_task-listeningActive_run-04_eeg.bdf.gz,sub-032,ses-varyingStories02,audiobook_8_2,PASS_VIRTUAL_INITIAL_QC,49866,182,0,WITHIN_3S_ADVISORY,64,PUBLISHER_CONSUMPTION_CONTRACT,0,1,UNASSIGNED,0,0,0.0,UNKNOWN,UNKNOWN,
sub-032_ses-varyingStories02_task-listeningActive_run-06_eeg.bdf.gz,/home/fanyu/auditory_simulation_m6a/pub_01/s06/sparrkulee_v3.1/raw/derivatives/preprocessed_eeg/sub-032/ses-varyingStories02/sub-032_ses-varyingStories02_task-listeningActive_run-06_desc-preproc-audio-audiobook_1_eeg.npy,/home/fanyu/auditory_simulation_m6a/pub_01/s06/sparrkulee_v3.1/raw/derivatives/preprocessed_stimuli/audiobook_1_envelope.npy,sub-032_ses-varyingStories02_task-listeningActive_run-06_eeg.bdf.gz,sub-032,ses-varyingStories02,audiobook_1,PASS_VIRTUAL_INITIAL_QC,59958,138,0,WITHIN_3S_ADVISORY,64,PUBLISHER_CONSUMPTION_CONTRACT,0,1,UNASSIGNED,0,0,0.0,UNKNOWN,UNKNOWN,
sub-032_ses-varyingStories02_task-listeningActive_run-07_eeg.bdf.gz,/home/fanyu/auditory_simulation_m6a/pub_01/s06/sparrkulee_v3.1/raw/derivatives/preprocessed_eeg/sub-032/ses-varyingStories02/sub-032_ses-varyingStories02_task-listeningActive_run-07_desc-preproc-audio-podcast_5_eeg.npy,/home/fanyu/auditory_simulation_m6a/pub_01/s06/sparrkulee_v3.1/raw/derivatives/preprocessed_stimuli/podcast_5_envelope.npy,sub-032_ses-varyingStories02_task-listeningActive_run-07_eeg.bdf.gz,sub-032,ses-varyingStories02,podcast_5,PASS_VIRTUAL_INITIAL_QC,63701,171,0,WITHIN_3S_ADVISORY,64,PUBLISHER_CONSUMPTION_CONTRACT,0,1,UNASSIGNED,0,0,0.0,UNKNOWN,UNKNOWN,
sub-032_ses-varyingStories02_task-listeningActive_run-08_eeg.bdf.gz,/home/fanyu/auditory_simulation_m6a/pub_01/s06/sparrkulee_v3.1/raw/derivatives/preprocessed_eeg/sub-032/ses-varyingStories02/sub-032_ses-varyingStories02_task-listeningActive_run-08_desc-preproc-audio-podcast_6_eeg.npy,/home/fanyu/auditory_simulation_m6a/pub_01/s06/sparrkulee_v3.1/raw/derivatives/preprocessed_stimuli/podcast_6_envelope.npy,sub-032_ses-varyingStories02_task-listeningActive_run-08_eeg.bdf.gz,sub-032,ses-varyingStories02,podcast_6,PASS_VIRTUAL_INITIAL_QC,54064,144,0,WITHIN_3S_ADVISORY,64,PUBLISHER_CONSUMPTION_CONTRACT,0,1,UNASSIGNED,0,0,0.0,UNKNOWN,UNKNOWN,
sub-032_ses-varyingStories02_task-listeningActive_run-09_eeg.bdf.gz,/home/fanyu/auditory_simulation_m6a/pub_01/s06/sparrkulee_v3.1/raw/derivatives/preprocessed_eeg/sub-032/ses-varyingStories02/sub-032_ses-varyingStories02_task-listeningActive_run-09_desc-preproc-audio-podcast_7_eeg.npy,/home/fanyu/auditory_simulation_m6a/pub_01/s06/sparrkulee_v3.1/raw/derivatives/preprocessed_stimuli/podcast_7_envelope.npy,sub-032_ses-varyingStories02_task-listeningActive_run-09_eeg.bdf.gz,sub-032,ses-varyingStories02,podcast_7,PASS_VIRTUAL_INITIAL_QC,63044,188,0,WITHIN_3S_ADVISORY,64,PUBLISHER_CONSUMPTION_CONTRACT,0,1,UNASSIGNED,0,0,0.0,UNKNOWN,UNKNOWN,
sub-033_ses-varyingStories02_task-listeningActive_run-01_eeg.bdf.gz,/home/fanyu/auditory_simulation_m6a/pub_01/s06/sparrkulee_v3.1/raw/derivatives/preprocessed_eeg/sub-033/ses-varyingStories02/sub-033_ses-varyingStories02_task-listeningActive_run-01_desc-preproc-audio-podcast_7_eeg.npy,/home/fanyu/auditory_simulation_m6a/pub_01/s06/sparrkulee_v3.1/raw/derivatives/preprocessed_stimuli/podcast_7_envelope.npy,sub-033_ses-varyingStories02_task-listeningActive_run-01_eeg.bdf.gz,sub-033,ses-varyingStories02,podcast_7,PASS_VIRTUAL_INITIAL_QC,63044,188,0,WITHIN_3S_ADVISORY,64,PUBLISHER_CONSUMPTION_CONTRACT,0,1,UNASSIGNED,0,0,0.0,UNKNOWN,UNKNOWN,
sub-033_ses-varyingStories02_task-listeningActive_run-02_eeg.bdf.gz,/home/fanyu/auditory_simulation_m6a/pub_01/s06/sparrkulee_v3.1/raw/derivatives/preprocessed_eeg/sub-033/ses-varyingStories02/sub-033_ses-varyingStories02_task-listeningActive_run-02_desc-preproc-audio-podcast_10_eeg.npy,/home/fanyu/auditory_simulation_m6a/pub_01/s06/sparrkulee_v3.1/raw/derivatives/preprocessed_stimuli/podcast_10_envelope.npy,sub-033_ses-varyingStories02_task-listeningActive_run-02_eeg.bdf.gz,sub-033,ses-varyingStories02,podcast_10,PASS_VIRTUAL_INITIAL_QC,53461,171,0,WITHIN_3S_ADVISORY,64,PUBLISHER_CONSUMPTION_CONTRACT,0,1,UNASSIGNED,0,0,0.0,UNKNOWN,UNKNOWN,
sub-033_ses-varyingStories02_task-listeningActive_run-03_eeg.bdf.gz,/home/fanyu/auditory_simulation_m6a/pub_01/s06/sparrkulee_v3.1/raw/derivatives/preprocessed_eeg/sub-033/ses-varyingStories02/sub-033_ses-varyingStories02_task-listeningActive_run-03_desc-preproc-audio-podcast_5_eeg.npy,/home/fanyu/auditory_simulation_m6a/pub_01/s06/sparrkulee_v3.1/raw/derivatives/preprocessed_stimuli/podcast_5_envelope.npy,sub-033_ses-varyingStories02_task-listeningActive_run-03_eeg.bdf.gz,sub-033,ses-varyingStories02,podcast_5,PASS_VIRTUAL_INITIAL_QC,63701,171,0,WITHIN_3S_ADVISORY,64,PUBLISHER_CONSUMPTION_CONTRACT,0,1,UNASSIGNED,0,0,0.0,UNKNOWN,UNKNOWN,
sub-033_ses-varyingStories02_task-listeningActive_run-04_eeg.bdf.gz,/home/fanyu/auditory_simulation_m6a/pub_01/s06/sparrkulee_v3.1/raw/derivatives/preprocessed_eeg/sub-033/ses-varyingStories02/sub-033_ses-varyingStories02_task-listeningActive_run-04_desc-preproc-audio-audiobook_8_1_eeg.npy,/home/fanyu/auditory_simulation_m6a/pub_01/s06/sparrkulee_v3.1/raw/derivatives/preprocessed_stimuli/audiobook_8_1_envelope.npy,sub-033_ses-varyingStories02_task-listeningActive_run-04_eeg.bdf.gz,sub-033,ses-varyingStories02,audiobook_8_1,PASS_VIRTUAL_INITIAL_QC,47818,182,0,WITHIN_3S_ADVISORY,64,PUBLISHER_CONSUMPTION_CONTRACT,0,1,UNASSIGNED,0,0,0.0,UNKNOWN,UNKNOWN,
sub-033_ses-varyingStories02_task-listeningActive_run-05_eeg.bdf.gz,/home/fanyu/auditory_simulation_m6a/pub_01/s06/sparrkulee_v3.1/raw/derivatives/preprocessed_eeg/sub-033/ses-varyingStories02/sub-033_ses-varyingStories02_task-listeningActive_run-05_desc-preproc-audio-audiobook_8_2_eeg.npy,/home/fanyu/auditory_simulation_m6a/pub_01/s06/sparrkulee_v3.1/raw/derivatives/preprocessed_stimuli/audiobook_8_2_envelope.npy,sub-033_ses-varyingStories02_task-listeningActive_run-05_eeg.bdf.gz,sub-033,ses-varyingStories02,audiobook_8_2,PASS_VIRTUAL_INITIAL_QC,49866,182,0,WITHIN_3S_ADVISORY,64,PUBLISHER_CONSUMPTION_CONTRACT,0,1,UNASSIGNED,0,0,0.0,UNKNOWN,UNKNOWN,
sub-033_ses-varyingStories02_task-listeningActive_run-07_eeg.bdf.gz,/home/fanyu/auditory_simulation_m6a/pub_01/s06/sparrkulee_v3.1/raw/derivatives/preprocessed_eeg/sub-033/ses-varyingStories02/sub-033_ses-varyingStories02_task-listeningActive_run-07_desc-preproc-audio-podcast_8_eeg.npy,/home/fanyu/auditory_simulation_m6a/pub_01/s06/sparrkulee_v3.1/raw/derivatives/preprocessed_stimuli/podcast_8_envelope.npy,sub-033_ses-varyingStories02_task-listeningActive_run-07_eeg.bdf.gz,sub-033,ses-varyingStories02,podcast_8,PASS_VIRTUAL_INITIAL_QC,64839,185,0,WITHIN_3S_ADVISORY,64,PUBLISHER_CONSUMPTION_CONTRACT,0,1,UNASSIGNED,0,0,0.0,UNKNOWN,UNKNOWN,
sub-033_ses-varyingStories02_task-listeningActive_run-08_eeg.bdf.gz,/home/fanyu/auditory_simulation_m6a/pub_01/s06/sparrkulee_v3.1/raw/derivatives/preprocessed_eeg/sub-033/ses-varyingStories02/sub-033_ses-varyingStories02_task-listeningActive_run-08_desc-preproc-audio-audiobook_1_eeg.npy,/home/fanyu/auditory_simulation_m6a/pub_01/s06/sparrkulee_v3.1/raw/derivatives/preprocessed_stimuli/audiobook_1_envelope.npy,sub-033_ses-varyingStories02_task-listeningActive_run-08_eeg.bdf.gz,sub-033,ses-varyingStories02,audiobook_1,PASS_VIRTUAL_INITIAL_QC,59958,138,0,WITHIN_3S_ADVISORY,64,PUBLISHER_CONSUMPTION_CONTRACT,0,1,UNASSIGNED,0,0,0.0,UNKNOWN,UNKNOWN,
sub-033_ses-varyingStories02_task-listeningActive_run-09_eeg.bdf.gz,/home/fanyu/auditory_simulation_m6a/pub_01/s06/sparrkulee_v3.1/raw/derivatives/preprocessed_eeg/sub-033/ses-varyingStories02/sub-033_ses-varyingStories02_task-listeningActive_run-09_desc-preproc-audio-podcast_6_eeg.npy,/home/fanyu/auditory_simulation_m6a/pub_01/s06/sparrkulee_v3.1/raw/derivatives/preprocessed_stimuli/podcast_6_envelope.npy,sub-033_ses-varyingStories02_task-listeningActive_run-09_eeg.bdf.gz,sub-033,ses-varyingStories02,podcast_6,PASS_VIRTUAL_INITIAL_QC,54064,144,0,WITHIN_3S_ADVISORY,64,PUBLISHER_CONSUMPTION_CONTRACT,0,1,UNASSIGNED,0,0,0.0,UNKNOWN,UNKNOWN,
sub-034_ses-varyingStories02_task-listeningActive_run-01_eeg.bdf.gz,/home/fanyu/auditory_simulation_m6a/pub_01/s06/sparrkulee_v3.1/raw/derivatives/preprocessed_eeg/sub-034/ses-varyingStories02/sub-034_ses-varyingStories02_task-listeningActive_run-01_desc-preproc-audio-podcast_7_eeg.npy,/home/fanyu/auditory_simulation_m6a/pub_01/s06/sparrkulee_v3.1/raw/derivatives/preprocessed_stimuli/podcast_7_envelope.npy,sub-034_ses-varyingStories02_task-listeningActive_run-01_eeg.bdf.gz,sub-034,ses-varyingStories02,podcast_7,PASS_VIRTUAL_INITIAL_QC,63044,188,0,WITHIN_3S_ADVISORY,64,PUBLISHER_CONSUMPTION_CONTRACT,0,1,UNASSIGNED,0,0,0.0,UNKNOWN,UNKNOWN,
sub-034_ses-varyingStories02_task-listeningActive_run-02_eeg.bdf.gz,/home/fanyu/auditory_simulation_m6a/pub_01/s06/sparrkulee_v3.1/raw/derivatives/preprocessed_eeg/sub-034/ses-varyingStories02/sub-034_ses-varyingStories02_task-listeningActive_run-02_desc-preproc-audio-podcast_10_eeg.npy,/home/fanyu/auditory_simulation_m6a/pub_01/s06/sparrkulee_v3.1/raw/derivatives/preprocessed_stimuli/podcast_10_envelope.npy,sub-034_ses-varyingStories02_task-listeningActive_run-02_eeg.bdf.gz,sub-034,ses-varyingStories02,podcast_10,PASS_VIRTUAL_INITIAL_QC,53461,171,0,WITHIN_3S_ADVISORY,64,PUBLISHER_CONSUMPTION_CONTRACT,0,1,UNASSIGNED,0,0,0.0,UNKNOWN,UNKNOWN,
sub-034_ses-varyingStories02_task-listeningActive_run-03_eeg.bdf.gz,/home/fanyu/auditory_simulation_m6a/pub_01/s06/sparrkulee_v3.1/raw/derivatives/preprocessed_eeg/sub-034/ses-varyingStories02/sub-034_ses-varyingStories02_task-listeningActive_run-03_desc-preproc-audio-audiobook_8_1_eeg.npy,/home/fanyu/auditory_simulation_m6a/pub_01/s06/sparrkulee_v3.1/raw/derivatives/preprocessed_stimuli/audiobook_8_1_envelope.npy,sub-034_ses-varyingStories02_task-listeningActive_run-03_eeg.bdf.gz,sub-034,ses-varyingStories02,audiobook_8_1,PASS_VIRTUAL_INITIAL_QC,47818,182,0,WITHIN_3S_ADVISORY,64,PUBLISHER_CONSUMPTION_CONTRACT,0,1,UNASSIGNED,0,0,0.0,UNKNOWN,UNKNOWN,
sub-034_ses-varyingStories02_task-listeningActive_run-04_eeg.bdf.gz,/home/fanyu/auditory_simulation_m6a/pub_01/s06/sparrkulee_v3.1/raw/derivatives/preprocessed_eeg/sub-034/ses-varyingStories02/sub-034_ses-varyingStories02_task-listeningActive_run-04_desc-preproc-audio-audiobook_8_2_eeg.npy,/home/fanyu/auditory_simulation_m6a/pub_01/s06/sparrkulee_v3.1/raw/derivatives/preprocessed_stimuli/audiobook_8_2_envelope.npy,sub-034_ses-varyingStories02_task-listeningActive_run-04_eeg.bdf.gz,sub-034,ses-varyingStories02,audiobook_8_2,PASS_VIRTUAL_INITIAL_QC,49866,182,0,WITHIN_3S_ADVISORY,64,PUBLISHER_CONSUMPTION_CONTRACT,0,1,UNASSIGNED,0,0,0.0,UNKNOWN,UNKNOWN,
sub-034_ses-varyingStories02_task-listeningActive_run-06_eeg.bdf.gz,/home/fanyu/auditory_simulation_m6a/pub_01/s06/sparrkulee_v3.1/raw/derivatives/preprocessed_eeg/sub-034/ses-varyingStories02/sub-034_ses-varyingStories02_task-listeningActive_run-06_desc-preproc-audio-podcast_8_eeg.npy,/home/fanyu/auditory_simulation_m6a/pub_01/s06/sparrkulee_v3.1/raw/derivatives/preprocessed_stimuli/podcast_8_envelope.npy,sub-034_ses-varyingStories02_task-listeningActive_run-06_eeg.bdf.gz,sub-034,ses-varyingStories02,podcast_8,PASS_VIRTUAL_INITIAL_QC,64839,185,0,WITHIN_3S_ADVISORY,64,PUBLISHER_CONSUMPTION_CONTRACT,0,1,UNASSIGNED,0,0,0.0,UNKNOWN,UNKNOWN,
sub-034_ses-varyingStories02_task-listeningActive_run-07_eeg.bdf.gz,/home/fanyu/auditory_simulation_m6a/pub_01/s06/sparrkulee_v3.1/raw/derivatives/preprocessed_eeg/sub-034/ses-varyingStories02/sub-034_ses-varyingStories02_task-listeningActive_run-07_desc-preproc-audio-podcast_5_eeg.npy,/home/fanyu/auditory_simulation_m6a/pub_01/s06/sparrkulee_v3.1/raw/derivatives/preprocessed_stimuli/podcast_5_envelope.npy,sub-034_ses-varyingStories02_task-listeningActive_run-07_eeg.bdf.gz,sub-034,ses-varyingStories02,podcast_5,PASS_VIRTUAL_INITIAL_QC,63701,171,0,WITHIN_3S_ADVISORY,64,PUBLISHER_CONSUMPTION_CONTRACT,0,1,UNASSIGNED,0,0,0.0,UNKNOWN,UNKNOWN,
sub-034_ses-varyingStories02_task-listeningActive_run-08_eeg.bdf.gz,/home/fanyu/auditory_simulation_m6a/pub_01/s06/sparrkulee_v3.1/raw/derivatives/preprocessed_eeg/sub-034/ses-varyingStories02/sub-034_ses-varyingStories02_task-listeningActive_run-08_desc-preproc-audio-podcast_6_eeg.npy,/home/fanyu/auditory_simulation_m6a/pub_01/s06/sparrkulee_v3.1/raw/derivatives/preprocessed_stimuli/podcast_6_envelope.npy,sub-034_ses-varyingStories02_task-listeningActive_run-08_eeg.bdf.gz,sub-034,ses-varyingStories02,podcast_6,PASS_VIRTUAL_INITIAL_QC,54064,144,0,WITHIN_3S_ADVISORY,64,PUBLISHER_CONSUMPTION_CONTRACT,0,1,UNASSIGNED,0,0,0.0,UNKNOWN,UNKNOWN,
sub-034_ses-varyingStories02_task-listeningActive_run-09_eeg.bdf.gz,/home/fanyu/auditory_simulation_m6a/pub_01/s06/sparrkulee_v3.1/raw/derivatives/preprocessed_eeg/sub-034/ses-varyingStories02/sub-034_ses-varyingStories02_task-listeningActive_run-09_desc-preproc-audio-audiobook_1_eeg.npy,/home/fanyu/auditory_simulation_m6a/pub_01/s06/sparrkulee_v3.1/raw/derivatives/preprocessed_stimuli/audiobook_1_envelope.npy,sub-034_ses-varyingStories02_task-listeningActive_run-09_eeg.bdf.gz,sub-034,ses-varyingStories02,audiobook_1,PASS_VIRTUAL_INITIAL_QC,59958,138,0,WITHIN_3S_ADVISORY,64,PUBLISHER_CONSUMPTION_CONTRACT,0,1,UNASSIGNED,0,0,0.0,UNKNOWN,UNKNOWN,
sub-035_ses-varyingStories02_task-listeningActive_run-01_eeg.bdf.gz,/home/fanyu/auditory_simulation_m6a/pub_01/s06/sparrkulee_v3.1/raw/derivatives/preprocessed_eeg/sub-035/ses-varyingStories02/sub-035_ses-varyingStories02_task-listeningActive_run-01_desc-preproc-audio-podcast_8_eeg.npy,/home/fanyu/auditory_simulation_m6a/pub_01/s06/sparrkulee_v3.1/raw/derivatives/preprocessed_stimuli/podcast_8_envelope.npy,sub-035_ses-varyingStories02_task-listeningActive_run-01_eeg.bdf.gz,sub-035,ses-varyingStories02,podcast_8,PASS_VIRTUAL_INITIAL_QC,64839,185,0,WITHIN_3S_ADVISORY,64,PUBLISHER_CONSUMPTION_CONTRACT,0,1,UNASSIGNED,0,0,0.0,UNKNOWN,UNKNOWN,
sub-035_ses-varyingStories02_task-listeningActive_run-02_eeg.bdf.gz,/home/fanyu/auditory_simulation_m6a/pub_01/s06/sparrkulee_v3.1/raw/derivatives/preprocessed_eeg/sub-035/ses-varyingStories02/sub-035_ses-varyingStories02_task-listeningActive_run-02_desc-preproc-audio-podcast_10_eeg.npy,/home/fanyu/auditory_simulation_m6a/pub_01/s06/sparrkulee_v3.1/raw/derivatives/preprocessed_stimuli/podcast_10_envelope.npy,sub-035_ses-varyingStories02_task-listeningActive_run-02_eeg.bdf.gz,sub-035,ses-varyingStories02,podcast_10,PASS_VIRTUAL_INITIAL_QC,53461,171,0,WITHIN_3S_ADVISORY,64,PUBLISHER_CONSUMPTION_CONTRACT,0,1,UNASSIGNED,0,0,0.0,UNKNOWN,UNKNOWN,
sub-035_ses-varyingStories02_task-listeningActive_run-03_eeg.bdf.gz,/home/fanyu/auditory_simulation_m6a/pub_01/s06/sparrkulee_v3.1/raw/derivatives/preprocessed_eeg/sub-035/ses-varyingStories02/sub-035_ses-varyingStories02_task-listeningActive_run-03_desc-preproc-audio-audiobook_1_eeg.npy,/home/fanyu/auditory_simulation_m6a/pub_01/s06/sparrkulee_v3.1/raw/derivatives/preprocessed_stimuli/audiobook_1_envelope.npy,sub-035_ses-varyingStories02_task-listeningActive_run-03_eeg.bdf.gz,sub-035,ses-varyingStories02,audiobook_1,PASS_VIRTUAL_INITIAL_QC,59958,138,0,WITHIN_3S_ADVISORY,64,PUBLISHER_CONSUMPTION_CONTRACT,0,1,UNASSIGNED,0,0,0.0,UNKNOWN,UNKNOWN,
sub-035_ses-varyingStories02_task-listeningActive_run-04_eeg.bdf.gz,/home/fanyu/auditory_simulation_m6a/pub_01/s06/sparrkulee_v3.1/raw/derivatives/preprocessed_eeg/sub-035/ses-varyingStories02/sub-035_ses-varyingStories02_task-listeningActive_run-04_desc-preproc-audio-audiobook_8_1_eeg.npy,/home/fanyu/auditory_simulation_m6a/pub_01/s06/sparrkulee_v3.1/raw/derivatives/preprocessed_stimuli/audiobook_8_1_envelope.npy,sub-035_ses-varyingStories02_task-listeningActive_run-04_eeg.bdf.gz,sub-035,ses-varyingStories02,audiobook_8_1,PASS_VIRTUAL_INITIAL_QC,47818,182,0,WITHIN_3S_ADVISORY,64,PUBLISHER_CONSUMPTION_CONTRACT,0,1,UNASSIGNED,0,0,0.0,UNKNOWN,UNKNOWN,
sub-035_ses-varyingStories02_task-listeningActive_run-05_eeg.bdf.gz,/home/fanyu/auditory_simulation_m6a/pub_01/s06/sparrkulee_v3.1/raw/derivatives/preprocessed_eeg/sub-035/ses-varyingStories02/sub-035_ses-varyingStories02_task-listeningActive_run-05_desc-preproc-audio-audiobook_8_2_eeg.npy,/home/fanyu/auditory_simulation_m6a/pub_01/s06/sparrkulee_v3.1/raw/derivatives/preprocessed_stimuli/audiobook_8_2_envelope.npy,sub-035_ses-varyingStories02_task-listeningActive_run-05_eeg.bdf.gz,sub-035,ses-varyingStories02,audiobook_8_2,PASS_VIRTUAL_INITIAL_QC,49866,182,0,WITHIN_3S_ADVISORY,64,PUBLISHER_CONSUMPTION_CONTRACT,0,1,UNASSIGNED,0,0,0.0,UNKNOWN,UNKNOWN,
sub-035_ses-varyingStories02_task-listeningActive_run-06_eeg.bdf.gz,/home/fanyu/auditory_simulation_m6a/pub_01/s06/sparrkulee_v3.1/raw/derivatives/preprocessed_eeg/sub-035/ses-varyingStories02/sub-035_ses-varyingStories02_task-listeningActive_run-06_desc-preproc-audio-podcast_6_eeg.npy,/home/fanyu/auditory_simulation_m6a/pub_01/s06/sparrkulee_v3.1/raw/derivatives/preprocessed_stimuli/podcast_6_envelope.npy,sub-035_ses-varyingStories02_task-listeningActive_run-06_eeg.bdf.gz,sub-035,ses-varyingStories02,podcast_6,PASS_VIRTUAL_INITIAL_QC,54064,144,0,WITHIN_3S_ADVISORY,64,PUBLISHER_CONSUMPTION_CONTRACT,0,1,UNASSIGNED,0,0,0.0,UNKNOWN,UNKNOWN,
sub-035_ses-varyingStories02_task-listeningActive_run-07_eeg.bdf.gz,/home/fanyu/auditory_simulation_m6a/pub_01/s06/sparrkulee_v3.1/raw/derivatives/preprocessed_eeg/sub-035/ses-varyingStories02/sub-035_ses-varyingStories02_task-listeningActive_run-07_desc-preproc-audio-podcast_5_eeg.npy,/home/fanyu/auditory_simulation_m6a/pub_01/s06/sparrkulee_v3.1/raw/derivatives/preprocessed_stimuli/podcast_5_envelope.npy,sub-035_ses-varyingStories02_task-listeningActive_run-07_eeg.bdf.gz,sub-035,ses-varyingStories02,podcast_5,PASS_VIRTUAL_INITIAL_QC,63701,171,0,WITHIN_3S_ADVISORY,64,PUBLISHER_CONSUMPTION_CONTRACT,0,1,UNASSIGNED,0,0,0.0,UNKNOWN,UNKNOWN,
sub-035_ses-varyingStories02_task-listeningActive_run-08_eeg.bdf.gz,/home/fanyu/auditory_simulation_m6a/pub_01/s06/sparrkulee_v3.1/raw/derivatives/preprocessed_eeg/sub-035/ses-varyingStories02/sub-035_ses-varyingStories02_task-listeningActive_run-08_desc-preproc-audio-podcast_7_eeg.npy,/home/fanyu/auditory_simulation_m6a/pub_01/s06/sparrkulee_v3.1/raw/derivatives/preprocessed_stimuli/podcast_7_envelope.npy,sub-035_ses-varyingStories02_task-listeningActive_run-08_eeg.bdf.gz,sub-035,ses-varyingStories02,podcast_7,PASS_VIRTUAL_INITIAL_QC,63044,188,0,WITHIN_3S_ADVISORY,64,PUBLISHER_CONSUMPTION_CONTRACT,0,1,UNASSIGNED,0,0,0.0,UNKNOWN,UNKNOWN,
sub-036_ses-varyingStories02_task-listeningActive_run-01_eeg.bdf.gz,/home/fanyu/auditory_simulation_m6a/pub_01/s06/sparrkulee_v3.1/raw/derivatives/preprocessed_eeg/sub-036/ses-varyingStories02/sub-036_ses-varyingStories02_task-listeningActive_run-01_desc-preproc-audio-podcast_10_eeg.npy,/home/fanyu/auditory_simulation_m6a/pub_01/s06/sparrkulee_v3.1/raw/derivatives/preprocessed_stimuli/podcast_10_envelope.npy,sub-036_ses-varyingStories02_task-listeningActive_run-01_eeg.bdf.gz,sub-036,ses-varyingStories02,podcast_10,PASS_VIRTUAL_INITIAL_QC,53461,171,0,WITHIN_3S_ADVISORY,64,PUBLISHER_CONSUMPTION_CONTRACT,0,1,UNASSIGNED,0,0,0.0,UNKNOWN,UNKNOWN,
sub-036_ses-varyingStories02_task-listeningActive_run-02_eeg.bdf.gz,/home/fanyu/auditory_simulation_m6a/pub_01/s06/sparrkulee_v3.1/raw/derivatives/preprocessed_eeg/sub-036/ses-varyingStories02/sub-036_ses-varyingStories02_task-listeningActive_run-02_desc-preproc-audio-audiobook_8_1_eeg.npy,/home/fanyu/auditory_simulation_m6a/pub_01/s06/sparrkulee_v3.1/raw/derivatives/preprocessed_stimuli/audiobook_8_1_envelope.npy,sub-036_ses-varyingStories02_task-listeningActive_run-02_eeg.bdf.gz,sub-036,ses-varyingStories02,audiobook_8_1,PASS_VIRTUAL_INITIAL_QC,47818,182,0,WITHIN_3S_ADVISORY,64,PUBLISHER_CONSUMPTION_CONTRACT,0,1,UNASSIGNED,0,0,0.0,UNKNOWN,UNKNOWN,
sub-036_ses-varyingStories02_task-listeningActive_run-03_eeg.bdf.gz,/home/fanyu/auditory_simulation_m6a/pub_01/s06/sparrkulee_v3.1/raw/derivatives/preprocessed_eeg/sub-036/ses-varyingStories02/sub-036_ses-varyingStories02_task-listeningActive_run-03_desc-preproc-audio-audiobook_8_2_eeg.npy,/home/fanyu/auditory_simulation_m6a/pub_01/s06/sparrkulee_v3.1/raw/derivatives/preprocessed_stimuli/audiobook_8_2_envelope.npy,sub-036_ses-varyingStories02_task-listeningActive_run-03_eeg.bdf.gz,sub-036,ses-varyingStories02,audiobook_8_2,PASS_VIRTUAL_INITIAL_QC,49866,182,0,WITHIN_3S_ADVISORY,64,PUBLISHER_CONSUMPTION_CONTRACT,0,1,UNASSIGNED,0,0,0.0,UNKNOWN,UNKNOWN,
sub-036_ses-varyingStories02_task-listeningActive_run-04_eeg.bdf.gz,/home/fanyu/auditory_simulation_m6a/pub_01/s06/sparrkulee_v3.1/raw/derivatives/preprocessed_eeg/sub-036/ses-varyingStories02/sub-036_ses-varyingStories02_task-listeningActive_run-04_desc-preproc-audio-audiobook_1_eeg.npy,/home/fanyu/auditory_simulation_m6a/pub_01/s06/sparrkulee_v3.1/raw/derivatives/preprocessed_stimuli/audiobook_1_envelope.npy,sub-036_ses-varyingStories02_task-listeningActive_run-04_eeg.bdf.gz,sub-036,ses-varyingStories02,audiobook_1,PASS_VIRTUAL_INITIAL_QC,59958,138,0,WITHIN_3S_ADVISORY,64,PUBLISHER_CONSUMPTION_CONTRACT,0,1,UNASSIGNED,0,0,0.0,UNKNOWN,UNKNOWN,
sub-036_ses-varyingStories02_task-listeningActive_run-05_eeg.bdf.gz,/home/fanyu/auditory_simulation_m6a/pub_01/s06/sparrkulee_v3.1/raw/derivatives/preprocessed_eeg/sub-036/ses-varyingStories02/sub-036_ses-varyingStories02_task-listeningActive_run-05_desc-preproc-audio-podcast_6_eeg.npy,/home/fanyu/auditory_simulation_m6a/pub_01/s06/sparrkulee_v3.1/raw/derivatives/preprocessed_stimuli/podcast_6_envelope.npy,sub-036_ses-varyingStories02_task-listeningActive_run-05_eeg.bdf.gz,sub-036,ses-varyingStories02,podcast_6,PASS_VIRTUAL_INITIAL_QC,54064,144,0,WITHIN_3S_ADVISORY,64,PUBLISHER_CONSUMPTION_CONTRACT,0,1,UNASSIGNED,0,0,0.0,UNKNOWN,UNKNOWN,
sub-036_ses-varyingStories02_task-listeningActive_run-06_eeg.bdf.gz,/home/fanyu/auditory_simulation_m6a/pub_01/s06/sparrkulee_v3.1/raw/derivatives/preprocessed_eeg/sub-036/ses-varyingStories02/sub-036_ses-varyingStories02_task-listeningActive_run-06_desc-preproc-audio-podcast_8_eeg.npy,/home/fanyu/auditory_simulation_m6a/pub_01/s06/sparrkulee_v3.1/raw/derivatives/preprocessed_stimuli/podcast_8_envelope.npy,sub-036_ses-varyingStories02_task-listeningActive_run-06_eeg.bdf.gz,sub-036,ses-varyingStories02,podcast_8,PASS_VIRTUAL_INITIAL_QC,64839,185,0,WITHIN_3S_ADVISORY,64,PUBLISHER_CONSUMPTION_CONTRACT,0,1,UNASSIGNED,0,0,0.0,UNKNOWN,UNKNOWN,
sub-036_ses-varyingStories02_task-listeningActive_run-07_eeg.bdf.gz,/home/fanyu/auditory_simulation_m6a/pub_01/s06/sparrkulee_v3.1/raw/derivatives/preprocessed_eeg/sub-036/ses-varyingStories02/sub-036_ses-varyingStories02_task-listeningActive_run-07_desc-preproc-audio-podcast_5_eeg.npy,/home/fanyu/auditory_simulation_m6a/pub_01/s06/sparrkulee_v3.1/raw/derivatives/preprocessed_stimuli/podcast_5_envelope.npy,sub-036_ses-varyingStories02_task-listeningActive_run-07_eeg.bdf.gz,sub-036,ses-varyingStories02,podcast_5,PASS_VIRTUAL_INITIAL_QC,63701,171,0,WITHIN_3S_ADVISORY,64,PUBLISHER_CONSUMPTION_CONTRACT,0,1,UNASSIGNED,0,0,0.0,UNKNOWN,UNKNOWN,
sub-036_ses-varyingStories02_task-listeningActive_run-09_eeg.bdf.gz,/home/fanyu/auditory_simulation_m6a/pub_01/s06/sparrkulee_v3.1/raw/derivatives/preprocessed_eeg/sub-036/ses-varyingStories02/sub-036_ses-varyingStories02_task-listeningActive_run-09_desc-preproc-audio-podcast_7_eeg.npy,/home/fanyu/auditory_simulation_m6a/pub_01/s06/sparrkulee_v3.1/raw/derivatives/preprocessed_stimuli/podcast_7_envelope.npy,sub-036_ses-varyingStories02_task-listeningActive_run-09_eeg.bdf.gz,sub-036,ses-varyingStories02,podcast_7,PASS_VIRTUAL_INITIAL_QC,63044,188,0,WITHIN_3S_ADVISORY,64,PUBLISHER_CONSUMPTION_CONTRACT,0,1,UNASSIGNED,0,0,0.0,UNKNOWN,UNKNOWN,
sub-037_ses-varyingStories03_task-listeningActive_run-01_eeg.bdf.gz,/home/fanyu/auditory_simulation_m6a/pub_01/s06/sparrkulee_v3.1/raw/derivatives/preprocessed_eeg/sub-037/ses-varyingStories03/sub-037_ses-varyingStories03_task-listeningActive_run-01_desc-preproc-audio-audiobook_9_1_eeg.npy,/home/fanyu/auditory_simulation_m6a/pub_01/s06/sparrkulee_v3.1/raw/derivatives/preprocessed_stimuli/audiobook_9_1_envelope.npy,sub-037_ses-varyingStories03_task-listeningActive_run-01_eeg.bdf.gz,sub-037,ses-varyingStories03,audiobook_9_1,PASS_VIRTUAL_INITIAL_QC,41409,127,0,WITHIN_3S_ADVISORY,64,PUBLISHER_CONSUMPTION_CONTRACT,0,1,UNASSIGNED,0,0,0.0,UNKNOWN,UNKNOWN,
sub-037_ses-varyingStories03_task-listeningActive_run-02_eeg.bdf.gz,/home/fanyu/auditory_simulation_m6a/pub_01/s06/sparrkulee_v3.1/raw/derivatives/preprocessed_eeg/sub-037/ses-varyingStories03/sub-037_ses-varyingStories03_task-listeningActive_run-02_desc-preproc-audio-audiobook_9_2_eeg.npy,/home/fanyu/auditory_simulation_m6a/pub_01/s06/sparrkulee_v3.1/raw/derivatives/preprocessed_stimuli/audiobook_9_2_envelope.npy,sub-037_ses-varyingStories03_task-listeningActive_run-02_eeg.bdf.gz,sub-037,ses-varyingStories03,audiobook_9_2,PASS_VIRTUAL_INITIAL_QC,56385,127,0,WITHIN_3S_ADVISORY,64,PUBLISHER_CONSUMPTION_CONTRACT,0,1,UNASSIGNED,0,0,0.0,UNKNOWN,UNKNOWN,
sub-037_ses-varyingStories03_task-listeningActive_run-03_eeg.bdf.gz,/home/fanyu/auditory_simulation_m6a/pub_01/s06/sparrkulee_v3.1/raw/derivatives/preprocessed_eeg/sub-037/ses-varyingStories03/sub-037_ses-varyingStories03_task-listeningActive_run-03_desc-preproc-audio-podcast_10_eeg.npy,/home/fanyu/auditory_simulation_m6a/pub_01/s06/sparrkulee_v3.1/raw/derivatives/preprocessed_stimuli/podcast_10_envelope.npy,sub-037_ses-varyingStories03_task-listeningActive_run-03_eeg.bdf.gz,sub-037,ses-varyingStories03,podcast_10,PASS_VIRTUAL_INITIAL_QC,53461,171,0,WITHIN_3S_ADVISORY,64,PUBLISHER_CONSUMPTION_CONTRACT,0,1,UNASSIGNED,0,0,0.0,UNKNOWN,UNKNOWN,
sub-037_ses-varyingStories03_task-listeningActive_run-04_eeg.bdf.gz,/home/fanyu/auditory_simulation_m6a/pub_01/s06/sparrkulee_v3.1/raw/derivatives/preprocessed_eeg/sub-037/ses-varyingStories03/sub-037_ses-varyingStories03_task-listeningActive_run-04_desc-preproc-audio-podcast_9_eeg.npy,/home/fanyu/auditory_simulation_m6a/pub_01/s06/sparrkulee_v3.1/raw/derivatives/preprocessed_stimuli/podcast_9_envelope.npy,sub-037_ses-varyingStories03_task-listeningActive_run-04_eeg.bdf.gz,sub-037,ses-varyingStories03,podcast_9,PASS_VIRTUAL_INITIAL_QC,76251,165,0,WITHIN_3S_ADVISORY,64,PUBLISHER_CONSUMPTION_CONTRACT,0,1,UNASSIGNED,0,0,0.0,UNKNOWN,UNKNOWN,
sub-037_ses-varyingStories03_task-listeningActive_run-06_eeg.bdf.gz,/home/fanyu/auditory_simulation_m6a/pub_01/s06/sparrkulee_v3.1/raw/derivatives/preprocessed_eeg/sub-037/ses-varyingStories03/sub-037_ses-varyingStories03_task-listeningActive_run-06_desc-preproc-audio-podcast_12_eeg.npy,/home/fanyu/auditory_simulation_m6a/pub_01/s06/sparrkulee_v3.1/raw/derivatives/preprocessed_stimuli/podcast_12_envelope.npy,sub-037_ses-varyingStories03_task-listeningActive_run-06_eeg.bdf.gz,sub-037,ses-varyingStories03,podcast_12,PASS_VIRTUAL_INITIAL_QC,67339,181,0,WITHIN_3S_ADVISORY,64,PUBLISHER_CONSUMPTION_CONTRACT,0,1,UNASSIGNED,0,0,0.0,UNKNOWN,UNKNOWN,
sub-037_ses-varyingStories03_task-listeningActive_run-07_eeg.bdf.gz,/home/fanyu/auditory_simulation_m6a/pub_01/s06/sparrkulee_v3.1/raw/derivatives/preprocessed_eeg/sub-037/ses-varyingStories03/sub-037_ses-varyingStories03_task-listeningActive_run-07_desc-preproc-audio-audiobook_1_eeg.npy,/home/fanyu/auditory_simulation_m6a/pub_01/s06/sparrkulee_v3.1/raw/derivatives/preprocessed_stimuli/audiobook_1_envelope.npy,sub-037_ses-varyingStories03_task-listeningActive_run-07_eeg.bdf.gz,sub-037,ses-varyingStories03,audiobook_1,PASS_VIRTUAL_INITIAL_QC,59958,138,0,WITHIN_3S_ADVISORY,64,PUBLISHER_CONSUMPTION_CONTRACT,0,1,UNASSIGNED,0,0,0.0,UNKNOWN,UNKNOWN,
sub-037_ses-varyingStories03_task-listeningActive_run-08_eeg.bdf.gz,/home/fanyu/auditory_simulation_m6a/pub_01/s06/sparrkulee_v3.1/raw/derivatives/preprocessed_eeg/sub-037/ses-varyingStories03/sub-037_ses-varyingStories03_task-listeningActive_run-08_desc-preproc-audio-podcast_11_eeg.npy,/home/fanyu/auditory_simulation_m6a/pub_01/s06/sparrkulee_v3.1/raw/derivatives/preprocessed_stimuli/podcast_11_envelope.npy,sub-037_ses-varyingStories03_task-listeningActive_run-08_eeg.bdf.gz,sub-037,ses-varyingStories03,podcast_11,PASS_VIRTUAL_INITIAL_QC,57601,127,0,WITHIN_3S_ADVISORY,64,PUBLISHER_CONSUMPTION_CONTRACT,0,1,UNASSIGNED,0,0,0.0,UNKNOWN,UNKNOWN,
sub-038_ses-varyingStories03_task-listeningActive_run-03_eeg.bdf.gz,/home/fanyu/auditory_simulation_m6a/pub_01/s06/sparrkulee_v3.1/raw/derivatives/preprocessed_eeg/sub-038/ses-varyingStories03/sub-038_ses-varyingStories03_task-listeningActive_run-03_desc-preproc-audio-audiobook_9_1_eeg.npy,/home/fanyu/auditory_simulation_m6a/pub_01/s06/sparrkulee_v3.1/raw/derivatives/preprocessed_stimuli/audiobook_9_1_envelope.npy,sub-038_ses-varyingStories03_task-listeningActive_run-03_eeg.bdf.gz,sub-038,ses-varyingStories03,audiobook_9_1,PASS_VIRTUAL_INITIAL_QC,41409,127,0,WITHIN_3S_ADVISORY,64,PUBLISHER_CONSUMPTION_CONTRACT,0,1,UNASSIGNED,0,0,0.0,UNKNOWN,UNKNOWN,
sub-038_ses-varyingStories03_task-listeningActive_run-04_eeg.bdf.gz,/home/fanyu/auditory_simulation_m6a/pub_01/s06/sparrkulee_v3.1/raw/derivatives/preprocessed_eeg/sub-038/ses-varyingStories03/sub-038_ses-varyingStories03_task-listeningActive_run-04_desc-preproc-audio-audiobook_9_2_eeg.npy,/home/fanyu/auditory_simulation_m6a/pub_01/s06/sparrkulee_v3.1/raw/derivatives/preprocessed_stimuli/audiobook_9_2_envelope.npy,sub-038_ses-varyingStories03_task-listeningActive_run-04_eeg.bdf.gz,sub-038,ses-varyingStories03,audiobook_9_2,PASS_VIRTUAL_INITIAL_QC,56385,127,0,WITHIN_3S_ADVISORY,64,PUBLISHER_CONSUMPTION_CONTRACT,0,1,UNASSIGNED,0,0,0.0,UNKNOWN,UNKNOWN,
sub-038_ses-varyingStories03_task-listeningActive_run-05_eeg.bdf.gz,/home/fanyu/auditory_simulation_m6a/pub_01/s06/sparrkulee_v3.1/raw/derivatives/preprocessed_eeg/sub-038/ses-varyingStories03/sub-038_ses-varyingStories03_task-listeningActive_run-05_desc-preproc-audio-podcast_11_eeg.npy,/home/fanyu/auditory_simulation_m6a/pub_01/s06/sparrkulee_v3.1/raw/derivatives/preprocessed_stimuli/podcast_11_envelope.npy,sub-038_ses-varyingStories03_task-listeningActive_run-05_eeg.bdf.gz,sub-038,ses-varyingStories03,podcast_11,PASS_VIRTUAL_INITIAL_QC,57601,127,0,WITHIN_3S_ADVISORY,64,PUBLISHER_CONSUMPTION_CONTRACT,0,1,UNASSIGNED,0,0,0.0,UNKNOWN,UNKNOWN,
sub-038_ses-varyingStories03_task-listeningActive_run-06_eeg.bdf.gz,/home/fanyu/auditory_simulation_m6a/pub_01/s06/sparrkulee_v3.1/raw/derivatives/preprocessed_eeg/sub-038/ses-varyingStories03/sub-038_ses-varyingStories03_task-listeningActive_run-06_desc-preproc-audio-audiobook_1_eeg.npy,/home/fanyu/auditory_simulation_m6a/pub_01/s06/sparrkulee_v3.1/raw/derivatives/preprocessed_stimuli/audiobook_1_envelope.npy,sub-038_ses-varyingStories03_task-listeningActive_run-06_eeg.bdf.gz,sub-038,ses-varyingStories03,audiobook_1,PASS_VIRTUAL_INITIAL_QC,59958,138,0,WITHIN_3S_ADVISORY,64,PUBLISHER_CONSUMPTION_CONTRACT,0,1,UNASSIGNED,0,0,0.0,UNKNOWN,UNKNOWN,
sub-038_ses-varyingStories03_task-listeningActive_run-07_eeg.bdf.gz,/home/fanyu/auditory_simulation_m6a/pub_01/s06/sparrkulee_v3.1/raw/derivatives/preprocessed_eeg/sub-038/ses-varyingStories03/sub-038_ses-varyingStories03_task-listeningActive_run-07_desc-preproc-audio-podcast_12_eeg.npy,/home/fanyu/auditory_simulation_m6a/pub_01/s06/sparrkulee_v3.1/raw/derivatives/preprocessed_stimuli/podcast_12_envelope.npy,sub-038_ses-varyingStories03_task-listeningActive_run-07_eeg.bdf.gz,sub-038,ses-varyingStories03,podcast_12,PASS_VIRTUAL_INITIAL_QC,67339,181,0,WITHIN_3S_ADVISORY,64,PUBLISHER_CONSUMPTION_CONTRACT,0,1,UNASSIGNED,0,0,0.0,UNKNOWN,UNKNOWN,
sub-038_ses-varyingStories03_task-listeningActive_run-08_eeg.bdf.gz,/home/fanyu/auditory_simulation_m6a/pub_01/s06/sparrkulee_v3.1/raw/derivatives/preprocessed_eeg/sub-038/ses-varyingStories03/sub-038_ses-varyingStories03_task-listeningActive_run-08_desc-preproc-audio-podcast_10_eeg.npy,/home/fanyu/auditory_simulation_m6a/pub_01/s06/sparrkulee_v3.1/raw/derivatives/preprocessed_stimuli/podcast_10_envelope.npy,sub-038_ses-varyingStories03_task-listeningActive_run-08_eeg.bdf.gz,sub-038,ses-varyingStories03,podcast_10,PASS_VIRTUAL_INITIAL_QC,53461,171,0,WITHIN_3S_ADVISORY,64,PUBLISHER_CONSUMPTION_CONTRACT,0,1,UNASSIGNED,0,0,0.0,UNKNOWN,UNKNOWN,
sub-038_ses-varyingStories03_task-listeningActive_run-09_eeg.bdf.gz,/home/fanyu/auditory_simulation_m6a/pub_01/s06/sparrkulee_v3.1/raw/derivatives/preprocessed_eeg/sub-038/ses-varyingStories03/sub-038_ses-varyingStories03_task-listeningActive_run-09_desc-preproc-audio-podcast_9_eeg.npy,/home/fanyu/auditory_simulation_m6a/pub_01/s06/sparrkulee_v3.1/raw/derivatives/preprocessed_stimuli/podcast_9_envelope.npy,sub-038_ses-varyingStories03_task-listeningActive_run-09_eeg.bdf.gz,sub-038,ses-varyingStories03,podcast_9,PASS_VIRTUAL_INITIAL_QC,76251,165,0,WITHIN_3S_ADVISORY,64,PUBLISHER_CONSUMPTION_CONTRACT,0,1,UNASSIGNED,0,0,0.0,UNKNOWN,UNKNOWN,
sub-039_ses-varyingStories03_task-listeningActive_run-01_eeg.bdf.gz,/home/fanyu/auditory_simulation_m6a/pub_01/s06/sparrkulee_v3.1/raw/derivatives/preprocessed_eeg/sub-039/ses-varyingStories03/sub-039_ses-varyingStories03_task-listeningActive_run-01_desc-preproc-audio-audiobook_9_1_eeg.npy,/home/fanyu/auditory_simulation_m6a/pub_01/s06/sparrkulee_v3.1/raw/derivatives/preprocessed_stimuli/audiobook_9_1_envelope.npy,sub-039_ses-varyingStories03_task-listeningActive_run-01_eeg.bdf.gz,sub-039,ses-varyingStories03,audiobook_9_1,PASS_VIRTUAL_INITIAL_QC,41409,127,0,WITHIN_3S_ADVISORY,64,PUBLISHER_CONSUMPTION_CONTRACT,0,1,UNASSIGNED,0,0,0.0,UNKNOWN,UNKNOWN,
sub-039_ses-varyingStories03_task-listeningActive_run-02_eeg.bdf.gz,/home/fanyu/auditory_simulation_m6a/pub_01/s06/sparrkulee_v3.1/raw/derivatives/preprocessed_eeg/sub-039/ses-varyingStories03/sub-039_ses-varyingStories03_task-listeningActive_run-02_desc-preproc-audio-audiobook_9_2_eeg.npy,/home/fanyu/auditory_simulation_m6a/pub_01/s06/sparrkulee_v3.1/raw/derivatives/preprocessed_stimuli/audiobook_9_2_envelope.npy,sub-039_ses-varyingStories03_task-listeningActive_run-02_eeg.bdf.gz,sub-039,ses-varyingStories03,audiobook_9_2,PASS_VIRTUAL_INITIAL_QC,56385,127,0,WITHIN_3S_ADVISORY,64,PUBLISHER_CONSUMPTION_CONTRACT,0,1,UNASSIGNED,0,0,0.0,UNKNOWN,UNKNOWN,
sub-039_ses-varyingStories03_task-listeningActive_run-03_eeg.bdf.gz,/home/fanyu/auditory_simulation_m6a/pub_01/s06/sparrkulee_v3.1/raw/derivatives/preprocessed_eeg/sub-039/ses-varyingStories03/sub-039_ses-varyingStories03_task-listeningActive_run-03_desc-preproc-audio-audiobook_1_eeg.npy,/home/fanyu/auditory_simulation_m6a/pub_01/s06/sparrkulee_v3.1/raw/derivatives/preprocessed_stimuli/audiobook_1_envelope.npy,sub-039_ses-varyingStories03_task-listeningActive_run-03_eeg.bdf.gz,sub-039,ses-varyingStories03,audiobook_1,PASS_VIRTUAL_INITIAL_QC,59958,138,0,WITHIN_3S_ADVISORY,64,PUBLISHER_CONSUMPTION_CONTRACT,0,1,UNASSIGNED,0,0,0.0,UNKNOWN,UNKNOWN,
sub-039_ses-varyingStories03_task-listeningActive_run-04_eeg.bdf.gz,/home/fanyu/auditory_simulation_m6a/pub_01/s06/sparrkulee_v3.1/raw/derivatives/preprocessed_eeg/sub-039/ses-varyingStories03/sub-039_ses-varyingStories03_task-listeningActive_run-04_desc-preproc-audio-podcast_9_eeg.npy,/home/fanyu/auditory_simulation_m6a/pub_01/s06/sparrkulee_v3.1/raw/derivatives/preprocessed_stimuli/podcast_9_envelope.npy,sub-039_ses-varyingStories03_task-listeningActive_run-04_eeg.bdf.gz,sub-039,ses-varyingStories03,podcast_9,PASS_VIRTUAL_INITIAL_QC,76251,165,0,WITHIN_3S_ADVISORY,64,PUBLISHER_CONSUMPTION_CONTRACT,0,1,UNASSIGNED,0,0,0.0,UNKNOWN,UNKNOWN,
sub-039_ses-varyingStories03_task-listeningActive_run-05_eeg.bdf.gz,/home/fanyu/auditory_simulation_m6a/pub_01/s06/sparrkulee_v3.1/raw/derivatives/preprocessed_eeg/sub-039/ses-varyingStories03/sub-039_ses-varyingStories03_task-listeningActive_run-05_desc-preproc-audio-podcast_11_eeg.npy,/home/fanyu/auditory_simulation_m6a/pub_01/s06/sparrkulee_v3.1/raw/derivatives/preprocessed_stimuli/podcast_11_envelope.npy,sub-039_ses-varyingStories03_task-listeningActive_run-05_eeg.bdf.gz,sub-039,ses-varyingStories03,podcast_11,PASS_VIRTUAL_INITIAL_QC,57601,127,0,WITHIN_3S_ADVISORY,64,PUBLISHER_CONSUMPTION_CONTRACT,0,1,UNASSIGNED,0,0,0.0,UNKNOWN,UNKNOWN,
sub-039_ses-varyingStories03_task-listeningActive_run-07_eeg.bdf.gz,/home/fanyu/auditory_simulation_m6a/pub_01/s06/sparrkulee_v3.1/raw/derivatives/preprocessed_eeg/sub-039/ses-varyingStories03/sub-039_ses-varyingStories03_task-listeningActive_run-07_desc-preproc-audio-podcast_12_eeg.npy,/home/fanyu/auditory_simulation_m6a/pub_01/s06/sparrkulee_v3.1/raw/derivatives/preprocessed_stimuli/podcast_12_envelope.npy,sub-039_ses-varyingStories03_task-listeningActive_run-07_eeg.bdf.gz,sub-039,ses-varyingStories03,podcast_12,PASS_VIRTUAL_INITIAL_QC,67339,181,0,WITHIN_3S_ADVISORY,64,PUBLISHER_CONSUMPTION_CONTRACT,0,1,UNASSIGNED,0,0,0.0,UNKNOWN,UNKNOWN,
sub-039_ses-varyingStories03_task-listeningActive_run-08_eeg.bdf.gz,/home/fanyu/auditory_simulation_m6a/pub_01/s06/sparrkulee_v3.1/raw/derivatives/preprocessed_eeg/sub-039/ses-varyingStories03/sub-039_ses-varyingStories03_task-listeningActive_run-08_desc-preproc-audio-podcast_10_eeg.npy,/home/fanyu/auditory_simulation_m6a/pub_01/s06/sparrkulee_v3.1/raw/derivatives/preprocessed_stimuli/podcast_10_envelope.npy,sub-039_ses-varyingStories03_task-listeningActive_run-08_eeg.bdf.gz,sub-039,ses-varyingStories03,podcast_10,PASS_VIRTUAL_INITIAL_QC,53461,171,0,WITHIN_3S_ADVISORY,64,PUBLISHER_CONSUMPTION_CONTRACT,0,1,UNASSIGNED,0,0,0.0,UNKNOWN,UNKNOWN,
sub-040_ses-varyingStories03_task-listeningActive_run-02_eeg.bdf.gz,/home/fanyu/auditory_simulation_m6a/pub_01/s06/sparrkulee_v3.1/raw/derivatives/preprocessed_eeg/sub-040/ses-varyingStories03/sub-040_ses-varyingStories03_task-listeningActive_run-02_desc-preproc-audio-audiobook_9_1_eeg.npy,/home/fanyu/auditory_simulation_m6a/pub_01/s06/sparrkulee_v3.1/raw/derivatives/preprocessed_stimuli/audiobook_9_1_envelope.npy,sub-040_ses-varyingStories03_task-listeningActive_run-02_eeg.bdf.gz,sub-040,ses-varyingStories03,audiobook_9_1,PASS_VIRTUAL_INITIAL_QC,41409,127,0,WITHIN_3S_ADVISORY,64,PUBLISHER_CONSUMPTION_CONTRACT,0,1,UNASSIGNED,0,0,0.0,UNKNOWN,UNKNOWN,
sub-040_ses-varyingStories03_task-listeningActive_run-03_eeg.bdf.gz,/home/fanyu/auditory_simulation_m6a/pub_01/s06/sparrkulee_v3.1/raw/derivatives/preprocessed_eeg/sub-040/ses-varyingStories03/sub-040_ses-varyingStories03_task-listeningActive_run-03_desc-preproc-audio-audiobook_9_2_eeg.npy,/home/fanyu/auditory_simulation_m6a/pub_01/s06/sparrkulee_v3.1/raw/derivatives/preprocessed_stimuli/audiobook_9_2_envelope.npy,sub-040_ses-varyingStories03_task-listeningActive_run-03_eeg.bdf.gz,sub-040,ses-varyingStories03,audiobook_9_2,PASS_VIRTUAL_INITIAL_QC,56385,127,0,WITHIN_3S_ADVISORY,64,PUBLISHER_CONSUMPTION_CONTRACT,0,1,UNASSIGNED,0,0,0.0,UNKNOWN,UNKNOWN,
sub-040_ses-varyingStories03_task-listeningActive_run-04_eeg.bdf.gz,/home/fanyu/auditory_simulation_m6a/pub_01/s06/sparrkulee_v3.1/raw/derivatives/preprocessed_eeg/sub-040/ses-varyingStories03/sub-040_ses-varyingStories03_task-listeningActive_run-04_desc-preproc-audio-podcast_11_eeg.npy,/home/fanyu/auditory_simulation_m6a/pub_01/s06/sparrkulee_v3.1/raw/derivatives/preprocessed_stimuli/podcast_11_envelope.npy,sub-040_ses-varyingStories03_task-listeningActive_run-04_eeg.bdf.gz,sub-040,ses-varyingStories03,podcast_11,PASS_VIRTUAL_INITIAL_QC,57601,127,0,WITHIN_3S_ADVISORY,64,PUBLISHER_CONSUMPTION_CONTRACT,0,1,UNASSIGNED,0,0,0.0,UNKNOWN,UNKNOWN,
sub-040_ses-varyingStories03_task-listeningActive_run-05_eeg.bdf.gz,/home/fanyu/auditory_simulation_m6a/pub_01/s06/sparrkulee_v3.1/raw/derivatives/preprocessed_eeg/sub-040/ses-varyingStories03/sub-040_ses-varyingStories03_task-listeningActive_run-05_desc-preproc-audio-podcast_9_eeg.npy,/home/fanyu/auditory_simulation_m6a/pub_01/s06/sparrkulee_v3.1/raw/derivatives/preprocessed_stimuli/podcast_9_envelope.npy,sub-040_ses-varyingStories03_task-listeningActive_run-05_eeg.bdf.gz,sub-040,ses-varyingStories03,podcast_9,PASS_VIRTUAL_INITIAL_QC,76251,165,0,WITHIN_3S_ADVISORY,64,PUBLISHER_CONSUMPTION_CONTRACT,0,1,UNASSIGNED,0,0,0.0,UNKNOWN,UNKNOWN,
sub-040_ses-varyingStories03_task-listeningActive_run-06_eeg.bdf.gz,/home/fanyu/auditory_simulation_m6a/pub_01/s06/sparrkulee_v3.1/raw/derivatives/preprocessed_eeg/sub-040/ses-varyingStories03/sub-040_ses-varyingStories03_task-listeningActive_run-06_desc-preproc-audio-podcast_10_eeg.npy,/home/fanyu/auditory_simulation_m6a/pub_01/s06/sparrkulee_v3.1/raw/derivatives/preprocessed_stimuli/podcast_10_envelope.npy,sub-040_ses-varyingStories03_task-listeningActive_run-06_eeg.bdf.gz,sub-040,ses-varyingStories03,podcast_10,PASS_VIRTUAL_INITIAL_QC,53461,171,0,WITHIN_3S_ADVISORY,64,PUBLISHER_CONSUMPTION_CONTRACT,0,1,UNASSIGNED,0,0,0.0,UNKNOWN,UNKNOWN,
sub-040_ses-varyingStories03_task-listeningActive_run-07_eeg.bdf.gz,/home/fanyu/auditory_simulation_m6a/pub_01/s06/sparrkulee_v3.1/raw/derivatives/preprocessed_eeg/sub-040/ses-varyingStories03/sub-040_ses-varyingStories03_task-listeningActive_run-07_desc-preproc-audio-audiobook_1_eeg.npy,/home/fanyu/auditory_simulation_m6a/pub_01/s06/sparrkulee_v3.1/raw/derivatives/preprocessed_stimuli/audiobook_1_envelope.npy,sub-040_ses-varyingStories03_task-listeningActive_run-07_eeg.bdf.gz,sub-040,ses-varyingStories03,audiobook_1,PASS_VIRTUAL_INITIAL_QC,59958,138,0,WITHIN_3S_ADVISORY,64,PUBLISHER_CONSUMPTION_CONTRACT,0,1,UNASSIGNED,0,0,0.0,UNKNOWN,UNKNOWN,
sub-040_ses-varyingStories03_task-listeningActive_run-08_eeg.bdf.gz,/home/fanyu/auditory_simulation_m6a/pub_01/s06/sparrkulee_v3.1/raw/derivatives/preprocessed_eeg/sub-040/ses-varyingStories03/sub-040_ses-varyingStories03_task-listeningActive_run-08_desc-preproc-audio-podcast_12_eeg.npy,/home/fanyu/auditory_simulation_m6a/pub_01/s06/sparrkulee_v3.1/raw/derivatives/preprocessed_stimuli/podcast_12_envelope.npy,sub-040_ses-varyingStories03_task-listeningActive_run-08_eeg.bdf.gz,sub-040,ses-varyingStories03,podcast_12,PASS_VIRTUAL_INITIAL_QC,67339,181,0,WITHIN_3S_ADVISORY,64,PUBLISHER_CONSUMPTION_CONTRACT,0,1,UNASSIGNED,0,0,0.0,UNKNOWN,UNKNOWN,
sub-041_ses-varyingStories03_task-listeningActive_run-01_eeg.bdf.gz,/home/fanyu/auditory_simulation_m6a/pub_01/s06/sparrkulee_v3.1/raw/derivatives/preprocessed_eeg/sub-041/ses-varyingStories03/sub-041_ses-varyingStories03_task-listeningActive_run-01_desc-preproc-audio-podcast_12_eeg.npy,/home/fanyu/auditory_simulation_m6a/pub_01/s06/sparrkulee_v3.1/raw/derivatives/preprocessed_stimuli/podcast_12_envelope.npy,sub-041_ses-varyingStories03_task-listeningActive_run-01_eeg.bdf.gz,sub-041,ses-varyingStories03,podcast_12,PASS_VIRTUAL_INITIAL_QC,67339,181,0,WITHIN_3S_ADVISORY,64,PUBLISHER_CONSUMPTION_CONTRACT,0,1,UNASSIGNED,0,0,0.0,UNKNOWN,UNKNOWN,
sub-041_ses-varyingStories03_task-listeningActive_run-03_eeg.bdf.gz,/home/fanyu/auditory_simulation_m6a/pub_01/s06/sparrkulee_v3.1/raw/derivatives/preprocessed_eeg/sub-041/ses-varyingStories03/sub-041_ses-varyingStories03_task-listeningActive_run-03_desc-preproc-audio-podcast_11_eeg.npy,/home/fanyu/auditory_simulation_m6a/pub_01/s06/sparrkulee_v3.1/raw/derivatives/preprocessed_stimuli/podcast_11_envelope.npy,sub-041_ses-varyingStories03_task-listeningActive_run-03_eeg.bdf.gz,sub-041,ses-varyingStories03,podcast_11,PASS_VIRTUAL_INITIAL_QC,57601,127,0,WITHIN_3S_ADVISORY,64,PUBLISHER_CONSUMPTION_CONTRACT,0,1,UNASSIGNED,0,0,0.0,UNKNOWN,UNKNOWN,
sub-041_ses-varyingStories03_task-listeningActive_run-04_eeg.bdf.gz,/home/fanyu/auditory_simulation_m6a/pub_01/s06/sparrkulee_v3.1/raw/derivatives/preprocessed_eeg/sub-041/ses-varyingStories03/sub-041_ses-varyingStories03_task-listeningActive_run-04_desc-preproc-audio-podcast_9_eeg.npy,/home/fanyu/auditory_simulation_m6a/pub_01/s06/sparrkulee_v3.1/raw/derivatives/preprocessed_stimuli/podcast_9_envelope.npy,sub-041_ses-varyingStories03_task-listeningActive_run-04_eeg.bdf.gz,sub-041,ses-varyingStories03,podcast_9,PASS_VIRTUAL_INITIAL_QC,76251,165,0,WITHIN_3S_ADVISORY,64,PUBLISHER_CONSUMPTION_CONTRACT,0,1,UNASSIGNED,0,0,0.0,UNKNOWN,UNKNOWN,
sub-041_ses-varyingStories03_task-listeningActive_run-05_eeg.bdf.gz,/home/fanyu/auditory_simulation_m6a/pub_01/s06/sparrkulee_v3.1/raw/derivatives/preprocessed_eeg/sub-041/ses-varyingStories03/sub-041_ses-varyingStories03_task-listeningActive_run-05_desc-preproc-audio-podcast_10_eeg.npy,/home/fanyu/auditory_simulation_m6a/pub_01/s06/sparrkulee_v3.1/raw/derivatives/preprocessed_stimuli/podcast_10_envelope.npy,sub-041_ses-varyingStories03_task-listeningActive_run-05_eeg.bdf.gz,sub-041,ses-varyingStories03,podcast_10,PASS_VIRTUAL_INITIAL_QC,53461,171,0,WITHIN_3S_ADVISORY,64,PUBLISHER_CONSUMPTION_CONTRACT,0,1,UNASSIGNED,0,0,0.0,UNKNOWN,UNKNOWN,
sub-041_ses-varyingStories03_task-listeningActive_run-06_eeg.bdf.gz,/home/fanyu/auditory_simulation_m6a/pub_01/s06/sparrkulee_v3.1/raw/derivatives/preprocessed_eeg/sub-041/ses-varyingStories03/sub-041_ses-varyingStories03_task-listeningActive_run-06_desc-preproc-audio-audiobook_9_1_eeg.npy,/home/fanyu/auditory_simulation_m6a/pub_01/s06/sparrkulee_v3.1/raw/derivatives/preprocessed_stimuli/audiobook_9_1_envelope.npy,sub-041_ses-varyingStories03_task-listeningActive_run-06_eeg.bdf.gz,sub-041,ses-varyingStories03,audiobook_9_1,PASS_VIRTUAL_INITIAL_QC,41409,127,0,WITHIN_3S_ADVISORY,64,PUBLISHER_CONSUMPTION_CONTRACT,0,1,UNASSIGNED,0,0,0.0,UNKNOWN,UNKNOWN,
sub-041_ses-varyingStories03_task-listeningActive_run-07_eeg.bdf.gz,/home/fanyu/auditory_simulation_m6a/pub_01/s06/sparrkulee_v3.1/raw/derivatives/preprocessed_eeg/sub-041/ses-varyingStories03/sub-041_ses-varyingStories03_task-listeningActive_run-07_desc-preproc-audio-audiobook_9_2_eeg.npy,/home/fanyu/auditory_simulation_m6a/pub_01/s06/sparrkulee_v3.1/raw/derivatives/preprocessed_stimuli/audiobook_9_2_envelope.npy,sub-041_ses-varyingStories03_task-listeningActive_run-07_eeg.bdf.gz,sub-041,ses-varyingStories03,audiobook_9_2,PASS_VIRTUAL_INITIAL_QC,56385,127,0,WITHIN_3S_ADVISORY,64,PUBLISHER_CONSUMPTION_CONTRACT,0,1,UNASSIGNED,0,0,0.0,UNKNOWN,UNKNOWN,
sub-041_ses-varyingStories03_task-listeningActive_run-09_eeg.bdf.gz,/home/fanyu/auditory_simulation_m6a/pub_01/s06/sparrkulee_v3.1/raw/derivatives/preprocessed_eeg/sub-041/ses-varyingStories03/sub-041_ses-varyingStories03_task-listeningActive_run-09_desc-preproc-audio-audiobook_1_eeg.npy,/home/fanyu/auditory_simulation_m6a/pub_01/s06/sparrkulee_v3.1/raw/derivatives/preprocessed_stimuli/audiobook_1_envelope.npy,sub-041_ses-varyingStories03_task-listeningActive_run-09_eeg.bdf.gz,sub-041,ses-varyingStories03,audiobook_1,PASS_VIRTUAL_INITIAL_QC,59958,138,0,WITHIN_3S_ADVISORY,64,PUBLISHER_CONSUMPTION_CONTRACT,0,1,UNASSIGNED,0,0,0.0,UNKNOWN,UNKNOWN,
sub-042_ses-varyingStories03_task-listeningActive_run-01_eeg.bdf.gz,/home/fanyu/auditory_simulation_m6a/pub_01/s06/sparrkulee_v3.1/raw/derivatives/preprocessed_eeg/sub-042/ses-varyingStories03/sub-042_ses-varyingStories03_task-listeningActive_run-01_desc-preproc-audio-audiobook_1_eeg.npy,/home/fanyu/auditory_simulation_m6a/pub_01/s06/sparrkulee_v3.1/raw/derivatives/preprocessed_stimuli/audiobook_1_envelope.npy,sub-042_ses-varyingStories03_task-listeningActive_run-01_eeg.bdf.gz,sub-042,ses-varyingStories03,audiobook_1,PASS_VIRTUAL_INITIAL_QC,59958,138,0,WITHIN_3S_ADVISORY,64,PUBLISHER_CONSUMPTION_CONTRACT,0,1,UNASSIGNED,0,0,0.0,UNKNOWN,UNKNOWN,
sub-042_ses-varyingStories03_task-listeningActive_run-02_eeg.bdf.gz,/home/fanyu/auditory_simulation_m6a/pub_01/s06/sparrkulee_v3.1/raw/derivatives/preprocessed_eeg/sub-042/ses-varyingStories03/sub-042_ses-varyingStories03_task-listeningActive_run-02_desc-preproc-audio-audiobook_9_1_eeg.npy,/home/fanyu/auditory_simulation_m6a/pub_01/s06/sparrkulee_v3.1/raw/derivatives/preprocessed_stimuli/audiobook_9_1_envelope.npy,sub-042_ses-varyingStories03_task-listeningActive_run-02_eeg.bdf.gz,sub-042,ses-varyingStories03,audiobook_9_1,PASS_VIRTUAL_INITIAL_QC,41409,127,0,WITHIN_3S_ADVISORY,64,PUBLISHER_CONSUMPTION_CONTRACT,0,1,UNASSIGNED,0,0,0.0,UNKNOWN,UNKNOWN,
sub-042_ses-varyingStories03_task-listeningActive_run-03_eeg.bdf.gz,/home/fanyu/auditory_simulation_m6a/pub_01/s06/sparrkulee_v3.1/raw/derivatives/preprocessed_eeg/sub-042/ses-varyingStories03/sub-042_ses-varyingStories03_task-listeningActive_run-03_desc-preproc-audio-audiobook_9_2_eeg.npy,/home/fanyu/auditory_simulation_m6a/pub_01/s06/sparrkulee_v3.1/raw/derivatives/preprocessed_stimuli/audiobook_9_2_envelope.npy,sub-042_ses-varyingStories03_task-listeningActive_run-03_eeg.bdf.gz,sub-042,ses-varyingStories03,audiobook_9_2,PASS_VIRTUAL_INITIAL_QC,56385,127,0,WITHIN_3S_ADVISORY,64,PUBLISHER_CONSUMPTION_CONTRACT,0,1,UNASSIGNED,0,0,0.0,UNKNOWN,UNKNOWN,
sub-042_ses-varyingStories03_task-listeningActive_run-05_eeg.bdf.gz,/home/fanyu/auditory_simulation_m6a/pub_01/s06/sparrkulee_v3.1/raw/derivatives/preprocessed_eeg/sub-042/ses-varyingStories03/sub-042_ses-varyingStories03_task-listeningActive_run-05_desc-preproc-audio-podcast_9_eeg.npy,/home/fanyu/auditory_simulation_m6a/pub_01/s06/sparrkulee_v3.1/raw/derivatives/preprocessed_stimuli/podcast_9_envelope.npy,sub-042_ses-varyingStories03_task-listeningActive_run-05_eeg.bdf.gz,sub-042,ses-varyingStories03,podcast_9,PASS_VIRTUAL_INITIAL_QC,76251,165,0,WITHIN_3S_ADVISORY,64,PUBLISHER_CONSUMPTION_CONTRACT,0,1,UNASSIGNED,0,0,0.0,UNKNOWN,UNKNOWN,
sub-042_ses-varyingStories03_task-listeningActive_run-07_eeg.bdf.gz,/home/fanyu/auditory_simulation_m6a/pub_01/s06/sparrkulee_v3.1/raw/derivatives/preprocessed_eeg/sub-042/ses-varyingStories03/sub-042_ses-varyingStories03_task-listeningActive_run-07_desc-preproc-audio-podcast_12_eeg.npy,/home/fanyu/auditory_simulation_m6a/pub_01/s06/sparrkulee_v3.1/raw/derivatives/preprocessed_stimuli/podcast_12_envelope.npy,sub-042_ses-varyingStories03_task-listeningActive_run-07_eeg.bdf.gz,sub-042,ses-varyingStories03,podcast_12,PASS_VIRTUAL_INITIAL_QC,67339,181,0,WITHIN_3S_ADVISORY,64,PUBLISHER_CONSUMPTION_CONTRACT,0,1,UNASSIGNED,0,0,0.0,UNKNOWN,UNKNOWN,
sub-042_ses-varyingStories03_task-listeningActive_run-08_eeg.bdf.gz,/home/fanyu/auditory_simulation_m6a/pub_01/s06/sparrkulee_v3.1/raw/derivatives/preprocessed_eeg/sub-042/ses-varyingStories03/sub-042_ses-varyingStories03_task-listeningActive_run-08_desc-preproc-audio-podcast_10_eeg.npy,/home/fanyu/auditory_simulation_m6a/pub_01/s06/sparrkulee_v3.1/raw/derivatives/preprocessed_stimuli/podcast_10_envelope.npy,sub-042_ses-varyingStories03_task-listeningActive_run-08_eeg.bdf.gz,sub-042,ses-varyingStories03,podcast_10,PASS_VIRTUAL_INITIAL_QC,53461,171,0,WITHIN_3S_ADVISORY,64,PUBLISHER_CONSUMPTION_CONTRACT,0,1,UNASSIGNED,0,0,0.0,UNKNOWN,UNKNOWN,
sub-042_ses-varyingStories03_task-listeningActive_run-09_eeg.bdf.gz,/home/fanyu/auditory_simulation_m6a/pub_01/s06/sparrkulee_v3.1/raw/derivatives/preprocessed_eeg/sub-042/ses-varyingStories03/sub-042_ses-varyingStories03_task-listeningActive_run-09_desc-preproc-audio-podcast_11_eeg.npy,/home/fanyu/auditory_simulation_m6a/pub_01/s06/sparrkulee_v3.1/raw/derivatives/preprocessed_stimuli/podcast_11_envelope.npy,sub-042_ses-varyingStories03_task-listeningActive_run-09_eeg.bdf.gz,sub-042,ses-varyingStories03,podcast_11,PASS_VIRTUAL_INITIAL_QC,57601,127,0,WITHIN_3S_ADVISORY,64,PUBLISHER_CONSUMPTION_CONTRACT,0,1,UNASSIGNED,0,0,0.0,UNKNOWN,UNKNOWN,
sub-043_ses-varyingStories04_task-listeningActive_run-02_eeg.bdf.gz,/home/fanyu/auditory_simulation_m6a/pub_01/s06/sparrkulee_v3.1/raw/derivatives/preprocessed_eeg/sub-043/ses-varyingStories04/sub-043_ses-varyingStories04_task-listeningActive_run-02_desc-preproc-audio-podcast_13_eeg.npy,/home/fanyu/auditory_simulation_m6a/pub_01/s06/sparrkulee_v3.1/raw/derivatives/preprocessed_stimuli/podcast_13_envelope.npy,sub-043_ses-varyingStories04_task-listeningActive_run-02_eeg.bdf.gz,sub-043,ses-varyingStories04,podcast_13,PASS_VIRTUAL_INITIAL_QC,45024,160,0,WITHIN_3S_ADVISORY,64,PUBLISHER_CONSUMPTION_CONTRACT,0,1,UNASSIGNED,0,0,0.0,UNKNOWN,UNKNOWN,
sub-043_ses-varyingStories04_task-listeningActive_run-03_eeg.bdf.gz,/home/fanyu/auditory_simulation_m6a/pub_01/s06/sparrkulee_v3.1/raw/derivatives/preprocessed_eeg/sub-043/ses-varyingStories04/sub-043_ses-varyingStories04_task-listeningActive_run-03_desc-preproc-audio-podcast_14_eeg.npy,/home/fanyu/auditory_simulation_m6a/pub_01/s06/sparrkulee_v3.1/raw/derivatives/preprocessed_stimuli/podcast_14_envelope.npy,sub-043_ses-varyingStories04_task-listeningActive_run-03_eeg.bdf.gz,sub-043,ses-varyingStories04,podcast_14,PASS_VIRTUAL_INITIAL_QC,64377,135,0,WITHIN_3S_ADVISORY,64,PUBLISHER_CONSUMPTION_CONTRACT,0,1,UNASSIGNED,0,0,0.0,UNKNOWN,UNKNOWN,
sub-043_ses-varyingStories04_task-listeningActive_run-04_eeg.bdf.gz,/home/fanyu/auditory_simulation_m6a/pub_01/s06/sparrkulee_v3.1/raw/derivatives/preprocessed_eeg/sub-043/ses-varyingStories04/sub-043_ses-varyingStories04_task-listeningActive_run-04_desc-preproc-audio-audiobook_1_eeg.npy,/home/fanyu/auditory_simulation_m6a/pub_01/s06/sparrkulee_v3.1/raw/derivatives/preprocessed_stimuli/audiobook_1_envelope.npy,sub-043_ses-varyingStories04_task-listeningActive_run-04_eeg.bdf.gz,sub-043,ses-varyingStories04,audiobook_1,PASS_VIRTUAL_INITIAL_QC,59958,138,0,WITHIN_3S_ADVISORY,64,PUBLISHER_CONSUMPTION_CONTRACT,0,1,UNASSIGNED,0,0,0.0,UNKNOWN,UNKNOWN,
sub-043_ses-varyingStories04_task-listeningActive_run-05_eeg.bdf.gz,/home/fanyu/auditory_simulation_m6a/pub_01/s06/sparrkulee_v3.1/raw/derivatives/preprocessed_eeg/sub-043/ses-varyingStories04/sub-043_ses-varyingStories04_task-listeningActive_run-05_desc-preproc-audio-audiobook_10_1_eeg.npy,/home/fanyu/auditory_simulation_m6a/pub_01/s06/sparrkulee_v3.1/raw/derivatives/preprocessed_stimuli/audiobook_10_1_envelope.npy,sub-043_ses-varyingStories04_task-listeningActive_run-05_eeg.bdf.gz,sub-043,ses-varyingStories04,audiobook_10_1,PASS_VIRTUAL_INITIAL_QC,39391,161,0,WITHIN_3S_ADVISORY,64,PUBLISHER_CONSUMPTION_CONTRACT,0,1,UNASSIGNED,0,0,0.0,UNKNOWN,UNKNOWN,
sub-043_ses-varyingStories04_task-listeningActive_run-06_eeg.bdf.gz,/home/fanyu/auditory_simulation_m6a/pub_01/s06/sparrkulee_v3.1/raw/derivatives/preprocessed_eeg/sub-043/ses-varyingStories04/sub-043_ses-varyingStories04_task-listeningActive_run-06_desc-preproc-audio-audiobook_10_2_eeg.npy,/home/fanyu/auditory_simulation_m6a/pub_01/s06/sparrkulee_v3.1/raw/derivatives/preprocessed_stimuli/audiobook_10_2_envelope.npy,sub-043_ses-varyingStories04_task-listeningActive_run-06_eeg.bdf.gz,sub-043,ses-varyingStories04,audiobook_10_2,PASS_VIRTUAL_INITIAL_QC,41695,161,0,WITHIN_3S_ADVISORY,64,PUBLISHER_CONSUMPTION_CONTRACT,0,1,UNASSIGNED,0,0,0.0,UNKNOWN,UNKNOWN,
sub-043_ses-varyingStories04_task-listeningActive_run-07_eeg.bdf.gz,/home/fanyu/auditory_simulation_m6a/pub_01/s06/sparrkulee_v3.1/raw/derivatives/preprocessed_eeg/sub-043/ses-varyingStories04/sub-043_ses-varyingStories04_task-listeningActive_run-07_desc-preproc-audio-podcast_15_eeg.npy,/home/fanyu/auditory_simulation_m6a/pub_01/s06/sparrkulee_v3.1/raw/derivatives/preprocessed_stimuli/podcast_15_envelope.npy,sub-043_ses-varyingStories04_task-listeningActive_run-07_eeg.bdf.gz,sub-043,ses-varyingStories04,podcast_15,PASS_VIRTUAL_INITIAL_QC,58993,143,0,WITHIN_3S_ADVISORY,64,PUBLISHER_CONSUMPTION_CONTRACT,0,1,UNASSIGNED,0,0,0.0,UNKNOWN,UNKNOWN,
sub-043_ses-varyingStories04_task-listeningActive_run-09_eeg.bdf.gz,/home/fanyu/auditory_simulation_m6a/pub_01/s06/sparrkulee_v3.1/raw/derivatives/preprocessed_eeg/sub-043/ses-varyingStories04/sub-043_ses-varyingStories04_task-listeningActive_run-09_desc-preproc-audio-podcast_10_eeg.npy,/home/fanyu/auditory_simulation_m6a/pub_01/s06/sparrkulee_v3.1/raw/derivatives/preprocessed_stimuli/podcast_10_envelope.npy,sub-043_ses-varyingStories04_task-listeningActive_run-09_eeg.bdf.gz,sub-043,ses-varyingStories04,podcast_10,PASS_VIRTUAL_INITIAL_QC,53461,171,0,WITHIN_3S_ADVISORY,64,PUBLISHER_CONSUMPTION_CONTRACT,0,1,UNASSIGNED,0,0,0.0,UNKNOWN,UNKNOWN,
sub-044_ses-varyingStories04_task-listeningActive_run-02_eeg.bdf.gz,/home/fanyu/auditory_simulation_m6a/pub_01/s06/sparrkulee_v3.1/raw/derivatives/preprocessed_eeg/sub-044/ses-varyingStories04/sub-044_ses-varyingStories04_task-listeningActive_run-02_desc-preproc-audio-podcast_13_eeg.npy,/home/fanyu/auditory_simulation_m6a/pub_01/s06/sparrkulee_v3.1/raw/derivatives/preprocessed_stimuli/podcast_13_envelope.npy,sub-044_ses-varyingStories04_task-listeningActive_run-02_eeg.bdf.gz,sub-044,ses-varyingStories04,podcast_13,PASS_VIRTUAL_INITIAL_QC,45024,160,0,WITHIN_3S_ADVISORY,64,PUBLISHER_CONSUMPTION_CONTRACT,0,1,UNASSIGNED,0,0,0.0,UNKNOWN,UNKNOWN,
sub-044_ses-varyingStories04_task-listeningActive_run-03_eeg.bdf.gz,/home/fanyu/auditory_simulation_m6a/pub_01/s06/sparrkulee_v3.1/raw/derivatives/preprocessed_eeg/sub-044/ses-varyingStories04/sub-044_ses-varyingStories04_task-listeningActive_run-03_desc-preproc-audio-audiobook_1_eeg.npy,/home/fanyu/auditory_simulation_m6a/pub_01/s06/sparrkulee_v3.1/raw/derivatives/preprocessed_stimuli/audiobook_1_envelope.npy,sub-044_ses-varyingStories04_task-listeningActive_run-03_eeg.bdf.gz,sub-044,ses-varyingStories04,audiobook_1,PASS_VIRTUAL_INITIAL_QC,59958,138,0,WITHIN_3S_ADVISORY,64,PUBLISHER_CONSUMPTION_CONTRACT,0,1,UNASSIGNED,0,0,0.0,UNKNOWN,UNKNOWN,
sub-044_ses-varyingStories04_task-listeningActive_run-04_eeg.bdf.gz,/home/fanyu/auditory_simulation_m6a/pub_01/s06/sparrkulee_v3.1/raw/derivatives/preprocessed_eeg/sub-044/ses-varyingStories04/sub-044_ses-varyingStories04_task-listeningActive_run-04_desc-preproc-audio-audiobook_10_1_eeg.npy,/home/fanyu/auditory_simulation_m6a/pub_01/s06/sparrkulee_v3.1/raw/derivatives/preprocessed_stimuli/audiobook_10_1_envelope.npy,sub-044_ses-varyingStories04_task-listeningActive_run-04_eeg.bdf.gz,sub-044,ses-varyingStories04,audiobook_10_1,PASS_VIRTUAL_INITIAL_QC,39391,161,0,WITHIN_3S_ADVISORY,64,PUBLISHER_CONSUMPTION_CONTRACT,0,1,UNASSIGNED,0,0,0.0,UNKNOWN,UNKNOWN,
sub-044_ses-varyingStories04_task-listeningActive_run-05_eeg.bdf.gz,/home/fanyu/auditory_simulation_m6a/pub_01/s06/sparrkulee_v3.1/raw/derivatives/preprocessed_eeg/sub-044/ses-varyingStories04/sub-044_ses-varyingStories04_task-listeningActive_run-05_desc-preproc-audio-audiobook_10_2_eeg.npy,/home/fanyu/auditory_simulation_m6a/pub_01/s06/sparrkulee_v3.1/raw/derivatives/preprocessed_stimuli/audiobook_10_2_envelope.npy,sub-044_ses-varyingStories04_task-listeningActive_run-05_eeg.bdf.gz,sub-044,ses-varyingStories04,audiobook_10_2,PASS_VIRTUAL_INITIAL_QC,41695,161,0,WITHIN_3S_ADVISORY,64,PUBLISHER_CONSUMPTION_CONTRACT,0,1,UNASSIGNED,0,0,0.0,UNKNOWN,UNKNOWN,
sub-044_ses-varyingStories04_task-listeningActive_run-06_eeg.bdf.gz,/home/fanyu/auditory_simulation_m6a/pub_01/s06/sparrkulee_v3.1/raw/derivatives/preprocessed_eeg/sub-044/ses-varyingStories04/sub-044_ses-varyingStories04_task-listeningActive_run-06_desc-preproc-audio-podcast_14_eeg.npy,/home/fanyu/auditory_simulation_m6a/pub_01/s06/sparrkulee_v3.1/raw/derivatives/preprocessed_stimuli/podcast_14_envelope.npy,sub-044_ses-varyingStories04_task-listeningActive_run-06_eeg.bdf.gz,sub-044,ses-varyingStories04,podcast_14,PASS_VIRTUAL_INITIAL_QC,64377,135,0,WITHIN_3S_ADVISORY,64,PUBLISHER_CONSUMPTION_CONTRACT,0,1,UNASSIGNED,0,0,0.0,UNKNOWN,UNKNOWN,
sub-044_ses-varyingStories04_task-listeningActive_run-08_eeg.bdf.gz,/home/fanyu/auditory_simulation_m6a/pub_01/s06/sparrkulee_v3.1/raw/derivatives/preprocessed_eeg/sub-044/ses-varyingStories04/sub-044_ses-varyingStories04_task-listeningActive_run-08_desc-preproc-audio-podcast_15_eeg.npy,/home/fanyu/auditory_simulation_m6a/pub_01/s06/sparrkulee_v3.1/raw/derivatives/preprocessed_stimuli/podcast_15_envelope.npy,sub-044_ses-varyingStories04_task-listeningActive_run-08_eeg.bdf.gz,sub-044,ses-varyingStories04,podcast_15,PASS_VIRTUAL_INITIAL_QC,58993,143,0,WITHIN_3S_ADVISORY,64,PUBLISHER_CONSUMPTION_CONTRACT,0,1,UNASSIGNED,0,0,0.0,UNKNOWN,UNKNOWN,
sub-044_ses-varyingStories04_task-listeningActive_run-09_eeg.bdf.gz,/home/fanyu/auditory_simulation_m6a/pub_01/s06/sparrkulee_v3.1/raw/derivatives/preprocessed_eeg/sub-044/ses-varyingStories04/sub-044_ses-varyingStories04_task-listeningActive_run-09_desc-preproc-audio-podcast_10_eeg.npy,/home/fanyu/auditory_simulation_m6a/pub_01/s06/sparrkulee_v3.1/raw/derivatives/preprocessed_stimuli/podcast_10_envelope.npy,sub-044_ses-varyingStories04_task-listeningActive_run-09_eeg.bdf.gz,sub-044,ses-varyingStories04,podcast_10,PASS_VIRTUAL_INITIAL_QC,53461,171,0,WITHIN_3S_ADVISORY,64,PUBLISHER_CONSUMPTION_CONTRACT,0,1,UNASSIGNED,0,0,0.0,UNKNOWN,UNKNOWN,
sub-045_ses-varyingStories04_task-listeningActive_run-01_eeg.bdf.gz,/home/fanyu/auditory_simulation_m6a/pub_01/s06/sparrkulee_v3.1/raw/derivatives/preprocessed_eeg/sub-045/ses-varyingStories04/sub-045_ses-varyingStories04_task-listeningActive_run-01_desc-preproc-audio-audiobook_10_1_eeg.npy,/home/fanyu/auditory_simulation_m6a/pub_01/s06/sparrkulee_v3.1/raw/derivatives/preprocessed_stimuli/audiobook_10_1_envelope.npy,sub-045_ses-varyingStories04_task-listeningActive_run-01_eeg.bdf.gz,sub-045,ses-varyingStories04,audiobook_10_1,PASS_VIRTUAL_INITIAL_QC,39391,161,0,WITHIN_3S_ADVISORY,64,PUBLISHER_CONSUMPTION_CONTRACT,0,1,UNASSIGNED,0,0,0.0,UNKNOWN,UNKNOWN,
sub-045_ses-varyingStories04_task-listeningActive_run-02_eeg.bdf.gz,/home/fanyu/auditory_simulation_m6a/pub_01/s06/sparrkulee_v3.1/raw/derivatives/preprocessed_eeg/sub-045/ses-varyingStories04/sub-045_ses-varyingStories04_task-listeningActive_run-02_desc-preproc-audio-audiobook_10_2_eeg.npy,/home/fanyu/auditory_simulation_m6a/pub_01/s06/sparrkulee_v3.1/raw/derivatives/preprocessed_stimuli/audiobook_10_2_envelope.npy,sub-045_ses-varyingStories04_task-listeningActive_run-02_eeg.bdf.gz,sub-045,ses-varyingStories04,audiobook_10_2,PASS_VIRTUAL_INITIAL_QC,41695,161,0,WITHIN_3S_ADVISORY,64,PUBLISHER_CONSUMPTION_CONTRACT,0,1,UNASSIGNED,0,0,0.0,UNKNOWN,UNKNOWN,
sub-045_ses-varyingStories04_task-listeningActive_run-04_eeg.bdf.gz,/home/fanyu/auditory_simulation_m6a/pub_01/s06/sparrkulee_v3.1/raw/derivatives/preprocessed_eeg/sub-045/ses-varyingStories04/sub-045_ses-varyingStories04_task-listeningActive_run-04_desc-preproc-audio-podcast_13_eeg.npy,/home/fanyu/auditory_simulation_m6a/pub_01/s06/sparrkulee_v3.1/raw/derivatives/preprocessed_stimuli/podcast_13_envelope.npy,sub-045_ses-varyingStories04_task-listeningActive_run-04_eeg.bdf.gz,sub-045,ses-varyingStories04,podcast_13,PASS_VIRTUAL_INITIAL_QC,45024,160,0,WITHIN_3S_ADVISORY,64,PUBLISHER_CONSUMPTION_CONTRACT,0,1,UNASSIGNED,0,0,0.0,UNKNOWN,UNKNOWN,
sub-045_ses-varyingStories04_task-listeningActive_run-05_eeg.bdf.gz,/home/fanyu/auditory_simulation_m6a/pub_01/s06/sparrkulee_v3.1/raw/derivatives/preprocessed_eeg/sub-045/ses-varyingStories04/sub-045_ses-varyingStories04_task-listeningActive_run-05_desc-preproc-audio-podcast_10_eeg.npy,/home/fanyu/auditory_simulation_m6a/pub_01/s06/sparrkulee_v3.1/raw/derivatives/preprocessed_stimuli/podcast_10_envelope.npy,sub-045_ses-varyingStories04_task-listeningActive_run-05_eeg.bdf.gz,sub-045,ses-varyingStories04,podcast_10,PASS_VIRTUAL_INITIAL_QC,53461,171,0,WITHIN_3S_ADVISORY,64,PUBLISHER_CONSUMPTION_CONTRACT,0,1,UNASSIGNED,0,0,0.0,UNKNOWN,UNKNOWN,
sub-045_ses-varyingStories04_task-listeningActive_run-06_eeg.bdf.gz,/home/fanyu/auditory_simulation_m6a/pub_01/s06/sparrkulee_v3.1/raw/derivatives/preprocessed_eeg/sub-045/ses-varyingStories04/sub-045_ses-varyingStories04_task-listeningActive_run-06_desc-preproc-audio-podcast_14_eeg.npy,/home/fanyu/auditory_simulation_m6a/pub_01/s06/sparrkulee_v3.1/raw/derivatives/preprocessed_stimuli/podcast_14_envelope.npy,sub-045_ses-varyingStories04_task-listeningActive_run-06_eeg.bdf.gz,sub-045,ses-varyingStories04,podcast_14,PASS_VIRTUAL_INITIAL_QC,64377,135,0,WITHIN_3S_ADVISORY,64,PUBLISHER_CONSUMPTION_CONTRACT,0,1,UNASSIGNED,0,0,0.0,UNKNOWN,UNKNOWN,
sub-045_ses-varyingStories04_task-listeningActive_run-07_eeg.bdf.gz,/home/fanyu/auditory_simulation_m6a/pub_01/s06/sparrkulee_v3.1/raw/derivatives/preprocessed_eeg/sub-045/ses-varyingStories04/sub-045_ses-varyingStories04_task-listeningActive_run-07_desc-preproc-audio-audiobook_1_eeg.npy,/home/fanyu/auditory_simulation_m6a/pub_01/s06/sparrkulee_v3.1/raw/derivatives/preprocessed_stimuli/audiobook_1_envelope.npy,sub-045_ses-varyingStories04_task-listeningActive_run-07_eeg.bdf.gz,sub-045,ses-varyingStories04,audiobook_1,PASS_VIRTUAL_INITIAL_QC,59958,138,0,WITHIN_3S_ADVISORY,64,PUBLISHER_CONSUMPTION_CONTRACT,0,1,UNASSIGNED,0,0,0.0,UNKNOWN,UNKNOWN,
sub-045_ses-varyingStories04_task-listeningActive_run-08_eeg.bdf.gz,/home/fanyu/auditory_simulation_m6a/pub_01/s06/sparrkulee_v3.1/raw/derivatives/preprocessed_eeg/sub-045/ses-varyingStories04/sub-045_ses-varyingStories04_task-listeningActive_run-08_desc-preproc-audio-podcast_15_eeg.npy,/home/fanyu/auditory_simulation_m6a/pub_01/s06/sparrkulee_v3.1/raw/derivatives/preprocessed_stimuli/podcast_15_envelope.npy,sub-045_ses-varyingStories04_task-listeningActive_run-08_eeg.bdf.gz,sub-045,ses-varyingStories04,podcast_15,PASS_VIRTUAL_INITIAL_QC,58993,143,0,WITHIN_3S_ADVISORY,64,PUBLISHER_CONSUMPTION_CONTRACT,0,1,UNASSIGNED,0,0,0.0,UNKNOWN,UNKNOWN,
sub-046_ses-varyingStories04_task-listeningActive_run-01_eeg.bdf.gz,/home/fanyu/auditory_simulation_m6a/pub_01/s06/sparrkulee_v3.1/raw/derivatives/preprocessed_eeg/sub-046/ses-varyingStories04/sub-046_ses-varyingStories04_task-listeningActive_run-01_desc-preproc-audio-podcast_13_eeg.npy,/home/fanyu/auditory_simulation_m6a/pub_01/s06/sparrkulee_v3.1/raw/derivatives/preprocessed_stimuli/podcast_13_envelope.npy,sub-046_ses-varyingStories04_task-listeningActive_run-01_eeg.bdf.gz,sub-046,ses-varyingStories04,podcast_13,PASS_VIRTUAL_INITIAL_QC,45024,160,0,WITHIN_3S_ADVISORY,64,PUBLISHER_CONSUMPTION_CONTRACT,0,1,UNASSIGNED,0,0,0.0,UNKNOWN,UNKNOWN,
sub-046_ses-varyingStories04_task-listeningActive_run-02_eeg.bdf.gz,/home/fanyu/auditory_simulation_m6a/pub_01/s06/sparrkulee_v3.1/raw/derivatives/preprocessed_eeg/sub-046/ses-varyingStories04/sub-046_ses-varyingStories04_task-listeningActive_run-02_desc-preproc-audio-podcast_10_eeg.npy,/home/fanyu/auditory_simulation_m6a/pub_01/s06/sparrkulee_v3.1/raw/derivatives/preprocessed_stimuli/podcast_10_envelope.npy,sub-046_ses-varyingStories04_task-listeningActive_run-02_eeg.bdf.gz,sub-046,ses-varyingStories04,podcast_10,PASS_VIRTUAL_INITIAL_QC,53461,171,0,WITHIN_3S_ADVISORY,64,PUBLISHER_CONSUMPTION_CONTRACT,0,1,UNASSIGNED,0,0,0.0,UNKNOWN,UNKNOWN,
sub-046_ses-varyingStories04_task-listeningActive_run-04_eeg.bdf.gz,/home/fanyu/auditory_simulation_m6a/pub_01/s06/sparrkulee_v3.1/raw/derivatives/preprocessed_eeg/sub-046/ses-varyingStories04/sub-046_ses-varyingStories04_task-listeningActive_run-04_desc-preproc-audio-podcast_14_eeg.npy,/home/fanyu/auditory_simulation_m6a/pub_01/s06/sparrkulee_v3.1/raw/derivatives/preprocessed_stimuli/podcast_14_envelope.npy,sub-046_ses-varyingStories04_task-listeningActive_run-04_eeg.bdf.gz,sub-046,ses-varyingStories04,podcast_14,PASS_VIRTUAL_INITIAL_QC,64377,135,0,WITHIN_3S_ADVISORY,64,PUBLISHER_CONSUMPTION_CONTRACT,0,1,UNASSIGNED,0,0,0.0,UNKNOWN,UNKNOWN,
sub-046_ses-varyingStories04_task-listeningActive_run-06_eeg.bdf.gz,/home/fanyu/auditory_simulation_m6a/pub_01/s06/sparrkulee_v3.1/raw/derivatives/preprocessed_eeg/sub-046/ses-varyingStories04/sub-046_ses-varyingStories04_task-listeningActive_run-06_desc-preproc-audio-audiobook_10_1_eeg.npy,/home/fanyu/auditory_simulation_m6a/pub_01/s06/sparrkulee_v3.1/raw/derivatives/preprocessed_stimuli/audiobook_10_1_envelope.npy,sub-046_ses-varyingStories04_task-listeningActive_run-06_eeg.bdf.gz,sub-046,ses-varyingStories04,audiobook_10_1,PASS_VIRTUAL_INITIAL_QC,39391,161,0,WITHIN_3S_ADVISORY,64,PUBLISHER_CONSUMPTION_CONTRACT,0,1,UNASSIGNED,0,0,0.0,UNKNOWN,UNKNOWN,
sub-046_ses-varyingStories04_task-listeningActive_run-07_eeg.bdf.gz,/home/fanyu/auditory_simulation_m6a/pub_01/s06/sparrkulee_v3.1/raw/derivatives/preprocessed_eeg/sub-046/ses-varyingStories04/sub-046_ses-varyingStories04_task-listeningActive_run-07_desc-preproc-audio-audiobook_10_2_eeg.npy,/home/fanyu/auditory_simulation_m6a/pub_01/s06/sparrkulee_v3.1/raw/derivatives/preprocessed_stimuli/audiobook_10_2_envelope.npy,sub-046_ses-varyingStories04_task-listeningActive_run-07_eeg.bdf.gz,sub-046,ses-varyingStories04,audiobook_10_2,PASS_VIRTUAL_INITIAL_QC,41695,161,0,WITHIN_3S_ADVISORY,64,PUBLISHER_CONSUMPTION_CONTRACT,0,1,UNASSIGNED,0,0,0.0,UNKNOWN,UNKNOWN,
sub-046_ses-varyingStories04_task-listeningActive_run-08_eeg.bdf.gz,/home/fanyu/auditory_simulation_m6a/pub_01/s06/sparrkulee_v3.1/raw/derivatives/preprocessed_eeg/sub-046/ses-varyingStories04/sub-046_ses-varyingStories04_task-listeningActive_run-08_desc-preproc-audio-audiobook_1_eeg.npy,/home/fanyu/auditory_simulation_m6a/pub_01/s06/sparrkulee_v3.1/raw/derivatives/preprocessed_stimuli/audiobook_1_envelope.npy,sub-046_ses-varyingStories04_task-listeningActive_run-08_eeg.bdf.gz,sub-046,ses-varyingStories04,audiobook_1,PASS_VIRTUAL_INITIAL_QC,59958,138,0,WITHIN_3S_ADVISORY,64,PUBLISHER_CONSUMPTION_CONTRACT,0,1,UNASSIGNED,0,0,0.0,UNKNOWN,UNKNOWN,
sub-046_ses-varyingStories04_task-listeningActive_run-09_eeg.bdf.gz,/home/fanyu/auditory_simulation_m6a/pub_01/s06/sparrkulee_v3.1/raw/derivatives/preprocessed_eeg/sub-046/ses-varyingStories04/sub-046_ses-varyingStories04_task-listeningActive_run-09_desc-preproc-audio-podcast_15_eeg.npy,/home/fanyu/auditory_simulation_m6a/pub_01/s06/sparrkulee_v3.1/raw/derivatives/preprocessed_stimuli/podcast_15_envelope.npy,sub-046_ses-varyingStories04_task-listeningActive_run-09_eeg.bdf.gz,sub-046,ses-varyingStories04,podcast_15,PASS_VIRTUAL_INITIAL_QC,58993,143,0,WITHIN_3S_ADVISORY,64,PUBLISHER_CONSUMPTION_CONTRACT,0,1,UNASSIGNED,0,0,0.0,UNKNOWN,UNKNOWN,
sub-047_ses-varyingStories05_task-listeningActive_run-01_eeg.bdf.gz,/home/fanyu/auditory_simulation_m6a/pub_01/s06/sparrkulee_v3.1/raw/derivatives/preprocessed_eeg/sub-047/ses-varyingStories05/sub-047_ses-varyingStories05_task-listeningActive_run-01_desc-preproc-audio-audiobook_1_eeg.npy,/home/fanyu/auditory_simulation_m6a/pub_01/s06/sparrkulee_v3.1/raw/derivatives/preprocessed_stimuli/audiobook_1_envelope.npy,sub-047_ses-varyingStories05_task-listeningActive_run-01_eeg.bdf.gz,sub-047,ses-varyingStories05,audiobook_1,PASS_VIRTUAL_INITIAL_QC,59958,138,0,WITHIN_3S_ADVISORY,64,PUBLISHER_CONSUMPTION_CONTRACT,0,1,UNASSIGNED,0,0,0.0,UNKNOWN,UNKNOWN,
sub-047_ses-varyingStories05_task-listeningActive_run-03_eeg.bdf.gz,/home/fanyu/auditory_simulation_m6a/pub_01/s06/sparrkulee_v3.1/raw/derivatives/preprocessed_eeg/sub-047/ses-varyingStories05/sub-047_ses-varyingStories05_task-listeningActive_run-03_desc-preproc-audio-podcast_18_eeg.npy,/home/fanyu/auditory_simulation_m6a/pub_01/s06/sparrkulee_v3.1/raw/derivatives/preprocessed_stimuli/podcast_18_envelope.npy,sub-047_ses-varyingStories05_task-listeningActive_run-03_eeg.bdf.gz,sub-047,ses-varyingStories05,podcast_18,PASS_VIRTUAL_INITIAL_QC,73827,157,0,WITHIN_3S_ADVISORY,64,PUBLISHER_CONSUMPTION_CONTRACT,0,1,UNASSIGNED,0,0,0.0,UNKNOWN,UNKNOWN,
sub-047_ses-varyingStories05_task-listeningActive_run-04_eeg.bdf.gz,/home/fanyu/auditory_simulation_m6a/pub_01/s06/sparrkulee_v3.1/raw/derivatives/preprocessed_eeg/sub-047/ses-varyingStories05/sub-047_ses-varyingStories05_task-listeningActive_run-04_desc-preproc-audio-audiobook_11_1_eeg.npy,/home/fanyu/auditory_simulation_m6a/pub_01/s06/sparrkulee_v3.1/raw/derivatives/preprocessed_stimuli/audiobook_11_1_envelope.npy,sub-047_ses-varyingStories05_task-listeningActive_run-04_eeg.bdf.gz,sub-047,ses-varyingStories05,audiobook_11_1,PASS_VIRTUAL_INITIAL_QC,50649,167,0,WITHIN_3S_ADVISORY,64,PUBLISHER_CONSUMPTION_CONTRACT,0,1,UNASSIGNED,0,0,0.0,UNKNOWN,UNKNOWN,
sub-047_ses-varyingStories05_task-listeningActive_run-05_eeg.bdf.gz,/home/fanyu/auditory_simulation_m6a/pub_01/s06/sparrkulee_v3.1/raw/derivatives/preprocessed_eeg/sub-047/ses-varyingStories05/sub-047_ses-varyingStories05_task-listeningActive_run-05_desc-preproc-audio-audiobook_11_2_eeg.npy,/home/fanyu/auditory_simulation_m6a/pub_01/s06/sparrkulee_v3.1/raw/derivatives/preprocessed_stimuli/audiobook_11_2_envelope.npy,sub-047_ses-varyingStories05_task-listeningActive_run-05_eeg.bdf.gz,sub-047,ses-varyingStories05,audiobook_11_2,PASS_VIRTUAL_INITIAL_QC,38105,167,0,WITHIN_3S_ADVISORY,64,PUBLISHER_CONSUMPTION_CONTRACT,0,1,UNASSIGNED,0,0,0.0,UNKNOWN,UNKNOWN,
sub-047_ses-varyingStories05_task-listeningActive_run-07_eeg.bdf.gz,/home/fanyu/auditory_simulation_m6a/pub_01/s06/sparrkulee_v3.1/raw/derivatives/preprocessed_eeg/sub-047/ses-varyingStories05/sub-047_ses-varyingStories05_task-listeningActive_run-07_desc-preproc-audio-podcast_19_eeg.npy,/home/fanyu/auditory_simulation_m6a/pub_01/s06/sparrkulee_v3.1/raw/derivatives/preprocessed_stimuli/podcast_19_envelope.npy,sub-047_ses-varyingStories05_task-listeningActive_run-07_eeg.bdf.gz,sub-047,ses-varyingStories05,podcast_19,PASS_VIRTUAL_INITIAL_QC,65461,139,0,WITHIN_3S_ADVISORY,64,PUBLISHER_CONSUMPTION_CONTRACT,0,1,UNASSIGNED,0,0,0.0,UNKNOWN,UNKNOWN,
sub-047_ses-varyingStories05_task-listeningActive_run-08_eeg.bdf.gz,/home/fanyu/auditory_simulation_m6a/pub_01/s06/sparrkulee_v3.1/raw/derivatives/preprocessed_eeg/sub-047/ses-varyingStories05/sub-047_ses-varyingStories05_task-listeningActive_run-08_desc-preproc-audio-podcast_17_eeg.npy,/home/fanyu/auditory_simulation_m6a/pub_01/s06/sparrkulee_v3.1/raw/derivatives/preprocessed_stimuli/podcast_17_envelope.npy,sub-047_ses-varyingStories05_task-listeningActive_run-08_eeg.bdf.gz,sub-047,ses-varyingStories05,podcast_17,PASS_VIRTUAL_INITIAL_QC,58400,160,0,WITHIN_3S_ADVISORY,64,PUBLISHER_CONSUMPTION_CONTRACT,0,1,UNASSIGNED,0,0,0.0,UNKNOWN,UNKNOWN,
sub-047_ses-varyingStories05_task-listeningActive_run-09_eeg.bdf.gz,/home/fanyu/auditory_simulation_m6a/pub_01/s06/sparrkulee_v3.1/raw/derivatives/preprocessed_eeg/sub-047/ses-varyingStories05/sub-047_ses-varyingStories05_task-listeningActive_run-09_desc-preproc-audio-podcast_16_eeg.npy,/home/fanyu/auditory_simulation_m6a/pub_01/s06/sparrkulee_v3.1/raw/derivatives/preprocessed_stimuli/podcast_16_envelope.npy,sub-047_ses-varyingStories05_task-listeningActive_run-09_eeg.bdf.gz,sub-047,ses-varyingStories05,podcast_16,PASS_VIRTUAL_INITIAL_QC,49451,149,0,WITHIN_3S_ADVISORY,64,PUBLISHER_CONSUMPTION_CONTRACT,0,1,UNASSIGNED,0,0,0.0,UNKNOWN,UNKNOWN,
sub-048_ses-varyingStories05_task-listeningActive_run-01_eeg.bdf.gz,/home/fanyu/auditory_simulation_m6a/pub_01/s06/sparrkulee_v3.1/raw/derivatives/preprocessed_eeg/sub-048/ses-varyingStories05/sub-048_ses-varyingStories05_task-listeningActive_run-01_desc-preproc-audio-podcast_17_eeg.npy,/home/fanyu/auditory_simulation_m6a/pub_01/s06/sparrkulee_v3.1/raw/derivatives/preprocessed_stimuli/podcast_17_envelope.npy,sub-048_ses-varyingStories05_task-listeningActive_run-01_eeg.bdf.gz,sub-048,ses-varyingStories05,podcast_17,PASS_VIRTUAL_INITIAL_QC,58400,160,0,WITHIN_3S_ADVISORY,64,PUBLISHER_CONSUMPTION_CONTRACT,0,1,UNASSIGNED,0,0,0.0,UNKNOWN,UNKNOWN,
sub-048_ses-varyingStories05_task-listeningActive_run-02_eeg.bdf.gz,/home/fanyu/auditory_simulation_m6a/pub_01/s06/sparrkulee_v3.1/raw/derivatives/preprocessed_eeg/sub-048/ses-varyingStories05/sub-048_ses-varyingStories05_task-listeningActive_run-02_desc-preproc-audio-podcast_16_eeg.npy,/home/fanyu/auditory_simulation_m6a/pub_01/s06/sparrkulee_v3.1/raw/derivatives/preprocessed_stimuli/podcast_16_envelope.npy,sub-048_ses-varyingStories05_task-listeningActive_run-02_eeg.bdf.gz,sub-048,ses-varyingStories05,podcast_16,PASS_VIRTUAL_INITIAL_QC,49451,149,0,WITHIN_3S_ADVISORY,64,PUBLISHER_CONSUMPTION_CONTRACT,0,1,UNASSIGNED,0,0,0.0,UNKNOWN,UNKNOWN,
sub-048_ses-varyingStories05_task-listeningActive_run-05_eeg.bdf.gz,/home/fanyu/auditory_simulation_m6a/pub_01/s06/sparrkulee_v3.1/raw/derivatives/preprocessed_eeg/sub-048/ses-varyingStories05/sub-048_ses-varyingStories05_task-listeningActive_run-05_desc-preproc-audio-audiobook_11_1_eeg.npy,/home/fanyu/auditory_simulation_m6a/pub_01/s06/sparrkulee_v3.1/raw/derivatives/preprocessed_stimuli/audiobook_11_1_envelope.npy,sub-048_ses-varyingStories05_task-listeningActive_run-05_eeg.bdf.gz,sub-048,ses-varyingStories05,audiobook_11_1,PASS_VIRTUAL_INITIAL_QC,50649,167,0,WITHIN_3S_ADVISORY,64,PUBLISHER_CONSUMPTION_CONTRACT,0,1,UNASSIGNED,0,0,0.0,UNKNOWN,UNKNOWN,
sub-048_ses-varyingStories05_task-listeningActive_run-06_eeg.bdf.gz,/home/fanyu/auditory_simulation_m6a/pub_01/s06/sparrkulee_v3.1/raw/derivatives/preprocessed_eeg/sub-048/ses-varyingStories05/sub-048_ses-varyingStories05_task-listeningActive_run-06_desc-preproc-audio-audiobook_11_2_eeg.npy,/home/fanyu/auditory_simulation_m6a/pub_01/s06/sparrkulee_v3.1/raw/derivatives/preprocessed_stimuli/audiobook_11_2_envelope.npy,sub-048_ses-varyingStories05_task-listeningActive_run-06_eeg.bdf.gz,sub-048,ses-varyingStories05,audiobook_11_2,PASS_VIRTUAL_INITIAL_QC,38105,167,0,WITHIN_3S_ADVISORY,64,PUBLISHER_CONSUMPTION_CONTRACT,0,1,UNASSIGNED,0,0,0.0,UNKNOWN,UNKNOWN,
sub-048_ses-varyingStories05_task-listeningActive_run-08_eeg.bdf.gz,/home/fanyu/auditory_simulation_m6a/pub_01/s06/sparrkulee_v3.1/raw/derivatives/preprocessed_eeg/sub-048/ses-varyingStories05/sub-048_ses-varyingStories05_task-listeningActive_run-08_desc-preproc-audio-podcast_19_eeg.npy,/home/fanyu/auditory_simulation_m6a/pub_01/s06/sparrkulee_v3.1/raw/derivatives/preprocessed_stimuli/podcast_19_envelope.npy,sub-048_ses-varyingStories05_task-listeningActive_run-08_eeg.bdf.gz,sub-048,ses-varyingStories05,podcast_19,PASS_VIRTUAL_INITIAL_QC,65461,139,0,WITHIN_3S_ADVISORY,64,PUBLISHER_CONSUMPTION_CONTRACT,0,1,UNASSIGNED,0,0,0.0,UNKNOWN,UNKNOWN,
sub-048_ses-varyingStories05_task-listeningActive_run-09_eeg.bdf.gz,/home/fanyu/auditory_simulation_m6a/pub_01/s06/sparrkulee_v3.1/raw/derivatives/preprocessed_eeg/sub-048/ses-varyingStories05/sub-048_ses-varyingStories05_task-listeningActive_run-09_desc-preproc-audio-audiobook_1_eeg.npy,/home/fanyu/auditory_simulation_m6a/pub_01/s06/sparrkulee_v3.1/raw/derivatives/preprocessed_stimuli/audiobook_1_envelope.npy,sub-048_ses-varyingStories05_task-listeningActive_run-09_eeg.bdf.gz,sub-048,ses-varyingStories05,audiobook_1,PASS_VIRTUAL_INITIAL_QC,59958,138,0,WITHIN_3S_ADVISORY,64,PUBLISHER_CONSUMPTION_CONTRACT,0,1,UNASSIGNED,0,0,0.0,UNKNOWN,UNKNOWN,
sub-049_ses-varyingStories06_task-listeningActive_run-02_eeg.bdf.gz,/home/fanyu/auditory_simulation_m6a/pub_01/s06/sparrkulee_v3.1/raw/derivatives/preprocessed_eeg/sub-049/ses-varyingStories06/sub-049_ses-varyingStories06_task-listeningActive_run-02_desc-preproc-audio-audiobook_12_1_eeg.npy,/home/fanyu/auditory_simulation_m6a/pub_01/s06/sparrkulee_v3.1/raw/derivatives/preprocessed_stimuli/audiobook_12_1_envelope.npy,sub-049_ses-varyingStories06_task-listeningActive_run-02_eeg.bdf.gz,sub-049,ses-varyingStories06,audiobook_12_1,PASS_VIRTUAL_INITIAL_QC,42239,129,0,WITHIN_3S_ADVISORY,64,PUBLISHER_CONSUMPTION_CONTRACT,0,1,UNASSIGNED,0,0,0.0,UNKNOWN,UNKNOWN,
sub-049_ses-varyingStories06_task-listeningActive_run-03_eeg.bdf.gz,/home/fanyu/auditory_simulation_m6a/pub_01/s06/sparrkulee_v3.1/raw/derivatives/preprocessed_eeg/sub-049/ses-varyingStories06/sub-049_ses-varyingStories06_task-listeningActive_run-03_desc-preproc-audio-audiobook_12_2_eeg.npy,/home/fanyu/auditory_simulation_m6a/pub_01/s06/sparrkulee_v3.1/raw/derivatives/preprocessed_stimuli/audiobook_12_2_envelope.npy,sub-049_ses-varyingStories06_task-listeningActive_run-03_eeg.bdf.gz,sub-049,ses-varyingStories06,audiobook_12_2,PASS_VIRTUAL_INITIAL_QC,48639,129,0,WITHIN_3S_ADVISORY,64,PUBLISHER_CONSUMPTION_CONTRACT,0,1,UNASSIGNED,0,0,0.0,UNKNOWN,UNKNOWN,
sub-049_ses-varyingStories06_task-listeningActive_run-04_eeg.bdf.gz,/home/fanyu/auditory_simulation_m6a/pub_01/s06/sparrkulee_v3.1/raw/derivatives/preprocessed_eeg/sub-049/ses-varyingStories06/sub-049_ses-varyingStories06_task-listeningActive_run-04_desc-preproc-audio-audiobook_1_eeg.npy,/home/fanyu/auditory_simulation_m6a/pub_01/s06/sparrkulee_v3.1/raw/derivatives/preprocessed_stimuli/audiobook_1_envelope.npy,sub-049_ses-varyingStories06_task-listeningActive_run-04_eeg.bdf.gz,sub-049,ses-varyingStories06,audiobook_1,PASS_VIRTUAL_INITIAL_QC,59958,138,0,WITHIN_3S_ADVISORY,64,PUBLISHER_CONSUMPTION_CONTRACT,0,1,UNASSIGNED,0,0,0.0,UNKNOWN,UNKNOWN,
sub-049_ses-varyingStories06_task-listeningActive_run-05_eeg.bdf.gz,/home/fanyu/auditory_simulation_m6a/pub_01/s06/sparrkulee_v3.1/raw/derivatives/preprocessed_eeg/sub-049/ses-varyingStories06/sub-049_ses-varyingStories06_task-listeningActive_run-05_desc-preproc-audio-podcast_22_eeg.npy,/home/fanyu/auditory_simulation_m6a/pub_01/s06/sparrkulee_v3.1/raw/derivatives/preprocessed_stimuli/podcast_22_envelope.npy,sub-049_ses-varyingStories06_task-listeningActive_run-05_eeg.bdf.gz,sub-049,ses-varyingStories06,podcast_22,PASS_VIRTUAL_INITIAL_QC,40223,161,0,WITHIN_3S_ADVISORY,64,PUBLISHER_CONSUMPTION_CONTRACT,0,1,UNASSIGNED,0,0,0.0,UNKNOWN,UNKNOWN,
sub-049_ses-varyingStories06_task-listeningActive_run-06_eeg.bdf.gz,/home/fanyu/auditory_simulation_m6a/pub_01/s06/sparrkulee_v3.1/raw/derivatives/preprocessed_eeg/sub-049/ses-varyingStories06/sub-049_ses-varyingStories06_task-listeningActive_run-06_desc-preproc-audio-podcast_20_eeg.npy,/home/fanyu/auditory_simulation_m6a/pub_01/s06/sparrkulee_v3.1/raw/derivatives/preprocessed_stimuli/podcast_20_envelope.npy,sub-049_ses-varyingStories06_task-listeningActive_run-06_eeg.bdf.gz,sub-049,ses-varyingStories06,podcast_20,PASS_VIRTUAL_INITIAL_QC,50958,178,0,WITHIN_3S_ADVISORY,64,PUBLISHER_CONSUMPTION_CONTRACT,0,1,UNASSIGNED,0,0,0.0,UNKNOWN,UNKNOWN,
sub-049_ses-varyingStories06_task-listeningActive_run-07_eeg.bdf.gz,/home/fanyu/auditory_simulation_m6a/pub_01/s06/sparrkulee_v3.1/raw/derivatives/preprocessed_eeg/sub-049/ses-varyingStories06/sub-049_ses-varyingStories06_task-listeningActive_run-07_desc-preproc-audio-podcast_23_eeg.npy,/home/fanyu/auditory_simulation_m6a/pub_01/s06/sparrkulee_v3.1/raw/derivatives/preprocessed_stimuli/podcast_23_envelope.npy,sub-049_ses-varyingStories06_task-listeningActive_run-07_eeg.bdf.gz,sub-049,ses-varyingStories06,podcast_23,PASS_VIRTUAL_INITIAL_QC,54171,165,0,WITHIN_3S_ADVISORY,64,PUBLISHER_CONSUMPTION_CONTRACT,0,1,UNASSIGNED,0,0,0.0,UNKNOWN,UNKNOWN,
sub-049_ses-varyingStories06_task-listeningActive_run-09_eeg.bdf.gz,/home/fanyu/auditory_simulation_m6a/pub_01/s06/sparrkulee_v3.1/raw/derivatives/preprocessed_eeg/sub-049/ses-varyingStories06/sub-049_ses-varyingStories06_task-listeningActive_run-09_desc-preproc-audio-podcast_21_eeg.npy,/home/fanyu/auditory_simulation_m6a/pub_01/s06/sparrkulee_v3.1/raw/derivatives/preprocessed_stimuli/podcast_21_envelope.npy,sub-049_ses-varyingStories06_task-listeningActive_run-09_eeg.bdf.gz,sub-049,ses-varyingStories06,podcast_21,PASS_VIRTUAL_INITIAL_QC,67522,126,0,WITHIN_3S_ADVISORY,64,PUBLISHER_CONSUMPTION_CONTRACT,0,1,UNASSIGNED,0,0,0.0,UNKNOWN,UNKNOWN,
sub-050_ses-varyingStories06_task-listeningActive_run-02_eeg.bdf.gz,/home/fanyu/auditory_simulation_m6a/pub_01/s06/sparrkulee_v3.1/raw/derivatives/preprocessed_eeg/sub-050/ses-varyingStories06/sub-050_ses-varyingStories06_task-listeningActive_run-02_desc-preproc-audio-audiobook_12_2_eeg.npy,/home/fanyu/auditory_simulation_m6a/pub_01/s06/sparrkulee_v3.1/raw/derivatives/preprocessed_stimuli/audiobook_12_2_envelope.npy,sub-050_ses-varyingStories06_task-listeningActive_run-02_eeg.bdf.gz,sub-050,ses-varyingStories06,audiobook_12_2,PASS_VIRTUAL_INITIAL_QC,48639,129,0,WITHIN_3S_ADVISORY,64,PUBLISHER_CONSUMPTION_CONTRACT,0,1,UNASSIGNED,0,0,0.0,UNKNOWN,UNKNOWN,
sub-050_ses-varyingStories06_task-listeningActive_run-03_eeg.bdf.gz,/home/fanyu/auditory_simulation_m6a/pub_01/s06/sparrkulee_v3.1/raw/derivatives/preprocessed_eeg/sub-050/ses-varyingStories06/sub-050_ses-varyingStories06_task-listeningActive_run-03_desc-preproc-audio-podcast_23_eeg.npy,/home/fanyu/auditory_simulation_m6a/pub_01/s06/sparrkulee_v3.1/raw/derivatives/preprocessed_stimuli/podcast_23_envelope.npy,sub-050_ses-varyingStories06_task-listeningActive_run-03_eeg.bdf.gz,sub-050,ses-varyingStories06,podcast_23,PASS_VIRTUAL_INITIAL_QC,54171,165,0,WITHIN_3S_ADVISORY,64,PUBLISHER_CONSUMPTION_CONTRACT,0,1,UNASSIGNED,0,0,0.0,UNKNOWN,UNKNOWN,
sub-050_ses-varyingStories06_task-listeningActive_run-04_eeg.bdf.gz,/home/fanyu/auditory_simulation_m6a/pub_01/s06/sparrkulee_v3.1/raw/derivatives/preprocessed_eeg/sub-050/ses-varyingStories06/sub-050_ses-varyingStories06_task-listeningActive_run-04_desc-preproc-audio-podcast_22_eeg.npy,/home/fanyu/auditory_simulation_m6a/pub_01/s06/sparrkulee_v3.1/raw/derivatives/preprocessed_stimuli/podcast_22_envelope.npy,sub-050_ses-varyingStories06_task-listeningActive_run-04_eeg.bdf.gz,sub-050,ses-varyingStories06,podcast_22,PASS_VIRTUAL_INITIAL_QC,40223,161,0,WITHIN_3S_ADVISORY,64,PUBLISHER_CONSUMPTION_CONTRACT,0,1,UNASSIGNED,0,0,0.0,UNKNOWN,UNKNOWN,
sub-050_ses-varyingStories06_task-listeningActive_run-05_eeg.bdf.gz,/home/fanyu/auditory_simulation_m6a/pub_01/s06/sparrkulee_v3.1/raw/derivatives/preprocessed_eeg/sub-050/ses-varyingStories06/sub-050_ses-varyingStories06_task-listeningActive_run-05_desc-preproc-audio-audiobook_1_eeg.npy,/home/fanyu/auditory_simulation_m6a/pub_01/s06/sparrkulee_v3.1/raw/derivatives/preprocessed_stimuli/audiobook_1_envelope.npy,sub-050_ses-varyingStories06_task-listeningActive_run-05_eeg.bdf.gz,sub-050,ses-varyingStories06,audiobook_1,PASS_VIRTUAL_INITIAL_QC,59958,138,0,WITHIN_3S_ADVISORY,64,PUBLISHER_CONSUMPTION_CONTRACT,0,1,UNASSIGNED,0,0,0.0,UNKNOWN,UNKNOWN,
sub-051_ses-varyingStories06_task-listeningActive_run-02_eeg.bdf.gz,/home/fanyu/auditory_simulation_m6a/pub_01/s06/sparrkulee_v3.1/raw/derivatives/preprocessed_eeg/sub-051/ses-varyingStories06/sub-051_ses-varyingStories06_task-listeningActive_run-02_desc-preproc-audio-podcast_20_eeg.npy,/home/fanyu/auditory_simulation_m6a/pub_01/s06/sparrkulee_v3.1/raw/derivatives/preprocessed_stimuli/podcast_20_envelope.npy,sub-051_ses-varyingStories06_task-listeningActive_run-02_eeg.bdf.gz,sub-051,ses-varyingStories06,podcast_20,PASS_VIRTUAL_INITIAL_QC,50958,178,0,WITHIN_3S_ADVISORY,64,PUBLISHER_CONSUMPTION_CONTRACT,0,1,UNASSIGNED,0,0,0.0,UNKNOWN,UNKNOWN,
sub-051_ses-varyingStories06_task-listeningActive_run-03_eeg.bdf.gz,/home/fanyu/auditory_simulation_m6a/pub_01/s06/sparrkulee_v3.1/raw/derivatives/preprocessed_eeg/sub-051/ses-varyingStories06/sub-051_ses-varyingStories06_task-listeningActive_run-03_desc-preproc-audio-podcast_22_eeg.npy,/home/fanyu/auditory_simulation_m6a/pub_01/s06/sparrkulee_v3.1/raw/derivatives/preprocessed_stimuli/podcast_22_envelope.npy,sub-051_ses-varyingStories06_task-listeningActive_run-03_eeg.bdf.gz,sub-051,ses-varyingStories06,podcast_22,PASS_VIRTUAL_INITIAL_QC,40223,161,0,WITHIN_3S_ADVISORY,64,PUBLISHER_CONSUMPTION_CONTRACT,0,1,UNASSIGNED,0,0,0.0,UNKNOWN,UNKNOWN,
sub-051_ses-varyingStories06_task-listeningActive_run-04_eeg.bdf.gz,/home/fanyu/auditory_simulation_m6a/pub_01/s06/sparrkulee_v3.1/raw/derivatives/preprocessed_eeg/sub-051/ses-varyingStories06/sub-051_ses-varyingStories06_task-listeningActive_run-04_desc-preproc-audio-podcast_21_eeg.npy,/home/fanyu/auditory_simulation_m6a/pub_01/s06/sparrkulee_v3.1/raw/derivatives/preprocessed_stimuli/podcast_21_envelope.npy,sub-051_ses-varyingStories06_task-listeningActive_run-04_eeg.bdf.gz,sub-051,ses-varyingStories06,podcast_21,PASS_VIRTUAL_INITIAL_QC,67522,126,0,WITHIN_3S_ADVISORY,64,PUBLISHER_CONSUMPTION_CONTRACT,0,1,UNASSIGNED,0,0,0.0,UNKNOWN,UNKNOWN,
sub-051_ses-varyingStories06_task-listeningActive_run-05_eeg.bdf.gz,/home/fanyu/auditory_simulation_m6a/pub_01/s06/sparrkulee_v3.1/raw/derivatives/preprocessed_eeg/sub-051/ses-varyingStories06/sub-051_ses-varyingStories06_task-listeningActive_run-05_desc-preproc-audio-audiobook_12_1_eeg.npy,/home/fanyu/auditory_simulation_m6a/pub_01/s06/sparrkulee_v3.1/raw/derivatives/preprocessed_stimuli/audiobook_12_1_envelope.npy,sub-051_ses-varyingStories06_task-listeningActive_run-05_eeg.bdf.gz,sub-051,ses-varyingStories06,audiobook_12_1,PASS_VIRTUAL_INITIAL_QC,42239,129,0,WITHIN_3S_ADVISORY,64,PUBLISHER_CONSUMPTION_CONTRACT,0,1,UNASSIGNED,0,0,0.0,UNKNOWN,UNKNOWN,
sub-051_ses-varyingStories06_task-listeningActive_run-06_eeg.bdf.gz,/home/fanyu/auditory_simulation_m6a/pub_01/s06/sparrkulee_v3.1/raw/derivatives/preprocessed_eeg/sub-051/ses-varyingStories06/sub-051_ses-varyingStories06_task-listeningActive_run-06_desc-preproc-audio-audiobook_12_2_eeg.npy,/home/fanyu/auditory_simulation_m6a/pub_01/s06/sparrkulee_v3.1/raw/derivatives/preprocessed_stimuli/audiobook_12_2_envelope.npy,sub-051_ses-varyingStories06_task-listeningActive_run-06_eeg.bdf.gz,sub-051,ses-varyingStories06,audiobook_12_2,PASS_VIRTUAL_INITIAL_QC,48639,129,0,WITHIN_3S_ADVISORY,64,PUBLISHER_CONSUMPTION_CONTRACT,0,1,UNASSIGNED,0,0,0.0,UNKNOWN,UNKNOWN,
sub-051_ses-varyingStories06_task-listeningActive_run-07_eeg.bdf.gz,/home/fanyu/auditory_simulation_m6a/pub_01/s06/sparrkulee_v3.1/raw/derivatives/preprocessed_eeg/sub-051/ses-varyingStories06/sub-051_ses-varyingStories06_task-listeningActive_run-07_desc-preproc-audio-podcast_23_eeg.npy,/home/fanyu/auditory_simulation_m6a/pub_01/s06/sparrkulee_v3.1/raw/derivatives/preprocessed_stimuli/podcast_23_envelope.npy,sub-051_ses-varyingStories06_task-listeningActive_run-07_eeg.bdf.gz,sub-051,ses-varyingStories06,podcast_23,PASS_VIRTUAL_INITIAL_QC,54171,165,0,WITHIN_3S_ADVISORY,64,PUBLISHER_CONSUMPTION_CONTRACT,0,1,UNASSIGNED,0,0,0.0,UNKNOWN,UNKNOWN,
sub-051_ses-varyingStories06_task-listeningActive_run-08_eeg.bdf.gz,/home/fanyu/auditory_simulation_m6a/pub_01/s06/sparrkulee_v3.1/raw/derivatives/preprocessed_eeg/sub-051/ses-varyingStories06/sub-051_ses-varyingStories06_task-listeningActive_run-08_desc-preproc-audio-audiobook_1_eeg.npy,/home/fanyu/auditory_simulation_m6a/pub_01/s06/sparrkulee_v3.1/raw/derivatives/preprocessed_stimuli/audiobook_1_envelope.npy,sub-051_ses-varyingStories06_task-listeningActive_run-08_eeg.bdf.gz,sub-051,ses-varyingStories06,audiobook_1,PASS_VIRTUAL_INITIAL_QC,59958,138,0,WITHIN_3S_ADVISORY,64,PUBLISHER_CONSUMPTION_CONTRACT,0,1,UNASSIGNED,0,0,0.0,UNKNOWN,UNKNOWN,
sub-052_ses-varyingStories06_task-listeningActive_run-01_eeg.bdf.gz,/home/fanyu/auditory_simulation_m6a/pub_01/s06/sparrkulee_v3.1/raw/derivatives/preprocessed_eeg/sub-052/ses-varyingStories06/sub-052_ses-varyingStories06_task-listeningActive_run-01_desc-preproc-audio-podcast_23_eeg.npy,/home/fanyu/auditory_simulation_m6a/pub_01/s06/sparrkulee_v3.1/raw/derivatives/preprocessed_stimuli/podcast_23_envelope.npy,sub-052_ses-varyingStories06_task-listeningActive_run-01_eeg.bdf.gz,sub-052,ses-varyingStories06,podcast_23,PASS_VIRTUAL_INITIAL_QC,54171,165,0,WITHIN_3S_ADVISORY,64,PUBLISHER_CONSUMPTION_CONTRACT,0,1,UNASSIGNED,0,0,0.0,UNKNOWN,UNKNOWN,
sub-052_ses-varyingStories06_task-listeningActive_run-02_eeg.bdf.gz,/home/fanyu/auditory_simulation_m6a/pub_01/s06/sparrkulee_v3.1/raw/derivatives/preprocessed_eeg/sub-052/ses-varyingStories06/sub-052_ses-varyingStories06_task-listeningActive_run-02_desc-preproc-audio-podcast_22_eeg.npy,/home/fanyu/auditory_simulation_m6a/pub_01/s06/sparrkulee_v3.1/raw/derivatives/preprocessed_stimuli/podcast_22_envelope.npy,sub-052_ses-varyingStories06_task-listeningActive_run-02_eeg.bdf.gz,sub-052,ses-varyingStories06,podcast_22,PASS_VIRTUAL_INITIAL_QC,40223,161,0,WITHIN_3S_ADVISORY,64,PUBLISHER_CONSUMPTION_CONTRACT,0,1,UNASSIGNED,0,0,0.0,UNKNOWN,UNKNOWN,
sub-052_ses-varyingStories06_task-listeningActive_run-03_eeg.bdf.gz,/home/fanyu/auditory_simulation_m6a/pub_01/s06/sparrkulee_v3.1/raw/derivatives/preprocessed_eeg/sub-052/ses-varyingStories06/sub-052_ses-varyingStories06_task-listeningActive_run-03_desc-preproc-audio-audiobook_12_1_eeg.npy,/home/fanyu/auditory_simulation_m6a/pub_01/s06/sparrkulee_v3.1/raw/derivatives/preprocessed_stimuli/audiobook_12_1_envelope.npy,sub-052_ses-varyingStories06_task-listeningActive_run-03_eeg.bdf.gz,sub-052,ses-varyingStories06,audiobook_12_1,PASS_VIRTUAL_INITIAL_QC,42239,129,0,WITHIN_3S_ADVISORY,64,PUBLISHER_CONSUMPTION_CONTRACT,0,1,UNASSIGNED,0,0,0.0,UNKNOWN,UNKNOWN,
sub-052_ses-varyingStories06_task-listeningActive_run-04_eeg.bdf.gz,/home/fanyu/auditory_simulation_m6a/pub_01/s06/sparrkulee_v3.1/raw/derivatives/preprocessed_eeg/sub-052/ses-varyingStories06/sub-052_ses-varyingStories06_task-listeningActive_run-04_desc-preproc-audio-audiobook_12_2_eeg.npy,/home/fanyu/auditory_simulation_m6a/pub_01/s06/sparrkulee_v3.1/raw/derivatives/preprocessed_stimuli/audiobook_12_2_envelope.npy,sub-052_ses-varyingStories06_task-listeningActive_run-04_eeg.bdf.gz,sub-052,ses-varyingStories06,audiobook_12_2,PASS_VIRTUAL_INITIAL_QC,48639,129,0,WITHIN_3S_ADVISORY,64,PUBLISHER_CONSUMPTION_CONTRACT,0,1,UNASSIGNED,0,0,0.0,UNKNOWN,UNKNOWN,
sub-052_ses-varyingStories06_task-listeningActive_run-05_eeg.bdf.gz,/home/fanyu/auditory_simulation_m6a/pub_01/s06/sparrkulee_v3.1/raw/derivatives/preprocessed_eeg/sub-052/ses-varyingStories06/sub-052_ses-varyingStories06_task-listeningActive_run-05_desc-preproc-audio-podcast_20_eeg.npy,/home/fanyu/auditory_simulation_m6a/pub_01/s06/sparrkulee_v3.1/raw/derivatives/preprocessed_stimuli/podcast_20_envelope.npy,sub-052_ses-varyingStories06_task-listeningActive_run-05_eeg.bdf.gz,sub-052,ses-varyingStories06,podcast_20,PASS_VIRTUAL_INITIAL_QC,50958,178,0,WITHIN_3S_ADVISORY,64,PUBLISHER_CONSUMPTION_CONTRACT,0,1,UNASSIGNED,0,0,0.0,UNKNOWN,UNKNOWN,
sub-052_ses-varyingStories06_task-listeningActive_run-06_eeg.bdf.gz,/home/fanyu/auditory_simulation_m6a/pub_01/s06/sparrkulee_v3.1/raw/derivatives/preprocessed_eeg/sub-052/ses-varyingStories06/sub-052_ses-varyingStories06_task-listeningActive_run-06_desc-preproc-audio-podcast_21_eeg.npy,/home/fanyu/auditory_simulation_m6a/pub_01/s06/sparrkulee_v3.1/raw/derivatives/preprocessed_stimuli/podcast_21_envelope.npy,sub-052_ses-varyingStories06_task-listeningActive_run-06_eeg.bdf.gz,sub-052,ses-varyingStories06,podcast_21,PASS_VIRTUAL_INITIAL_QC,67522,126,0,WITHIN_3S_ADVISORY,64,PUBLISHER_CONSUMPTION_CONTRACT,0,1,UNASSIGNED,0,0,0.0,UNKNOWN,UNKNOWN,
sub-052_ses-varyingStories06_task-listeningActive_run-08_eeg.bdf.gz,/home/fanyu/auditory_simulation_m6a/pub_01/s06/sparrkulee_v3.1/raw/derivatives/preprocessed_eeg/sub-052/ses-varyingStories06/sub-052_ses-varyingStories06_task-listeningActive_run-08_desc-preproc-audio-audiobook_1_eeg.npy,/home/fanyu/auditory_simulation_m6a/pub_01/s06/sparrkulee_v3.1/raw/derivatives/preprocessed_stimuli/audiobook_1_envelope.npy,sub-052_ses-varyingStories06_task-listeningActive_run-08_eeg.bdf.gz,sub-052,ses-varyingStories06,audiobook_1,PASS_VIRTUAL_INITIAL_QC,59958,138,0,WITHIN_3S_ADVISORY,64,PUBLISHER_CONSUMPTION_CONTRACT,0,1,UNASSIGNED,0,0,0.0,UNKNOWN,UNKNOWN,
sub-053_ses-varyingStories06_task-listeningActive_run-01_eeg.bdf.gz,/home/fanyu/auditory_simulation_m6a/pub_01/s06/sparrkulee_v3.1/raw/derivatives/preprocessed_eeg/sub-053/ses-varyingStories06/sub-053_ses-varyingStories06_task-listeningActive_run-01_desc-preproc-audio-podcast_21_eeg.npy,/home/fanyu/auditory_simulation_m6a/pub_01/s06/sparrkulee_v3.1/raw/derivatives/preprocessed_stimuli/podcast_21_envelope.npy,sub-053_ses-varyingStories06_task-listeningActive_run-01_eeg.bdf.gz,sub-053,ses-varyingStories06,podcast_21,PASS_VIRTUAL_INITIAL_QC,67522,126,0,WITHIN_3S_ADVISORY,64,PUBLISHER_CONSUMPTION_CONTRACT,0,1,UNASSIGNED,0,0,0.0,UNKNOWN,UNKNOWN,
sub-053_ses-varyingStories06_task-listeningActive_run-02_eeg.bdf.gz,/home/fanyu/auditory_simulation_m6a/pub_01/s06/sparrkulee_v3.1/raw/derivatives/preprocessed_eeg/sub-053/ses-varyingStories06/sub-053_ses-varyingStories06_task-listeningActive_run-02_desc-preproc-audio-audiobook_12_1_eeg.npy,/home/fanyu/auditory_simulation_m6a/pub_01/s06/sparrkulee_v3.1/raw/derivatives/preprocessed_stimuli/audiobook_12_1_envelope.npy,sub-053_ses-varyingStories06_task-listeningActive_run-02_eeg.bdf.gz,sub-053,ses-varyingStories06,audiobook_12_1,PASS_VIRTUAL_INITIAL_QC,42239,129,0,WITHIN_3S_ADVISORY,64,PUBLISHER_CONSUMPTION_CONTRACT,0,1,UNASSIGNED,0,0,0.0,UNKNOWN,UNKNOWN,
sub-053_ses-varyingStories06_task-listeningActive_run-03_eeg.bdf.gz,/home/fanyu/auditory_simulation_m6a/pub_01/s06/sparrkulee_v3.1/raw/derivatives/preprocessed_eeg/sub-053/ses-varyingStories06/sub-053_ses-varyingStories06_task-listeningActive_run-03_desc-preproc-audio-audiobook_12_2_eeg.npy,/home/fanyu/auditory_simulation_m6a/pub_01/s06/sparrkulee_v3.1/raw/derivatives/preprocessed_stimuli/audiobook_12_2_envelope.npy,sub-053_ses-varyingStories06_task-listeningActive_run-03_eeg.bdf.gz,sub-053,ses-varyingStories06,audiobook_12_2,PASS_VIRTUAL_INITIAL_QC,48639,129,0,WITHIN_3S_ADVISORY,64,PUBLISHER_CONSUMPTION_CONTRACT,0,1,UNASSIGNED,0,0,0.0,UNKNOWN,UNKNOWN,
sub-053_ses-varyingStories06_task-listeningActive_run-05_eeg.bdf.gz,/home/fanyu/auditory_simulation_m6a/pub_01/s06/sparrkulee_v3.1/raw/derivatives/preprocessed_eeg/sub-053/ses-varyingStories06/sub-053_ses-varyingStories06_task-listeningActive_run-05_desc-preproc-audio-podcast_23_eeg.npy,/home/fanyu/auditory_simulation_m6a/pub_01/s06/sparrkulee_v3.1/raw/derivatives/preprocessed_stimuli/podcast_23_envelope.npy,sub-053_ses-varyingStories06_task-listeningActive_run-05_eeg.bdf.gz,sub-053,ses-varyingStories06,podcast_23,PASS_VIRTUAL_INITIAL_QC,54171,165,0,WITHIN_3S_ADVISORY,64,PUBLISHER_CONSUMPTION_CONTRACT,0,1,UNASSIGNED,0,0,0.0,UNKNOWN,UNKNOWN,
sub-053_ses-varyingStories06_task-listeningActive_run-06_eeg.bdf.gz,/home/fanyu/auditory_simulation_m6a/pub_01/s06/sparrkulee_v3.1/raw/derivatives/preprocessed_eeg/sub-053/ses-varyingStories06/sub-053_ses-varyingStories06_task-listeningActive_run-06_desc-preproc-audio-audiobook_1_eeg.npy,/home/fanyu/auditory_simulation_m6a/pub_01/s06/sparrkulee_v3.1/raw/derivatives/preprocessed_stimuli/audiobook_1_envelope.npy,sub-053_ses-varyingStories06_task-listeningActive_run-06_eeg.bdf.gz,sub-053,ses-varyingStories06,audiobook_1,PASS_VIRTUAL_INITIAL_QC,59958,138,0,WITHIN_3S_ADVISORY,64,PUBLISHER_CONSUMPTION_CONTRACT,0,1,UNASSIGNED,0,0,0.0,UNKNOWN,UNKNOWN,
sub-053_ses-varyingStories06_task-listeningActive_run-07_eeg.bdf.gz,/home/fanyu/auditory_simulation_m6a/pub_01/s06/sparrkulee_v3.1/raw/derivatives/preprocessed_eeg/sub-053/ses-varyingStories06/sub-053_ses-varyingStories06_task-listeningActive_run-07_desc-preproc-audio-podcast_20_eeg.npy,/home/fanyu/auditory_simulation_m6a/pub_01/s06/sparrkulee_v3.1/raw/derivatives/preprocessed_stimuli/podcast_20_envelope.npy,sub-053_ses-varyingStories06_task-listeningActive_run-07_eeg.bdf.gz,sub-053,ses-varyingStories06,podcast_20,PASS_VIRTUAL_INITIAL_QC,50958,178,0,WITHIN_3S_ADVISORY,64,PUBLISHER_CONSUMPTION_CONTRACT,0,1,UNASSIGNED,0,0,0.0,UNKNOWN,UNKNOWN,
sub-053_ses-varyingStories06_task-listeningActive_run-09_eeg.bdf.gz,/home/fanyu/auditory_simulation_m6a/pub_01/s06/sparrkulee_v3.1/raw/derivatives/preprocessed_eeg/sub-053/ses-varyingStories06/sub-053_ses-varyingStories06_task-listeningActive_run-09_desc-preproc-audio-podcast_22_eeg.npy,/home/fanyu/auditory_simulation_m6a/pub_01/s06/sparrkulee_v3.1/raw/derivatives/preprocessed_stimuli/podcast_22_envelope.npy,sub-053_ses-varyingStories06_task-listeningActive_run-09_eeg.bdf.gz,sub-053,ses-varyingStories06,podcast_22,PASS_VIRTUAL_INITIAL_QC,40223,161,0,WITHIN_3S_ADVISORY,64,PUBLISHER_CONSUMPTION_CONTRACT,0,1,UNASSIGNED,0,0,0.0,UNKNOWN,UNKNOWN,
sub-054_ses-varyingStories06_task-listeningActive_run-01_eeg.bdf.gz,/home/fanyu/auditory_simulation_m6a/pub_01/s06/sparrkulee_v3.1/raw/derivatives/preprocessed_eeg/sub-054/ses-varyingStories06/sub-054_ses-varyingStories06_task-listeningActive_run-01_desc-preproc-audio-podcast_21_eeg.npy,/home/fanyu/auditory_simulation_m6a/pub_01/s06/sparrkulee_v3.1/raw/derivatives/preprocessed_stimuli/podcast_21_envelope.npy,sub-054_ses-varyingStories06_task-listeningActive_run-01_eeg.bdf.gz,sub-054,ses-varyingStories06,podcast_21,PASS_VIRTUAL_INITIAL_QC,67522,126,0,WITHIN_3S_ADVISORY,64,PUBLISHER_CONSUMPTION_CONTRACT,0,1,UNASSIGNED,0,0,0.0,UNKNOWN,UNKNOWN,
sub-054_ses-varyingStories06_task-listeningActive_run-02_eeg.bdf.gz,/home/fanyu/auditory_simulation_m6a/pub_01/s06/sparrkulee_v3.1/raw/derivatives/preprocessed_eeg/sub-054/ses-varyingStories06/sub-054_ses-varyingStories06_task-listeningActive_run-02_desc-preproc-audio-audiobook_12_1_eeg.npy,/home/fanyu/auditory_simulation_m6a/pub_01/s06/sparrkulee_v3.1/raw/derivatives/preprocessed_stimuli/audiobook_12_1_envelope.npy,sub-054_ses-varyingStories06_task-listeningActive_run-02_eeg.bdf.gz,sub-054,ses-varyingStories06,audiobook_12_1,PASS_VIRTUAL_INITIAL_QC,42239,129,0,WITHIN_3S_ADVISORY,64,PUBLISHER_CONSUMPTION_CONTRACT,0,1,UNASSIGNED,0,0,0.0,UNKNOWN,UNKNOWN,
sub-054_ses-varyingStories06_task-listeningActive_run-03_eeg.bdf.gz,/home/fanyu/auditory_simulation_m6a/pub_01/s06/sparrkulee_v3.1/raw/derivatives/preprocessed_eeg/sub-054/ses-varyingStories06/sub-054_ses-varyingStories06_task-listeningActive_run-03_desc-preproc-audio-audiobook_12_2_eeg.npy,/home/fanyu/auditory_simulation_m6a/pub_01/s06/sparrkulee_v3.1/raw/derivatives/preprocessed_stimuli/audiobook_12_2_envelope.npy,sub-054_ses-varyingStories06_task-listeningActive_run-03_eeg.bdf.gz,sub-054,ses-varyingStories06,audiobook_12_2,PASS_VIRTUAL_INITIAL_QC,48639,129,0,WITHIN_3S_ADVISORY,64,PUBLISHER_CONSUMPTION_CONTRACT,0,1,UNASSIGNED,0,0,0.0,UNKNOWN,UNKNOWN,
sub-054_ses-varyingStories06_task-listeningActive_run-04_eeg.bdf.gz,/home/fanyu/auditory_simulation_m6a/pub_01/s06/sparrkulee_v3.1/raw/derivatives/preprocessed_eeg/sub-054/ses-varyingStories06/sub-054_ses-varyingStories06_task-listeningActive_run-04_desc-preproc-audio-podcast_20_eeg.npy,/home/fanyu/auditory_simulation_m6a/pub_01/s06/sparrkulee_v3.1/raw/derivatives/preprocessed_stimuli/podcast_20_envelope.npy,sub-054_ses-varyingStories06_task-listeningActive_run-04_eeg.bdf.gz,sub-054,ses-varyingStories06,podcast_20,PASS_VIRTUAL_INITIAL_QC,50958,178,0,WITHIN_3S_ADVISORY,64,PUBLISHER_CONSUMPTION_CONTRACT,0,1,UNASSIGNED,0,0,0.0,UNKNOWN,UNKNOWN,
sub-054_ses-varyingStories06_task-listeningActive_run-06_eeg.bdf.gz,/home/fanyu/auditory_simulation_m6a/pub_01/s06/sparrkulee_v3.1/raw/derivatives/preprocessed_eeg/sub-054/ses-varyingStories06/sub-054_ses-varyingStories06_task-listeningActive_run-06_desc-preproc-audio-podcast_23_eeg.npy,/home/fanyu/auditory_simulation_m6a/pub_01/s06/sparrkulee_v3.1/raw/derivatives/preprocessed_stimuli/podcast_23_envelope.npy,sub-054_ses-varyingStories06_task-listeningActive_run-06_eeg.bdf.gz,sub-054,ses-varyingStories06,podcast_23,PASS_VIRTUAL_INITIAL_QC,54171,165,0,WITHIN_3S_ADVISORY,64,PUBLISHER_CONSUMPTION_CONTRACT,0,1,UNASSIGNED,0,0,0.0,UNKNOWN,UNKNOWN,
sub-054_ses-varyingStories06_task-listeningActive_run-08_eeg.bdf.gz,/home/fanyu/auditory_simulation_m6a/pub_01/s06/sparrkulee_v3.1/raw/derivatives/preprocessed_eeg/sub-054/ses-varyingStories06/sub-054_ses-varyingStories06_task-listeningActive_run-08_desc-preproc-audio-podcast_22_eeg.npy,/home/fanyu/auditory_simulation_m6a/pub_01/s06/sparrkulee_v3.1/raw/derivatives/preprocessed_stimuli/podcast_22_envelope.npy,sub-054_ses-varyingStories06_task-listeningActive_run-08_eeg.bdf.gz,sub-054,ses-varyingStories06,podcast_22,PASS_VIRTUAL_INITIAL_QC,40223,161,0,WITHIN_3S_ADVISORY,64,PUBLISHER_CONSUMPTION_CONTRACT,0,1,UNASSIGNED,0,0,0.0,UNKNOWN,UNKNOWN,
sub-054_ses-varyingStories06_task-listeningActive_run-09_eeg.bdf.gz,/home/fanyu/auditory_simulation_m6a/pub_01/s06/sparrkulee_v3.1/raw/derivatives/preprocessed_eeg/sub-054/ses-varyingStories06/sub-054_ses-varyingStories06_task-listeningActive_run-09_desc-preproc-audio-audiobook_1_eeg.npy,/home/fanyu/auditory_simulation_m6a/pub_01/s06/sparrkulee_v3.1/raw/derivatives/preprocessed_stimuli/audiobook_1_envelope.npy,sub-054_ses-varyingStories06_task-listeningActive_run-09_eeg.bdf.gz,sub-054,ses-varyingStories06,audiobook_1,PASS_VIRTUAL_INITIAL_QC,59958,138,0,WITHIN_3S_ADVISORY,64,PUBLISHER_CONSUMPTION_CONTRACT,0,1,UNASSIGNED,0,0,0.0,UNKNOWN,UNKNOWN,
sub-055_ses-varyingStories06_task-listeningActive_run-01_eeg.bdf.gz,/home/fanyu/auditory_simulation_m6a/pub_01/s06/sparrkulee_v3.1/raw/derivatives/preprocessed_eeg/sub-055/ses-varyingStories06/sub-055_ses-varyingStories06_task-listeningActive_run-01_desc-preproc-audio-audiobook_1_eeg.npy,/home/fanyu/auditory_simulation_m6a/pub_01/s06/sparrkulee_v3.1/raw/derivatives/preprocessed_stimuli/audiobook_1_envelope.npy,sub-055_ses-varyingStories06_task-listeningActive_run-01_eeg.bdf.gz,sub-055,ses-varyingStories06,audiobook_1,PASS_VIRTUAL_INITIAL_QC,59958,138,0,WITHIN_3S_ADVISORY,64,PUBLISHER_CONSUMPTION_CONTRACT,0,1,UNASSIGNED,0,0,0.0,UNKNOWN,UNKNOWN,
sub-055_ses-varyingStories06_task-listeningActive_run-02_eeg.bdf.gz,/home/fanyu/auditory_simulation_m6a/pub_01/s06/sparrkulee_v3.1/raw/derivatives/preprocessed_eeg/sub-055/ses-varyingStories06/sub-055_ses-varyingStories06_task-listeningActive_run-02_desc-preproc-audio-podcast_20_eeg.npy,/home/fanyu/auditory_simulation_m6a/pub_01/s06/sparrkulee_v3.1/raw/derivatives/preprocessed_stimuli/podcast_20_envelope.npy,sub-055_ses-varyingStories06_task-listeningActive_run-02_eeg.bdf.gz,sub-055,ses-varyingStories06,podcast_20,PASS_VIRTUAL_INITIAL_QC,50958,178,0,WITHIN_3S_ADVISORY,64,PUBLISHER_CONSUMPTION_CONTRACT,0,1,UNASSIGNED,0,0,0.0,UNKNOWN,UNKNOWN,
sub-055_ses-varyingStories06_task-listeningActive_run-03_eeg.bdf.gz,/home/fanyu/auditory_simulation_m6a/pub_01/s06/sparrkulee_v3.1/raw/derivatives/preprocessed_eeg/sub-055/ses-varyingStories06/sub-055_ses-varyingStories06_task-listeningActive_run-03_desc-preproc-audio-audiobook_12_1_eeg.npy,/home/fanyu/auditory_simulation_m6a/pub_01/s06/sparrkulee_v3.1/raw/derivatives/preprocessed_stimuli/audiobook_12_1_envelope.npy,sub-055_ses-varyingStories06_task-listeningActive_run-03_eeg.bdf.gz,sub-055,ses-varyingStories06,audiobook_12_1,PASS_VIRTUAL_INITIAL_QC,42239,129,0,WITHIN_3S_ADVISORY,64,PUBLISHER_CONSUMPTION_CONTRACT,0,1,UNASSIGNED,0,0,0.0,UNKNOWN,UNKNOWN,
sub-055_ses-varyingStories06_task-listeningActive_run-04_eeg.bdf.gz,/home/fanyu/auditory_simulation_m6a/pub_01/s06/sparrkulee_v3.1/raw/derivatives/preprocessed_eeg/sub-055/ses-varyingStories06/sub-055_ses-varyingStories06_task-listeningActive_run-04_desc-preproc-audio-audiobook_12_2_eeg.npy,/home/fanyu/auditory_simulation_m6a/pub_01/s06/sparrkulee_v3.1/raw/derivatives/preprocessed_stimuli/audiobook_12_2_envelope.npy,sub-055_ses-varyingStories06_task-listeningActive_run-04_eeg.bdf.gz,sub-055,ses-varyingStories06,audiobook_12_2,PASS_VIRTUAL_INITIAL_QC,48639,129,0,WITHIN_3S_ADVISORY,64,PUBLISHER_CONSUMPTION_CONTRACT,0,1,UNASSIGNED,0,0,0.0,UNKNOWN,UNKNOWN,
sub-055_ses-varyingStories06_task-listeningActive_run-06_eeg.bdf.gz,/home/fanyu/auditory_simulation_m6a/pub_01/s06/sparrkulee_v3.1/raw/derivatives/preprocessed_eeg/sub-055/ses-varyingStories06/sub-055_ses-varyingStories06_task-listeningActive_run-06_desc-preproc-audio-podcast_21_eeg.npy,/home/fanyu/auditory_simulation_m6a/pub_01/s06/sparrkulee_v3.1/raw/derivatives/preprocessed_stimuli/podcast_21_envelope.npy,sub-055_ses-varyingStories06_task-listeningActive_run-06_eeg.bdf.gz,sub-055,ses-varyingStories06,podcast_21,PASS_VIRTUAL_INITIAL_QC,67522,126,0,WITHIN_3S_ADVISORY,64,PUBLISHER_CONSUMPTION_CONTRACT,0,1,UNASSIGNED,0,0,0.0,UNKNOWN,UNKNOWN,
sub-055_ses-varyingStories06_task-listeningActive_run-07_eeg.bdf.gz,/home/fanyu/auditory_simulation_m6a/pub_01/s06/sparrkulee_v3.1/raw/derivatives/preprocessed_eeg/sub-055/ses-varyingStories06/sub-055_ses-varyingStories06_task-listeningActive_run-07_desc-preproc-audio-podcast_23_eeg.npy,/home/fanyu/auditory_simulation_m6a/pub_01/s06/sparrkulee_v3.1/raw/derivatives/preprocessed_stimuli/podcast_23_envelope.npy,sub-055_ses-varyingStories06_task-listeningActive_run-07_eeg.bdf.gz,sub-055,ses-varyingStories06,podcast_23,PASS_VIRTUAL_INITIAL_QC,54171,165,0,WITHIN_3S_ADVISORY,64,PUBLISHER_CONSUMPTION_CONTRACT,0,1,UNASSIGNED,0,0,0.0,UNKNOWN,UNKNOWN,
sub-055_ses-varyingStories06_task-listeningActive_run-09_eeg.bdf.gz,/home/fanyu/auditory_simulation_m6a/pub_01/s06/sparrkulee_v3.1/raw/derivatives/preprocessed_eeg/sub-055/ses-varyingStories06/sub-055_ses-varyingStories06_task-listeningActive_run-09_desc-preproc-audio-podcast_22_eeg.npy,/home/fanyu/auditory_simulation_m6a/pub_01/s06/sparrkulee_v3.1/raw/derivatives/preprocessed_stimuli/podcast_22_envelope.npy,sub-055_ses-varyingStories06_task-listeningActive_run-09_eeg.bdf.gz,sub-055,ses-varyingStories06,podcast_22,PASS_VIRTUAL_INITIAL_QC,40223,161,0,WITHIN_3S_ADVISORY,64,PUBLISHER_CONSUMPTION_CONTRACT,0,1,UNASSIGNED,0,0,0.0,UNKNOWN,UNKNOWN,
sub-056_ses-varyingStories06_task-listeningActive_run-01_eeg.bdf.gz,/home/fanyu/auditory_simulation_m6a/pub_01/s06/sparrkulee_v3.1/raw/derivatives/preprocessed_eeg/sub-056/ses-varyingStories06/sub-056_ses-varyingStories06_task-listeningActive_run-01_desc-preproc-audio-podcast_23_eeg.npy,/home/fanyu/auditory_simulation_m6a/pub_01/s06/sparrkulee_v3.1/raw/derivatives/preprocessed_stimuli/podcast_23_envelope.npy,sub-056_ses-varyingStories06_task-listeningActive_run-01_eeg.bdf.gz,sub-056,ses-varyingStories06,podcast_23,PASS_VIRTUAL_INITIAL_QC,54171,165,0,WITHIN_3S_ADVISORY,64,PUBLISHER_CONSUMPTION_CONTRACT,0,1,UNASSIGNED,0,0,0.0,UNKNOWN,UNKNOWN,
sub-056_ses-varyingStories06_task-listeningActive_run-02_eeg.bdf.gz,/home/fanyu/auditory_simulation_m6a/pub_01/s06/sparrkulee_v3.1/raw/derivatives/preprocessed_eeg/sub-056/ses-varyingStories06/sub-056_ses-varyingStories06_task-listeningActive_run-02_desc-preproc-audio-audiobook_1_eeg.npy,/home/fanyu/auditory_simulation_m6a/pub_01/s06/sparrkulee_v3.1/raw/derivatives/preprocessed_stimuli/audiobook_1_envelope.npy,sub-056_ses-varyingStories06_task-listeningActive_run-02_eeg.bdf.gz,sub-056,ses-varyingStories06,audiobook_1,PASS_VIRTUAL_INITIAL_QC,59958,138,0,WITHIN_3S_ADVISORY,64,PUBLISHER_CONSUMPTION_CONTRACT,0,1,UNASSIGNED,0,0,0.0,UNKNOWN,UNKNOWN,
sub-056_ses-varyingStories06_task-listeningActive_run-03_eeg.bdf.gz,/home/fanyu/auditory_simulation_m6a/pub_01/s06/sparrkulee_v3.1/raw/derivatives/preprocessed_eeg/sub-056/ses-varyingStories06/sub-056_ses-varyingStories06_task-listeningActive_run-03_desc-preproc-audio-podcast_22_eeg.npy,/home/fanyu/auditory_simulation_m6a/pub_01/s06/sparrkulee_v3.1/raw/derivatives/preprocessed_stimuli/podcast_22_envelope.npy,sub-056_ses-varyingStories06_task-listeningActive_run-03_eeg.bdf.gz,sub-056,ses-varyingStories06,podcast_22,PASS_VIRTUAL_INITIAL_QC,40223,161,0,WITHIN_3S_ADVISORY,64,PUBLISHER_CONSUMPTION_CONTRACT,0,1,UNASSIGNED,0,0,0.0,UNKNOWN,UNKNOWN,
sub-056_ses-varyingStories06_task-listeningActive_run-04_eeg.bdf.gz,/home/fanyu/auditory_simulation_m6a/pub_01/s06/sparrkulee_v3.1/raw/derivatives/preprocessed_eeg/sub-056/ses-varyingStories06/sub-056_ses-varyingStories06_task-listeningActive_run-04_desc-preproc-audio-podcast_20_eeg.npy,/home/fanyu/auditory_simulation_m6a/pub_01/s06/sparrkulee_v3.1/raw/derivatives/preprocessed_stimuli/podcast_20_envelope.npy,sub-056_ses-varyingStories06_task-listeningActive_run-04_eeg.bdf.gz,sub-056,ses-varyingStories06,podcast_20,PASS_VIRTUAL_INITIAL_QC,50958,178,0,WITHIN_3S_ADVISORY,64,PUBLISHER_CONSUMPTION_CONTRACT,0,1,UNASSIGNED,0,0,0.0,UNKNOWN,UNKNOWN,
sub-056_ses-varyingStories06_task-listeningActive_run-05_eeg.bdf.gz,/home/fanyu/auditory_simulation_m6a/pub_01/s06/sparrkulee_v3.1/raw/derivatives/preprocessed_eeg/sub-056/ses-varyingStories06/sub-056_ses-varyingStories06_task-listeningActive_run-05_desc-preproc-audio-audiobook_12_1_eeg.npy,/home/fanyu/auditory_simulation_m6a/pub_01/s06/sparrkulee_v3.1/raw/derivatives/preprocessed_stimuli/audiobook_12_1_envelope.npy,sub-056_ses-varyingStories06_task-listeningActive_run-05_eeg.bdf.gz,sub-056,ses-varyingStories06,audiobook_12_1,PASS_VIRTUAL_INITIAL_QC,42239,129,0,WITHIN_3S_ADVISORY,64,PUBLISHER_CONSUMPTION_CONTRACT,0,1,UNASSIGNED,0,0,0.0,UNKNOWN,UNKNOWN,
sub-056_ses-varyingStories06_task-listeningActive_run-06_eeg.bdf.gz,/home/fanyu/auditory_simulation_m6a/pub_01/s06/sparrkulee_v3.1/raw/derivatives/preprocessed_eeg/sub-056/ses-varyingStories06/sub-056_ses-varyingStories06_task-listeningActive_run-06_desc-preproc-audio-audiobook_12_2_eeg.npy,/home/fanyu/auditory_simulation_m6a/pub_01/s06/sparrkulee_v3.1/raw/derivatives/preprocessed_stimuli/audiobook_12_2_envelope.npy,sub-056_ses-varyingStories06_task-listeningActive_run-06_eeg.bdf.gz,sub-056,ses-varyingStories06,audiobook_12_2,PASS_VIRTUAL_INITIAL_QC,48639,129,0,WITHIN_3S_ADVISORY,64,PUBLISHER_CONSUMPTION_CONTRACT,0,1,UNASSIGNED,0,0,0.0,UNKNOWN,UNKNOWN,
sub-056_ses-varyingStories06_task-listeningActive_run-08_eeg.bdf.gz,/home/fanyu/auditory_simulation_m6a/pub_01/s06/sparrkulee_v3.1/raw/derivatives/preprocessed_eeg/sub-056/ses-varyingStories06/sub-056_ses-varyingStories06_task-listeningActive_run-08_desc-preproc-audio-podcast_21_eeg.npy,/home/fanyu/auditory_simulation_m6a/pub_01/s06/sparrkulee_v3.1/raw/derivatives/preprocessed_stimuli/podcast_21_envelope.npy,sub-056_ses-varyingStories06_task-listeningActive_run-08_eeg.bdf.gz,sub-056,ses-varyingStories06,podcast_21,PASS_VIRTUAL_INITIAL_QC,67522,126,0,WITHIN_3S_ADVISORY,64,PUBLISHER_CONSUMPTION_CONTRACT,0,1,UNASSIGNED,0,0,0.0,UNKNOWN,UNKNOWN,
sub-057_ses-varyingStories07_task-listeningActive_run-01_eeg.bdf.gz,/home/fanyu/auditory_simulation_m6a/pub_01/s06/sparrkulee_v3.1/raw/derivatives/preprocessed_eeg/sub-057/ses-varyingStories07/sub-057_ses-varyingStories07_task-listeningActive_run-01_desc-preproc-audio-podcast_27_eeg.npy,/home/fanyu/auditory_simulation_m6a/pub_01/s06/sparrkulee_v3.1/raw/derivatives/preprocessed_stimuli/podcast_27_envelope.npy,sub-057_ses-varyingStories07_task-listeningActive_run-01_eeg.bdf.gz,sub-057,ses-varyingStories07,podcast_27,PASS_VIRTUAL_INITIAL_QC,55930,134,0,WITHIN_3S_ADVISORY,64,PUBLISHER_CONSUMPTION_CONTRACT,0,1,UNASSIGNED,0,0,0.0,UNKNOWN,UNKNOWN,
sub-057_ses-varyingStories07_task-listeningActive_run-02_eeg.bdf.gz,/home/fanyu/auditory_simulation_m6a/pub_01/s06/sparrkulee_v3.1/raw/derivatives/preprocessed_eeg/sub-057/ses-varyingStories07/sub-057_ses-varyingStories07_task-listeningActive_run-02_desc-preproc-audio-audiobook_1_eeg.npy,/home/fanyu/auditory_simulation_m6a/pub_01/s06/sparrkulee_v3.1/raw/derivatives/preprocessed_stimuli/audiobook_1_envelope.npy,sub-057_ses-varyingStories07_task-listeningActive_run-02_eeg.bdf.gz,sub-057,ses-varyingStories07,audiobook_1,PASS_VIRTUAL_INITIAL_QC,59958,138,0,WITHIN_3S_ADVISORY,64,PUBLISHER_CONSUMPTION_CONTRACT,0,1,UNASSIGNED,0,0,0.0,UNKNOWN,UNKNOWN,
sub-057_ses-varyingStories07_task-listeningActive_run-04_eeg.bdf.gz,/home/fanyu/auditory_simulation_m6a/pub_01/s06/sparrkulee_v3.1/raw/derivatives/preprocessed_eeg/sub-057/ses-varyingStories07/sub-057_ses-varyingStories07_task-listeningActive_run-04_desc-preproc-audio-podcast_24_eeg.npy,/home/fanyu/auditory_simulation_m6a/pub_01/s06/sparrkulee_v3.1/raw/derivatives/preprocessed_stimuli/podcast_24_envelope.npy,sub-057_ses-varyingStories07_task-listeningActive_run-04_eeg.bdf.gz,sub-057,ses-varyingStories07,podcast_24,PASS_VIRTUAL_INITIAL_QC,63544,136,0,WITHIN_3S_ADVISORY,64,PUBLISHER_CONSUMPTION_CONTRACT,0,1,UNASSIGNED,0,0,0.0,UNKNOWN,UNKNOWN,
sub-057_ses-varyingStories07_task-listeningActive_run-05_eeg.bdf.gz,/home/fanyu/auditory_simulation_m6a/pub_01/s06/sparrkulee_v3.1/raw/derivatives/preprocessed_eeg/sub-057/ses-varyingStories07/sub-057_ses-varyingStories07_task-listeningActive_run-05_desc-preproc-audio-podcast_26_eeg.npy,/home/fanyu/auditory_simulation_m6a/pub_01/s06/sparrkulee_v3.1/raw/derivatives/preprocessed_stimuli/podcast_26_envelope.npy,sub-057_ses-varyingStories07_task-listeningActive_run-05_eeg.bdf.gz,sub-057,ses-varyingStories07,podcast_26,PASS_VIRTUAL_INITIAL_QC,50538,150,0,WITHIN_3S_ADVISORY,64,PUBLISHER_CONSUMPTION_CONTRACT,0,1,UNASSIGNED,0,0,0.0,UNKNOWN,UNKNOWN,
sub-057_ses-varyingStories07_task-listeningActive_run-06_eeg.bdf.gz,/home/fanyu/auditory_simulation_m6a/pub_01/s06/sparrkulee_v3.1/raw/derivatives/preprocessed_eeg/sub-057/ses-varyingStories07/sub-057_ses-varyingStories07_task-listeningActive_run-06_desc-preproc-audio-audiobook_13_1_eeg.npy,/home/fanyu/auditory_simulation_m6a/pub_01/s06/sparrkulee_v3.1/raw/derivatives/preprocessed_stimuli/audiobook_13_1_envelope.npy,sub-057_ses-varyingStories07_task-listeningActive_run-06_eeg.bdf.gz,sub-057,ses-varyingStories07,audiobook_13_1,PASS_VIRTUAL_INITIAL_QC,64094,162,0,WITHIN_3S_ADVISORY,64,PUBLISHER_CONSUMPTION_CONTRACT,0,1,UNASSIGNED,0,0,0.0,UNKNOWN,UNKNOWN,
sub-057_ses-varyingStories07_task-listeningActive_run-07_eeg.bdf.gz,/home/fanyu/auditory_simulation_m6a/pub_01/s06/sparrkulee_v3.1/raw/derivatives/preprocessed_eeg/sub-057/ses-varyingStories07/sub-057_ses-varyingStories07_task-listeningActive_run-07_desc-preproc-audio-audiobook_13_2_eeg.npy,/home/fanyu/auditory_simulation_m6a/pub_01/s06/sparrkulee_v3.1/raw/derivatives/preprocessed_stimuli/audiobook_13_2_envelope.npy,sub-057_ses-varyingStories07_task-listeningActive_run-07_eeg.bdf.gz,sub-057,ses-varyingStories07,audiobook_13_2,PASS_VIRTUAL_INITIAL_QC,54494,162,0,WITHIN_3S_ADVISORY,64,PUBLISHER_CONSUMPTION_CONTRACT,0,1,UNASSIGNED,0,0,0.0,UNKNOWN,UNKNOWN,
sub-057_ses-varyingStories07_task-listeningActive_run-08_eeg.bdf.gz,/home/fanyu/auditory_simulation_m6a/pub_01/s06/sparrkulee_v3.1/raw/derivatives/preprocessed_eeg/sub-057/ses-varyingStories07/sub-057_ses-varyingStories07_task-listeningActive_run-08_desc-preproc-audio-podcast_25_eeg.npy,/home/fanyu/auditory_simulation_m6a/pub_01/s06/sparrkulee_v3.1/raw/derivatives/preprocessed_stimuli/podcast_25_envelope.npy,sub-057_ses-varyingStories07_task-listeningActive_run-08_eeg.bdf.gz,sub-057,ses-varyingStories07,podcast_25,PASS_VIRTUAL_INITIAL_QC,62099,173,0,WITHIN_3S_ADVISORY,64,PUBLISHER_CONSUMPTION_CONTRACT,0,1,UNASSIGNED,0,0,0.0,UNKNOWN,UNKNOWN,
sub-058_ses-varyingStories07_task-listeningActive_run-01_eeg.bdf.gz,/home/fanyu/auditory_simulation_m6a/pub_01/s06/sparrkulee_v3.1/raw/derivatives/preprocessed_eeg/sub-058/ses-varyingStories07/sub-058_ses-varyingStories07_task-listeningActive_run-01_desc-preproc-audio-audiobook_1_eeg.npy,/home/fanyu/auditory_simulation_m6a/pub_01/s06/sparrkulee_v3.1/raw/derivatives/preprocessed_stimuli/audiobook_1_envelope.npy,sub-058_ses-varyingStories07_task-listeningActive_run-01_eeg.bdf.gz,sub-058,ses-varyingStories07,audiobook_1,PASS_VIRTUAL_INITIAL_QC,59958,138,0,WITHIN_3S_ADVISORY,64,PUBLISHER_CONSUMPTION_CONTRACT,0,1,UNASSIGNED,0,0,0.0,UNKNOWN,UNKNOWN,
sub-058_ses-varyingStories07_task-listeningActive_run-03_eeg.bdf.gz,/home/fanyu/auditory_simulation_m6a/pub_01/s06/sparrkulee_v3.1/raw/derivatives/preprocessed_eeg/sub-058/ses-varyingStories07/sub-058_ses-varyingStories07_task-listeningActive_run-03_desc-preproc-audio-audiobook_13_1_eeg.npy,/home/fanyu/auditory_simulation_m6a/pub_01/s06/sparrkulee_v3.1/raw/derivatives/preprocessed_stimuli/audiobook_13_1_envelope.npy,sub-058_ses-varyingStories07_task-listeningActive_run-03_eeg.bdf.gz,sub-058,ses-varyingStories07,audiobook_13_1,PASS_VIRTUAL_INITIAL_QC,64094,162,0,WITHIN_3S_ADVISORY,64,PUBLISHER_CONSUMPTION_CONTRACT,0,1,UNASSIGNED,0,0,0.0,UNKNOWN,UNKNOWN,
sub-058_ses-varyingStories07_task-listeningActive_run-04_eeg.bdf.gz,/home/fanyu/auditory_simulation_m6a/pub_01/s06/sparrkulee_v3.1/raw/derivatives/preprocessed_eeg/sub-058/ses-varyingStories07/sub-058_ses-varyingStories07_task-listeningActive_run-04_desc-preproc-audio-audiobook_13_2_eeg.npy,/home/fanyu/auditory_simulation_m6a/pub_01/s06/sparrkulee_v3.1/raw/derivatives/preprocessed_stimuli/audiobook_13_2_envelope.npy,sub-058_ses-varyingStories07_task-listeningActive_run-04_eeg.bdf.gz,sub-058,ses-varyingStories07,audiobook_13_2,PASS_VIRTUAL_INITIAL_QC,54494,162,0,WITHIN_3S_ADVISORY,64,PUBLISHER_CONSUMPTION_CONTRACT,0,1,UNASSIGNED,0,0,0.0,UNKNOWN,UNKNOWN,
sub-058_ses-varyingStories07_task-listeningActive_run-05_eeg.bdf.gz,/home/fanyu/auditory_simulation_m6a/pub_01/s06/sparrkulee_v3.1/raw/derivatives/preprocessed_eeg/sub-058/ses-varyingStories07/sub-058_ses-varyingStories07_task-listeningActive_run-05_desc-preproc-audio-podcast_27_eeg.npy,/home/fanyu/auditory_simulation_m6a/pub_01/s06/sparrkulee_v3.1/raw/derivatives/preprocessed_stimuli/podcast_27_envelope.npy,sub-058_ses-varyingStories07_task-listeningActive_run-05_eeg.bdf.gz,sub-058,ses-varyingStories07,podcast_27,PASS_VIRTUAL_INITIAL_QC,55930,134,0,WITHIN_3S_ADVISORY,64,PUBLISHER_CONSUMPTION_CONTRACT,0,1,UNASSIGNED,0,0,0.0,UNKNOWN,UNKNOWN,
sub-058_ses-varyingStories07_task-listeningActive_run-07_eeg.bdf.gz,/home/fanyu/auditory_simulation_m6a/pub_01/s06/sparrkulee_v3.1/raw/derivatives/preprocessed_eeg/sub-058/ses-varyingStories07/sub-058_ses-varyingStories07_task-listeningActive_run-07_desc-preproc-audio-podcast_24_eeg.npy,/home/fanyu/auditory_simulation_m6a/pub_01/s06/sparrkulee_v3.1/raw/derivatives/preprocessed_stimuli/podcast_24_envelope.npy,sub-058_ses-varyingStories07_task-listeningActive_run-07_eeg.bdf.gz,sub-058,ses-varyingStories07,podcast_24,PASS_VIRTUAL_INITIAL_QC,63544,136,0,WITHIN_3S_ADVISORY,64,PUBLISHER_CONSUMPTION_CONTRACT,0,1,UNASSIGNED,0,0,0.0,UNKNOWN,UNKNOWN,
sub-058_ses-varyingStories07_task-listeningActive_run-08_eeg.bdf.gz,/home/fanyu/auditory_simulation_m6a/pub_01/s06/sparrkulee_v3.1/raw/derivatives/preprocessed_eeg/sub-058/ses-varyingStories07/sub-058_ses-varyingStories07_task-listeningActive_run-08_desc-preproc-audio-podcast_26_eeg.npy,/home/fanyu/auditory_simulation_m6a/pub_01/s06/sparrkulee_v3.1/raw/derivatives/preprocessed_stimuli/podcast_26_envelope.npy,sub-058_ses-varyingStories07_task-listeningActive_run-08_eeg.bdf.gz,sub-058,ses-varyingStories07,podcast_26,PASS_VIRTUAL_INITIAL_QC,50538,150,0,WITHIN_3S_ADVISORY,64,PUBLISHER_CONSUMPTION_CONTRACT,0,1,UNASSIGNED,0,0,0.0,UNKNOWN,UNKNOWN,
sub-058_ses-varyingStories07_task-listeningActive_run-09_eeg.bdf.gz,/home/fanyu/auditory_simulation_m6a/pub_01/s06/sparrkulee_v3.1/raw/derivatives/preprocessed_eeg/sub-058/ses-varyingStories07/sub-058_ses-varyingStories07_task-listeningActive_run-09_desc-preproc-audio-podcast_25_eeg.npy,/home/fanyu/auditory_simulation_m6a/pub_01/s06/sparrkulee_v3.1/raw/derivatives/preprocessed_stimuli/podcast_25_envelope.npy,sub-058_ses-varyingStories07_task-listeningActive_run-09_eeg.bdf.gz,sub-058,ses-varyingStories07,podcast_25,PASS_VIRTUAL_INITIAL_QC,62099,173,0,WITHIN_3S_ADVISORY,64,PUBLISHER_CONSUMPTION_CONTRACT,0,1,UNASSIGNED,0,0,0.0,UNKNOWN,UNKNOWN,
sub-059_ses-varyingStories07_task-listeningActive_run-01_eeg.bdf.gz,/home/fanyu/auditory_simulation_m6a/pub_01/s06/sparrkulee_v3.1/raw/derivatives/preprocessed_eeg/sub-059/ses-varyingStories07/sub-059_ses-varyingStories07_task-listeningActive_run-01_desc-preproc-audio-podcast_25_eeg.npy,/home/fanyu/auditory_simulation_m6a/pub_01/s06/sparrkulee_v3.1/raw/derivatives/preprocessed_stimuli/podcast_25_envelope.npy,sub-059_ses-varyingStories07_task-listeningActive_run-01_eeg.bdf.gz,sub-059,ses-varyingStories07,podcast_25,PASS_VIRTUAL_INITIAL_QC,62099,173,0,WITHIN_3S_ADVISORY,64,PUBLISHER_CONSUMPTION_CONTRACT,0,1,UNASSIGNED,0,0,0.0,UNKNOWN,UNKNOWN,
sub-059_ses-varyingStories07_task-listeningActive_run-02_eeg.bdf.gz,/home/fanyu/auditory_simulation_m6a/pub_01/s06/sparrkulee_v3.1/raw/derivatives/preprocessed_eeg/sub-059/ses-varyingStories07/sub-059_ses-varyingStories07_task-listeningActive_run-02_desc-preproc-audio-podcast_27_eeg.npy,/home/fanyu/auditory_simulation_m6a/pub_01/s06/sparrkulee_v3.1/raw/derivatives/preprocessed_stimuli/podcast_27_envelope.npy,sub-059_ses-varyingStories07_task-listeningActive_run-02_eeg.bdf.gz,sub-059,ses-varyingStories07,podcast_27,PASS_VIRTUAL_INITIAL_QC,55930,134,0,WITHIN_3S_ADVISORY,64,PUBLISHER_CONSUMPTION_CONTRACT,0,1,UNASSIGNED,0,0,0.0,UNKNOWN,UNKNOWN,
sub-059_ses-varyingStories07_task-listeningActive_run-03_eeg.bdf.gz,/home/fanyu/auditory_simulation_m6a/pub_01/s06/sparrkulee_v3.1/raw/derivatives/preprocessed_eeg/sub-059/ses-varyingStories07/sub-059_ses-varyingStories07_task-listeningActive_run-03_desc-preproc-audio-audiobook_13_1_eeg.npy,/home/fanyu/auditory_simulation_m6a/pub_01/s06/sparrkulee_v3.1/raw/derivatives/preprocessed_stimuli/audiobook_13_1_envelope.npy,sub-059_ses-varyingStories07_task-listeningActive_run-03_eeg.bdf.gz,sub-059,ses-varyingStories07,audiobook_13_1,PASS_VIRTUAL_INITIAL_QC,64094,162,0,WITHIN_3S_ADVISORY,64,PUBLISHER_CONSUMPTION_CONTRACT,0,1,UNASSIGNED,0,0,0.0,UNKNOWN,UNKNOWN,
sub-059_ses-varyingStories07_task-listeningActive_run-04_eeg.bdf.gz,/home/fanyu/auditory_simulation_m6a/pub_01/s06/sparrkulee_v3.1/raw/derivatives/preprocessed_eeg/sub-059/ses-varyingStories07/sub-059_ses-varyingStories07_task-listeningActive_run-04_desc-preproc-audio-audiobook_13_2_eeg.npy,/home/fanyu/auditory_simulation_m6a/pub_01/s06/sparrkulee_v3.1/raw/derivatives/preprocessed_stimuli/audiobook_13_2_envelope.npy,sub-059_ses-varyingStories07_task-listeningActive_run-04_eeg.bdf.gz,sub-059,ses-varyingStories07,audiobook_13_2,PASS_VIRTUAL_INITIAL_QC,54494,162,0,WITHIN_3S_ADVISORY,64,PUBLISHER_CONSUMPTION_CONTRACT,0,1,UNASSIGNED,0,0,0.0,UNKNOWN,UNKNOWN,
sub-059_ses-varyingStories07_task-listeningActive_run-06_eeg.bdf.gz,/home/fanyu/auditory_simulation_m6a/pub_01/s06/sparrkulee_v3.1/raw/derivatives/preprocessed_eeg/sub-059/ses-varyingStories07/sub-059_ses-varyingStories07_task-listeningActive_run-06_desc-preproc-audio-audiobook_1_eeg.npy,/home/fanyu/auditory_simulation_m6a/pub_01/s06/sparrkulee_v3.1/raw/derivatives/preprocessed_stimuli/audiobook_1_envelope.npy,sub-059_ses-varyingStories07_task-listeningActive_run-06_eeg.bdf.gz,sub-059,ses-varyingStories07,audiobook_1,PASS_VIRTUAL_INITIAL_QC,59958,138,0,WITHIN_3S_ADVISORY,64,PUBLISHER_CONSUMPTION_CONTRACT,0,1,UNASSIGNED,0,0,0.0,UNKNOWN,UNKNOWN,
sub-059_ses-varyingStories07_task-listeningActive_run-07_eeg.bdf.gz,/home/fanyu/auditory_simulation_m6a/pub_01/s06/sparrkulee_v3.1/raw/derivatives/preprocessed_eeg/sub-059/ses-varyingStories07/sub-059_ses-varyingStories07_task-listeningActive_run-07_desc-preproc-audio-podcast_24_eeg.npy,/home/fanyu/auditory_simulation_m6a/pub_01/s06/sparrkulee_v3.1/raw/derivatives/preprocessed_stimuli/podcast_24_envelope.npy,sub-059_ses-varyingStories07_task-listeningActive_run-07_eeg.bdf.gz,sub-059,ses-varyingStories07,podcast_24,PASS_VIRTUAL_INITIAL_QC,63544,136,0,WITHIN_3S_ADVISORY,64,PUBLISHER_CONSUMPTION_CONTRACT,0,1,UNASSIGNED,0,0,0.0,UNKNOWN,UNKNOWN,
sub-059_ses-varyingStories07_task-listeningActive_run-08_eeg.bdf.gz,/home/fanyu/auditory_simulation_m6a/pub_01/s06/sparrkulee_v3.1/raw/derivatives/preprocessed_eeg/sub-059/ses-varyingStories07/sub-059_ses-varyingStories07_task-listeningActive_run-08_desc-preproc-audio-podcast_26_eeg.npy,/home/fanyu/auditory_simulation_m6a/pub_01/s06/sparrkulee_v3.1/raw/derivatives/preprocessed_stimuli/podcast_26_envelope.npy,sub-059_ses-varyingStories07_task-listeningActive_run-08_eeg.bdf.gz,sub-059,ses-varyingStories07,podcast_26,PASS_VIRTUAL_INITIAL_QC,50538,150,0,WITHIN_3S_ADVISORY,64,PUBLISHER_CONSUMPTION_CONTRACT,0,1,UNASSIGNED,0,0,0.0,UNKNOWN,UNKNOWN,
sub-060_ses-varyingStories07_task-listeningActive_run-01_eeg.bdf.gz,/home/fanyu/auditory_simulation_m6a/pub_01/s06/sparrkulee_v3.1/raw/derivatives/preprocessed_eeg/sub-060/ses-varyingStories07/sub-060_ses-varyingStories07_task-listeningActive_run-01_desc-preproc-audio-podcast_25_eeg.npy,/home/fanyu/auditory_simulation_m6a/pub_01/s06/sparrkulee_v3.1/raw/derivatives/preprocessed_stimuli/podcast_25_envelope.npy,sub-060_ses-varyingStories07_task-listeningActive_run-01_eeg.bdf.gz,sub-060,ses-varyingStories07,podcast_25,PASS_VIRTUAL_INITIAL_QC,62099,173,0,WITHIN_3S_ADVISORY,64,PUBLISHER_CONSUMPTION_CONTRACT,0,1,UNASSIGNED,0,0,0.0,UNKNOWN,UNKNOWN,
sub-060_ses-varyingStories07_task-listeningActive_run-03_eeg.bdf.gz,/home/fanyu/auditory_simulation_m6a/pub_01/s06/sparrkulee_v3.1/raw/derivatives/preprocessed_eeg/sub-060/ses-varyingStories07/sub-060_ses-varyingStories07_task-listeningActive_run-03_desc-preproc-audio-podcast_26_eeg.npy,/home/fanyu/auditory_simulation_m6a/pub_01/s06/sparrkulee_v3.1/raw/derivatives/preprocessed_stimuli/podcast_26_envelope.npy,sub-060_ses-varyingStories07_task-listeningActive_run-03_eeg.bdf.gz,sub-060,ses-varyingStories07,podcast_26,PASS_VIRTUAL_INITIAL_QC,50538,150,0,WITHIN_3S_ADVISORY,64,PUBLISHER_CONSUMPTION_CONTRACT,0,1,UNASSIGNED,0,0,0.0,UNKNOWN,UNKNOWN,
sub-060_ses-varyingStories07_task-listeningActive_run-04_eeg.bdf.gz,/home/fanyu/auditory_simulation_m6a/pub_01/s06/sparrkulee_v3.1/raw/derivatives/preprocessed_eeg/sub-060/ses-varyingStories07/sub-060_ses-varyingStories07_task-listeningActive_run-04_desc-preproc-audio-podcast_24_eeg.npy,/home/fanyu/auditory_simulation_m6a/pub_01/s06/sparrkulee_v3.1/raw/derivatives/preprocessed_stimuli/podcast_24_envelope.npy,sub-060_ses-varyingStories07_task-listeningActive_run-04_eeg.bdf.gz,sub-060,ses-varyingStories07,podcast_24,PASS_VIRTUAL_INITIAL_QC,63544,136,0,WITHIN_3S_ADVISORY,64,PUBLISHER_CONSUMPTION_CONTRACT,0,1,UNASSIGNED,0,0,0.0,UNKNOWN,UNKNOWN,
sub-060_ses-varyingStories07_task-listeningActive_run-05_eeg.bdf.gz,/home/fanyu/auditory_simulation_m6a/pub_01/s06/sparrkulee_v3.1/raw/derivatives/preprocessed_eeg/sub-060/ses-varyingStories07/sub-060_ses-varyingStories07_task-listeningActive_run-05_desc-preproc-audio-audiobook_1_eeg.npy,/home/fanyu/auditory_simulation_m6a/pub_01/s06/sparrkulee_v3.1/raw/derivatives/preprocessed_stimuli/audiobook_1_envelope.npy,sub-060_ses-varyingStories07_task-listeningActive_run-05_eeg.bdf.gz,sub-060,ses-varyingStories07,audiobook_1,PASS_VIRTUAL_INITIAL_QC,59958,138,0,WITHIN_3S_ADVISORY,64,PUBLISHER_CONSUMPTION_CONTRACT,0,1,UNASSIGNED,0,0,0.0,UNKNOWN,UNKNOWN,
sub-060_ses-varyingStories07_task-listeningActive_run-06_eeg.bdf.gz,/home/fanyu/auditory_simulation_m6a/pub_01/s06/sparrkulee_v3.1/raw/derivatives/preprocessed_eeg/sub-060/ses-varyingStories07/sub-060_ses-varyingStories07_task-listeningActive_run-06_desc-preproc-audio-audiobook_13_1_eeg.npy,/home/fanyu/auditory_simulation_m6a/pub_01/s06/sparrkulee_v3.1/raw/derivatives/preprocessed_stimuli/audiobook_13_1_envelope.npy,sub-060_ses-varyingStories07_task-listeningActive_run-06_eeg.bdf.gz,sub-060,ses-varyingStories07,audiobook_13_1,PASS_VIRTUAL_INITIAL_QC,64094,162,0,WITHIN_3S_ADVISORY,64,PUBLISHER_CONSUMPTION_CONTRACT,0,1,UNASSIGNED,0,0,0.0,UNKNOWN,UNKNOWN,
sub-060_ses-varyingStories07_task-listeningActive_run-07_eeg.bdf.gz,/home/fanyu/auditory_simulation_m6a/pub_01/s06/sparrkulee_v3.1/raw/derivatives/preprocessed_eeg/sub-060/ses-varyingStories07/sub-060_ses-varyingStories07_task-listeningActive_run-07_desc-preproc-audio-audiobook_13_2_eeg.npy,/home/fanyu/auditory_simulation_m6a/pub_01/s06/sparrkulee_v3.1/raw/derivatives/preprocessed_stimuli/audiobook_13_2_envelope.npy,sub-060_ses-varyingStories07_task-listeningActive_run-07_eeg.bdf.gz,sub-060,ses-varyingStories07,audiobook_13_2,PASS_VIRTUAL_INITIAL_QC,54494,162,0,WITHIN_3S_ADVISORY,64,PUBLISHER_CONSUMPTION_CONTRACT,0,1,UNASSIGNED,0,0,0.0,UNKNOWN,UNKNOWN,
sub-061_ses-varyingStories07_task-listeningActive_run-01_eeg.bdf.gz,/home/fanyu/auditory_simulation_m6a/pub_01/s06/sparrkulee_v3.1/raw/derivatives/preprocessed_eeg/sub-061/ses-varyingStories07/sub-061_ses-varyingStories07_task-listeningActive_run-01_desc-preproc-audio-audiobook_13_1_eeg.npy,/home/fanyu/auditory_simulation_m6a/pub_01/s06/sparrkulee_v3.1/raw/derivatives/preprocessed_stimuli/audiobook_13_1_envelope.npy,sub-061_ses-varyingStories07_task-listeningActive_run-01_eeg.bdf.gz,sub-061,ses-varyingStories07,audiobook_13_1,PASS_VIRTUAL_INITIAL_QC,64094,162,0,WITHIN_3S_ADVISORY,64,PUBLISHER_CONSUMPTION_CONTRACT,0,1,UNASSIGNED,0,0,0.0,UNKNOWN,UNKNOWN,
sub-061_ses-varyingStories07_task-listeningActive_run-02_eeg.bdf.gz,/home/fanyu/auditory_simulation_m6a/pub_01/s06/sparrkulee_v3.1/raw/derivatives/preprocessed_eeg/sub-061/ses-varyingStories07/sub-061_ses-varyingStories07_task-listeningActive_run-02_desc-preproc-audio-audiobook_13_2_eeg.npy,/home/fanyu/auditory_simulation_m6a/pub_01/s06/sparrkulee_v3.1/raw/derivatives/preprocessed_stimuli/audiobook_13_2_envelope.npy,sub-061_ses-varyingStories07_task-listeningActive_run-02_eeg.bdf.gz,sub-061,ses-varyingStories07,audiobook_13_2,PASS_VIRTUAL_INITIAL_QC,54494,162,0,WITHIN_3S_ADVISORY,64,PUBLISHER_CONSUMPTION_CONTRACT,0,1,UNASSIGNED,0,0,0.0,UNKNOWN,UNKNOWN,
sub-061_ses-varyingStories07_task-listeningActive_run-04_eeg.bdf.gz,/home/fanyu/auditory_simulation_m6a/pub_01/s06/sparrkulee_v3.1/raw/derivatives/preprocessed_eeg/sub-061/ses-varyingStories07/sub-061_ses-varyingStories07_task-listeningActive_run-04_desc-preproc-audio-audiobook_1_eeg.npy,/home/fanyu/auditory_simulation_m6a/pub_01/s06/sparrkulee_v3.1/raw/derivatives/preprocessed_stimuli/audiobook_1_envelope.npy,sub-061_ses-varyingStories07_task-listeningActive_run-04_eeg.bdf.gz,sub-061,ses-varyingStories07,audiobook_1,PASS_VIRTUAL_INITIAL_QC,59958,138,0,WITHIN_3S_ADVISORY,64,PUBLISHER_CONSUMPTION_CONTRACT,0,1,UNASSIGNED,0,0,0.0,UNKNOWN,UNKNOWN,
sub-061_ses-varyingStories07_task-listeningActive_run-05_eeg.bdf.gz,/home/fanyu/auditory_simulation_m6a/pub_01/s06/sparrkulee_v3.1/raw/derivatives/preprocessed_eeg/sub-061/ses-varyingStories07/sub-061_ses-varyingStories07_task-listeningActive_run-05_desc-preproc-audio-podcast_24_eeg.npy,/home/fanyu/auditory_simulation_m6a/pub_01/s06/sparrkulee_v3.1/raw/derivatives/preprocessed_stimuli/podcast_24_envelope.npy,sub-061_ses-varyingStories07_task-listeningActive_run-05_eeg.bdf.gz,sub-061,ses-varyingStories07,podcast_24,PASS_VIRTUAL_INITIAL_QC,63544,136,0,WITHIN_3S_ADVISORY,64,PUBLISHER_CONSUMPTION_CONTRACT,0,1,UNASSIGNED,0,0,0.0,UNKNOWN,UNKNOWN,
sub-061_ses-varyingStories07_task-listeningActive_run-07_eeg.bdf.gz,/home/fanyu/auditory_simulation_m6a/pub_01/s06/sparrkulee_v3.1/raw/derivatives/preprocessed_eeg/sub-061/ses-varyingStories07/sub-061_ses-varyingStories07_task-listeningActive_run-07_desc-preproc-audio-podcast_26_eeg.npy,/home/fanyu/auditory_simulation_m6a/pub_01/s06/sparrkulee_v3.1/raw/derivatives/preprocessed_stimuli/podcast_26_envelope.npy,sub-061_ses-varyingStories07_task-listeningActive_run-07_eeg.bdf.gz,sub-061,ses-varyingStories07,podcast_26,PASS_VIRTUAL_INITIAL_QC,50538,150,0,WITHIN_3S_ADVISORY,64,PUBLISHER_CONSUMPTION_CONTRACT,0,1,UNASSIGNED,0,0,0.0,UNKNOWN,UNKNOWN,
sub-061_ses-varyingStories07_task-listeningActive_run-08_eeg.bdf.gz,/home/fanyu/auditory_simulation_m6a/pub_01/s06/sparrkulee_v3.1/raw/derivatives/preprocessed_eeg/sub-061/ses-varyingStories07/sub-061_ses-varyingStories07_task-listeningActive_run-08_desc-preproc-audio-podcast_27_eeg.npy,/home/fanyu/auditory_simulation_m6a/pub_01/s06/sparrkulee_v3.1/raw/derivatives/preprocessed_stimuli/podcast_27_envelope.npy,sub-061_ses-varyingStories07_task-listeningActive_run-08_eeg.bdf.gz,sub-061,ses-varyingStories07,podcast_27,PASS_VIRTUAL_INITIAL_QC,55930,134,0,WITHIN_3S_ADVISORY,64,PUBLISHER_CONSUMPTION_CONTRACT,0,1,UNASSIGNED,0,0,0.0,UNKNOWN,UNKNOWN,
sub-061_ses-varyingStories07_task-listeningActive_run-09_eeg.bdf.gz,/home/fanyu/auditory_simulation_m6a/pub_01/s06/sparrkulee_v3.1/raw/derivatives/preprocessed_eeg/sub-061/ses-varyingStories07/sub-061_ses-varyingStories07_task-listeningActive_run-09_desc-preproc-audio-podcast_25_eeg.npy,/home/fanyu/auditory_simulation_m6a/pub_01/s06/sparrkulee_v3.1/raw/derivatives/preprocessed_stimuli/podcast_25_envelope.npy,sub-061_ses-varyingStories07_task-listeningActive_run-09_eeg.bdf.gz,sub-061,ses-varyingStories07,podcast_25,PASS_VIRTUAL_INITIAL_QC,62099,173,0,WITHIN_3S_ADVISORY,64,PUBLISHER_CONSUMPTION_CONTRACT,0,1,UNASSIGNED,0,0,0.0,UNKNOWN,UNKNOWN,
sub-062_ses-varyingStories07_task-listeningActive_run-02_eeg.bdf.gz,/home/fanyu/auditory_simulation_m6a/pub_01/s06/sparrkulee_v3.1/raw/derivatives/preprocessed_eeg/sub-062/ses-varyingStories07/sub-062_ses-varyingStories07_task-listeningActive_run-02_desc-preproc-audio-audiobook_1_eeg.npy,/home/fanyu/auditory_simulation_m6a/pub_01/s06/sparrkulee_v3.1/raw/derivatives/preprocessed_stimuli/audiobook_1_envelope.npy,sub-062_ses-varyingStories07_task-listeningActive_run-02_eeg.bdf.gz,sub-062,ses-varyingStories07,audiobook_1,PASS_VIRTUAL_INITIAL_QC,59958,138,0,WITHIN_3S_ADVISORY,64,PUBLISHER_CONSUMPTION_CONTRACT,0,1,UNASSIGNED,0,0,0.0,UNKNOWN,UNKNOWN,
sub-062_ses-varyingStories07_task-listeningActive_run-03_eeg.bdf.gz,/home/fanyu/auditory_simulation_m6a/pub_01/s06/sparrkulee_v3.1/raw/derivatives/preprocessed_eeg/sub-062/ses-varyingStories07/sub-062_ses-varyingStories07_task-listeningActive_run-03_desc-preproc-audio-podcast_24_eeg.npy,/home/fanyu/auditory_simulation_m6a/pub_01/s06/sparrkulee_v3.1/raw/derivatives/preprocessed_stimuli/podcast_24_envelope.npy,sub-062_ses-varyingStories07_task-listeningActive_run-03_eeg.bdf.gz,sub-062,ses-varyingStories07,podcast_24,PASS_VIRTUAL_INITIAL_QC,63544,136,0,WITHIN_3S_ADVISORY,64,PUBLISHER_CONSUMPTION_CONTRACT,0,1,UNASSIGNED,0,0,0.0,UNKNOWN,UNKNOWN,
sub-062_ses-varyingStories07_task-listeningActive_run-04_eeg.bdf.gz,/home/fanyu/auditory_simulation_m6a/pub_01/s06/sparrkulee_v3.1/raw/derivatives/preprocessed_eeg/sub-062/ses-varyingStories07/sub-062_ses-varyingStories07_task-listeningActive_run-04_desc-preproc-audio-podcast_26_eeg.npy,/home/fanyu/auditory_simulation_m6a/pub_01/s06/sparrkulee_v3.1/raw/derivatives/preprocessed_stimuli/podcast_26_envelope.npy,sub-062_ses-varyingStories07_task-listeningActive_run-04_eeg.bdf.gz,sub-062,ses-varyingStories07,podcast_26,PASS_VIRTUAL_INITIAL_QC,50538,150,0,WITHIN_3S_ADVISORY,64,PUBLISHER_CONSUMPTION_CONTRACT,0,1,UNASSIGNED,0,0,0.0,UNKNOWN,UNKNOWN,
sub-062_ses-varyingStories07_task-listeningActive_run-05_eeg.bdf.gz,/home/fanyu/auditory_simulation_m6a/pub_01/s06/sparrkulee_v3.1/raw/derivatives/preprocessed_eeg/sub-062/ses-varyingStories07/sub-062_ses-varyingStories07_task-listeningActive_run-05_desc-preproc-audio-audiobook_13_1_eeg.npy,/home/fanyu/auditory_simulation_m6a/pub_01/s06/sparrkulee_v3.1/raw/derivatives/preprocessed_stimuli/audiobook_13_1_envelope.npy,sub-062_ses-varyingStories07_task-listeningActive_run-05_eeg.bdf.gz,sub-062,ses-varyingStories07,audiobook_13_1,PASS_VIRTUAL_INITIAL_QC,64094,162,0,WITHIN_3S_ADVISORY,64,PUBLISHER_CONSUMPTION_CONTRACT,0,1,UNASSIGNED,0,0,0.0,UNKNOWN,UNKNOWN,
sub-062_ses-varyingStories07_task-listeningActive_run-06_eeg.bdf.gz,/home/fanyu/auditory_simulation_m6a/pub_01/s06/sparrkulee_v3.1/raw/derivatives/preprocessed_eeg/sub-062/ses-varyingStories07/sub-062_ses-varyingStories07_task-listeningActive_run-06_desc-preproc-audio-audiobook_13_2_eeg.npy,/home/fanyu/auditory_simulation_m6a/pub_01/s06/sparrkulee_v3.1/raw/derivatives/preprocessed_stimuli/audiobook_13_2_envelope.npy,sub-062_ses-varyingStories07_task-listeningActive_run-06_eeg.bdf.gz,sub-062,ses-varyingStories07,audiobook_13_2,PASS_VIRTUAL_INITIAL_QC,54494,162,0,WITHIN_3S_ADVISORY,64,PUBLISHER_CONSUMPTION_CONTRACT,0,1,UNASSIGNED,0,0,0.0,UNKNOWN,UNKNOWN,
sub-062_ses-varyingStories07_task-listeningActive_run-08_eeg.bdf.gz,/home/fanyu/auditory_simulation_m6a/pub_01/s06/sparrkulee_v3.1/raw/derivatives/preprocessed_eeg/sub-062/ses-varyingStories07/sub-062_ses-varyingStories07_task-listeningActive_run-08_desc-preproc-audio-podcast_25_eeg.npy,/home/fanyu/auditory_simulation_m6a/pub_01/s06/sparrkulee_v3.1/raw/derivatives/preprocessed_stimuli/podcast_25_envelope.npy,sub-062_ses-varyingStories07_task-listeningActive_run-08_eeg.bdf.gz,sub-062,ses-varyingStories07,podcast_25,PASS_VIRTUAL_INITIAL_QC,62099,173,0,WITHIN_3S_ADVISORY,64,PUBLISHER_CONSUMPTION_CONTRACT,0,1,UNASSIGNED,0,0,0.0,UNKNOWN,UNKNOWN,
sub-062_ses-varyingStories07_task-listeningActive_run-09_eeg.bdf.gz,/home/fanyu/auditory_simulation_m6a/pub_01/s06/sparrkulee_v3.1/raw/derivatives/preprocessed_eeg/sub-062/ses-varyingStories07/sub-062_ses-varyingStories07_task-listeningActive_run-09_desc-preproc-audio-podcast_27_eeg.npy,/home/fanyu/auditory_simulation_m6a/pub_01/s06/sparrkulee_v3.1/raw/derivatives/preprocessed_stimuli/podcast_27_envelope.npy,sub-062_ses-varyingStories07_task-listeningActive_run-09_eeg.bdf.gz,sub-062,ses-varyingStories07,podcast_27,PASS_VIRTUAL_INITIAL_QC,55930,134,0,WITHIN_3S_ADVISORY,64,PUBLISHER_CONSUMPTION_CONTRACT,0,1,UNASSIGNED,0,0,0.0,UNKNOWN,UNKNOWN,
sub-063_ses-varyingStories08_task-listeningActive_run-02_eeg.bdf.gz,/home/fanyu/auditory_simulation_m6a/pub_01/s06/sparrkulee_v3.1/raw/derivatives/preprocessed_eeg/sub-063/ses-varyingStories08/sub-063_ses-varyingStories08_task-listeningActive_run-02_desc-preproc-audio-audiobook_14_1_eeg.npy,/home/fanyu/auditory_simulation_m6a/pub_01/s06/sparrkulee_v3.1/raw/derivatives/preprocessed_stimuli/audiobook_14_1_envelope.npy,sub-063_ses-varyingStories08_task-listeningActive_run-02_eeg.bdf.gz,sub-063,ses-varyingStories08,audiobook_14_1,PASS_VIRTUAL_INITIAL_QC,67344,176,0,WITHIN_3S_ADVISORY,64,PUBLISHER_CONSUMPTION_CONTRACT,0,1,UNASSIGNED,0,0,0.0,UNKNOWN,UNKNOWN,
sub-063_ses-varyingStories08_task-listeningActive_run-03_eeg.bdf.gz,/home/fanyu/auditory_simulation_m6a/pub_01/s06/sparrkulee_v3.1/raw/derivatives/preprocessed_eeg/sub-063/ses-varyingStories08/sub-063_ses-varyingStories08_task-listeningActive_run-03_desc-preproc-audio-audiobook_14_2_eeg.npy,/home/fanyu/auditory_simulation_m6a/pub_01/s06/sparrkulee_v3.1/raw/derivatives/preprocessed_stimuli/audiobook_14_2_envelope.npy,sub-063_ses-varyingStories08_task-listeningActive_run-03_eeg.bdf.gz,sub-063,ses-varyingStories08,audiobook_14_2,PASS_VIRTUAL_INITIAL_QC,73488,176,0,WITHIN_3S_ADVISORY,64,PUBLISHER_CONSUMPTION_CONTRACT,0,1,UNASSIGNED,0,0,0.0,UNKNOWN,UNKNOWN,
sub-063_ses-varyingStories08_task-listeningActive_run-04_eeg.bdf.gz,/home/fanyu/auditory_simulation_m6a/pub_01/s06/sparrkulee_v3.1/raw/derivatives/preprocessed_eeg/sub-063/ses-varyingStories08/sub-063_ses-varyingStories08_task-listeningActive_run-04_desc-preproc-audio-podcast_28_eeg.npy,/home/fanyu/auditory_simulation_m6a/pub_01/s06/sparrkulee_v3.1/raw/derivatives/preprocessed_stimuli/podcast_28_envelope.npy,sub-063_ses-varyingStories08_task-listeningActive_run-04_eeg.bdf.gz,sub-063,ses-varyingStories08,podcast_28,PASS_VIRTUAL_INITIAL_QC,51701,139,0,WITHIN_3S_ADVISORY,64,PUBLISHER_CONSUMPTION_CONTRACT,0,1,UNASSIGNED,0,0,0.0,UNKNOWN,UNKNOWN,
sub-063_ses-varyingStories08_task-listeningActive_run-05_eeg.bdf.gz,/home/fanyu/auditory_simulation_m6a/pub_01/s06/sparrkulee_v3.1/raw/derivatives/preprocessed_eeg/sub-063/ses-varyingStories08/sub-063_ses-varyingStories08_task-listeningActive_run-05_desc-preproc-audio-audiobook_1_eeg.npy,/home/fanyu/auditory_simulation_m6a/pub_01/s06/sparrkulee_v3.1/raw/derivatives/preprocessed_stimuli/audiobook_1_envelope.npy,sub-063_ses-varyingStories08_task-listeningActive_run-05_eeg.bdf.gz,sub-063,ses-varyingStories08,audiobook_1,PASS_VIRTUAL_INITIAL_QC,59958,138,0,WITHIN_3S_ADVISORY,64,PUBLISHER_CONSUMPTION_CONTRACT,0,1,UNASSIGNED,0,0,0.0,UNKNOWN,UNKNOWN,
sub-063_ses-varyingStories08_task-listeningActive_run-06_eeg.bdf.gz,/home/fanyu/auditory_simulation_m6a/pub_01/s06/sparrkulee_v3.1/raw/derivatives/preprocessed_eeg/sub-063/ses-varyingStories08/sub-063_ses-varyingStories08_task-listeningActive_run-06_desc-preproc-audio-podcast_30_eeg.npy,/home/fanyu/auditory_simulation_m6a/pub_01/s06/sparrkulee_v3.1/raw/derivatives/preprocessed_stimuli/podcast_30_envelope.npy,sub-063_ses-varyingStories08_task-listeningActive_run-06_eeg.bdf.gz,sub-063,ses-varyingStories08,podcast_30,PASS_VIRTUAL_INITIAL_QC,62276,188,0,WITHIN_3S_ADVISORY,64,PUBLISHER_CONSUMPTION_CONTRACT,0,1,UNASSIGNED,0,0,0.0,UNKNOWN,UNKNOWN,
sub-063_ses-varyingStories08_task-listeningActive_run-08_eeg.bdf.gz,/home/fanyu/auditory_simulation_m6a/pub_01/s06/sparrkulee_v3.1/raw/derivatives/preprocessed_eeg/sub-063/ses-varyingStories08/sub-063_ses-varyingStories08_task-listeningActive_run-08_desc-preproc-audio-podcast_31_eeg.npy,/home/fanyu/auditory_simulation_m6a/pub_01/s06/sparrkulee_v3.1/raw/derivatives/preprocessed_stimuli/podcast_31_envelope.npy,sub-063_ses-varyingStories08_task-listeningActive_run-08_eeg.bdf.gz,sub-063,ses-varyingStories08,podcast_31,PASS_VIRTUAL_INITIAL_QC,56791,169,0,WITHIN_3S_ADVISORY,64,PUBLISHER_CONSUMPTION_CONTRACT,0,1,UNASSIGNED,0,0,0.0,UNKNOWN,UNKNOWN,
sub-063_ses-varyingStories08_task-listeningActive_run-09_eeg.bdf.gz,/home/fanyu/auditory_simulation_m6a/pub_01/s06/sparrkulee_v3.1/raw/derivatives/preprocessed_eeg/sub-063/ses-varyingStories08/sub-063_ses-varyingStories08_task-listeningActive_run-09_desc-preproc-audio-podcast_29_eeg.npy,/home/fanyu/auditory_simulation_m6a/pub_01/s06/sparrkulee_v3.1/raw/derivatives/preprocessed_stimuli/podcast_29_envelope.npy,sub-063_ses-varyingStories08_task-listeningActive_run-09_eeg.bdf.gz,sub-063,ses-varyingStories08,podcast_29,PASS_VIRTUAL_INITIAL_QC,57689,167,0,WITHIN_3S_ADVISORY,64,PUBLISHER_CONSUMPTION_CONTRACT,0,1,UNASSIGNED,0,0,0.0,UNKNOWN,UNKNOWN,
sub-064_ses-varyingStories08_task-listeningActive_run-01_eeg.bdf.gz,/home/fanyu/auditory_simulation_m6a/pub_01/s06/sparrkulee_v3.1/raw/derivatives/preprocessed_eeg/sub-064/ses-varyingStories08/sub-064_ses-varyingStories08_task-listeningActive_run-01_desc-preproc-audio-audiobook_1_eeg.npy,/home/fanyu/auditory_simulation_m6a/pub_01/s06/sparrkulee_v3.1/raw/derivatives/preprocessed_stimuli/audiobook_1_envelope.npy,sub-064_ses-varyingStories08_task-listeningActive_run-01_eeg.bdf.gz,sub-064,ses-varyingStories08,audiobook_1,PASS_VIRTUAL_INITIAL_QC,59958,138,0,WITHIN_3S_ADVISORY,64,PUBLISHER_CONSUMPTION_CONTRACT,0,1,UNASSIGNED,0,0,0.0,UNKNOWN,UNKNOWN,
sub-064_ses-varyingStories08_task-listeningActive_run-02_eeg.bdf.gz,/home/fanyu/auditory_simulation_m6a/pub_01/s06/sparrkulee_v3.1/raw/derivatives/preprocessed_eeg/sub-064/ses-varyingStories08/sub-064_ses-varyingStories08_task-listeningActive_run-02_desc-preproc-audio-podcast_31_eeg.npy,/home/fanyu/auditory_simulation_m6a/pub_01/s06/sparrkulee_v3.1/raw/derivatives/preprocessed_stimuli/podcast_31_envelope.npy,sub-064_ses-varyingStories08_task-listeningActive_run-02_eeg.bdf.gz,sub-064,ses-varyingStories08,podcast_31,PASS_VIRTUAL_INITIAL_QC,56791,169,0,WITHIN_3S_ADVISORY,64,PUBLISHER_CONSUMPTION_CONTRACT,0,1,UNASSIGNED,0,0,0.0,UNKNOWN,UNKNOWN,
sub-064_ses-varyingStories08_task-listeningActive_run-03_eeg.bdf.gz,/home/fanyu/auditory_simulation_m6a/pub_01/s06/sparrkulee_v3.1/raw/derivatives/preprocessed_eeg/sub-064/ses-varyingStories08/sub-064_ses-varyingStories08_task-listeningActive_run-03_desc-preproc-audio-podcast_30_eeg.npy,/home/fanyu/auditory_simulation_m6a/pub_01/s06/sparrkulee_v3.1/raw/derivatives/preprocessed_stimuli/podcast_30_envelope.npy,sub-064_ses-varyingStories08_task-listeningActive_run-03_eeg.bdf.gz,sub-064,ses-varyingStories08,podcast_30,PASS_VIRTUAL_INITIAL_QC,62276,188,0,WITHIN_3S_ADVISORY,64,PUBLISHER_CONSUMPTION_CONTRACT,0,1,UNASSIGNED,0,0,0.0,UNKNOWN,UNKNOWN,
sub-064_ses-varyingStories08_task-listeningActive_run-04_eeg.bdf.gz,/home/fanyu/auditory_simulation_m6a/pub_01/s06/sparrkulee_v3.1/raw/derivatives/preprocessed_eeg/sub-064/ses-varyingStories08/sub-064_ses-varyingStories08_task-listeningActive_run-04_desc-preproc-audio-audiobook_14_1_eeg.npy,/home/fanyu/auditory_simulation_m6a/pub_01/s06/sparrkulee_v3.1/raw/derivatives/preprocessed_stimuli/audiobook_14_1_envelope.npy,sub-064_ses-varyingStories08_task-listeningActive_run-04_eeg.bdf.gz,sub-064,ses-varyingStories08,audiobook_14_1,PASS_VIRTUAL_INITIAL_QC,67344,176,0,WITHIN_3S_ADVISORY,64,PUBLISHER_CONSUMPTION_CONTRACT,0,1,UNASSIGNED,0,0,0.0,UNKNOWN,UNKNOWN,
sub-064_ses-varyingStories08_task-listeningActive_run-05_eeg.bdf.gz,/home/fanyu/auditory_simulation_m6a/pub_01/s06/sparrkulee_v3.1/raw/derivatives/preprocessed_eeg/sub-064/ses-varyingStories08/sub-064_ses-varyingStories08_task-listeningActive_run-05_desc-preproc-audio-audiobook_14_2_eeg.npy,/home/fanyu/auditory_simulation_m6a/pub_01/s06/sparrkulee_v3.1/raw/derivatives/preprocessed_stimuli/audiobook_14_2_envelope.npy,sub-064_ses-varyingStories08_task-listeningActive_run-05_eeg.bdf.gz,sub-064,ses-varyingStories08,audiobook_14_2,PASS_VIRTUAL_INITIAL_QC,73488,176,0,WITHIN_3S_ADVISORY,64,PUBLISHER_CONSUMPTION_CONTRACT,0,1,UNASSIGNED,0,0,0.0,UNKNOWN,UNKNOWN,
sub-064_ses-varyingStories08_task-listeningActive_run-06_eeg.bdf.gz,/home/fanyu/auditory_simulation_m6a/pub_01/s06/sparrkulee_v3.1/raw/derivatives/preprocessed_eeg/sub-064/ses-varyingStories08/sub-064_ses-varyingStories08_task-listeningActive_run-06_desc-preproc-audio-podcast_28_eeg.npy,/home/fanyu/auditory_simulation_m6a/pub_01/s06/sparrkulee_v3.1/raw/derivatives/preprocessed_stimuli/podcast_28_envelope.npy,sub-064_ses-varyingStories08_task-listeningActive_run-06_eeg.bdf.gz,sub-064,ses-varyingStories08,podcast_28,PASS_VIRTUAL_INITIAL_QC,51701,139,0,WITHIN_3S_ADVISORY,64,PUBLISHER_CONSUMPTION_CONTRACT,0,1,UNASSIGNED,0,0,0.0,UNKNOWN,UNKNOWN,
sub-064_ses-varyingStories08_task-listeningActive_run-09_eeg.bdf.gz,/home/fanyu/auditory_simulation_m6a/pub_01/s06/sparrkulee_v3.1/raw/derivatives/preprocessed_eeg/sub-064/ses-varyingStories08/sub-064_ses-varyingStories08_task-listeningActive_run-09_desc-preproc-audio-podcast_29_eeg.npy,/home/fanyu/auditory_simulation_m6a/pub_01/s06/sparrkulee_v3.1/raw/derivatives/preprocessed_stimuli/podcast_29_envelope.npy,sub-064_ses-varyingStories08_task-listeningActive_run-09_eeg.bdf.gz,sub-064,ses-varyingStories08,podcast_29,PASS_VIRTUAL_INITIAL_QC,57689,167,0,WITHIN_3S_ADVISORY,64,PUBLISHER_CONSUMPTION_CONTRACT,0,1,UNASSIGNED,0,0,0.0,UNKNOWN,UNKNOWN,
sub-065_ses-varyingStories08_task-listeningActive_run-01_eeg.bdf.gz,/home/fanyu/auditory_simulation_m6a/pub_01/s06/sparrkulee_v3.1/raw/derivatives/preprocessed_eeg/sub-065/ses-varyingStories08/sub-065_ses-varyingStories08_task-listeningActive_run-01_desc-preproc-audio-podcast_30_eeg.npy,/home/fanyu/auditory_simulation_m6a/pub_01/s06/sparrkulee_v3.1/raw/derivatives/preprocessed_stimuli/podcast_30_envelope.npy,sub-065_ses-varyingStories08_task-listeningActive_run-01_eeg.bdf.gz,sub-065,ses-varyingStories08,podcast_30,PASS_VIRTUAL_INITIAL_QC,62276,188,0,WITHIN_3S_ADVISORY,64,PUBLISHER_CONSUMPTION_CONTRACT,0,1,UNASSIGNED,0,0,0.0,UNKNOWN,UNKNOWN,
sub-065_ses-varyingStories08_task-listeningActive_run-02_eeg.bdf.gz,/home/fanyu/auditory_simulation_m6a/pub_01/s06/sparrkulee_v3.1/raw/derivatives/preprocessed_eeg/sub-065/ses-varyingStories08/sub-065_ses-varyingStories08_task-listeningActive_run-02_desc-preproc-audio-audiobook_1_eeg.npy,/home/fanyu/auditory_simulation_m6a/pub_01/s06/sparrkulee_v3.1/raw/derivatives/preprocessed_stimuli/audiobook_1_envelope.npy,sub-065_ses-varyingStories08_task-listeningActive_run-02_eeg.bdf.gz,sub-065,ses-varyingStories08,audiobook_1,PASS_VIRTUAL_INITIAL_QC,59958,138,0,WITHIN_3S_ADVISORY,64,PUBLISHER_CONSUMPTION_CONTRACT,0,1,UNASSIGNED,0,0,0.0,UNKNOWN,UNKNOWN,
sub-065_ses-varyingStories08_task-listeningActive_run-03_eeg.bdf.gz,/home/fanyu/auditory_simulation_m6a/pub_01/s06/sparrkulee_v3.1/raw/derivatives/preprocessed_eeg/sub-065/ses-varyingStories08/sub-065_ses-varyingStories08_task-listeningActive_run-03_desc-preproc-audio-audiobook_14_1_eeg.npy,/home/fanyu/auditory_simulation_m6a/pub_01/s06/sparrkulee_v3.1/raw/derivatives/preprocessed_stimuli/audiobook_14_1_envelope.npy,sub-065_ses-varyingStories08_task-listeningActive_run-03_eeg.bdf.gz,sub-065,ses-varyingStories08,audiobook_14_1,PASS_VIRTUAL_INITIAL_QC,67344,176,0,WITHIN_3S_ADVISORY,64,PUBLISHER_CONSUMPTION_CONTRACT,0,1,UNASSIGNED,0,0,0.0,UNKNOWN,UNKNOWN,
sub-065_ses-varyingStories08_task-listeningActive_run-04_eeg.bdf.gz,/home/fanyu/auditory_simulation_m6a/pub_01/s06/sparrkulee_v3.1/raw/derivatives/preprocessed_eeg/sub-065/ses-varyingStories08/sub-065_ses-varyingStories08_task-listeningActive_run-04_desc-preproc-audio-audiobook_14_2_eeg.npy,/home/fanyu/auditory_simulation_m6a/pub_01/s06/sparrkulee_v3.1/raw/derivatives/preprocessed_stimuli/audiobook_14_2_envelope.npy,sub-065_ses-varyingStories08_task-listeningActive_run-04_eeg.bdf.gz,sub-065,ses-varyingStories08,audiobook_14_2,PASS_VIRTUAL_INITIAL_QC,73488,176,0,WITHIN_3S_ADVISORY,64,PUBLISHER_CONSUMPTION_CONTRACT,0,1,UNASSIGNED,0,0,0.0,UNKNOWN,UNKNOWN,
sub-065_ses-varyingStories08_task-listeningActive_run-05_eeg.bdf.gz,/home/fanyu/auditory_simulation_m6a/pub_01/s06/sparrkulee_v3.1/raw/derivatives/preprocessed_eeg/sub-065/ses-varyingStories08/sub-065_ses-varyingStories08_task-listeningActive_run-05_desc-preproc-audio-podcast_29_eeg.npy,/home/fanyu/auditory_simulation_m6a/pub_01/s06/sparrkulee_v3.1/raw/derivatives/preprocessed_stimuli/podcast_29_envelope.npy,sub-065_ses-varyingStories08_task-listeningActive_run-05_eeg.bdf.gz,sub-065,ses-varyingStories08,podcast_29,PASS_VIRTUAL_INITIAL_QC,57689,167,0,WITHIN_3S_ADVISORY,64,PUBLISHER_CONSUMPTION_CONTRACT,0,1,UNASSIGNED,0,0,0.0,UNKNOWN,UNKNOWN,
sub-065_ses-varyingStories08_task-listeningActive_run-08_eeg.bdf.gz,/home/fanyu/auditory_simulation_m6a/pub_01/s06/sparrkulee_v3.1/raw/derivatives/preprocessed_eeg/sub-065/ses-varyingStories08/sub-065_ses-varyingStories08_task-listeningActive_run-08_desc-preproc-audio-podcast_31_eeg.npy,/home/fanyu/auditory_simulation_m6a/pub_01/s06/sparrkulee_v3.1/raw/derivatives/preprocessed_stimuli/podcast_31_envelope.npy,sub-065_ses-varyingStories08_task-listeningActive_run-08_eeg.bdf.gz,sub-065,ses-varyingStories08,podcast_31,PASS_VIRTUAL_INITIAL_QC,56791,169,0,WITHIN_3S_ADVISORY,64,PUBLISHER_CONSUMPTION_CONTRACT,0,1,UNASSIGNED,0,0,0.0,UNKNOWN,UNKNOWN,
sub-065_ses-varyingStories08_task-listeningActive_run-09_eeg.bdf.gz,/home/fanyu/auditory_simulation_m6a/pub_01/s06/sparrkulee_v3.1/raw/derivatives/preprocessed_eeg/sub-065/ses-varyingStories08/sub-065_ses-varyingStories08_task-listeningActive_run-09_desc-preproc-audio-podcast_28_eeg.npy,/home/fanyu/auditory_simulation_m6a/pub_01/s06/sparrkulee_v3.1/raw/derivatives/preprocessed_stimuli/podcast_28_envelope.npy,sub-065_ses-varyingStories08_task-listeningActive_run-09_eeg.bdf.gz,sub-065,ses-varyingStories08,podcast_28,PASS_VIRTUAL_INITIAL_QC,51701,139,0,WITHIN_3S_ADVISORY,64,PUBLISHER_CONSUMPTION_CONTRACT,0,1,UNASSIGNED,0,0,0.0,UNKNOWN,UNKNOWN,
sub-066_ses-varyingStories08_task-listeningActive_run-01_eeg.bdf.gz,/home/fanyu/auditory_simulation_m6a/pub_01/s06/sparrkulee_v3.1/raw/derivatives/preprocessed_eeg/sub-066/ses-varyingStories08/sub-066_ses-varyingStories08_task-listeningActive_run-01_desc-preproc-audio-podcast_29_eeg.npy,/home/fanyu/auditory_simulation_m6a/pub_01/s06/sparrkulee_v3.1/raw/derivatives/preprocessed_stimuli/podcast_29_envelope.npy,sub-066_ses-varyingStories08_task-listeningActive_run-01_eeg.bdf.gz,sub-066,ses-varyingStories08,podcast_29,PASS_VIRTUAL_INITIAL_QC,57689,167,0,WITHIN_3S_ADVISORY,64,PUBLISHER_CONSUMPTION_CONTRACT,0,1,UNASSIGNED,0,0,0.0,UNKNOWN,UNKNOWN,
sub-066_ses-varyingStories08_task-listeningActive_run-02_eeg.bdf.gz,/home/fanyu/auditory_simulation_m6a/pub_01/s06/sparrkulee_v3.1/raw/derivatives/preprocessed_eeg/sub-066/ses-varyingStories08/sub-066_ses-varyingStories08_task-listeningActive_run-02_desc-preproc-audio-audiobook_1_eeg.npy,/home/fanyu/auditory_simulation_m6a/pub_01/s06/sparrkulee_v3.1/raw/derivatives/preprocessed_stimuli/audiobook_1_envelope.npy,sub-066_ses-varyingStories08_task-listeningActive_run-02_eeg.bdf.gz,sub-066,ses-varyingStories08,audiobook_1,PASS_VIRTUAL_INITIAL_QC,59958,138,0,WITHIN_3S_ADVISORY,64,PUBLISHER_CONSUMPTION_CONTRACT,0,1,UNASSIGNED,0,0,0.0,UNKNOWN,UNKNOWN,
sub-066_ses-varyingStories08_task-listeningActive_run-03_eeg.bdf.gz,/home/fanyu/auditory_simulation_m6a/pub_01/s06/sparrkulee_v3.1/raw/derivatives/preprocessed_eeg/sub-066/ses-varyingStories08/sub-066_ses-varyingStories08_task-listeningActive_run-03_desc-preproc-audio-audiobook_14_1_eeg.npy,/home/fanyu/auditory_simulation_m6a/pub_01/s06/sparrkulee_v3.1/raw/derivatives/preprocessed_stimuli/audiobook_14_1_envelope.npy,sub-066_ses-varyingStories08_task-listeningActive_run-03_eeg.bdf.gz,sub-066,ses-varyingStories08,audiobook_14_1,PASS_VIRTUAL_INITIAL_QC,67344,176,0,WITHIN_3S_ADVISORY,64,PUBLISHER_CONSUMPTION_CONTRACT,0,1,UNASSIGNED,0,0,0.0,UNKNOWN,UNKNOWN,
sub-066_ses-varyingStories08_task-listeningActive_run-04_eeg.bdf.gz,/home/fanyu/auditory_simulation_m6a/pub_01/s06/sparrkulee_v3.1/raw/derivatives/preprocessed_eeg/sub-066/ses-varyingStories08/sub-066_ses-varyingStories08_task-listeningActive_run-04_desc-preproc-audio-audiobook_14_2_eeg.npy,/home/fanyu/auditory_simulation_m6a/pub_01/s06/sparrkulee_v3.1/raw/derivatives/preprocessed_stimuli/audiobook_14_2_envelope.npy,sub-066_ses-varyingStories08_task-listeningActive_run-04_eeg.bdf.gz,sub-066,ses-varyingStories08,audiobook_14_2,PASS_VIRTUAL_INITIAL_QC,73488,176,0,WITHIN_3S_ADVISORY,64,PUBLISHER_CONSUMPTION_CONTRACT,0,1,UNASSIGNED,0,0,0.0,UNKNOWN,UNKNOWN,
sub-066_ses-varyingStories08_task-listeningActive_run-07_eeg.bdf.gz,/home/fanyu/auditory_simulation_m6a/pub_01/s06/sparrkulee_v3.1/raw/derivatives/preprocessed_eeg/sub-066/ses-varyingStories08/sub-066_ses-varyingStories08_task-listeningActive_run-07_desc-preproc-audio-podcast_31_eeg.npy,/home/fanyu/auditory_simulation_m6a/pub_01/s06/sparrkulee_v3.1/raw/derivatives/preprocessed_stimuli/podcast_31_envelope.npy,sub-066_ses-varyingStories08_task-listeningActive_run-07_eeg.bdf.gz,sub-066,ses-varyingStories08,podcast_31,PASS_VIRTUAL_INITIAL_QC,56791,169,0,WITHIN_3S_ADVISORY,64,PUBLISHER_CONSUMPTION_CONTRACT,0,1,UNASSIGNED,0,0,0.0,UNKNOWN,UNKNOWN,
sub-066_ses-varyingStories08_task-listeningActive_run-08_eeg.bdf.gz,/home/fanyu/auditory_simulation_m6a/pub_01/s06/sparrkulee_v3.1/raw/derivatives/preprocessed_eeg/sub-066/ses-varyingStories08/sub-066_ses-varyingStories08_task-listeningActive_run-08_desc-preproc-audio-podcast_30_eeg.npy,/home/fanyu/auditory_simulation_m6a/pub_01/s06/sparrkulee_v3.1/raw/derivatives/preprocessed_stimuli/podcast_30_envelope.npy,sub-066_ses-varyingStories08_task-listeningActive_run-08_eeg.bdf.gz,sub-066,ses-varyingStories08,podcast_30,PASS_VIRTUAL_INITIAL_QC,62276,188,0,WITHIN_3S_ADVISORY,64,PUBLISHER_CONSUMPTION_CONTRACT,0,1,UNASSIGNED,0,0,0.0,UNKNOWN,UNKNOWN,
sub-066_ses-varyingStories08_task-listeningActive_run-09_eeg.bdf.gz,/home/fanyu/auditory_simulation_m6a/pub_01/s06/sparrkulee_v3.1/raw/derivatives/preprocessed_eeg/sub-066/ses-varyingStories08/sub-066_ses-varyingStories08_task-listeningActive_run-09_desc-preproc-audio-podcast_28_eeg.npy,/home/fanyu/auditory_simulation_m6a/pub_01/s06/sparrkulee_v3.1/raw/derivatives/preprocessed_stimuli/podcast_28_envelope.npy,sub-066_ses-varyingStories08_task-listeningActive_run-09_eeg.bdf.gz,sub-066,ses-varyingStories08,podcast_28,PASS_VIRTUAL_INITIAL_QC,51701,139,0,WITHIN_3S_ADVISORY,64,PUBLISHER_CONSUMPTION_CONTRACT,0,1,UNASSIGNED,0,0,0.0,UNKNOWN,UNKNOWN,
sub-067_ses-varyingStories08_task-listeningActive_run-01_eeg.bdf.gz,/home/fanyu/auditory_simulation_m6a/pub_01/s06/sparrkulee_v3.1/raw/derivatives/preprocessed_eeg/sub-067/ses-varyingStories08/sub-067_ses-varyingStories08_task-listeningActive_run-01_desc-preproc-audio-podcast_30_eeg.npy,/home/fanyu/auditory_simulation_m6a/pub_01/s06/sparrkulee_v3.1/raw/derivatives/preprocessed_stimuli/podcast_30_envelope.npy,sub-067_ses-varyingStories08_task-listeningActive_run-01_eeg.bdf.gz,sub-067,ses-varyingStories08,podcast_30,PASS_VIRTUAL_INITIAL_QC,62276,188,0,WITHIN_3S_ADVISORY,64,PUBLISHER_CONSUMPTION_CONTRACT,0,1,UNASSIGNED,0,0,0.0,UNKNOWN,UNKNOWN,
sub-067_ses-varyingStories08_task-listeningActive_run-02_eeg.bdf.gz,/home/fanyu/auditory_simulation_m6a/pub_01/s06/sparrkulee_v3.1/raw/derivatives/preprocessed_eeg/sub-067/ses-varyingStories08/sub-067_ses-varyingStories08_task-listeningActive_run-02_desc-preproc-audio-audiobook_1_eeg.npy,/home/fanyu/auditory_simulation_m6a/pub_01/s06/sparrkulee_v3.1/raw/derivatives/preprocessed_stimuli/audiobook_1_envelope.npy,sub-067_ses-varyingStories08_task-listeningActive_run-02_eeg.bdf.gz,sub-067,ses-varyingStories08,audiobook_1,PASS_VIRTUAL_INITIAL_QC,59958,138,0,WITHIN_3S_ADVISORY,64,PUBLISHER_CONSUMPTION_CONTRACT,0,1,UNASSIGNED,0,0,0.0,UNKNOWN,UNKNOWN,
sub-067_ses-varyingStories08_task-listeningActive_run-03_eeg.bdf.gz,/home/fanyu/auditory_simulation_m6a/pub_01/s06/sparrkulee_v3.1/raw/derivatives/preprocessed_eeg/sub-067/ses-varyingStories08/sub-067_ses-varyingStories08_task-listeningActive_run-03_desc-preproc-audio-audiobook_14_1_eeg.npy,/home/fanyu/auditory_simulation_m6a/pub_01/s06/sparrkulee_v3.1/raw/derivatives/preprocessed_stimuli/audiobook_14_1_envelope.npy,sub-067_ses-varyingStories08_task-listeningActive_run-03_eeg.bdf.gz,sub-067,ses-varyingStories08,audiobook_14_1,PASS_VIRTUAL_INITIAL_QC,67344,176,0,WITHIN_3S_ADVISORY,64,PUBLISHER_CONSUMPTION_CONTRACT,0,1,UNASSIGNED,0,0,0.0,UNKNOWN,UNKNOWN,
sub-067_ses-varyingStories08_task-listeningActive_run-04_eeg.bdf.gz,/home/fanyu/auditory_simulation_m6a/pub_01/s06/sparrkulee_v3.1/raw/derivatives/preprocessed_eeg/sub-067/ses-varyingStories08/sub-067_ses-varyingStories08_task-listeningActive_run-04_desc-preproc-audio-audiobook_14_2_eeg.npy,/home/fanyu/auditory_simulation_m6a/pub_01/s06/sparrkulee_v3.1/raw/derivatives/preprocessed_stimuli/audiobook_14_2_envelope.npy,sub-067_ses-varyingStories08_task-listeningActive_run-04_eeg.bdf.gz,sub-067,ses-varyingStories08,audiobook_14_2,PASS_VIRTUAL_INITIAL_QC,73488,176,0,WITHIN_3S_ADVISORY,64,PUBLISHER_CONSUMPTION_CONTRACT,0,1,UNASSIGNED,0,0,0.0,UNKNOWN,UNKNOWN,
sub-067_ses-varyingStories08_task-listeningActive_run-05_eeg.bdf.gz,/home/fanyu/auditory_simulation_m6a/pub_01/s06/sparrkulee_v3.1/raw/derivatives/preprocessed_eeg/sub-067/ses-varyingStories08/sub-067_ses-varyingStories08_task-listeningActive_run-05_desc-preproc-audio-podcast_29_eeg.npy,/home/fanyu/auditory_simulation_m6a/pub_01/s06/sparrkulee_v3.1/raw/derivatives/preprocessed_stimuli/podcast_29_envelope.npy,sub-067_ses-varyingStories08_task-listeningActive_run-05_eeg.bdf.gz,sub-067,ses-varyingStories08,podcast_29,PASS_VIRTUAL_INITIAL_QC,57689,167,0,WITHIN_3S_ADVISORY,64,PUBLISHER_CONSUMPTION_CONTRACT,0,1,UNASSIGNED,0,0,0.0,UNKNOWN,UNKNOWN,
sub-067_ses-varyingStories08_task-listeningActive_run-07_eeg.bdf.gz,/home/fanyu/auditory_simulation_m6a/pub_01/s06/sparrkulee_v3.1/raw/derivatives/preprocessed_eeg/sub-067/ses-varyingStories08/sub-067_ses-varyingStories08_task-listeningActive_run-07_desc-preproc-audio-podcast_31_eeg.npy,/home/fanyu/auditory_simulation_m6a/pub_01/s06/sparrkulee_v3.1/raw/derivatives/preprocessed_stimuli/podcast_31_envelope.npy,sub-067_ses-varyingStories08_task-listeningActive_run-07_eeg.bdf.gz,sub-067,ses-varyingStories08,podcast_31,PASS_VIRTUAL_INITIAL_QC,56791,169,0,WITHIN_3S_ADVISORY,64,PUBLISHER_CONSUMPTION_CONTRACT,0,1,UNASSIGNED,0,0,0.0,UNKNOWN,UNKNOWN,
sub-067_ses-varyingStories08_task-listeningActive_run-08_eeg.bdf.gz,/home/fanyu/auditory_simulation_m6a/pub_01/s06/sparrkulee_v3.1/raw/derivatives/preprocessed_eeg/sub-067/ses-varyingStories08/sub-067_ses-varyingStories08_task-listeningActive_run-08_desc-preproc-audio-podcast_28_eeg.npy,/home/fanyu/auditory_simulation_m6a/pub_01/s06/sparrkulee_v3.1/raw/derivatives/preprocessed_stimuli/podcast_28_envelope.npy,sub-067_ses-varyingStories08_task-listeningActive_run-08_eeg.bdf.gz,sub-067,ses-varyingStories08,podcast_28,PASS_VIRTUAL_INITIAL_QC,51701,139,0,WITHIN_3S_ADVISORY,64,PUBLISHER_CONSUMPTION_CONTRACT,0,1,UNASSIGNED,0,0,0.0,UNKNOWN,UNKNOWN,
sub-068_ses-varyingStories08_task-listeningActive_run-02_eeg.bdf.gz,/home/fanyu/auditory_simulation_m6a/pub_01/s06/sparrkulee_v3.1/raw/derivatives/preprocessed_eeg/sub-068/ses-varyingStories08/sub-068_ses-varyingStories08_task-listeningActive_run-02_desc-preproc-audio-audiobook_1_eeg.npy,/home/fanyu/auditory_simulation_m6a/pub_01/s06/sparrkulee_v3.1/raw/derivatives/preprocessed_stimuli/audiobook_1_envelope.npy,sub-068_ses-varyingStories08_task-listeningActive_run-02_eeg.bdf.gz,sub-068,ses-varyingStories08,audiobook_1,PASS_VIRTUAL_INITIAL_QC,59958,138,0,WITHIN_3S_ADVISORY,64,PUBLISHER_CONSUMPTION_CONTRACT,0,1,UNASSIGNED,0,0,0.0,UNKNOWN,UNKNOWN,
sub-068_ses-varyingStories08_task-listeningActive_run-03_eeg.bdf.gz,/home/fanyu/auditory_simulation_m6a/pub_01/s06/sparrkulee_v3.1/raw/derivatives/preprocessed_eeg/sub-068/ses-varyingStories08/sub-068_ses-varyingStories08_task-listeningActive_run-03_desc-preproc-audio-podcast_29_eeg.npy,/home/fanyu/auditory_simulation_m6a/pub_01/s06/sparrkulee_v3.1/raw/derivatives/preprocessed_stimuli/podcast_29_envelope.npy,sub-068_ses-varyingStories08_task-listeningActive_run-03_eeg.bdf.gz,sub-068,ses-varyingStories08,podcast_29,PASS_VIRTUAL_INITIAL_QC,57689,167,0,WITHIN_3S_ADVISORY,64,PUBLISHER_CONSUMPTION_CONTRACT,0,1,UNASSIGNED,0,0,0.0,UNKNOWN,UNKNOWN,
sub-068_ses-varyingStories08_task-listeningActive_run-04_eeg.bdf.gz,/home/fanyu/auditory_simulation_m6a/pub_01/s06/sparrkulee_v3.1/raw/derivatives/preprocessed_eeg/sub-068/ses-varyingStories08/sub-068_ses-varyingStories08_task-listeningActive_run-04_desc-preproc-audio-podcast_31_eeg.npy,/home/fanyu/auditory_simulation_m6a/pub_01/s06/sparrkulee_v3.1/raw/derivatives/preprocessed_stimuli/podcast_31_envelope.npy,sub-068_ses-varyingStories08_task-listeningActive_run-04_eeg.bdf.gz,sub-068,ses-varyingStories08,podcast_31,PASS_VIRTUAL_INITIAL_QC,56791,169,0,WITHIN_3S_ADVISORY,64,PUBLISHER_CONSUMPTION_CONTRACT,0,1,UNASSIGNED,0,0,0.0,UNKNOWN,UNKNOWN,
sub-068_ses-varyingStories08_task-listeningActive_run-05_eeg.bdf.gz,/home/fanyu/auditory_simulation_m6a/pub_01/s06/sparrkulee_v3.1/raw/derivatives/preprocessed_eeg/sub-068/ses-varyingStories08/sub-068_ses-varyingStories08_task-listeningActive_run-05_desc-preproc-audio-audiobook_14_1_eeg.npy,/home/fanyu/auditory_simulation_m6a/pub_01/s06/sparrkulee_v3.1/raw/derivatives/preprocessed_stimuli/audiobook_14_1_envelope.npy,sub-068_ses-varyingStories08_task-listeningActive_run-05_eeg.bdf.gz,sub-068,ses-varyingStories08,audiobook_14_1,PASS_VIRTUAL_INITIAL_QC,67344,176,0,WITHIN_3S_ADVISORY,64,PUBLISHER_CONSUMPTION_CONTRACT,0,1,UNASSIGNED,0,0,0.0,UNKNOWN,UNKNOWN,
sub-068_ses-varyingStories08_task-listeningActive_run-06_eeg.bdf.gz,/home/fanyu/auditory_simulation_m6a/pub_01/s06/sparrkulee_v3.1/raw/derivatives/preprocessed_eeg/sub-068/ses-varyingStories08/sub-068_ses-varyingStories08_task-listeningActive_run-06_desc-preproc-audio-audiobook_14_2_eeg.npy,/home/fanyu/auditory_simulation_m6a/pub_01/s06/sparrkulee_v3.1/raw/derivatives/preprocessed_stimuli/audiobook_14_2_envelope.npy,sub-068_ses-varyingStories08_task-listeningActive_run-06_eeg.bdf.gz,sub-068,ses-varyingStories08,audiobook_14_2,PASS_VIRTUAL_INITIAL_QC,73488,176,0,WITHIN_3S_ADVISORY,64,PUBLISHER_CONSUMPTION_CONTRACT,0,1,UNASSIGNED,0,0,0.0,UNKNOWN,UNKNOWN,
sub-068_ses-varyingStories08_task-listeningActive_run-07_eeg.bdf.gz,/home/fanyu/auditory_simulation_m6a/pub_01/s06/sparrkulee_v3.1/raw/derivatives/preprocessed_eeg/sub-068/ses-varyingStories08/sub-068_ses-varyingStories08_task-listeningActive_run-07_desc-preproc-audio-podcast_30_eeg.npy,/home/fanyu/auditory_simulation_m6a/pub_01/s06/sparrkulee_v3.1/raw/derivatives/preprocessed_stimuli/podcast_30_envelope.npy,sub-068_ses-varyingStories08_task-listeningActive_run-07_eeg.bdf.gz,sub-068,ses-varyingStories08,podcast_30,PASS_VIRTUAL_INITIAL_QC,62276,188,0,WITHIN_3S_ADVISORY,64,PUBLISHER_CONSUMPTION_CONTRACT,0,1,UNASSIGNED,0,0,0.0,UNKNOWN,UNKNOWN,
sub-068_ses-varyingStories08_task-listeningActive_run-09_eeg.bdf.gz,/home/fanyu/auditory_simulation_m6a/pub_01/s06/sparrkulee_v3.1/raw/derivatives/preprocessed_eeg/sub-068/ses-varyingStories08/sub-068_ses-varyingStories08_task-listeningActive_run-09_desc-preproc-audio-podcast_28_eeg.npy,/home/fanyu/auditory_simulation_m6a/pub_01/s06/sparrkulee_v3.1/raw/derivatives/preprocessed_stimuli/podcast_28_envelope.npy,sub-068_ses-varyingStories08_task-listeningActive_run-09_eeg.bdf.gz,sub-068,ses-varyingStories08,podcast_28,PASS_VIRTUAL_INITIAL_QC,51701,139,0,WITHIN_3S_ADVISORY,64,PUBLISHER_CONSUMPTION_CONTRACT,0,1,UNASSIGNED,0,0,0.0,UNKNOWN,UNKNOWN,
sub-069_ses-varyingStories08_task-listeningActive_run-01_eeg.bdf.gz,/home/fanyu/auditory_simulation_m6a/pub_01/s06/sparrkulee_v3.1/raw/derivatives/preprocessed_eeg/sub-069/ses-varyingStories08/sub-069_ses-varyingStories08_task-listeningActive_run-01_desc-preproc-audio-podcast_29_eeg.npy,/home/fanyu/auditory_simulation_m6a/pub_01/s06/sparrkulee_v3.1/raw/derivatives/preprocessed_stimuli/podcast_29_envelope.npy,sub-069_ses-varyingStories08_task-listeningActive_run-01_eeg.bdf.gz,sub-069,ses-varyingStories08,podcast_29,PASS_VIRTUAL_INITIAL_QC,57689,167,0,WITHIN_3S_ADVISORY,64,PUBLISHER_CONSUMPTION_CONTRACT,0,1,UNASSIGNED,0,0,0.0,UNKNOWN,UNKNOWN,
sub-069_ses-varyingStories08_task-listeningActive_run-03_eeg.bdf.gz,/home/fanyu/auditory_simulation_m6a/pub_01/s06/sparrkulee_v3.1/raw/derivatives/preprocessed_eeg/sub-069/ses-varyingStories08/sub-069_ses-varyingStories08_task-listeningActive_run-03_desc-preproc-audio-audiobook_14_1_eeg.npy,/home/fanyu/auditory_simulation_m6a/pub_01/s06/sparrkulee_v3.1/raw/derivatives/preprocessed_stimuli/audiobook_14_1_envelope.npy,sub-069_ses-varyingStories08_task-listeningActive_run-03_eeg.bdf.gz,sub-069,ses-varyingStories08,audiobook_14_1,PASS_VIRTUAL_INITIAL_QC,67344,176,0,WITHIN_3S_ADVISORY,64,PUBLISHER_CONSUMPTION_CONTRACT,0,1,UNASSIGNED,0,0,0.0,UNKNOWN,UNKNOWN,
sub-069_ses-varyingStories08_task-listeningActive_run-04_eeg.bdf.gz,/home/fanyu/auditory_simulation_m6a/pub_01/s06/sparrkulee_v3.1/raw/derivatives/preprocessed_eeg/sub-069/ses-varyingStories08/sub-069_ses-varyingStories08_task-listeningActive_run-04_desc-preproc-audio-audiobook_14_2_eeg.npy,/home/fanyu/auditory_simulation_m6a/pub_01/s06/sparrkulee_v3.1/raw/derivatives/preprocessed_stimuli/audiobook_14_2_envelope.npy,sub-069_ses-varyingStories08_task-listeningActive_run-04_eeg.bdf.gz,sub-069,ses-varyingStories08,audiobook_14_2,PASS_VIRTUAL_INITIAL_QC,73488,176,0,WITHIN_3S_ADVISORY,64,PUBLISHER_CONSUMPTION_CONTRACT,0,1,UNASSIGNED,0,0,0.0,UNKNOWN,UNKNOWN,
sub-069_ses-varyingStories08_task-listeningActive_run-06_eeg.bdf.gz,/home/fanyu/auditory_simulation_m6a/pub_01/s06/sparrkulee_v3.1/raw/derivatives/preprocessed_eeg/sub-069/ses-varyingStories08/sub-069_ses-varyingStories08_task-listeningActive_run-06_desc-preproc-audio-podcast_28_eeg.npy,/home/fanyu/auditory_simulation_m6a/pub_01/s06/sparrkulee_v3.1/raw/derivatives/preprocessed_stimuli/podcast_28_envelope.npy,sub-069_ses-varyingStories08_task-listeningActive_run-06_eeg.bdf.gz,sub-069,ses-varyingStories08,podcast_28,PASS_VIRTUAL_INITIAL_QC,51701,139,0,WITHIN_3S_ADVISORY,64,PUBLISHER_CONSUMPTION_CONTRACT,0,1,UNASSIGNED,0,0,0.0,UNKNOWN,UNKNOWN,
sub-069_ses-varyingStories08_task-listeningActive_run-07_eeg.bdf.gz,/home/fanyu/auditory_simulation_m6a/pub_01/s06/sparrkulee_v3.1/raw/derivatives/preprocessed_eeg/sub-069/ses-varyingStories08/sub-069_ses-varyingStories08_task-listeningActive_run-07_desc-preproc-audio-podcast_30_eeg.npy,/home/fanyu/auditory_simulation_m6a/pub_01/s06/sparrkulee_v3.1/raw/derivatives/preprocessed_stimuli/podcast_30_envelope.npy,sub-069_ses-varyingStories08_task-listeningActive_run-07_eeg.bdf.gz,sub-069,ses-varyingStories08,podcast_30,PASS_VIRTUAL_INITIAL_QC,62276,188,0,WITHIN_3S_ADVISORY,64,PUBLISHER_CONSUMPTION_CONTRACT,0,1,UNASSIGNED,0,0,0.0,UNKNOWN,UNKNOWN,
sub-069_ses-varyingStories08_task-listeningActive_run-08_eeg.bdf.gz,/home/fanyu/auditory_simulation_m6a/pub_01/s06/sparrkulee_v3.1/raw/derivatives/preprocessed_eeg/sub-069/ses-varyingStories08/sub-069_ses-varyingStories08_task-listeningActive_run-08_desc-preproc-audio-podcast_31_eeg.npy,/home/fanyu/auditory_simulation_m6a/pub_01/s06/sparrkulee_v3.1/raw/derivatives/preprocessed_stimuli/podcast_31_envelope.npy,sub-069_ses-varyingStories08_task-listeningActive_run-08_eeg.bdf.gz,sub-069,ses-varyingStories08,podcast_31,PASS_VIRTUAL_INITIAL_QC,56791,169,0,WITHIN_3S_ADVISORY,64,PUBLISHER_CONSUMPTION_CONTRACT,0,1,UNASSIGNED,0,0,0.0,UNKNOWN,UNKNOWN,
sub-069_ses-varyingStories08_task-listeningActive_run-09_eeg.bdf.gz,/home/fanyu/auditory_simulation_m6a/pub_01/s06/sparrkulee_v3.1/raw/derivatives/preprocessed_eeg/sub-069/ses-varyingStories08/sub-069_ses-varyingStories08_task-listeningActive_run-09_desc-preproc-audio-audiobook_1_eeg.npy,/home/fanyu/auditory_simulation_m6a/pub_01/s06/sparrkulee_v3.1/raw/derivatives/preprocessed_stimuli/audiobook_1_envelope.npy,sub-069_ses-varyingStories08_task-listeningActive_run-09_eeg.bdf.gz,sub-069,ses-varyingStories08,audiobook_1,PASS_VIRTUAL_INITIAL_QC,59958,138,0,WITHIN_3S_ADVISORY,64,PUBLISHER_CONSUMPTION_CONTRACT,0,1,UNASSIGNED,0,0,0.0,UNKNOWN,UNKNOWN,
sub-070_ses-varyingStories08_task-listeningActive_run-03_eeg.bdf.gz,/home/fanyu/auditory_simulation_m6a/pub_01/s06/sparrkulee_v3.1/raw/derivatives/preprocessed_eeg/sub-070/ses-varyingStories08/sub-070_ses-varyingStories08_task-listeningActive_run-03_desc-preproc-audio-podcast_28_eeg.npy,/home/fanyu/auditory_simulation_m6a/pub_01/s06/sparrkulee_v3.1/raw/derivatives/preprocessed_stimuli/podcast_28_envelope.npy,sub-070_ses-varyingStories08_task-listeningActive_run-03_eeg.bdf.gz,sub-070,ses-varyingStories08,podcast_28,PASS_VIRTUAL_INITIAL_QC,51701,139,0,WITHIN_3S_ADVISORY,64,PUBLISHER_CONSUMPTION_CONTRACT,0,1,UNASSIGNED,0,0,0.0,UNKNOWN,UNKNOWN,
sub-070_ses-varyingStories08_task-listeningActive_run-04_eeg.bdf.gz,/home/fanyu/auditory_simulation_m6a/pub_01/s06/sparrkulee_v3.1/raw/derivatives/preprocessed_eeg/sub-070/ses-varyingStories08/sub-070_ses-varyingStories08_task-listeningActive_run-04_desc-preproc-audio-podcast_30_eeg.npy,/home/fanyu/auditory_simulation_m6a/pub_01/s06/sparrkulee_v3.1/raw/derivatives/preprocessed_stimuli/podcast_30_envelope.npy,sub-070_ses-varyingStories08_task-listeningActive_run-04_eeg.bdf.gz,sub-070,ses-varyingStories08,podcast_30,PASS_VIRTUAL_INITIAL_QC,62276,188,0,WITHIN_3S_ADVISORY,64,PUBLISHER_CONSUMPTION_CONTRACT,0,1,UNASSIGNED,0,0,0.0,UNKNOWN,UNKNOWN,
sub-070_ses-varyingStories08_task-listeningActive_run-05_eeg.bdf.gz,/home/fanyu/auditory_simulation_m6a/pub_01/s06/sparrkulee_v3.1/raw/derivatives/preprocessed_eeg/sub-070/ses-varyingStories08/sub-070_ses-varyingStories08_task-listeningActive_run-05_desc-preproc-audio-audiobook_14_1_eeg.npy,/home/fanyu/auditory_simulation_m6a/pub_01/s06/sparrkulee_v3.1/raw/derivatives/preprocessed_stimuli/audiobook_14_1_envelope.npy,sub-070_ses-varyingStories08_task-listeningActive_run-05_eeg.bdf.gz,sub-070,ses-varyingStories08,audiobook_14_1,PASS_VIRTUAL_INITIAL_QC,67344,176,0,WITHIN_3S_ADVISORY,64,PUBLISHER_CONSUMPTION_CONTRACT,0,1,UNASSIGNED,0,0,0.0,UNKNOWN,UNKNOWN,
sub-070_ses-varyingStories08_task-listeningActive_run-06_eeg.bdf.gz,/home/fanyu/auditory_simulation_m6a/pub_01/s06/sparrkulee_v3.1/raw/derivatives/preprocessed_eeg/sub-070/ses-varyingStories08/sub-070_ses-varyingStories08_task-listeningActive_run-06_desc-preproc-audio-audiobook_14_2_eeg.npy,/home/fanyu/auditory_simulation_m6a/pub_01/s06/sparrkulee_v3.1/raw/derivatives/preprocessed_stimuli/audiobook_14_2_envelope.npy,sub-070_ses-varyingStories08_task-listeningActive_run-06_eeg.bdf.gz,sub-070,ses-varyingStories08,audiobook_14_2,PASS_VIRTUAL_INITIAL_QC,73488,176,0,WITHIN_3S_ADVISORY,64,PUBLISHER_CONSUMPTION_CONTRACT,0,1,UNASSIGNED,0,0,0.0,UNKNOWN,UNKNOWN,
sub-070_ses-varyingStories08_task-listeningActive_run-07_eeg.bdf.gz,/home/fanyu/auditory_simulation_m6a/pub_01/s06/sparrkulee_v3.1/raw/derivatives/preprocessed_eeg/sub-070/ses-varyingStories08/sub-070_ses-varyingStories08_task-listeningActive_run-07_desc-preproc-audio-podcast_31_eeg.npy,/home/fanyu/auditory_simulation_m6a/pub_01/s06/sparrkulee_v3.1/raw/derivatives/preprocessed_stimuli/podcast_31_envelope.npy,sub-070_ses-varyingStories08_task-listeningActive_run-07_eeg.bdf.gz,sub-070,ses-varyingStories08,podcast_31,PASS_VIRTUAL_INITIAL_QC,56791,169,0,WITHIN_3S_ADVISORY,64,PUBLISHER_CONSUMPTION_CONTRACT,0,1,UNASSIGNED,0,0,0.0,UNKNOWN,UNKNOWN,
sub-070_ses-varyingStories08_task-listeningActive_run-08_eeg.bdf.gz,/home/fanyu/auditory_simulation_m6a/pub_01/s06/sparrkulee_v3.1/raw/derivatives/preprocessed_eeg/sub-070/ses-varyingStories08/sub-070_ses-varyingStories08_task-listeningActive_run-08_desc-preproc-audio-audiobook_1_eeg.npy,/home/fanyu/auditory_simulation_m6a/pub_01/s06/sparrkulee_v3.1/raw/derivatives/preprocessed_stimuli/audiobook_1_envelope.npy,sub-070_ses-varyingStories08_task-listeningActive_run-08_eeg.bdf.gz,sub-070,ses-varyingStories08,audiobook_1,PASS_VIRTUAL_INITIAL_QC,59958,138,0,WITHIN_3S_ADVISORY,64,PUBLISHER_CONSUMPTION_CONTRACT,0,1,UNASSIGNED,0,0,0.0,UNKNOWN,UNKNOWN,
sub-070_ses-varyingStories08_task-listeningActive_run-09_eeg.bdf.gz,/home/fanyu/auditory_simulation_m6a/pub_01/s06/sparrkulee_v3.1/raw/derivatives/preprocessed_eeg/sub-070/ses-varyingStories08/sub-070_ses-varyingStories08_task-listeningActive_run-09_desc-preproc-audio-podcast_29_eeg.npy,/home/fanyu/auditory_simulation_m6a/pub_01/s06/sparrkulee_v3.1/raw/derivatives/preprocessed_stimuli/podcast_29_envelope.npy,sub-070_ses-varyingStories08_task-listeningActive_run-09_eeg.bdf.gz,sub-070,ses-varyingStories08,podcast_29,PASS_VIRTUAL_INITIAL_QC,57689,167,0,WITHIN_3S_ADVISORY,64,PUBLISHER_CONSUMPTION_CONTRACT,0,1,UNASSIGNED,0,0,0.0,UNKNOWN,UNKNOWN,
sub-071_ses-varyingStories08_task-listeningActive_run-01_eeg.bdf.gz,/home/fanyu/auditory_simulation_m6a/pub_01/s06/sparrkulee_v3.1/raw/derivatives/preprocessed_eeg/sub-071/ses-varyingStories08/sub-071_ses-varyingStories08_task-listeningActive_run-01_desc-preproc-audio-audiobook_1_eeg.npy,/home/fanyu/auditory_simulation_m6a/pub_01/s06/sparrkulee_v3.1/raw/derivatives/preprocessed_stimuli/audiobook_1_envelope.npy,sub-071_ses-varyingStories08_task-listeningActive_run-01_eeg.bdf.gz,sub-071,ses-varyingStories08,audiobook_1,PASS_VIRTUAL_INITIAL_QC,59958,138,0,WITHIN_3S_ADVISORY,64,PUBLISHER_CONSUMPTION_CONTRACT,0,1,UNASSIGNED,0,0,0.0,UNKNOWN,UNKNOWN,
sub-071_ses-varyingStories08_task-listeningActive_run-02_eeg.bdf.gz,/home/fanyu/auditory_simulation_m6a/pub_01/s06/sparrkulee_v3.1/raw/derivatives/preprocessed_eeg/sub-071/ses-varyingStories08/sub-071_ses-varyingStories08_task-listeningActive_run-02_desc-preproc-audio-podcast_29_eeg.npy,/home/fanyu/auditory_simulation_m6a/pub_01/s06/sparrkulee_v3.1/raw/derivatives/preprocessed_stimuli/podcast_29_envelope.npy,sub-071_ses-varyingStories08_task-listeningActive_run-02_eeg.bdf.gz,sub-071,ses-varyingStories08,podcast_29,PASS_VIRTUAL_INITIAL_QC,57689,167,0,WITHIN_3S_ADVISORY,64,PUBLISHER_CONSUMPTION_CONTRACT,0,1,UNASSIGNED,0,0,0.0,UNKNOWN,UNKNOWN,
sub-071_ses-varyingStories08_task-listeningActive_run-03_eeg.bdf.gz,/home/fanyu/auditory_simulation_m6a/pub_01/s06/sparrkulee_v3.1/raw/derivatives/preprocessed_eeg/sub-071/ses-varyingStories08/sub-071_ses-varyingStories08_task-listeningActive_run-03_desc-preproc-audio-podcast_30_eeg.npy,/home/fanyu/auditory_simulation_m6a/pub_01/s06/sparrkulee_v3.1/raw/derivatives/preprocessed_stimuli/podcast_30_envelope.npy,sub-071_ses-varyingStories08_task-listeningActive_run-03_eeg.bdf.gz,sub-071,ses-varyingStories08,podcast_30,PASS_VIRTUAL_INITIAL_QC,62276,188,0,WITHIN_3S_ADVISORY,64,PUBLISHER_CONSUMPTION_CONTRACT,0,1,UNASSIGNED,0,0,0.0,UNKNOWN,UNKNOWN,
sub-071_ses-varyingStories08_task-listeningActive_run-04_eeg.bdf.gz,/home/fanyu/auditory_simulation_m6a/pub_01/s06/sparrkulee_v3.1/raw/derivatives/preprocessed_eeg/sub-071/ses-varyingStories08/sub-071_ses-varyingStories08_task-listeningActive_run-04_desc-preproc-audio-podcast_28_eeg.npy,/home/fanyu/auditory_simulation_m6a/pub_01/s06/sparrkulee_v3.1/raw/derivatives/preprocessed_stimuli/podcast_28_envelope.npy,sub-071_ses-varyingStories08_task-listeningActive_run-04_eeg.bdf.gz,sub-071,ses-varyingStories08,podcast_28,PASS_VIRTUAL_INITIAL_QC,51701,139,0,WITHIN_3S_ADVISORY,64,PUBLISHER_CONSUMPTION_CONTRACT,0,1,UNASSIGNED,0,0,0.0,UNKNOWN,UNKNOWN,
sub-071_ses-varyingStories08_task-listeningActive_run-06_eeg.bdf.gz,/home/fanyu/auditory_simulation_m6a/pub_01/s06/sparrkulee_v3.1/raw/derivatives/preprocessed_eeg/sub-071/ses-varyingStories08/sub-071_ses-varyingStories08_task-listeningActive_run-06_desc-preproc-audio-podcast_31_eeg.npy,/home/fanyu/auditory_simulation_m6a/pub_01/s06/sparrkulee_v3.1/raw/derivatives/preprocessed_stimuli/podcast_31_envelope.npy,sub-071_ses-varyingStories08_task-listeningActive_run-06_eeg.bdf.gz,sub-071,ses-varyingStories08,podcast_31,PASS_VIRTUAL_INITIAL_QC,56791,169,0,WITHIN_3S_ADVISORY,64,PUBLISHER_CONSUMPTION_CONTRACT,0,1,UNASSIGNED,0,0,0.0,UNKNOWN,UNKNOWN,
sub-071_ses-varyingStories08_task-listeningActive_run-07_eeg.bdf.gz,/home/fanyu/auditory_simulation_m6a/pub_01/s06/sparrkulee_v3.1/raw/derivatives/preprocessed_eeg/sub-071/ses-varyingStories08/sub-071_ses-varyingStories08_task-listeningActive_run-07_desc-preproc-audio-audiobook_14_1_eeg.npy,/home/fanyu/auditory_simulation_m6a/pub_01/s06/sparrkulee_v3.1/raw/derivatives/preprocessed_stimuli/audiobook_14_1_envelope.npy,sub-071_ses-varyingStories08_task-listeningActive_run-07_eeg.bdf.gz,sub-071,ses-varyingStories08,audiobook_14_1,PASS_VIRTUAL_INITIAL_QC,67344,176,0,WITHIN_3S_ADVISORY,64,PUBLISHER_CONSUMPTION_CONTRACT,0,1,UNASSIGNED,0,0,0.0,UNKNOWN,UNKNOWN,
sub-071_ses-varyingStories08_task-listeningActive_run-08_eeg.bdf.gz,/home/fanyu/auditory_simulation_m6a/pub_01/s06/sparrkulee_v3.1/raw/derivatives/preprocessed_eeg/sub-071/ses-varyingStories08/sub-071_ses-varyingStories08_task-listeningActive_run-08_desc-preproc-audio-audiobook_14_2_eeg.npy,/home/fanyu/auditory_simulation_m6a/pub_01/s06/sparrkulee_v3.1/raw/derivatives/preprocessed_stimuli/audiobook_14_2_envelope.npy,sub-071_ses-varyingStories08_task-listeningActive_run-08_eeg.bdf.gz,sub-071,ses-varyingStories08,audiobook_14_2,PASS_VIRTUAL_INITIAL_QC,73488,176,0,WITHIN_3S_ADVISORY,64,PUBLISHER_CONSUMPTION_CONTRACT,0,1,UNASSIGNED,0,0,0.0,UNKNOWN,UNKNOWN,
sub-072_ses-varyingStories09_task-listeningActive_run-01_eeg.bdf.gz,/home/fanyu/auditory_simulation_m6a/pub_01/s06/sparrkulee_v3.1/raw/derivatives/preprocessed_eeg/sub-072/ses-varyingStories09/sub-072_ses-varyingStories09_task-listeningActive_run-01_desc-preproc-audio-podcast_32_eeg.npy,/home/fanyu/auditory_simulation_m6a/pub_01/s06/sparrkulee_v3.1/raw/derivatives/preprocessed_stimuli/podcast_32_envelope.npy,sub-072_ses-varyingStories09_task-listeningActive_run-01_eeg.bdf.gz,sub-072,ses-varyingStories09,podcast_32,PASS_VIRTUAL_INITIAL_QC,60396,148,0,WITHIN_3S_ADVISORY,64,PUBLISHER_CONSUMPTION_CONTRACT,0,1,UNASSIGNED,0,0,0.0,UNKNOWN,UNKNOWN,
sub-072_ses-varyingStories09_task-listeningActive_run-02_eeg.bdf.gz,/home/fanyu/auditory_simulation_m6a/pub_01/s06/sparrkulee_v3.1/raw/derivatives/preprocessed_eeg/sub-072/ses-varyingStories09/sub-072_ses-varyingStories09_task-listeningActive_run-02_desc-preproc-audio-audiobook_14_1_eeg.npy,/home/fanyu/auditory_simulation_m6a/pub_01/s06/sparrkulee_v3.1/raw/derivatives/preprocessed_stimuli/audiobook_14_1_envelope.npy,sub-072_ses-varyingStories09_task-listeningActive_run-02_eeg.bdf.gz,sub-072,ses-varyingStories09,audiobook_14_1,PASS_VIRTUAL_INITIAL_QC,67344,176,0,WITHIN_3S_ADVISORY,64,PUBLISHER_CONSUMPTION_CONTRACT,0,1,UNASSIGNED,0,0,0.0,UNKNOWN,UNKNOWN,
sub-072_ses-varyingStories09_task-listeningActive_run-03_eeg.bdf.gz,/home/fanyu/auditory_simulation_m6a/pub_01/s06/sparrkulee_v3.1/raw/derivatives/preprocessed_eeg/sub-072/ses-varyingStories09/sub-072_ses-varyingStories09_task-listeningActive_run-03_desc-preproc-audio-audiobook_14_2_eeg.npy,/home/fanyu/auditory_simulation_m6a/pub_01/s06/sparrkulee_v3.1/raw/derivatives/preprocessed_stimuli/audiobook_14_2_envelope.npy,sub-072_ses-varyingStories09_task-listeningActive_run-03_eeg.bdf.gz,sub-072,ses-varyingStories09,audiobook_14_2,PASS_VIRTUAL_INITIAL_QC,73488,176,0,WITHIN_3S_ADVISORY,64,PUBLISHER_CONSUMPTION_CONTRACT,0,1,UNASSIGNED,0,0,0.0,UNKNOWN,UNKNOWN,
sub-072_ses-varyingStories09_task-listeningActive_run-04_eeg.bdf.gz,/home/fanyu/auditory_simulation_m6a/pub_01/s06/sparrkulee_v3.1/raw/derivatives/preprocessed_eeg/sub-072/ses-varyingStories09/sub-072_ses-varyingStories09_task-listeningActive_run-04_desc-preproc-audio-podcast_34_eeg.npy,/home/fanyu/auditory_simulation_m6a/pub_01/s06/sparrkulee_v3.1/raw/derivatives/preprocessed_stimuli/podcast_34_envelope.npy,sub-072_ses-varyingStories09_task-listeningActive_run-04_eeg.bdf.gz,sub-072,ses-varyingStories09,podcast_34,PASS_VIRTUAL_INITIAL_QC,61621,139,0,WITHIN_3S_ADVISORY,64,PUBLISHER_CONSUMPTION_CONTRACT,0,1,UNASSIGNED,0,0,0.0,UNKNOWN,UNKNOWN,
sub-072_ses-varyingStories09_task-listeningActive_run-06_eeg.bdf.gz,/home/fanyu/auditory_simulation_m6a/pub_01/s06/sparrkulee_v3.1/raw/derivatives/preprocessed_eeg/sub-072/ses-varyingStories09/sub-072_ses-varyingStories09_task-listeningActive_run-06_desc-preproc-audio-audiobook_1_eeg.npy,/home/fanyu/auditory_simulation_m6a/pub_01/s06/sparrkulee_v3.1/raw/derivatives/preprocessed_stimuli/audiobook_1_envelope.npy,sub-072_ses-varyingStories09_task-listeningActive_run-06_eeg.bdf.gz,sub-072,ses-varyingStories09,audiobook_1,PASS_VIRTUAL_INITIAL_QC,59958,138,0,WITHIN_3S_ADVISORY,64,PUBLISHER_CONSUMPTION_CONTRACT,0,1,UNASSIGNED,0,0,0.0,UNKNOWN,UNKNOWN,
sub-072_ses-varyingStories09_task-listeningActive_run-07_eeg.bdf.gz,/home/fanyu/auditory_simulation_m6a/pub_01/s06/sparrkulee_v3.1/raw/derivatives/preprocessed_eeg/sub-072/ses-varyingStories09/sub-072_ses-varyingStories09_task-listeningActive_run-07_desc-preproc-audio-podcast_33_eeg.npy,/home/fanyu/auditory_simulation_m6a/pub_01/s06/sparrkulee_v3.1/raw/derivatives/preprocessed_stimuli/podcast_33_envelope.npy,sub-072_ses-varyingStories09_task-listeningActive_run-07_eeg.bdf.gz,sub-072,ses-varyingStories09,podcast_33,PASS_VIRTUAL_INITIAL_QC,45474,158,0,WITHIN_3S_ADVISORY,64,PUBLISHER_CONSUMPTION_CONTRACT,0,1,UNASSIGNED,0,0,0.0,UNKNOWN,UNKNOWN,
sub-073_ses-varyingStories09_task-listeningActive_run-02_eeg.bdf.gz,/home/fanyu/auditory_simulation_m6a/pub_01/s06/sparrkulee_v3.1/raw/derivatives/preprocessed_eeg/sub-073/ses-varyingStories09/sub-073_ses-varyingStories09_task-listeningActive_run-02_desc-preproc-audio-podcast_33_eeg.npy,/home/fanyu/auditory_simulation_m6a/pub_01/s06/sparrkulee_v3.1/raw/derivatives/preprocessed_stimuli/podcast_33_envelope.npy,sub-073_ses-varyingStories09_task-listeningActive_run-02_eeg.bdf.gz,sub-073,ses-varyingStories09,podcast_33,PASS_VIRTUAL_INITIAL_QC,45474,158,0,WITHIN_3S_ADVISORY,64,PUBLISHER_CONSUMPTION_CONTRACT,0,1,UNASSIGNED,0,0,0.0,UNKNOWN,UNKNOWN,
sub-073_ses-varyingStories09_task-listeningActive_run-03_eeg.bdf.gz,/home/fanyu/auditory_simulation_m6a/pub_01/s06/sparrkulee_v3.1/raw/derivatives/preprocessed_eeg/sub-073/ses-varyingStories09/sub-073_ses-varyingStories09_task-listeningActive_run-03_desc-preproc-audio-audiobook_14_1_eeg.npy,/home/fanyu/auditory_simulation_m6a/pub_01/s06/sparrkulee_v3.1/raw/derivatives/preprocessed_stimuli/audiobook_14_1_envelope.npy,sub-073_ses-varyingStories09_task-listeningActive_run-03_eeg.bdf.gz,sub-073,ses-varyingStories09,audiobook_14_1,PASS_VIRTUAL_INITIAL_QC,67344,176,0,WITHIN_3S_ADVISORY,64,PUBLISHER_CONSUMPTION_CONTRACT,0,1,UNASSIGNED,0,0,0.0,UNKNOWN,UNKNOWN,
sub-073_ses-varyingStories09_task-listeningActive_run-04_eeg.bdf.gz,/home/fanyu/auditory_simulation_m6a/pub_01/s06/sparrkulee_v3.1/raw/derivatives/preprocessed_eeg/sub-073/ses-varyingStories09/sub-073_ses-varyingStories09_task-listeningActive_run-04_desc-preproc-audio-audiobook_14_2_eeg.npy,/home/fanyu/auditory_simulation_m6a/pub_01/s06/sparrkulee_v3.1/raw/derivatives/preprocessed_stimuli/audiobook_14_2_envelope.npy,sub-073_ses-varyingStories09_task-listeningActive_run-04_eeg.bdf.gz,sub-073,ses-varyingStories09,audiobook_14_2,PASS_VIRTUAL_INITIAL_QC,73488,176,0,WITHIN_3S_ADVISORY,64,PUBLISHER_CONSUMPTION_CONTRACT,0,1,UNASSIGNED,0,0,0.0,UNKNOWN,UNKNOWN,
sub-073_ses-varyingStories09_task-listeningActive_run-06_eeg.bdf.gz,/home/fanyu/auditory_simulation_m6a/pub_01/s06/sparrkulee_v3.1/raw/derivatives/preprocessed_eeg/sub-073/ses-varyingStories09/sub-073_ses-varyingStories09_task-listeningActive_run-06_desc-preproc-audio-audiobook_1_eeg.npy,/home/fanyu/auditory_simulation_m6a/pub_01/s06/sparrkulee_v3.1/raw/derivatives/preprocessed_stimuli/audiobook_1_envelope.npy,sub-073_ses-varyingStories09_task-listeningActive_run-06_eeg.bdf.gz,sub-073,ses-varyingStories09,audiobook_1,PASS_VIRTUAL_INITIAL_QC,59958,138,0,WITHIN_3S_ADVISORY,64,PUBLISHER_CONSUMPTION_CONTRACT,0,1,UNASSIGNED,0,0,0.0,UNKNOWN,UNKNOWN,
sub-073_ses-varyingStories09_task-listeningActive_run-07_eeg.bdf.gz,/home/fanyu/auditory_simulation_m6a/pub_01/s06/sparrkulee_v3.1/raw/derivatives/preprocessed_eeg/sub-073/ses-varyingStories09/sub-073_ses-varyingStories09_task-listeningActive_run-07_desc-preproc-audio-podcast_34_eeg.npy,/home/fanyu/auditory_simulation_m6a/pub_01/s06/sparrkulee_v3.1/raw/derivatives/preprocessed_stimuli/podcast_34_envelope.npy,sub-073_ses-varyingStories09_task-listeningActive_run-07_eeg.bdf.gz,sub-073,ses-varyingStories09,podcast_34,PASS_VIRTUAL_INITIAL_QC,61621,139,0,WITHIN_3S_ADVISORY,64,PUBLISHER_CONSUMPTION_CONTRACT,0,1,UNASSIGNED,0,0,0.0,UNKNOWN,UNKNOWN,
sub-073_ses-varyingStories09_task-listeningActive_run-08_eeg.bdf.gz,/home/fanyu/auditory_simulation_m6a/pub_01/s06/sparrkulee_v3.1/raw/derivatives/preprocessed_eeg/sub-073/ses-varyingStories09/sub-073_ses-varyingStories09_task-listeningActive_run-08_desc-preproc-audio-podcast_32_eeg.npy,/home/fanyu/auditory_simulation_m6a/pub_01/s06/sparrkulee_v3.1/raw/derivatives/preprocessed_stimuli/podcast_32_envelope.npy,sub-073_ses-varyingStories09_task-listeningActive_run-08_eeg.bdf.gz,sub-073,ses-varyingStories09,podcast_32,PASS_VIRTUAL_INITIAL_QC,60396,148,0,WITHIN_3S_ADVISORY,64,PUBLISHER_CONSUMPTION_CONTRACT,0,1,UNASSIGNED,0,0,0.0,UNKNOWN,UNKNOWN,
sub-074_ses-varyingStories09_task-listeningActive_run-03_eeg.bdf.gz,/home/fanyu/auditory_simulation_m6a/pub_01/s06/sparrkulee_v3.1/raw/derivatives/preprocessed_eeg/sub-074/ses-varyingStories09/sub-074_ses-varyingStories09_task-listeningActive_run-03_desc-preproc-audio-audiobook_14_1_eeg.npy,/home/fanyu/auditory_simulation_m6a/pub_01/s06/sparrkulee_v3.1/raw/derivatives/preprocessed_stimuli/audiobook_14_1_envelope.npy,sub-074_ses-varyingStories09_task-listeningActive_run-03_eeg.bdf.gz,sub-074,ses-varyingStories09,audiobook_14_1,PASS_VIRTUAL_INITIAL_QC,67344,176,0,WITHIN_3S_ADVISORY,64,PUBLISHER_CONSUMPTION_CONTRACT,0,1,UNASSIGNED,0,0,0.0,UNKNOWN,UNKNOWN,
sub-074_ses-varyingStories09_task-listeningActive_run-04_eeg.bdf.gz,/home/fanyu/auditory_simulation_m6a/pub_01/s06/sparrkulee_v3.1/raw/derivatives/preprocessed_eeg/sub-074/ses-varyingStories09/sub-074_ses-varyingStories09_task-listeningActive_run-04_desc-preproc-audio-audiobook_14_2_eeg.npy,/home/fanyu/auditory_simulation_m6a/pub_01/s06/sparrkulee_v3.1/raw/derivatives/preprocessed_stimuli/audiobook_14_2_envelope.npy,sub-074_ses-varyingStories09_task-listeningActive_run-04_eeg.bdf.gz,sub-074,ses-varyingStories09,audiobook_14_2,PASS_VIRTUAL_INITIAL_QC,73488,176,0,WITHIN_3S_ADVISORY,64,PUBLISHER_CONSUMPTION_CONTRACT,0,1,UNASSIGNED,0,0,0.0,UNKNOWN,UNKNOWN,
sub-074_ses-varyingStories09_task-listeningActive_run-05_eeg.bdf.gz,/home/fanyu/auditory_simulation_m6a/pub_01/s06/sparrkulee_v3.1/raw/derivatives/preprocessed_eeg/sub-074/ses-varyingStories09/sub-074_ses-varyingStories09_task-listeningActive_run-05_desc-preproc-audio-podcast_33_eeg.npy,/home/fanyu/auditory_simulation_m6a/pub_01/s06/sparrkulee_v3.1/raw/derivatives/preprocessed_stimuli/podcast_33_envelope.npy,sub-074_ses-varyingStories09_task-listeningActive_run-05_eeg.bdf.gz,sub-074,ses-varyingStories09,podcast_33,PASS_VIRTUAL_INITIAL_QC,45474,158,0,WITHIN_3S_ADVISORY,64,PUBLISHER_CONSUMPTION_CONTRACT,0,1,UNASSIGNED,0,0,0.0,UNKNOWN,UNKNOWN,
sub-074_ses-varyingStories09_task-listeningActive_run-06_eeg.bdf.gz,/home/fanyu/auditory_simulation_m6a/pub_01/s06/sparrkulee_v3.1/raw/derivatives/preprocessed_eeg/sub-074/ses-varyingStories09/sub-074_ses-varyingStories09_task-listeningActive_run-06_desc-preproc-audio-audiobook_1_eeg.npy,/home/fanyu/auditory_simulation_m6a/pub_01/s06/sparrkulee_v3.1/raw/derivatives/preprocessed_stimuli/audiobook_1_envelope.npy,sub-074_ses-varyingStories09_task-listeningActive_run-06_eeg.bdf.gz,sub-074,ses-varyingStories09,audiobook_1,PASS_VIRTUAL_INITIAL_QC,59958,138,0,WITHIN_3S_ADVISORY,64,PUBLISHER_CONSUMPTION_CONTRACT,0,1,UNASSIGNED,0,0,0.0,UNKNOWN,UNKNOWN,
sub-074_ses-varyingStories09_task-listeningActive_run-07_eeg.bdf.gz,/home/fanyu/auditory_simulation_m6a/pub_01/s06/sparrkulee_v3.1/raw/derivatives/preprocessed_eeg/sub-074/ses-varyingStories09/sub-074_ses-varyingStories09_task-listeningActive_run-07_desc-preproc-audio-podcast_32_eeg.npy,/home/fanyu/auditory_simulation_m6a/pub_01/s06/sparrkulee_v3.1/raw/derivatives/preprocessed_stimuli/podcast_32_envelope.npy,sub-074_ses-varyingStories09_task-listeningActive_run-07_eeg.bdf.gz,sub-074,ses-varyingStories09,podcast_32,PASS_VIRTUAL_INITIAL_QC,60396,148,0,WITHIN_3S_ADVISORY,64,PUBLISHER_CONSUMPTION_CONTRACT,0,1,UNASSIGNED,0,0,0.0,UNKNOWN,UNKNOWN,
sub-074_ses-varyingStories09_task-listeningActive_run-08_eeg.bdf.gz,/home/fanyu/auditory_simulation_m6a/pub_01/s06/sparrkulee_v3.1/raw/derivatives/preprocessed_eeg/sub-074/ses-varyingStories09/sub-074_ses-varyingStories09_task-listeningActive_run-08_desc-preproc-audio-podcast_34_eeg.npy,/home/fanyu/auditory_simulation_m6a/pub_01/s06/sparrkulee_v3.1/raw/derivatives/preprocessed_stimuli/podcast_34_envelope.npy,sub-074_ses-varyingStories09_task-listeningActive_run-08_eeg.bdf.gz,sub-074,ses-varyingStories09,podcast_34,PASS_VIRTUAL_INITIAL_QC,61621,139,0,WITHIN_3S_ADVISORY,64,PUBLISHER_CONSUMPTION_CONTRACT,0,1,UNASSIGNED,0,0,0.0,UNKNOWN,UNKNOWN,
sub-075_ses-varyingStories09_task-listeningActive_run-01_eeg.bdf.gz,/home/fanyu/auditory_simulation_m6a/pub_01/s06/sparrkulee_v3.1/raw/derivatives/preprocessed_eeg/sub-075/ses-varyingStories09/sub-075_ses-varyingStories09_task-listeningActive_run-01_desc-preproc-audio-podcast_33_eeg.npy,/home/fanyu/auditory_simulation_m6a/pub_01/s06/sparrkulee_v3.1/raw/derivatives/preprocessed_stimuli/podcast_33_envelope.npy,sub-075_ses-varyingStories09_task-listeningActive_run-01_eeg.bdf.gz,sub-075,ses-varyingStories09,podcast_33,PASS_VIRTUAL_INITIAL_QC,45474,158,0,WITHIN_3S_ADVISORY,64,PUBLISHER_CONSUMPTION_CONTRACT,0,1,UNASSIGNED,0,0,0.0,UNKNOWN,UNKNOWN,
sub-075_ses-varyingStories09_task-listeningActive_run-02_eeg.bdf.gz,/home/fanyu/auditory_simulation_m6a/pub_01/s06/sparrkulee_v3.1/raw/derivatives/preprocessed_eeg/sub-075/ses-varyingStories09/sub-075_ses-varyingStories09_task-listeningActive_run-02_desc-preproc-audio-audiobook_14_1_eeg.npy,/home/fanyu/auditory_simulation_m6a/pub_01/s06/sparrkulee_v3.1/raw/derivatives/preprocessed_stimuli/audiobook_14_1_envelope.npy,sub-075_ses-varyingStories09_task-listeningActive_run-02_eeg.bdf.gz,sub-075,ses-varyingStories09,audiobook_14_1,PASS_VIRTUAL_INITIAL_QC,67344,176,0,WITHIN_3S_ADVISORY,64,PUBLISHER_CONSUMPTION_CONTRACT,0,1,UNASSIGNED,0,0,0.0,UNKNOWN,UNKNOWN,
sub-075_ses-varyingStories09_task-listeningActive_run-03_eeg.bdf,/home/fanyu/auditory_simulation_m6a/pub_01/s06/sparrkulee_v3.1/raw/derivatives/preprocessed_eeg/sub-075/ses-varyingStories09/sub-075_ses-varyingStories09_task-listeningActive_run-03_desc-preproc-audio-audiobook_14_2_eeg.npy,/home/fanyu/auditory_simulation_m6a/pub_01/s06/sparrkulee_v3.1/raw/derivatives/preprocessed_stimuli/audiobook_14_2_envelope.npy,sub-075_ses-varyingStories09_task-listeningActive_run-03_eeg.bdf;sub-075_ses-varyingStories09_task-listeningActive_run-03_eeg.bdf.gz,sub-075,ses-varyingStories09,audiobook_14_2,PASS_VIRTUAL_INITIAL_QC,73488,176,0,WITHIN_3S_ADVISORY,64,PUBLISHER_CONSUMPTION_CONTRACT,0,1,UNASSIGNED,0,0,0.0,UNKNOWN,UNKNOWN,
sub-075_ses-varyingStories09_task-listeningActive_run-04_eeg.bdf.gz,/home/fanyu/auditory_simulation_m6a/pub_01/s06/sparrkulee_v3.1/raw/derivatives/preprocessed_eeg/sub-075/ses-varyingStories09/sub-075_ses-varyingStories09_task-listeningActive_run-04_desc-preproc-audio-podcast_34_eeg.npy,/home/fanyu/auditory_simulation_m6a/pub_01/s06/sparrkulee_v3.1/raw/derivatives/preprocessed_stimuli/podcast_34_envelope.npy,sub-075_ses-varyingStories09_task-listeningActive_run-04_eeg.bdf.gz,sub-075,ses-varyingStories09,podcast_34,PASS_VIRTUAL_INITIAL_QC,61621,139,0,WITHIN_3S_ADVISORY,64,PUBLISHER_CONSUMPTION_CONTRACT,0,1,UNASSIGNED,0,0,0.0,UNKNOWN,UNKNOWN,
sub-075_ses-varyingStories09_task-listeningActive_run-07_eeg.bdf.gz,/home/fanyu/auditory_simulation_m6a/pub_01/s06/sparrkulee_v3.1/raw/derivatives/preprocessed_eeg/sub-075/ses-varyingStories09/sub-075_ses-varyingStories09_task-listeningActive_run-07_desc-preproc-audio-audiobook_1_eeg.npy,/home/fanyu/auditory_simulation_m6a/pub_01/s06/sparrkulee_v3.1/raw/derivatives/preprocessed_stimuli/audiobook_1_envelope.npy,sub-075_ses-varyingStories09_task-listeningActive_run-07_eeg.bdf.gz,sub-075,ses-varyingStories09,audiobook_1,PASS_VIRTUAL_INITIAL_QC,59958,138,0,WITHIN_3S_ADVISORY,64,PUBLISHER_CONSUMPTION_CONTRACT,0,1,UNASSIGNED,0,0,0.0,UNKNOWN,UNKNOWN,
sub-075_ses-varyingStories09_task-listeningActive_run-08_eeg.bdf.gz,/home/fanyu/auditory_simulation_m6a/pub_01/s06/sparrkulee_v3.1/raw/derivatives/preprocessed_eeg/sub-075/ses-varyingStories09/sub-075_ses-varyingStories09_task-listeningActive_run-08_desc-preproc-audio-podcast_32_eeg.npy,/home/fanyu/auditory_simulation_m6a/pub_01/s06/sparrkulee_v3.1/raw/derivatives/preprocessed_stimuli/podcast_32_envelope.npy,sub-075_ses-varyingStories09_task-listeningActive_run-08_eeg.bdf.gz,sub-075,ses-varyingStories09,podcast_32,PASS_VIRTUAL_INITIAL_QC,60396,148,0,WITHIN_3S_ADVISORY,64,PUBLISHER_CONSUMPTION_CONTRACT,0,1,UNASSIGNED,0,0,0.0,UNKNOWN,UNKNOWN,
sub-076_ses-varyingStories09_task-listeningActive_run-01_eeg.bdf.gz,/home/fanyu/auditory_simulation_m6a/pub_01/s06/sparrkulee_v3.1/raw/derivatives/preprocessed_eeg/sub-076/ses-varyingStories09/sub-076_ses-varyingStories09_task-listeningActive_run-01_desc-preproc-audio-audiobook_1_eeg.npy,/home/fanyu/auditory_simulation_m6a/pub_01/s06/sparrkulee_v3.1/raw/derivatives/preprocessed_stimuli/audiobook_1_envelope.npy,sub-076_ses-varyingStories09_task-listeningActive_run-01_eeg.bdf.gz,sub-076,ses-varyingStories09,audiobook_1,PASS_VIRTUAL_INITIAL_QC,59958,138,0,WITHIN_3S_ADVISORY,64,PUBLISHER_CONSUMPTION_CONTRACT,0,1,UNASSIGNED,0,0,0.0,UNKNOWN,UNKNOWN,
sub-076_ses-varyingStories09_task-listeningActive_run-03_eeg.bdf.gz,/home/fanyu/auditory_simulation_m6a/pub_01/s06/sparrkulee_v3.1/raw/derivatives/preprocessed_eeg/sub-076/ses-varyingStories09/sub-076_ses-varyingStories09_task-listeningActive_run-03_desc-preproc-audio-podcast_32_eeg.npy,/home/fanyu/auditory_simulation_m6a/pub_01/s06/sparrkulee_v3.1/raw/derivatives/preprocessed_stimuli/podcast_32_envelope.npy,sub-076_ses-varyingStories09_task-listeningActive_run-03_eeg.bdf.gz,sub-076,ses-varyingStories09,podcast_32,PASS_VIRTUAL_INITIAL_QC,60396,148,0,WITHIN_3S_ADVISORY,64,PUBLISHER_CONSUMPTION_CONTRACT,0,1,UNASSIGNED,0,0,0.0,UNKNOWN,UNKNOWN,
sub-076_ses-varyingStories09_task-listeningActive_run-04_eeg.bdf.gz,/home/fanyu/auditory_simulation_m6a/pub_01/s06/sparrkulee_v3.1/raw/derivatives/preprocessed_eeg/sub-076/ses-varyingStories09/sub-076_ses-varyingStories09_task-listeningActive_run-04_desc-preproc-audio-podcast_33_eeg.npy,/home/fanyu/auditory_simulation_m6a/pub_01/s06/sparrkulee_v3.1/raw/derivatives/preprocessed_stimuli/podcast_33_envelope.npy,sub-076_ses-varyingStories09_task-listeningActive_run-04_eeg.bdf.gz,sub-076,ses-varyingStories09,podcast_33,PASS_VIRTUAL_INITIAL_QC,45474,158,0,WITHIN_3S_ADVISORY,64,PUBLISHER_CONSUMPTION_CONTRACT,0,1,UNASSIGNED,0,0,0.0,UNKNOWN,UNKNOWN,
sub-076_ses-varyingStories09_task-listeningActive_run-05_eeg.bdf.gz,/home/fanyu/auditory_simulation_m6a/pub_01/s06/sparrkulee_v3.1/raw/derivatives/preprocessed_eeg/sub-076/ses-varyingStories09/sub-076_ses-varyingStories09_task-listeningActive_run-05_desc-preproc-audio-audiobook_14_1_eeg.npy,/home/fanyu/auditory_simulation_m6a/pub_01/s06/sparrkulee_v3.1/raw/derivatives/preprocessed_stimuli/audiobook_14_1_envelope.npy,sub-076_ses-varyingStories09_task-listeningActive_run-05_eeg.bdf.gz,sub-076,ses-varyingStories09,audiobook_14_1,PASS_VIRTUAL_INITIAL_QC,67344,176,0,WITHIN_3S_ADVISORY,64,PUBLISHER_CONSUMPTION_CONTRACT,0,1,UNASSIGNED,0,0,0.0,UNKNOWN,UNKNOWN,
sub-076_ses-varyingStories09_task-listeningActive_run-06_eeg.bdf.gz,/home/fanyu/auditory_simulation_m6a/pub_01/s06/sparrkulee_v3.1/raw/derivatives/preprocessed_eeg/sub-076/ses-varyingStories09/sub-076_ses-varyingStories09_task-listeningActive_run-06_desc-preproc-audio-audiobook_14_2_eeg.npy,/home/fanyu/auditory_simulation_m6a/pub_01/s06/sparrkulee_v3.1/raw/derivatives/preprocessed_stimuli/audiobook_14_2_envelope.npy,sub-076_ses-varyingStories09_task-listeningActive_run-06_eeg.bdf.gz,sub-076,ses-varyingStories09,audiobook_14_2,PASS_VIRTUAL_INITIAL_QC,73488,176,0,WITHIN_3S_ADVISORY,64,PUBLISHER_CONSUMPTION_CONTRACT,0,1,UNASSIGNED,0,0,0.0,UNKNOWN,UNKNOWN,
sub-076_ses-varyingStories09_task-listeningActive_run-08_eeg.bdf.gz,/home/fanyu/auditory_simulation_m6a/pub_01/s06/sparrkulee_v3.1/raw/derivatives/preprocessed_eeg/sub-076/ses-varyingStories09/sub-076_ses-varyingStories09_task-listeningActive_run-08_desc-preproc-audio-podcast_34_eeg.npy,/home/fanyu/auditory_simulation_m6a/pub_01/s06/sparrkulee_v3.1/raw/derivatives/preprocessed_stimuli/podcast_34_envelope.npy,sub-076_ses-varyingStories09_task-listeningActive_run-08_eeg.bdf.gz,sub-076,ses-varyingStories09,podcast_34,PASS_VIRTUAL_INITIAL_QC,61621,139,0,WITHIN_3S_ADVISORY,64,PUBLISHER_CONSUMPTION_CONTRACT,0,1,UNASSIGNED,0,0,0.0,UNKNOWN,UNKNOWN,
sub-077_ses-varyingStories09_task-listeningActive_run-04_eeg.bdf.gz,/home/fanyu/auditory_simulation_m6a/pub_01/s06/sparrkulee_v3.1/raw/derivatives/preprocessed_eeg/sub-077/ses-varyingStories09/sub-077_ses-varyingStories09_task-listeningActive_run-04_desc-preproc-audio-audiobook_14_1_eeg.npy,/home/fanyu/auditory_simulation_m6a/pub_01/s06/sparrkulee_v3.1/raw/derivatives/preprocessed_stimuli/audiobook_14_1_envelope.npy,sub-077_ses-varyingStories09_task-listeningActive_run-04_eeg.bdf.gz,sub-077,ses-varyingStories09,audiobook_14_1,PASS_VIRTUAL_INITIAL_QC,67344,176,0,WITHIN_3S_ADVISORY,64,PUBLISHER_CONSUMPTION_CONTRACT,0,1,UNASSIGNED,0,0,0.0,UNKNOWN,UNKNOWN,
sub-077_ses-varyingStories09_task-listeningActive_run-05_eeg.bdf.gz,/home/fanyu/auditory_simulation_m6a/pub_01/s06/sparrkulee_v3.1/raw/derivatives/preprocessed_eeg/sub-077/ses-varyingStories09/sub-077_ses-varyingStories09_task-listeningActive_run-05_desc-preproc-audio-audiobook_14_2_eeg.npy,/home/fanyu/auditory_simulation_m6a/pub_01/s06/sparrkulee_v3.1/raw/derivatives/preprocessed_stimuli/audiobook_14_2_envelope.npy,sub-077_ses-varyingStories09_task-listeningActive_run-05_eeg.bdf.gz,sub-077,ses-varyingStories09,audiobook_14_2,PASS_VIRTUAL_INITIAL_QC,73488,176,0,WITHIN_3S_ADVISORY,64,PUBLISHER_CONSUMPTION_CONTRACT,0,1,UNASSIGNED,0,0,0.0,UNKNOWN,UNKNOWN,
sub-077_ses-varyingStories09_task-listeningActive_run-06_eeg.bdf.gz,/home/fanyu/auditory_simulation_m6a/pub_01/s06/sparrkulee_v3.1/raw/derivatives/preprocessed_eeg/sub-077/ses-varyingStories09/sub-077_ses-varyingStories09_task-listeningActive_run-06_desc-preproc-audio-podcast_34_eeg.npy,/home/fanyu/auditory_simulation_m6a/pub_01/s06/sparrkulee_v3.1/raw/derivatives/preprocessed_stimuli/podcast_34_envelope.npy,sub-077_ses-varyingStories09_task-listeningActive_run-06_eeg.bdf.gz,sub-077,ses-varyingStories09,podcast_34,PASS_VIRTUAL_INITIAL_QC,61621,139,0,WITHIN_3S_ADVISORY,64,PUBLISHER_CONSUMPTION_CONTRACT,0,1,UNASSIGNED,0,0,0.0,UNKNOWN,UNKNOWN,
sub-078_ses-varyingStories09_task-listeningActive_run-01_eeg.bdf.gz,/home/fanyu/auditory_simulation_m6a/pub_01/s06/sparrkulee_v3.1/raw/derivatives/preprocessed_eeg/sub-078/ses-varyingStories09/sub-078_ses-varyingStories09_task-listeningActive_run-01_desc-preproc-audio-audiobook_1_eeg.npy,/home/fanyu/auditory_simulation_m6a/pub_01/s06/sparrkulee_v3.1/raw/derivatives/preprocessed_stimuli/audiobook_1_envelope.npy,sub-078_ses-varyingStories09_task-listeningActive_run-01_eeg.bdf.gz,sub-078,ses-varyingStories09,audiobook_1,PASS_VIRTUAL_INITIAL_QC,59958,138,0,WITHIN_3S_ADVISORY,64,PUBLISHER_CONSUMPTION_CONTRACT,0,1,UNASSIGNED,0,0,0.0,UNKNOWN,UNKNOWN,
sub-078_ses-varyingStories09_task-listeningActive_run-03_eeg.bdf.gz,/home/fanyu/auditory_simulation_m6a/pub_01/s06/sparrkulee_v3.1/raw/derivatives/preprocessed_eeg/sub-078/ses-varyingStories09/sub-078_ses-varyingStories09_task-listeningActive_run-03_desc-preproc-audio-audiobook_14_1_eeg.npy,/home/fanyu/auditory_simulation_m6a/pub_01/s06/sparrkulee_v3.1/raw/derivatives/preprocessed_stimuli/audiobook_14_1_envelope.npy,sub-078_ses-varyingStories09_task-listeningActive_run-03_eeg.bdf.gz,sub-078,ses-varyingStories09,audiobook_14_1,PASS_VIRTUAL_INITIAL_QC,67344,176,0,WITHIN_3S_ADVISORY,64,PUBLISHER_CONSUMPTION_CONTRACT,0,1,UNASSIGNED,0,0,0.0,UNKNOWN,UNKNOWN,
sub-078_ses-varyingStories09_task-listeningActive_run-04_eeg.bdf.gz,/home/fanyu/auditory_simulation_m6a/pub_01/s06/sparrkulee_v3.1/raw/derivatives/preprocessed_eeg/sub-078/ses-varyingStories09/sub-078_ses-varyingStories09_task-listeningActive_run-04_desc-preproc-audio-audiobook_14_2_eeg.npy,/home/fanyu/auditory_simulation_m6a/pub_01/s06/sparrkulee_v3.1/raw/derivatives/preprocessed_stimuli/audiobook_14_2_envelope.npy,sub-078_ses-varyingStories09_task-listeningActive_run-04_eeg.bdf.gz,sub-078,ses-varyingStories09,audiobook_14_2,PASS_VIRTUAL_INITIAL_QC,73488,176,0,WITHIN_3S_ADVISORY,64,PUBLISHER_CONSUMPTION_CONTRACT,0,1,UNASSIGNED,0,0,0.0,UNKNOWN,UNKNOWN,
sub-078_ses-varyingStories09_task-listeningActive_run-05_eeg.bdf.gz,/home/fanyu/auditory_simulation_m6a/pub_01/s06/sparrkulee_v3.1/raw/derivatives/preprocessed_eeg/sub-078/ses-varyingStories09/sub-078_ses-varyingStories09_task-listeningActive_run-05_desc-preproc-audio-podcast_32_eeg.npy,/home/fanyu/auditory_simulation_m6a/pub_01/s06/sparrkulee_v3.1/raw/derivatives/preprocessed_stimuli/podcast_32_envelope.npy,sub-078_ses-varyingStories09_task-listeningActive_run-05_eeg.bdf.gz,sub-078,ses-varyingStories09,podcast_32,PASS_VIRTUAL_INITIAL_QC,60396,148,0,WITHIN_3S_ADVISORY,64,PUBLISHER_CONSUMPTION_CONTRACT,0,1,UNASSIGNED,0,0,0.0,UNKNOWN,UNKNOWN,
sub-078_ses-varyingStories09_task-listeningActive_run-06_eeg.bdf.gz,/home/fanyu/auditory_simulation_m6a/pub_01/s06/sparrkulee_v3.1/raw/derivatives/preprocessed_eeg/sub-078/ses-varyingStories09/sub-078_ses-varyingStories09_task-listeningActive_run-06_desc-preproc-audio-podcast_34_eeg.npy,/home/fanyu/auditory_simulation_m6a/pub_01/s06/sparrkulee_v3.1/raw/derivatives/preprocessed_stimuli/podcast_34_envelope.npy,sub-078_ses-varyingStories09_task-listeningActive_run-06_eeg.bdf.gz,sub-078,ses-varyingStories09,podcast_34,PASS_VIRTUAL_INITIAL_QC,61621,139,0,WITHIN_3S_ADVISORY,64,PUBLISHER_CONSUMPTION_CONTRACT,0,1,UNASSIGNED,0,0,0.0,UNKNOWN,UNKNOWN,
sub-078_ses-varyingStories09_task-listeningActive_run-08_eeg.bdf.gz,/home/fanyu/auditory_simulation_m6a/pub_01/s06/sparrkulee_v3.1/raw/derivatives/preprocessed_eeg/sub-078/ses-varyingStories09/sub-078_ses-varyingStories09_task-listeningActive_run-08_desc-preproc-audio-podcast_33_eeg.npy,/home/fanyu/auditory_simulation_m6a/pub_01/s06/sparrkulee_v3.1/raw/derivatives/preprocessed_stimuli/podcast_33_envelope.npy,sub-078_ses-varyingStories09_task-listeningActive_run-08_eeg.bdf.gz,sub-078,ses-varyingStories09,podcast_33,PASS_VIRTUAL_INITIAL_QC,45474,158,0,WITHIN_3S_ADVISORY,64,PUBLISHER_CONSUMPTION_CONTRACT,0,1,UNASSIGNED,0,0,0.0,UNKNOWN,UNKNOWN,
sub-079_ses-varyingStories10_task-listeningActive_run-01_eeg.bdf.gz,/home/fanyu/auditory_simulation_m6a/pub_01/s06/sparrkulee_v3.1/raw/derivatives/preprocessed_eeg/sub-079/ses-varyingStories10/sub-079_ses-varyingStories10_task-listeningActive_run-01_desc-preproc-audio-audiobook_14_1_eeg.npy,/home/fanyu/auditory_simulation_m6a/pub_01/s06/sparrkulee_v3.1/raw/derivatives/preprocessed_stimuli/audiobook_14_1_envelope.npy,sub-079_ses-varyingStories10_task-listeningActive_run-01_eeg.bdf.gz,sub-079,ses-varyingStories10,audiobook_14_1,PASS_VIRTUAL_INITIAL_QC,67344,176,0,WITHIN_3S_ADVISORY,64,PUBLISHER_CONSUMPTION_CONTRACT,0,1,UNASSIGNED,0,0,0.0,UNKNOWN,UNKNOWN,
sub-079_ses-varyingStories10_task-listeningActive_run-02_eeg.bdf.gz,/home/fanyu/auditory_simulation_m6a/pub_01/s06/sparrkulee_v3.1/raw/derivatives/preprocessed_eeg/sub-079/ses-varyingStories10/sub-079_ses-varyingStories10_task-listeningActive_run-02_desc-preproc-audio-audiobook_14_2_eeg.npy,/home/fanyu/auditory_simulation_m6a/pub_01/s06/sparrkulee_v3.1/raw/derivatives/preprocessed_stimuli/audiobook_14_2_envelope.npy,sub-079_ses-varyingStories10_task-listeningActive_run-02_eeg.bdf.gz,sub-079,ses-varyingStories10,audiobook_14_2,PASS_VIRTUAL_INITIAL_QC,73488,176,0,WITHIN_3S_ADVISORY,64,PUBLISHER_CONSUMPTION_CONTRACT,0,1,UNASSIGNED,0,0,0.0,UNKNOWN,UNKNOWN,
sub-079_ses-varyingStories10_task-listeningActive_run-03_eeg.bdf.gz,/home/fanyu/auditory_simulation_m6a/pub_01/s06/sparrkulee_v3.1/raw/derivatives/preprocessed_eeg/sub-079/ses-varyingStories10/sub-079_ses-varyingStories10_task-listeningActive_run-03_desc-preproc-audio-podcast_36_eeg.npy,/home/fanyu/auditory_simulation_m6a/pub_01/s06/sparrkulee_v3.1/raw/derivatives/preprocessed_stimuli/podcast_36_envelope.npy,sub-079_ses-varyingStories10_task-listeningActive_run-03_eeg.bdf.gz,sub-079,ses-varyingStories10,podcast_36,PASS_VIRTUAL_INITIAL_QC,59111,153,0,WITHIN_3S_ADVISORY,64,PUBLISHER_CONSUMPTION_CONTRACT,0,1,UNASSIGNED,0,0,0.0,UNKNOWN,UNKNOWN,
sub-079_ses-varyingStories10_task-listeningActive_run-05_eeg.bdf.gz,/home/fanyu/auditory_simulation_m6a/pub_01/s06/sparrkulee_v3.1/raw/derivatives/preprocessed_eeg/sub-079/ses-varyingStories10/sub-079_ses-varyingStories10_task-listeningActive_run-05_desc-preproc-audio-audiobook_1_eeg.npy,/home/fanyu/auditory_simulation_m6a/pub_01/s06/sparrkulee_v3.1/raw/derivatives/preprocessed_stimuli/audiobook_1_envelope.npy,sub-079_ses-varyingStories10_task-listeningActive_run-05_eeg.bdf.gz,sub-079,ses-varyingStories10,audiobook_1,PASS_VIRTUAL_INITIAL_QC,59958,138,0,WITHIN_3S_ADVISORY,64,PUBLISHER_CONSUMPTION_CONTRACT,0,1,UNASSIGNED,0,0,0.0,UNKNOWN,UNKNOWN,
sub-079_ses-varyingStories10_task-listeningActive_run-07_eeg.bdf,/home/fanyu/auditory_simulation_m6a/pub_01/s06/sparrkulee_v3.1/raw/derivatives/preprocessed_eeg/sub-079/ses-varyingStories10/sub-079_ses-varyingStories10_task-listeningActive_run-07_desc-preproc-audio-podcast_37_eeg.npy,/home/fanyu/auditory_simulation_m6a/pub_01/s06/sparrkulee_v3.1/raw/derivatives/preprocessed_stimuli/podcast_37_envelope.npy,sub-079_ses-varyingStories10_task-listeningActive_run-07_eeg.bdf;sub-079_ses-varyingStories10_task-listeningActive_run-07_eeg.bdf.gz,sub-079,ses-varyingStories10,podcast_37,PASS_VIRTUAL_INITIAL_QC,54690,158,0,WITHIN_3S_ADVISORY,64,PUBLISHER_CONSUMPTION_CONTRACT,0,1,UNASSIGNED,0,0,0.0,UNKNOWN,UNKNOWN,
sub-079_ses-varyingStories10_task-listeningActive_run-08_eeg.bdf.gz,/home/fanyu/auditory_simulation_m6a/pub_01/s06/sparrkulee_v3.1/raw/derivatives/preprocessed_eeg/sub-079/ses-varyingStories10/sub-079_ses-varyingStories10_task-listeningActive_run-08_desc-preproc-audio-podcast_35_eeg.npy,/home/fanyu/auditory_simulation_m6a/pub_01/s06/sparrkulee_v3.1/raw/derivatives/preprocessed_stimuli/podcast_35_envelope.npy,sub-079_ses-varyingStories10_task-listeningActive_run-08_eeg.bdf.gz,sub-079,ses-varyingStories10,podcast_35,PASS_VIRTUAL_INITIAL_QC,59915,181,0,WITHIN_3S_ADVISORY,64,PUBLISHER_CONSUMPTION_CONTRACT,0,1,UNASSIGNED,0,0,0.0,UNKNOWN,UNKNOWN,
sub-080_ses-varyingStories10_task-listeningActive_run-02_eeg.bdf.gz,/home/fanyu/auditory_simulation_m6a/pub_01/s06/sparrkulee_v3.1/raw/derivatives/preprocessed_eeg/sub-080/ses-varyingStories10/sub-080_ses-varyingStories10_task-listeningActive_run-02_desc-preproc-audio-audiobook_14_1_eeg.npy,/home/fanyu/auditory_simulation_m6a/pub_01/s06/sparrkulee_v3.1/raw/derivatives/preprocessed_stimuli/audiobook_14_1_envelope.npy,sub-080_ses-varyingStories10_task-listeningActive_run-02_eeg.bdf.gz,sub-080,ses-varyingStories10,audiobook_14_1,PASS_VIRTUAL_INITIAL_QC,67344,176,0,WITHIN_3S_ADVISORY,64,PUBLISHER_CONSUMPTION_CONTRACT,0,1,UNASSIGNED,0,0,0.0,UNKNOWN,UNKNOWN,
sub-080_ses-varyingStories10_task-listeningActive_run-03_eeg.bdf.gz,/home/fanyu/auditory_simulation_m6a/pub_01/s06/sparrkulee_v3.1/raw/derivatives/preprocessed_eeg/sub-080/ses-varyingStories10/sub-080_ses-varyingStories10_task-listeningActive_run-03_desc-preproc-audio-audiobook_14_2_eeg.npy,/home/fanyu/auditory_simulation_m6a/pub_01/s06/sparrkulee_v3.1/raw/derivatives/preprocessed_stimuli/audiobook_14_2_envelope.npy,sub-080_ses-varyingStories10_task-listeningActive_run-03_eeg.bdf.gz,sub-080,ses-varyingStories10,audiobook_14_2,PASS_VIRTUAL_INITIAL_QC,73488,176,0,WITHIN_3S_ADVISORY,64,PUBLISHER_CONSUMPTION_CONTRACT,0,1,UNASSIGNED,0,0,0.0,UNKNOWN,UNKNOWN,
sub-080_ses-varyingStories10_task-listeningActive_run-05_eeg.bdf.gz,/home/fanyu/auditory_simulation_m6a/pub_01/s06/sparrkulee_v3.1/raw/derivatives/preprocessed_eeg/sub-080/ses-varyingStories10/sub-080_ses-varyingStories10_task-listeningActive_run-05_desc-preproc-audio-podcast_36_eeg.npy,/home/fanyu/auditory_simulation_m6a/pub_01/s06/sparrkulee_v3.1/raw/derivatives/preprocessed_stimuli/podcast_36_envelope.npy,sub-080_ses-varyingStories10_task-listeningActive_run-05_eeg.bdf.gz,sub-080,ses-varyingStories10,podcast_36,PASS_VIRTUAL_INITIAL_QC,59111,153,0,WITHIN_3S_ADVISORY,64,PUBLISHER_CONSUMPTION_CONTRACT,0,1,UNASSIGNED,0,0,0.0,UNKNOWN,UNKNOWN,
sub-080_ses-varyingStories10_task-listeningActive_run-06_eeg.bdf.gz,/home/fanyu/auditory_simulation_m6a/pub_01/s06/sparrkulee_v3.1/raw/derivatives/preprocessed_eeg/sub-080/ses-varyingStories10/sub-080_ses-varyingStories10_task-listeningActive_run-06_desc-preproc-audio-audiobook_1_eeg.npy,/home/fanyu/auditory_simulation_m6a/pub_01/s06/sparrkulee_v3.1/raw/derivatives/preprocessed_stimuli/audiobook_1_envelope.npy,sub-080_ses-varyingStories10_task-listeningActive_run-06_eeg.bdf.gz,sub-080,ses-varyingStories10,audiobook_1,PASS_VIRTUAL_INITIAL_QC,59958,138,0,WITHIN_3S_ADVISORY,64,PUBLISHER_CONSUMPTION_CONTRACT,0,1,UNASSIGNED,0,0,0.0,UNKNOWN,UNKNOWN,
sub-080_ses-varyingStories10_task-listeningActive_run-07_eeg.bdf.gz,/home/fanyu/auditory_simulation_m6a/pub_01/s06/sparrkulee_v3.1/raw/derivatives/preprocessed_eeg/sub-080/ses-varyingStories10/sub-080_ses-varyingStories10_task-listeningActive_run-07_desc-preproc-audio-podcast_37_eeg.npy,/home/fanyu/auditory_simulation_m6a/pub_01/s06/sparrkulee_v3.1/raw/derivatives/preprocessed_stimuli/podcast_37_envelope.npy,sub-080_ses-varyingStories10_task-listeningActive_run-07_eeg.bdf.gz,sub-080,ses-varyingStories10,podcast_37,PASS_VIRTUAL_INITIAL_QC,54690,158,0,WITHIN_3S_ADVISORY,64,PUBLISHER_CONSUMPTION_CONTRACT,0,1,UNASSIGNED,0,0,0.0,UNKNOWN,UNKNOWN,
sub-080_ses-varyingStories10_task-listeningActive_run-08_eeg.bdf.gz,/home/fanyu/auditory_simulation_m6a/pub_01/s06/sparrkulee_v3.1/raw/derivatives/preprocessed_eeg/sub-080/ses-varyingStories10/sub-080_ses-varyingStories10_task-listeningActive_run-08_desc-preproc-audio-podcast_35_eeg.npy,/home/fanyu/auditory_simulation_m6a/pub_01/s06/sparrkulee_v3.1/raw/derivatives/preprocessed_stimuli/podcast_35_envelope.npy,sub-080_ses-varyingStories10_task-listeningActive_run-08_eeg.bdf.gz,sub-080,ses-varyingStories10,podcast_35,PASS_VIRTUAL_INITIAL_QC,59915,181,0,WITHIN_3S_ADVISORY,64,PUBLISHER_CONSUMPTION_CONTRACT,0,1,UNASSIGNED,0,0,0.0,UNKNOWN,UNKNOWN,
sub-081_ses-varyingStories10_task-listeningActive_run-01_eeg.bdf.gz,/home/fanyu/auditory_simulation_m6a/pub_01/s06/sparrkulee_v3.1/raw/derivatives/preprocessed_eeg/sub-081/ses-varyingStories10/sub-081_ses-varyingStories10_task-listeningActive_run-01_desc-preproc-audio-podcast_37_eeg.npy,/home/fanyu/auditory_simulation_m6a/pub_01/s06/sparrkulee_v3.1/raw/derivatives/preprocessed_stimuli/podcast_37_envelope.npy,sub-081_ses-varyingStories10_task-listeningActive_run-01_eeg.bdf.gz,sub-081,ses-varyingStories10,podcast_37,PASS_VIRTUAL_INITIAL_QC,54690,158,0,WITHIN_3S_ADVISORY,64,PUBLISHER_CONSUMPTION_CONTRACT,0,1,UNASSIGNED,0,0,0.0,UNKNOWN,UNKNOWN,
sub-081_ses-varyingStories10_task-listeningActive_run-07_eeg.bdf.gz,/home/fanyu/auditory_simulation_m6a/pub_01/s06/sparrkulee_v3.1/raw/derivatives/preprocessed_eeg/sub-081/ses-varyingStories10/sub-081_ses-varyingStories10_task-listeningActive_run-07_desc-preproc-audio-podcast_36_eeg.npy,/home/fanyu/auditory_simulation_m6a/pub_01/s06/sparrkulee_v3.1/raw/derivatives/preprocessed_stimuli/podcast_36_envelope.npy,sub-081_ses-varyingStories10_task-listeningActive_run-07_eeg.bdf.gz,sub-081,ses-varyingStories10,podcast_36,PASS_VIRTUAL_INITIAL_QC,59111,153,0,WITHIN_3S_ADVISORY,64,PUBLISHER_CONSUMPTION_CONTRACT,0,1,UNASSIGNED,0,0,0.0,UNKNOWN,UNKNOWN,
sub-081_ses-varyingStories10_task-listeningActive_run-08_eeg.bdf.gz,/home/fanyu/auditory_simulation_m6a/pub_01/s06/sparrkulee_v3.1/raw/derivatives/preprocessed_eeg/sub-081/ses-varyingStories10/sub-081_ses-varyingStories10_task-listeningActive_run-08_desc-preproc-audio-audiobook_1_eeg.npy,/home/fanyu/auditory_simulation_m6a/pub_01/s06/sparrkulee_v3.1/raw/derivatives/preprocessed_stimuli/audiobook_1_envelope.npy,sub-081_ses-varyingStories10_task-listeningActive_run-08_eeg.bdf.gz,sub-081,ses-varyingStories10,audiobook_1,PASS_VIRTUAL_INITIAL_QC,59958,138,0,WITHIN_3S_ADVISORY,64,PUBLISHER_CONSUMPTION_CONTRACT,0,1,UNASSIGNED,0,0,0.0,UNKNOWN,UNKNOWN,
sub-082_ses-varyingStories10_task-listeningActive_run-01_eeg.bdf.gz,/home/fanyu/auditory_simulation_m6a/pub_01/s06/sparrkulee_v3.1/raw/derivatives/preprocessed_eeg/sub-082/ses-varyingStories10/sub-082_ses-varyingStories10_task-listeningActive_run-01_desc-preproc-audio-audiobook_14_1_eeg.npy,/home/fanyu/auditory_simulation_m6a/pub_01/s06/sparrkulee_v3.1/raw/derivatives/preprocessed_stimuli/audiobook_14_1_envelope.npy,sub-082_ses-varyingStories10_task-listeningActive_run-01_eeg.bdf.gz,sub-082,ses-varyingStories10,audiobook_14_1,PASS_VIRTUAL_INITIAL_QC,67344,176,0,WITHIN_3S_ADVISORY,64,PUBLISHER_CONSUMPTION_CONTRACT,0,1,UNASSIGNED,0,0,0.0,UNKNOWN,UNKNOWN,
sub-082_ses-varyingStories10_task-listeningActive_run-02_eeg.bdf.gz,/home/fanyu/auditory_simulation_m6a/pub_01/s06/sparrkulee_v3.1/raw/derivatives/preprocessed_eeg/sub-082/ses-varyingStories10/sub-082_ses-varyingStories10_task-listeningActive_run-02_desc-preproc-audio-audiobook_14_2_eeg.npy,/home/fanyu/auditory_simulation_m6a/pub_01/s06/sparrkulee_v3.1/raw/derivatives/preprocessed_stimuli/audiobook_14_2_envelope.npy,sub-082_ses-varyingStories10_task-listeningActive_run-02_eeg.bdf.gz,sub-082,ses-varyingStories10,audiobook_14_2,PASS_VIRTUAL_INITIAL_QC,73488,176,0,WITHIN_3S_ADVISORY,64,PUBLISHER_CONSUMPTION_CONTRACT,0,1,UNASSIGNED,0,0,0.0,UNKNOWN,UNKNOWN,
sub-082_ses-varyingStories10_task-listeningActive_run-03_eeg.bdf.gz,/home/fanyu/auditory_simulation_m6a/pub_01/s06/sparrkulee_v3.1/raw/derivatives/preprocessed_eeg/sub-082/ses-varyingStories10/sub-082_ses-varyingStories10_task-listeningActive_run-03_desc-preproc-audio-podcast_37_eeg.npy,/home/fanyu/auditory_simulation_m6a/pub_01/s06/sparrkulee_v3.1/raw/derivatives/preprocessed_stimuli/podcast_37_envelope.npy,sub-082_ses-varyingStories10_task-listeningActive_run-03_eeg.bdf.gz,sub-082,ses-varyingStories10,podcast_37,PASS_VIRTUAL_INITIAL_QC,54690,158,0,WITHIN_3S_ADVISORY,64,PUBLISHER_CONSUMPTION_CONTRACT,0,1,UNASSIGNED,0,0,0.0,UNKNOWN,UNKNOWN,
sub-082_ses-varyingStories10_task-listeningActive_run-06_eeg.bdf.gz,/home/fanyu/auditory_simulation_m6a/pub_01/s06/sparrkulee_v3.1/raw/derivatives/preprocessed_eeg/sub-082/ses-varyingStories10/sub-082_ses-varyingStories10_task-listeningActive_run-06_desc-preproc-audio-podcast_36_eeg.npy,/home/fanyu/auditory_simulation_m6a/pub_01/s06/sparrkulee_v3.1/raw/derivatives/preprocessed_stimuli/podcast_36_envelope.npy,sub-082_ses-varyingStories10_task-listeningActive_run-06_eeg.bdf.gz,sub-082,ses-varyingStories10,podcast_36,PASS_VIRTUAL_INITIAL_QC,59111,153,0,WITHIN_3S_ADVISORY,64,PUBLISHER_CONSUMPTION_CONTRACT,0,1,UNASSIGNED,0,0,0.0,UNKNOWN,UNKNOWN,
sub-082_ses-varyingStories10_task-listeningActive_run-07_eeg.bdf.gz,/home/fanyu/auditory_simulation_m6a/pub_01/s06/sparrkulee_v3.1/raw/derivatives/preprocessed_eeg/sub-082/ses-varyingStories10/sub-082_ses-varyingStories10_task-listeningActive_run-07_desc-preproc-audio-podcast_35_eeg.npy,/home/fanyu/auditory_simulation_m6a/pub_01/s06/sparrkulee_v3.1/raw/derivatives/preprocessed_stimuli/podcast_35_envelope.npy,sub-082_ses-varyingStories10_task-listeningActive_run-07_eeg.bdf.gz,sub-082,ses-varyingStories10,podcast_35,PASS_VIRTUAL_INITIAL_QC,59915,181,0,WITHIN_3S_ADVISORY,64,PUBLISHER_CONSUMPTION_CONTRACT,0,1,UNASSIGNED,0,0,0.0,UNKNOWN,UNKNOWN,
sub-082_ses-varyingStories10_task-listeningActive_run-08_eeg.bdf.gz,/home/fanyu/auditory_simulation_m6a/pub_01/s06/sparrkulee_v3.1/raw/derivatives/preprocessed_eeg/sub-082/ses-varyingStories10/sub-082_ses-varyingStories10_task-listeningActive_run-08_desc-preproc-audio-audiobook_1_eeg.npy,/home/fanyu/auditory_simulation_m6a/pub_01/s06/sparrkulee_v3.1/raw/derivatives/preprocessed_stimuli/audiobook_1_envelope.npy,sub-082_ses-varyingStories10_task-listeningActive_run-08_eeg.bdf.gz,sub-082,ses-varyingStories10,audiobook_1,PASS_VIRTUAL_INITIAL_QC,59958,138,0,WITHIN_3S_ADVISORY,64,PUBLISHER_CONSUMPTION_CONTRACT,0,1,UNASSIGNED,0,0,0.0,UNKNOWN,UNKNOWN,
sub-083_ses-varyingStories10_task-listeningActive_run-01_eeg.bdf.gz,/home/fanyu/auditory_simulation_m6a/pub_01/s06/sparrkulee_v3.1/raw/derivatives/preprocessed_eeg/sub-083/ses-varyingStories10/sub-083_ses-varyingStories10_task-listeningActive_run-01_desc-preproc-audio-audiobook_1_eeg.npy,/home/fanyu/auditory_simulation_m6a/pub_01/s06/sparrkulee_v3.1/raw/derivatives/preprocessed_stimuli/audiobook_1_envelope.npy,sub-083_ses-varyingStories10_task-listeningActive_run-01_eeg.bdf.gz,sub-083,ses-varyingStories10,audiobook_1,PASS_VIRTUAL_INITIAL_QC,59958,138,0,WITHIN_3S_ADVISORY,64,PUBLISHER_CONSUMPTION_CONTRACT,0,1,UNASSIGNED,0,0,0.0,UNKNOWN,UNKNOWN,
sub-083_ses-varyingStories10_task-listeningActive_run-03_eeg.bdf.gz,/home/fanyu/auditory_simulation_m6a/pub_01/s06/sparrkulee_v3.1/raw/derivatives/preprocessed_eeg/sub-083/ses-varyingStories10/sub-083_ses-varyingStories10_task-listeningActive_run-03_desc-preproc-audio-podcast_36_eeg.npy,/home/fanyu/auditory_simulation_m6a/pub_01/s06/sparrkulee_v3.1/raw/derivatives/preprocessed_stimuli/podcast_36_envelope.npy,sub-083_ses-varyingStories10_task-listeningActive_run-03_eeg.bdf.gz,sub-083,ses-varyingStories10,podcast_36,PASS_VIRTUAL_INITIAL_QC,59111,153,0,WITHIN_3S_ADVISORY,64,PUBLISHER_CONSUMPTION_CONTRACT,0,1,UNASSIGNED,0,0,0.0,UNKNOWN,UNKNOWN,
sub-083_ses-varyingStories10_task-listeningActive_run-04_eeg.bdf.gz,/home/fanyu/auditory_simulation_m6a/pub_01/s06/sparrkulee_v3.1/raw/derivatives/preprocessed_eeg/sub-083/ses-varyingStories10/sub-083_ses-varyingStories10_task-listeningActive_run-04_desc-preproc-audio-podcast_35_eeg.npy,/home/fanyu/auditory_simulation_m6a/pub_01/s06/sparrkulee_v3.1/raw/derivatives/preprocessed_stimuli/podcast_35_envelope.npy,sub-083_ses-varyingStories10_task-listeningActive_run-04_eeg.bdf.gz,sub-083,ses-varyingStories10,podcast_35,PASS_VIRTUAL_INITIAL_QC,59915,181,0,WITHIN_3S_ADVISORY,64,PUBLISHER_CONSUMPTION_CONTRACT,0,1,UNASSIGNED,0,0,0.0,UNKNOWN,UNKNOWN,
sub-083_ses-varyingStories10_task-listeningActive_run-05_eeg.bdf.gz,/home/fanyu/auditory_simulation_m6a/pub_01/s06/sparrkulee_v3.1/raw/derivatives/preprocessed_eeg/sub-083/ses-varyingStories10/sub-083_ses-varyingStories10_task-listeningActive_run-05_desc-preproc-audio-podcast_37_eeg.npy,/home/fanyu/auditory_simulation_m6a/pub_01/s06/sparrkulee_v3.1/raw/derivatives/preprocessed_stimuli/podcast_37_envelope.npy,sub-083_ses-varyingStories10_task-listeningActive_run-05_eeg.bdf.gz,sub-083,ses-varyingStories10,podcast_37,PASS_VIRTUAL_INITIAL_QC,54690,158,0,WITHIN_3S_ADVISORY,64,PUBLISHER_CONSUMPTION_CONTRACT,0,1,UNASSIGNED,0,0,0.0,UNKNOWN,UNKNOWN,
sub-083_ses-varyingStories10_task-listeningActive_run-06_eeg.bdf.gz,/home/fanyu/auditory_simulation_m6a/pub_01/s06/sparrkulee_v3.1/raw/derivatives/preprocessed_eeg/sub-083/ses-varyingStories10/sub-083_ses-varyingStories10_task-listeningActive_run-06_desc-preproc-audio-audiobook_14_1_eeg.npy,/home/fanyu/auditory_simulation_m6a/pub_01/s06/sparrkulee_v3.1/raw/derivatives/preprocessed_stimuli/audiobook_14_1_envelope.npy,sub-083_ses-varyingStories10_task-listeningActive_run-06_eeg.bdf.gz,sub-083,ses-varyingStories10,audiobook_14_1,PASS_VIRTUAL_INITIAL_QC,67344,176,0,WITHIN_3S_ADVISORY,64,PUBLISHER_CONSUMPTION_CONTRACT,0,1,UNASSIGNED,0,0,0.0,UNKNOWN,UNKNOWN,
sub-083_ses-varyingStories10_task-listeningActive_run-07_eeg.bdf.gz,/home/fanyu/auditory_simulation_m6a/pub_01/s06/sparrkulee_v3.1/raw/derivatives/preprocessed_eeg/sub-083/ses-varyingStories10/sub-083_ses-varyingStories10_task-listeningActive_run-07_desc-preproc-audio-audiobook_14_2_eeg.npy,/home/fanyu/auditory_simulation_m6a/pub_01/s06/sparrkulee_v3.1/raw/derivatives/preprocessed_stimuli/audiobook_14_2_envelope.npy,sub-083_ses-varyingStories10_task-listeningActive_run-07_eeg.bdf.gz,sub-083,ses-varyingStories10,audiobook_14_2,PASS_VIRTUAL_INITIAL_QC,73488,176,0,WITHIN_3S_ADVISORY,64,PUBLISHER_CONSUMPTION_CONTRACT,0,1,UNASSIGNED,0,0,0.0,UNKNOWN,UNKNOWN,
sub-084_ses-varyingStories10_task-listeningActive_run-01_eeg.bdf.gz,/home/fanyu/auditory_simulation_m6a/pub_01/s06/sparrkulee_v3.1/raw/derivatives/preprocessed_eeg/sub-084/ses-varyingStories10/sub-084_ses-varyingStories10_task-listeningActive_run-01_desc-preproc-audio-audiobook_14_1_eeg.npy,/home/fanyu/auditory_simulation_m6a/pub_01/s06/sparrkulee_v3.1/raw/derivatives/preprocessed_stimuli/audiobook_14_1_envelope.npy,sub-084_ses-varyingStories10_task-listeningActive_run-01_eeg.bdf.gz,sub-084,ses-varyingStories10,audiobook_14_1,PASS_VIRTUAL_INITIAL_QC,67344,176,0,WITHIN_3S_ADVISORY,64,PUBLISHER_CONSUMPTION_CONTRACT,0,1,UNASSIGNED,0,0,0.0,UNKNOWN,UNKNOWN,
sub-084_ses-varyingStories10_task-listeningActive_run-02_eeg.bdf.gz,/home/fanyu/auditory_simulation_m6a/pub_01/s06/sparrkulee_v3.1/raw/derivatives/preprocessed_eeg/sub-084/ses-varyingStories10/sub-084_ses-varyingStories10_task-listeningActive_run-02_desc-preproc-audio-audiobook_14_2_eeg.npy,/home/fanyu/auditory_simulation_m6a/pub_01/s06/sparrkulee_v3.1/raw/derivatives/preprocessed_stimuli/audiobook_14_2_envelope.npy,sub-084_ses-varyingStories10_task-listeningActive_run-02_eeg.bdf.gz,sub-084,ses-varyingStories10,audiobook_14_2,PASS_VIRTUAL_INITIAL_QC,73488,176,0,WITHIN_3S_ADVISORY,64,PUBLISHER_CONSUMPTION_CONTRACT,0,1,UNASSIGNED,0,0,0.0,UNKNOWN,UNKNOWN,
sub-084_ses-varyingStories10_task-listeningActive_run-03_eeg.bdf.gz,/home/fanyu/auditory_simulation_m6a/pub_01/s06/sparrkulee_v3.1/raw/derivatives/preprocessed_eeg/sub-084/ses-varyingStories10/sub-084_ses-varyingStories10_task-listeningActive_run-03_desc-preproc-audio-podcast_36_eeg.npy,/home/fanyu/auditory_simulation_m6a/pub_01/s06/sparrkulee_v3.1/raw/derivatives/preprocessed_stimuli/podcast_36_envelope.npy,sub-084_ses-varyingStories10_task-listeningActive_run-03_eeg.bdf.gz,sub-084,ses-varyingStories10,podcast_36,PASS_VIRTUAL_INITIAL_QC,59111,153,0,WITHIN_3S_ADVISORY,64,PUBLISHER_CONSUMPTION_CONTRACT,0,1,UNASSIGNED,0,0,0.0,UNKNOWN,UNKNOWN,
sub-084_ses-varyingStories10_task-listeningActive_run-06_eeg.bdf.gz,/home/fanyu/auditory_simulation_m6a/pub_01/s06/sparrkulee_v3.1/raw/derivatives/preprocessed_eeg/sub-084/ses-varyingStories10/sub-084_ses-varyingStories10_task-listeningActive_run-06_desc-preproc-audio-podcast_35_eeg.npy,/home/fanyu/auditory_simulation_m6a/pub_01/s06/sparrkulee_v3.1/raw/derivatives/preprocessed_stimuli/podcast_35_envelope.npy,sub-084_ses-varyingStories10_task-listeningActive_run-06_eeg.bdf.gz,sub-084,ses-varyingStories10,podcast_35,PASS_VIRTUAL_INITIAL_QC,59915,181,0,WITHIN_3S_ADVISORY,64,PUBLISHER_CONSUMPTION_CONTRACT,0,1,UNASSIGNED,0,0,0.0,UNKNOWN,UNKNOWN,
sub-084_ses-varyingStories10_task-listeningActive_run-07_eeg.bdf.gz,/home/fanyu/auditory_simulation_m6a/pub_01/s06/sparrkulee_v3.1/raw/derivatives/preprocessed_eeg/sub-084/ses-varyingStories10/sub-084_ses-varyingStories10_task-listeningActive_run-07_desc-preproc-audio-podcast_37_eeg.npy,/home/fanyu/auditory_simulation_m6a/pub_01/s06/sparrkulee_v3.1/raw/derivatives/preprocessed_stimuli/podcast_37_envelope.npy,sub-084_ses-varyingStories10_task-listeningActive_run-07_eeg.bdf.gz,sub-084,ses-varyingStories10,podcast_37,PASS_VIRTUAL_INITIAL_QC,54690,158,0,WITHIN_3S_ADVISORY,64,PUBLISHER_CONSUMPTION_CONTRACT,0,1,UNASSIGNED,0,0,0.0,UNKNOWN,UNKNOWN,
sub-084_ses-varyingStories10_task-listeningActive_run-08_eeg.bdf.gz,/home/fanyu/auditory_simulation_m6a/pub_01/s06/sparrkulee_v3.1/raw/derivatives/preprocessed_eeg/sub-084/ses-varyingStories10/sub-084_ses-varyingStories10_task-listeningActive_run-08_desc-preproc-audio-audiobook_1_eeg.npy,/home/fanyu/auditory_simulation_m6a/pub_01/s06/sparrkulee_v3.1/raw/derivatives/preprocessed_stimuli/audiobook_1_envelope.npy,sub-084_ses-varyingStories10_task-listeningActive_run-08_eeg.bdf.gz,sub-084,ses-varyingStories10,audiobook_1,PASS_VIRTUAL_INITIAL_QC,59958,138,0,WITHIN_3S_ADVISORY,64,PUBLISHER_CONSUMPTION_CONTRACT,0,1,UNASSIGNED,0,0,0.0,UNKNOWN,UNKNOWN,
sub-085_ses-varyingStories10_task-listeningActive_run-02_eeg.bdf.gz,/home/fanyu/auditory_simulation_m6a/pub_01/s06/sparrkulee_v3.1/raw/derivatives/preprocessed_eeg/sub-085/ses-varyingStories10/sub-085_ses-varyingStories10_task-listeningActive_run-02_desc-preproc-audio-podcast_37_eeg.npy,/home/fanyu/auditory_simulation_m6a/pub_01/s06/sparrkulee_v3.1/raw/derivatives/preprocessed_stimuli/podcast_37_envelope.npy,sub-085_ses-varyingStories10_task-listeningActive_run-02_eeg.bdf.gz,sub-085,ses-varyingStories10,podcast_37,PASS_VIRTUAL_INITIAL_QC,54690,158,0,WITHIN_3S_ADVISORY,64,PUBLISHER_CONSUMPTION_CONTRACT,0,1,UNASSIGNED,0,0,0.0,UNKNOWN,UNKNOWN,
sub-085_ses-varyingStories10_task-listeningActive_run-03_eeg.bdf.gz,/home/fanyu/auditory_simulation_m6a/pub_01/s06/sparrkulee_v3.1/raw/derivatives/preprocessed_eeg/sub-085/ses-varyingStories10/sub-085_ses-varyingStories10_task-listeningActive_run-03_desc-preproc-audio-podcast_36_eeg.npy,/home/fanyu/auditory_simulation_m6a/pub_01/s06/sparrkulee_v3.1/raw/derivatives/preprocessed_stimuli/podcast_36_envelope.npy,sub-085_ses-varyingStories10_task-listeningActive_run-03_eeg.bdf.gz,sub-085,ses-varyingStories10,podcast_36,PASS_VIRTUAL_INITIAL_QC,59111,153,0,WITHIN_3S_ADVISORY,64,PUBLISHER_CONSUMPTION_CONTRACT,0,1,UNASSIGNED,0,0,0.0,UNKNOWN,UNKNOWN,
sub-085_ses-varyingStories10_task-listeningActive_run-04_eeg.bdf.gz,/home/fanyu/auditory_simulation_m6a/pub_01/s06/sparrkulee_v3.1/raw/derivatives/preprocessed_eeg/sub-085/ses-varyingStories10/sub-085_ses-varyingStories10_task-listeningActive_run-04_desc-preproc-audio-podcast_35_eeg.npy,/home/fanyu/auditory_simulation_m6a/pub_01/s06/sparrkulee_v3.1/raw/derivatives/preprocessed_stimuli/podcast_35_envelope.npy,sub-085_ses-varyingStories10_task-listeningActive_run-04_eeg.bdf.gz,sub-085,ses-varyingStories10,podcast_35,PASS_VIRTUAL_INITIAL_QC,59915,181,0,WITHIN_3S_ADVISORY,64,PUBLISHER_CONSUMPTION_CONTRACT,0,1,UNASSIGNED,0,0,0.0,UNKNOWN,UNKNOWN,
sub-085_ses-varyingStories10_task-listeningActive_run-05_eeg.bdf.gz,/home/fanyu/auditory_simulation_m6a/pub_01/s06/sparrkulee_v3.1/raw/derivatives/preprocessed_eeg/sub-085/ses-varyingStories10/sub-085_ses-varyingStories10_task-listeningActive_run-05_desc-preproc-audio-audiobook_1_eeg.npy,/home/fanyu/auditory_simulation_m6a/pub_01/s06/sparrkulee_v3.1/raw/derivatives/preprocessed_stimuli/audiobook_1_envelope.npy,sub-085_ses-varyingStories10_task-listeningActive_run-05_eeg.bdf.gz,sub-085,ses-varyingStories10,audiobook_1,PASS_VIRTUAL_INITIAL_QC,59958,138,0,WITHIN_3S_ADVISORY,64,PUBLISHER_CONSUMPTION_CONTRACT,0,1,UNASSIGNED,0,0,0.0,UNKNOWN,UNKNOWN,
sub-085_ses-varyingStories10_task-listeningActive_run-06_eeg.bdf.gz,/home/fanyu/auditory_simulation_m6a/pub_01/s06/sparrkulee_v3.1/raw/derivatives/preprocessed_eeg/sub-085/ses-varyingStories10/sub-085_ses-varyingStories10_task-listeningActive_run-06_desc-preproc-audio-audiobook_14_1_eeg.npy,/home/fanyu/auditory_simulation_m6a/pub_01/s06/sparrkulee_v3.1/raw/derivatives/preprocessed_stimuli/audiobook_14_1_envelope.npy,sub-085_ses-varyingStories10_task-listeningActive_run-06_eeg.bdf.gz,sub-085,ses-varyingStories10,audiobook_14_1,PASS_VIRTUAL_INITIAL_QC,67344,176,0,WITHIN_3S_ADVISORY,64,PUBLISHER_CONSUMPTION_CONTRACT,0,1,UNASSIGNED,0,0,0.0,UNKNOWN,UNKNOWN,
sub-085_ses-varyingStories10_task-listeningActive_run-07_eeg.bdf.gz,/home/fanyu/auditory_simulation_m6a/pub_01/s06/sparrkulee_v3.1/raw/derivatives/preprocessed_eeg/sub-085/ses-varyingStories10/sub-085_ses-varyingStories10_task-listeningActive_run-07_desc-preproc-audio-audiobook_14_2_eeg.npy,/home/fanyu/auditory_simulation_m6a/pub_01/s06/sparrkulee_v3.1/raw/derivatives/preprocessed_stimuli/audiobook_14_2_envelope.npy,sub-085_ses-varyingStories10_task-listeningActive_run-07_eeg.bdf.gz,sub-085,ses-varyingStories10,audiobook_14_2,PASS_VIRTUAL_INITIAL_QC,73488,176,0,WITHIN_3S_ADVISORY,64,PUBLISHER_CONSUMPTION_CONTRACT,0,1,UNASSIGNED,0,0,0.0,UNKNOWN,UNKNOWN,
